index,ID,stereo,satellite,satellite location,request location,time,area,strips,duration,distance,angle,sun elevation,cloud cover estimate,priority,priority mod,customer type mod,price,waiting time,uncertainty,cloud cover real,score_scenario,score_method,score_alpha
0,0668,0,0,"[63.29180450995059, 7.617544349227848]","[np.float64(60.38358141677607), np.float64(5.086849104259948)]",2026-06-13 10:32:10,466.7906703753182,1,4.5849181289518635,349.52586500414486,26.731634017070323,51.03048113837548,4.710917415608993,2,2,2,998,11,0.03622685185185185,4.928278526720104,0.7655703289013296,ELECTRE-III,1
1,0668,0,0,"[62.71395684578917, 7.156670077905245]","[np.float64(60.38358141677607), np.float64(5.086849104259948)]",2026-06-13 10:32:20,466.7906703753182,1,4.5849181289518635,281.3351392933058,22.066750033295403,51.039210120134754,4.710917415608993,2,2,2,998,11,0.03634259259259259,4.347491489683067,0.7655703289013296,ELECTRE-III,1
2,0668,0,0,"[62.134913898522996, 6.711892001135423]","[np.float64(60.38358141677607), np.float64(5.086849104259948)]",2026-06-13 10:32:30,466.7906703753182,1,4.5849181289518635,213.22782008070897,17.07929789624004,51.047922026421105,1.7109174156089928,2,2,2,998,11,0.036458333333333336,1.528625748942326,0.7655703289013296,ELECTRE-III,1
3,0668,0,0,"[61.55474397004377, 6.282253038660934]","[np.float64(60.38358141677607), np.float64(5.086849104259948)]",2026-06-13 10:32:40,466.7906703753182,1,4.5849181289518635,145.32178543986714,11.82670618056127,51.05661344213995,5.710917415608993,2,2,2,998,11,0.03657407407407407,5.747491489683067,0.7655703289013296,ELECTRE-III,1
4,0668,0,0,"[60.97352219243237, 5.8668665465501455]","[np.float64(60.38358141677607), np.float64(5.086849104259948)]",2026-06-13 10:32:50,466.7906703753182,1,4.5849181289518635,78.14765593236832,6.4247100767892755,51.06528436729128,0.7109174156089928,2,2,2,998,11,0.036689814814814814,0.8943664896830669,0.7655703289013296,ELECTRE-III,1
5,0668,0,0,"[60.39130320720214, 5.464911621442188]","[np.float64(60.38358141677607), np.float64(5.086849104259948)]",2026-06-13 10:33:00,466.7906703753182,1,4.5849181289518635,20.79039057944135,1.7159156795720134,51.07393821696968,1.7109174156089928,2,2,2,998,11,0.03680555555555556,1.7109174156089928,0.7655703289013296,ELECTRE-III,1
6,0668,0,0,"[59.80814848605562, 5.07562755101825]","[np.float64(60.38358141677607), np.float64(5.086849104259948)]",2026-06-13 10:33:10,466.7906703753182,1,4.5849181289518635,63.98833660265355,5.2679035042768465,51.08257157608058,0.7109174156089928,2,2,2,998,11,0.0369212962962963,0.4524683415349187,0.7655703289013296,ELECTRE-III,1
7,0668,0,0,"[59.224105840317, 4.6983069838124125]","[np.float64(60.38358141677607), np.float64(5.086849104259948)]",2026-06-13 10:33:20,466.7906703753182,1,4.5849181289518635,130.74576759695498,10.669156487485772,51.09118444462396,0.0,2,2,2,998,11,0.037037037037037035,0.2962962962962963,0.7655703289013296,ELECTRE-III,1
8,0668,0,0,"[58.63923674168881, 4.332292941003884]","[np.float64(60.38358141677607), np.float64(5.086849104259948)]",2026-06-13 10:33:30,466.7906703753182,1,4.5849181289518635,198.57559888624158,15.967519744545726,51.099780237694425,0.0,2,2,2,998,11,0.03715277777777778,0.26006944444444446,0.7655703289013296,ELECTRE-III,1
9,0908,0,0,"[58.63923674168881, 4.332292941003884]","[np.float64(56.85498003448757), np.float64(10.09099112855863)]",2026-06-13 10:33:30,126.91199263812258,1,7.6219022890157735,394.95004052377294,29.64387005793354,55.33873224038774,13.209077890998444,3,3,3,1319,6,0.03715277777777778,13.43199455766511,0.37508747375787266,ELECTRE-III,1
10,0668,0,0,"[58.05358217130607, 3.976974120661951]","[np.float64(60.38358141677607), np.float64(5.086849104259948)]",2026-06-13 10:33:40,466.7906703753182,1,4.5849181289518635,266.6616276194884,21.01870528522662,51.10835212510279,0.0,2,2,2,998,11,0.03726851851851852,0.0,0.7655703289013296,ELECTRE-III,1
11,0908,0,0,"[58.05358217130607, 3.976974120661951]","[np.float64(56.85498003448757), np.float64(10.09099112855863)]",2026-06-13 10:33:40,126.91199263812258,1,7.6219022890157735,389.0987239830114,29.277648665591673,55.346091769218425,11.209077890998444,3,3,3,1319,6,0.03726851851851852,11.209077890998444,0.37508747375787266,ELECTRE-III,1
12,0094,0,0,"[57.46718311030379, 3.6317802019909142]","[np.float64(55.14931047733401), np.float64(-1.225701160577773)]",2026-06-13 10:33:50,446.6818814097672,1,3.0148255599348426,395.0561138900931,29.650484556748697,53.88696528701777,17.205398841777342,2,2,2,941,3,0.037384259259259256,17.39232013807364,0.13750874737578728,ELECTRE-III,1
13,0465,0,0,"[57.46718311030379, 3.6317802019909142]","[np.float64(55.46514899939226), np.float64(-1.153104120291097)]",2026-06-13 10:33:50,265.2945688675894,1,2.3661662685945197,368.5717456180456,27.972020792578466,53.6594858367105,13.83085872292998,1,1,1,1214,4,0.037384259259259256,13.643937426633684,0.18754373687893633,ELECTRE-III,1
14,0668,0,0,"[57.46718311030379, 3.6317802019909142]","[np.float64(60.38358141677607), np.float64(5.086849104259948)]",2026-06-13 10:33:50,466.7906703753182,1,4.5849181289518635,334.84843131968876,25.756869317776573,51.11691035213282,3.710917415608993,2,2,2,998,11,0.037384259259259256,3.598764637831215,0.7655703289013296,ELECTRE-III,1
15,0908,0,0,"[57.46718311030379, 3.6317802019909142]","[np.float64(56.85498003448757), np.float64(10.09099112855863)]",2026-06-13 10:33:50,126.91199263812258,1,7.6219022890157735,395.228258183293,29.66121724134296,55.35342397729244,14.209077890998444,3,3,3,1319,6,0.037384259259259256,13.947388076183628,0.37508747375787266,ELECTRE-III,1
16,0094,0,0,"[56.88007712472242, 3.296180351226219]","[np.float64(55.14931047733401), np.float64(-1.225701160577773)]",2026-06-13 10:34:00,446.6818814097672,1,3.0148255599348426,340.5286145390034,26.136043358333545,53.90132575974773,17.205398841777342,2,2,2,941,3,0.0375,17.09289884177734,0.13750874737578728,ELECTRE-III,1
17,0465,0,0,"[56.88007712472242, 3.296180351226219]","[np.float64(55.46514899939226), np.float64(-1.153104120291097)]",2026-06-13 10:34:00,265.2945688675894,1,2.3661662685945197,317.10015512448746,24.556450030371494,53.67361408300867,15.83085872292998,1,1,1,1214,4,0.0375,16.09335872292998,0.18754373687893633,ELECTRE-III,1
18,0668,0,0,"[56.88007712472242, 3.296180351226219]","[np.float64(60.38358141677607), np.float64(5.086849104259948)]",2026-06-13 10:34:00,466.7906703753182,1,4.5849181289518635,403.0857323197898,30.148670022318974,51.12544467350075,0.7109174156089928,2,2,2,998,11,0.0375,0.6359174156089928,0.7655703289013296,ELECTRE-III,1
19,0094,0,0,"[56.29230861079156, 2.969677885549157]","[np.float64(55.14931047733401), np.float64(-1.225701160577773)]",2026-06-13 10:34:10,446.6818814097672,1,3.0148255599348426,291.8076942361302,22.805399158229456,53.91566574191017,11.205398841777342,2,2,2,941,3,0.03761574074074074,11.431093286221786,0.13750874737578728,ELECTRE-III,1
20,0459,1,0,"[56.29230861079156, 2.969677885549157]","[np.float64(53.74478430611913), np.float64(-0.9365127738544263)]",2026-06-13 10:34:10,529.029903971248,1,4.396221526108151,377.0461493753172,28.514975113736657,55.13318111241079,15.332698247540531,1,1,1,777,5,0.03761574074074074,14.956540840133123,0.2722183344996501,ELECTRE-III,1
21,0465,0,0,"[56.29230861079156, 2.969677885549157]","[np.float64(55.46514899939226), np.float64(-1.153104120291097)]",2026-06-13 10:34:10,265.2945688675894,1,2.3661662685945197,273.0582284180795,21.47743784277943,53.687721838739336,10.83085872292998,1,1,1,1214,4,0.03761574074074074,11.169400389596646,0.18754373687893633,ELECTRE-III,1
22,0094,0,0,"[55.703911719457054, 2.6518092058698146]","[np.float64(55.14931047733401), np.float64(-1.225701160577773)]",2026-06-13 10:34:20,446.6818814097672,1,3.0148255599348426,252.28147088178514,19.977115045071088,53.92998864859968,10.205398841777342,2,2,2,941,3,0.037731481481481484,10.016741434369935,0.13750874737578728,ELECTRE-III,1
23,0459,1,0,"[55.703911719457054, 2.6518092058698146]","[np.float64(53.74478430611913), np.float64(-0.9365127738544263)]",2026-06-13 10:34:20,529.029903971248,1,4.396221526108151,317.02735529201,24.551477630187758,55.14826558519276,8.332698247540531,1,1,1,777,5,0.037731481481481484,8.634550099392383,0.2722183344996501,ELECTRE-III,1
24,0465,0,0,"[55.703911719457054, 2.6518092058698146]","[np.float64(55.46514899939226), np.float64(-1.153104120291097)]",2026-06-13 10:34:20,265.2945688675894,1,2.3661662685945197,240.5631388745718,19.117992278639555,53.701809103902484,10.83085872292998,1,1,1,1214,4,0.037731481481481484,10.981784648855905,0.18754373687893633,ELECTRE-III,1
25,0542,0,0,"[55.703911719457054, 2.6518092058698146]","[np.float64(53.82691247916946), np.float64(-2.496038888896625)]",2026-06-13 10:34:20,943.6870259769511,2,7.742601925281453,390.5162672422625,29.36661238400133,54.50684935042604,14.209077890998444,4,4,3,695,6,0.037731481481481484,13.86949455766511,0.37508747375787266,ELECTRE-III,1
26,0094,0,0,"[55.11491377147559, 2.3421405951758953]","[np.float64(55.14931047733401), np.float64(-1.225701160577773)]",2026-06-13 10:34:30,446.6818814097672,1,3.0148255599348426,226.81056826763478,18.098239908248352,53.94429106472169,17.205398841777342,2,2,2,941,3,0.03784722222222222,17.470329397332897,0.13750874737578728,ELECTRE-III,1
27,0280,1,0,"[55.11491377147559, 2.3421405951758953]","[np.float64(53.07230810866586), np.float64(-1.970399301287497)]",2026-06-13 10:34:30,836.9095854207065,1,3.6959289929820596,361.3800959851959,27.506921492235517,55.302327332111574,10.078099436014156,4,4,3,915,4,0.03784722222222222,9.699627213791935,0.18754373687893633,ELECTRE-III,1
28,0459,1,0,"[55.11491377147559, 2.3421405951758953]","[np.float64(53.74478430611913), np.float64(-0.9365127738544263)]",2026-06-13 10:34:30,529.029903971248,1,4.396221526108151,261.07845653652805,20.615985591761714,55.163329567407224,12.332698247540531,1,1,1,777,5,0.03784722222222222,11.95422602531831,0.2722183344996501,ELECTRE-III,1
29,0465,0,0,"[55.11491377147559, 2.3421405951758953]","[np.float64(55.46514899939226), np.float64(-1.153104120291097)]",2026-06-13 10:34:30,265.2945688675894,1,2.3661662685945197,224.68354096966175,17.93943801952183,53.71587929359271,7.83085872292998,1,1,1,1214,4,0.03784722222222222,7.9822476118188685,0.18754373687893633,ELECTRE-III,1
30,0542,0,0,"[55.11491377147559, 2.3421405951758953]","[np.float64(53.82691247916946), np.float64(-2.496038888896625)]",2026-06-13 10:34:30,943.6870259769511,2,7.742601925281453,343.77676728967486,26.351771057863342,54.52262025721959,6.209077890998444,4,4,3,695,6,0.03784722222222222,6.209077890998444,0.37508747375787266,ELECTRE-III,1
31,0940,0,0,"[55.11491377147559, 2.3421405951758953]","[np.float64(52.73948727309736), np.float64(-1.363106448569343)]",2026-06-13 10:34:30,444.57261379225804,1,5.781826865361175,358.53873519934615,27.322071154324338,55.79192895219643,2.4599976533037182,1,1,1,829,13,0.03784722222222222,2.6870809866370515,0.9188243526941917,ELECTRE-III,1
32,0094,0,0,"[54.52534891779302, 2.0402656572117843]","[np.float64(55.14931047733401), np.float64(-1.225701160577773)]",2026-06-13 10:34:40,446.6818814097672,1,3.0148255599348426,220.32660156505813,17.61326343539334,53.958569575181606,8.205398841777342,2,2,2,941,3,0.03796296296296296,7.863732175110675,0.13750874737578728,ELECTRE-III,1
33,0280,1,0,"[54.52534891779302, 2.0402656572117843]","[np.float64(53.07230810866586), np.float64(-1.970399301287497)]",2026-06-13 10:34:40,836.9095854207065,1,3.6959289929820596,308.9343982713452,23.996257941417984,55.318333880431496,14.078099436014156,4,4,3,915,4,0.03796296296296296,13.774395732310452,0.18754373687893633,ELECTRE-III,1
34,0459,1,0,"[54.52534891779302, 2.0402656572117843]","[np.float64(53.74478430611913), np.float64(-0.9365127738544263)]",2026-06-13 10:34:40,529.029903971248,1,4.396221526108151,212.4418683789117,17.0199888201458,55.17837305905418,7.332698247540531,1,1,1,777,5,0.03796296296296296,7.522513062355346,0.2722183344996501,ELECTRE-III,1
34,0459,1,0,"[54.52534891779302, 2.0402656572117843]","[np.float64(53.74478430611913), np.float64(-0.9365127738544263)]",2026-06-13 10:34:40,529.029903971248,1,4.396221526108151,212.4418683789117,17.0199888201458,55.17837305905418,7.332698247540531,1,1,1,777,5,0.03796296296296296,7.522513062355346,0.2722183344996501,ELECTRE-III,1
35,0465,0,0,"[54.52534891779302, 2.0402656572117843]","[np.float64(55.46514899939226), np.float64(-1.153104120291097)]",2026-06-13 10:34:40,265.2945688675894,1,2.3661662685945197,228.90559953720575,18.254372290794844,53.72992557762084,12.83085872292998,1,1,1,1214,4,0.03796296296296296,12.641043908115165,0.18754373687893633,ELECTRE-III,1
36,0542,0,0,"[54.52534891779302, 2.0402656572117843]","[np.float64(53.82691247916946), np.float64(-2.496038888896625)]",2026-06-13 10:34:40,943.6870259769511,2,7.742601925281453,305.2147149403317,23.739444660451525,54.53837408854023,6.209077890998444,4,4,3,695,6,0.03796296296296296,5.981300113220666,0.37508747375787266,ELECTRE-III,1
37,0940,0,0,"[54.52534891779302, 2.0402656572117843]","[np.float64(52.73948727309736), np.float64(-1.363106448569343)]",2026-06-13 10:34:40,444.57261379225804,1,5.781826865361175,299.58767101625364,23.349013427696377,55.80786378353007,2.4599976533037182,1,1,1,829,13,0.03796296296296296,2.2701828384889033,0.9188243526941917,ELECTRE-III,1
38,0094,0,0,"[53.93524789426059, 1.7458030753227234]","[np.float64(55.14931047733401), np.float64(-1.225701160577773)]",2026-06-13 10:34:50,446.6818814097672,1,3.0148255599348426,234.41179053915687,18.663381873726994,53.97283101016859,10.205398841777342,2,2,2,941,3,0.038078703703703705,9.976926619555119,0.13750874737578728,ELECTRE-III,1
39,0280,1,0,"[53.93524789426059, 1.7458030753227234]","[np.float64(53.07230810866586), np.float64(-1.970399301287497)]",2026-06-13 10:34:50,836.9095854207065,1,3.6959289929820596,263.80008965480624,20.81256858105379,55.3343233532785,10.078099436014156,4,4,3,915,4,0.038078703703703705,9.849627213791933,0.18754373687893633,ELECTRE-III,1
40,0459,1,0,"[53.93524789426059, 1.7458030753227234]","[np.float64(53.74478430611913), np.float64(-0.9365127738544263)]",2026-06-13 10:34:50,529.029903971248,1,4.396221526108151,177.24493425588454,14.326862217218974,55.19339606013362,16.33269824754053,1,1,1,777,5,0.038078703703703705,16.294619543836827,0.2722183344996501,ELECTRE-III,1
40,0459,1,0,"[53.93524789426059, 1.7458030753227234]","[np.float64(53.74478430611913), np.float64(-0.9365127738544263)]",2026-06-13 10:34:50,529.029903971248,1,4.396221526108151,177.24493425588454,14.326862217218974,55.19339606013362,16.33269824754053,1,1,1,777,5,0.038078703703703705,16.294619543836827,0.2722183344996501,ELECTRE-III,1
41,0465,0,0,"[53.93524789426059, 1.7458030753227234]","[np.float64(55.46514899939226), np.float64(-1.153104120291097)]",2026-06-13 10:34:50,265.2945688675894,1,2.3661662685945197,252.22302987967623,19.972853271371964,53.74395478617605,8.83085872292998,1,1,1,1214,4,0.038078703703703705,9.059330945152203,0.18754373687893633,ELECTRE-III,1
42,0542,0,0,"[53.93524789426059, 1.7458030753227234]","[np.float64(53.82691247916946), np.float64(-2.496038888896625)]",2026-06-13 10:34:50,943.6870259769511,2,7.742601925281453,278.25240834737394,21.847827208852372,54.55410401419877,10.209077890998444,4,4,3,695,6,0.038078703703703705,10.323314002109555,0.37508747375787266,ELECTRE-III,1
43,0940,0,0,"[53.93524789426059, 1.7458030753227234]","[np.float64(52.73948727309736), np.float64(-1.363106448569343)]",2026-06-13 10:34:50,444.57261379225804,1,5.781826865361175,245.49905671037627,19.480980593670033,55.82377470920161,6.459997653303718,1,1,1,829,13,0.038078703703703705,6.57423376441483,0.9188243526941917,ELECTRE-III,1
44,0094,0,0,"[53.344631191445835, 1.4583957586811684]","[np.float64(55.14931047733401), np.float64(-1.225701160577773)]",2026-06-13 10:35:00,446.6818814097672,1,3.0148255599348426,265.8178693439424,20.95798239507553,53.98707195458807,8.205398841777342,2,2,2,941,3,0.03819444444444445,8.510954397332897,0.13750874737578728,ELECTRE-III,1
45,0280,1,0,"[53.344631191445835, 1.4583957586811684]","[np.float64(53.07230810866586), np.float64(-1.970399301287497)]",2026-06-13 10:35:00,836.9095854207065,1,3.6959289929820596,230.31774264631605,18.35945440621932,55.35029233555799,9.078099436014156,4,4,3,915,4,0.03819444444444445,8.696154991569712,0.18754373687893633,ELECTRE-III,1
45,0280,1,0,"[53.344631191445835, 1.4583957586811684]","[np.float64(53.07230810866586), np.float64(-1.970399301287497)]",2026-06-13 10:35:00,836.9095854207065,1,3.6959289929820596,230.31774264631605,18.35945440621932,55.35029233555799,9.078099436014156,4,4,3,915,4,0.03819444444444445,8.696154991569712,0.18754373687893633,ELECTRE-III,1
46,0459,1,0,"[53.344631191445835, 1.4583957586811684]","[np.float64(53.74478430611913), np.float64(-0.9365127738544263)]",2026-06-13 10:35:00,529.029903971248,1,4.396221526108151,164.36315478907932,13.324119578031322,55.208398570645556,7.332698247540531,1,1,1,777,5,0.03819444444444445,7.218114914207198,0.2722183344996501,ELECTRE-III,1
46,0459,1,0,"[53.344631191445835, 1.4583957586811684]","[np.float64(53.74478430611913), np.float64(-0.9365127738544263)]",2026-06-13 10:35:00,529.029903971248,1,4.396221526108151,164.36315478907932,13.324119578031322,55.208398570645556,7.332698247540531,1,1,1,777,5,0.03819444444444445,7.218114914207198,0.2722183344996501,ELECTRE-III,1
47,0465,0,0,"[53.344631191445835, 1.4583957586811684]","[np.float64(55.46514899939226), np.float64(-1.153104120291097)]",2026-06-13 10:35:00,265.2945688675894,1,2.3661662685945197,290.0683790504498,22.6832674676792,53.75796350416374,7.83085872292998,1,1,1,1214,4,0.03819444444444445,7.716275389596647,0.18754373687893633,ELECTRE-III,1
48,0542,0,0,"[53.344631191445835, 1.4583957586811684]","[np.float64(53.82691247916946), np.float64(-2.496038888896625)]",2026-06-13 10:35:00,943.6870259769511,2,7.742601925281453,266.4364614605004,21.002505546146544,54.569816864384386,12.209077890998444,4,4,3,695,6,0.03819444444444445,11.865327890998444,0.37508747375787266,ELECTRE-III,1
49,0940,0,0,"[53.344631191445835, 1.4583957586811684]","[np.float64(52.73948727309736), np.float64(-1.363106448569343)]",2026-06-13 10:35:00,444.57261379225804,1,5.781826865361175,200.2537686253779,16.095500591497416,55.83966172921106,3.4599976533037182,1,1,1,829,13,0.03819444444444445,3.154442097748163,0.9188243526941917,ELECTRE-III,1
50,0094,0,0,"[52.75352954520001, 1.1777079608007308]","[np.float64(55.14931047733401), np.float64(-1.225701160577773)]",2026-06-13 10:35:10,446.6818814097672,1,3.0148255599348426,309.3138701431604,24.022400018106808,54.00129582353462,9.205398841777342,2,2,2,941,3,0.03831018518518518,9.243709026962527,0.13750874737578728,ELECTRE-III,1
51,0280,1,0,"[52.75352954520001, 1.1777079608007308]","[np.float64(53.07230810866586), np.float64(-1.970399301287497)]",2026-06-13 10:35:10,836.9095854207065,1,3.6959289929820596,214.02950407804997,17.139755312989458,55.36623741217538,6.078099436014156,4,4,3,915,4,0.03831018518518518,6.116409621199342,0.18754373687893633,ELECTRE-III,1
51,0280,1,0,"[52.75352954520001, 1.1777079608007308]","[np.float64(53.07230810866586), np.float64(-1.970399301287497)]",2026-06-13 10:35:10,836.9095854207065,1,3.6959289929820596,214.02950407804997,17.139755312989458,55.36623741217538,6.078099436014156,4,4,3,915,4,0.03831018518518518,6.116409621199342,0.18754373687893633,ELECTRE-III,1
52,0459,1,0,"[52.75352954520001, 1.1777079608007308]","[np.float64(53.74478430611913), np.float64(-0.9365127738544263)]",2026-06-13 10:35:10,529.029903971248,1,4.396221526108151,178.69151141351387,14.438920762308841,55.22337717549539,11.332698247540531,1,1,1,777,5,0.03831018518518518,11.562559358651642,0.2722183344996501,ELECTRE-III,1
52,0459,1,0,"[52.75352954520001, 1.1777079608007308]","[np.float64(53.74478430611913), np.float64(-0.9365127738544263)]",2026-06-13 10:35:10,529.029903971248,1,4.396221526108151,178.69151141351387,14.438920762308841,55.22337717549539,11.332698247540531,1,1,1,777,5,0.03831018518518518,11.562559358651642,0.2722183344996501,ELECTRE-III,1
53,0465,0,0,"[52.75352954520001, 1.1777079608007308]","[np.float64(55.46514899939226), np.float64(-1.153104120291097)]",2026-06-13 10:35:10,265.2945688675894,1,2.3661662685945197,337.5912485038682,25.94026777679095,53.77195173158393,12.83085872292998,1,1,1,1214,4,0.03831018518518518,12.98409946367072,0.18754373687893633,ELECTRE-III,1
54,0542,0,0,"[52.75352954520001, 1.1777079608007308]","[np.float64(53.82691247916946), np.float64(-2.496038888896625)]",2026-06-13 10:35:10,943.6870259769511,2,7.742601925281453,271.7512766449688,21.383942162972197,54.585509224002486,10.209077890998444,4,4,3,695,6,0.03831018518518518,10.324008446554,0.37508747375787266,ELECTRE-III,1
55,0561,0,0,"[52.75352954520001, 1.1777079608007308]","[np.float64(51.47204811570061), np.float64(-4.163952437703571)]",2026-06-13 10:35:10,688.3040266170444,1,5.931567573804555,391.4863465066913,29.427404234125035,55.66007215026933,8.081778485235255,2,2,2,600,12,0.03831018518518518,8.081778485235255,0.8369489153254024,ELECTRE-III,1
56,0853,0,0,"[52.75352954520001, 1.1777079608007308]","[np.float64(51.23110964035691), np.float64(6.530698714847926)]",2026-06-13 10:35:10,211.40592195436892,1,4.804354767322866,403.593458966569,30.180003690257525,59.783409540881834,5.954479079472067,4,4,3,996,3,0.03831018518518518,5.801238338731326,0.13750874737578728,ELECTRE-III,1
57,0940,0,0,"[52.75352954520001, 1.1777079608007308]","[np.float64(52.73948727309736), np.float64(-1.363106448569343)]",2026-06-13 10:35:10,444.57261379225804,1,5.781826865361175,171.02328316713684,13.843635709660802,55.855531673747585,3.4599976533037182,1,1,1,829,13,0.03831018518518518,3.1152059866370516,0.9188243526941917,ELECTRE-III,1
58,0094,0,0,"[52.16196344609062, 0.9034238921540033]","[np.float64(55.14931047733401), np.float64(-1.225701160577773)]",2026-06-13 10:35:20,446.6818814097672,1,3.0148255599348426,360.55164189287433,27.45308867288395,54.01549578681907,13.205398841777342,2,2,2,941,3,0.038425925925925926,13.474380323258824,0.13750874737578728,ELECTRE-III,1
59,0280,1,0,"[52.16196344609062, 0.9034238921540033]","[np.float64(53.07230810866586), np.float64(-1.970399301287497)]",2026-06-13 10:35:20,836.9095854207065,1,3.6959289929820596,218.81107234761328,17.499527876043583,55.38216541331985,7.078099436014156,4,4,3,915,4,0.038425925925925926,7.347080917495638,0.18754373687893633,ELECTRE-III,1
59,0280,1,0,"[52.16196344609062, 0.9034238921540033]","[np.float64(53.07230810866586), np.float64(-1.970399301287497)]",2026-06-13 10:35:20,836.9095854207065,1,3.6959289929820596,218.81107234761328,17.499527876043583,55.38216541331985,7.078099436014156,4,4,3,915,4,0.038425925925925926,7.347080917495638,0.18754373687893633,ELECTRE-III,1
60,0459,1,0,"[52.16196344609062, 0.9034238921540033]","[np.float64(53.74478430611913), np.float64(-0.9365127738544263)]",2026-06-13 10:35:20,529.029903971248,1,4.396221526108151,214.85498653557318,17.20196635216399,55.238338704872305,9.332698247540531,1,1,1,777,5,0.038425925925925926,8.986864914207198,0.2722183344996501,ELECTRE-III,1
60,0459,1,0,"[52.16196344609062, 0.9034238921540033]","[np.float64(53.74478430611913), np.float64(-0.9365127738544263)]",2026-06-13 10:35:20,529.029903971248,1,4.396221526108151,214.85498653557318,17.20196635216399,55.238338704872305,9.332698247540531,1,1,1,777,5,0.038425925925925926,8.986864914207198,0.2722183344996501,ELECTRE-III,1
61,0465,0,0,"[52.16196344609062, 0.9034238921540033]","[np.float64(55.46514899939226), np.float64(-1.153104120291097)]",2026-06-13 10:35:20,265.2945688675894,1,2.3661662685945197,391.2823063862839,29.41462371034221,53.7859194684366,9.83085872292998,1,1,1,1214,4,0.038425925925925926,9.63872909330035,0.18754373687893633,ELECTRE-III,1
62,0542,0,0,"[52.16196344609062, 0.9034238921540033]","[np.float64(53.82691247916946), np.float64(-2.496038888896625)]",2026-06-13 10:35:20,943.6870259769511,2,7.742601925281453,293.2683264396646,22.907793416798206,54.601181093053086,6.209077890998444,4,4,3,695,6,0.038425925925925926,6.362781594702147,0.37508747375787266,ELECTRE-III,1
63,0561,0,0,"[52.16196344609062, 0.9034238921540033]","[np.float64(51.47204811570061), np.float64(-4.163952437703571)]",2026-06-13 10:35:20,688.3040266170444,1,5.931567573804555,356.5888860830607,27.194862107169545,55.678185811948204,13.081778485235255,2,2,2,600,12,0.038425925925925926,13.043352559309328,0.8369489153254024,ELECTRE-III,1
64,0853,0,0,"[52.16196344609062, 0.9034238921540033]","[np.float64(51.23110964035691), np.float64(6.530698714847926)]",2026-06-13 10:35:20,211.40592195436892,1,4.804354767322866,401.29864036419474,30.03822360753141,59.79547848514525,5.954479079472067,4,4,3,996,3,0.038425925925925926,6.185034635027622,0.13750874737578728,ELECTRE-III,1
65,0940,0,0,"[52.16196344609062, 0.9034238921540033]","[np.float64(52.73948727309736), np.float64(-1.363106448569343)]",2026-06-13 10:35:20,444.57261379225804,1,5.781826865361175,166.4709658467579,13.488782861671938,55.871377712622014,2.4599976533037182,1,1,1,829,13,0.038425925925925926,2.1910161718222367,0.9188243526941917,ELECTRE-III,1
66,0280,1,0,"[51.56995338468518, 0.6352467596772077]","[np.float64(53.07230810866586), np.float64(-1.970399301287497)]",2026-06-13 10:35:30,836.9095854207065,1,3.6959289929820596,243.4256609651884,19.328698926536163,55.39806950880222,15.078099436014156,4,4,3,915,4,0.03854166666666667,15.309349436014156,0.18754373687893633,ELECTRE-III,1
66,0280,1,0,"[51.56995338468518, 0.6352467596772077]","[np.float64(53.07230810866586), np.float64(-1.970399301287497)]",2026-06-13 10:35:30,836.9095854207065,1,3.6959289929820596,243.4256609651884,19.328698926536163,55.39806950880222,15.078099436014156,4,4,3,915,4,0.03854166666666667,15.309349436014156,0.18754373687893633,ELECTRE-III,1
67,0459,1,0,"[51.56995338468518, 0.6352467596772077]","[np.float64(53.74478430611913), np.float64(-0.9365127738544263)]",2026-06-13 10:35:30,529.029903971248,1,4.396221526108151,264.03037307083815,20.8291784733539,55.25327632858713,16.33269824754053,1,1,1,777,5,0.03854166666666667,16.56394824754053,0.2722183344996501,ELECTRE-III,1
68,0542,0,0,"[51.56995338468518, 0.6352467596772077]","[np.float64(53.82691247916946), np.float64(-2.496038888896625)]",2026-06-13 10:35:30,943.6870259769511,2,7.742601925281453,327.8138955774204,25.283910371862394,54.61683588663075,9.209077890998444,4,4,3,695,6,0.03854166666666667,8.977827890998444,0.37508747375787266,ELECTRE-III,1
69,0561,0,0,"[51.56995338468518, 0.6352467596772077]","[np.float64(51.47204811570061), np.float64(-4.163952437703571)]",2026-06-13 10:35:30,688.3040266170444,1,5.931567573804555,332.16890550348324,25.577154107264196,55.69627556796498,8.081778485235255,2,2,2,600,12,0.03854166666666667,7.8890701519019215,0.8369489153254024,ELECTRE-III,1
70,0940,0,0,"[51.56995338468518, 0.6352467596772077]","[np.float64(52.73948727309736), np.float64(-1.363106448569343)]",2026-06-13 10:35:30,444.57261379225804,1,5.781826865361175,188.39633865711932,15.187752674275542,55.88720667602352,2.4599976533037182,1,1,1,829,13,0.03854166666666667,2.1131226533037184,0.9188243526941917,ELECTRE-III,1
71,0280,1,0,"[50.977526681740365, 0.3728968991403436]","[np.float64(53.07230810866586), np.float64(-1.970399301287497)]",2026-06-13 10:35:40,836.9095854207065,1,3.6959289929820596,282.74087045954127,22.16635500698728,55.41395311371709,8.078099436014156,4,4,3,915,4,0.038657407407407404,8.232729065643786,0.18754373687893633,ELECTRE-III,1
72,0459,1,0,"[50.977526681740365, 0.3728968991403436]","[np.float64(53.74478430611913), np.float64(-0.9365127738544263)]",2026-06-13 10:35:40,529.029903971248,1,4.396221526108151,320.27965803386184,24.77323250898863,55.268193461734434,15.332698247540531,1,1,1,777,5,0.038657407407407404,15.525985284577567,0.2722183344996501,ELECTRE-III,1
73,0542,0,0,"[50.977526681740365, 0.3728968991403436]","[np.float64(53.82691247916946), np.float64(-2.496038888896625)]",2026-06-13 10:35:40,943.6870259769511,2,7.742601925281453,371.7742135640201,28.17785234818674,54.63246677454632,11.209077890998444,4,4,3,695,6,0.038657407407407404,11.40236492803548,0.37508747375787266,ELECTRE-III,1
74,0561,0,0,"[50.977526681740365, 0.3728968991403436]","[np.float64(51.47204811570061), np.float64(-4.163952437703571)]",2026-06-13 10:35:40,688.3040266170444,1,5.931567573804555,320.6307961168284,24.797127323824984,55.714348248508834,14.081778485235255,2,2,2,600,12,0.038657407407407404,13.811176633383402,0.8369489153254024,ELECTRE-III,1
75,0940,0,0,"[50.977526681740365, 0.3728968991403436]","[np.float64(52.73948727309736), np.float64(-1.363106448569343)]",2026-06-13 10:35:40,444.57261379225804,1,5.781826865361175,229.3277770925037,18.285801242345592,55.90300831866834,5.459997653303718,1,1,1,829,13,0.038657407407407404,5.189395801451866,0.9188243526941917,ELECTRE-III,1
76,0139,0,0,"[50.38469699763453, 0.11611074795077057]","[np.float64(47.40861819957853), np.float64(-1.747276927815309)]",2026-06-13 10:35:50,541.689428102383,1,6.056898070534189,357.833885466607,27.27612002406888,59.73169817867567,9.707238366387893,1,1,1,1404,5,0.03877314814814815,9.397053181202708,0.2722183344996501,ELECTRE-III,1
77,0280,1,0,"[50.38469699763453, 0.11611074795077057]","[np.float64(53.07230810866586), np.float64(-1.970399301287497)]",2026-06-13 10:35:50,836.9095854207065,1,3.6959289929820596,331.56935935090564,25.536868540085667,55.42981964315903,8.078099436014156,4,4,3,915,4,0.03877314814814815,8.349511473051193,0.18754373687893633,ELECTRE-III,1
78,0459,1,0,"[50.38469699763453, 0.11611074795077057]","[np.float64(53.74478430611913), np.float64(-0.9365127738544263)]",2026-06-13 10:35:50,529.029903971248,1,4.396221526108151,380.4795112759664,28.73337581080369,55.28309010431423,16.33269824754053,1,1,1,777,5,0.03877314814814815,16.642883432725718,0.2722183344996501,ELECTRE-III,1
79,0561,0,0,"[50.38469699763453, 0.11611074795077057]","[np.float64(51.47204811570061), np.float64(-4.163952437703571)]",2026-06-13 10:35:50,688.3040266170444,1,5.931567573804555,323.3578283865721,24.982387298267675,55.73240043848518,9.081778485235255,2,2,2,600,12,0.03877314814814815,8.849139596346365,0.8369489153254024,ELECTRE-III,1
80,0940,0,0,"[50.38469699763453, 0.11611074795077057]","[np.float64(52.73948727309736), np.float64(-1.363106448569343)]",2026-06-13 10:35:50,444.57261379225804,1,5.781826865361175,281.082794895152,22.04885493883234,55.91879288584024,0.0,1,1,1,829,13,0.03877314814814815,0.0,0.9188243526941917,ELECTRE-III,1
81,0139,0,0,"[49.79148140784058, -0.13536031544534247]","[np.float64(47.40861819957853), np.float64(-1.747276927815309)]",2026-06-13 10:36:00,541.689428102383,1,6.056898070534189,290.24918310686814,22.69597337684895,59.75160134991709,7.707238366387893,1,1,1,1404,5,0.03888888888888889,7.512793921943448,0.2722183344996501,ELECTRE-III,1
82,0280,1,0,"[49.79148140784058, -0.13536031544534247]","[np.float64(53.07230810866586), np.float64(-1.970399301287497)]",2026-06-13 10:36:00,836.9095854207065,1,3.6959289929820596,386.32168963867707,29.102914819065028,55.445662266938875,6.078099436014156,4,4,3,915,4,0.03888888888888889,5.844766102680823,0.18754373687893633,ELECTRE-III,1
83,0561,0,0,"[49.79148140784058, -0.13536031544534247]","[np.float64(51.47204811570061), np.float64(-4.163952437703571)]",2026-06-13 10:36:00,688.3040266170444,1,5.931567573804555,340.00841378872065,26.101419593546684,55.750432137894016,15.081778485235255,2,2,2,600,12,0.03888888888888889,15.120667374124144,0.8369489153254024,ELECTRE-III,1
84,0940,0,0,"[49.79148140784058, -0.13536031544534247]","[np.float64(52.73948727309736), np.float64(-1.363106448569343)]",2026-06-13 10:36:00,444.57261379225804,1,5.781826865361175,338.73723567940976,26.016725630148958,55.93455696244463,7.459997653303718,1,1,1,829,13,0.03888888888888889,7.5766643199703845,0.9188243526941917,ELECTRE-III,1
85,0139,0,0,"[49.19790381802062, -0.38175098541922214]","[np.float64(47.40861819957853), np.float64(-1.747276927815309)]",2026-06-13 10:36:10,541.689428102383,1,6.056898070534189,223.11914693219012,17.822459504103993,59.771484030591,3.7072383663878927,1,1,1,1404,5,0.03900462962962963,3.9412661441656707,0.2722183344996501,ELECTRE-III,1
86,0561,0,0,"[49.19790381802062, -0.38175098541922214]","[np.float64(51.47204811570061), np.float64(-4.163952437703571)]",2026-06-13 10:36:10,688.3040266170444,1,5.931567573804555,368.70182539893506,27.98039675048231,55.76844334673534,16.081778485235255,2,2,2,600,12,0.03900462962962963,16.159787744494515,0.8369489153254024,ELECTRE-III,1
87,0940,0,0,"[49.19790381802062, -0.38175098541922214]","[np.float64(52.73948727309736), np.float64(-1.363106448569343)]",2026-06-13 10:36:10,444.57261379225804,1,5.781826865361175,399.7468566234725,29.942119616263493,55.950297133386925,6.459997653303718,1,1,1,829,13,0.03900462962962963,6.616016171822237,0.9188243526941917,ELECTRE-III,1
88,0139,0,0,"[48.60397788855299, -0.6232830430156956]","[np.float64(47.40861819957853), np.float64(-1.747276927815309)]",2026-06-13 10:36:20,541.689428102383,1,6.056898070534189,157.02906091015825,12.749441873398464,59.79134622069739,10.707238366387893,1,1,1,1404,5,0.03912037037037037,10.863719847869374,0.2722183344996501,ELECTRE-III,1
89,0561,0,0,"[48.60397788855299, -0.6232830430156956]","[np.float64(51.47204811570061), np.float64(-4.163952437703571)]",2026-06-13 10:36:20,688.3040266170444,1,5.931567573804555,406.8994071910683,30.383538793209574,55.786437480103736,14.081778485235255,2,2,2,600,12,0.03912037037037037,14.081778485235255,0.8369489153254024,ELECTRE-III,1
90,0139,0,0,"[48.00971727981603, -0.8601661697061969]","[np.float64(47.40861819957853), np.float64(-1.747276927815309)]",2026-06-13 10:36:30,541.689428102383,1,6.056898070534189,94.19664176650933,7.729522837567791,59.81118792023628,2.7072383663878927,1,1,1,1404,5,0.03923611111111111,2.432585588610115,0.2722183344996501,ELECTRE-III,1
91,0139,0,0,"[47.41513906728267, -1.0925987878222]","[np.float64(47.40861819957853), np.float64(-1.747276927815309)]",2026-06-13 10:36:40,541.689428102383,1,6.056898070534189,49.26861357315379,4.060742883147886,59.831002299018486,2.7072383663878927,1,1,1,1404,5,0.03935185185185185,2.5891828108323374,0.2722183344996501,ELECTRE-III,1
92,0139,0,0,"[46.820256911331235, -1.3207689410092924]","[np.float64(47.40861819957853), np.float64(-1.747276927815309)]",2026-06-13 10:36:50,541.689428102383,1,6.056898070534189,72.95049659676224,6.000666099266602,59.850796187233186,2.7072383663878927,1,1,1,1404,5,0.039467592592592596,2.391497625647152,0.2722183344996501,ELECTRE-III,1
93,0139,0,0,"[46.2250810572455, -1.5448545343510112]","[np.float64(47.40861819957853), np.float64(-1.747276927815309)]",2026-06-13 10:37:00,541.689428102383,1,6.056898070534189,132.50172099121136,10.809092166355512,59.8705627546912,5.707238366387893,1,1,1,1404,5,0.03958333333333333,5.865571699721226,0.2722183344996501,ELECTRE-III,1
94,0371,0,0,"[46.2250810572455, -1.5448545343510112]","[np.float64(43.21815205247485), np.float64(-3.67149105858976)]",2026-06-13 10:37:00,270.0954127710004,1,7.699369880111745,374.16263282165556,28.330848987020648,61.61633861597895,14.332698247540531,4,4,3,907,13,0.03958333333333333,14.451448247540531,0.9188243526941917,ELECTRE-III,1
95,0139,0,0,"[45.62962858049837, -1.7650247217510202]","[np.float64(47.40861819957853), np.float64(-1.747276927815309)]",2026-06-13 10:37:10,541.689428102383,1,6.056898070534189,197.81955907364372,15.909808938152588,59.890308831581706,11.707238366387893,1,1,1,1404,5,0.039699074074074074,11.826335588610116,0.2722183344996501,ELECTRE-III,1
96,0371,0,0,"[45.62962858049837, -1.7650247217510202]","[np.float64(43.21815205247485), np.float64(-3.67149105858976)]",2026-06-13 10:37:10,270.0954127710004,1,7.699369880111745,307.91047898817345,23.9256664483544,61.64059944791084,14.332698247540531,4,4,3,907,13,0.039699074074074074,13.975406580873864,0.9188243526941917,ELECTRE-III,1
97,0139,0,0,"[45.033906311279026, -1.9814395857679916]","[np.float64(47.40861819957853), np.float64(-1.747276927815309)]",2026-06-13 10:37:20,541.689428102383,1,6.056898070534189,264.66971821294027,20.875273980513594,59.910034417904704,11.707238366387893,1,1,1,1404,5,0.03981481481481482,11.826682810832336,0.2722183344996501,ELECTRE-III,1
98,0371,0,0,"[45.033906311279026, -1.9814395857679916]","[np.float64(43.21815205247485), np.float64(-3.67149105858976)]",2026-06-13 10:37:20,270.0954127710004,1,7.699369880111745,242.80637141753294,19.283159640285195,61.664839789275206,14.332698247540531,4,4,3,907,13,0.03981481481481482,14.651216766059049,0.9188243526941917,ELECTRE-III,1
99,0864,0,0,"[45.033906311279026, -1.9814395857679916]","[np.float64(42.81707373285452), np.float64(-5.677602660119014)]",2026-06-13 10:37:20,447.1984242406027,1,7.208693439340882,385.13932066562336,29.02833825518986,60.69932424820221,5.459997653303718,2,2,2,1493,7,0.03981481481481482,5.141479134785199,0.4688593421973408,ELECTRE-III,1
100,0139,0,0,"[44.43792790996581, -2.1942514182760755]","[np.float64(47.40861819957853), np.float64(-1.747276927815309)]",2026-06-13 10:37:30,541.689428102383,1,6.056898070534189,332.1288232564399,25.574461688353818,59.92973951366019,8.707238366387893,1,1,1,1404,5,0.03993055555555555,8.827030033054559,0.2722183344996501,ELECTRE-III,1
101,0371,0,0,"[44.43792790996581, -2.1942514182760755]","[np.float64(43.21815205247485), np.float64(-3.67149105858976)]",2026-06-13 10:37:30,270.0954127710004,1,7.699369880111745,180.10185786682015,14.548064168913552,61.689059640072074,8.332698247540531,4,4,3,907,13,0.03993055555555555,8.133045469762752,0.9188243526941917,ELECTRE-III,1
102,0562,0,0,"[44.43792790996581, -2.1942514182760755]","[np.float64(40.96887992103576), np.float64(-2.978396861987505)]",2026-06-13 10:37:30,258.82238089656283,1,3.346234586705335,391.02100190481946,29.398251605419045,63.42382523641776,3.4599976533037182,2,2,2,646,2,0.03993055555555555,3.779442097748163,0.061931420573827854,ELECTRE-III,1
103,0692,1,0,"[44.43792790996581, -2.1942514182760755]","[np.float64(41.53267235996247), np.float64(-4.669994470976921)]",2026-06-13 10:37:30,562.1112858801055,1,3.2335379674834615,380.6339067928292,28.743175760629356,62.05398298704752,12.579938960624705,3,3,3,813,5,0.03993055555555555,12.340355627291371,0.2722183344996501,ELECTRE-III,1
104,0864,0,0,"[44.43792790996581, -2.1942514182760755]","[np.float64(42.81707373285452), np.float64(-5.677602660119014)]",2026-06-13 10:37:30,447.1984242406027,1,7.208693439340882,333.25283751178154,25.649918439165095,60.72478036323884,8.459997653303718,2,2,2,1493,7,0.03993055555555555,8.300275431081497,0.4688593421973408,ELECTRE-III,1
105,0139,0,0,"[43.84170703693706, -2.4036050406300173]","[np.float64(47.40861819957853), np.float64(-1.747276927815309)]",2026-06-13 10:37:40,541.689428102383,1,6.056898070534189,399.889063569485,29.95093442209545,59.949417288659,10.707238366387893,1,1,1,1404,5,0.040046296296296295,10.94751614416567,0.2722183344996501,ELECTRE-III,1
106,0371,0,0,"[43.84170703693706, -2.4036050406300173]","[np.float64(43.21815205247485), np.float64(-3.67149105858976)]",2026-06-13 10:37:40,270.0954127710004,1,7.699369880111745,123.51007930201476,10.091185655792168,61.7132658304906,13.332698247540531,4,4,3,907,13,0.040046296296296295,13.372744543836827,0.9188243526941917,ELECTRE-III,1
107,0562,0,0,"[43.84170703693706, -2.4036050406300173]","[np.float64(40.96887992103576), np.float64(-2.978396861987505)]",2026-06-13 10:37:40,258.82238089656283,1,3.346234586705335,322.9090111931206,24.951935284305343,63.4496911628046,9.459997653303718,2,2,2,646,2,0.040046296296296295,9.700275431081495,0.061931420573827854,ELECTRE-III,1
108,0692,1,0,"[43.84170703693706, -2.4036050406300173]","[np.float64(41.53267235996247), np.float64(-4.669994470976921)]",2026-06-13 10:37:40,562.1112858801055,1,3.2335379674834615,316.57451832630466,24.52053894478904,62.08010846062282,7.579938960624705,3,3,3,813,5,0.040046296296296295,7.299614886550631,0.2722183344996501,ELECTRE-III,1
109,0864,0,0,"[43.84170703693706, -2.4036050406300173]","[np.float64(42.81707373285452), np.float64(-5.677602660119014)]",2026-06-13 10:37:40,447.1984242406027,1,7.208693439340882,288.2610574334691,22.556129526915356,60.75022964808631,8.459997653303718,2,2,2,1493,7,0.040046296296296295,8.139627282933349,0.4688593421973408,ELECTRE-III,1
110,0371,0,0,"[43.24525052238194, -2.609638123830275]","[np.float64(43.21815205247485), np.float64(-3.67149105858976)]",2026-06-13 10:37:50,270.0954127710004,1,7.699369880111745,86.07882706234125,7.07045114510808,61.737444700152444,15.332698247540531,4,4,3,907,13,0.04016203703703704,15.413022321614605,0.9188243526941917,ELECTRE-III,1
111,0536,1,0,"[43.24525052238194, -2.609638123830275]","[np.float64(40.11362793536901), np.float64(-0.1788855911624436)]",2026-06-13 10:37:50,768.3689924852562,1,5.888662453257749,402.4587838740115,30.109951258632808,65.69603792798425,6.459997653303718,1,1,1,1427,12,0.04016203703703704,6.620645801451866,0.8369489153254024,ELECTRE-III,1
112,0562,0,0,"[43.24525052238194, -2.609638123830275]","[np.float64(40.96887992103576), np.float64(-2.978396861987505)]",2026-06-13 10:37:50,258.82238089656283,1,3.346234586705335,254.94185533197222,20.170877445769307,63.4755434288131,4.459997653303718,2,2,2,646,2,0.04016203703703704,4.620645801451866,0.061931420573827854,ELECTRE-III,1
113,0692,1,0,"[43.24525052238194, -2.609638123830275]","[np.float64(41.53267235996247), np.float64(-4.669994470976921)]",2026-06-13 10:37:50,562.1112858801055,1,3.2335379674834615,254.72962672296526,20.155437901617127,62.10622027381977,9.579938960624705,3,3,3,813,5,0.04016203703703704,9.218480627291372,0.2722183344996501,ELECTRE-III,1
114,0864,0,0,"[43.24525052238194, -2.609638123830275]","[np.float64(42.81707373285452), np.float64(-5.677602660119014)]",2026-06-13 10:37:50,447.1984242406027,1,7.208693439340882,253.85804740121623,20.091998844976725,60.7756516121771,6.459997653303718,2,2,2,1493,7,0.04016203703703704,6.339511542192607,0.4688593421973408,ELECTRE-III,1
115,0371,0,0,"[42.64856519648962, -2.812481508688137]","[np.float64(43.21815205247485), np.float64(-3.67149105858976)]",2026-06-13 10:38:00,270.0954127710004,1,7.699369880111745,94.34923446335199,7.7418924511167155,61.76160990943595,7.332698247540531,4,4,3,907,13,0.04027777777777778,7.372976025318309,0.9188243526941917,ELECTRE-III,1
116,0536,1,0,"[42.64856519648962, -2.812481508688137]","[np.float64(40.11362793536901), np.float64(-0.1788855911624436)]",2026-06-13 10:38:00,768.3689924852562,1,5.888662453257749,357.3553743432187,27.244902866205162,65.72120717507575,7.459997653303718,1,1,1,1427,12,0.04027777777777778,7.41971987552594,0.8369489153254024,ELECTRE-III,1
117,0562,0,0,"[42.64856519648962, -2.812481508688137]","[np.float64(40.96887992103576), np.float64(-2.978396861987505)]",2026-06-13 10:38:00,258.82238089656283,1,3.346234586705335,187.27816991680427,15.101739093077008,63.50136837406492,9.459997653303718,2,2,2,646,2,0.04027777777777778,9.218330986637051,0.061931420573827854,ELECTRE-III,1
118,0692,1,0,"[42.64856519648962, -2.812481508688137]","[np.float64(41.53267235996247), np.float64(-4.669994470976921)]",2026-06-13 10:38:00,562.1112858801055,1,3.2335379674834615,197.19545155786534,15.86214393617085,62.13231159644922,9.579938960624705,3,3,3,813,5,0.04027777777777778,9.942438960624706,0.2722183344996501,ELECTRE-III,1
118,0692,1,0,"[42.64856519648962, -2.812481508688137]","[np.float64(41.53267235996247), np.float64(-4.669994470976921)]",2026-06-13 10:38:00,562.1112858801055,1,3.2335379674834615,197.19545155786534,15.86214393617085,62.13231159644922,9.579938960624705,3,3,3,813,5,0.04027777777777778,9.942438960624706,0.2722183344996501,ELECTRE-III,1
119,0864,0,0,"[42.64856519648962, -2.812481508688137]","[np.float64(42.81707373285452), np.float64(-5.677602660119014)]",2026-06-13 10:38:00,447.1984242406027,1,7.208693439340882,234.74818617221803,18.68830658692797,60.801059915889546,8.459997653303718,2,2,2,1493,7,0.04027777777777778,8.097497653303718,0.4688593421973408,ELECTRE-III,1
120,0371,0,0,"[42.05166813473304, -3.0122600595993667]","[np.float64(43.21815205247485), np.float64(-3.67149105858976)]",2026-06-13 10:38:10,270.0954127710004,1,7.699369880111745,140.4700793183322,11.44244752562397,61.78575462815194,14.332698247540531,4,4,3,907,13,0.040393518518518516,14.413485284577568,0.9188243526941917,ELECTRE-III,1
121,0518,0,0,"[42.05166813473304, -3.0122600595993667]","[np.float64(38.95097140340685), np.float64(-1.854129262952509)]",2026-06-13 10:38:10,381.4550443026262,1,6.724554436029099,358.40745017599806,27.313515198525504,65.36998518757535,5.332698247540531,3,3,3,1076,9,0.040393518518518516,5.09033713642942,0.6014695591322603,ELECTRE-III,1
122,0536,1,0,"[42.05166813473304, -3.0122600595993667]","[np.float64(40.11362793536901), np.float64(-0.1788855911624436)]",2026-06-13 10:38:10,768.3689924852562,1,5.888662453257749,320.6459984629375,24.79816162992171,65.74634910141056,13.459997653303718,1,1,1,1427,12,0.040393518518518516,13.056062468118533,0.8369489153254024,ELECTRE-III,1
123,0562,0,0,"[42.05166813473304, -3.0122600595993667]","[np.float64(40.96887992103576), np.float64(-2.978396861987505)]",2026-06-13 10:38:10,258.82238089656283,1,3.346234586705335,120.4337356292928,9.844816920114061,63.527179658938394,5.459997653303718,2,2,2,646,2,0.040393518518518516,5.258030060711126,0.061931420573827854,ELECTRE-III,1
124,0692,1,0,"[42.05166813473304, -3.0122600595993667]","[np.float64(41.53267235996247), np.float64(-4.669994470976921)]",2026-06-13 10:38:10,562.1112858801055,1,3.2335379674834615,149.05333482714366,12.121516976994679,62.15838242851116,9.579938960624705,3,3,3,813,5,0.040393518518518516,9.781906553217299,0.2722183344996501,ELECTRE-III,1
124,0692,1,0,"[42.05166813473304, -3.0122600595993667]","[np.float64(41.53267235996247), np.float64(-4.669994470976921)]",2026-06-13 10:38:10,562.1112858801055,1,3.2335379674834615,149.05333482714366,12.121516976994679,62.15838242851116,9.579938960624705,3,3,3,813,5,0.040393518518518516,9.781906553217299,0.2722183344996501,ELECTRE-III,1
125,0864,0,0,"[42.05166813473304, -3.0122600595993667]","[np.float64(42.81707373285452), np.float64(-5.677602660119014)]",2026-06-13 10:38:10,447.1984242406027,1,7.208693439340882,234.69899355342486,18.684662193675862,60.826454559223656,2.4599976533037182,2,2,2,1493,7,0.040393518518518516,2.4599976533037182,0.4688593421973408,ELECTRE-III,1
126,0371,0,0,"[41.45455933711219, -3.209092664544206]","[np.float64(43.21815205247485), np.float64(-3.67149105858976)]",2026-06-13 10:38:20,270.0954127710004,1,7.699369880111745,199.75102293314526,16.057177362445167,61.80987202611126,14.332698247540531,4,4,3,907,13,0.04050925925925926,14.251679729022012,0.9188243526941917,ELECTRE-III,1
127,0518,0,0,"[41.45455933711219, -3.209092664544206]","[np.float64(38.95097140340685), np.float64(-1.854129262952509)]",2026-06-13 10:38:20,381.4550443026262,1,6.724554436029099,301.2208773799277,23.462571800695063,65.39710786876947,6.332698247540531,3,3,3,1076,9,0.04050925925925926,6.0086241734664565,0.6014695591322603,ELECTRE-III,1
128,0536,1,0,"[41.45455933711219, -3.209092664544206]","[np.float64(40.11362793536901), np.float64(-0.1788855911624436)]",2026-06-13 10:38:20,768.3689924852562,1,5.888662453257749,295.47515910454393,23.06220533534393,65.77147053717786,7.459997653303718,1,1,1,1427,12,0.04050925925925926,7.3384698755259405,0.8369489153254024,ELECTRE-III,1
128,0536,1,0,"[41.45455933711219, -3.209092664544206]","[np.float64(40.11362793536901), np.float64(-0.1788855911624436)]",2026-06-13 10:38:20,768.3689924852562,1,5.888662453257749,295.47515910454393,23.06220533534393,65.77147053717786,7.459997653303718,1,1,1,1427,12,0.04050925925925926,7.3384698755259405,0.8369489153254024,ELECTRE-III,1
129,0562,0,0,"[41.45455933711219, -3.209092664544206]","[np.float64(40.96887992103576), np.float64(-2.978396861987505)]",2026-06-13 10:38:20,258.82238089656283,1,3.346234586705335,57.34936944355779,4.723959503140845,63.55297045324436,5.459997653303718,2,2,2,646,2,0.04050925925925926,5.176432838488903,0.061931420573827854,ELECTRE-III,1
130,0692,1,0,"[41.45455933711219, -3.209092664544206]","[np.float64(41.53267235996247), np.float64(-4.669994470976921)]",2026-06-13 10:38:20,562.1112858801055,1,3.2335379674834615,121.98432514923762,9.969042302124258,62.18443960019476,11.579938960624705,3,3,3,813,5,0.04050925925925926,11.37739266432841,0.2722183344996501,ELECTRE-III,1
130,0692,1,0,"[41.45455933711219, -3.209092664544206]","[np.float64(41.53267235996247), np.float64(-4.669994470976921)]",2026-06-13 10:38:20,562.1112858801055,1,3.2335379674834615,121.98432514923762,9.969042302124258,62.18443960019476,11.579938960624705,3,3,3,813,5,0.04050925925925926,11.37739266432841,0.2722183344996501,ELECTRE-III,1
131,0864,0,0,"[41.45455933711219, -3.209092664544206]","[np.float64(42.81707373285452), np.float64(-5.677602660119014)]",2026-06-13 10:38:20,447.1984242406027,1,7.208693439340882,253.72327326625287,20.082184537402807,60.85182871199025,0.4599976533037182,2,2,2,1493,7,0.04050925925925926,0.8245809866370515,0.4688593421973408,ELECTRE-III,1
132,0371,0,0,"[40.8572524640054, -3.4030924485307823]","[np.float64(43.21815205247485), np.float64(-3.67149105858976)]",2026-06-13 10:38:30,270.0954127710004,1,7.699369880111745,263.4540840921132,20.787604993524997,61.83397576369224,10.332698247540531,4,4,3,907,13,0.040625,10.49519824754053,0.9188243526941917,ELECTRE-III,1
133,0518,0,0,"[40.8572524640054, -3.4030924485307823]","[np.float64(38.95097140340685), np.float64(-1.854129262952509)]",2026-06-13 10:38:30,381.4550443026262,1,6.724554436029099,249.7655727094749,19.793436521995414,65.42421005939607,5.332698247540531,3,3,3,1076,9,0.040625,5.576448247540531,0.6014695591322603,ELECTRE-III,1
134,0536,1,0,"[40.8572524640054, -3.4030924485307823]","[np.float64(40.11362793536901), np.float64(-0.1788855911624436)]",2026-06-13 10:38:30,768.3689924852562,1,5.888662453257749,284.91798743294487,22.320339378825906,65.7965646521885,12.459997653303718,1,1,1,1427,12,0.040625,12.256872653303718,0.8369489153254024,ELECTRE-III,1
134,0536,1,0,"[40.8572524640054, -3.4030924485307823]","[np.float64(40.11362793536901), np.float64(-0.1788855911624436)]",2026-06-13 10:38:30,768.3689924852562,1,5.888662453257749,284.91798743294487,22.320339378825906,65.7965646521885,12.459997653303718,1,1,1,1427,12,0.040625,12.256872653303718,0.8369489153254024,ELECTRE-III,1
135,0562,0,0,"[40.8572524640054, -3.4030924485307823]","[np.float64(40.96887992103576), np.float64(-2.978396861987505)]",2026-06-13 10:38:30,258.82238089656283,1,3.346234586705335,37.784339450777296,3.116351503221343,63.578740756982825,3.4599976533037182,2,2,2,646,2,0.040625,3.094372653303718,0.061931420573827854,ELECTRE-III,1
136,0692,1,0,"[40.8572524640054, -3.4030924485307823]","[np.float64(41.53267235996247), np.float64(-4.669994470976921)]",2026-06-13 10:38:30,562.1112858801055,1,3.2335379674834615,129.9099331287946,10.60250168179707,62.21047628131085,11.579938960624705,3,3,3,813,5,0.040625,11.904938960624705,0.2722183344996501,ELECTRE-III,1
136,0692,1,0,"[40.8572524640054, -3.4030924485307823]","[np.float64(41.53267235996247), np.float64(-4.669994470976921)]",2026-06-13 10:38:30,562.1112858801055,1,3.2335379674834615,129.9099331287946,10.60250168179707,62.21047628131085,11.579938960624705,3,3,3,813,5,0.040625,11.904938960624705,0.2722183344996501,ELECTRE-III,1
137,0846,0,0,"[40.8572524640054, -3.4030924485307823]","[np.float64(37.76131249306622), np.float64(-5.011013629053059)]",2026-06-13 10:38:30,500.72455615461024,1,3.377675339118288,370.9898064268096,28.127509260831058,63.869160400491765,4.209077890998443,4,4,3,1123,13,0.040625,4.005952890998443,0.9188243526941917,ELECTRE-III,1
138,0864,0,0,"[40.8572524640054, -3.4030924485307823]","[np.float64(42.81707373285452), np.float64(-5.677602660119014)]",2026-06-13 10:38:30,447.1984242406027,1,7.208693439340882,288.0677762767879,22.54251905248194,60.87718237418934,8.459997653303718,2,2,2,1493,7,0.040625,8.175622653303718,0.4688593421973408,ELECTRE-III,1
139,0371,0,0,"[40.25975776069644, -3.5943678408121698]","[np.float64(43.21815205247485), np.float64(-3.67149105858976)]",2026-06-13 10:38:40,270.0954127710004,1,7.699369880111745,329.0210873807151,25.36533934006878,61.8580590107057,9.332698247540531,4,4,3,907,13,0.040740740740740744,9.699364914207198,0.9188243526941917,ELECTRE-III,1
140,0518,0,0,"[40.25975776069644, -3.5943678408121698]","[np.float64(38.95097140340685), np.float64(-1.854129262952509)]",2026-06-13 10:38:40,381.4550443026262,1,6.724554436029099,208.33279802569518,16.70930208982583,65.45129175945517,0.3326982475405309,3,3,3,1076,9,0.040740740740740744,0.6993649142071976,0.6014695591322603,ELECTRE-III,1
141,0536,1,0,"[40.25975776069644, -3.5943678408121698]","[np.float64(40.11362793536901), np.float64(-0.1788855911624436)]",2026-06-13 10:38:40,768.3689924852562,1,5.888662453257749,290.5716163032225,22.718626350209156,65.8216382766316,5.459997653303718,1,1,1,1427,12,0.040740740740740744,5.500738394044459,0.8369489153254024,ELECTRE-III,1
141,0536,1,0,"[40.25975776069644, -3.5943678408121698]","[np.float64(40.11362793536901), np.float64(-0.1788855911624436)]",2026-06-13 10:38:40,768.3689924852562,1,5.888662453257749,290.5716163032225,22.718626350209156,65.8216382766316,5.459997653303718,1,1,1,1427,12,0.040740740740740744,5.500738394044459,0.8369489153254024,ELECTRE-III,1
142,0562,0,0,"[40.25975776069644, -3.5943678408121698]","[np.float64(40.96887992103576), np.float64(-2.978396861987505)]",2026-06-13 10:38:40,258.82238089656283,1,3.346234586705335,94.4493276103258,7.750005902224892,63.60449057015377,1.4599976533037182,2,2,2,646,2,0.040740740740740744,1.5822198755259405,0.061931420573827854,ELECTRE-III,1
143,0692,1,0,"[40.25975776069644, -3.5943678408121698]","[np.float64(41.53267235996247), np.float64(-4.669994470976921)]",2026-06-13 10:38:40,562.1112858801055,1,3.2335379674834615,167.94822876904925,13.604052406762822,62.23649247185943,9.579938960624705,3,3,3,813,5,0.040740740740740744,9.335494516180262,0.2722183344996501,ELECTRE-III,1
143,0692,1,0,"[40.25975776069644, -3.5943678408121698]","[np.float64(41.53267235996247), np.float64(-4.669994470976921)]",2026-06-13 10:38:40,562.1112858801055,1,3.2335379674834615,167.94822876904925,13.604052406762822,62.23649247185943,9.579938960624705,3,3,3,813,5,0.040740740740740744,9.335494516180262,0.2722183344996501,ELECTRE-III,1
144,0846,0,0,"[40.25975776069644, -3.5943678408121698]","[np.float64(37.76131249306622), np.float64(-5.011013629053059)]",2026-06-13 10:38:40,500.72455615461024,1,3.377675339118288,303.5716076102036,23.62567778865137,63.89861900638203,3.2090778909984428,4,4,3,1123,13,0.040740740740740744,3.2905593724799242,0.9188243526941917,ELECTRE-III,1
145,0863,0,0,"[40.25975776069644, -3.5943678408121698]","[np.float64(37.3569628721152), np.float64(-6.357247410893716)]",2026-06-13 10:38:40,797.4194494303996,2,4.2320746468758195,401.81608960062084,30.07022854785091,63.107164006117635,4.707238366387893,2,2,2,581,13,0.040740740740740744,4.299830958980485,0.9188243526941917,ELECTRE-III,1
146,0864,0,0,"[40.25975776069644, -3.5943678408121698]","[np.float64(42.81707373285452), np.float64(-5.677602660119014)]",2026-06-13 10:38:40,447.1984242406027,1,7.208693439340882,333.0267067370336,25.634745599962987,60.90252237601008,4.459997653303718,2,2,2,1493,7,0.040740740740740744,4.745182838488903,0.4688593421973408,ELECTRE-III,1
147,0993,0,0,"[40.25975776069644, -3.5943678408121698]","[np.float64(36.78983297350138), np.float64(-4.481296075919123)]",2026-06-13 10:38:40,424.45086869103005,1,6.230044844724517,393.4705917522022,29.551524321995867,64.7032904226904,8.205398841777342,1,1,1,893,9,0.040740740740740744,8.1646581010366,0.6014695591322603,ELECTRE-III,1
148,0371,0,0,"[39.662075227185305, -3.783021934556153]","[np.float64(43.21815205247485), np.float64(-3.67149105858976)]",2026-06-13 10:38:50,270.0954127710004,1,7.699369880111745,395.52742032573866,29.67986366451433,61.88211493696249,11.332698247540531,4,4,3,907,13,0.04085648148148148,11.291841766059049,0.9188243526941917,ELECTRE-III,1
149,0518,0,0,"[39.662075227185305, -3.783021934556153]","[np.float64(38.95097140340685), np.float64(-1.854129262952509)]",2026-06-13 10:38:50,381.4550443026262,1,6.724554436029099,183.82874523797457,14.835958762119958,65.47835296894677,1.332698247540531,3,3,3,1076,9,0.04085648148148148,1.4144112105034938,0.6014695591322603,ELECTRE-III,1
150,0536,1,0,"[39.662075227185305, -3.783021934556153]","[np.float64(40.11362793536901), np.float64(-0.1788855911624436)]",2026-06-13 10:38:50,768.3689924852562,1,5.888662453257749,311.5546077608979,24.176549154142503,65.84668458031804,12.459997653303718,1,1,1,1427,12,0.04085648148148148,12.092289319970385,0.8369489153254024,ELECTRE-III,1
151,0562,0,0,"[39.662075227185305, -3.783021934556153]","[np.float64(40.96887992103576), np.float64(-2.978396861987505)]",2026-06-13 10:38:50,258.82238089656283,1,3.346234586705335,160.5255350113536,13.023747994242088,63.63021989275721,4.459997653303718,2,2,2,646,2,0.04085648148148148,4.051432838488903,0.061931420573827854,ELECTRE-III,1
152,0692,1,0,"[39.662075227185305, -3.783021934556153]","[np.float64(41.53267235996247), np.float64(-4.669994470976921)]",2026-06-13 10:38:50,562.1112858801055,1,3.2335379674834615,221.06788056683672,17.668841921546143,62.26249500202967,8.579938960624705,3,3,3,813,5,0.04085648148148148,8.498225997661743,0.2722183344996501,ELECTRE-III,1
152,0692,1,0,"[39.662075227185305, -3.783021934556153]","[np.float64(41.53267235996247), np.float64(-4.669994470976921)]",2026-06-13 10:38:50,562.1112858801055,1,3.2335379674834615,221.06788056683672,17.668841921546143,62.26249500202967,8.579938960624705,3,3,3,813,5,0.04085648148148148,8.498225997661743,0.2722183344996501,ELECTRE-III,1
153,0846,0,0,"[39.662075227185305, -3.783021934556153]","[np.float64(37.76131249306622), np.float64(-5.011013629053059)]",2026-06-13 10:38:50,500.72455615461024,1,3.377675339118288,236.68615215138271,18.831754172942965,63.928070782083125,0.20907789099844276,4,4,3,1123,13,0.04085648148148148,0.1273649280354798,0.9188243526941917,ELECTRE-III,1
154,0863,0,0,"[39.662075227185305, -3.783021934556153]","[np.float64(37.3569628721152), np.float64(-6.357247410893716)]",2026-06-13 10:38:50,797.4194494303996,2,4.2320746468758195,340.35998494512194,26.124821878483722,63.13738759319494,9.707238366387893,2,2,2,581,13,0.04085648148148148,9.502955958980486,0.9188243526941917,ELECTRE-III,1
155,0864,0,0,"[39.662075227185305, -3.783021934556153]","[np.float64(42.81707373285452), np.float64(-5.677602660119014)]",2026-06-13 10:38:50,447.1984242406027,1,7.208693439340882,384.89986593751934,29.013221784775435,60.92784871745249,5.459997653303718,2,2,2,1493,7,0.04085648148148148,5.1331458014518665,0.4688593421973408,ELECTRE-III,1
156,0993,0,0,"[39.662075227185305, -3.783021934556153]","[np.float64(36.78983297350138), np.float64(-4.481296075919123)]",2026-06-13 10:38:50,424.45086869103005,1,6.230044844724517,325.14816403714127,25.103710583079984,64.73340472674099,1.2053988417773418,1,1,1,893,9,0.04085648148148148,0.9602599528884529,0.6014695591322603,ELECTRE-III,1
157,0518,0,0,"[39.06421852385033, -3.969153554062286]","[np.float64(38.95097140340685), np.float64(-1.854129262952509)]",2026-06-13 10:39:00,381.4550443026262,1,6.724554436029099,183.17894807730454,14.785817922158136,65.50539368787085,1.332698247540531,3,3,3,1076,9,0.04097222222222222,1.4556149142071977,0.6014695591322603,ELECTRE-III,1
158,0536,1,0,"[39.06421852385033, -3.969153554062286]","[np.float64(40.11362793536901), np.float64(-0.1788855911624436)]",2026-06-13 10:39:00,768.3689924852562,1,5.888662453257749,345.0817984719818,26.438219688349335,65.87171039343697,9.459997653303718,1,1,1,1427,12,0.04097222222222222,9.459997653303718,0.8369489153254024,ELECTRE-III,1
159,0562,0,0,"[39.06421852385033, -3.969153554062286]","[np.float64(40.96887992103576), np.float64(-2.978396861987505)]",2026-06-13 10:39:00,258.82238089656283,1,3.346234586705335,227.9719034464968,18.18482302458412,63.655928724793135,9.459997653303718,2,2,2,646,2,0.04097222222222222,9.091247653303718,0.061931420573827854,ELECTRE-III,1
160,0692,1,0,"[39.06421852385033, -3.969153554062286]","[np.float64(41.53267235996247), np.float64(-4.669994470976921)]",2026-06-13 10:39:00,562.1112858801055,1,3.2335379674834615,280.83829101723626,22.031511537999908,62.28847704163239,6.579938960624705,3,3,3,813,5,0.04097222222222222,6.252161182846928,0.2722183344996501,ELECTRE-III,1
161,0846,0,0,"[39.06421852385033, -3.969153554062286]","[np.float64(37.76131249306622), np.float64(-5.011013629053059)]",2026-06-13 10:39:00,500.72455615461024,1,3.377675339118288,170.962546833039,13.838908374579173,63.95750206721671,0.20907789099844276,4,4,3,1123,13,0.04097222222222222,0.08616122433177609,0.9188243526941917,ELECTRE-III,1
162,0863,0,0,"[39.06421852385033, -3.969153554062286]","[np.float64(37.3569628721152), np.float64(-6.357247410893716)]",2026-06-13 10:39:00,797.4194494303996,2,4.2320746468758195,282.0666695927152,22.118601160684662,63.16759068970473,7.707238366387893,2,2,2,581,13,0.04097222222222222,7.584321699721226,0.9188243526941917,ELECTRE-III,1
163,0993,0,0,"[39.06421852385033, -3.969153554062286]","[np.float64(36.78983297350138), np.float64(-4.481296075919123)]",2026-06-13 10:39:00,424.45086869103005,1,6.230044844724517,256.85738479242946,20.310092991039422,64.76350537041323,9.205398841777342,1,1,1,893,9,0.04097222222222222,8.959565508444008,0.6014695591322603,ELECTRE-III,1
164,0518,0,0,"[38.466194480880695, -4.152857041318479]","[np.float64(38.95097140340685), np.float64(-1.854129262952509)]",2026-06-13 10:39:10,381.4550443026262,1,6.724554436029099,206.60862216300484,16.578634182118364,65.53241391622743,2.332698247540531,3,3,3,1076,9,0.041087962962962965,2.086170469762753,0.6014695591322603,ELECTRE-III,1
165,0533,0,0,"[38.466194480880695, -4.152857041318479]","[np.float64(38.49767913185075), np.float64(-8.74174169186016)]",2026-06-13 10:39:10,975.5090088570296,2,2.5797288172225596,399.40884085139055,29.921161180156638,61.01735834652551,4.5836180098458055,1,1,1,868,10,0.041087962962962965,4.91232171354951,0.655703289013296,ELECTRE-III,1
166,0536,1,0,"[38.466194480880695, -4.152857041318479]","[np.float64(40.11362793536901), np.float64(-0.1788855911624436)]",2026-06-13 10:39:10,768.3689924852562,1,5.888662453257749,387.91393148047354,29.20317313071298,65.89670888579921,14.459997653303718,1,1,1,1427,12,0.041087962962962965,14.172381912562978,0.8369489153254024,ELECTRE-III,1
167,0562,0,0,"[38.466194480880695, -4.152857041318479]","[np.float64(40.96887992103576), np.float64(-2.978396861987505)]",2026-06-13 10:39:10,258.82238089656283,1,3.346234586705335,295.8532152950217,23.088622457115964,63.68161706626155,9.459997653303718,2,2,2,646,2,0.041087962962962965,9.542173579229644,0.061931420573827854,ELECTRE-III,1
168,0692,1,0,"[38.466194480880695, -4.152857041318479]","[np.float64(41.53267235996247), np.float64(-4.669994470976921)]",2026-06-13 10:39:10,562.1112858801055,1,3.2335379674834615,343.80878252751876,26.353893378684774,62.314445420856785,13.579938960624705,3,3,3,813,5,0.041087962962962965,13.867554701365446,0.2722183344996501,ELECTRE-III,1
169,0846,0,0,"[38.466194480880695, -4.152857041318479]","[np.float64(37.76131249306622), np.float64(-5.011013629053059)]",2026-06-13 10:39:10,500.72455615461024,1,3.377675339118288,108.53435415873366,8.888464577342356,63.986919691971956,7.209077890998443,4,4,3,1123,13,0.041087962962962965,7.0858140021095535,0.9188243526941917,ELECTRE-III,1
170,0863,0,0,"[38.466194480880695, -4.152857041318479]","[np.float64(37.3569628721152), np.float64(-6.357247410893716)]",2026-06-13 10:39:10,797.4194494303996,2,4.2320746468758195,229.36178202327642,18.28833223939044,63.19778012583619,8.707238366387893,2,2,2,581,13,0.041087962962962965,8.583974477499003,0.9188243526941917,ELECTRE-III,1
171,0993,0,0,"[38.466194480880695, -4.152857041318479]","[np.float64(36.78983297350138), np.float64(-4.481296075919123)]",2026-06-13 10:39:10,424.45086869103005,1,6.230044844724517,188.63344706221943,15.205982918190312,64.79358552351798,3.205398841777342,1,1,1,893,9,0.041087962962962965,2.999959026962527,0.6014695591322603,ELECTRE-III,1
172,0518,0,0,"[37.8680030982764, -4.33422204255759]","[np.float64(38.95097140340685), np.float64(-1.854129262952509)]",2026-06-13 10:39:20,381.4550443026262,1,6.724554436029099,247.36804926689098,19.618004862375937,65.55941365401648,0.3326982475405309,3,3,3,1076,9,0.0412037037037037,0.4975130623553457,0.6014695591322603,ELECTRE-III,1
173,0533,0,0,"[37.8680030982764, -4.33422204255759]","[np.float64(38.49767913185075), np.float64(-8.74174169186016)]",2026-06-13 10:39:20,975.5090088570296,2,2.5797288172225596,391.5048579783671,29.428563583773826,61.04728823546851,0.5836180098458055,1,1,1,868,10,0.0412037037037037,0.8308402320680277,0.655703289013296,ELECTRE-III,1
174,0562,0,0,"[37.8680030982764, -4.33422204255759]","[np.float64(40.96887992103576), np.float64(-2.978396861987505)]",2026-06-13 10:39:20,258.82238089656283,1,3.346234586705335,363.92713945941847,27.672098308475434,63.70729174735163,1.4599976533037182,2,2,2,646,2,0.0412037037037037,1.624812468118533,0.061931420573827854,ELECTRE-III,1
175,0692,1,0,"[37.8680030982764, -4.33422204255759]","[np.float64(41.53267235996247), np.float64(-4.669994470976921)]",2026-06-13 10:39:20,562.1112858801055,1,3.2335379674834615,408.5034287373309,30.481988294380645,62.34039330951366,10.579938960624705,3,3,3,813,5,0.0412037037037037,10.209105627291372,0.2722183344996501,ELECTRE-III,1
176,0846,0,0,"[37.8680030982764, -4.33422204255759]","[np.float64(37.76131249306622), np.float64(-5.011013629053059)]",2026-06-13 10:39:20,500.72455615461024,1,3.377675339118288,60.62397702875783,4.992367532224644,64.01632365634886,4.209077890998443,4,4,3,1123,13,0.0412037037037037,4.085466779887332,0.9188243526941917,ELECTRE-III,1
177,0863,0,0,"[37.8680030982764, -4.33422204255759]","[np.float64(37.3569628721152), np.float64(-6.357247410893716)]",2026-06-13 10:39:20,797.4194494303996,2,4.2320746468758195,187.03237084314648,15.08282197824183,63.227962731778476,9.707238366387893,2,2,2,581,13,0.0412037037037037,10.036867996017522,0.9188243526941917,ELECTRE-III,1
178,0993,0,0,"[37.8680030982764, -4.33422204255759]","[np.float64(36.78983297350138), np.float64(-4.481296075919123)]",2026-06-13 10:39:20,424.45086869103005,1,6.230044844724517,120.5903714990871,9.857370058456944,64.82365884643353,7.205398841777342,1,1,1,893,9,0.0412037037037037,7.535028471406972,0.6014695591322603,ELECTRE-III,1
179,0518,0,0,"[37.26966145151035, -4.513335642691535]","[np.float64(38.95097140340685), np.float64(-1.854129262952509)]",2026-06-13 10:39:30,381.4550443026262,1,6.724554436029099,298.43904272196727,23.26903161220033,65.58639290123803,5.332698247540531,3,3,3,1076,9,0.04131944444444444,5.126101025318309,0.6014695591322603,ELECTRE-III,1
180,0533,0,0,"[37.26966145151035, -4.513335642691535]","[np.float64(38.49767913185075), np.float64(-8.74174169186016)]",2026-06-13 10:39:30,975.5090088570296,2,2.5797288172225596,395.3692108209728,29.67000351426954,61.077204464033166,2.5836180098458055,1,1,1,868,10,0.04131944444444444,2.4183402320680276,0.655703289013296,ELECTRE-III,1
181,0846,0,0,"[37.26966145151035, -4.513335642691535]","[np.float64(37.76131249306622), np.float64(-5.011013629053059)]",2026-06-13 10:39:30,500.72455615461024,1,3.377675339118288,70.11000736509797,5.768624197625896,64.04571396034743,2.2090778909984428,4,4,3,1123,13,0.04131944444444444,2.0851195576651094,0.9188243526941917,ELECTRE-III,1
182,0863,0,0,"[37.26966145151035, -4.513335642691535]","[np.float64(37.3569628721152), np.float64(-6.357247410893716)]",2026-06-13 10:39:30,797.4194494303996,2,4.2320746468758195,163.35623738848125,13.245379309452133,63.258131677342426,11.707238366387893,2,2,2,581,13,0.04131944444444444,12.079113366387892,0.9188243526941917,ELECTRE-III,1
183,0993,0,0,"[37.26966145151035, -4.513335642691535]","[np.float64(36.78983297350138), np.float64(-4.481296075919123)]",2026-06-13 10:39:30,424.45086869103005,1,6.230044844724517,53.43031819849986,4.402456308644528,64.85371850897076,1.2053988417773418,1,1,1,893,9,0.04131944444444444,1.5772738417773418,0.6014695591322603,ELECTRE-III,1
184,0518,0,0,"[36.671166125487986, -4.690280230877178]","[np.float64(38.95097140340685), np.float64(-1.854129262952509)]",2026-06-13 10:39:40,381.4550443026262,1,6.724554436029099,355.4042313064984,27.117432611551116,65.61335165789207,6.332698247540531,3,3,3,1076,9,0.041435185185185186,6.042651951244235,0.6014695591322603,ELECTRE-III,1
185,0603,0,0,"[36.671166125487986, -4.690280230877178]","[np.float64(33.40296446410138), np.float64(-6.005855237891437)]",2026-06-13 10:39:40,258.1845531273097,1,5.603590293630021,382.62479622242483,28.869378821983798,64.96390312066141,9.954479079472067,4,4,3,766,12,0.041435185185185186,9.540127227620216,0.8369489153254024,ELECTRE-III,1
186,0846,0,0,"[36.671166125487986, -4.690280230877178]","[np.float64(37.76131249306622), np.float64(-5.011013629053059)]",2026-06-13 10:39:40,500.72455615461024,1,3.377675339118288,124.5013777503436,10.17049390279718,64.07508377377847,4.209077890998443,4,4,3,1123,13,0.041435185185185186,3.7947260391465907,0.9188243526941917,ELECTRE-III,1
187,0863,0,0,"[36.671166125487986, -4.690280230877178]","[np.float64(37.3569628721152), np.float64(-6.357247410893716)]",2026-06-13 10:39:40,797.4194494303996,2,4.2320746468758195,166.49273872886556,13.490482591248284,63.28828696252803,5.707238366387893,2,2,2,581,13,0.041435185185185186,5.334321699721226,0.9188243526941917,ELECTRE-III,1
188,0993,0,0,"[36.671166125487986, -4.690280230877178]","[np.float64(36.78983297350138), np.float64(-4.481296075919123)]",2026-06-13 10:39:40,424.45086869103005,1,6.230044844724517,22.82489187872206,1.8837157767272779,64.88375768094048,10.205398841777342,1,1,1,893,9,0.041435185185185186,9.95678773066623,0.6014695591322603,ELECTRE-III,1
189,0603,0,0,"[36.07252395039846, -4.865134781176796]","[np.float64(33.40296446410138), np.float64(-6.005855237891437)]",2026-06-13 10:39:50,258.1845531273097,1,5.603590293630021,314.6031965045656,24.38567688288999,64.99711833059519,13.954479079472067,4,4,3,766,12,0.04155092592592593,13.538969820212808,0.8369489153254024,ELECTRE-III,1
190,0846,0,0,"[36.07252395039846, -4.865134781176796]","[np.float64(37.76131249306622), np.float64(-5.011013629053059)]",2026-06-13 10:39:50,500.72455615461024,1,3.377675339118288,188.23219005620564,15.175130150170311,64.10444675702037,5.209077890998443,4,4,3,1123,13,0.04155092592592593,5.001323261368813,0.9188243526941917,ELECTRE-III,1
191,0863,0,0,"[36.07252395039846, -4.865134781176796]","[np.float64(37.3569628721152), np.float64(-6.357247410893716)]",2026-06-13 10:39:50,797.4194494303996,2,4.2320746468758195,195.1552548920002,15.706170824551386,63.3184285873353,5.707238366387893,2,2,2,581,13,0.04155092592592593,5.790340218239745,0.9188243526941917,ELECTRE-III,1
192,0993,0,0,"[36.07252395039846, -4.865134781176796]","[np.float64(36.78983297350138), np.float64(-4.481296075919123)]",2026-06-13 10:39:50,424.45086869103005,1,6.230044844724517,86.8391569374125,7.1322636791534775,64.91378319253185,8.205398841777342,1,1,1,893,9,0.04155092592592593,8.579357175110674,0.6014695591322603,ELECTRE-III,1
193,0603,0,0,"[35.473748586620125, -5.037975279444908]","[np.float64(33.40296446410138), np.float64(-6.005855237891437)]",2026-06-13 10:40:00,258.1845531273097,1,5.603590293630021,246.77216120602768,19.5743429002951,65.03031988015061,11.954479079472067,4,4,3,766,12,0.041666666666666664,12.121145746138733,0.8369489153254024,ELECTRE-III,1
194,0846,0,0,"[35.473748586620125, -5.037975279444908]","[np.float64(37.76131249306622), np.float64(-5.011013629053059)]",2026-06-13 10:40:00,500.72455615461024,1,3.377675339118288,254.37723764445,20.12979499435215,64.13378924969474,7.209077890998443,4,4,3,1123,13,0.041666666666666664,6.959077890998443,0.9188243526941917,ELECTRE-III,1
195,0863,0,0,"[35.473748586620125, -5.037975279444908]","[np.float64(37.3569628721152), np.float64(-6.357247410893716)]",2026-06-13 10:40:00,797.4194494303996,2,4.2320746468758195,240.3805745279086,19.1045356385788,63.34856338195339,5.707238366387893,2,2,2,581,13,0.041666666666666664,5.74890503305456,0.9188243526941917,ELECTRE-III,1
196,0993,0,0,"[35.473748586620125, -5.037975279444908]","[np.float64(36.78983297350138), np.float64(-4.481296075919123)]",2026-06-13 10:40:00,424.45086869103005,1,6.230044844724517,154.64525215374138,12.562084715331892,64.94380187393406,2.205398841777342,1,1,1,893,9,0.041666666666666664,2.5387321751106753,0.6014695591322603,ELECTRE-III,1
197,0603,0,0,"[34.874836619058385, -5.20887515021509]","[np.float64(33.40296446410138), np.float64(-6.005855237891437)]",2026-06-13 10:40:10,258.1845531273097,1,5.603590293630021,179.34766739210176,14.489712505745361,65.06352142970604,6.954479079472067,4,4,3,766,12,0.04178240740740741,6.662002227620215,0.8369489153254024,ELECTRE-III,1
198,0846,0,0,"[34.874836619058385, -5.20887515021509]","[np.float64(37.76131249306622), np.float64(-5.011013629053059)]",2026-06-13 10:40:10,500.72455615461024,1,3.377675339118288,321.4508378661415,24.852895003954966,64.16311808199077,3.2090778909984428,4,4,3,1123,13,0.04178240740740741,3.2090778909984428,0.9188243526941917,ELECTRE-III,1
199,0863,0,0,"[34.874836619058385, -5.20887515021509]","[np.float64(37.3569628721152), np.float64(-6.357247410893716)]",2026-06-13 10:40:10,797.4194494303996,2,4.2320746468758195,294.639513407726,23.00377680193976,63.37867768600398,6.707238366387893,2,2,2,581,13,0.04178240740740741,7.083280033054559,0.9188243526941917,ELECTRE-III,1
200,0993,0,0,"[34.874836619058385, -5.20887515021509]","[np.float64(36.78983297350138), np.float64(-4.481296075919123)]",2026-06-13 10:40:10,424.45086869103005,1,6.230044844724517,222.80887503438996,17.79924043981621,64.97380006476875,10.205398841777342,1,1,1,893,9,0.04178240740740741,10.08005161955512,0.6014695591322603,ELECTRE-III,1
201,0603,0,0,"[34.275798292997, -5.377903976039511]","[np.float64(33.40296446410138), np.float64(-6.005855237891437)]",2026-06-13 10:40:20,258.1845531273097,1,5.603590293630021,113.06242628195207,9.25300379619943,65.09670931888314,9.954479079472067,4,4,3,766,12,0.04189814814814815,9.744988338731327,0.8369489153254024,ELECTRE-III,1
202,0846,0,0,"[34.275798292997, -5.377903976039511]","[np.float64(37.76131249306622), np.float64(-5.011013629053059)]",2026-06-13 10:40:20,500.72455615461024,1,3.377675339118288,388.9730520978665,29.269754124903155,64.19243325390846,7.209077890998443,4,4,3,1123,13,0.04189814814814815,7.3766704835910355,0.9188243526941917,ELECTRE-III,1
203,0863,0,0,"[34.275798292997, -5.377903976039511]","[np.float64(37.3569628721152), np.float64(-6.357247410893716)]",2026-06-13 10:40:20,797.4194494303996,2,4.2320746468758195,353.8004712794268,27.012439256849763,63.408785159865396,11.707238366387893,2,2,2,581,13,0.04189814814814815,11.832932810832338,0.9188243526941917,ELECTRE-III,1
204,0993,0,0,"[34.275798292997, -5.377903976039511]","[np.float64(36.78983297350138), np.float64(-4.481296075919123)]",2026-06-13 10:40:20,424.45086869103005,1,6.230044844724517,291.07914627567243,22.754268353998697,65.00378459522511,10.205398841777342,1,1,1,893,9,0.04189814814814815,10.289195138073637,0.6014695591322603,ELECTRE-III,1
205,0996,0,0,"[34.275798292997, -5.377903976039511]","[np.float64(31.61402405519459), np.float64(-7.961106265620023)]",2026-06-13 10:40:20,51.925786705207294,1,4.7918928469106055,381.68083757131484,28.80957912124692,63.951115840342744,3.9618371779142674,3,3,3,864,14,0.04189814814814815,4.255124214951304,1.0,ELECTRE-III,1
206,0603,0,0,"[33.67663360843598, -5.545128778149403]","[np.float64(33.40296446410138), np.float64(-6.005855237891437)]",2026-06-13 10:40:30,258.1845531273097,1,5.603590293630021,52.434419354482856,4.320711684071389,65.12989037787106,12.954479079472067,4,4,3,766,12,0.04201388888888889,12.534340190583178,0.8369489153254024,ELECTRE-III,1
207,0993,0,0,"[33.67663360843598, -5.545128778149403]","[np.float64(36.78983297350138), np.float64(-4.481296075919123)]",2026-06-13 10:40:30,424.45086869103005,1,6.230044844724517,359.39607704778274,27.377912388017737,65.03375546530313,8.205398841777342,1,1,1,893,9,0.04201388888888889,8.205398841777342,0.6014695591322603,ELECTRE-III,1
208,0996,0,0,"[33.67663360843598, -5.545128778149403]","[np.float64(31.61402405519459), np.float64(-7.961106265620023)]",2026-06-13 10:40:30,51.925786705207294,1,4.7918928469106055,322.1132216834156,24.897904336778495,63.98583369189392,0.0,3,3,3,864,14,0.04201388888888889,0.21006944444444448,1.0,ELECTRE-III,1
209,0603,0,0,"[33.07735281065906, -5.710614443341879]","[np.float64(33.40296446410138), np.float64(-6.005855237891437)]",2026-06-13 10:40:40,258.1845531273097,1,5.603590293630021,45.44040269357794,3.7461560076932603,65.1630646066698,7.954479079472067,4,4,3,766,12,0.04212962962962963,7.701701301694289,0.8369489153254024,ELECTRE-III,1
210,0996,0,0,"[33.07735281065906, -5.710614443341879]","[np.float64(31.61402405519459), np.float64(-7.961106265620023)]",2026-06-13 10:40:40,51.925786705207294,1,4.7918928469106055,266.7683125869589,21.02637958231579,64.02054471325593,3.9618371779142674,3,3,3,864,14,0.04212962962962963,3.7090594001364896,1.0,ELECTRE-III,1
211,0520,0,0,"[32.47795931476083, -5.8744228702062955]","[np.float64(30.7477137956541), np.float64(-9.500422258138515)]",2026-06-13 10:40:50,253.0213557655655,1,3.9394014624071256,393.5532033851413,29.556685315983703,62.91714131321871,10.710917415608993,3,3,3,1418,2,0.04224537037037037,10.668672045238623,0.061931420573827854,ELECTRE-III,1
212,0603,0,0,"[32.47795931476083, -5.8744228702062955]","[np.float64(33.40296446410138), np.float64(-6.005855237891437)]",2026-06-13 10:40:50,258.1845531273097,1,5.603590293630021,103.58468916148988,8.489153824059256,65.19622517509022,4.954479079472067,4,4,3,766,12,0.04224537037037037,4.869988338731327,0.8369489153254024,ELECTRE-III,1
213,0996,0,0,"[32.47795931476083, -5.8744228702062955]","[np.float64(31.61402405519459), np.float64(-7.961106265620023)]",2026-06-13 10:40:50,51.925786705207294,1,4.7918928469106055,218.87438700787388,17.504282293798386,64.05524890442877,1.9618371779142674,3,3,3,864,14,0.04224537037037037,2.29980014087723,1.0,ELECTRE-III,1
214,0520,0,0,"[31.8784531207413, -6.036613396011065]","[np.float64(30.7477137956541), np.float64(-9.500422258138515)]",2026-06-13 10:41:00,253.0213557655655,1,3.9394014624071256,352.23640546609107,26.9098552625391,62.952501202551865,10.710917415608993,3,3,3,1418,2,0.04236111111111111,10.62619519338677,0.061931420573827854,ELECTRE-III,1
215,0603,0,0,"[31.8784531207413, -6.036613396011065]","[np.float64(33.40296446410138), np.float64(-6.005855237891437)]",2026-06-13 10:41:00,258.1845531273097,1,5.603590293630021,169.54262625988807,13.728336016863553,65.22938574351063,9.954479079472067,4,4,3,766,12,0.04236111111111111,9.954479079472067,0.8369489153254024,ELECTRE-III,1
216,0996,0,0,"[31.8784531207413, -6.036613396011065]","[np.float64(31.61402405519459), np.float64(-7.961106265620023)]",2026-06-13 10:41:00,51.925786705207294,1,4.7918928469106055,184.33522910165118,14.875024888396023,64.0899530956016,2.9618371779142674,3,3,3,864,14,0.04236111111111111,2.538226066803156,1.0,ELECTRE-III,1
217,0520,0,0,"[31.278844473884224, -6.1972440773641315]","[np.float64(30.7477137956541), np.float64(-9.500422258138515)]",2026-06-13 10:41:10,253.0213557655655,1,3.9394014624071256,320.26982397082384,24.772563172217286,62.98785426169585,7.710917415608993,3,3,3,1418,2,0.04247685185185185,7.8383479711645485,0.061931420573827854,ELECTRE-III,1
218,0603,0,0,"[31.278844473884224, -6.1972440773641315]","[np.float64(33.40296446410138), np.float64(-6.005855237891437)]",2026-06-13 10:41:10,258.1845531273097,1,5.603590293630021,236.87492330654436,18.84571389823712,65.2625326515527,7.954479079472067,4,4,3,766,12,0.04247685185185185,7.529710560953549,0.8369489153254024,ELECTRE-III,1
219,0996,0,0,"[31.278844473884224, -6.1972440773641315]","[np.float64(31.61402405519459), np.float64(-7.961106265620023)]",2026-06-13 10:41:10,51.925786705207294,1,4.7918928469106055,171.42474515091644,13.874878153901678,64.12465045658526,1.9618371779142674,3,3,3,864,14,0.04247685185185185,2.301651992729082,1.0,ELECTRE-III,1
220,0520,0,0,"[30.679133374189593, -6.356370409552504]","[np.float64(30.7477137956541), np.float64(-9.500422258138515)]",2026-06-13 10:41:20,253.0213557655655,1,3.9394014624071256,300.6520524346366,23.423042983450603,63.02320732083984,10.710917415608993,3,3,3,1418,2,0.04259259259259259,10.881287785979364,0.061931420573827854,ELECTRE-III,1
221,0603,0,0,"[30.679133374189593, -6.356370409552504]","[np.float64(33.40296446410138), np.float64(-6.005855237891437)]",2026-06-13 10:41:20,258.1845531273097,1,5.603590293630021,304.6725042441094,23.701924520711557,65.29567272940561,8.954479079472067,4,4,3,766,12,0.04259259259259259,9.124849449842438,0.8369489153254024,ELECTRE-III,1
222,0996,0,0,"[30.679133374189593, -6.356370409552504]","[np.float64(31.61402405519459), np.float64(-7.961106265620023)]",2026-06-13 10:41:20,51.925786705207294,1,4.7918928469106055,184.73616456027196,14.905939823353307,64.15934098737975,4.961837177914267,3,3,3,864,14,0.04259259259259259,4.876651992729082,1.0,ELECTRE-III,1
223,0520,0,0,"[30.079326651846582, -6.514044899655425]","[np.float64(30.7477137956541), np.float64(-9.500422258138515)]",2026-06-13 10:41:30,253.0213557655655,1,3.9394014624071256,295.85137787275795,23.088494090169444,63.058560379983824,12.710917415608993,3,3,3,1418,2,0.042708333333333334,13.095292415608993,0.061931420573827854,ELECTRE-III,1
224,0603,0,0,"[30.079326651846582, -6.514044899655425]","[np.float64(33.40296446410138), np.float64(-6.005855237891437)]",2026-06-13 10:41:30,258.1845531273097,1,5.603590293630021,372.6816708487782,28.236033696456214,65.32879914688017,12.954479079472067,4,4,3,766,12,0.042708333333333334,12.8690624128054,0.8369489153254024,ELECTRE-III,1
225,0996,0,0,"[30.079326651846582, -6.514044899655425]","[np.float64(31.61402405519459), np.float64(-7.961106265620023)]",2026-06-13 10:41:30,51.925786705207294,1,4.7918928469106055,219.5518972877213,17.555142236748566,64.19403151817426,0.0,3,3,3,864,14,0.042708333333333334,0.384375,1.0,ELECTRE-III,1
226,0520,0,0,"[29.47942772194978, -6.67032005475214]","[np.float64(30.7477137956541), np.float64(-9.500422258138515)]",2026-06-13 10:41:40,253.0213557655655,1,3.9394014624071256,306.5657728977956,23.832841785880184,63.09390660893864,11.710917415608993,3,3,3,1418,2,0.04282407407407408,11.710917415608993,0.061931420573827854,ELECTRE-III,1
227,0996,0,0,"[29.47942772194978, -6.67032005475214]","[np.float64(31.61402405519459), np.float64(-7.961106265620023)]",2026-06-13 10:41:40,51.925786705207294,1,4.7918928469106055,267.60729626077983,21.086703643589196,64.22871521877957,1.9618371779142674,3,3,3,864,14,0.04282407407407408,1.5764205112476006,1.0,ELECTRE-III,1
228,0520,0,0,"[28.879436584499178, -6.825244539940485]","[np.float64(30.7477137956541), np.float64(-9.500422258138515)]",2026-06-13 10:41:50,253.0213557655655,1,3.9394014624071256,331.29473408137295,25.518406479030073,63.12924600770428,9.710917415608993,3,3,3,1418,2,0.04293981481481481,10.011496119312696,0.061931420573827854,ELECTRE-III,1
229,0996,0,0,"[28.879436584499178, -6.825244539940485]","[np.float64(31.61402405519459), np.float64(-7.961106265620023)]",2026-06-13 10:41:50,51.925786705207294,1,4.7918928469106055,323.04811635728515,24.96137510929452,64.26339208919573,0.0,3,3,3,864,14,0.04293981481481481,0.25763888888888886,1.0,ELECTRE-III,1
230,0520,0,0,"[28.279360069683953, -6.978866593431473]","[np.float64(30.7477137956541), np.float64(-9.500422258138515)]",2026-06-13 10:42:00,253.0213557655655,1,3.9394014624071256,367.21867661682006,27.88481829650886,63.16458540646993,5.710917415608993,3,3,3,1418,2,0.043055555555555555,5.53869519338677,0.061931420573827854,ELECTRE-III,1
231,0996,0,0,"[28.279360069683953, -6.978866593431473]","[np.float64(31.61402405519459), np.float64(-7.961106265620023)]",2026-06-13 10:42:00,51.925786705207294,1,4.7918928469106055,382.6782380924836,28.872762303986633,64.29806212942272,0.0,3,3,3,864,14,0.043055555555555555,0.0,1.0,ELECTRE-III,1
232,0290,0,0,"[19.269999044978633, -9.155109577630576]","[np.float64(16.51776549961032), np.float64(-7.265073856058398)]",2026-06-13 10:44:30,663.2863241561815,1,3.1515308485448923,365.57556495186645,27.77873401226993,64.55311505340933,5.710917415608993,2,2,2,1379,14,0.04479166666666667,5.263000748942326,1.0,ELECTRE-III,1
233,0290,0,0,"[18.66894922820668, -9.293290280955457]","[np.float64(16.51776549961032), np.float64(-7.265073856058398)]",2026-06-13 10:44:40,663.2863241561815,1,3.1515308485448923,321.59838390215396,24.862923673782966,64.5907493957361,1.7109174156089928,2,2,2,1379,14,0.04490740740740741,1.7109174156089928,1.0,ELECTRE-III,1
234,0290,0,0,"[18.06785843029971, -9.43078711158969]","[np.float64(16.51776549961032), np.float64(-7.265073856058398)]",2026-06-13 10:44:50,663.2863241561815,1,3.1515308485448923,287.35446197621195,22.4922656487322,64.6283769078737,6.710917415608993,2,2,2,1379,14,0.045023148148148145,7.02607945264603,1.0,ELECTRE-III,1
235,0290,0,0,"[17.466731773899596, -9.56762909783725]","[np.float64(16.51776549961032), np.float64(-7.265073856058398)]",2026-06-13 10:45:00,663.2863241561815,1,3.1515308485448923,266.6202145696848,21.01572605802862,64.6660044200113,5.710917415608993,2,2,2,1379,14,0.04513888888888889,5.981750748942326,1.0,ELECTRE-III,1
236,0290,0,0,"[16.86556925900634, -9.703843560454814]","[np.float64(16.51776549961032), np.float64(-7.265073856058398)]",2026-06-13 10:45:10,663.2863241561815,1,3.1515308485448923,262.6140384038993,20.72696306758182,64.70362510195973,7.710917415608993,2,2,2,1379,14,0.04525462962962963,7.982445193386771,1.0,ELECTRE-III,1
237,0290,0,0,"[16.26437259316723, -9.83945611265177]","[np.float64(16.51776549961032), np.float64(-7.265073856058398)]",2026-06-13 10:45:20,663.2863241561815,1,3.1515308485448923,276.0640331311408,21.69200929985929,64.74124578390816,4.710917415608993,2,2,2,1379,14,0.04537037037037037,4.620176674868252,1.0,ELECTRE-III,1
238,0290,0,0,"[15.663145191476858, -9.974494928958448]","[np.float64(16.51776549961032), np.float64(-7.265073856058398)]",2026-06-13 10:45:30,663.2863241561815,1,3.1515308485448923,304.66622512210995,23.701489888742568,64.77885963566742,1.7109174156089928,2,2,2,1379,14,0.04548611111111111,2.1202924156089926,1.0,ELECTRE-III,1
239,0290,0,0,"[15.061887053935221, -10.108983061263292]","[np.float64(16.51776549961032), np.float64(-7.265073856058398)]",2026-06-13 10:45:40,663.2863241561815,1,3.1515308485448923,344.66776700342115,26.410807198767113,64.81647348742668,6.710917415608993,2,2,2,1379,14,0.04560185185185185,6.574111860053438,1.0,ELECTRE-III,1
240,0290,0,0,"[14.460601595636904, -10.242947830322983]","[np.float64(16.51776549961032), np.float64(-7.265073856058398)]",2026-06-13 10:45:50,663.2863241561815,1,3.1515308485448923,392.5989099211289,29.49703564142305,64.85408050899677,1.7109174156089928,2,2,2,1379,14,0.045717592592592594,1.5280470452386223,1.0,ELECTRE-III,1
241,0445,0,0,"[13.257954693185752, -10.509401193807996]","[np.float64(10.22615855566197), np.float64(-9.42958483369425)]",2026-06-13 10:46:10,951.313534184742,2,5.597926550278876,357.02463595607526,27.223315877967572,60.37719886656607,5.83085872292998,2,2,2,536,5,0.04594907407407407,5.922756871078128,0.2722183344996501,ELECTRE-III,1
242,0445,0,0,"[12.65659751790115, -10.641938453331154]","[np.float64(10.22615855566197), np.float64(-9.42958483369425)]",2026-06-13 10:46:20,951.313534184742,2,5.597926550278876,300.8183632158237,23.434602708732278,60.41284562384436,11.83085872292998,2,2,2,536,5,0.046064814814814815,12.199377241448499,0.2722183344996501,ELECTRE-III,1
243,0464,0,0,"[12.65659751790115, -10.641938453331154]","[np.float64(9.919447044330399), np.float64(-13.04980515197564)]",2026-06-13 10:46:20,725.4339921485298,2,6.573602135224682,401.94300255935445,30.078075127909877,57.13956625657496,5.961837177914267,3,3,3,1174,13,0.046064814814814815,6.330355696432786,0.9188243526941917,ELECTRE-III,1
244,0445,0,0,"[12.05521899827539, -10.774046264710249]","[np.float64(10.22615855566197), np.float64(-9.42958483369425)]",2026-06-13 10:46:30,951.313534184742,2,5.597926550278876,250.75385189594317,19.865638745617538,60.44847872074432,5.83085872292998,2,2,2,536,5,0.04618055555555556,5.923219834041091,0.2722183344996501,ELECTRE-III,1
245,0464,0,0,"[12.05521899827539, -10.774046264710249]","[np.float64(9.919447044330399), np.float64(-13.04980515197564)]",2026-06-13 10:46:30,725.4339921485298,2,6.573602135224682,343.6594045425098,26.343990302712232,57.17583797616231,5.961837177914267,3,3,3,1174,13,0.04618055555555556,6.331281622358712,0.9188243526941917,ELECTRE-III,1
246,0445,0,0,"[11.453821695629413, -10.905748533607373]","[np.float64(10.22615855566197), np.float64(-9.42958483369425)]",2026-06-13 10:46:40,951.313534184742,2,5.597926550278876,211.24289384562425,16.929440012209806,60.484104987455105,6.83085872292998,2,2,2,536,5,0.046296296296296294,6.367895759967017,0.2722183344996501,ELECTRE-III,1
247,0464,0,0,"[11.453821695629413, -10.905748533607373]","[np.float64(9.919447044330399), np.float64(-13.04980515197564)]",2026-06-13 10:46:40,725.4339921485298,2,6.573602135224682,289.80981119348854,22.665092655262697,57.212099450465914,0.9618371779142674,3,3,3,1174,13,0.046296296296296294,1.1470223630994525,0.9188243526941917,ELECTRE-III,1
248,0445,0,0,"[10.852407317510512, -11.037066604363684]","[np.float64(10.22615855566197), np.float64(-9.42958483369425)]",2026-06-13 10:46:50,951.313534184742,2,5.597926550278876,189.02190223814114,15.235842748645599,60.519717593787554,6.83085872292998,2,2,2,536,5,0.046412037037037036,6.413150389596646,0.2722183344996501,ELECTRE-III,1
249,0464,0,0,"[10.852407317510512, -11.037066604363684]","[np.float64(9.919447044330399), np.float64(-13.04980515197564)]",2026-06-13 10:46:50,725.4339921485298,2,6.573602135224682,243.35626775018258,19.323597377403022,57.248357509674925,3.9618371779142674,3,3,3,1174,13,0.046412037037037036,4.240309400136489,0.9188243526941917,ELECTRE-III,1
250,0445,0,0,"[10.25097757146598, -11.168022675093985]","[np.float64(10.22615855566197), np.float64(-9.42958483369425)]",2026-06-13 10:47:00,951.313534184742,2,5.597926550278876,190.24736144966505,15.329985934479327,60.555323369930825,6.83085872292998,2,2,2,536,5,0.04652777777777778,6.598219834041091,0.2722183344996501,ELECTRE-III,1
251,0464,0,0,"[10.25097757146598, -11.168022675093985]","[np.float64(9.919447044330399), np.float64(-13.04980515197564)]",2026-06-13 10:47:00,725.4339921485298,2,6.573602135224682,209.28355902027397,16.781279832924017,57.28460532360018,0.9618371779142674,3,3,3,1174,13,0.04652777777777778,0.6361427334698229,0.9188243526941917,ELECTRE-III,1
252,0445,0,0,"[9.649533311269458, -11.298639797686723]","[np.float64(10.22615855566197), np.float64(-9.42958483369425)]",2026-06-13 10:47:10,951.313534184742,2,5.597926550278876,214.51653695879358,17.176464742083503,60.59092231588493,5.83085872292998,2,2,2,536,5,0.04664351851851852,5.690928167374424,0.2722183344996501,ELECTRE-III,1
253,0464,0,0,"[9.649533311269458, -11.298639797686723]","[np.float64(9.919447044330399), np.float64(-13.04980515197564)]",2026-06-13 10:47:10,725.4339921485298,2,6.573602135224682,194.2211251186099,15.634676641240771,57.32084630733627,4.961837177914267,3,3,3,1174,13,0.04664351851851852,4.775263103840193,0.9188243526941917,ELECTRE-III,1
254,0445,0,0,"[9.048077952015536, -11.428937608935765]","[np.float64(10.22615855566197), np.float64(-9.42958483369425)]",2026-06-13 10:47:20,951.313534184742,2,5.597926550278876,255.3397754279712,20.199817731360447,60.6265076014607,7.83085872292998,2,2,2,536,5,0.04675925925925926,7.784099463670721,0.2722183344996501,ELECTRE-III,1
255,0464,0,0,"[9.048077952015536, -11.428937608935765]","[np.float64(9.919447044330399), np.float64(-13.04980515197564)]",2026-06-13 10:47:20,725.4339921485298,2,6.573602135224682,202.45790499523267,16.26334232398314,57.35708046088319,7.961837177914267,3,3,3,1174,13,0.04675925925925926,8.33591125198834,0.9188243526941917,ELECTRE-III,1
256,0445,0,0,"[8.446611493704214, -11.55893830695591]","[np.float64(10.22615855566197), np.float64(-9.42958483369425)]",2026-06-13 10:47:30,951.313534184742,2,5.597926550278876,306.16438935737057,23.80510860532384,60.66207922665813,6.83085872292998,2,2,2,536,5,0.046875,6.36210872292998,0.2722183344996501,ELECTRE-III,1
257,0464,0,0,"[8.446611493704214, -11.55893830695591]","[np.float64(9.919447044330399), np.float64(-13.04980515197564)]",2026-06-13 10:47:30,725.4339921485298,2,6.573602135224682,231.52055865311596,18.448859078083544,57.39330095405177,4.961837177914267,3,3,3,1174,13,0.046875,5.289962177914267,0.9188243526941917,ELECTRE-III,1
258,0843,0,0,"[8.446611493704214, -11.55893830695591]","[np.float64(5.615831434716668), np.float64(-10.0931941724835)]",2026-06-13 10:47:30,683.3597043375014,1,2.5752180482493103,353.89182691374265,27.018425316275824,57.609565233741876,13.954479079472067,3,3,3,1016,2,0.046875,13.813854079472067,0.061931420573827854,ELECTRE-III,1
259,0445,0,0,"[7.845135643882782, -11.688663236088315]","[np.float64(10.22615855566197), np.float64(-9.42958483369425)]",2026-06-13 10:47:40,951.313534184742,2,5.597926550278876,362.8104178923446,27.599739722239477,60.697644021666385,5.83085872292998,2,2,2,536,5,0.04699074074074074,5.454932797004054,0.2722183344996501,ELECTRE-III,1
260,0464,0,0,"[7.845135643882782, -11.688663236088315]","[np.float64(9.919447044330399), np.float64(-13.04980515197564)]",2026-06-13 10:47:40,725.4339921485298,2,6.573602135224682,274.88114759682696,21.60764408120243,57.429521447220345,5.961837177914267,3,3,3,1174,13,0.04699074074074074,5.820864955692045,0.9188243526941917,ELECTRE-III,1
261,0843,0,0,"[7.845135643882782, -11.688663236088315]","[np.float64(5.615831434716668), np.float64(-10.0931941724835)]",2026-06-13 10:47:40,683.3597043375014,1,2.5752180482493103,304.1144321109545,23.663284252476164,57.64318342483668,12.954479079472067,3,3,3,1016,2,0.04699074074074074,13.14244204243503,0.061931420573827854,ELECTRE-III,1
262,0464,0,0,"[7.243652110098534, -11.8181311793532]","[np.float64(9.919447044330399), np.float64(-13.04980515197564)]",2026-06-13 10:47:50,725.4339921485298,2,6.573602135224682,326.89903179378933,25.222126942476496,57.46572828001058,2.9618371779142674,3,3,3,1174,13,0.04710648148148148,2.5849853260624154,0.9188243526941917,ELECTRE-III,1
263,0843,0,0,"[7.243652110098534, -11.8181311793532]","[np.float64(5.615831434716668), np.float64(-10.0931941724835)]",2026-06-13 10:47:50,683.3597043375014,1,2.5752180482493103,262.84613938587717,20.743723032450724,57.676787955553145,9.954479079472067,3,3,3,1016,2,0.04710648148148148,9.483414264657252,0.061931420573827854,ELECTRE-III,1
264,0464,0,0,"[6.642163026785585, -11.947363481091719]","[np.float64(9.919447044330399), np.float64(-13.04980515197564)]",2026-06-13 10:48:00,725.4339921485298,2,6.573602135224682,384.0725765339539,28.960962011222783,57.501935112800815,5.961837177914267,3,3,3,1174,13,0.04722222222222222,5.5368371779142675,0.9188243526941917,ELECTRE-III,1
265,0843,0,0,"[6.642163026785585, -11.947363481091719]","[np.float64(5.615831434716668), np.float64(-10.0931941724835)]",2026-06-13 10:48:00,683.3597043375014,1,2.5752180482493103,234.61933315876308,18.678760288681467,57.7103719957021,9.954479079472067,3,3,3,1016,2,0.04722222222222222,10.096145746138735,0.061931420573827854,ELECTRE-III,1
266,0843,0,0,"[6.0406696746044055, -12.076381485645028]","[np.float64(5.615831434716668), np.float64(-10.0931941724835)]",2026-06-13 10:48:10,683.3597043375014,1,2.5752180482493103,224.40866550380744,17.918895204502018,57.74394920566188,14.954479079472067,3,3,3,1016,2,0.047337962962962964,15.096492968360955,0.061931420573827854,ELECTRE-III,1
267,0843,0,0,"[5.439172907328641, -12.2052031222597]","[np.float64(5.615831434716668), np.float64(-10.0931941724835)]",2026-06-13 10:48:20,683.3597043375014,1,2.5752180482493103,234.57671013706295,18.675602251687284,57.77751275524332,10.954479079472067,3,3,3,1016,2,0.047453703703703706,11.381562412805401,0.061931420573827854,ELECTRE-III,1
268,0843,0,0,"[4.837674859392407, -12.333848881503243]","[np.float64(5.615831434716668), np.float64(-10.0931941724835)]",2026-06-13 10:48:30,683.3597043375014,1,2.5752180482493103,262.76678694511355,20.737993426392126,57.81105581425725,11.954479079472067,3,3,3,1016,2,0.04756944444444444,12.0971874128054,0.061931420573827854,ELECTRE-III,1
269,0843,0,0,"[4.236177238342996, -12.46233925394317]","[np.float64(5.615831434716668), np.float64(-10.0931941724835)]",2026-06-13 10:48:40,683.3597043375014,1,2.5752180482493103,304.00472912748296,23.6556858568994,57.844585212892845,13.954479079472067,3,3,3,1016,2,0.047685185185185185,14.192905005397993,0.061931420573827854,ELECTRE-III,1
270,0843,0,0,"[3.634680897954054, -12.590693022599696]","[np.float64(5.615831434716668), np.float64(-10.0931941724835)]",2026-06-13 10:48:50,683.3597043375014,1,2.5752180482493103,353.75527848643554,27.009477772474483,57.8781009511501,8.954479079472067,3,3,3,1016,2,0.04780092592592593,8.763275375768364,0.061931420573827854,ELECTRE-III,1
271,0147,0,0,"[-1.3800417495134862, -38.3526494161184]","[np.float64(-3.656058762301151), np.float64(-40.57412831742484)]",2026-06-13 12:29:00,892.8562555158312,2,3.9331665438577237,353.4717300569895,26.9908932786752,47.826425738344156,9.081778485235255,2,2,2,1190,9,0.11736111111111111,8.61233404079081,0.6014695591322603,ELECTRE-III,1
272,0434,1,0,"[-1.3800417495134862, -38.3526494161184]","[np.float64(-4.33049508362691), np.float64(-39.17296921522781)]",2026-06-13 12:29:00,920.9407036163622,1,3.417388971859327,340.4872666192883,26.133292054783336,48.411940289848914,10.329019198319429,3,3,3,1332,14,0.11736111111111111,11.267908087208317,1.0,ELECTRE-III,1
273,0147,0,0,"[-1.9814549536936241, -38.48065399135361]","[np.float64(-3.656058762301151), np.float64(-40.57412831742484)]",2026-06-13 12:29:10,892.8562555158312,2,3.9331665438577237,297.87042372460337,23.22940168580118,47.85767043870238,2.0817784852352545,2,2,2,1190,9,0.11747685185185185,1.2594405222722918,0.6014695591322603,ELECTRE-III,1
274,0434,1,0,"[-1.9814549536936241, -38.48065399135361]","[np.float64(-4.33049508362691), np.float64(-39.17296921522781)]",2026-06-13 12:29:10,920.9407036163622,1,3.417388971859327,272.2751799229302,21.421435121822352,48.44233463165547,11.329019198319429,3,3,3,1332,14,0.11747685185185185,10.271727531652763,1.0,ELECTRE-III,1
275,0147,0,0,"[-2.5828518294527774, -38.60872003829135]","[np.float64(-3.656058762301151), np.float64(-40.57412831742484)]",2026-06-13 12:29:20,892.8562555158312,2,3.9331665438577237,248.71556663160766,19.71665280609761,47.888901478682264,0.08177848523525455,2,2,2,1190,9,0.1175925925925926,0.5521488556056249,0.6014695591322603,ELECTRE-III,1
276,0434,1,0,"[-2.5828518294527774, -38.60872003829135]","[np.float64(-4.33049508362691), np.float64(-39.17296921522781)]",2026-06-13 12:29:20,920.9407036163622,1,3.417388971859327,204.17100358570664,16.393594577915266,48.4727118979891,14.329019198319429,3,3,3,1332,14,0.1175925925925926,15.387352531652763,1.0,ELECTRE-III,1
277,0147,0,0,"[-3.1842307759653594, -38.73686463240455]","[np.float64(-3.656058762301151), np.float64(-40.57412831742484)]",2026-06-13 12:29:30,892.8562555158312,2,3.9331665438577237,210.57089440017447,16.878651198469647,47.92011544318922,9.081778485235255,2,2,2,1190,9,0.11770833333333333,8.022403485235255,0.6014695591322603,ELECTRE-III,1
278,0434,1,0,"[-3.1842307759653594, -38.73686463240455]","[np.float64(-4.33049508362691), np.float64(-39.17296921522781)]",2026-06-13 12:29:30,920.9407036163622,1,3.417388971859327,136.33469264839562,11.114094915368897,48.503072088849805,12.329019198319429,3,3,3,1332,14,0.11770833333333333,12.446727531652762,1.0,ELECTRE-III,1
278,0434,1,0,"[-3.1842307759653594, -38.73686463240455]","[np.float64(-4.33049508362691), np.float64(-39.17296921522781)]",2026-06-13 12:29:30,920.9407036163622,1,3.417388971859327,136.33469264839562,11.114094915368897,48.503072088849805,12.329019198319429,3,3,3,1332,14,0.11770833333333333,12.446727531652762,1.0,ELECTRE-III,1
279,0147,0,0,"[-3.785590512570901, -38.865108264260705]","[np.float64(-3.656058762301151), np.float64(-40.57412831742484)]",2026-06-13 12:29:40,892.8562555158312,2,3.9331665438577237,190.1801839202059,15.324827361343438,47.951315747317835,3.0817784852352545,2,2,2,1190,9,0.11782407407407407,2.37483404079081,0.6014695591322603,ELECTRE-III,1
280,0434,1,0,"[-3.785590512570901, -38.865108264260705]","[np.float64(-4.33049508362691), np.float64(-39.17296921522781)]",2026-06-13 12:29:40,920.9407036163622,1,3.417388971859327,69.55019043308955,5.722869642516084,48.53341520423759,14.329019198319429,3,3,3,1332,14,0.11782407407407407,13.739898827949059,1.0,ELECTRE-III,1
280,0434,1,0,"[-3.785590512570901, -38.865108264260705]","[np.float64(-4.33049508362691), np.float64(-39.17296921522781)]",2026-06-13 12:29:40,920.9407036163622,1,3.417388971859327,69.55019043308955,5.722869642516084,48.53341520423759,14.329019198319429,3,3,3,1332,14,0.11782407407407407,13.739898827949059,1.0,ELECTRE-III,1
281,0147,0,0,"[-4.386929758608932, -38.99347142442734]","[np.float64(-3.656058762301151), np.float64(-40.57412831742484)]",2026-06-13 12:29:50,892.8562555158312,2,3.9331665438577237,193.24686166201204,15.5600575710165,47.982498975973535,8.081778485235255,2,2,2,1190,9,0.11793981481481482,7.020320151901921,0.6014695591322603,ELECTRE-III,1
282,0434,1,0,"[-4.386929758608932, -38.99347142442734]","[np.float64(-4.33049508362691), np.float64(-39.17296921522781)]",2026-06-13 12:29:50,920.9407036163622,1,3.417388971859327,20.867446795694953,1.7222716199895227,48.563741244152446,14.329019198319429,3,3,3,1332,14,0.11793981481481482,14.446959013134244,1.0,ELECTRE-III,1
282,0434,1,0,"[-4.386929758608932, -38.99347142442734]","[np.float64(-4.33049508362691), np.float64(-39.17296921522781)]",2026-06-13 12:29:50,920.9407036163622,1,3.417388971859327,20.867446795694953,1.7222716199895227,48.563741244152446,14.329019198319429,3,3,3,1332,14,0.11793981481481482,14.446959013134244,1.0,ELECTRE-III,1
283,0147,0,0,"[-4.988246806532161, -39.12197460347196]","[np.float64(-3.656058762301151), np.float64(-40.57412831742484)]",2026-06-13 12:30:00,892.8562555158312,2,3.9331665438577237,218.78608164314207,17.497651208231066,48.0136651291563,2.0817784852352545,2,2,2,1190,9,0.11805555555555555,3.1442784852352545,0.6014695591322603,ELECTRE-III,1
284,0434,1,0,"[-4.988246806532161, -39.12197460347196]","[np.float64(-4.33049508362691), np.float64(-39.17296921522781)]",2026-06-13 12:30:00,920.9407036163622,1,3.417388971859327,73.35678738685172,6.0338403631424455,48.59404679349979,19.32901919831943,3,3,3,1332,14,0.11805555555555555,19.447074753874986,1.0,ELECTRE-III,1
284,0434,1,0,"[-4.988246806532161, -39.12197460347196]","[np.float64(-4.33049508362691), np.float64(-39.17296921522781)]",2026-06-13 12:30:00,920.9407036163622,1,3.417388971859327,73.35678738685172,6.0338403631424455,48.59404679349979,19.32901919831943,3,3,3,1332,14,0.11805555555555555,19.447074753874986,1.0,ELECTRE-III,1
285,0587,0,0,"[-4.988246806532161, -39.12197460347196]","[np.float64(-4.793908467388751), np.float64(-42.76470313767426)]",2026-06-13 12:30:00,509.2443395335207,1,3.076691977283626,404.1559671647215,30.2146948709181,45.61991605149861,8.332698247540531,3,3,3,880,6,0.11805555555555555,9.041031580873865,0.37508747375787266,ELECTRE-III,1
286,0147,0,0,"[-5.589539948793295, -39.250631461772905]","[np.float64(-3.656058762301151), np.float64(-40.57412831742484)]",2026-06-13 12:30:10,892.8562555158312,2,3.9331665438577237,260.26411836047066,20.557067103672722,48.04481420686614,9.081778485235255,2,2,2,1190,9,0.1181712962962963,9.436292374124143,0.6014695591322603,ELECTRE-III,1
287,0434,1,0,"[-5.589539948793295, -39.250631461772905]","[np.float64(-4.33049508362691), np.float64(-39.17296921522781)]",2026-06-13 12:30:10,920.9407036163622,1,3.417388971859327,140.26368694510208,11.426077687894592,48.624335267374214,16.32901919831943,3,3,3,1332,14,0.1181712962962963,17.038046976097206,1.0,ELECTRE-III,1
287,0434,1,0,"[-5.589539948793295, -39.250631461772905]","[np.float64(-4.33049508362691), np.float64(-39.17296921522781)]",2026-06-13 12:30:10,920.9407036163622,1,3.417388971859327,140.26368694510208,11.426077687894592,48.624335267374214,16.32901919831943,3,3,3,1332,14,0.1181712962962963,17.038046976097206,1.0,ELECTRE-III,1
288,0587,0,0,"[-5.589539948793295, -39.250631461772905]","[np.float64(-4.793908467388751), np.float64(-42.76470313767426)]",2026-06-13 12:30:10,509.2443395335207,1,3.076691977283626,399.07081022177425,29.900192994157962,45.65138956319403,2.332698247540531,3,3,3,880,6,0.1181712962962963,3.2780686179109013,0.37508747375787266,ELECTRE-III,1
289,0147,0,0,"[-6.1908087585055105, -39.37946590499227]","[np.float64(-3.656058762301151), np.float64(-40.57412831742484)]",2026-06-13 12:30:20,892.8562555158312,2,3.9331665438577237,311.37455976099756,24.164176658547735,48.07594962419765,0.08177848523525455,2,2,2,1190,9,0.11828703703703704,0.4366395963463657,0.6014695591322603,ELECTRE-III,1
290,0434,1,0,"[-6.1908087585055105, -39.37946590499227]","[np.float64(-4.33049508362691), np.float64(-39.17296921522781)]",2026-06-13 12:30:20,920.9407036163622,1,3.417388971859327,208.11744257837464,16.692990966558565,48.6546100808703,18.32901919831943,3,3,3,1332,14,0.11828703703703704,17.974158087208316,1.0,ELECTRE-III,1
291,0587,0,0,"[-6.1908087585055105, -39.37946590499227]","[np.float64(-4.793908467388751), np.float64(-42.76470313767426)]",2026-06-13 12:30:20,509.2443395335207,1,3.076691977283626,405.60409116300826,30.303891544916326,45.68284599941652,2.332698247540531,3,3,3,880,6,0.11828703703703704,2.569272321614605,0.37508747375787266,ELECTRE-III,1
292,0147,0,0,"[-6.792050674347869, -39.50850183879215]","[np.float64(-3.656058762301151), np.float64(-40.57412831742484)]",2026-06-13 12:30:30,892.8562555158312,2,3.9331665438577237,368.1263098015099,27.943328913296995,48.10706796605622,8.081778485235255,2,2,2,1190,9,0.11840277777777777,7.608167374124143,0.6014695591322603,ELECTRE-III,1
293,0434,1,0,"[-6.792050674347869, -39.50850183879215]","[np.float64(-4.33049508362691), np.float64(-39.17296921522781)]",2026-06-13 12:30:30,920.9407036163622,1,3.417388971859327,276.21993772834617,21.703121297446938,48.68486440379887,18.32901919831943,3,3,3,1332,14,0.11840277777777777,18.32901919831943,1.0,ELECTRE-III,1
294,0607,0,0,"[-6.792050674347869, -39.50850183879215]","[np.float64(-8.807639740315384), np.float64(-36.61539432253027)]",2026-06-13 12:30:30,664.6943329629897,1,4.818650059032148,389.6207074954077,29.310425923088463,47.21785588329602,2.83085872292998,3,3,3,1466,13,0.11840277777777777,3.0676642784855357,0.9188243526941917,ELECTRE-III,1
295,0434,1,0,"[-7.393263988773079, -39.6377495084563]","[np.float64(-4.33049508362691), np.float64(-39.17296921522781)]",2026-06-13 12:30:40,920.9407036163622,1,3.417388971859327,344.4225010935473,26.39456231181998,48.715101651254514,11.329019198319429,3,3,3,1332,14,0.11851851851851852,10.617908087208319,1.0,ELECTRE-III,1
296,0607,0,0,"[-7.393263988773079, -39.6377495084563]","[np.float64(-8.807639740315384), np.float64(-36.61539432253027)]",2026-06-13 12:30:40,664.6943329629897,1,4.818650059032148,368.0069244243426,27.93563634547499,47.24483513051757,4.83085872292998,3,3,3,1466,13,0.11851851851851852,5.66048835255961,0.9188243526941917,ELECTRE-III,1
297,0607,0,0,"[-7.994448701781138, -39.767236234741404]","[np.float64(-8.807639740315384), np.float64(-36.61539432253027)]",2026-06-13 12:30:50,664.6943329629897,1,4.818650059032148,358.3021048596796,27.306648800875376,47.27179047207702,3.83085872292998,3,3,3,1466,13,0.11863425925925926,3.712224463670721,0.9188243526941917,ELECTRE-III,1
298,0607,0,0,"[-8.595602678937933, -39.89697909312038]","[np.float64(-8.807639740315384), np.float64(-36.61539432253027)]",2026-06-13 12:31:00,664.6943329629897,1,4.818650059032148,361.46441814345104,27.512397782721767,47.29872532306897,2.83085872292998,3,3,3,1466,13,0.11875,2.59335872292998,0.9188243526941917,ELECTRE-III,1
299,0117,0,0,"[-9.196723358922524, -40.02700198925533]","[np.float64(-12.18679298318225), np.float64(-38.80341622107851)]",2026-06-13 12:31:10,894.1114093165849,2,7.315178156453961,358.34816078965713,27.309650826539073,43.363371813888136,7.205398841777342,3,3,3,695,2,0.11886574074074074,6.135607175110675,0.061931420573827854,ELECTRE-III,1
300,0607,0,0,"[-9.196723358922524, -40.02700198925533]","[np.float64(-8.807639740315384), np.float64(-36.61539432253027)]",2026-06-13 12:31:10,664.6943329629897,1,4.818650059032148,377.16871905909744,28.522787572928706,47.32563968349341,0.0,3,3,3,1466,13,0.11886574074074074,0.0,0.9188243526941917,ELECTRE-III,1
301,0117,0,0,"[-9.797810741734912, -40.157321998619175]","[np.float64(-12.18679298318225), np.float64(-38.80341622107851)]",2026-06-13 12:31:20,894.1114093165849,2,7.315178156453961,303.97903290674327,23.653905923069892,43.389869532773204,10.205398841777342,3,3,3,695,2,0.11898148148148148,9.610491434369933,0.061931420573827854,ELECTRE-III,1
302,0607,0,0,"[-9.797810741734912, -40.157321998619175]","[np.float64(-8.807639740315384), np.float64(-36.61539432253027)]",2026-06-13 12:31:20,664.6943329629897,1,4.818650059032148,403.9526311408319,30.20215748975089,47.352530138255744,8.83085872292998,3,3,3,1466,13,0.11898148148148148,8.949840204411462,0.9188243526941917,ELECTRE-III,1
303,0117,0,0,"[-10.398861412280509, -40.28796302687401]","[np.float64(-12.18679298318225), np.float64(-38.80341622107851)]",2026-06-13 12:31:30,894.1114093165849,2,7.315178156453961,256.373274226402,20.27493269638301,43.41635017618534,8.205398841777342,3,3,3,695,2,0.11909722222222222,8.086301619555119,0.061931420573827854,ELECTRE-III,1
304,0117,0,0,"[-10.999876224332965, -40.41894556458734]","[np.float64(-12.18679298318225), np.float64(-38.80341622107851)]",2026-06-13 12:31:40,894.1114093165849,2,7.315178156453961,219.96379465165447,17.58604896280437,43.442806913935385,7.205398841777342,3,3,3,695,2,0.11921296296296297,6.609334026962527,0.061931420573827854,ELECTRE-III,1
305,0117,0,0,"[-11.600851762797694, -40.550290102326684]","[np.float64(-12.18679298318225), np.float64(-38.80341622107851)]",2026-06-13 12:31:50,894.1114093165849,2,7.315178156453961,200.92913319654517,16.146958909316517,43.46924316111792,9.205398841777342,3,3,3,695,2,0.1193287037037037,8.131440508444008,0.061931420573827854,ELECTRE-III,1
306,0117,0,0,"[-12.201786320127402, -40.682020545754135]","[np.float64(-12.18679298318225), np.float64(-38.80341622107851)]",2026-06-13 12:32:00,894.1114093165849,2,7.315178156453961,204.18473224466354,16.39463770943343,43.49566233282753,10.205398841777342,3,3,3,695,2,0.11944444444444445,9.727621063999564,0.061931420573827854,ELECTRE-III,1
307,0117,0,0,"[-12.80267989632209, -40.81416080053179]","[np.float64(-12.18679298318225), np.float64(-38.80341622107851)]",2026-06-13 12:32:10,894.1114093165849,2,7.315178156453961,228.77839521396027,18.244900351037266,43.522057598875044,11.205398841777342,3,3,3,695,2,0.11956018518518519,11.444519212147712,0.061931420573827854,ELECTRE-III,1
308,0117,0,0,"[-13.403529076287173, -40.94672794213257]","[np.float64(-12.18679298318225), np.float64(-38.80341622107851)]",2026-06-13 12:32:20,894.1114093165849,2,7.315178156453961,268.9152523999845,21.18064980961168,43.54843237435505,2.205398841777342,3,3,3,695,2,0.11967592592592592,2.5644266195551197,0.061931420573827854,ELECTRE-III,1
309,0117,0,0,"[-14.004333006249004, -41.07974929131315]","[np.float64(-12.18679298318225), np.float64(-38.80341622107851)]",2026-06-13 12:32:30,894.1114093165849,2,7.315178156453961,318.7755934514016,24.670777398200926,43.574786659267545,3.205398841777342,3,3,3,695,2,0.11979166666666667,3.205398841777342,0.061931420573827854,ELECTRE-III,1
310,0055,0,0,"[-14.605090832433937, -41.213248753735634]","[np.float64(-16.76925776354785), np.float64(-44.07095890846345)]",2026-06-13 12:32:40,763.0660375279002,2,6.793479006715119,389.2123528388834,29.284785629363956,36.797968587429274,0.0,3,3,3,560,10,0.11990740740740741,0.9592592592592593,0.655703289013296,ELECTRE-III,1
311,0117,0,0,"[-14.605090832433937, -41.213248753735634]","[np.float64(-12.18679298318225), np.float64(-38.80341622107851)]",2026-06-13 12:32:40,894.1114093165849,2,7.315178156453961,374.4939438993728,28.352037325874935,43.60112045361252,6.205398841777342,3,3,3,695,2,0.11990740740740741,5.36604698992549,0.061931420573827854,ELECTRE-III,1
312,0055,0,0,"[-15.205797432200097, -41.34725023506211]","[np.float64(-16.76925776354785), np.float64(-44.07095890846345)]",2026-06-13 12:32:50,763.0660375279002,2,6.793479006715119,339.09195738439234,26.040371759930192,36.82478732520533,0.3363772967616301,3,3,3,560,10,0.12002314814814814,0.3363772967616301,0.655703289013296,ELECTRE-III,1
313,0055,0,0,"[-15.806456220642065, -41.4817742258601]","[np.float64(-16.76925776354785), np.float64(-44.07095890846345)]",2026-06-13 12:33:00,763.0660375279002,2,6.793479006715119,296.3567855088439,23.123793896008678,36.85158898750846,5.33637729676163,3,3,3,560,10,0.12013888888888889,5.33637729676163,0.655703289013296,ELECTRE-III,1
314,0055,0,0,"[-16.407060367570676, -41.61685146198086]","[np.float64(-16.76925776354785), np.float64(-44.07095890846345)]",2026-06-13 12:33:10,763.0660375279002,2,6.793479006715119,264.60842000444376,20.870855726856327,36.87837015924408,1.33637729676163,3,3,3,560,10,0.12025462962962963,2.057905074539408,0.655703289013296,ELECTRE-III,1
315,0055,0,0,"[-17.007611580533215, -41.75250584908648]","[np.float64(-16.76925776354785), np.float64(-44.07095890846345)]",2026-06-13 12:33:20,763.0660375279002,2,6.793479006715119,248.10029306176625,19.671625426630595,36.905137670601356,4.33637729676163,3,3,3,560,10,0.12037037037037036,3.975266185650519,0.655703289013296,ELECTRE-III,1
316,0116,0,0,"[-17.007611580533215, -41.75250584908648]","[np.float64(-19.82547323691054), np.float64(-43.24791686704562)]",2026-06-13 12:33:20,355.400415958628,1,5.556367875439164,350.7998124357348,26.815467386804993,35.116782410027746,6.329019198319429,4,4,3,1075,4,0.12037037037037036,5.245685864986096,0.18754373687893633,ELECTRE-III,1
317,0055,0,0,"[-17.60810473688781, -41.888761292839064]","[np.float64(-16.76925776354785), np.float64(-44.07095890846345)]",2026-06-13 12:33:30,763.0660375279002,2,6.793479006715119,249.87078295416856,19.801126147905148,36.931884691391126,4.33637729676163,3,3,3,560,10,0.12048611111111111,4.818321741206074,0.655703289013296,ELECTRE-III,1
318,0116,0,0,"[-17.60810473688781, -41.888761292839064]","[np.float64(-19.82547323691054), np.float64(-43.24791686704562)]",2026-06-13 12:33:30,355.400415958628,1,5.556367875439164,285.0917617566294,22.33261559160198,35.14195507221383,11.329019198319429,4,4,3,1075,4,0.12048611111111111,10.606102531652763,0.18754373687893633,ELECTRE-III,1
319,0010,0,0,"[-18.208541544181756, -42.02564511399529]","[np.float64(-20.9452415423945), np.float64(-39.87658613409322)]",2026-06-13 12:33:40,851.1914061373162,2,6.815431431770169,378.52616883568624,28.609232538772464,36.24298839660906,14.703559317166793,2,2,2,867,9,0.12060185185185185,13.497540798648274,0.6014695591322603,ELECTRE-III,1
320,0055,0,0,"[-18.208541544181756, -42.02564511399529]","[np.float64(-16.76925776354785), np.float64(-44.07095890846345)]",2026-06-13 12:33:40,763.0660375279002,2,6.793479006715119,269.5590712234906,21.226849417613185,36.95861463670797,7.33637729676163,3,3,3,560,10,0.12060185185185185,6.492164333798668,0.655703289013296,ELECTRE-III,1
321,0116,0,0,"[-18.208541544181756, -42.02564511399529]","[np.float64(-19.82547323691054), np.float64(-43.24791686704562)]",2026-06-13 12:33:40,355.400415958628,1,5.556367875439164,220.9865465236353,17.662745456925414,35.16711065892699,7.329019198319429,4,4,3,1075,4,0.12060185185185185,8.293834013134244,0.18754373687893633,ELECTRE-III,1
322,0010,0,0,"[-18.808918587320463, -42.163188048406425]","[np.float64(-20.9452415423945), np.float64(-39.87658613409322)]",2026-06-13 12:33:50,851.1914061373162,2,6.815431431770169,337.03622526339564,25.90320206367758,36.26610175676038,9.703559317166793,2,2,2,867,9,0.1207175925925926,10.790017650500126,0.6014695591322603,ELECTRE-III,1
323,0020,1,0,"[-18.808918587320463, -42.163188048406425]","[np.float64(-20.36284793492202), np.float64(-45.1790639650761)]",2026-06-13 12:33:50,559.5086598816282,1,2.9590609280013824,360.09408860709897,27.423334379387782,33.60519665990681,3.9581581286931673,1,1,1,1386,6,0.1207175925925926,4.199593313878353,0.37508747375787266,ELECTRE-III,1
324,0055,0,0,"[-18.808918587320463, -42.163188048406425]","[np.float64(-16.76925776354785), np.float64(-44.07095890846345)]",2026-06-13 12:33:50,763.0660375279002,2,6.793479006715119,303.6991273719363,23.63451420184157,36.98532750655189,0.0,3,3,3,560,10,0.1207175925925926,0.0,0.655703289013296,ELECTRE-III,1
325,0116,0,0,"[-18.808918587320463, -42.163188048406425]","[np.float64(-19.82547323691054), np.float64(-43.24791686704562)]",2026-06-13 12:33:50,355.400415958628,1,5.556367875439164,160.41497062711076,13.015083199625073,35.19224575507263,13.329019198319429,4,4,3,1075,4,0.1207175925925926,12.242560864986096,0.18754373687893633,ELECTRE-III,1
326,0953,0,0,"[-18.808918587320463, -42.163188048406425]","[np.float64(-22.28518634998811), np.float64(-42.36685620541314)]",2026-06-13 12:33:50,903.2807309982267,2,3.5958823483603597,387.1248915574859,29.153514305261954,33.799604334252884,14.078099436014156,2,2,2,876,11,0.1207175925925926,13.83666425082897,0.7655703289013296,ELECTRE-III,1
327,0010,0,0,"[-19.409232451209345, -42.30141400173456]","[np.float64(-20.9452415423945), np.float64(-39.87658613409322)]",2026-06-13 12:34:00,851.1914061373162,2,6.815431431770169,305.31195749374655,23.746171410625895,36.28919121124961,15.703559317166793,2,2,2,867,9,0.12083333333333333,15.341059317166792,0.6014695591322603,ELECTRE-III,1
328,0020,1,0,"[-19.409232451209345, -42.30141400173456]","[np.float64(-20.36284793492202), np.float64(-45.1790639650761)]",2026-06-13 12:34:00,559.5086598816282,1,2.9590609280013824,319.029574713505,24.688090139897035,33.63093281269942,3.9581581286931673,1,1,1,1386,6,0.12083333333333333,2.7498247953598343,0.37508747375787266,ELECTRE-III,1
329,0055,0,0,"[-19.409232451209345, -42.30141400173456]","[np.float64(-16.76925776354785), np.float64(-44.07095890846345)]",2026-06-13 12:34:00,763.0660375279002,2,6.793479006715119,348.06349851829134,26.635249008182335,37.012023300922884,6.33637729676163,3,3,3,560,10,0.12083333333333333,6.33637729676163,0.655703289013296,ELECTRE-III,1
330,0116,0,0,"[-19.409232451209345, -42.30141400173456]","[np.float64(-19.82547323691054), np.float64(-43.24791686704562)]",2026-06-13 12:34:00,355.400415958628,1,5.556367875439164,109.40916340344401,8.958949903856503,35.21736036065077,11.329019198319429,4,4,3,1075,4,0.12083333333333333,11.208185864986095,0.18754373687893633,ELECTRE-III,1
331,0555,0,0,"[-19.409232451209345, -42.30141400173456]","[np.float64(-22.55121870780887), np.float64(-43.45574144926327)]",2026-06-13 12:34:00,541.1026047043981,1,6.172093979050011,369.3502728221399,28.022131475783116,32.98948584208143,13.081778485235255,1,1,1,1404,2,0.12083333333333333,12.598445151901922,0.061931420573827854,ELECTRE-III,1
332,0691,0,0,"[-19.409232451209345, -42.30141400173456]","[np.float64(-22.86359250402419), np.float64(-42.8706713430586)]",2026-06-13 12:34:00,264.60101116388,1,3.9660786437745092,388.6168467845422,29.247371153883314,33.08178218833581,11.954479079472067,3,3,3,1304,6,0.12083333333333333,10.9878124128054,0.37508747375787266,ELECTRE-III,1
333,0953,0,0,"[-19.409232451209345, -42.30141400173456]","[np.float64(-22.28518634998811), np.float64(-42.36685620541314)]",2026-06-13 12:34:00,903.2807309982267,2,3.5958823483603597,319.86421130887146,24.744949632001237,33.8233563170916,11.078099436014156,2,2,2,876,11,0.12083333333333333,10.353099436014157,0.7655703289013296,ELECTRE-III,1
334,0010,0,0,"[-20.00948142830111, -42.44035370983096]","[np.float64(-20.9452415423945), np.float64(-39.87658613409322)]",2026-06-13 12:34:10,851.1914061373162,2,6.815431431770169,286.6120813344559,22.439925715243447,36.31226359026591,9.703559317166793,2,2,2,867,9,0.12094907407407407,9.098813946796422,0.6014695591322603,ELECTRE-III,1
335,0014,0,0,"[-20.00948142830111, -42.44035370983096]","[np.float64(-22.62510280287139), np.float64(-44.23792260937919)]",2026-06-13 12:34:10,730.7696677237107,2,5.67470869074395,345.33119043495054,26.454725317550167,32.500621882426934,3.5799389606247054,3,3,3,667,7,0.12094907407407407,3.7008880346987794,0.4688593421973408,ELECTRE-III,1
336,0020,1,0,"[-20.00948142830111, -42.44035370983096]","[np.float64(-20.36284793492202), np.float64(-45.1790639650761)]",2026-06-13 12:34:10,559.5086598816282,1,2.9590609280013824,288.5100179346485,22.57365687279587,33.656648474924516,5.958158128693167,1,1,1,1386,6,0.12094907407407407,5.232463684248723,0.37508747375787266,ELECTRE-III,1
337,0055,0,0,"[-20.00948142830111, -42.44035370983096]","[np.float64(-16.76925776354785), np.float64(-44.07095890846345)]",2026-06-13 12:34:10,763.0660375279002,2,6.793479006715119,399.2575150046044,29.91177546401691,37.03869860472637,0.0,3,3,3,560,10,0.12094907407407407,0.7256944444444444,0.655703289013296,ELECTRE-III,1
338,0077,0,0,"[-20.00948142830111, -42.44035370983096]","[np.float64(-23.18056725063686), np.float64(-42.70330211205196)]",2026-06-13 12:34:10,980.5466411289955,2,4.090325066691281,353.65524288019157,27.002921882714475,32.951243612918525,12.961837177914267,3,3,3,1199,7,0.12094907407407407,13.687531622358712,0.4688593421973408,ELECTRE-III,1
339,0116,0,0,"[-20.00948142830111, -42.44035370983096]","[np.float64(-19.82547323691054), np.float64(-43.24791686704562)]",2026-06-13 12:34:10,355.400415958628,1,5.556367875439164,86.86963730723942,7.134741294718529,35.24246130585057,11.329019198319429,4,4,3,1075,4,0.12094907407407407,12.29661179091202,0.18754373687893633,ELECTRE-III,1
340,0555,0,0,"[-20.00948142830111, -42.44035370983096]","[np.float64(-22.55121870780887), np.float64(-43.45574144926327)]",2026-06-13 12:34:10,541.1026047043981,1,6.172093979050011,301.5708171713073,23.48687808404266,33.01360665513533,12.081778485235255,1,1,1,1404,2,0.12094907407407407,12.8074729296797,0.061931420573827854,ELECTRE-III,1
341,0691,0,0,"[-20.00948142830111, -42.44035370983096]","[np.float64(-22.86359250402419), np.float64(-42.8706713430586)]",2026-06-13 12:34:10,264.60101116388,1,3.9660786437745092,320.4722820713685,24.786341641996618,33.10552051079619,15.954479079472067,3,3,3,1304,6,0.12094907407407407,15.228784635027623,0.37508747375787266,ELECTRE-III,1
342,0953,0,0,"[-20.00948142830111, -42.44035370983096]","[np.float64(-22.28518634998811), np.float64(-42.36685620541314)]",2026-06-13 12:34:10,903.2807309982267,2,3.5958823483603597,253.16194764304345,20.041295357241655,33.84708780936281,15.078099436014156,2,2,2,876,11,0.12094907407407407,15.682844806384526,0.7655703289013296,ELECTRE-III,1
343,0010,0,0,"[-20.609665518595765, -42.5800344934523]","[np.float64(-20.9452415423945), np.float64(-39.87658613409322)]",2026-06-13 12:34:20,851.1914061373162,2,6.815431431770169,283.5224320506635,22.221672682352477,36.335312063620115,12.703559317166793,2,2,2,867,9,0.12106481481481482,12.340364872722349,0.6014695591322603,ELECTRE-III,1
344,0014,0,0,"[-20.609665518595765, -42.5800344934523]","[np.float64(-22.62510280287139), np.float64(-44.23792260937919)]",2026-06-13 12:34:20,730.7696677237107,2,5.67470869074395,282.1190214851388,22.122310420463627,32.52503980870973,10.579938960624705,3,3,3,667,7,0.12106481481481482,11.427392664328409,0.4688593421973408,ELECTRE-III,1
345,0020,1,0,"[-20.609665518595765, -42.5800344934523]","[np.float64(-20.36284793492202), np.float64(-45.1790639650761)]",2026-06-13 12:34:20,559.5086598816282,1,2.9590609280013824,272.10633249014114,21.40935371354468,33.682350476771276,11.958158128693167,1,1,1,1386,6,0.12106481481481482,12.079222943507983,0.37508747375787266,ELECTRE-III,1
345,0020,1,0,"[-20.609665518595765, -42.5800344934523]","[np.float64(-20.36284793492202), np.float64(-45.1790639650761)]",2026-06-13 12:34:20,559.5086598816282,1,2.9590609280013824,272.10633249014114,21.40935371354468,33.682350476771276,11.958158128693167,1,1,1,1386,6,0.12106481481481482,12.079222943507983,0.37508747375787266,ELECTRE-III,1
346,0077,0,0,"[-20.609665518595765, -42.5800344934523]","[np.float64(-23.18056725063686), np.float64(-42.70330211205196)]",2026-06-13 12:34:20,980.5466411289955,2,4.090325066691281,286.1543280354608,22.40763311351274,32.97476678442005,12.961837177914267,3,3,3,1199,7,0.12106481481481482,12.719707548284637,0.4688593421973408,ELECTRE-III,1
347,0116,0,0,"[-20.609665518595765, -42.5800344934523]","[np.float64(-19.82547323691054), np.float64(-43.24791686704562)]",2026-06-13 12:34:20,355.400415958628,1,5.556367875439164,111.62466938444535,9.137335447914708,35.26753834538827,13.329019198319429,4,4,3,1075,4,0.12106481481481482,13.813278457578688,0.18754373687893633,ELECTRE-III,1
348,0131,0,0,"[-20.609665518595765, -42.5800344934523]","[np.float64(-24.10514475424264), np.float64(-42.74953765731617)]",2026-06-13 12:34:20,302.52946657660914,1,2.0713184530843023,389.0705928707293,29.27588161247054,32.21859312631335,8.33637729676163,2,2,2,554,7,0.12106481481481482,8.941701370835704,0.4688593421973408,ELECTRE-III,1
349,0555,0,0,"[-20.609665518595765, -42.5800344934523]","[np.float64(-22.55121870780887), np.float64(-43.45574144926327)]",2026-06-13 12:34:20,541.1026047043981,1,6.172093979050011,234.10866414112104,18.640915917045977,33.0377103927163,11.081778485235255,1,1,1,1404,2,0.12106481481481482,11.808167374124144,0.061931420573827854,ELECTRE-III,1
350,0691,0,0,"[-20.609665518595765, -42.5800344934523]","[np.float64(-22.86359250402419), np.float64(-42.8706713430586)]",2026-06-13 12:34:20,264.60101116388,1,3.9660786437745092,252.41669789059873,19.98697550688051,33.129241757783646,15.954479079472067,3,3,3,1304,6,0.12106481481481482,15.470219820212808,0.37508747375787266,ELECTRE-III,1
351,0953,0,0,"[-20.609665518595765, -42.5800344934523]","[np.float64(-22.28518634998811), np.float64(-42.36685620541314)]",2026-06-13 12:34:20,903.2807309982267,2,3.5958823483603597,187.6113500532038,15.127375822079033,33.87080564125568,14.078099436014156,2,2,2,876,11,0.12106481481481482,13.593840176754897,0.7655703289013296,ELECTRE-III,1
352,0010,0,0,"[-21.209779599451426, -42.72049050354444]","[np.float64(-20.9452415423945), np.float64(-39.87658613409322)]",2026-06-13 12:34:30,851.1914061373162,2,6.815431431770169,296.52915636383466,23.13582876041873,36.358340046406816,15.703559317166793,2,2,2,867,9,0.12118055555555556,16.673003761611238,0.6014695591322603,ELECTRE-III,1
353,0014,0,0,"[-21.209779599451426, -42.72049050354444]","[np.float64(-22.62510280287139), np.float64(-44.23792260937919)]",2026-06-13 12:34:30,730.7696677237107,2,5.67470869074395,221.96586854223847,17.73612390970922,32.5494406595196,9.579938960624705,3,3,3,667,7,0.12118055555555556,10.428202849513594,0.4688593421973408,ELECTRE-III,1
354,0020,1,0,"[-21.209779599451426, -42.72049050354444]","[np.float64(-20.36284793492202), np.float64(-45.1790639650761)]",2026-06-13 12:34:30,559.5086598816282,1,2.9590609280013824,272.3795565256851,21.428902499676568,33.70803540314511,9.958158128693167,1,1,1,1386,6,0.12118055555555556,10.806422017582056,0.37508747375787266,ELECTRE-III,1
354,0020,1,0,"[-21.209779599451426, -42.72049050354444]","[np.float64(-20.36284793492202), np.float64(-45.1790639650761)]",2026-06-13 12:34:30,559.5086598816282,1,2.9590609280013824,272.3795565256851,21.428902499676568,33.70803540314511,9.958158128693167,1,1,1,1386,6,0.12118055555555556,10.806422017582056,0.37508747375787266,ELECTRE-III,1
355,0063,1,0,"[-21.209779599451426, -42.72049050354444]","[np.float64(-23.09589110424265), np.float64(-45.52362922911657)]",2026-06-13 12:34:30,708.0139383617036,1,2.358689452671987,356.80706690399586,27.209110782558767,31.42985654133862,10.081778485235255,4,4,3,885,11,0.12118055555555556,9.597056263013032,0.7655703289013296,ELECTRE-III,1
356,0077,0,0,"[-21.209779599451426, -42.72049050354444]","[np.float64(-23.18056725063686), np.float64(-42.70330211205196)]",2026-06-13 12:34:30,980.5466411289955,2,4.090325066691281,219.1490419407567,17.524903771317568,32.99826605025948,5.961837177914267,3,3,3,1199,7,0.12118055555555556,6.810101066803156,0.4688593421973408,ELECTRE-III,1
357,0116,0,0,"[-21.209779599451426, -42.72049050354444]","[np.float64(-19.82547323691054), np.float64(-43.24791686704562)]",2026-06-13 12:34:30,355.400415958628,1,5.556367875439164,163.43378251963117,13.25144510180488,35.29260172454763,13.329019198319429,4,4,3,1075,4,0.12118055555555556,12.844296976097207,0.18754373687893633,ELECTRE-III,1
358,0131,0,0,"[-21.209779599451426, -42.72049050354444]","[np.float64(-24.10514475424264), np.float64(-42.74953765731617)]",2026-06-13 12:34:30,302.52946657660914,1,2.0713184530843023,321.9641634398327,24.887778608974738,32.24176112797804,0.0,2,2,2,554,7,0.12118055555555556,0.36354166666666665,0.4688593421973408,ELECTRE-III,1
359,0555,0,0,"[-21.209779599451426, -42.72049050354444]","[np.float64(-22.55121870780887), np.float64(-43.45574144926327)]",2026-06-13 12:34:30,541.1026047043981,1,6.172093979050011,167.34547307351613,13.557033401017376,33.061793639729764,12.081778485235255,1,1,1,1404,2,0.12118055555555556,11.11233404079081,0.061931420573827854,ELECTRE-III,1
360,0691,0,0,"[-21.209779599451426, -42.72049050354444]","[np.float64(-22.86359250402419), np.float64(-42.8706713430586)]",2026-06-13 12:34:30,264.60101116388,1,3.9660786437745092,184.54613316453555,14.891288176231559,33.15294251420359,10.954479079472067,3,3,3,1304,6,0.12118055555555556,9.985034635027622,0.37508747375787266,ELECTRE-III,1
361,0953,0,0,"[-21.209779599451426, -42.72049050354444]","[np.float64(-22.28518634998811), np.float64(-42.36685620541314)]",2026-06-13 12:34:30,903.2807309982267,2,3.5958823483603597,125.03312351274849,10.21301970338707,33.894499567486456,14.078099436014156,2,2,2,876,11,0.12118055555555556,14.078099436014156,0.7655703289013296,ELECTRE-III,1
362,0010,0,0,"[-21.809823670868095, -42.861752475958646]","[np.float64(-20.9452415423945), np.float64(-39.87658613409322)]",2026-06-13 12:34:40,851.1914061373162,2,6.815431431770169,323.6952025130608,25.00526803347841,36.381347538626,14.703559317166793,2,2,2,867,9,0.12129629629629629,14.82485561346309,0.6014695591322603,ELECTRE-III,1
363,0014,0,0,"[-21.809823670868095, -42.861752475958646]","[np.float64(-22.62510280287139), np.float64(-44.23792260937919)]",2026-06-13 12:34:40,730.7696677237107,2,5.67470869074395,168.1840225175559,13.622440831061727,32.57382101976196,8.579938960624705,3,3,3,667,7,0.12129629629629629,9.065124145809891,0.4688593421973408,ELECTRE-III,1
364,0020,1,0,"[-21.809823670868095, -42.861752475958646]","[np.float64(-20.36284793492202), np.float64(-45.1790639650761)]",2026-06-13 12:34:40,559.5086598816282,1,2.9590609280013824,289.2816260089049,22.62795139378055,33.73370325404601,10.958158128693167,1,1,1,1386,6,0.12129629629629629,11.685935906470945,0.37508747375787266,ELECTRE-III,1
365,0063,1,0,"[-21.809823670868095, -42.861752475958646]","[np.float64(-23.09589110424265), np.float64(-45.52362922911657)]",2026-06-13 12:34:40,708.0139383617036,1,2.358689452671987,308.6634701057702,23.977587014560044,31.45460573179616,10.081778485235255,4,4,3,885,11,0.12129629629629629,10.324371077827847,0.7655703289013296,ELECTRE-III,1
366,0077,0,0,"[-21.809823670868095, -42.861752475958646]","[np.float64(-23.18056725063686), np.float64(-42.70330211205196)]",2026-06-13 12:34:40,980.5466411289955,2,4.090325066691281,153.28667397244047,12.455183744176328,33.021751655720564,4.961837177914267,3,3,3,1199,7,0.12129629629629629,3.7488742149513046,0.4688593421973408,ELECTRE-III,1
367,0116,0,0,"[-21.809823670868095, -42.861752475958646]","[np.float64(-19.82547323691054), np.float64(-43.24791686704562)]",2026-06-13 12:34:40,355.400415958628,1,5.556367875439164,224.2701964567019,17.90854491695187,35.317644613139485,13.329019198319429,4,4,3,1075,4,0.12129629629629629,13.450315494615726,0.18754373687893633,ELECTRE-III,1
368,0131,0,0,"[-21.809823670868095, -42.861752475958646]","[np.float64(-24.10514475424264), np.float64(-42.74953765731617)]",2026-06-13 12:34:40,302.52946657660914,1,2.0713184530843023,255.48684165966483,20.210510973764972,32.26490863907521,0.3363772967616301,2,2,2,554,7,0.12129629629629629,0.0,0.4688593421973408,ELECTRE-III,1
369,0555,0,0,"[-21.809823670868095, -42.861752475958646]","[np.float64(-22.55121870780887), np.float64(-43.45574144926327)]",2026-06-13 12:34:40,541.1026047043981,1,6.172093979050011,102.6491677214657,8.413586644596489,33.0858598112703,14.081778485235255,1,1,1,1404,2,0.12129629629629629,12.990111818568588,0.061931420573827854,ELECTRE-III,1
370,0691,0,0,"[-21.809823670868095, -42.861752475958646]","[np.float64(-22.86359250402419), np.float64(-42.8706713430586)]",2026-06-13 12:34:40,264.60101116388,1,3.9660786437745092,117.17750414139206,9.583640907910567,33.17662278005602,15.954479079472067,3,3,3,1304,6,0.12129629629629629,16.19707167206466,0.37508747375787266,ELECTRE-III,1
371,0953,0,0,"[-21.809823670868095, -42.861752475958646]","[np.float64(-22.28518634998811), np.float64(-42.36685620541314)]",2026-06-13 12:34:40,903.2807309982267,2,3.5958823483603597,73.45433540028584,6.04180470388907,33.91817641824431,11.078099436014156,2,2,2,876,11,0.12129629629629629,10.107729065643786,0.7655703289013296,ELECTRE-III,1
372,0010,0,0,"[-22.40979431775118, -43.00384773145159]","[np.float64(-20.9452415423945), np.float64(-39.87658613409322)]",2026-06-13 12:34:50,851.1914061373162,2,6.815431431770169,361.842774174483,27.536963349337878,36.40433454027768,13.703559317166793,2,2,2,867,9,0.12141203703703704,14.067795428277904,0.6014695591322603,ELECTRE-III,1
373,0014,0,0,"[-22.40979431775118, -43.00384773145159]","[np.float64(-22.62510280287139), np.float64(-44.23792260937919)]",2026-06-13 12:34:50,730.7696677237107,2,5.67470869074395,129.00217482381248,10.530078313616409,32.598184304531394,5.579938960624705,3,3,3,667,7,0.12141203703703704,6.308411182846927,0.4688593421973408,ELECTRE-III,1
374,0020,1,0,"[-22.40979431775118, -43.00384773145159]","[np.float64(-20.36284793492202), np.float64(-45.1790639650761)]",2026-06-13 12:34:50,559.5086598816282,1,2.9590609280013824,320.1893758714841,24.767087354551563,33.759350614379414,7.958158128693167,1,1,1,1386,6,0.12141203703703704,8.079570165730205,0.37508747375787266,ELECTRE-III,1
375,0063,1,0,"[-22.40979431775118, -43.00384773145159]","[np.float64(-23.09589110424265), np.float64(-45.52362922911657)]",2026-06-13 12:34:50,708.0139383617036,1,2.358689452671987,269.4058827871622,21.215859433845136,31.479334431686194,15.081778485235255,4,4,3,885,11,0.12141203703703704,15.68883867042044,0.7655703289013296,ELECTRE-III,1
376,0077,0,0,"[-22.40979431775118, -43.00384773145159]","[np.float64(-23.18056725063686), np.float64(-42.70330211205196)]",2026-06-13 12:34:50,980.5466411289955,2,4.090325066691281,91.07534853053336,7.476344083378844,33.04521335551956,10.961837177914267,3,3,3,1199,7,0.12141203703703704,11.083249214951305,0.4688593421973408,ELECTRE-III,1
377,0116,0,0,"[-22.40979431775118, -43.00384773145159]","[np.float64(-19.82547323691054), np.float64(-43.24791686704562)]",2026-06-13 12:34:50,355.400415958628,1,5.556367875439164,288.47656774779654,22.571302168036347,35.342667011163826,12.329019198319429,4,4,3,1075,4,0.12141203703703704,12.207607161282391,0.18754373687893633,ELECTRE-III,1
378,0131,0,0,"[-22.40979431775118, -43.00384773145159]","[np.float64(-24.10514475424264), np.float64(-42.74953765731617)]",2026-06-13 12:34:50,302.52946657660914,1,2.0713184530843023,190.29623907849634,15.333739095319086,32.288039074699455,7.33637729676163,2,2,2,554,7,0.12141203703703704,6.850729148613482,0.4688593421973408,ELECTRE-III,1
379,0555,0,0,"[-22.40979431775118, -43.00384773145159]","[np.float64(-22.55121870780887), np.float64(-43.45574144926327)]",2026-06-13 12:34:50,541.1026047043981,1,6.172093979050011,49.020775537600066,4.040383774762577,33.109908907337925,8.081778485235255,1,1,1,1404,2,0.12141203703703704,7.353306263013033,0.061931420573827854,ELECTRE-III,1
380,0691,0,0,"[-22.40979431775118, -43.00384773145159]","[np.float64(-22.86359250402419), np.float64(-42.8706713430586)]",2026-06-13 12:34:50,264.60101116388,1,3.9660786437745092,52.27839691478985,4.30790356137898,33.20028597043553,9.954479079472067,3,3,3,1304,6,0.12141203703703704,10.68295130169429,0.37508747375787266,ELECTRE-III,1
381,0953,0,0,"[-22.40979431775118, -43.00384773145159]","[np.float64(-22.28518634998811), np.float64(-42.36685620541314)]",2026-06-13 12:34:50,903.2807309982267,2,3.5958823483603597,66.95979087076032,5.511058498820085,33.941832778434645,12.078099436014156,2,2,2,876,11,0.12141203703703704,12.32092351008823,0.7655703289013296,ELECTRE-III,1
382,0010,0,0,"[-23.009689832553402, -43.146813836063714]","[np.float64(-20.9452415423945), np.float64(-39.87658613409322)]",2026-06-13 12:35:00,851.1914061373162,2,6.815431431770169,407.9008043832317,30.445024526927355,36.42730105136185,14.703559317166793,2,2,2,867,9,0.12152777777777778,15.554253761611237,0.6014695591322603,ELECTRE-III,1
383,0014,0,0,"[-23.009689832553402, -43.146813836063714]","[np.float64(-22.62510280287139), np.float64(-44.23792260937919)]",2026-06-13 12:35:00,730.7696677237107,2,5.67470869074395,119.72869067313698,9.788301284858875,32.62252709873332,5.579938960624705,3,3,3,667,7,0.12152777777777778,6.43063340506915,0.4688593421973408,ELECTRE-III,1
384,0020,1,0,"[-23.009689832553402, -43.146813836063714]","[np.float64(-20.36284793492202), np.float64(-45.1790639650761)]",2026-06-13 12:35:00,559.5086598816282,1,2.9590609280013824,361.5273057945785,27.51648165729363,33.78498089923988,7.958158128693167,1,1,1,1386,6,0.12152777777777778,8.565797017582057,0.37508747375787266,ELECTRE-III,1
385,0063,1,0,"[-23.009689832553402, -43.146813836063714]","[np.float64(-23.09589110424265), np.float64(-45.52362922911657)]",2026-06-13 12:35:00,708.0139383617036,1,2.358689452671987,243.37126907122072,19.32470024962844,31.5040460561033,7.0817784852352545,4,4,3,885,11,0.12152777777777778,7.446361818568588,0.7655703289013296,ELECTRE-III,1
385,0063,1,0,"[-23.009689832553402, -43.146813836063714]","[np.float64(-23.09589110424265), np.float64(-45.52362922911657)]",2026-06-13 12:35:00,708.0139383617036,1,2.358689452671987,243.37126907122072,19.32470024962844,31.5040460561033,7.0817784852352545,4,4,3,885,11,0.12152777777777778,7.446361818568588,0.7655703289013296,ELECTRE-III,1
386,0077,0,0,"[-23.009689832553402, -43.146813836063714]","[np.float64(-23.18056725063686), np.float64(-42.70330211205196)]",2026-06-13 12:35:00,980.5466411289955,2,4.090325066691281,49.18234929215649,4.053656662401767,33.068661394940214,11.961837177914267,3,3,3,1199,7,0.12152777777777778,12.447948289025378,0.4688593421973408,ELECTRE-III,1
387,0116,0,0,"[-23.009689832553402, -43.146813836063714]","[np.float64(-19.82547323691054), np.float64(-43.24791686704562)]",2026-06-13 12:35:00,355.400415958628,1,5.556367875439164,354.22381690567494,27.04017352301855,35.36767233371524,4.329019198319429,4,4,3,1075,4,0.12152777777777778,3.4783247538749844,0.18754373687893633,ELECTRE-III,1
388,0131,0,0,"[-23.009689832553402, -43.146813836063714]","[np.float64(-24.10514475424264), np.float64(-42.74953765731617)]",2026-06-13 12:35:00,302.52946657660914,1,2.0713184530843023,128.36328865122638,10.47908585085104,32.31114901975619,8.33637729676163,2,2,2,554,7,0.12152777777777778,7.607210630094962,0.4688593421973408,ELECTRE-III,1
389,0555,0,0,"[-23.009689832553402, -43.146813836063714]","[np.float64(-22.55121870780887), np.float64(-43.45574144926327)]",2026-06-13 12:35:00,541.1026047043981,1,6.172093979050011,60.01682914960664,4.942617995367053,33.133937512838024,9.081778485235255,1,1,1,1404,2,0.12152777777777778,9.081778485235255,0.061931420573827854,ELECTRE-III,1
390,0691,0,0,"[-23.009689832553402, -43.146813836063714]","[np.float64(-22.86359250402419), np.float64(-42.8706713430586)]",2026-06-13 12:35:00,264.60101116388,1,3.9660786437745092,32.6121668815293,2.6904408740732144,33.22393208534211,14.954479079472067,3,3,3,1304,6,0.12152777777777778,14.468367968360957,0.37508747375787266,ELECTRE-III,1
391,0953,0,0,"[-23.009689832553402, -43.146813836063714]","[np.float64(-22.28518634998811), np.float64(-42.36685620541314)]",2026-06-13 12:35:00,903.2807309982267,2,3.5958823483603597,113.56221179795989,9.293194056092673,33.965472063152056,17.078099436014156,2,2,2,876,11,0.12152777777777778,17.44268276934749,0.7655703289013296,ELECTRE-III,1
392,0014,0,0,"[-23.609506800180167, -43.29068152564628]","[np.float64(-22.62510280287139), np.float64(-44.23792260937919)]",2026-06-13 12:35:10,730.7696677237107,2,5.67470869074395,146.16867727825013,11.89367114675469,32.64685623255691,9.579938960624705,3,3,3,667,7,0.12164351851851851,9.579938960624705,0.4688593421973408,ELECTRE-III,1
393,0063,1,0,"[-23.609506800180167, -43.29068152564628]","[np.float64(-23.09589110424265), np.float64(-45.52362922911657)]",2026-06-13 12:35:10,708.0139383617036,1,2.358689452671987,234.99534923627047,18.706615078277633,31.528737189952896,8.081778485235255,4,4,3,885,11,0.12164351851851851,7.5952044111611805,0.7655703289013296,ELECTRE-III,1
393,0063,1,0,"[-23.609506800180167, -43.29068152564628]","[np.float64(-23.09589110424265), np.float64(-45.52362922911657)]",2026-06-13 12:35:10,708.0139383617036,1,2.358689452671987,234.99534923627047,18.706615078277633,31.528737189952896,8.081778485235255,4,4,3,885,11,0.12164351851851851,7.5952044111611805,0.7655703289013296,ELECTRE-III,1
394,0077,0,0,"[-23.609506800180167, -43.29068152564628]","[np.float64(-23.18056725063686), np.float64(-42.70330211205196)]",2026-06-13 12:35:10,980.5466411289955,2,4.090325066691281,76.60405593725935,6.298837100694161,33.092085528698775,6.961837177914267,3,3,3,1199,7,0.12164351851851851,6.110332548284638,0.4688593421973408,ELECTRE-III,1
395,0131,0,0,"[-23.609506800180167, -43.29068152564628]","[np.float64(-24.10514475424264), np.float64(-42.74953765731617)]",2026-06-13 12:35:10,302.52946657660914,1,2.0713184530843023,77.88311032616758,6.403142073132137,32.334238474245424,6.33637729676163,2,2,2,554,7,0.12164351851851851,7.431168963428297,0.4688593421973408,ELECTRE-III,1
396,0555,0,0,"[-23.609506800180167, -43.29068152564628]","[np.float64(-22.55121870780887), np.float64(-43.45574144926327)]",2026-06-13 12:35:10,541.1026047043981,1,6.172093979050011,118.88155704377556,9.720370536898628,33.15794562777062,10.081778485235255,1,1,1,1404,2,0.12164351851851851,11.054926633383403,0.061931420573827854,ELECTRE-III,1
397,0691,0,0,"[-23.609506800180167, -43.29068152564628]","[np.float64(-22.86359250402419), np.float64(-42.8706713430586)]",2026-06-13 12:35:10,264.60101116388,1,3.9660786437745092,93.38632191068247,7.663823802126568,33.24755770968119,18.954479079472065,3,3,3,1304,6,0.12164351851851851,18.954479079472065,0.37508747375787266,ELECTRE-III,1
398,0953,0,0,"[-23.609506800180167, -43.29068152564628]","[np.float64(-22.28518634998811), np.float64(-42.36685620541314)]",2026-06-13 12:35:10,903.2807309982267,2,3.5958823483603597,175.02163488494526,14.154416960403076,33.98909085730196,11.078099436014156,2,2,2,876,11,0.12164351851851851,10.83481239897712,0.7655703289013296,ELECTRE-III,1
399,0014,0,0,"[-24.209245220631477, -43.435484951145135]","[np.float64(-22.62510280287139), np.float64(-44.23792260937919)]",2026-06-13 12:35:20,730.7696677237107,2,5.67470869074395,194.24658467224057,15.636625866616104,32.671164875812984,2.5799389606247054,3,3,3,667,7,0.12175925925925926,1.6058648865506313,0.4688593421973408,ELECTRE-III,1
400,0063,1,0,"[-24.209245220631477, -43.435484951145135]","[np.float64(-23.09589110424265), np.float64(-45.52362922911657)]",2026-06-13 12:35:20,708.0139383617036,1,2.358689452671987,246.08670449376737,19.524088778014093,31.55341466342415,14.081778485235255,4,4,3,885,11,0.12175925925925926,13.472982188938959,0.7655703289013296,ELECTRE-III,1
400,0063,1,0,"[-24.209245220631477, -43.435484951145135]","[np.float64(-23.09589110424265), np.float64(-45.52362922911657)]",2026-06-13 12:35:20,708.0139383617036,1,2.358689452671987,246.08670449376737,19.524088778014093,31.55341466342415,14.081778485235255,4,4,3,885,11,0.12175925925925926,13.472982188938959,0.7655703289013296,ELECTRE-III,1
401,0077,0,0,"[-24.209245220631477, -43.435484951145135]","[np.float64(-23.18056725063686), np.float64(-42.70330211205196)]",2026-06-13 12:35:20,980.5466411289955,2,4.090325066691281,136.53348426205525,11.12989621600358,33.11549258698441,7.961837177914267,3,3,3,1199,7,0.12175925925925926,7.231281622358711,0.4688593421973408,ELECTRE-III,1
402,0131,0,0,"[-24.209245220631477, -43.435484951145135]","[np.float64(-24.10514475424264), np.float64(-42.74953765731617)]",2026-06-13 12:35:20,302.52946657660914,1,2.0713184530843023,70.5503666190163,5.804610139815646,32.35731085326173,4.33637729676163,2,2,2,554,7,0.12175925925925926,4.8234143337986675,0.4688593421973408,ELECTRE-III,1
403,0555,0,0,"[-24.209245220631477, -43.435484951145135]","[np.float64(-22.55121870780887), np.float64(-43.45574144926327)]",2026-06-13 12:35:20,541.1026047043981,1,6.172093979050011,184.37598774417444,14.878168070483524,33.18193666723029,11.081778485235255,1,1,1,1404,2,0.12175925925925926,11.81233404079081,0.061931420573827854,ELECTRE-III,1
404,0691,0,0,"[-24.209245220631477, -43.435484951145135]","[np.float64(-22.86359250402419), np.float64(-42.8706713430586)]",2026-06-13 12:35:20,264.60101116388,1,3.9660786437745092,160.32557471524012,13.008076909164647,33.27116284345275,17.954479079472065,3,3,3,1304,6,0.12175925925925926,16.98040500539799,0.37508747375787266,ELECTRE-III,1
405,0834,0,0,"[-24.209245220631477, -43.435484951145135]","[np.float64(-24.35739991703869), np.float64(-47.35934700715942)]",2026-06-13 12:35:20,219.30747475400838,1,7.470963584260952,398.0381437566928,29.8360815631978,29.50391053502969,7.0817784852352545,3,3,3,1306,6,0.12175925925925926,7.812334040790811,0.37508747375787266,ELECTRE-III,1
406,0953,0,0,"[-24.209245220631477, -43.435484951145135]","[np.float64(-22.28518634998811), np.float64(-42.36685620541314)]",2026-06-13 12:35:20,903.2807309982267,2,3.5958823483603597,240.18963317547025,19.090459194849437,34.01268916088436,19.078099436014156,2,2,2,876,11,0.12175925925925926,18.10402536194008,0.7655703289013296,ELECTRE-III,1
407,0014,0,0,"[-24.808898263718163, -43.5812650936953]","[np.float64(-22.62510280287139), np.float64(-44.23792260937919)]",2026-06-13 12:35:30,730.7696677237107,2,5.67470869074395,251.859500261635,19.946337926587667,32.69545302850155,3.5799389606247054,3,3,3,667,7,0.121875,4.433063960624706,0.4688593421973408,ELECTRE-III,1
408,0063,1,0,"[-24.808898263718163, -43.5812650936953]","[np.float64(-23.09589110424265), np.float64(-45.52362922911657)]",2026-06-13 12:35:30,708.0139383617036,1,2.358689452671987,274.292102189349,21.565595697445286,31.57807506142248,7.0817784852352545,4,4,3,885,11,0.121875,6.106778485235255,0.7655703289013296,ELECTRE-III,1
409,0077,0,0,"[-24.808898263718163, -43.5812650936953]","[np.float64(-23.18056725063686), np.float64(-42.70330211205196)]",2026-06-13 12:35:30,980.5466411289955,2,4.090325066691281,201.8349196433131,16.215931848255323,33.13888256979712,5.961837177914267,3,3,3,1199,7,0.121875,5.352462177914267,0.4688593421973408,ELECTRE-III,1
410,0131,0,0,"[-24.808898263718163, -43.5812650936953]","[np.float64(-24.10514475424264), np.float64(-42.74953765731617)]",2026-06-13 12:35:30,302.52946657660914,1,2.0713184530843023,114.93793104527698,9.403774790474653,32.3803661568051,6.33637729676163,2,2,2,554,7,0.121875,6.82387729676163,0.4688593421973408,ELECTRE-III,1
411,0555,0,0,"[-24.808898263718163, -43.5812650936953]","[np.float64(-22.55121870780887), np.float64(-43.45574144926327)]",2026-06-13 12:35:30,541.1026047043981,1,6.172093979050011,251.3680130388062,19.910475368101636,33.20591063121704,13.081778485235255,1,1,1,1404,2,0.121875,12.838028485235254,0.061931420573827854,ELECTRE-III,1
412,0691,0,0,"[-24.808898263718163, -43.5812650936953]","[np.float64(-22.86359250402419), np.float64(-42.8706713430586)]",2026-06-13 12:35:30,264.60101116388,1,3.9660786437745092,228.06182905545174,18.191523831931036,33.29475090175139,12.954479079472067,3,3,3,1304,6,0.121875,13.320104079472067,0.37508747375787266,ELECTRE-III,1
413,0834,0,0,"[-24.808898263718163, -43.5812650936953]","[np.float64(-24.35739991703869), np.float64(-47.35934700715942)]",2026-06-13 12:35:30,219.30747475400838,1,7.470963584260952,385.2965097250937,29.038258993332985,29.528833895311067,8.081778485235255,3,3,3,1306,6,0.121875,6.984903485235255,0.37508747375787266,ELECTRE-III,1
414,0953,0,0,"[-24.808898263718163, -43.5812650936953]","[np.float64(-22.28518634998811), np.float64(-42.36685620541314)]",2026-06-13 12:35:30,903.2807309982267,2,3.5958823483603597,306.7092178995088,23.842750094893415,34.03627038899383,18.078099436014156,2,2,2,876,11,0.121875,17.103099436014155,0.7655703289013296,ELECTRE-III,1
415,0014,0,0,"[-25.408467636987513, -43.72805268914804]","[np.float64(-22.62510280287139), np.float64(-44.23792260937919)]",2026-06-13 12:35:40,730.7696677237107,2,5.67470869074395,313.79785742020465,24.33049901529259,32.71972410571719,10.579938960624705,3,3,3,667,7,0.12199074074074075,9.604013034698779,0.4688593421973408,ELECTRE-III,1
416,0063,1,0,"[-25.408467636987513, -43.72805268914804]","[np.float64(-23.09589110424265), np.float64(-45.52362922911657)]",2026-06-13 12:35:40,708.0139383617036,1,2.358689452671987,315.04764940395,24.416107996206442,31.602714968853302,15.081778485235255,4,4,3,885,11,0.12199074074074075,13.983861818568588,0.7655703289013296,ELECTRE-III,1
417,0077,0,0,"[-25.408467636987513, -43.72805268914804]","[np.float64(-23.18056725063686), np.float64(-42.70330211205196)]",2026-06-13 12:35:40,980.5466411289955,2,4.090325066691281,268.61652224766584,21.159203505816564,33.16224864694773,12.961837177914267,3,3,3,1199,7,0.12199074074074075,12.717855696432785,0.4688593421973408,ELECTRE-III,1
418,0131,0,0,"[-25.408467636987513, -43.72805268914804]","[np.float64(-24.10514475424264), np.float64(-42.74953765731617)]",2026-06-13 12:35:40,302.52946657660914,1,2.0713184530843023,175.39843864399924,14.183661424808285,32.403397554686386,6.33637729676163,2,2,2,554,7,0.12199074074074075,5.604432852317186,0.4688593421973408,ELECTRE-III,1
419,0555,0,0,"[-25.408467636987513, -43.72805268914804]","[np.float64(-22.55121870780887), np.float64(-43.45574144926327)]",2026-06-13 12:35:40,541.1026047043981,1,6.172093979050011,318.913940351636,24.68020847016906,33.22986410463627,6.0817784852352545,1,1,1,1404,2,0.12199074074074075,6.569741448198218,0.061931420573827854,ELECTRE-III,1
420,0691,0,0,"[-25.408467636987513, -43.72805268914804]","[np.float64(-22.86359250402419), np.float64(-42.8706713430586)]",2026-06-13 12:35:40,264.60101116388,1,3.9660786437745092,296.0467099737446,23.10213910999643,33.31831846948252,14.954479079472067,3,3,3,1304,6,0.12199074074074075,14.588506857249845,0.37508747375787266,ELECTRE-III,1
421,0834,0,0,"[-25.408467636987513, -43.72805268914804]","[np.float64(-24.35739991703869), np.float64(-47.35934700715942)]",2026-06-13 12:35:40,219.30747475400838,1,7.470963584260952,384.4737297147985,28.98630940604914,29.55374018011952,8.081778485235255,3,3,3,1306,6,0.12199074074074075,8.691732188938959,0.37508747375787266,ELECTRE-III,1
422,0953,0,0,"[-25.408467636987513, -43.72805268914804]","[np.float64(-22.28518634998811), np.float64(-42.36685620541314)]",2026-06-13 12:35:40,903.2807309982267,2,3.5958823483603597,373.8580893041511,28.31136505848291,34.059831126535784,19.078099436014156,2,2,2,876,11,0.12199074074074075,19.932034621199342,0.7655703289013296,ELECTRE-III,1
423,0014,0,0,"[-26.007948217797654, -43.875888718638386]","[np.float64(-22.62510280287139), np.float64(-44.23792260937919)]",2026-06-13 12:35:50,730.7696677237107,2,5.67470869074395,377.9395850860476,28.571895202815607,32.7439781074599,7.579938960624705,3,3,3,667,7,0.12210648148148148,6.847300071735816,0.4688593421973408,ELECTRE-III,1
424,0063,1,0,"[-26.007948217797654, -43.875888718638386]","[np.float64(-23.09589110424265), np.float64(-45.52362922911657)]",2026-06-13 12:35:50,708.0139383617036,1,2.358689452671987,364.1625545299278,27.68733994314586,31.627337800811198,11.081778485235255,4,4,3,885,11,0.12210648148148148,11.325991448198218,0.7655703289013296,ELECTRE-III,1
425,0077,0,0,"[-26.007948217797654, -43.875888718638386]","[np.float64(-23.18056725063686), np.float64(-42.70330211205196)]",2026-06-13 12:35:50,980.5466411289955,2,4.090325066691281,335.9950016633945,25.833603924400045,33.18560106372,3.9618371779142674,3,3,3,1199,7,0.12210648148148148,4.816582548284638,0.4688593421973408,ELECTRE-III,1
426,0131,0,0,"[-26.007948217797654, -43.875888718638386]","[np.float64(-24.10514475424264), np.float64(-42.74953765731617)]",2026-06-13 12:35:50,302.52946657660914,1,2.0713184530843023,240.07869923079966,19.082279901170374,32.42641529218933,6.33637729676163,2,2,2,554,7,0.12210648148148148,6.580590259724593,0.4688593421973408,ELECTRE-III,1
427,0555,0,0,"[-26.007948217797654, -43.875888718638386]","[np.float64(-22.55121870780887), np.float64(-43.45574144926327)]",2026-06-13 12:35:50,541.1026047043981,1,6.172093979050011,386.722126513372,29.12814745317112,33.25380050258258,7.0817784852352545,1,1,1,1404,2,0.12210648148148148,6.1049266333834025,0.061931420573827854,ELECTRE-III,1
428,0691,0,0,"[-26.007948217797654, -43.875888718638386]","[np.float64(-22.86359250402419), np.float64(-42.8706713430586)]",2026-06-13 12:35:50,264.60101116388,1,3.9660786437745092,364.13928485764444,27.685833568708958,33.34186554664614,16.954479079472065,3,3,3,1304,6,0.12210648148148148,16.588159635027623,0.37508747375787266,ELECTRE-III,1
429,0834,0,0,"[-26.007948217797654, -43.875888718638386]","[np.float64(-24.35739991703869), np.float64(-47.35934700715942)]",2026-06-13 12:35:50,219.30747475400838,1,7.470963584260952,395.6433653451442,29.687088521514863,29.578632804549628,5.0817784852352545,3,3,3,1306,6,0.12210648148148148,4.71545904079081,0.37508747375787266,ELECTRE-III,1
430,0077,0,0,"[-26.607336591054, -44.02481416330134]","[np.float64(-23.18056725063686), np.float64(-42.70330211205196)]",2026-06-13 12:36:00,980.5466411289955,2,4.090325066691281,403.6700291917476,30.18472739044464,33.20892957483018,3.9618371779142674,3,3,3,1199,7,0.12222222222222222,3.350726066803156,0.4688593421973408,ELECTRE-III,1
431,0131,0,0,"[-26.607336591054, -44.02481416330134]","[np.float64(-24.10514475424264), np.float64(-42.74953765731617)]",2026-06-13 12:36:00,302.52946657660914,1,2.0713184530843023,306.3151464300576,23.815526399067043,32.449409124030176,6.33637729676163,2,2,2,554,7,0.12222222222222222,7.314155074539408,0.4688593421973408,ELECTRE-III,1
432,0131,0,0,"[-27.20663275675655, -44.174863174082766]","[np.float64(-24.10514475424264), np.float64(-42.74953765731617)]",2026-06-13 12:36:10,302.52946657660914,1,2.0713184530843023,373.2785988192098,28.27427099264186,32.4723858803981,6.33637729676163,2,2,2,554,7,0.12233796296296297,5.112997667132,0.4688593421973408,ELECTRE-III,1
433,0322,0,0,"[11.649290610617777, -60.252076631160605]","[np.float64(9.53208137087383), np.float64(-63.25683105758648)]",2026-06-13 14:04:10,55.06135233584575,1,6.071031360960465,404.0680218830859,30.209272694455873,56.29775227156006,7.710917415608993,2,2,2,1313,5,0.18344907407407407,8.077815563757142,0.2722183344996501,ELECTRE-III,1
434,0322,0,0,"[11.047880501367107, -60.383516791548324]","[np.float64(9.53208137087383), np.float64(-63.25683105758648)]",2026-06-13 14:04:20,55.06135233584575,1,6.071031360960465,356.68463656517997,27.201115706301536,56.33402057605283,7.710917415608993,2,2,2,1313,5,0.18356481481481482,7.527352600794178,0.2722183344996501,ELECTRE-III,1
435,0322,0,0,"[10.446454170417159, -60.51458812172087]","[np.float64(9.53208137087383), np.float64(-63.25683105758648)]",2026-06-13 14:04:30,55.06135233584575,1,6.071031360960465,317.0423529839514,24.552502040152284,56.37028205035642,2.710917415608993,2,2,2,1313,5,0.18368055555555557,1.792514637831215,0.2722183344996501,ELECTRE-III,1
436,0322,0,0,"[9.845013325315223, -60.64531111224574]","[np.float64(9.53208137087383), np.float64(-63.25683105758648)]",2026-06-13 14:04:40,55.06135233584575,1,6.071031360960465,288.3525267991809,22.562569681566735,56.40653669447085,5.710917415608993,2,2,2,1313,5,0.1837962962962963,4.608139637831215,0.2722183344996501,ELECTRE-III,1
437,0322,0,0,"[9.24356052738224, -60.77571308387963]","[np.float64(9.53208137087383), np.float64(-63.25683105758648)]",2026-06-13 14:04:50,55.06135233584575,1,6.071031360960465,274.07640107329405,21.55019199486979,56.44278109330153,8.710917415608993,2,2,2,1313,5,0.18391203703703704,10.18221371190529,0.2722183344996501,ELECTRE-III,1
438,0322,0,0,"[8.64209577661821, -60.90580769700086]","[np.float64(9.53208137087383), np.float64(-63.25683105758648)]",2026-06-13 14:05:00,55.06135233584575,1,6.071031360960465,276.4574204951989,21.72004442896911,56.47902207703761,5.710917415608993,2,2,2,1313,5,0.1840277777777778,5.526889637831215,0.2722183344996501,ELECTRE-III,1
439,0322,0,0,"[8.04062163434407, -61.035622272366126]","[np.float64(9.53208137087383), np.float64(-63.25683105758648)]",2026-06-13 14:05:10,55.06135233584575,1,6.071031360960465,295.0924960338632,23.035455736458662,56.515252815489944,8.710917415608993,2,2,2,1313,5,0.1841435185185185,8.710917415608993,0.2722183344996501,ELECTRE-III,1
440,0322,0,0,"[7.439138954333469, -61.16517047035376]","[np.float64(9.53208137087383), np.float64(-63.25683105758648)]",2026-06-13 14:05:20,55.06135233584575,1,6.071031360960465,327.21731188257445,25.243628457660673,56.55147672375311,3.710917415608993,2,2,2,1313,5,0.18425925925925926,2.973880378571956,0.2722183344996501,ELECTRE-III,1
441,0322,0,0,"[6.837650724794167, -61.29447961172044]","[np.float64(9.53208137087383), np.float64(-63.25683105758648)]",2026-06-13 14:05:30,55.06135233584575,1,6.071031360960465,369.3281276094352,28.02070672093442,56.5876938018271,0.7109174156089928,2,2,2,1313,5,0.184375,0.0,0.2722183344996501,ELECTRE-III,1
442,0608,0,0,"[-13.606331906896838, -65.68612049330939]","[np.float64(-17.06430554534382), np.float64(-66.04567811801935)]",2026-06-13 14:11:10,561.5512733223705,1,4.630743683248481,386.43733278566185,29.110203084495986,38.23747193614448,7.958158128693167,1,1,1,840,2,0.1883101851851852,8.523088684248723,0.061931420573827854,ELECTRE-III,1
443,0283,0,0,"[-14.207120468933036, -65.81930235193546]","[np.float64(-17.75025465688937), np.float64(-66.64460688094775)]",2026-06-13 14:11:20,126.3399236789922,1,7.987895802244843,403.7325131293896,30.18858175662493,37.37081655311824,6.83085872292998,1,1,1,1408,8,0.1884259259259259,5.135025389596647,0.5290412876137159,ELECTRE-III,1
444,0608,0,0,"[-14.207120468933036, -65.81930235193546]","[np.float64(-17.06430554534382), np.float64(-66.04567811801935)]",2026-06-13 14:11:20,561.5512733223705,1,4.630743683248481,318.62810701407005,24.66072171560088,38.262999768167404,6.958158128693167,1,1,1,840,2,0.1884259259259259,6.581306276841316,0.061931420573827854,ELECTRE-III,1
445,0283,0,0,"[-14.807862073418692, -65.95296232380345]","[np.float64(-17.75025465688937), np.float64(-66.64460688094775)]",2026-06-13 14:11:30,126.3399236789922,1,7.987895802244843,335.40269822718426,25.793976221038967,37.396320479479066,0.83085872292998,1,1,1,1408,8,0.18854166666666666,0.26523372292997993,0.5290412876137159,ELECTRE-III,1
446,0608,0,0,"[-14.807862073418692, -65.95296232380345]","[np.float64(-17.06430554534382), np.float64(-66.04567811801935)]",2026-06-13 14:11:30,561.5512733223705,1,4.630743683248481,251.10115189444292,19.8909963811604,38.28850710962281,7.958158128693167,1,1,1,840,2,0.18854166666666666,8.3352414620265,0.061931420573827854,ELECTRE-III,1
447,0283,0,0,"[-15.408553305259218, -66.08714139004834]","[np.float64(-17.75025465688937), np.float64(-66.64460688094775)]",2026-06-13 14:11:40,126.3399236789922,1,7.987895802244843,267.07613453615215,21.048518076380994,37.421807330366974,2.83085872292998,1,1,1,1408,8,0.1886574074074074,3.774145759967017,0.5290412876137159,ELECTRE-III,1
448,0608,0,0,"[-15.408553305259218, -66.08714139004834]","[np.float64(-17.06430554534382), np.float64(-66.04567811801935)]",2026-06-13 14:11:40,561.5512733223705,1,4.630743683248481,184.16471173080174,14.86187411621883,38.313997375605304,11.958158128693167,1,1,1,840,2,0.1886574074074074,13.467417387952427,0.061931420573827854,ELECTRE-III,1
449,0283,0,0,"[-16.00919501822826, -66.22184638085933]","[np.float64(-17.75025465688937), np.float64(-66.64460688094775)]",2026-06-13 14:11:50,126.3399236789922,1,7.987895802244843,198.75418616856993,15.981147001341906,37.44727710578195,6.83085872292998,1,1,1,1408,8,0.18877314814814813,6.642085574781832,0.5290412876137159,ELECTRE-III,1
450,0608,0,0,"[-16.00919501822826, -66.22184638085933]","[np.float64(-17.06430554534382), np.float64(-66.04567811801935)]",2026-06-13 14:11:50,561.5512733223705,1,4.630743683248481,118.81641692638479,9.715145874791116,38.33946715102028,14.958158128693167,1,1,1,840,2,0.18877314814814813,13.259199795359834,0.061931420573827854,ELECTRE-III,1
451,0283,0,0,"[-16.609782089683947, -66.35711827737144]","[np.float64(-17.75025465688937), np.float64(-66.64460688094775)]",2026-06-13 14:12:00,126.3399236789922,1,7.987895802244843,130.44056702750174,10.644821211497224,37.47272639062942,4.83085872292998,1,1,1,1408,8,0.18888888888888888,3.508636500707758,0.5290412876137159,ELECTRE-III,1
452,0608,0,0,"[-16.609782089683947, -66.35711827737144]","[np.float64(-17.06430554534382), np.float64(-66.04567811801935)]",2026-06-13 14:12:00,561.5512733223705,1,4.630743683248481,60.440260874598025,4.977314671907425,38.36491643586775,9.958158128693167,1,1,1,840,2,0.18888888888888888,8.635935906470944,0.061931420573827854,ELECTRE-III,1
453,0283,0,0,"[-17.21031451962627, -66.492970739963]","[np.float64(-17.75025465688937), np.float64(-66.64460688094775)]",2026-06-13 14:12:10,126.3399236789922,1,7.987895802244843,62.15537028764802,5.1178158074019295,37.49815518490937,1.83085872292998,1,1,1,1408,8,0.18900462962962963,0.5078263155225726,0.5290412876137159,ELECTRE-III,1
454,0608,0,0,"[-17.21031451962627, -66.492970739963]","[np.float64(-17.06430554534382), np.float64(-66.04567811801935)]",2026-06-13 14:12:10,561.5512733223705,1,4.630743683248481,50.22495557324748,4.139293670999803,38.39034864524229,6.958158128693167,1,1,1,840,2,0.18900462962962963,7.147162758322797,0.061931420573827854,ELECTRE-III,1
455,0283,0,0,"[-17.810788892960648, -66.62943791957984]","[np.float64(-17.75025465688937), np.float64(-66.64460688094775)]",2026-06-13 14:12:20,126.3399236789922,1,7.987895802244843,6.920082094161268,0.5712944640254656,37.52356690371641,5.83085872292998,1,1,1,1408,8,0.18912037037037038,6.965580945152203,0.5290412876137159,ELECTRE-III,1
456,0608,0,0,"[-17.810788892960648, -66.62943791957984]","[np.float64(-17.06430554534382), np.float64(-66.04567811801935)]",2026-06-13 14:12:20,561.5512733223705,1,4.630743683248481,103.56109885157669,8.487248670281526,38.41576036404932,15.958158128693167,1,1,1,840,2,0.18912037037037038,14.066954424989463,0.061931420573827854,ELECTRE-III,1
457,0283,0,0,"[-18.411206917234374, -66.76654030678951]","[np.float64(-17.75025465688937), np.float64(-66.64460688094775)]",2026-06-13 14:12:30,126.3399236789922,1,7.987895802244843,74.61624044031791,6.136650733775434,37.54895813195593,5.83085872292998,1,1,1,1408,8,0.1892361111111111,7.155511500707758,0.5290412876137159,ELECTRE-III,1
458,0608,0,0,"[-18.411206917234374, -66.76654030678951]","[np.float64(-17.06430554534382), np.float64(-66.04567811801935)]",2026-06-13 14:12:30,561.5512733223705,1,4.630743683248481,168.104181655272,13.616214744971302,38.44115159228885,7.958158128693167,1,1,1,840,2,0.1892361111111111,8.525866462026501,0.061931420573827854,ELECTRE-III,1
459,0712,0,0,"[-18.411206917234374, -66.76654030678951]","[np.float64(-21.4902902963777), np.float64(-64.83707616408573)]",2026-06-13 14:12:30,707.4936720760832,1,5.247980465274296,397.3417761672051,29.792802190062417,35.66052693966329,2.710917415608993,4,4,3,517,4,0.1892361111111111,1.197028526720104,0.18754373687893633,ELECTRE-III,1
460,0283,0,0,"[-19.011561762258278, -66.90431205253785]","[np.float64(-17.75025465688937), np.float64(-66.64460688094775)]",2026-06-13 14:12:40,126.3399236789922,1,7.987895802244843,142.90331511776603,11.63529422693787,37.57433228472252,3.83085872292998,1,1,1,1408,8,0.18935185185185185,4.0202105747818315,0.5290412876137159,ELECTRE-III,1
461,0608,0,0,"[-19.011561762258278, -66.90431205253785]","[np.float64(-17.06430554534382), np.float64(-66.04567811801935)]",2026-06-13 14:12:40,561.5512733223705,1,4.630743683248481,234.7845353782879,18.69099938614644,38.46652574505544,12.958158128693167,1,1,1,840,2,0.18935185185185185,12.958158128693167,0.061931420573827854,ELECTRE-III,1
462,0712,0,0,"[-19.011561762258278, -66.90431205253785]","[np.float64(-21.4902902963777), np.float64(-64.83707616408573)]",2026-06-13 14:12:40,707.4936720760832,1,5.247980465274296,349.950044251928,26.759561296900458,35.68354809226082,0.0,4,4,3,517,4,0.18935185185185185,0.0,0.18754373687893633,ELECTRE-III,1
463,0283,0,0,"[-19.61185513557965, -67.04277364739234]","[np.float64(-17.75025465688937), np.float64(-66.64460688094775)]",2026-06-13 14:12:50,126.3399236789922,1,7.987895802244843,211.20661423470355,16.9266987470306,37.59968253182703,2.83085872292998,1,1,1,1408,8,0.1894675925925926,2.83085872292998,0.5290412876137159,ELECTRE-III,1
464,0608,0,0,"[-19.61185513557965, -67.04277364739234]","[np.float64(-17.06430554534382), np.float64(-66.04567811801935)]",2026-06-13 14:12:50,561.5512733223705,1,4.630743683248481,302.18880193443863,23.52978048084421,38.49187599215994,15.958158128693167,1,1,1,840,2,0.1894675925925926,14.252949795359834,0.061931420573827854,ELECTRE-III,1
465,0712,0,0,"[-19.61185513557965, -67.04277364739234]","[np.float64(-21.4902902963777), np.float64(-64.83707616408573)]",2026-06-13 14:12:50,707.4936720760832,1,5.247980465274296,310.4211961507843,24.098623691838988,35.706552169385425,0.7109174156089928,4,4,3,517,4,0.1894675925925926,0.0,0.18754373687893633,ELECTRE-III,1
466,0283,0,0,"[-20.212083622103908, -67.18195924229886]","[np.float64(-17.75025465688937), np.float64(-66.64460688094775)]",2026-06-13 14:13:00,126.3399236789922,1,7.987895802244843,279.51241811587977,21.937389388973905,37.62501911855319,0.83085872292998,1,1,1,1408,8,0.18958333333333333,0.0,0.5290412876137159,ELECTRE-III,1
467,0608,0,0,"[-20.212083622103908, -67.18195924229886]","[np.float64(-17.06430554534382), np.float64(-66.04567811801935)]",2026-06-13 14:13:00,561.5512733223705,1,4.630743683248481,369.92002546264945,28.0587746411273,38.51720916379152,14.958158128693167,1,1,1,840,2,0.18958333333333333,14.199824795359834,0.061931420573827854,ELECTRE-III,1
468,0712,0,0,"[-20.212083622103908, -67.18195924229886]","[np.float64(-21.4902902963777), np.float64(-64.83707616408573)]",2026-06-13 14:13:00,707.4936720760832,1,5.247980465274296,282.0782889496711,22.119424437434223,35.72953234084793,5.710917415608993,4,4,3,517,4,0.18958333333333333,5.710917415608993,0.18754373687893633,ELECTRE-III,1
469,0283,0,0,"[-20.812243806736465, -67.32190298820325]","[np.float64(-17.75025465688937), np.float64(-66.64460688094775)]",2026-06-13 14:13:10,126.3399236789922,1,7.987895802244843,347.8177262336884,26.619034089472265,37.650331799617256,3.83085872292998,1,1,1,1408,8,0.18969907407407408,2.1235670562633135,0.5290412876137159,ELECTRE-III,1
470,0712,0,0,"[-20.812243806736465, -67.32190298820325]","[np.float64(-21.4902902963777), np.float64(-64.83707616408573)]",2026-06-13 14:13:10,707.4936720760832,1,5.247980465274296,268.4851939178956,21.14977327287057,35.75249202174293,2.710917415608993,4,4,3,517,4,0.18969907407407408,2.710917415608993,0.18754373687893633,ELECTRE-III,1
471,0712,0,0,"[-21.412335689477324, -67.46262537567303]","[np.float64(-21.4902902963777), np.float64(-64.83707616408573)]",2026-06-13 14:13:20,707.4936720760832,1,5.247980465274296,271.8595409019404,21.391691633889835,35.775434627165005,1.7109174156089928,4,4,3,517,4,0.18981481481481483,2.8498063044978816,0.18754373687893633,ELECTRE-III,1
472,0313,0,0,"[-22.012355855231895, -67.6041673858432]","[np.float64(-24.64141463657782), np.float64(-65.03942095316634)]",2026-06-13 14:13:30,52.46371071336583,1,6.688684271754036,392.45425184850006,29.487987411977894,33.13352770148783,9.33637729676163,1,1,1,1383,3,0.18993055555555555,10.096099518983852,0.13750874737578728,ELECTRE-III,1
473,0712,0,0,"[-22.012355855231895, -67.6041673858432]","[np.float64(-21.4902902963777), np.float64(-64.83707616408573)]",2026-06-13 14:13:30,707.4936720760832,1,5.247980465274296,291.61119600102273,22.791612333758348,35.79835332692498,3.710917415608993,4,4,3,517,4,0.18993055555555555,5.420292415608992,0.18754373687893633,ELECTRE-III,1
474,0313,0,0,"[-22.612302596452892, -67.74654950928128]","[np.float64(-24.64141463657782), np.float64(-65.03942095316634)]",2026-06-13 14:13:40,52.46371071336583,1,6.688684271754036,356.30188740211565,27.176113615873156,33.15531258984558,7.33637729676163,1,1,1,1383,3,0.1900462962962963,8.856747667132,0.13750874737578728,ELECTRE-III,1
475,0712,0,0,"[-22.612302596452892, -67.74654950928128]","[np.float64(-21.4902902963777), np.float64(-64.83707616408573)]",2026-06-13 14:13:40,707.4936720760832,1,5.247980465274296,324.76219779634835,25.07757562527901,35.82125153611745,7.710917415608993,4,4,3,517,4,0.1900462962962963,6.570639637831215,0.18754373687893633,ELECTRE-III,1
476,0313,0,0,"[-23.212172498045724, -67.88981955731147]","[np.float64(-24.64141463657782), np.float64(-65.03942095316634)]",2026-06-13 14:13:50,52.46371071336583,1,6.688684271754036,330.4253444600974,25.45992311102011,33.17708040273041,4.33637729676163,1,1,1,1383,3,0.19016203703703705,2.43475692639126,0.13750874737578728,ELECTRE-III,1
477,0712,0,0,"[-23.212172498045724, -67.88981955731147]","[np.float64(-21.4902902963777), np.float64(-64.83707616408573)]",2026-06-13 14:13:50,707.4936720760832,1,5.247980465274296,367.7051387094929,27.91618597158369,35.84413266983699,8.710917415608993,4,4,3,517,4,0.19016203703703705,7.760107230423808,0.18754373687893633,ELECTRE-III,1
478,0313,0,0,"[-23.8119638524631, -68.03399802050127]","[np.float64(-24.64141463657782), np.float64(-65.03942095316634)]",2026-06-13 14:14:00,52.46371071336583,1,6.688684271754036,317.34443140530664,24.573131794721373,33.198827725047735,3.33637729676163,1,1,1,1383,3,0.19027777777777777,1.814155074539408,0.13750874737578728,ELECTRE-III,1
479,0313,0,0,"[-24.411673244610437, -68.1791258799857]","[np.float64(-24.64141463657782), np.float64(-65.03942095316634)]",2026-06-13 14:14:10,52.46371071336583,1,6.688684271754036,318.63685830854723,24.66131842749312,33.220554556797545,2.33637729676163,1,1,1,1383,3,0.19039351851851852,2.5267708152801487,0.13750874737578728,ELECTRE-III,1
480,0313,0,0,"[-25.011298966940444, -68.32524411689978]","[np.float64(-24.64141463657782), np.float64(-65.03942095316634)]",2026-06-13 14:14:20,52.46371071336583,1,6.688684271754036,334.1338024907707,25.708992305101916,33.24226089797985,3.33637729676163,1,1,1,1383,3,0.19050925925925927,4.098414333798667,0.13750874737578728,ELECTRE-III,1
481,0313,0,0,"[-25.61083931190582, -68.4723800520002]","[np.float64(-24.64141463657782), np.float64(-65.03942095316634)]",2026-06-13 14:14:30,52.46371071336583,1,6.688684271754036,362.0124493108815,27.54797630152319,33.263946748594634,9.33637729676163,1,1,1,1383,3,0.190625,9.90825229676163,0.13750874737578728,ELECTRE-III,1
482,0313,0,0,"[-26.210289156864697, -68.62058149661114]","[np.float64(-24.64141463657782), np.float64(-65.03942095316634)]",2026-06-13 14:14:40,52.46371071336583,1,6.688684271754036,399.6888459286484,29.938523330453762,33.285612108641914,10.33637729676163,1,1,1,1383,3,0.19074074074074074,11.480821741206073,0.13750874737578728,ELECTRE-III,1
483,0463,0,0,"[-26.210289156864697, -68.62058149661114]","[np.float64(-29.2912219349268), np.float64(-66.86192049173229)]",2026-06-13 14:14:40,930.0641882372358,2,3.1555860995687555,383.7980636601922,28.943609395572395,28.548343164482812,4.710917415608993,4,4,3,819,4,0.19074074074074074,4.138695193386771,0.18754373687893633,ELECTRE-III,1
484,0463,0,0,"[-26.80964679426978, -68.76987577148927]","[np.float64(-29.2912219349268), np.float64(-66.86192049173229)]",2026-06-13 14:14:50,930.0641882372358,2,3.1555860995687555,333.4487882098239,25.663063146864676,28.569122307485284,1.7109174156089928,4,4,3,819,4,0.1908564814814815,3.428625748942326,0.18754373687893633,ELECTRE-III,1
485,0463,0,0,"[-27.408910516573773, -68.92031751814797]","[np.float64(-29.2912219349268), np.float64(-66.86192049173229)]",2026-06-13 14:15:00,930.0641882372358,2,3.1555860995687555,290.47389257580784,22.711761431325407,28.589882667467535,6.710917415608993,4,4,3,819,4,0.1909722222222222,5.183139637831215,0.18754373687893633,ELECTRE-III,1
486,0463,0,0,"[-28.0080752011348, -69.07194771772225]","[np.float64(-29.2912219349268), np.float64(-66.86192049173229)]",2026-06-13 14:15:10,930.0641882372358,2,3.1555860995687555,258.57393042248793,20.43463461096971,28.61062253688228,4.710917415608993,4,4,3,819,4,0.19108796296296296,3.1822137119052893,0.18754373687893633,ELECTRE-III,1
487,0463,0,0,"[-28.60713914040557, -69.22480052115797]","[np.float64(-29.2912219349268), np.float64(-66.86192049173229)]",2026-06-13 14:15:20,930.0641882372358,2,3.1555860995687555,242.16163687065753,19.235722339487975,28.631343623276805,3.710917415608993,4,4,3,819,4,0.1912037037037037,4.284528526720104,0.18754373687893633,ELECTRE-III,1
488,0463,0,0,"[-29.206097211744208, -69.37892373977931]","[np.float64(-29.2912219349268), np.float64(-66.86192049173229)]",2026-06-13 14:15:30,930.0641882372358,2,3.1555860995687555,244.37462555982782,19.39843152685094,28.652045926651112,8.710917415608993,4,4,3,819,4,0.19131944444444443,9.284875748942326,0.18754373687893633,ELECTRE-III,1
489,0463,0,0,"[-29.804951122698, -69.53437201509963]","[np.float64(-29.2912219349268), np.float64(-66.86192049173229)]",2026-06-13 14:15:40,930.0641882372358,2,3.1555860995687555,264.7439474992923,20.880623932829533,28.672731154552498,6.710917415608993,4,4,3,819,4,0.19143518518518518,7.859528526720104,0.18754373687893633,ELECTRE-III,1
490,0677,0,0,"[-29.804951122698, -69.53437201509963]","[np.float64(-33.13217557972659), np.float64(-68.94243257995237)]",2026-06-13 14:15:40,855.6228618201533,2,6.950698225460529,374.2036670615841,28.333473708565815,24.5127890726306,8.707238366387893,1,1,1,656,6,0.19143518518518518,7.367192070091597,0.37508747375787266,ELECTRE-III,1
491,0304,0,0,"[-30.40369233553049, -69.69117949806478]","[np.float64(-33.0491248747741), np.float64(-71.6499149451426)]",2026-06-13 14:15:50,727.2393781165788,2,7.712145663017438,347.613453593636,26.605553624111987,23.2506025574108,11.085457534456356,3,3,3,1454,9,0.19155092592592593,10.127702904826727,0.6014695591322603,ELECTRE-III,1
492,0463,0,0,"[-30.40369233553049, -69.69117949806478]","[np.float64(-29.2912219349268), np.float64(-66.86192049173229)]",2026-06-13 14:15:50,930.0641882372358,2,3.1555860995687555,299.5849992225582,23.348827495786907,28.69339589188637,8.710917415608993,4,4,3,819,4,0.19155092592592593,6.986959082275659,0.18754373687893633,ELECTRE-III,1
493,0677,0,0,"[-30.40369233553049, -69.69117949806478]","[np.float64(-33.13217557972659), np.float64(-68.94243257995237)]",2026-06-13 14:15:50,855.6228618201533,2,6.950698225460529,311.5384347253159,24.17543787736829,24.532972281627988,12.707238366387893,1,1,1,656,6,0.19155092592592593,12.132585588610114,0.37508747375787266,ELECTRE-III,1
494,0304,0,0,"[-31.002317435147088, -69.84941449056647]","[np.float64(-33.0491248747741), np.float64(-71.6499149451426)]",2026-06-13 14:16:00,727.2393781165788,2,7.712145663017438,283.9064814409884,22.248839107811094,23.27191104007395,3.0854575344563564,3,3,3,1454,9,0.19166666666666668,2.510457534456356,0.6014695591322603,ELECTRE-III,1
495,0463,0,0,"[-31.002317435147088, -69.84941449056647]","[np.float64(-29.2912219349268), np.float64(-66.86192049173229)]",2026-06-13 14:16:00,930.0641882372358,2,3.1555860995687555,344.53397400193273,26.40194615021166,28.714040138652734,4.710917415608993,4,4,3,819,4,0.19166666666666668,6.05258408227566,0.18754373687893633,ELECTRE-III,1
496,0677,0,0,"[-31.002317435147088, -69.84941449056647]","[np.float64(-33.13217557972659), np.float64(-68.94243257995237)]",2026-06-13 14:16:00,855.6228618201533,2,6.950698225460529,251.77497756080763,19.940171681527975,24.55313670760516,6.707238366387893,1,1,1,656,6,0.19166666666666668,7.282238366387893,0.37508747375787266,ELECTRE-III,1
497,0304,0,0,"[-31.600823006453208, -70.0091179737397]","[np.float64(-33.0491248747741), np.float64(-71.6499149451426)]",2026-06-13 14:16:10,727.2393781165788,2,7.712145663017438,222.9386619598654,17.808953724234513,23.29320244726417,8.085457534456356,3,3,3,1454,9,0.1917824074074074,8.085457534456356,0.6014695591322603,ELECTRE-III,1
498,0463,0,0,"[-31.600823006453208, -70.0091179737397]","[np.float64(-29.2912219349268), np.float64(-66.86192049173229)]",2026-06-13 14:16:10,930.0641882372358,2,3.1555860995687555,396.16232425718647,29.719413568413806,28.734667309946172,8.710917415608993,4,4,3,819,4,0.1917824074074074,6.793093341534918,0.18754373687893633,ELECTRE-III,1
499,0677,0,0,"[-31.600823006453208, -70.0091179737397]","[np.float64(-33.13217557972659), np.float64(-68.94243257995237)]",2026-06-13 14:16:10,855.6228618201533,2,6.950698225460529,197.56045579326428,15.890023167447078,24.573285765656696,10.707238366387893,1,1,1,656,6,0.1917824074074074,10.323673551573078,0.37508747375787266,ELECTRE-III,1
500,0857,0,0,"[-31.600823006453208, -70.0091179737397]","[np.float64(-34.72402898068509), np.float64(-68.1909061684908)]",2026-06-13 14:16:10,553.3139527173413,1,2.7985896129764654,386.3087104835694,29.10209675953376,23.623694810633577,13.209077890998444,3,3,3,715,13,0.1917824074074074,13.209077890998444,0.9188243526941917,ELECTRE-III,1
501,0304,0,0,"[-32.19920563435427, -70.17034458909785]","[np.float64(-33.0491248747741), np.float64(-71.6499149451426)]",2026-06-13 14:16:20,727.2393781165788,2,7.712145663017438,167.72101545829548,13.586330426888205,23.31447848652876,8.085457534456356,3,3,3,1454,9,0.19189814814814815,9.620642719641541,0.6014695591322603,ELECTRE-III,1
502,0381,0,0,"[-32.19920563435427, -70.17034458909785]","[np.float64(-35.5199463062986), np.float64(-71.81780208617532)]",2026-06-13 14:16:20,203.51387991417684,1,4.6359830167592015,399.33790198722363,29.91676154375567,21.270412896260922,14.205398841777342,2,2,2,725,7,0.19189814814814815,13.821602545481046,0.4688593421973408,ELECTRE-III,1
503,0677,0,0,"[-32.19920563435427, -70.17034458909785]","[np.float64(-33.13217557972659), np.float64(-68.94243257995237)]",2026-06-13 14:16:20,855.6228618201533,2,6.950698225460529,154.83292877012977,12.576845254459517,24.593416040688016,5.707238366387893,1,1,1,656,6,0.19189814814814815,5.899136514536041,0.37508747375787266,ELECTRE-III,1
504,0857,0,0,"[-32.19920563435427, -70.17034458909785]","[np.float64(-34.72402898068509), np.float64(-68.1909061684908)]",2026-06-13 14:16:20,553.3139527173413,1,2.7985896129764654,335.44464786536116,25.796783708633402,23.642933745978212,14.209077890998444,3,3,3,715,13,0.19189814814814815,14.784772335442888,0.9188243526941917,ELECTRE-III,1
505,0304,0,0,"[-32.79746531885027, -70.33314897815428]","[np.float64(-33.0491248747741), np.float64(-71.6499149451426)]",2026-06-13 14:16:30,727.2393781165788,2,7.712145663017438,126.0474903569489,10.294111042548831,23.335737450320423,8.085457534456356,3,3,3,1454,9,0.1920138888888889,9.813582534456357,0.6014695591322603,ELECTRE-III,1
506,0381,0,0,"[-32.79746531885027, -70.33314897815428]","[np.float64(-35.5199463062986), np.float64(-71.81780208617532)]",2026-06-13 14:16:30,203.51387991417684,1,4.6359830167592015,332.1083312999941,25.573085148605475,21.290824916595504,7.205398841777342,2,2,2,725,7,0.1920138888888889,7.013384952888453,0.4688593421973408,ELECTRE-III,1
507,0677,0,0,"[-32.79746531885027, -70.33314897815428]","[np.float64(-33.13217557972659), np.float64(-68.94243257995237)]",2026-06-13 14:16:30,855.6228618201533,2,6.950698225460529,134.97572195352313,11.006028989213709,24.613527532699116,12.707238366387893,1,1,1,656,6,0.1920138888888889,14.051335588610115,0.37508747375787266,ELECTRE-III,1
508,0857,0,0,"[-32.79746531885027, -70.33314897815428]","[np.float64(-34.72402898068509), np.float64(-68.1909061684908)]",2026-06-13 14:16:30,553.3139527173413,1,2.7985896129764654,291.7201886458558,22.799259884099747,23.662153898302627,6.209077890998444,3,3,3,715,13,0.1920138888888889,4.480952890998443,0.9188243526941917,ELECTRE-III,1
509,0304,0,0,"[-33.39559181465746, -70.49759261261151]","[np.float64(-33.0491248747741), np.float64(-71.6499149451426)]",2026-06-13 14:16:40,727.2393781165788,2,7.712145663017438,113.9016037412738,9.320481007869146,23.356979338639164,3.0854575344563564,3,3,3,1454,9,0.19212962962962962,1.1641612381600601,0.6014695591322603,ELECTRE-III,1
510,0381,0,0,"[-33.39559181465746, -70.49759261261151]","[np.float64(-35.5199463062986), np.float64(-71.81780208617532)]",2026-06-13 14:16:40,203.51387991417684,1,4.6359830167592015,265.4169228129709,20.929110112417955,21.311221569004456,15.205398841777342,2,2,2,725,7,0.19212962962962962,15.589658101036601,0.4688593421973408,ELECTRE-III,1
511,0677,0,0,"[-33.39559181465746, -70.49759261261151]","[np.float64(-33.13217557972659), np.float64(-68.94243257995237)]",2026-06-13 14:16:40,855.6228618201533,2,6.950698225460529,147.5280858554681,12.001092589299763,24.633621949237295,5.707238366387893,1,1,1,656,6,0.19212962962962962,6.091497625647152,0.37508747375787266,ELECTRE-III,1
512,0857,0,0,"[-33.39559181465746, -70.49759261261151]","[np.float64(-34.72402898068509), np.float64(-68.1909061684908)]",2026-06-13 14:16:40,553.3139527173413,1,2.7985896129764654,258.77787596452083,20.44941822835309,23.681356975154117,9.209077890998444,3,3,3,715,13,0.19212962962962962,8.440559372479925,0.9188243526941917,ELECTRE-III,1
513,0304,0,0,"[-33.99358512177583, -70.66373696417207]","[np.float64(-33.0491248747741), np.float64(-71.6499149451426)]",2026-06-13 14:16:50,727.2393781165788,2,7.712145663017438,139.23412168316494,11.344390390025508,23.37820585903227,4.085457534456356,3,3,3,1454,9,0.19224537037037037,3.1242306826045043,0.6014695591322603,ELECTRE-III,1
514,0381,0,0,"[-33.99358512177583, -70.66373696417207]","[np.float64(-35.5199463062986), np.float64(-71.81780208617532)]",2026-06-13 14:16:50,203.51387991417684,1,4.6359830167592015,199.7999341240819,16.060906406550558,21.331602853487773,13.205398841777342,2,2,2,725,7,0.19224537037037037,13.782134952888454,0.4688593421973408,ELECTRE-III,1
515,0677,0,0,"[-33.99358512177583, -70.66373696417207]","[np.float64(-33.13217557972659), np.float64(-68.94243257995237)]",2026-06-13 14:16:50,855.6228618201533,2,6.950698225460529,186.03789654116184,15.006251208327313,24.653699290302548,14.707238366387893,1,1,1,656,6,0.19224537037037037,16.052955958980487,0.37508747375787266,ELECTRE-III,1
516,0857,0,0,"[-33.99358512177583, -70.66373696417207]","[np.float64(-34.72402898068509), np.float64(-68.1909061684908)]",2026-06-13 14:16:50,553.3139527173413,1,2.7985896129764654,241.075401884326,19.155738985425444,23.70054126898539,7.209077890998444,3,3,3,715,13,0.19224537037037037,7.016832520628073,0.9188243526941917,ELECTRE-III,1
517,0304,0,0,"[-34.59143841001622, -70.83164350453849]","[np.float64(-33.0491248747741), np.float64(-71.6499149451426)]",2026-06-13 14:17:00,727.2393781165788,2,7.712145663017438,187.41581970939458,15.112331383299043,23.39941359640516,9.085457534456356,3,3,3,1454,9,0.19236111111111112,9.277818645567468,0.6014695591322603,ELECTRE-III,1
518,0381,0,0,"[-34.59143841001622, -70.83164350453849]","[np.float64(-35.5199463062986), np.float64(-71.81780208617532)]",2026-06-13 14:17:00,203.51387991417684,1,4.6359830167592015,136.8088587341074,11.151782006828437,21.351967062498165,7.205398841777342,2,2,2,725,7,0.19236111111111112,6.628315508444008,0.4688593421973408,ELECTRE-III,1
519,0677,0,0,"[-34.59143841001622, -70.83164350453849]","[np.float64(-33.13217557972659), np.float64(-68.94243257995237)]",2026-06-13 14:17:00,855.6228618201533,2,6.950698225460529,238.23027927753125,18.945874945048185,24.673759555894875,7.707238366387893,1,1,1,656,6,0.19236111111111112,6.745432810832337,0.37508747375787266,ELECTRE-III,1
520,0857,0,0,"[-34.59143841001622, -70.83164350453849]","[np.float64(-34.72402898068509), np.float64(-68.1909061684908)]",2026-06-13 14:17:00,553.3139527173413,1,2.7985896129764654,241.97768608844993,19.222182857418968,23.719708487343738,14.209077890998444,3,3,3,715,13,0.19236111111111112,13.247272335442888,0.9188243526941917,ELECTRE-III,1
521,0304,0,0,"[-35.18914484918945, -71.00137370541331]","[np.float64(-33.0491248747741), np.float64(-71.6499149451426)]",2026-06-13 14:17:10,727.2393781165788,2,7.712145663017438,245.33266938988626,19.468770717117184,23.420605965852417,11.085457534456356,3,3,3,1454,9,0.19247685185185184,10.31555012704895,0.6014695591322603,ELECTRE-III,1
522,0381,0,0,"[-35.18914484918945, -71.00137370541331]","[np.float64(-35.5199463062986), np.float64(-71.81780208617532)]",2026-06-13 14:17:10,203.51387991417684,1,4.6359830167592015,82.67448324545433,6.793487272625199,21.372315903582926,15.205398841777342,2,2,2,725,7,0.19247685185185184,16.552736804740306,0.4688593421973408,ELECTRE-III,1
523,0677,0,0,"[-35.18914484918945, -71.00137370541331]","[np.float64(-33.13217557972659), np.float64(-68.94243257995237)]",2026-06-13 14:17:10,855.6228618201533,2,6.950698225460529,296.97395242649014,23.166874265516306,24.693801038466983,12.707238366387893,1,1,1,656,6,0.19247685185185184,12.129807810832338,0.37508747375787266,ELECTRE-III,1
524,0857,0,0,"[-35.18914484918945, -71.00137370541331]","[np.float64(-34.72402898068509), np.float64(-68.1909061684908)]",2026-06-13 14:17:10,553.3139527173413,1,2.7985896129764654,261.2885707533355,20.631180254932527,23.73885692268187,7.209077890998444,3,3,3,715,13,0.19247685185185184,8.94136955766511,0.9188243526941917,ELECTRE-III,1
525,0304,0,0,"[-35.78670443929553, -71.17300269887738]","[np.float64(-33.0491248747741), np.float64(-71.6499149451426)]",2026-06-13 14:17:20,727.2393781165788,2,7.712145663017438,307.5313466393446,23.899508534758155,23.441782967374042,9.085457534456356,3,3,3,1454,9,0.1925925925925926,9.085457534456356,0.6014695591322603,ELECTRE-III,1
526,0381,0,0,"[-35.78670443929553, -71.17300269887738]","[np.float64(-35.5199463062986), np.float64(-71.81780208617532)]",2026-06-13 14:17:20,203.51387991417684,1,4.6359830167592015,65.3755184077388,5.381441227351084,21.39264596164747,10.205398841777342,2,2,2,725,7,0.1925925925925926,11.168361804740305,0.4688593421973408,ELECTRE-III,1
527,0677,0,0,"[-35.78670443929553, -71.17300269887738]","[np.float64(-33.13217557972659), np.float64(-68.94243257995237)]",2026-06-13 14:17:20,855.6228618201533,2,6.950698225460529,359.0663865127968,27.35644532182989,24.713823738018878,8.707238366387893,1,1,1,656,6,0.1925925925925926,7.74427540342493,0.37508747375787266,ELECTRE-III,1
528,0857,0,0,"[-35.78670443929553, -71.17300269887738]","[np.float64(-34.72402898068509), np.float64(-68.1909061684908)]",2026-06-13 14:17:20,553.3139527173413,1,2.7985896129764654,295.4177011251485,23.058189482923076,23.75798999009437,15.209077890998444,3,3,3,715,13,0.1925925925925926,13.668337150257702,0.9188243526941917,ELECTRE-III,1
529,0304,0,0,"[-36.38411035014527, -71.34659878682244]","[np.float64(-33.0491248747741), np.float64(-71.6499149451426)]",2026-06-13 14:17:30,727.2393781165788,2,7.712145663017438,371.8681051599908,28.183875118669633,23.46294118587545,11.085457534456356,3,3,3,1454,9,0.19270833333333334,10.892749201123022,0.6014695591322603,ELECTRE-III,1
530,0381,0,0,"[-36.38411035014527, -71.34659878682244]","[np.float64(-35.5199463062986), np.float64(-71.81780208617532)]",2026-06-13 14:17:30,203.51387991417684,1,4.6359830167592015,105.03498699816178,8.606243428608847,21.412962359333672,8.205398841777342,2,2,2,725,7,0.19270833333333334,8.398107175110676,0.4688593421973408,ELECTRE-III,1
531,0857,0,0,"[-36.38411035014527, -71.34659878682244]","[np.float64(-34.72402898068509), np.float64(-68.1909061684908)]",2026-06-13 14:17:30,553.3139527173413,1,2.7985896129764654,339.92823632191016,26.09608127952143,23.777102566939355,12.209077890998444,3,3,3,715,13,0.19270833333333334,12.401786224331778,0.9188243526941917,ELECTRE-III,1
532,0381,0,0,"[-36.98135575154953, -71.52223710132931]","[np.float64(-35.5199463062986), np.float64(-71.81780208617532)]",2026-06-13 14:17:40,203.51387991417684,1,4.6359830167592015,164.64843769724226,13.346419209568682,21.433259973999657,15.205398841777342,2,2,2,725,7,0.19282407407407406,15.59104698992549,0.4688593421973408,ELECTRE-III,1
533,0857,0,0,"[-36.98135575154953, -71.52223710132931]","[np.float64(-34.72402898068509), np.float64(-68.1909061684908)]",2026-06-13 14:17:40,553.3139527173413,1,2.7985896129764654,391.2912799148319,29.415185855607817,23.79619806831142,8.209077890998444,3,3,3,715,13,0.19282407407407406,9.751670483591036,0.9188243526941917,ELECTRE-III,1
534,0381,0,0,"[-37.578437228413705, -71.69998594428972]","[np.float64(-35.5199463062986), np.float64(-71.81780208617532)]",2026-06-13 14:17:50,203.51387991417684,1,4.6359830167592015,229.13582142620908,18.271512539715882,21.453543928287303,13.205398841777342,2,2,2,725,7,0.19293981481481481,13.784218286221787,0.4688593421973408,ELECTRE-III,1
535,0381,0,0,"[-38.175344535454045, -71.87993410816289]","[np.float64(-35.5199463062986), np.float64(-71.81780208617532)]",2026-06-13 14:18:00,203.51387991417684,1,4.6359830167592015,295.3189584674899,23.051287602477263,21.47380909955473,10.205398841777342,2,2,2,725,7,0.19305555555555556,10.591509952888453,0.4688593421973408,ELECTRE-III,1
536,0381,0,0,"[-38.77207767267055, -72.06216355521882]","[np.float64(-35.5199463062986), np.float64(-71.81780208617532)]",2026-06-13 14:18:10,203.51387991417684,1,4.6359830167592015,362.26856664390925,27.564595698142885,21.494058902896526,14.205398841777342,2,2,2,725,7,0.19317129629629629,15.750769212147713,0.4688593421973408,ELECTRE-III,1
537,0469,0,0,"[54.46677663056557, 89.50902118618097]","[np.float64(56.88911993583032), np.float64(84.62325407926258)]",2026-06-13 15:12:00,680.5618424324138,1,4.145383272197629,407.7265308382204,30.43432970831567,0.017945616680434352,3.456318604082618,1,1,1,1166,8,0.23055555555555557,2.3035408263048405,0.5290412876137159,ELECTRE-III,1
538,0469,0,0,"[55.05634489934273, 89.20791912681013]","[np.float64(56.88911993583032), np.float64(84.62325407926258)]",2026-06-13 15:12:10,680.5618424324138,1,4.145383272197629,350.47263145978314,26.79394873270587,0.005281073167913767,3.456318604082618,1,1,1,1166,8,0.2306712962962963,5.301688974452988,0.5290412876137159,ELECTRE-III,1
539,0580,1,0,"[48.59665934085732, -74.70987272659592]","[np.float64(45.14600795418758), np.float64(-74.22434035818429)]",2026-06-13 15:32:40,360.6388106303331,1,4.053357853563606,385.4642046202691,29.04884068820336,62.18081959993465,0.3363772967616301,1,1,1,1128,8,0.2449074074074074,0.0,0.5290412876137159,ELECTRE-III,1
540,0580,1,0,"[48.00239531702578, -74.94670270587694]","[np.float64(45.14600795418758), np.float64(-74.22434035818429)]",2026-06-13 15:32:50,360.6388106303331,1,4.053357853563606,322.3756077597876,24.915724542148592,62.201610695768174,2.33637729676163,1,1,1,1128,8,0.24502314814814816,1.8463310004653337,0.5290412876137159,ELECTRE-III,1
541,0847,0,0,"[48.00239531702578, -74.94670270587694]","[np.float64(44.87794131221349), np.float64(-72.93612358916735)]",2026-06-13 15:32:50,519.9531442424664,1,3.918526699476359,380.0156520936576,28.70392220994516,63.02774256644872,9.579938960624705,4,4,3,523,2,0.24502314814814816,9.334915812476558,0.061931420573827854,ELECTRE-III,1
542,0580,1,0,"[47.407810274303245, -75.17907940181912]","[np.float64(45.14600795418758), np.float64(-74.22434035818429)]",2026-06-13 15:33:00,360.6388106303331,1,4.053357853563606,261.9808547709015,20.68122213878909,62.22238130103418,0.0,1,1,1,1128,8,0.24513888888888888,0.0,0.5290412876137159,ELECTRE-III,1
543,0847,0,0,"[47.407810274303245, -75.17907940181912]","[np.float64(44.87794131221349), np.float64(-72.93612358916735)]",2026-06-13 15:33:00,519.9531442424664,1,3.918526699476359,330.11104956852364,25.438766659134938,63.04793943582445,12.579938960624705,4,4,3,523,2,0.24513888888888888,13.560494516180261,0.061931420573827854,ELECTRE-III,1
544,0580,1,0,"[46.81292128816264, -75.40720088990838]","[np.float64(45.14600795418758), np.float64(-74.22434035818429)]",2026-06-13 15:33:10,360.6388106303331,1,4.053357853563606,206.656971374954,16.582300787887593,62.24312458554351,0.0,1,1,1,1128,8,0.24525462962962963,0.0,0.5290412876137159,ELECTRE-III,1
544,0580,1,0,"[46.81292128816264, -75.40720088990838]","[np.float64(45.14600795418758), np.float64(-74.22434035818429)]",2026-06-13 15:33:10,360.6388106303331,1,4.053357853563606,206.656971374954,16.582300787887593,62.24312458554351,0.0,1,1,1,1128,8,0.24525462962962963,0.0,0.5290412876137159,ELECTRE-III,1
545,0847,0,0,"[46.81292128816264, -75.40720088990838]","[np.float64(44.87794131221349), np.float64(-72.93612358916735)]",2026-06-13 15:33:10,519.9531442424664,1,3.918526699476359,287.9449672889894,22.533869693114596,63.0681089844435,7.579938960624705,4,4,3,523,2,0.24525462962962963,9.787230627291372,0.061931420573827854,ELECTRE-III,1
546,0580,1,0,"[46.217742018982314, -75.63123792487396]","[np.float64(45.14600795418758), np.float64(-74.22434035818429)]",2026-06-13 15:33:20,360.6388106303331,1,4.053357853563606,161.69610263179837,13.11544669191413,62.26384737948533,0.0,1,1,1,1128,8,0.24537037037037038,0.0,0.5290412876137159,ELECTRE-III,1
546,0580,1,0,"[46.217742018982314, -75.63123792487396]","[np.float64(45.14600795418758), np.float64(-74.22434035818429)]",2026-06-13 15:33:20,360.6388106303331,1,4.053357853563606,161.69610263179837,13.11544669191413,62.26384737948533,0.0,1,1,1,1128,8,0.24537037037037038,0.0,0.5290412876137159,ELECTRE-III,1
547,0847,0,0,"[46.217742018982314, -75.63123792487396]","[np.float64(44.87794131221349), np.float64(-72.93612358916735)]",2026-06-13 15:33:20,519.9531442424664,1,3.918526699476359,257.34961541858075,20.345826666454304,63.08825121230586,10.579938960624705,4,4,3,523,2,0.24537037037037038,12.297531553217297,0.061931420573827854,ELECTRE-III,1
548,0580,1,0,"[45.62228271204602, -75.85136126144513]","[np.float64(45.14600795418758), np.float64(-74.22434035818429)]",2026-06-13 15:33:30,360.6388106303331,1,4.053357853563606,137.65812736569134,11.21925810056421,62.2845360224813,0.0,1,1,1,1128,8,0.2454861111111111,1.9638888888888888,0.5290412876137159,ELECTRE-III,1
548,0580,1,0,"[45.62228271204602, -75.85136126144513]","[np.float64(45.14600795418758), np.float64(-74.22434035818429)]",2026-06-13 15:33:30,360.6388106303331,1,4.053357853563606,137.65812736569134,11.21925810056421,62.2845360224813,0.0,1,1,1,1128,8,0.2454861111111111,1.9638888888888888,0.5290412876137159,ELECTRE-III,1
549,0847,0,0,"[45.62228271204602, -75.85136126144513]","[np.float64(44.87794131221349), np.float64(-72.93612358916735)]",2026-06-13 15:33:30,519.9531442424664,1,3.918526699476359,242.7404894205896,19.2783135338351,63.108366119411556,15.579938960624705,4,4,3,523,2,0.2454861111111111,13.861536182846928,0.061931420573827854,ELECTRE-III,1
550,0962,0,0,"[45.62228271204602, -75.85136126144513]","[np.float64(43.54440981664251), np.float64(-79.63040160234651)]",2026-06-13 15:33:30,671.1924911930671,1,6.067107105841009,378.02363146986653,28.57724656632502,60.34690014740789,19.703559317166793,4,4,3,1012,7,0.2454861111111111,17.49418431716679,0.4688593421973408,ELECTRE-III,1
551,0203,0,0,"[45.026557027732096, -76.0677279939728]","[np.float64(42.91473730034324), np.float64(-79.59129028307485)]",2026-06-13 15:33:40,401.83521750916475,1,7.402637357589794,366.8897576407778,27.863598891397963,60.750154516005445,1.33637729676163,2,2,2,671,6,0.24560185185185185,0.0,0.37508747375787266,ELECTRE-III,1
552,0580,1,0,"[45.026557027732096, -76.0677279939728]","[np.float64(45.14600795418758), np.float64(-74.22434035818429)]",2026-06-13 15:33:40,360.6388106303331,1,4.053357853563606,145.32625553316842,11.827059723551749,62.305211005098926,0.0,1,1,1,1128,8,0.24560185185185185,0.0,0.5290412876137159,ELECTRE-III,1
552,0580,1,0,"[45.026557027732096, -76.0677279939728]","[np.float64(45.14600795418758), np.float64(-74.22434035818429)]",2026-06-13 15:33:40,360.6388106303331,1,4.053357853563606,145.32625553316842,11.827059723551749,62.305211005098926,0.0,1,1,1,1128,8,0.24560185185185185,0.0,0.5290412876137159,ELECTRE-III,1
553,0847,0,0,"[45.026557027732096, -76.0677279939728]","[np.float64(44.87794131221349), np.float64(-72.93612358916735)]",2026-06-13 15:33:40,519.9531442424664,1,3.918526699476359,246.9710522122049,19.588918693301938,63.12845370576056,12.579938960624705,4,4,3,523,2,0.24560185185185185,11.597531553217298,0.061931420573827854,ELECTRE-III,1
554,0962,0,0,"[45.026557027732096, -76.0677279939728]","[np.float64(43.54440981664251), np.float64(-79.63040160234651)]",2026-06-13 15:33:40,671.1924911930671,1,6.067107105841009,327.9582345800104,25.29365226600067,60.37171422466255,19.703559317166793,4,4,3,1012,7,0.24560185185185185,21.668374131981608,0.4688593421973408,ELECTRE-III,1
555,0203,0,0,"[44.43057521132429, -76.28049521680786]","[np.float64(42.91473730034324), np.float64(-79.59129028307485)]",2026-06-13 15:33:50,401.83521750916475,1,7.402637357589794,315.10187791402336,24.419819948089817,60.77546719706951,0.3363772967616301,2,2,2,671,6,0.2457175925925926,0.5820948893542227,0.37508747375787266,ELECTRE-III,1
556,0580,1,0,"[44.43057521132429, -76.28049521680786]","[np.float64(45.14600795418758), np.float64(-74.22434035818429)]",2026-06-13 15:33:50,360.6388106303331,1,4.053357853563606,180.70925533787766,14.595036060993685,62.3258518367707,0.0,1,1,1,1128,8,0.2457175925925926,0.4914351851851852,0.5290412876137159,ELECTRE-III,1
556,0580,1,0,"[44.43057521132429, -76.28049521680786]","[np.float64(45.14600795418758), np.float64(-74.22434035818429)]",2026-06-13 15:33:50,360.6388106303331,1,4.053357853563606,180.70925533787766,14.595036060993685,62.3258518367707,0.0,1,1,1,1128,8,0.2457175925925926,0.4914351851851852,0.5290412876137159,ELECTRE-III,1
557,0847,0,0,"[44.43057521132429, -76.28049521680786]","[np.float64(44.87794131221349), np.float64(-72.93612358916735)]",2026-06-13 15:33:50,519.9531442424664,1,3.918526699476359,269.15485294633703,21.19784661228126,63.14851397135289,8.579938960624705,4,4,3,523,2,0.2457175925925926,7.842786182846927,0.061931420573827854,ELECTRE-III,1
558,0946,0,0,"[44.43057521132429, -76.28049521680786]","[np.float64(42.04516368060606), np.float64(-72.70264486012896)]",2026-06-13 15:33:50,30.609943592861505,1,4.153987499417686,392.81181017664414,29.51034941661375,65.28436876632924,2.9618371779142674,4,4,3,997,3,0.2457175925925926,3.944707548284638,0.13750874737578728,ELECTRE-III,1
559,0962,0,0,"[44.43057521132429, -76.28049521680786]","[np.float64(43.54440981664251), np.float64(-79.63040160234651)]",2026-06-13 15:33:50,671.1924911930671,1,6.067107105841009,285.5193295122105,22.3628117333221,60.396514641538865,10.703559317166793,4,4,3,1012,7,0.2457175925925926,8.737818576426053,0.4688593421973408,ELECTRE-III,1
560,0203,0,0,"[43.83434750810637, -76.48980636392291]","[np.float64(42.91473730034324), np.float64(-79.59129028307485)]",2026-06-13 15:34:00,401.83521750916475,1,7.402637357589794,270.7102242721229,21.30938256935324,60.80076621775524,7.33637729676163,2,2,2,671,6,0.24583333333333332,6.59887729676163,0.37508747375787266,ELECTRE-III,1
561,0374,0,0,"[43.83434750810637, -76.48980636392291]","[np.float64(41.15083827745396), np.float64(-73.66912015939977)]",2026-06-13 15:34:00,389.2244478321478,1,7.709763354669864,377.47280839695037,28.542164899673857,65.36848937614711,3.205398841777342,4,4,3,1172,14,0.24583333333333332,4.434565508444008,1.0,ELECTRE-III,1
562,0392,0,0,"[43.83434750810637, -76.48980636392291]","[np.float64(40.51946326865131), np.float64(-76.8377454519946)]",2026-06-13 15:34:00,563.8387737970546,1,6.335096642577571,369.71118490929246,28.04534613348689,63.84515911574834,7.459997653303718,4,4,3,592,6,0.24583333333333332,7.214164319970385,0.37508747375787266,ELECTRE-III,1
563,0580,1,0,"[43.83434750810637, -76.48980636392291]","[np.float64(45.14600795418758), np.float64(-74.22434035818429)]",2026-06-13 15:34:00,360.6388106303331,1,4.053357853563606,231.42673821519563,18.441888794785463,62.34647217787497,0.0,1,1,1,1128,8,0.24583333333333332,0.0,0.5290412876137159,ELECTRE-III,1
564,0582,1,0,"[43.83434750810637, -76.48980636392291]","[np.float64(42.5876613111998), np.float64(-71.83768924472187)]",2026-06-13 15:34:00,470.6496463004024,1,4.854200127532955,401.6285926345318,30.058633995088428,65.37846145233533,7.332698247540531,2,2,2,1181,4,0.24583333333333332,6.103531580873865,0.18754373687893633,ELECTRE-III,1
565,0710,1,0,"[43.83434750810637, -76.48980636392291]","[np.float64(40.33738995414572), np.float64(-76.70408721036215)]",2026-06-13 15:34:00,58.97253132173692,1,4.989586995770107,389.2459233170518,29.286893981203068,64.031595959333,16.579938960624705,3,3,3,1497,2,0.24583333333333332,17.56327229395804,0.061931420573827854,ELECTRE-III,1
566,0847,0,0,"[43.83434750810637, -76.48980636392291]","[np.float64(44.87794131221349), np.float64(-72.93612358916735)]",2026-06-13 15:34:00,519.9531442424664,1,3.918526699476359,305.40449627465034,23.752572132308735,63.16854691618854,14.579938960624705,4,4,3,523,2,0.24583333333333332,13.596605627291373,0.061931420573827854,ELECTRE-III,1
567,0946,0,0,"[43.83434750810637, -76.48980636392291]","[np.float64(42.04516368060606), np.float64(-72.70264486012896)]",2026-06-13 15:34:00,30.609943592861505,1,4.153987499417686,366.8463122979586,27.860795499626388,65.30679227737438,6.961837177914267,4,4,3,997,3,0.24583333333333332,9.174337177914268,0.13750874737578728,ELECTRE-III,1
568,0962,0,0,"[43.83434750810637, -76.48980636392291]","[np.float64(43.54440981664251), np.float64(-79.63040160234651)]",2026-06-13 15:34:00,671.1924911930671,1,6.067107105841009,254.55218018530917,20.14252639396872,60.42129456784767,11.703559317166793,4,4,3,1012,7,0.24583333333333332,10.72022598383346,0.4688593421973408,ELECTRE-III,1
569,0203,0,0,"[43.237887578456665, -76.69580486929048]","[np.float64(42.91473730034324), np.float64(-79.59129028307485)]",2026-06-13 15:34:10,401.83521750916475,1,7.402637357589794,237.89330118130817,18.920983403452702,60.82604474787345,3.33637729676163,2,2,2,671,6,0.24594907407407407,4.812071741206075,0.37508747375787266,ELECTRE-III,1
570,0374,0,0,"[43.237887578456665, -76.69580486929048]","[np.float64(41.15083827745396), np.float64(-73.66912015939977)]",2026-06-13 15:34:10,389.2244478321478,1,7.709763354669864,340.58379189298415,26.139714674837855,65.39234722691796,8.205398841777342,4,4,3,1172,14,0.24594907407407407,5.991857175110676,1.0,ELECTRE-III,1
571,0392,0,0,"[43.237887578456665, -76.69580486929048]","[np.float64(40.51946326865131), np.float64(-76.8377454519946)]",2026-06-13 15:34:10,563.8387737970546,1,6.335096642577571,302.50361519097254,23.55162503469987,63.87131874026949,3.4599976533037182,4,4,3,592,6,0.24594907407407407,1.9843032088592738,0.37508747375787266,ELECTRE-III,1
572,0580,1,0,"[43.237887578456665, -76.69580486929048]","[np.float64(45.14600795418758), np.float64(-74.22434035818429)]",2026-06-13 15:34:10,360.6388106303331,1,4.053357853563606,289.5297633103928,22.645402572298774,62.36706519822256,0.0,1,1,1,1128,8,0.24594907407407407,0.0,0.5290412876137159,ELECTRE-III,1
573,0582,1,0,"[43.237887578456665, -76.69580486929048]","[np.float64(42.5876613111998), np.float64(-71.83768924472187)]",2026-06-13 15:34:10,470.6496463004024,1,4.854200127532955,402.1273376304919,30.08946969785225,65.39975798216743,10.332698247540531,2,2,2,1181,4,0.24594907407407407,10.578647321614605,0.18754373687893633,ELECTRE-III,1
574,0710,1,0,"[43.237887578456665, -76.69580486929048]","[np.float64(40.33738995414572), np.float64(-76.70408721036215)]",2026-06-13 15:34:10,58.97253132173692,1,4.989586995770107,322.5218066573557,24.92565154924833,64.05786486688088,15.579938960624705,3,3,3,1497,2,0.24594907407407407,13.858295442106186,0.061931420573827854,ELECTRE-III,1
575,0847,0,0,"[43.237887578456665, -76.69580486929048]","[np.float64(44.87794131221349), np.float64(-72.93612358916735)]",2026-06-13 15:34:10,519.9531442424664,1,3.918526699476359,351.39385790142745,26.854516809602583,63.1885525402675,13.579938960624705,4,4,3,523,2,0.24594907407407407,14.563735256921001,0.061931420573827854,ELECTRE-III,1
576,0946,0,0,"[43.237887578456665, -76.69580486929048]","[np.float64(42.04516368060606), np.float64(-72.70264486012896)]",2026-06-13 15:34:10,30.609943592861505,1,4.153987499417686,352.47552579585175,26.925550792430766,65.3291816374737,7.961837177914267,4,4,3,997,3,0.24594907407407407,5.994244585321675,0.13750874737578728,ELECTRE-III,1
577,0962,0,0,"[43.237887578456665, -76.69580486929048]","[np.float64(43.54440981664251), np.float64(-79.63040160234651)]",2026-06-13 15:34:10,671.1924911930671,1,6.067107105841009,239.54909112663816,19.04322012417854,60.446060833778134,15.703559317166793,4,4,3,1012,7,0.24594907407407407,16.441406539389014,0.4688593421973408,ELECTRE-III,1
578,0985,0,0,"[43.237887578456665, -76.69580486929048]","[np.float64(40.31208734352321), np.float64(-74.64876167859748)]",2026-06-13 15:34:10,49.37452348035102,1,2.265761158420508,366.9275598420824,27.86603803095041,65.34290348751624,12.961837177914267,3,3,3,540,5,0.24594907407407407,12.715888103840193,0.2722183344996501,ELECTRE-III,1
579,0151,0,0,"[42.641198837469766, -76.89860684612651]","[np.float64(40.11636173112846), np.float64(-73.39155605102516)]",2026-06-13 15:34:20,625.772844748461,1,2.4728878348642054,405.44464729281776,30.294078594814575,66.24175638228992,9.958158128693167,3,3,3,789,3,0.24606481481481482,7.4975099805450185,0.13750874737578728,ELECTRE-III,1
580,0203,0,0,"[42.641198837469766, -76.89860684612651]","[np.float64(42.91473730034324), np.float64(-79.59129028307485)]",2026-06-13 15:34:20,401.83521750916475,1,7.402637357589794,221.85145061668214,17.72755392089946,60.85130961761333,2.33637729676163,2,2,2,671,6,0.24606481481481482,4.550960630094964,0.37508747375787266,ELECTRE-III,1
581,0374,0,0,"[42.641198837469766, -76.89860684612651]","[np.float64(41.15083827745396), np.float64(-73.66912015939977)]",2026-06-13 15:34:20,389.2244478321478,1,7.709763354669864,314.46957586910025,24.37652518469842,65.41617775693214,7.205398841777342,4,4,3,1172,14,0.24606481481481482,7.205398841777342,1.0,ELECTRE-III,1
582,0392,0,0,"[42.641198837469766, -76.89860684612651]","[np.float64(40.51946326865131), np.float64(-76.8377454519946)]",2026-06-13 15:34:20,563.8387737970546,1,6.335096642577571,235.98084731230486,18.779575990909255,63.8974647044123,1.4599976533037182,4,4,3,592,6,0.24606481481481482,3.674580986637052,0.37508747375787266,ELECTRE-III,1
583,0580,1,0,"[42.641198837469766, -76.89860684612651]","[np.float64(45.14600795418758), np.float64(-74.22434035818429)]",2026-06-13 15:34:20,360.6388106303331,1,4.053357853563606,351.3734347946703,26.853174749035286,62.387630897813466,3.33637729676163,1,1,1,1128,8,0.24606481481481482,3.33637729676163,0.5290412876137159,ELECTRE-III,1
584,0710,1,0,"[42.641198837469766, -76.89860684612651]","[np.float64(40.33738995414572), np.float64(-76.70408721036215)]",2026-06-13 15:34:20,58.97253132173692,1,4.989586995770107,256.68385913804093,20.29749189257622,64.08410645367206,12.579938960624705,3,3,3,1497,2,0.24606481481481482,13.564198219883965,0.061931420573827854,ELECTRE-III,1
585,0847,0,0,"[42.641198837469766, -76.89860684612651]","[np.float64(44.87794131221349), np.float64(-72.93612358916735)]",2026-06-13 15:34:20,519.9531442424664,1,3.918526699476359,403.80827372685513,30.193254698407667,63.20853084358979,11.579938960624705,4,4,3,523,2,0.24606481481481482,11.82600377543952,0.061931420573827854,ELECTRE-III,1
586,0946,0,0,"[42.641198837469766, -76.89860684612651]","[np.float64(42.04516368060606), np.float64(-72.70264486012896)]",2026-06-13 15:34:20,30.609943592861505,1,4.153987499417686,351.12445978694876,26.836811332142748,65.3515436768163,2.9618371779142674,4,4,3,997,3,0.24606481481481482,4.438226066803156,0.13750874737578728,ELECTRE-III,1
587,0962,0,0,"[42.641198837469766, -76.89860684612651]","[np.float64(43.54440981664251), np.float64(-79.63040160234651)]",2026-06-13 15:34:20,671.1924911930671,1,6.067107105841009,243.482121277429,19.332849458304842,60.47080660914109,10.703559317166793,4,4,3,1012,7,0.24606481481481482,10.949624131981608,0.4688593421973408,ELECTRE-III,1
588,0985,0,0,"[42.641198837469766, -76.89860684612651]","[np.float64(40.31208734352321), np.float64(-74.64876167859748)]",2026-06-13 15:34:20,49.37452348035102,1,2.265761158420508,319.6675987208905,24.731560106531923,65.36810688555359,10.961837177914267,3,3,3,540,5,0.24606481481481482,11.946096437173527,0.2722183344996501,ELECTRE-III,1
589,0151,0,0,"[42.04429494552401, -77.09834889821437]","[np.float64(40.11636173112846), np.float64(-73.39155605102516)]",2026-06-13 15:34:30,625.772844748461,1,2.4728878348642054,377.4176662071833,28.538651631532417,66.26639287462616,6.958158128693167,3,3,3,789,3,0.24618055555555557,7.2043386842487225,0.13750874737578728,ELECTRE-III,1
590,0203,0,0,"[42.04429494552401, -77.09834889821437]","[np.float64(42.91473730034324), np.float64(-79.59129028307485)]",2026-06-13 15:34:30,401.83521750916475,1,7.402637357589794,226.1833643920009,18.051443227705217,60.87656082697487,1.33637729676163,2,2,2,671,6,0.24618055555555557,3.059641185650519,0.37508747375787266,ELECTRE-III,1
591,0374,0,0,"[42.04429494552401, -77.09834889821437]","[np.float64(41.15083827745396), np.float64(-73.66912015939977)]",2026-06-13 15:34:30,389.2244478321478,1,7.709763354669864,301.9400908400423,23.512517554776423,65.43998096618964,1.2053988417773418,4,4,3,1172,14,0.24618055555555557,0.7130377306662307,1.0,ELECTRE-III,1
592,0392,0,0,"[42.04429494552401, -77.09834889821437]","[np.float64(40.51946326865131), np.float64(-76.8377454519946)]",2026-06-13 15:34:30,563.8387737970546,1,6.335096642577571,170.94615950700216,13.837632855040017,63.92358334779843,5.459997653303718,4,4,3,592,6,0.24618055555555557,7.675622653303718,0.37508747375787266,ELECTRE-III,1
593,0710,1,0,"[42.04429494552401, -77.09834889821437]","[np.float64(40.33738995414572), np.float64(-76.70408721036215)]",2026-06-13 15:34:30,58.97253132173692,1,4.989586995770107,192.6445731296393,15.51390104671366,64.11033438008492,17.579938960624705,3,3,3,1497,2,0.24618055555555557,15.11813340506915,0.061931420573827854,ELECTRE-III,1
593,0710,1,0,"[42.04429494552401, -77.09834889821437]","[np.float64(40.33738995414572), np.float64(-76.70408721036215)]",2026-06-13 15:34:30,58.97253132173692,1,4.989586995770107,192.6445731296393,15.51390104671366,64.11033438008492,17.579938960624705,3,3,3,1497,2,0.24618055555555557,15.11813340506915,0.061931420573827854,ELECTRE-III,1
594,0946,0,0,"[42.04429494552401, -77.09834889821437]","[np.float64(42.04516368060606), np.float64(-72.70264486012896)]",2026-06-13 15:34:30,30.609943592861505,1,4.153987499417686,362.9394708179231,27.608106667335445,65.37387839540226,4.961837177914267,4,4,3,997,3,0.24618055555555557,2.992392733469823,0.13750874737578728,ELECTRE-III,1
595,0962,0,0,"[42.04429494552401, -77.09834889821437]","[np.float64(43.54440981664251), np.float64(-79.63040160234651)]",2026-06-13 15:34:30,671.1924911930671,1,6.067107105841009,265.5116594317379,20.935933130173087,60.49553189393654,15.703559317166793,4,4,3,1012,7,0.24618055555555557,14.22647598383346,0.4688593421973408,ELECTRE-III,1
596,0985,0,0,"[42.04429494552401, -77.09834889821437]","[np.float64(40.31208734352321), np.float64(-74.64876167859748)]",2026-06-13 15:34:30,49.37452348035102,1,2.265761158420508,281.2767219248278,22.062607747359174,65.3932966232126,7.961837177914267,3,3,3,540,5,0.24618055555555557,6.4847538445809345,0.2722183344996501,ELECTRE-III,1
597,0151,0,0,"[41.44718273280857, -77.29514713876993]","[np.float64(40.11636173112846), np.float64(-73.39155605102516)]",2026-06-13 15:34:40,625.772844748461,1,2.4728878348642054,360.4022593477621,27.443376219577015,66.29100204620572,1.9581581286931673,3,3,3,789,3,0.2462962962962963,3.435935906470945,0.13750874737578728,ELECTRE-III,1
598,0203,0,0,"[41.44718273280857, -77.29514713876993]","[np.float64(42.91473730034324), np.float64(-79.59129028307485)]",2026-06-13 15:34:40,401.83521750916475,1,7.402637357589794,249.83324793712288,19.798382866858745,60.90178471557972,0.3363772967616301,2,2,2,671,6,0.2462962962962963,1.075266185650519,0.37508747375787266,ELECTRE-III,1
599,0355,0,0,"[41.44718273280857, -77.29514713876993]","[np.float64(41.29855340154394), np.float64(-82.11865261300181)]",2026-06-13 15:34:40,401.4623755661215,1,5.294317639146014,402.7769524731112,30.12960434882493,60.13913262304527,11.83085872292998,2,2,2,994,10,0.2462962962962963,14.047525389596647,0.655703289013296,ELECTRE-III,1
600,0374,0,0,"[41.44718273280857, -77.29514713876993]","[np.float64(41.15083827745396), np.float64(-73.66912015939977)]",2026-06-13 15:34:40,389.2244478321478,1,7.709763354669864,304.675625285103,23.702140553690324,65.46376368487962,4.205398841777342,4,4,3,1172,14,0.2462962962962963,5.929472915851416,1.0,ELECTRE-III,1
601,0392,0,0,"[41.44718273280857, -77.29514713876993]","[np.float64(40.51946326865131), np.float64(-76.8377454519946)]",2026-06-13 15:34:40,563.8387737970546,1,6.335096642577571,110.07087391177974,9.012247247551468,63.94968833080622,8.459997653303718,4,4,3,592,6,0.2462962962962963,8.459997653303718,0.37508747375787266,ELECTRE-III,1
602,0710,1,0,"[41.44718273280857, -77.29514713876993]","[np.float64(40.33738995414572), np.float64(-76.70408721036215)]",2026-06-13 15:34:40,58.97253132173692,1,4.989586995770107,133.02832933172863,10.851033363893954,64.13654181593026,9.579938960624705,3,3,3,1497,2,0.2462962962962963,11.30401303469878,0.061931420573827854,ELECTRE-III,1
602,0710,1,0,"[41.44718273280857, -77.29514713876993]","[np.float64(40.33738995414572), np.float64(-76.70408721036215)]",2026-06-13 15:34:40,58.97253132173692,1,4.989586995770107,133.02832933172863,10.851033363893954,64.13654181593026,9.579938960624705,3,3,3,1497,2,0.2462962962962963,11.30401303469878,0.061931420573827854,ELECTRE-III,1
603,0862,0,0,"[41.44718273280857, -77.29514713876993]","[np.float64(38.18300521625489), np.float64(-75.73259286359264)]",2026-06-13 15:34:40,111.58490009999585,1,6.067447638409067,386.6991409761052,29.126699405809806,65.9462960591735,10.205398841777342,2,2,2,510,7,0.2462962962962963,9.220213656592156,0.4688593421973408,ELECTRE-III,1
604,0946,0,0,"[41.44718273280857, -77.29514713876993]","[np.float64(42.04516368060606), np.float64(-72.70264486012896)]",2026-06-13 15:34:40,30.609943592861505,1,4.153987499417686,386.71532955129396,29.127719261075026,65.39619262342069,5.961837177914267,4,4,3,997,3,0.2462962962962963,6.947022363099452,0.13750874737578728,ELECTRE-III,1
605,0962,0,0,"[41.44718273280857, -77.29514713876993]","[np.float64(43.54440981664251), np.float64(-79.63040160234651)]",2026-06-13 15:34:40,671.1924911930671,1,6.067107105841009,301.7008253997681,23.495905974948858,60.520243518353645,11.703559317166793,4,4,3,1012,7,0.2462962962962963,11.94985561346309,0.4688593421973408,ELECTRE-III,1
606,0985,0,0,"[41.44718273280857, -77.29514713876993]","[np.float64(40.31208734352321), np.float64(-74.64876167859748)]",2026-06-13 15:34:40,49.37452348035102,1,2.265761158420508,255.7799611634233,20.231819423170627,65.41845904011493,8.961837177914267,3,3,3,540,5,0.2462962962962963,11.178503844580934,0.2722183344996501,ELECTRE-III,1
607,0069,0,0,"[40.8498724446072, -77.48911085081996]","[np.float64(38.89179125886753), np.float64(-73.82283052086814)]",2026-06-13 15:34:50,344.81936322505214,1,5.619447928368869,381.12964109517225,28.774629086805277,66.80813615883488,7.579938960624705,4,4,3,538,12,0.24641203703703704,8.072763034698779,0.8369489153254024,ELECTRE-III,1
608,0151,0,0,"[40.8498724446072, -77.48911085081996]","[np.float64(40.11636173112846), np.float64(-73.39155605102516)]",2026-06-13 15:34:50,625.772844748461,1,2.4728878348642054,355.98056308709147,27.15511528930484,66.31559072721777,4.958158128693167,3,3,3,789,3,0.24641203703703704,6.190218313878352,0.13750874737578728,ELECTRE-III,1
609,0203,0,0,"[40.8498724446072, -77.48911085081996]","[np.float64(42.91473730034324), np.float64(-79.59129028307485)]",2026-06-13 15:34:50,401.83521750916475,1,7.402637357589794,288.0834530727717,22.54362308130971,60.92699494380624,0.0,2,2,2,671,6,0.24641203703703704,0.0,0.37508747375787266,ELECTRE-III,1
610,0355,0,0,"[40.8498724446072, -77.48911085081996]","[np.float64(41.29855340154394), np.float64(-82.11865261300181)]",2026-06-13 15:34:50,401.4623755661215,1,5.294317639146014,391.2187930210392,29.41064474790968,60.16665828540042,8.83085872292998,2,2,2,994,10,0.24641203703703704,8.091622611818869,0.655703289013296,ELECTRE-III,1
611,0374,0,0,"[40.8498724446072, -77.48911085081996]","[np.float64(41.15083827745396), np.float64(-73.66912015939977)]",2026-06-13 15:34:50,389.2244478321478,1,7.709763354669864,322.287344736151,24.90973064761917,65.48751225262376,1.2053988417773418,4,4,3,1172,14,0.24641203703703704,0.0,1.0,ELECTRE-III,1
612,0392,0,0,"[40.8498724446072, -77.48911085081996]","[np.float64(40.51946326865131), np.float64(-76.8377454519946)]",2026-06-13 15:34:50,563.8387737970546,1,6.335096642577571,66.07831088677743,5.438947100176993,63.975772823246494,7.459997653303718,4,4,3,592,6,0.24641203703703704,6.720761542192607,0.37508747375787266,ELECTRE-III,1
613,0710,1,0,"[40.8498724446072, -77.48911085081996]","[np.float64(40.33738995414572), np.float64(-76.70408721036215)]",2026-06-13 15:34:50,58.97253132173692,1,4.989586995770107,87.41141656274368,7.178775670398495,64.16272876120809,13.579938960624705,3,3,3,1497,2,0.24641203703703704,12.101466738402483,0.061931420573827854,ELECTRE-III,1
613,0710,1,0,"[40.8498724446072, -77.48911085081996]","[np.float64(40.33738995414572), np.float64(-76.70408721036215)]",2026-06-13 15:34:50,58.97253132173692,1,4.989586995770107,87.41141656274368,7.178775670398495,64.16272876120809,13.579938960624705,3,3,3,1497,2,0.24641203703703704,12.101466738402483,0.061931420573827854,ELECTRE-III,1
614,0763,0,0,"[40.8498724446072, -77.48911085081996]","[np.float64(37.24493014260311), np.float64(-76.69208872012382)]",2026-06-13 15:34:50,36.44792174055178,1,5.751578165260005,406.71227829221004,30.372040498149694,65.79557427475883,10.205398841777342,3,3,3,911,11,0.24641203703703704,11.19104698992549,0.7655703289013296,ELECTRE-III,1
615,0862,0,0,"[40.8498724446072, -77.48911085081996]","[np.float64(38.18300521625489), np.float64(-75.73259286359264)]",2026-06-13 15:34:50,111.58490009999585,1,6.067447638409067,332.6067792538121,25.606559229125995,65.9740402875821,3.205398841777342,2,2,2,510,7,0.24641203703703704,0.7412784714069716,0.4688593421973408,ELECTRE-III,1
616,0962,0,0,"[40.8498724446072, -77.48911085081996]","[np.float64(43.54440981664251), np.float64(-79.63040160234651)]",2026-06-13 15:34:50,671.1924911930671,1,6.067107105841009,347.6566770834841,26.6084063160318,60.54493465220324,16.703559317166793,4,4,3,1012,7,0.24641203703703704,16.703559317166793,0.4688593421973408,ELECTRE-III,1
617,0985,0,0,"[40.8498724446072, -77.48911085081996]","[np.float64(40.31208734352321), np.float64(-74.64876167859748)]",2026-06-13 15:34:50,49.37452348035102,1,2.265761158420508,247.1997336793092,19.605674428924353,65.44359413626057,12.961837177914267,3,3,3,540,5,0.24641203703703704,14.686721437173526,0.2722183344996501,ELECTRE-III,1
618,0069,0,0,"[40.25237432620366, -77.68035614758031]","[np.float64(38.89179125886753), np.float64(-73.82283052086814)]",2026-06-13 15:35:00,344.81936322505214,1,5.619447928368869,363.5603362233269,27.64834164558749,66.83417283995098,2.5799389606247054,4,4,3,538,12,0.2465277777777778,4.059105627291372,0.8369489153254024,ELECTRE-III,1
619,0151,0,0,"[40.25237432620366, -77.68035614758031]","[np.float64(40.11636173112846), np.float64(-73.39155605102516)]",2026-06-13 15:35:00,625.772844748461,1,2.4728878348642054,364.6114273995496,27.716389829696013,66.34014525728395,10.958158128693167,3,3,3,789,3,0.2465277777777778,10.218574795359833,0.13750874737578728,ELECTRE-III,1
620,0203,0,0,"[40.25237432620366, -77.68035614758031]","[np.float64(42.91473730034324), np.float64(-79.59129028307485)]",2026-06-13 15:35:00,401.83521750916475,1,7.402637357589794,335.9843391489741,25.83289078969849,60.95219151165442,5.33637729676163,2,2,2,671,6,0.2465277777777778,6.815543963428297,0.37508747375787266,ELECTRE-III,1
621,0340,0,0,"[40.25237432620366, -77.68035614758031]","[np.float64(36.97291179604664), np.float64(-76.79462076709507)]",2026-06-13 15:35:00,631.0066516702844,1,5.162235949505593,372.6858765650356,28.23630319712841,65.88285726216243,16.703559317166793,1,1,1,590,14,0.2465277777777778,17.443142650500125,1.0,ELECTRE-III,1
622,0355,0,0,"[40.25237432620366, -77.68035614758031]","[np.float64(41.29855340154394), np.float64(-82.11865261300181)]",2026-06-13 15:35:00,401.4623755661215,1,5.294317639146014,391.3601812655014,29.419501962528898,60.19417028737723,5.83085872292998,2,2,2,994,10,0.2465277777777778,3.3655809451522023,0.655703289013296,ELECTRE-III,1
623,0374,0,0,"[40.25237432620366, -77.68035614758031]","[np.float64(41.15083827745396), np.float64(-73.66912015939977)]",2026-06-13 15:35:00,389.2244478321478,1,7.709763354669864,352.5532094207012,26.93064889920583,65.51124032980039,0.2053988417773418,4,4,3,1172,14,0.2465277777777778,2.177621063999564,1.0,ELECTRE-III,1
624,0392,0,0,"[40.25237432620366, -77.68035614758031]","[np.float64(40.51946326865131), np.float64(-76.8377454519946)]",2026-06-13 15:35:00,563.8387737970546,1,6.335096642577571,77.29913189051246,6.355524750050206,64.00183682511926,5.459997653303718,4,4,3,592,6,0.2465277777777778,6.6926365421926075,0.37508747375787266,ELECTRE-III,1
625,0560,0,0,"[40.25237432620366, -77.68035614758031]","[np.float64(36.98439248990215), np.float64(-76.73374625290286)]",2026-06-13 15:35:00,324.28935478370477,1,7.813690950519929,372.5663328788276,28.22864235329129,65.92023205730074,7.954479079472067,3,3,3,731,12,0.2465277777777778,7.461423523916512,0.8369489153254024,ELECTRE-III,1
626,0710,1,0,"[40.25237432620366, -77.68035614758031]","[np.float64(40.33738995414572), np.float64(-76.70408721036215)]",2026-06-13 15:35:00,58.97253132173692,1,4.989586995770107,83.33619432162526,6.8473468442854095,64.18889521591841,17.579938960624705,3,3,3,1497,2,0.2465277777777778,15.361188960624705,0.061931420573827854,ELECTRE-III,1
626,0710,1,0,"[40.25237432620366, -77.68035614758031]","[np.float64(40.33738995414572), np.float64(-76.70408721036215)]",2026-06-13 15:35:00,58.97253132173692,1,4.989586995770107,83.33619432162526,6.8473468442854095,64.18889521591841,17.579938960624705,3,3,3,1497,2,0.2465277777777778,15.361188960624705,0.061931420573827854,ELECTRE-III,1
627,0763,0,0,"[40.25237432620366, -77.68035614758031]","[np.float64(37.24493014260311), np.float64(-76.69208872012382)]",2026-06-13 15:35:00,36.44792174055178,1,5.751578165260005,345.2131691038976,26.446914844172703,65.82460940892057,6.205398841777342,3,3,3,911,11,0.2465277777777778,4.9727599528884525,0.7655703289013296,ELECTRE-III,1
628,0862,0,0,"[40.25237432620366, -77.68035614758031]","[np.float64(38.18300521625489), np.float64(-75.73259286359264)]",2026-06-13 15:35:00,111.58490009999585,1,6.067447638409067,284.7685247436503,22.309778923114777,66.00177085561235,10.205398841777342,2,2,2,510,7,0.2465277777777778,7.740121063999564,0.4688593421973408,ELECTRE-III,1
629,0962,0,0,"[40.25237432620366, -77.68035614758031]","[np.float64(43.54440981664251), np.float64(-79.63040160234651)]",2026-06-13 15:35:00,671.1924911930671,1,6.067107105841009,400.027545768553,29.95951684494945,60.569605295485324,18.703559317166793,4,4,3,1012,7,0.2465277777777778,19.936198206055682,0.4688593421973408,ELECTRE-III,1
630,0985,0,0,"[40.25237432620366, -77.68035614758031]","[np.float64(40.31208734352321), np.float64(-74.64876167859748)]",2026-06-13 15:35:00,49.37452348035102,1,2.265761158420508,257.2350095614967,20.337508284153486,65.46870874183871,11.961837177914267,3,3,3,540,5,0.2465277777777778,12.454892733469823,0.2722183344996501,ELECTRE-III,1
631,0069,0,0,"[39.654688377597935, -77.8689786516994]","[np.float64(38.89179125886753), np.float64(-73.82283052086814)]",2026-06-13 15:35:10,344.81936322505214,1,5.619447928368869,358.4390278481495,27.315573262631922,66.86018220031039,9.579938960624705,4,4,3,538,12,0.2466435185185185,9.579938960624705,0.8369489153254024,ELECTRE-III,1
632,0151,0,0,"[39.654688377597935, -77.8689786516994]","[np.float64(40.11636173112846), np.float64(-73.39155605102516)]",2026-06-13 15:35:10,625.772844748461,1,2.4728878348642054,385.4181275609567,29.045933401626616,66.36467929678264,4.958158128693167,3,3,3,789,3,0.2466435185185185,2.7383664620265007,0.13750874737578728,ELECTRE-III,1
633,0203,0,0,"[39.654688377597935, -77.8689786516994]","[np.float64(42.91473730034324), np.float64(-79.59129028307485)]",2026-06-13 15:35:10,401.83521750916475,1,7.402637357589794,389.9977477089006,29.33408857183851,60.97736075874592,3.33637729676163,2,2,2,671,6,0.2466435185185185,4.076307852317186,0.37508747375787266,ELECTRE-III,1
634,0340,0,0,"[39.654688377597935, -77.8689786516994]","[np.float64(36.97291179604664), np.float64(-76.79462076709507)]",2026-06-13 15:35:10,631.0066516702844,1,5.162235949505593,312.5777417740247,24.246811082657914,65.91216560389095,12.703559317166793,1,1,1,590,14,0.2466435185185185,11.470341724574201,1.0,ELECTRE-III,1
635,0355,0,0,"[39.654688377597935, -77.8689786516994]","[np.float64(41.29855340154394), np.float64(-82.11865261300181)]",2026-06-13 15:35:10,401.4623755661215,1,5.294317639146014,403.190895439146,30.155161658453324,60.221668628975706,4.83085872292998,2,2,2,994,10,0.2466435185185185,3.5976411303373874,0.655703289013296,ELECTRE-III,1
636,0374,0,0,"[39.654688377597935, -77.8689786516994]","[np.float64(41.15083827745396), np.float64(-73.66912015939977)]",2026-06-13 15:35:10,389.2244478321478,1,7.709763354669864,392.55673431531153,29.494397762987358,65.5349479164095,1.2053988417773418,4,4,3,1172,14,0.2466435185185185,2.9319034714069714,1.0,ELECTRE-III,1
637,0392,0,0,"[39.654688377597935, -77.8689786516994]","[np.float64(40.51946326865131), np.float64(-76.8377454519946)]",2026-06-13 15:35:10,563.8387737970546,1,6.335096642577571,130.16252549865052,10.622648088395659,64.02788033642452,9.459997653303718,4,4,3,592,6,0.2466435185185185,11.433145801451866,0.37508747375787266,ELECTRE-III,1
638,0560,0,0,"[39.654688377597935, -77.8689786516994]","[np.float64(36.98439248990215), np.float64(-76.73374625290286)]",2026-06-13 15:35:10,324.28935478370477,1,7.813690950519929,312.9966617283399,24.275557307343004,65.94950624808342,3.9544790794720672,3,3,3,731,12,0.2466435185185185,2.967905005397993,0.8369489153254024,ELECTRE-III,1
639,0710,1,0,"[39.654688377597935, -77.8689786516994]","[np.float64(40.33738995414572), np.float64(-76.70408721036215)]",2026-06-13 15:35:10,58.97253132173692,1,4.989586995770107,124.93682218559667,10.205318949274789,64.2150411800612,16.579938960624705,3,3,3,1497,2,0.2466435185185185,17.56651303469878,0.061931420573827854,ELECTRE-III,1
639,0710,1,0,"[39.654688377597935, -77.8689786516994]","[np.float64(40.33738995414572), np.float64(-76.70408721036215)]",2026-06-13 15:35:10,58.97253132173692,1,4.989586995770107,124.93682218559667,10.205318949274789,64.2150411800612,16.579938960624705,3,3,3,1497,2,0.2466435185185185,17.56651303469878,0.061931420573827854,ELECTRE-III,1
640,0763,0,0,"[39.654688377597935, -77.8689786516994]","[np.float64(37.24493014260311), np.float64(-76.69208872012382)]",2026-06-13 15:35:10,36.44792174055178,1,5.751578165260005,286.8760860495114,22.45854332432934,65.85363088270395,5.205398841777342,3,3,3,911,11,0.2466435185185185,5.45204236029586,0.7655703289013296,ELECTRE-III,1
641,0862,0,0,"[39.654688377597935, -77.8689786516994]","[np.float64(38.18300521625489), np.float64(-75.73259286359264)]",2026-06-13 15:35:10,111.58490009999585,1,6.067447638409067,246.84654894780854,19.57979473930802,66.02947410288593,11.205398841777342,2,2,2,510,7,0.2466435185185185,10.218824767703268,0.4688593421973408,ELECTRE-III,1
642,0985,0,0,"[39.654688377597935, -77.8689786516994]","[np.float64(40.31208734352321), np.float64(-74.64876167859748)]",2026-06-13 15:35:10,49.37452348035102,1,2.265761158420508,283.9181227814326,22.249662414525805,65.49379602666016,7.961837177914267,3,3,3,540,5,0.2466435185185185,9.934985326062415,0.2722183344996501,ELECTRE-III,1
643,0069,0,0,"[39.05682825916838, -78.05508081601472]","[np.float64(38.89179125886753), np.float64(-73.82283052086814)]",2026-06-13 15:35:20,344.81936322505214,1,5.619447928368869,366.2885671353042,27.824793072449484,66.88616423991311,9.579938960624705,4,4,3,538,12,0.24675925925925926,7.112346368032113,0.8369489153254024,ELECTRE-III,1
644,0243,0,0,"[39.05682825916838, -78.05508081601472]","[np.float64(36.07661015360819), np.float64(-79.6780081485772)]",2026-06-13 15:35:20,820.7391712572143,2,4.892460939415273,360.92110708965276,27.477102964494794,64.23664506840596,0.0,1,1,1,648,12,0.24675925925925926,1.4805555555555556,0.8369489153254024,ELECTRE-III,1
645,0340,0,0,"[39.05682825916838, -78.05508081601472]","[np.float64(36.97291179604664), np.float64(-76.79462076709507)]",2026-06-13 15:35:20,631.0066516702844,1,5.162235949505593,256.6786769842023,20.297115543021643,65.94146711543031,11.703559317166793,1,1,1,590,14,0.24675925925925926,11.950318576426051,1.0,ELECTRE-III,1
646,0392,0,0,"[39.05682825916838, -78.05508081601472]","[np.float64(40.51946326865131), np.float64(-76.8377454519946)]",2026-06-13 15:35:20,563.8387737970546,1,6.335096642577571,193.04925866894513,15.544916498018985,64.05390335716227,6.459997653303718,4,4,3,592,6,0.24675925925925926,6.459997653303718,0.37508747375787266,ELECTRE-III,1
647,0560,0,0,"[39.05682825916838, -78.05508081601472]","[np.float64(36.98439248990215), np.float64(-76.73374625290286)]",2026-06-13 15:35:20,324.28935478370477,1,7.813690950519929,257.87141563214857,20.38368891824526,65.97876677848775,5.954479079472067,3,3,3,731,12,0.24675925925925926,5.214201301694289,0.8369489153254024,ELECTRE-III,1
648,0710,1,0,"[39.05682825916838, -78.05508081601472]","[np.float64(40.33738995414572), np.float64(-76.70408721036215)]",2026-06-13 15:35:20,58.97253132173692,1,4.989586995770107,183.39554323186886,14.802533812521325,64.24116665363651,17.579938960624705,3,3,3,1497,2,0.24675925925925926,15.359105627291372,0.061931420573827854,ELECTRE-III,1
648,0710,1,0,"[39.05682825916838, -78.05508081601472]","[np.float64(40.33738995414572), np.float64(-76.70408721036215)]",2026-06-13 15:35:20,58.97253132173692,1,4.989586995770107,183.39554323186886,14.802533812521325,64.24116665363651,17.579938960624705,3,3,3,1497,2,0.24675925925925926,15.359105627291372,0.061931420573827854,ELECTRE-III,1
649,0763,0,0,"[39.05682825916838, -78.05508081601472]","[np.float64(37.24493014260311), np.float64(-76.69208872012382)]",2026-06-13 15:35:20,36.44792174055178,1,5.751578165260005,234.0787216425435,18.638696431399985,65.88263186591982,13.205398841777342,3,3,3,911,11,0.24675925925925926,11.231324767703267,0.7655703289013296,ELECTRE-III,1
650,0862,0,0,"[39.05682825916838, -78.05508081601472]","[np.float64(38.18300521625489), np.float64(-75.73259286359264)]",2026-06-13 15:35:20,111.58490009999585,1,6.067447638409067,223.9376900898311,17.88368578862589,66.05716368978116,6.205398841777342,2,2,2,510,7,0.24675925925925926,5.465121063999564,0.4688593421973408,ELECTRE-III,1
651,0985,0,0,"[39.05682825916838, -78.05508081601472]","[np.float64(40.31208734352321), np.float64(-74.64876167859748)]",2026-06-13 15:35:20,49.37452348035102,1,2.265761158420508,323.1513680430883,24.968380942885865,65.51886282091411,4.961837177914267,3,3,3,540,5,0.24675925925925926,3.728040881617971,0.2722183344996501,ELECTRE-III,1
652,0069,0,0,"[38.45879738600957, -78.23875143298554]","[np.float64(38.89179125886753), np.float64(-73.82283052086814)]",2026-06-13 15:35:30,344.81936322505214,1,5.619447928368869,386.31834654736656,29.102704109542675,66.91211895875917,5.579938960624705,4,4,3,538,12,0.246875,5.826813960624706,0.8369489153254024,ELECTRE-III,1
653,0243,0,0,"[38.45879738600957, -78.23875143298554]","[np.float64(36.07661015360819), np.float64(-79.6780081485772)]",2026-06-13 15:35:30,820.7391712572143,2,4.892460939415273,293.903842624048,22.952296622963367,64.26768827818367,3.0854575344563555,1,1,1,648,12,0.246875,0.8635825344563552,0.8369489153254024,ELECTRE-III,1
654,0340,0,0,"[38.45879738600957, -78.23875143298554]","[np.float64(36.97291179604664), np.float64(-76.79462076709507)]",2026-06-13 15:35:30,631.0066516702844,1,5.162235949505593,208.40317014392465,16.714631503142,65.97074130621299,13.703559317166793,1,1,1,590,14,0.246875,14.691059317166793,1.0,ELECTRE-III,1
655,0392,0,0,"[38.45879738600957, -78.23875143298554]","[np.float64(40.51946326865131), np.float64(-76.8377454519946)]",2026-06-13 15:35:30,563.8387737970546,1,6.335096642577571,258.75202598726077,20.44754457093952,64.0799058873325,4.459997653303718,4,4,3,592,6,0.246875,5.447497653303718,0.37508747375787266,ELECTRE-III,1
656,0560,0,0,"[38.45879738600957, -78.23875143298554]","[np.float64(36.98439248990215), np.float64(-76.73374625290286)]",2026-06-13 15:35:30,324.28935478370477,1,7.813690950519929,210.7077437436142,16.888996306055105,66.00801364851375,9.954479079472067,3,3,3,731,12,0.246875,8.720104079472067,0.8369489153254024,ELECTRE-III,1
657,0710,1,0,"[38.45879738600957, -78.23875143298554]","[np.float64(40.33738995414572), np.float64(-76.70408721036215)]",2026-06-13 15:35:30,58.97253132173692,1,4.989586995770107,247.02079753101708,19.592563882937384,64.2672716366443,9.579938960624705,3,3,3,1497,2,0.246875,9.826813960624705,0.061931420573827854,ELECTRE-III,1
658,0763,0,0,"[38.45879738600957, -78.23875143298554]","[np.float64(37.24493014260311), np.float64(-76.69208872012382)]",2026-06-13 15:35:30,36.44792174055178,1,5.751578165260005,191.4597673715494,15.423042947631961,65.91161235856819,9.205398841777342,3,3,3,911,11,0.246875,9.205398841777342,0.7655703289013296,ELECTRE-III,1
659,0862,0,0,"[38.45879738600957, -78.23875143298554]","[np.float64(38.18300521625489), np.float64(-75.73259286359264)]",2026-06-13 15:35:30,111.58490009999585,1,6.067447638409067,220.76561945608773,17.64618358963883,66.08483278610888,8.205398841777342,2,2,2,510,7,0.246875,9.439773841777342,0.4688593421973408,ELECTRE-III,1
660,0985,0,0,"[38.45879738600957, -78.23875143298554]","[np.float64(40.31208734352321), np.float64(-74.64876167859748)]",2026-06-13 15:35:30,49.37452348035102,1,2.265761158420508,370.97377414008855,28.126479818319172,65.54390912460055,7.961837177914267,3,3,3,540,5,0.246875,8.949337177914268,0.2722183344996501,ELECTRE-III,1
661,0243,0,0,"[37.86060600340527, -78.42009295544938]","[np.float64(36.07661015360819), np.float64(-79.6780081485772)]",2026-06-13 15:35:40,820.7391712572143,2,4.892460939415273,227.67834159793762,18.162944678122415,64.29871782758303,7.0854575344563555,1,1,1,648,12,0.24699074074074073,5.35652234927117,0.8369489153254024,ELECTRE-III,1
662,0340,0,0,"[37.86060600340527, -78.42009295544938]","[np.float64(36.97291179604664), np.float64(-76.79462076709507)]",2026-06-13 15:35:40,631.0066516702844,1,5.162235949505593,174.2102565089996,14.091418773033176,66.0000086668065,11.703559317166793,1,1,1,590,14,0.24699074074074073,12.691522280129755,1.0,ELECTRE-III,1
663,0392,0,0,"[37.86060600340527, -78.42009295544938]","[np.float64(40.51946326865131), np.float64(-76.8377454519946)]",2026-06-13 15:35:40,563.8387737970546,1,6.335096642577571,325.5708830178522,25.13232137027497,64.10588792693524,4.459997653303718,4,4,3,592,6,0.24699074074074073,4.953979134785199,0.37508747375787266,ELECTRE-III,1
664,0560,0,0,"[37.86060600340527, -78.42009295544938]","[np.float64(36.98439248990215), np.float64(-76.73374625290286)]",2026-06-13 15:35:40,324.28935478370477,1,7.813690950519929,177.95427967986473,14.381825433568613,66.03724002797223,8.954479079472067,3,3,3,731,12,0.24699074074074073,10.930405005397994,0.8369489153254024,ELECTRE-III,1
665,0710,1,0,"[37.86060600340527, -78.42009295544938]","[np.float64(40.33738995414572), np.float64(-76.70408721036215)]",2026-06-13 15:35:40,58.97253132173692,1,4.989586995770107,312.67492363196834,24.253480845308953,64.29335612908457,9.579938960624705,3,3,3,1497,2,0.24699074074074073,10.320911182846928,0.061931420573827854,ELECTRE-III,1
666,0763,0,0,"[37.86060600340527, -78.42009295544938]","[np.float64(37.24493014260311), np.float64(-76.69208872012382)]",2026-06-13 15:35:40,36.44792174055178,1,5.751578165260005,167.00423759163203,13.530406478173537,65.9405791908382,8.205398841777342,3,3,3,911,11,0.24699074074074073,9.440352545481046,0.7655703289013296,ELECTRE-III,1
667,0862,0,0,"[37.86060600340527, -78.42009295544938]","[np.float64(38.18300521625489), np.float64(-75.73259286359264)]",2026-06-13 15:35:40,111.58490009999585,1,6.067447638409067,238.1215204860725,18.937842076532633,66.11247456167992,6.205398841777342,2,2,2,510,7,0.24699074074074073,8.428315508444008,0.4688593421973408,ELECTRE-III,1
668,0243,0,0,"[37.26225752645006, -78.59918051548712]","[np.float64(36.07661015360819), np.float64(-79.6780081485772)]",2026-06-13 15:35:50,820.7391712572143,2,4.892460939415273,163.21309800924735,13.234181761511778,64.32974054679323,1.0854575344563555,1,1,1,648,12,0.24710648148148148,0.3441380900119111,0.8369489153254024,ELECTRE-III,1
669,0340,0,0,"[37.26225752645006, -78.59918051548712]","[np.float64(36.97291179604664), np.float64(-76.79462076709507)]",2026-06-13 15:35:50,631.0066516702844,1,5.162235949505593,163.20447670079324,13.233507298474684,66.0292555368325,18.703559317166793,1,1,1,590,14,0.24710648148148148,16.973813946796422,1.0,ELECTRE-III,1
670,0392,0,0,"[37.26225752645006, -78.59918051548712]","[np.float64(40.51946326865131), np.float64(-76.8377454519946)]",2026-06-13 15:35:50,563.8387737970546,1,6.335096642577571,392.937065985933,29.518180686717862,64.13184947597045,2.4599976533037182,4,4,3,592,6,0.24710648148148148,0.23603931997038474,0.37508747375787266,ELECTRE-III,1
671,0560,0,0,"[37.26225752645006, -78.59918051548712]","[np.float64(36.98439248990215), np.float64(-76.73374625290286)]",2026-06-13 15:35:50,324.28935478370477,1,7.813690950519929,168.24781657669644,13.627415332557186,66.06645274705238,3.9544790794720672,3,3,3,731,12,0.24710648148148148,4.44869204243503,0.8369489153254024,ELECTRE-III,1
672,0710,1,0,"[37.26225752645006, -78.59918051548712]","[np.float64(40.33738995414572), np.float64(-76.70408721036215)]",2026-06-13 15:35:50,58.97253132173692,1,4.989586995770107,379.3059738507587,28.65882776251907,64.31942013095734,11.579938960624705,3,3,3,1497,2,0.24710648148148148,11.579938960624705,0.061931420573827854,ELECTRE-III,1
673,0763,0,0,"[37.26225752645006, -78.59918051548712]","[np.float64(37.24493014260311), np.float64(-76.69208872012382)]",2026-06-13 15:35:50,36.44792174055178,1,5.751578165260005,168.79966091179097,13.670438029405238,65.9695323627299,11.205398841777342,3,3,3,911,11,0.24710648148148148,11.452505323258823,0.7655703289013296,ELECTRE-III,1
674,0862,0,0,"[37.26225752645006, -78.59918051548712]","[np.float64(38.18300521625489), np.float64(-75.73259286359264)]",2026-06-13 15:35:50,111.58490009999585,1,6.067447638409067,272.10449238386224,21.409222038852736,66.14010267687263,11.205398841777342,2,2,2,510,7,0.24710648148148148,10.216972915851416,0.4688593421973408,ELECTRE-III,1
675,0930,0,0,"[37.26225752645006, -78.59918051548712]","[np.float64(34.96653568748317), np.float64(-81.95412306879736)]",2026-06-13 15:35:50,475.27423855918437,1,6.999642105278711,394.900412037291,29.640775037592356,62.98373565762633,8.961837177914267,1,1,1,1321,8,0.24710648148148148,10.444476066803157,0.5290412876137159,ELECTRE-III,1
676,0243,0,0,"[36.66375878533311, -78.77609607536878]","[np.float64(36.07661015360819), np.float64(-79.6780081485772)]",2026-06-13 15:36:00,820.7391712572143,2,4.892460939415273,103.8425003929156,8.509973429454034,64.36074960562509,8.085457534456356,1,1,1,648,12,0.24722222222222223,7.838235312234135,0.8369489153254024,ELECTRE-III,1
677,0305,0,0,"[36.66375878533311, -78.77609607536878]","[np.float64(33.57320925446322), np.float64(-78.89079433950931)]",2026-06-13 15:36:00,923.3508122671959,2,6.194395476627538,343.81212621637434,26.35411503053373,65.85835054342043,2.710917415608993,4,4,3,790,7,0.24722222222222223,0.9803618600534372,0.4688593421973408,ELECTRE-III,1
678,0340,0,0,"[36.66375878533311, -78.77609607536878]","[np.float64(36.97291179604664), np.float64(-76.79462076709507)]",2026-06-13 15:36:00,631.0066516702844,1,5.162235949505593,179.6981597987016,14.516833906367502,66.05848191629097,12.703559317166793,1,1,1,590,14,0.24722222222222223,10.973003761611237,1.0,ELECTRE-III,1
679,0560,0,0,"[36.66375878533311, -78.77609607536878]","[np.float64(36.98439248990215), np.float64(-76.73374625290286)]",2026-06-13 15:36:00,324.28935478370477,1,7.813690950519929,185.2474950896472,14.945354109208292,66.09564497556501,8.954479079472067,3,3,3,731,12,0.24722222222222223,7.965590190583178,0.8369489153254024,ELECTRE-III,1
680,0763,0,0,"[36.66375878533311, -78.77609607536878]","[np.float64(37.24493014260311), np.float64(-76.69208872012382)]",2026-06-13 15:36:00,36.44792174055178,1,5.751578165260005,196.12660555813846,15.780460554682291,65.99846504405407,10.205398841777342,3,3,3,911,11,0.24722222222222223,7.7331766195551195,0.7655703289013296,ELECTRE-III,1
681,0806,0,0,"[36.66375878533311, -78.77609607536878]","[np.float64(34.89600267667592), np.float64(-82.3344915581176)]",2026-06-13 15:36:00,800.5400672661684,2,6.898029121425463,376.35986896266513,28.47121095550514,62.74128443265839,11.33637729676163,2,2,2,753,13,0.24722222222222223,11.830821741206073,0.9188243526941917,ELECTRE-III,1
682,0862,0,0,"[36.66375878533311, -78.77609607536878]","[np.float64(38.18300521625489), np.float64(-75.73259286359264)]",2026-06-13 15:36:00,111.58490009999585,1,6.067447638409067,317.4183190921728,24.57817675164791,66.16771030149782,11.205398841777342,2,2,2,510,7,0.24722222222222223,12.19428773066623,0.4688593421973408,ELECTRE-III,1
683,0930,0,0,"[36.66375878533311, -78.77609607536878]","[np.float64(34.96653568748317), np.float64(-81.95412306879736)]",2026-06-13 15:36:00,475.27423855918437,1,6.999642105278711,343.0893179788728,26.306180594450574,63.01616539580555,8.961837177914267,1,1,1,1321,8,0.24722222222222223,8.467392733469822,0.5290412876137159,ELECTRE-III,1
684,0243,0,0,"[36.065116610243585, -78.9509284275536]","[np.float64(36.07661015360819), np.float64(-79.6780081485772)]",2026-06-13 15:36:10,820.7391712572143,2,4.892460939415273,65.36067527890026,5.3802265732313215,64.39174500407862,8.085457534456356,1,1,1,648,12,0.24733796296296295,7.59078160853043,0.8369489153254024,ELECTRE-III,1
685,0305,0,0,"[36.065116610243585, -78.9509284275536]","[np.float64(33.57320925446322), np.float64(-78.89079433950931)]",2026-06-13 15:36:10,923.3508122671959,2,6.194395476627538,277.14219672472365,21.76881960188129,65.89119009294986,4.710917415608993,4,4,3,790,7,0.24733796296296295,4.46357945264603,0.4688593421973408,ELECTRE-III,1
686,0340,0,0,"[36.065116610243585, -78.9509284275536]","[np.float64(36.97291179604664), np.float64(-76.79462076709507)]",2026-06-13 15:36:10,631.0066516702844,1,5.162235949505593,217.52415610088596,17.402837041433244,66.08769463537112,16.703559317166793,1,1,1,590,14,0.24733796296296295,17.94024913198161,1.0,ELECTRE-III,1
687,0560,0,0,"[36.065116610243585, -78.9509284275536]","[np.float64(36.98439248990215), np.float64(-76.73374625290286)]",2026-06-13 15:36:10,324.28935478370477,1,7.813690950519929,222.92601667013417,17.80800739424482,66.1248235436993,3.9544790794720672,3,3,3,731,12,0.24733796296296295,2.4704513016942897,0.8369489153254024,ELECTRE-III,1
688,0733,0,0,"[36.065116610243585, -78.9509284275536]","[np.float64(32.71206621206638), np.float64(-80.19923483589305)]",2026-06-13 15:36:10,138.32197964629103,1,4.713566060451443,390.0298581146862,29.33610327997457,65.10089622484435,3.9544790794720672,1,1,1,932,9,0.24733796296296295,5.685844820212807,0.6014695591322603,ELECTRE-III,1
689,0763,0,0,"[36.065116610243585, -78.9509284275536]","[np.float64(37.24493014260311), np.float64(-76.69208872012382)]",2026-06-13 15:36:10,36.44792174055178,1,5.751578165260005,240.4324021066795,19.108356021519803,66.02737723481073,12.205398841777342,3,3,3,911,11,0.24733796296296295,14.184102545481046,0.7655703289013296,ELECTRE-III,1
690,0806,0,0,"[36.065116610243585, -78.9509284275536]","[np.float64(34.89600267667592), np.float64(-82.3344915581176)]",2026-06-13 15:36:10,800.5400672661684,2,6.898029121425463,332.78692730525285,25.618652754796177,62.7738302840535,7.336377296761629,2,2,2,753,13,0.24733796296296295,6.347025444909777,0.9188243526941917,ELECTRE-III,1
691,0862,0,0,"[36.065116610243585, -78.9509284275536]","[np.float64(38.18300521625489), np.float64(-75.73259286359264)]",2026-06-13 15:36:10,111.58490009999585,1,6.067447638409067,369.92274949131223,28.05894977479276,66.1952974355555,11.205398841777342,2,2,2,510,7,0.24733796296296295,12.936764582518082,0.4688593421973408,ELECTRE-III,1
692,0930,0,0,"[36.065116610243585, -78.9509284275536]","[np.float64(34.96653568748317), np.float64(-81.95412306879736)]",2026-06-13 15:36:10,475.27423855918437,1,6.999642105278711,297.98139965386906,23.237138007784825,63.04858147360643,4.961837177914267,1,1,1,1321,8,0.24733796296296295,3.230471437173527,0.5290412876137159,ELECTRE-III,1
693,0243,0,0,"[35.46633441627608, -79.12374587393326]","[np.float64(36.07661015360819), np.float64(-79.6780081485772)]",2026-06-13 15:36:20,820.7391712572143,2,4.892460939415273,84.2932256292283,6.925222297761839,64.42272674215378,8.085457534456356,1,1,1,648,12,0.2474537037037037,5.610920497419319,0.8369489153254024,ELECTRE-III,1
694,0305,0,0,"[35.46633441627608, -79.12374587393326]","[np.float64(33.57320925446322), np.float64(-78.89079433950931)]",2026-06-13 15:36:20,923.3508122671959,2,6.194395476627538,211.58511152911794,16.955293840982716,65.92401598210093,1.7109174156089928,4,4,3,790,7,0.2474537037037037,3.4430933415349187,0.4688593421973408,ELECTRE-III,1
695,0340,0,0,"[35.46633441627608, -79.12374587393326]","[np.float64(36.97291179604664), np.float64(-76.79462076709507)]",2026-06-13 15:36:20,631.0066516702844,1,5.162235949505593,267.79015720172373,21.099845099251933,66.11688686388375,13.703559317166793,1,1,1,590,14,0.2474537037037037,14.693374131981608,1.0,ELECTRE-III,1
696,0560,0,0,"[35.46633441627608, -79.12374587393326]","[np.float64(36.98439248990215), np.float64(-76.73374625290286)]",2026-06-13 15:36:20,324.28935478370477,1,7.813690950519929,272.8466853954652,21.462312771808037,66.15398162126608,3.9544790794720672,3,3,3,731,12,0.2474537037037037,1.9748494498424376,0.8369489153254024,ELECTRE-III,1
697,0733,0,0,"[35.46633441627608, -79.12374587393326]","[np.float64(32.71206621206638), np.float64(-80.19923483589305)]",2026-06-13 15:36:20,138.32197964629103,1,4.713566060451443,321.8697267164797,24.881362535451554,65.13463735934421,1.9544790794720672,1,1,1,932,9,0.2474537037037037,0.0,0.6014695591322603,ELECTRE-III,1
698,0763,0,0,"[35.46633441627608, -79.12374587393326]","[np.float64(37.24493014260311), np.float64(-76.69208872012382)]",2026-06-13 15:36:20,36.44792174055178,1,5.751578165260005,294.1419463476439,22.968962747125413,66.05627576518906,11.205398841777342,3,3,3,911,11,0.2474537037037037,12.690121063999564,0.7655703289013296,ELECTRE-III,1
699,0806,0,0,"[35.46633441627608, -79.12374587393326]","[np.float64(34.89600267667592), np.float64(-82.3344915581176)]",2026-06-13 15:36:20,800.5400672661684,2,6.898029121425463,298.6005220264067,23.280281624729405,62.80636930525944,9.33637729676163,2,2,2,753,13,0.2474537037037037,10.573645815280148,0.9188243526941917,ELECTRE-III,1
700,0930,0,0,"[35.46633441627608, -79.12374587393326]","[np.float64(34.96653568748317), np.float64(-81.95412306879736)]",2026-06-13 15:36:20,475.27423855918437,1,6.999642105278711,263.0501136937897,20.758448910785045,63.080997551407314,6.961837177914267,1,1,1,1321,8,0.2474537037037037,7.951651992729082,0.5290412876137159,ELECTRE-III,1
701,0243,0,0,"[34.867419033619754, -79.29461671639947]","[np.float64(36.07661015360819), np.float64(-79.6780081485772)]",2026-06-13 15:36:30,820.7391712572143,2,4.892460939415273,138.8658656104119,11.315161016201763,64.45369481985063,1.0854575344563555,1,1,1,648,12,0.24756944444444445,0.0951797566785777,0.8369489153254024,ELECTRE-III,1
702,0305,0,0,"[34.867419033619754, -79.29461671639947]","[np.float64(33.57320925446322), np.float64(-78.89079433950931)]",2026-06-13 15:36:30,923.3508122671959,2,6.194395476627538,148.6219311304436,12.087466940404694,65.95683504106285,4.710917415608993,4,4,3,790,7,0.24756944444444445,4.215778526720104,0.4688593421973408,ELECTRE-III,1
703,0340,0,0,"[34.867419033619754, -79.29461671639947]","[np.float64(36.97291179604664), np.float64(-76.79462076709507)]",2026-06-13 15:36:30,631.0066516702844,1,5.162235949505593,324.7702090277736,25.07811820377623,66.14606543201805,17.703559317166793,1,1,1,590,14,0.24756944444444445,15.475434317166792,1.0,ELECTRE-III,1
704,0560,0,0,"[34.867419033619754, -79.29461671639947]","[np.float64(36.98439248990215), np.float64(-76.73374625290286)]",2026-06-13 15:36:30,324.28935478370477,1,7.813690950519929,329.4910715220838,25.397011650984094,66.18312603845453,5.954479079472067,3,3,3,731,12,0.24756944444444445,4.964201301694289,0.8369489153254024,ELECTRE-III,1
705,0733,0,0,"[34.867419033619754, -79.29461671639947]","[np.float64(32.71206621206638), np.float64(-80.19923483589305)]",2026-06-13 15:36:30,138.32197964629103,1,4.713566060451443,253.82234994003497,20.089399460974857,65.16837166365491,4.954479079472067,1,1,1,932,9,0.24756944444444445,6.687465190583178,0.6014695591322603,ELECTRE-III,1
706,0763,0,0,"[34.867419033619754, -79.29461671639947]","[np.float64(37.24493014260311), np.float64(-76.69208872012382)]",2026-06-13 15:36:30,36.44792174055178,1,5.751578165260005,352.9882260410464,26.959189014271203,66.08515380499988,7.205398841777342,3,3,3,911,11,0.24756944444444445,6.9578293973328975,0.7655703289013296,ELECTRE-III,1
707,0806,0,0,"[34.867419033619754, -79.29461671639947]","[np.float64(34.89600267667592), np.float64(-82.3344915581176)]",2026-06-13 15:36:30,800.5400672661684,2,6.898029121425463,277.296318970226,21.779792838328056,62.83890149627621,9.33637729676163,2,2,2,753,13,0.24756944444444445,8.346099518983852,0.9188243526941917,ELECTRE-III,1
708,0930,0,0,"[34.867419033619754, -79.29461671639947]","[np.float64(34.96653568748317), np.float64(-81.95412306879736)]",2026-06-13 15:36:30,475.27423855918437,1,6.999642105278711,242.73160709936673,19.277660151706083,63.11339996882985,10.961837177914267,1,1,1,1321,8,0.24756944444444445,12.447253844580935,0.5290412876137159,ELECTRE-III,1
709,0243,0,0,"[34.26837729246378, -79.46362974741143]","[np.float64(36.07661015360819), np.float64(-79.6780081485772)]",2026-06-13 15:36:40,820.7391712572143,2,4.892460939415273,202.0083846715122,16.229135191677685,64.48465606735829,5.0854575344563555,1,1,1,648,12,0.24768518518518517,5.828513090011911,0.8369489153254024,ELECTRE-III,1
710,0305,0,0,"[34.26837729246378, -79.46362974741143]","[np.float64(33.57320925446322), np.float64(-78.89079433950931)]",2026-06-13 15:36:40,923.3508122671959,2,6.194395476627538,93.64209484948891,7.684563534081794,65.98964726983559,0.0,4,4,3,790,7,0.24768518518518517,0.0,0.4688593421973408,ELECTRE-III,1
711,0340,0,0,"[34.26837729246378, -79.46362974741143]","[np.float64(36.97291179604664), np.float64(-76.79462076709507)]",2026-06-13 15:36:40,631.0066516702844,1,5.162235949505593,385.49941168560264,29.05106200921027,66.175230339774,18.703559317166793,1,1,1,590,14,0.24768518518518517,17.465133391240865,1.0,ELECTRE-III,1
712,0560,0,0,"[34.26837729246378, -79.46362974741143]","[np.float64(36.98439248990215), np.float64(-76.73374625290286)]",2026-06-13 15:36:40,324.28935478370477,1,7.813690950519929,389.94083235489177,29.33051732736783,66.21224996507547,12.954479079472067,3,3,3,731,12,0.24768518518518517,11.963738338731327,0.8369489153254024,ELECTRE-III,1
713,0733,0,0,"[34.26837729246378, -79.46362974741143]","[np.float64(32.71206621206638), np.float64(-80.19923483589305)]",2026-06-13 15:36:40,138.32197964629103,1,4.713566060451443,186.0120171731907,15.004257860735498,65.20209913777643,3.9544790794720672,1,1,1,932,9,0.24768518518518517,3.211423523916512,0.6014695591322603,ELECTRE-III,1
714,0806,0,0,"[34.26837729246378, -79.46362974741143]","[np.float64(34.89600267667592), np.float64(-82.3344915581176)]",2026-06-13 15:36:40,800.5400672661684,2,6.898029121425463,271.918901873118,21.395940297310112,62.87142685710381,8.33637729676163,2,2,2,753,13,0.24768518518518517,5.859525444909778,0.9188243526941917,ELECTRE-III,1
715,0930,0,0,"[34.26837729246378, -79.46362974741143]","[np.float64(34.96653568748317), np.float64(-81.95412306879736)]",2026-06-13 15:36:40,475.27423855918437,1,6.999642105278711,240.75424444981493,19.13207613750227,63.14579555606323,5.961837177914267,1,1,1,1321,8,0.24768518518518517,3.980355696432786,0.5290412876137159,ELECTRE-III,1
716,0243,0,0,"[33.66920919280817, -79.63083277829335]","[np.float64(36.07661015360819), np.float64(-79.6780081485772)]",2026-06-13 15:36:50,820.7391712572143,2,4.892460939415273,267.72573160358866,21.095215364646183,64.51560365448762,7.0854575344563555,1,1,1,648,12,0.24780092592592592,6.342054756678578,0.8369489153254024,ELECTRE-III,1
717,0305,0,0,"[33.66920919280817, -79.63083277829335]","[np.float64(33.57320925446322), np.float64(-78.89079433950931)]",2026-06-13 15:36:50,923.3508122671959,2,6.194395476627538,69.34941359845735,5.706458107080852,66.02244583822998,0.0,4,4,3,790,7,0.24780092592592592,0.0,0.4688593421973408,ELECTRE-III,1
718,0733,0,0,"[33.66920919280817, -79.63083277829335]","[np.float64(32.71206621206638), np.float64(-80.19923483589305)]",2026-06-13 15:36:50,138.32197964629103,1,4.713566060451443,118.84728521500979,9.717621733131624,65.23581978170878,8.954479079472067,1,1,1,932,9,0.24780092592592592,7.963275375768363,0.6014695591322603,ELECTRE-III,1
719,0806,0,0,"[33.66920919280817, -79.63083277829335]","[np.float64(34.89600267667592), np.float64(-82.3344915581176)]",2026-06-13 15:36:50,800.5400672661684,2,6.898029121425463,283.37966230006083,22.211570922037208,62.903938557553076,7.336377296761629,2,2,2,753,13,0.24780092592592592,7.831979148613481,0.9188243526941917,ELECTRE-III,1
720,0930,0,0,"[33.66920919280817, -79.63083277829335]","[np.float64(34.96653568748317), np.float64(-81.95412306879736)]",2026-06-13 15:36:50,475.27423855918437,1,6.999642105278711,257.54406897423684,20.35993854721326,63.17818431310742,2.9618371779142674,1,1,1,1321,8,0.24780092592592592,0.7316288445809342,0.5290412876137159,ELECTRE-III,1
721,0243,0,0,"[33.069924979936665, -79.79629411093691]","[np.float64(36.07661015360819), np.float64(-79.6780081485772)]",2026-06-13 15:37:00,820.7391712572143,2,4.892460939415273,334.50387712826546,25.733790505109848,64.54653758123861,3.0854575344563555,1,1,1,648,12,0.24791666666666667,3.3333742011230223,0.8369489153254024,ELECTRE-III,1
722,0305,0,0,"[33.069924979936665, -79.79629411093691]","[np.float64(33.57320925446322), np.float64(-78.89079433950931)]",2026-06-13 15:37:00,923.3508122671959,2,6.194395476627538,101.04576518200417,8.28400259963994,66.05523757643522,0.0,4,4,3,790,7,0.24791666666666667,0.0,0.4688593421973408,ELECTRE-III,1
723,0545,0,0,"[33.069924979936665, -79.79629411093691]","[np.float64(29.7478931171751), np.float64(-80.98193319510803)]",2026-06-13 15:37:00,624.5382934519674,1,7.3143632494217385,386.1405819574643,29.091498658562774,65.2511467262063,13.579938960624705,2,2,2,1106,13,0.24791666666666667,12.836188960624705,0.9188243526941917,ELECTRE-III,1
724,0733,0,0,"[33.069924979936665, -79.79629411093691]","[np.float64(32.71206621206638), np.float64(-80.19923483589305)]",2026-06-13 15:37:00,138.32197964629103,1,4.713566060451443,54.762151700974755,4.511746753815974,65.2695267652628,1.9544790794720672,1,1,1,932,9,0.24791666666666667,0.0,0.6014695591322603,ELECTRE-III,1
725,0806,0,0,"[33.069924979936665, -79.79629411093691]","[np.float64(34.89600267667592), np.float64(-82.3344915581176)]",2026-06-13 15:37:00,800.5400672661684,2,6.898029121425463,309.8162770659646,24.05699482346147,62.93644342781316,9.33637729676163,2,2,2,753,13,0.24791666666666667,9.584293963428296,0.9188243526941917,ELECTRE-III,1
726,0930,0,0,"[33.069924979936665, -79.79629411093691]","[np.float64(34.96653568748317), np.float64(-81.95412306879736)]",2026-06-13 15:37:00,475.27423855918437,1,6.999642105278711,289.85868934380295,22.668528684370802,63.21055940977328,11.961837177914267,1,1,1,1321,8,0.24791666666666667,9.978503844580935,0.5290412876137159,ELECTRE-III,1
727,0243,0,0,"[32.47052806894386, -79.96008204723381]","[np.float64(36.07661015360819), np.float64(-79.6780081485772)]",2026-06-13 15:37:10,820.7391712572143,2,4.892460939415273,401.8147533111188,30.07014592316905,64.57746467780042,4.0854575344563555,1,1,1,648,12,0.2480324074074074,2.8452954974193183,0.8369489153254024,ELECTRE-III,1
728,0305,0,0,"[32.47052806894386, -79.96008204723381]","[np.float64(33.57320925446322), np.float64(-78.89079433950931)]",2026-06-13 15:37:10,923.3508122671959,2,6.194395476627538,158.0245469839603,12.82760106597901,66.08801565426211,0.0,4,4,3,790,7,0.2480324074074074,0.2480324074074074,0.4688593421973408,ELECTRE-III,1
729,0545,0,0,"[32.47052806894386, -79.96008204723381]","[np.float64(29.7478931171751), np.float64(-80.98193319510803)]",2026-06-13 15:37:10,624.5382934519674,1,7.3143632494217385,317.98433375361975,24.616810029907015,65.28687544575463,9.579938960624705,2,2,2,1106,13,0.2480324074074074,8.339776923587669,0.9188243526941917,ELECTRE-III,1
730,0733,0,0,"[32.47052806894386, -79.96008204723381]","[np.float64(32.71206621206638), np.float64(-80.19923483589305)]",2026-06-13 15:37:10,138.32197964629103,1,4.713566060451443,34.976204660348856,2.885151022088277,65.30323374881681,0.9544790794720672,1,1,1,932,9,0.2480324074074074,0.0,0.6014695591322603,ELECTRE-III,1
731,0806,0,0,"[32.47052806894386, -79.96008204723381]","[np.float64(34.89600267667592), np.float64(-82.3344915581176)]",2026-06-13 15:37:10,800.5400672661684,2,6.898029121425463,347.8312947445593,26.619929397068415,62.968941467884086,5.336377296761629,2,2,2,753,13,0.2480324074074074,7.568668963428296,0.9188243526941917,ELECTRE-III,1
732,0930,0,0,"[32.47052806894386, -79.96008204723381]","[np.float64(34.96653568748317), np.float64(-81.95412306879736)]",2026-06-13 15:37:10,475.27423855918437,1,6.999642105278711,333.2122006434419,25.64719208590852,63.24292767624998,9.961837177914267,1,1,1,1321,8,0.2480324074074074,10.209869585321675,0.5290412876137159,ELECTRE-III,1
733,0305,0,0,"[31.871021874924327, -80.12225122869742]","[np.float64(33.57320925446322), np.float64(-78.89079433950931)]",2026-06-13 15:37:20,923.3508122671959,2,6.194395476627538,221.57153809951768,17.706584807831934,66.12078690189983,4.710917415608993,4,4,3,790,7,0.24814814814814815,2.973880378571956,0.4688593421973408,ELECTRE-III,1
734,0545,0,0,"[31.871021874924327, -80.12225122869742]","[np.float64(29.7478931171751), np.float64(-80.98193319510803)]",2026-06-13 15:37:20,624.5382934519674,1,7.3143632494217385,249.94713492117862,19.80670610936576,65.3225973351138,12.579938960624705,2,2,2,1106,13,0.24814814814814815,13.076235256921002,0.9188243526941917,ELECTRE-III,1
735,0733,0,0,"[31.871021874924327, -80.12225122869742]","[np.float64(32.71206621206638), np.float64(-80.19923483589305)]",2026-06-13 15:37:20,138.32197964629103,1,4.713566060451443,93.79952715916873,7.697328161941288,65.33692707199249,8.954479079472067,1,1,1,932,9,0.24814814814814815,10.195219820212808,0.6014695591322603,ELECTRE-III,1
736,0806,0,0,"[31.871021874924327, -80.12225122869742]","[np.float64(34.89600267667592), np.float64(-82.3344915581176)]",2026-06-13 15:37:20,800.5400672661684,2,6.898029121425463,394.0894048493565,29.590170597443834,63.001432677765834,13.33637729676163,2,2,2,753,13,0.24814814814814815,14.57711803750237,0.9188243526941917,ELECTRE-III,1
737,0930,0,0,"[31.871021874924327, -80.12225122869742]","[np.float64(34.96653568748317), np.float64(-81.95412306879736)]",2026-06-13 15:37:20,475.27423855918437,1,6.999642105278711,383.88379118050204,28.94902906168119,63.27528911253749,2.9618371779142674,1,1,1,1321,8,0.24814814814814815,4.202577918655008,0.5290412876137159,ELECTRE-III,1
738,0305,0,0,"[31.271409812972664, -80.28286312703028]","[np.float64(33.57320925446322), np.float64(-78.89079433950931)]",2026-06-13 15:37:30,923.3508122671959,2,6.194395476627538,287.36228097214394,22.4928166995726,66.15355131934838,2.710917415608993,4,4,3,790,7,0.2482638888888889,4.945292415608993,0.4688593421973408,ELECTRE-III,1
739,0545,0,0,"[31.271409812972664, -80.28286312703028]","[np.float64(29.7478931171751), np.float64(-80.98193319510803)]",2026-06-13 15:37:30,624.5382934519674,1,7.3143632494217385,182.16316417653348,14.707389736253846,65.35831922447296,10.579938960624705,2,2,2,1106,13,0.2482638888888889,11.82125840506915,0.9188243526941917,ELECTRE-III,1
740,0733,0,0,"[31.271409812972664, -80.28286312703028]","[np.float64(32.71206621206638), np.float64(-80.19923483589305)]",2026-06-13 15:37:30,138.32197964629103,1,4.713566060451443,160.38791182865776,13.012962542630397,65.37062039516816,6.954479079472067,1,1,1,932,9,0.2482638888888889,8.940590190583178,0.6014695591322603,ELECTRE-III,1
741,0305,0,0,"[30.67169529818345, -80.44197238374572]","[np.float64(33.57320925446322), np.float64(-78.89079433950931)]",2026-06-13 15:37:40,923.3508122671959,2,6.194395476627538,354.14878835730894,27.035259242936373,66.18630207641858,2.710917415608993,4,4,3,790,7,0.24837962962962962,1.2206396378312152,0.4688593421973408,ELECTRE-III,1
742,0515,2,0,"[30.67169529818345, -80.44197238374572]","[np.float64(27.32515845053345), np.float64(-80.26028845491872)]",2026-06-13 15:37:40,336.71499520434196,1,6.933573815682267,372.53749204922076,28.226793951362573,66.3022103866337,11.579938960624705,1,1,1,905,7,0.24837962962962962,10.834800071735817,0.4688593421973408,ELECTRE-III,1
743,0545,0,0,"[30.67169529818345, -80.44197238374572]","[np.float64(29.7478931171751), np.float64(-80.98193319510803)]",2026-06-13 15:37:40,624.5382934519674,1,7.3143632494217385,115.08247013627496,9.41538879880335,65.39403428364297,15.579938960624705,2,2,2,1106,13,0.24837962962962962,15.828318590254336,0.9188243526941917,ELECTRE-III,1
744,0733,0,0,"[30.67169529818345, -80.44197238374572]","[np.float64(32.71206621206638), np.float64(-80.19923483589305)]",2026-06-13 15:37:40,138.32197964629103,1,4.713566060451443,228.03840843237043,18.189778693641482,65.40430005796549,0.9544790794720672,1,1,1,932,9,0.24837962962962962,3.189895746138734,0.6014695591322603,ELECTRE-III,1
745,0274,0,0,"[30.071885160745854, -80.59963364035713]","[np.float64(27.09421786188543), np.float64(-82.12130791802556)]",2026-06-13 15:37:50,228.92557453082,1,2.394938107628864,362.89825680021625,27.6054347596642,64.70102963007513,5.332698247540531,1,1,1,1169,6,0.24849537037037037,7.072165840133124,0.37508747375787266,ELECTRE-III,1
746,0515,2,0,"[30.071885160745854, -80.59963364035713]","[np.float64(27.32515845053345), np.float64(-80.26028845491872)]",2026-06-13 15:37:50,336.71499520434196,1,6.933573815682267,307.21003266412345,23.877331461252716,66.33911389871929,15.579938960624705,1,1,1,905,7,0.24849537037037037,14.585957479143223,0.4688593421973408,ELECTRE-III,1
747,0545,0,0,"[30.071885160745854, -80.59963364035713]","[np.float64(29.7478931171751), np.float64(-80.98193319510803)]",2026-06-13 15:37:50,624.5382934519674,1,7.3143632494217385,51.53310392430979,4.246715380364476,65.42974934281295,8.579938960624705,2,2,2,1106,13,0.24849537037037037,9.822415812476557,0.9188243526941917,ELECTRE-III,1
748,0733,0,0,"[30.071885160745854, -80.59963364035713]","[np.float64(32.71206621206638), np.float64(-80.19923483589305)]",2026-06-13 15:37:50,138.32197964629103,1,4.713566060451443,296.0240448691979,23.100555970129488,65.43797972076283,5.954479079472067,1,1,1,932,9,0.24849537037037037,8.1909374128054,0.6014695591322603,ELECTRE-III,1
749,0274,0,0,"[29.471982815754465, -80.75588787799951]","[np.float64(27.09421786188543), np.float64(-82.12130791802556)]",2026-06-13 15:38:00,228.92557453082,1,2.394938107628864,296.2709155282568,23.11779768234282,64.7380697459441,1.332698247540531,1,1,1,1169,6,0.24861111111111112,2.0785315808738645,0.37508747375787266,ELECTRE-III,1
750,0515,2,0,"[29.471982815754465, -80.75588787799951]","[np.float64(27.32515845053345), np.float64(-80.26028845491872)]",2026-06-13 15:38:00,336.71499520434196,1,6.933573815682267,243.58762837841385,19.340604970636804,66.37601741080486,11.579938960624705,1,1,1,905,7,0.24861111111111112,9.093827849513595,0.4688593421973408,ELECTRE-III,1
751,0545,0,0,"[29.471982815754465, -80.75588787799951]","[np.float64(29.7478931171751), np.float64(-80.98193319510803)]",2026-06-13 15:38:00,624.5382934519674,1,7.3143632494217385,37.666874619401725,3.106682324572659,65.46546440198296,14.579938960624705,2,2,2,1106,13,0.24861111111111112,16.320216738402483,0.9188243526941917,ELECTRE-III,1
752,0733,0,0,"[29.471982815754465, -80.75588787799951]","[np.float64(32.71206621206638), np.float64(-80.19923483589305)]",2026-06-13 15:38:00,138.32197964629103,1,4.713566060451443,364.1573741821133,27.68700459421012,65.47164572318182,1.9544790794720672,1,1,1,932,9,0.24861111111111112,1.457256857249845,0.6014695591322603,ELECTRE-III,1
753,0244,0,0,"[28.87198826320928, -80.9107965683754]","[np.float64(25.68481308088697), np.float64(-80.31496110407862)]",2026-06-13 15:38:10,725.2572769503871,2,3.4749876097398262,359.2548178315745,27.368715627734595,66.43074771662418,9.078099436014156,4,4,3,837,9,0.24872685185185187,6.83955776934749,0.6014695591322603,ELECTRE-III,1
754,0274,0,0,"[28.87198826320928, -80.9107965683754]","[np.float64(27.09421786188543), np.float64(-82.12130791802556)]",2026-06-13 15:38:10,228.92557453082,1,2.394938107628864,230.65996804956467,18.384901285171644,64.77510986181309,8.332698247540531,1,1,1,1169,6,0.24872685185185187,7.8352445438368274,0.37508747375787266,ELECTRE-III,1
755,0515,2,0,"[28.87198826320928, -80.9107965683754]","[np.float64(27.32515845053345), np.float64(-80.26028845491872)]",2026-06-13 15:38:10,336.71499520434196,1,6.933573815682267,183.452848785908,14.806955979782785,66.41292092289045,8.579938960624705,1,1,1,905,7,0.24872685185185187,8.579938960624705,0.4688593421973408,ELECTRE-III,1
755,0515,2,0,"[28.87198826320928, -80.9107965683754]","[np.float64(27.32515845053345), np.float64(-80.26028845491872)]",2026-06-13 15:38:10,336.71499520434196,1,6.933573815682267,183.452848785908,14.806955979782785,66.41292092289045,8.579938960624705,1,1,1,905,7,0.24872685185185187,8.579938960624705,0.4688593421973408,ELECTRE-III,1
756,0545,0,0,"[28.87198826320928, -80.9107965683754]","[np.float64(29.7478931171751), np.float64(-80.98193319510803)]",2026-06-13 15:38:10,624.5382934519674,1,7.3143632494217385,97.64023088429883,8.008491812120978,65.50117263096378,10.579938960624705,2,2,2,1106,13,0.24872685185185187,12.818480627291372,0.9188243526941917,ELECTRE-III,1
757,0244,0,0,"[28.271908333299468, -81.06440752280899]","[np.float64(25.68481308088697), np.float64(-80.31496110407862)]",2026-06-13 15:38:20,725.2572769503871,2,3.4749876097398262,297.10117441747764,23.17575135387168,66.4682796061134,11.078099436014156,4,4,3,837,9,0.2488425925925926,9.336201287866007,0.6014695591322603,ELECTRE-III,1
758,0274,0,0,"[28.271908333299468, -81.06440752280899]","[np.float64(27.09421786188543), np.float64(-82.12130791802556)]",2026-06-13 15:38:20,228.92557453082,1,2.394938107628864,167.2677080677256,13.550965849669346,64.81214997768207,1.332698247540531,1,1,1,1169,6,0.2488425925925926,0.08848528457756788,0.37508747375787266,ELECTRE-III,1
759,0515,2,0,"[28.271908333299468, -81.06440752280899]","[np.float64(27.32515845053345), np.float64(-80.26028845491872)]",2026-06-13 15:38:20,336.71499520434196,1,6.933573815682267,131.67515797041082,10.743237743902998,66.44982443497602,10.579938960624705,1,1,1,905,7,0.2488425925925926,10.579938960624705,0.4688593421973408,ELECTRE-III,1
759,0515,2,0,"[28.271908333299468, -81.06440752280899]","[np.float64(27.32515845053345), np.float64(-80.26028845491872)]",2026-06-13 15:38:20,336.71499520434196,1,6.933573815682267,131.67515797041082,10.743237743902998,66.44982443497602,10.579938960624705,1,1,1,905,7,0.2488425925925926,10.579938960624705,0.4688593421973408,ELECTRE-III,1
760,0545,0,0,"[28.271908333299468, -81.06440752280899]","[np.float64(29.7478931171751), np.float64(-80.98193319510803)]",2026-06-13 15:38:20,624.5382934519674,1,7.3143632494217385,164.3180735703719,13.320595350304282,65.53687402975544,13.579938960624705,2,2,2,1106,13,0.2488425925925926,12.08688340506915,0.9188243526941917,ELECTRE-III,1
761,0244,0,0,"[27.67174814866691, -81.21675489224612]","[np.float64(25.68481308088697), np.float64(-80.31496110407862)]",2026-06-13 15:38:30,725.2572769503871,2,3.4749876097398262,238.41148891999714,18.95925727894511,66.50581149560261,8.078099436014156,4,4,3,837,9,0.24895833333333334,7.829141102680823,0.6014695591322603,ELECTRE-III,1
762,0274,0,0,"[27.67174814866691, -81.21675489224612]","[np.float64(27.09421786188543), np.float64(-82.12130791802556)]",2026-06-13 15:38:30,228.92557453082,1,2.394938107628864,110.00213759575328,9.006711624682023,64.84918326336188,0.3326982475405309,1,1,1,1169,6,0.24895833333333334,0.08373991420719756,0.37508747375787266,ELECTRE-III,1
763,0515,2,0,"[27.67174814866691, -81.21675489224612]","[np.float64(27.32515845053345), np.float64(-80.26028845491872)]",2026-06-13 15:38:30,336.71499520434196,1,6.933573815682267,101.90670191818343,8.353592619331588,66.48672111687243,13.579938960624705,1,1,1,905,7,0.24895833333333334,15.322647293958038,0.4688593421973408,ELECTRE-III,1
763,0515,2,0,"[27.67174814866691, -81.21675489224612]","[np.float64(27.32515845053345), np.float64(-80.26028845491872)]",2026-06-13 15:38:30,336.71499520434196,1,6.933573815682267,101.90670191818343,8.353592619331588,66.48672111687243,13.579938960624705,1,1,1,905,7,0.24895833333333334,15.322647293958038,0.4688593421973408,ELECTRE-III,1
764,0545,0,0,"[27.67174814866691, -81.21675489224612]","[np.float64(29.7478931171751), np.float64(-80.98193319510803)]",2026-06-13 15:38:30,624.5382934519674,1,7.3143632494217385,231.98998871812202,18.483726354247132,65.5725754285471,10.579938960624705,2,2,2,1106,13,0.24895833333333334,10.330980627291373,0.9188243526941917,ELECTRE-III,1
765,0244,0,0,"[27.071506001764313, -81.36789331820016]","[np.float64(25.68481308088697), np.float64(-80.31496110407862)]",2026-06-13 15:38:40,725.2572769503871,2,3.4749876097398262,186.48498923805252,15.040682465233909,66.54335021528101,10.078099436014156,4,4,3,837,9,0.2490740740740741,8.085506843421564,0.6014695591322603,ELECTRE-III,1
766,0274,0,0,"[27.071506001764313, -81.36789331820016]","[np.float64(27.09421786188543), np.float64(-82.12130791802556)]",2026-06-13 15:38:40,228.92557453082,1,2.394938107628864,74.6325080793308,6.13797841885151,64.88622337923086,6.332698247540531,1,1,1,1169,6,0.2490740740740741,8.574364914207198,0.37508747375787266,ELECTRE-III,1
767,0515,2,0,"[27.071506001764313, -81.36789331820016]","[np.float64(27.32515845053345), np.float64(-80.26028845491872)]",2026-06-13 15:38:40,336.71499520434196,1,6.933573815682267,113.11467682782923,9.257205955329134,66.523624628958,16.579938960624705,1,1,1,905,7,0.2490740740740741,17.576235256921002,0.4688593421973408,ELECTRE-III,1
767,0515,2,0,"[27.071506001764313, -81.36789331820016]","[np.float64(27.32515845053345), np.float64(-80.26028845491872)]",2026-06-13 15:38:40,336.71499520434196,1,6.933573815682267,113.11467682782923,9.257205955329134,66.523624628958,16.579938960624705,1,1,1,905,7,0.2490740740740741,17.576235256921002,0.4688593421973408,ELECTRE-III,1
768,0545,0,0,"[27.071506001764313, -81.36789331820016]","[np.float64(29.7478931171751), np.float64(-80.98193319510803)]",2026-06-13 15:38:40,624.5382934519674,1,7.3143632494217385,299.9847582524807,23.376641201014387,65.60826999714958,12.579938960624705,2,2,2,1106,13,0.2490740740740741,10.587346368032113,0.9188243526941917,ELECTRE-III,1
769,0244,0,0,"[26.47119043032814, -81.5178706119953]","[np.float64(25.68481308088697), np.float64(-80.31496110407862)]",2026-06-13 15:38:50,725.2572769503871,2,3.4749876097398262,148.590903124889,12.085017612766357,66.58088210477023,6.078099436014156,4,4,3,837,9,0.2491898148148148,3.835391102680823,0.6014695591322603,ELECTRE-III,1
770,0274,0,0,"[26.47119043032814, -81.5178706119953]","[np.float64(27.09421786188543), np.float64(-82.12130791802556)]",2026-06-13 15:38:50,228.92557453082,1,2.394938107628864,91.58298059475467,7.517540118770153,64.92326349509983,2.332698247540531,1,1,1,1169,6,0.2491898148148148,4.0770269512442345,0.37508747375787266,ELECTRE-III,1
771,0515,2,0,"[26.47119043032814, -81.5178706119953]","[np.float64(27.32515845053345), np.float64(-80.26028845491872)]",2026-06-13 15:38:50,336.71499520434196,1,6.933573815682267,156.74295494697293,12.726969722563648,66.56052131085441,11.579938960624705,1,1,1,905,7,0.2491898148148148,13.32426766432841,0.4688593421973408,ELECTRE-III,1
771,0515,2,0,"[26.47119043032814, -81.5178706119953]","[np.float64(27.32515845053345), np.float64(-80.26028845491872)]",2026-06-13 15:38:50,336.71499520434196,1,6.933573815682267,156.74295494697293,12.726969722563648,66.56052131085441,11.579938960624705,1,1,1,905,7,0.2491898148148148,13.32426766432841,0.4688593421973408,ELECTRE-III,1
772,0545,0,0,"[26.47119043032814, -81.5178706119953]","[np.float64(29.7478931171751), np.float64(-80.98193319510803)]",2026-06-13 15:38:50,624.5382934519674,1,7.3143632494217385,368.12347723074123,27.943146409974467,65.64396456575207,17.579938960624705,2,2,2,1106,13,0.2491898148148148,15.337230627291373,0.9188243526941917,ELECTRE-III,1
773,0244,0,0,"[25.870799726811093, -81.66671409438823]","[np.float64(25.68481308088697), np.float64(-80.31496110407862)]",2026-06-13 15:39:00,725.2572769503871,2,3.4749876097398262,136.9208531665676,11.160681986559796,66.61841399425944,13.078099436014156,4,4,3,837,9,0.24930555555555556,10.585043880458601,0.6014695591322603,ELECTRE-III,1
774,0274,0,0,"[25.870799726811093, -81.66671409438823]","[np.float64(27.09421786188543), np.float64(-82.12130791802556)]",2026-06-13 15:39:00,228.92557453082,1,2.394938107628864,143.3641942857473,11.67179136566342,64.96029678077964,3.332698247540531,1,1,1,1169,6,0.24930555555555556,4.080614914207198,0.37508747375787266,ELECTRE-III,1
775,0515,2,0,"[25.870799726811093, -81.66671409438823]","[np.float64(27.32515845053345), np.float64(-80.26028845491872)]",2026-06-13 15:39:00,336.71499520434196,1,6.933573815682267,213.78715184442316,17.121482939953736,66.59741799275083,8.579938960624705,1,1,1,905,7,0.24930555555555556,9.327855627291372,0.4688593421973408,ELECTRE-III,1
775,0515,2,0,"[25.870799726811093, -81.66671409438823]","[np.float64(27.32515845053345), np.float64(-80.26028845491872)]",2026-06-13 15:39:00,336.71499520434196,1,6.933573815682267,213.78715184442316,17.121482939953736,66.59741799275083,8.579938960624705,1,1,1,905,7,0.24930555555555556,9.327855627291372,0.4688593421973408,ELECTRE-III,1
776,0244,0,0,"[25.270340721402345, -81.81447840689228]","[np.float64(25.68481308088697), np.float64(-80.31496110407862)]",2026-06-13 15:39:10,725.2572769503871,2,3.4749876097398262,157.4203584413305,12.780169822619007,66.65594588374867,10.078099436014156,4,4,3,837,9,0.2494212962962963,10.826363324903046,0.6014695591322603,ELECTRE-III,1
777,0274,0,0,"[25.270340721402345, -81.81447840689228]","[np.float64(27.09421786188543), np.float64(-82.12130791802556)]",2026-06-13 15:39:10,228.92557453082,1,2.394938107628864,205.10393131284596,16.464454882141027,64.99733006645945,3.332698247540531,1,1,1,1169,6,0.2494212962962963,1.3373278771701604,0.37508747375787266,ELECTRE-III,1
778,0515,2,0,"[25.270340721402345, -81.81447840689228]","[np.float64(27.32515845053345), np.float64(-80.26028845491872)]",2026-06-13 15:39:10,336.71499520434196,1,6.933573815682267,276.0524199904045,21.691181512265498,66.63431467464724,10.579938960624705,1,1,1,905,7,0.2494212962962963,10.081096368032112,0.4688593421973408,ELECTRE-III,1
779,0244,0,0,"[24.669815121649194, -81.96119087026415]","[np.float64(25.68481308088697), np.float64(-80.31496110407862)]",2026-06-13 15:39:20,725.2572769503871,2,3.4749876097398262,200.4502897567967,16.110476958668464,66.69347777323789,10.078099436014156,4,4,3,837,9,0.24953703703703703,10.57717351008823,0.6014695591322603,ELECTRE-III,1
780,0274,0,0,"[24.669815121649194, -81.96119087026415]","[np.float64(27.09421786188543), np.float64(-82.12130791802556)]",2026-06-13 15:39:20,228.92557453082,1,2.394938107628864,270.05702614281745,21.262562187368342,65.03437018232843,4.332698247540531,1,1,1,1169,6,0.24953703703703703,2.0868649142071978,0.37508747375787266,ELECTRE-III,1
781,0515,2,0,"[24.669815121649194, -81.96119087026415]","[np.float64(27.32515845053345), np.float64(-80.26028845491872)]",2026-06-13 15:39:20,336.71499520434196,1,6.933573815682267,340.6874452726674,26.146610799635447,66.67120452635447,15.579938960624705,1,1,1,905,7,0.24953703703703703,13.334105627291372,0.4688593421973408,ELECTRE-III,1
782,0796,0,0,"[24.669815121649194, -81.96119087026415]","[np.float64(21.9617985715757), np.float64(-79.56607577016823)]",2026-06-13 15:39:20,434.8492347019315,1,4.74338243439419,387.905823513557,29.202663094092213,67.13877878636603,3.9544790794720672,3,3,3,1275,5,0.24953703703703703,4.952627227620216,0.2722183344996501,ELECTRE-III,1
783,0244,0,0,"[24.069224635098923, -82.10689929582803]","[np.float64(25.68481308088697), np.float64(-80.31496110407862)]",2026-06-13 15:39:30,725.2572769503871,2,3.4749876097398262,254.84303643762397,20.16368879191575,66.7310096627271,8.078099436014156,4,4,3,837,9,0.24965277777777778,8.577404991569711,0.6014695591322603,ELECTRE-III,1
784,0274,0,0,"[24.069224635098923, -82.10689929582803]","[np.float64(27.09421786188543), np.float64(-82.12130791802556)]",2026-06-13 15:39:30,228.92557453082,1,2.394938107628864,336.36747816421666,25.85851065722221,65.07140346800824,3.332698247540531,1,1,1,1169,6,0.24965277777777778,5.080267691984975,0.37508747375787266,ELECTRE-III,1
785,0515,2,0,"[24.069224635098923, -82.10689929582803]","[np.float64(27.32515845053345), np.float64(-80.26028845491872)]",2026-06-13 15:39:30,336.71499520434196,1,6.933573815682267,406.56394707419526,30.362924237680858,66.70810120825088,13.579938960624705,1,1,1,905,7,0.24965277777777778,13.579938960624705,0.4688593421973408,ELECTRE-III,1
786,0796,0,0,"[24.069224635098923, -82.10689929582803]","[np.float64(21.9617985715757), np.float64(-79.56607577016823)]",2026-06-13 15:39:30,434.8492347019315,1,4.74338243439419,350.02746343242956,26.76465697066778,67.17703467590728,1.9544790794720672,3,3,3,1275,5,0.24965277777777778,3.9517013016942895,0.2722183344996501,ELECTRE-III,1
787,0244,0,0,"[23.468572676846126, -82.25163783452977]","[np.float64(25.68481308088697), np.float64(-80.31496110407862)]",2026-06-13 15:39:40,725.2572769503871,2,3.4749876097398262,314.7616755780995,24.396529421553442,66.76854155221633,7.078099436014156,4,4,3,837,9,0.24976851851851853,5.579488324903045,0.6014695591322603,ELECTRE-III,1
788,0274,0,0,"[23.468572676846126, -82.25163783452977]","[np.float64(27.09421786188543), np.float64(-82.12130791802556)]",2026-06-13 15:39:40,228.92557453082,1,2.394938107628864,403.3667099560775,30.166012641005594,65.10843675368805,2.332698247540531,1,1,1,1169,6,0.24976851851851853,0.08478158087386412,0.37508747375787266,ELECTRE-III,1
789,0796,0,0,"[23.468572676846126, -82.25163783452977]","[np.float64(21.9617985715757), np.float64(-79.56607577016823)]",2026-06-13 15:39:40,434.8492347019315,1,4.74338243439419,322.3980754025869,24.917250214696875,67.21529056544853,9.954479079472067,3,3,3,1275,5,0.24976851851851853,7.7065624128054,0.2722183344996501,ELECTRE-III,1
790,0244,0,0,"[22.86786095443809, -82.39544063731522]","[np.float64(25.68481308088697), np.float64(-80.31496110407862)]",2026-06-13 15:39:50,725.2572769503871,2,3.4749876097398262,377.58440364135157,28.549274237958087,66.80607344170555,6.078099436014156,4,4,3,837,9,0.24988425925925925,7.077636473051193,0.6014695591322603,ELECTRE-III,1
791,0796,0,0,"[22.86786095443809, -82.39544063731522]","[np.float64(21.9617985715757), np.float64(-79.56607577016823)]",2026-06-13 15:39:50,434.8492347019315,1,4.74338243439419,307.7893009835491,23.91730702663687,67.25354645498976,8.954479079472067,3,3,3,1275,5,0.24988425925925925,10.95355315354614,0.2722183344996501,ELECTRE-III,1
792,0796,0,0,"[22.26709459051669, -82.53833502494106]","[np.float64(21.9617985715757), np.float64(-79.56607577016823)]",2026-06-13 15:40:00,434.8492347019315,1,4.74338243439419,308.05770012938007,23.935820990672198,67.291802344531,8.954479079472067,3,3,3,1275,5,0.25,6.954479079472067,0.2722183344996501,ELECTRE-III,1
793,0796,0,0,"[21.666275292629226, -82.68036880873147]","[np.float64(21.9617985715757), np.float64(-79.56607577016823)]",2026-06-13 15:40:10,434.8492347019315,1,4.74338243439419,323.1666699723818,24.969419141557285,67.33005823407224,4.954479079472067,3,3,3,1275,5,0.2501157407407407,4.454247597990586,0.2722183344996501,ELECTRE-III,1
794,0796,0,0,"[21.065403060775697, -82.82156930944315]","[np.float64(21.9617985715757), np.float64(-79.56607577016823)]",2026-06-13 15:40:20,434.8492347019315,1,4.74338243439419,351.20491207025594,26.842099425371828,67.36831412361349,2.9544790794720672,3,3,3,1275,5,0.2502314814814815,1.9535531535461412,0.2722183344996501,ELECTRE-III,1
795,0796,0,0,"[20.464484725145265, -82.96196384783276]","[np.float64(21.9617985715757), np.float64(-79.56607577016823)]",2026-06-13 15:40:30,434.8492347019315,1,4.74338243439419,389.3882001698043,29.29582853478138,67.40657001315473,0.9544790794720672,3,3,3,1275,5,0.2503472222222222,0.0,0.2722183344996501,ELECTRE-III,1
796,0798,0,0,"[17.459233933738215, -83.65296725597378]","[np.float64(15.66681142700058), np.float64(-86.92981242009621)]",2026-06-13 15:41:20,452.8104997610848,1,5.145498388051244,402.0998982423012,30.087773713647042,59.31495418646734,13.078099436014156,4,4,3,806,3,0.25092592592592594,12.074395732310453,0.13750874737578728,ELECTRE-III,1
797,0798,0,0,"[16.858068003750372, -83.78917488840217]","[np.float64(15.66681142700058), np.float64(-86.92981242009621)]",2026-06-13 15:41:30,452.8104997610848,1,5.145498388051244,360.4606639793378,27.447173736047336,59.352800264658384,17.078099436014156,4,4,3,806,3,0.25104166666666666,18.584349436014158,0.13750874737578728,ELECTRE-III,1
798,0798,0,0,"[16.256869630363973, -83.92478146418361]","[np.float64(15.66681142700058), np.float64(-86.92981242009621)]",2026-06-13 15:41:40,452.8104997610848,1,5.145498388051244,327.88879022895196,25.28896544327443,59.39064634284942,14.078099436014156,4,4,3,806,3,0.2511574074074074,13.073469806384526,0.13750874737578728,ELECTRE-III,1
799,0798,0,0,"[15.655638813579014, -84.05981430407476]","[np.float64(15.66681142700058), np.float64(-86.92981242009621)]",2026-06-13 15:41:50,452.8104997610848,1,5.145498388051244,307.2820504081289,23.882302783224258,59.42849242104047,13.078099436014156,4,4,3,806,3,0.25127314814814816,15.33955776934749,0.13750874737578728,ELECTRE-III,1
800,0798,0,0,"[15.054378968490084, -84.19429389864314]","[np.float64(15.66681142700058), np.float64(-86.92981242009621)]",2026-06-13 15:42:00,452.8104997610848,1,5.145498388051244,301.1085536361162,23.45476806650844,59.46633166904233,13.078099436014156,4,4,3,806,3,0.2513888888888889,11.821154991569712,0.13750874737578728,ELECTRE-III,1
801,0798,0,0,"[14.453091802644474, -84.3282543988346]","[np.float64(15.66681142700058), np.float64(-86.92981242009621)]",2026-06-13 15:42:10,452.8104997610848,1,5.145498388051244,310.23098816912363,24.085537015076387,59.504170917044206,16.078099436014156,4,4,3,806,3,0.2515046296296296,17.838631843421563,0.13750874737578728,ELECTRE-III,1
802,0798,0,0,"[13.85177816981583, -84.46170946502748]","[np.float64(15.66681142700058), np.float64(-86.92981242009621)]",2026-06-13 15:42:20,452.8104997610848,1,5.145498388051244,333.397875478327,25.659648112401445,59.54200333485691,14.078099436014156,4,4,3,806,3,0.2516203703703704,16.34268276934749,0.13750874737578728,ELECTRE-III,1
803,0798,0,0,"[13.250440631325091, -84.59469324816763]","[np.float64(15.66681142700058), np.float64(-86.92981242009621)]",2026-06-13 15:42:30,452.8104997610848,1,5.145498388051244,367.96580242471606,27.93298640574448,59.57983575266961,12.078099436014156,4,4,3,806,3,0.2517361111111111,11.071154991569712,0.13750874737578728,ELECTRE-III,1
804,0588,0,0,"[12.64908089471955, -84.72722623882255]","[np.float64(9.515838710085152), np.float64(-83.83785504081678)]",2026-06-13 15:42:40,553.0171821500551,1,7.613127712786419,361.6618925321268,27.525220595148635,59.767133200089695,0.7109174156089928,4,4,3,1494,7,0.2518518518518518,1.4664729711645483,0.4688593421973408,ELECTRE-III,1
805,0618,0,0,"[12.64908089471955, -84.72722623882255]","[np.float64(9.278166332601291), np.float64(-84.83392999348334)]",2026-06-13 15:42:40,820.5729596459892,2,2.709793340244329,375.01002056734535,28.385025140423846,58.79896754561873,12.081778485235255,1,1,1,899,3,0.2518518518518518,10.570667374124143,0.13750874737578728,ELECTRE-III,1
806,0588,0,0,"[12.047700667546499, -84.85932892755977]","[np.float64(9.515838710085152), np.float64(-83.83785504081678)]",2026-06-13 15:42:50,553.0171821500551,1,7.613127712786419,302.831342763429,23.574357988254235,59.802534070557876,0.7109174156089928,4,4,3,1494,7,0.2519675925925926,0.0,0.4688593421973408,ELECTRE-III,1
807,0618,0,0,"[12.047700667546499, -84.85932892755977]","[np.float64(9.278166332601291), np.float64(-84.83392999348334)]",2026-06-13 15:42:50,820.5729596459892,2,2.709793340244329,307.9711062306923,23.92984839107921,58.83451185005948,12.081778485235255,1,1,1,899,3,0.2519675925925926,9.814070151901921,0.13750874737578728,ELECTRE-III,1
808,0588,0,0,"[11.446300803579584, -84.99102863513596]","[np.float64(9.515838710085152), np.float64(-83.83785504081678)]",2026-06-13 15:43:00,553.0171821500551,1,7.613127712786419,248.94670377130035,19.7335614972413,59.83792811083688,0.0,4,4,3,1494,7,0.2520833333333333,0.0,0.4688593421973408,ELECTRE-III,1
809,0618,0,0,"[11.446300803579584, -84.99102863513596]","[np.float64(9.278166332601291), np.float64(-84.83392999348334)]",2026-06-13 15:43:00,820.5729596459892,2,2.709793340244329,241.69743204669197,19.201550797243176,58.870049324311054,10.081778485235255,1,1,1,899,3,0.2520833333333333,9.829695151901921,0.13750874737578728,ELECTRE-III,1
810,0588,0,0,"[10.84488471791339, -85.12233902192945]","[np.float64(9.515838710085152), np.float64(-83.83785504081678)]",2026-06-13 15:43:10,553.0171821500551,1,7.613127712786419,203.96462522639828,16.377912182795725,59.87330849073754,1.7109174156089928,4,4,3,1494,7,0.25219907407407405,0.7021211193126966,0.4688593421973408,ELECTRE-III,1
811,0618,0,0,"[10.84488471791339, -85.12233902192945]","[np.float64(9.278166332601291), np.float64(-84.83392999348334)]",2026-06-13 15:43:10,820.5729596459892,2,2.709793340244329,177.04973946092795,14.311732931479144,58.90557313818429,10.081778485235255,1,1,1,899,3,0.25219907407407405,7.559787744494514,0.13750874737578728,ELECTRE-III,1
812,0588,0,0,"[10.243452410547917, -85.2532942388861]","[np.float64(9.515838710085152), np.float64(-83.83785504081678)]",2026-06-13 15:43:20,553.0171821500551,1,7.613127712786419,174.8939079131226,14.144502114834339,59.908682040449044,0.0,4,4,3,1494,7,0.2523148148148148,1.7662037037037037,0.4688593421973408,ELECTRE-III,1
813,0618,0,0,"[10.243452410547917, -85.2532942388861]","[np.float64(9.278166332601291), np.float64(-84.83392999348334)]",2026-06-13 15:43:20,820.5729596459892,2,2.709793340244329,116.75930491127458,9.550068572464884,58.941090121868356,10.081778485235255,1,1,1,899,3,0.2523148148148148,11.847982188938959,0.13750874737578728,ELECTRE-III,1
814,0588,0,0,"[9.642006442804105, -85.38390794638426]","[np.float64(9.515838710085152), np.float64(-83.83785504081678)]",2026-06-13 15:43:30,553.0171821500551,1,7.613127712786419,170.09590924395667,13.771433834221765,59.944041929782195,0.0,4,4,3,1494,7,0.25243055555555555,0.5048611111111111,0.4688593421973408,ELECTRE-III,1
815,0618,0,0,"[9.642006442804105, -85.38390794638426]","[np.float64(9.278166332601291), np.float64(-84.83392999348334)]",2026-06-13 15:43:30,820.5729596459892,2,2.709793340244329,72.63371896885894,5.974797918817679,58.97659344517408,9.081778485235255,1,1,1,899,3,0.25243055555555555,10.596361818568589,0.13750874737578728,ELECTRE-III,1
816,0588,0,0,"[9.040548522229244, -85.51420063499143]","[np.float64(9.515838710085152), np.float64(-83.83785504081678)]",2026-06-13 15:43:40,553.0171821500551,1,7.613127712786419,191.40305122191566,15.418691610534195,59.97939498892618,0.0,4,4,3,1494,7,0.25254629629629627,1.5152777777777775,0.4688593421973408,ELECTRE-III,1
817,0618,0,0,"[9.040548522229244, -85.51420063499143]","[np.float64(9.278166332601291), np.float64(-84.83392999348334)]",2026-06-13 15:43:40,820.5729596459892,2,2.709793340244329,79.2145891490666,6.511676913840315,59.012089938290636,10.081778485235255,1,1,1,899,3,0.25254629629629627,12.354695151901922,0.13750874737578728,ELECTRE-III,1
818,0588,0,0,"[8.439079502596982, -85.64419962546428]","[np.float64(9.515838710085152), np.float64(-83.83785504081678)]",2026-06-13 15:43:50,553.0171821500551,1,7.613127712786419,231.72190613325586,18.463816051338238,60.01473438769183,1.7109174156089928,4,4,3,1494,7,0.25266203703703705,0.0,0.4688593421973408,ELECTRE-III,1
819,0618,0,0,"[8.439079502596982, -85.64419962546428]","[np.float64(9.278166332601291), np.float64(-84.83392999348334)]",2026-06-13 15:43:50,820.5729596459892,2,2.709793340244329,128.95855499968044,10.526597349174171,59.047579601218025,7.0817784852352545,1,1,1,899,3,0.25266203703703705,9.355736818568587,0.13750874737578728,ELECTRE-III,1
820,0588,0,0,"[7.837601945228258, -85.77391857818115]","[np.float64(9.515838710085152), np.float64(-83.83785504081678)]",2026-06-13 15:44:00,553.0171821500551,1,7.613127712786419,283.0395648157997,22.187501258742184,60.05006012607913,0.0,4,4,3,1494,7,0.25277777777777777,0.0,0.4688593421973408,ELECTRE-III,1
821,0618,0,0,"[7.837601945228258, -85.77391857818115]","[np.float64(9.278166332601291), np.float64(-84.83392999348334)]",2026-06-13 15:44:00,820.5729596459892,2,2.709793340244329,190.63356361337796,15.359637518134384,59.08305560376707,8.081778485235255,1,1,1,899,3,0.25277777777777777,7.576222929679699,0.13750874737578728,ELECTRE-III,1
822,0588,0,0,"[7.236116703896718, -85.90338481389875]","[np.float64(9.515838710085152), np.float64(-83.83785504081678)]",2026-06-13 15:44:10,553.0171821500551,1,7.613127712786419,340.4171566740424,26.12862662075456,60.085379034277274,0.0,4,4,3,1494,7,0.25289351851851855,0.0,0.4688593421973408,ELECTRE-III,1
823,0618,0,0,"[7.236116703896718, -85.90338481389875]","[np.float64(9.278166332601291), np.float64(-84.83392999348334)]",2026-06-13 15:44:10,820.5729596459892,2,2.709793340244329,255.74829199518723,20.22951750058156,59.118517945937775,15.081778485235255,1,1,1,899,3,0.25289351851851855,14.828884966716736,0.13750874737578728,ELECTRE-III,1
824,0588,0,0,"[6.634625913036476, -86.03261882318456]","[np.float64(9.515838710085152), np.float64(-83.83785504081678)]",2026-06-13 15:44:20,553.0171821500551,1,7.613127712786419,401.2626205968801,30.03599496565336,60.12069111228624,0.0,4,4,3,1494,7,0.25300925925925927,0.0,0.4688593421973408,ELECTRE-III,1
825,0618,0,0,"[6.634625913036476, -86.03261882318456]","[np.float64(9.278166332601291), np.float64(-84.83392999348334)]",2026-06-13 15:44:20,820.5729596459892,2,2.709793340244329,322.22342183030054,24.90538931375345,59.153973457919314,6.0817784852352545,1,1,1,899,3,0.25300925925925927,5.575759966716736,0.13750874737578728,ELECTRE-III,1
826,0618,0,0,"[6.033130426421181, -86.16163426641693]","[np.float64(9.278166332601291), np.float64(-84.83392999348334)]",2026-06-13 15:44:30,820.5729596459892,2,2.709793340244329,389.3619725463902,29.294181637326503,59.18942213971168,14.081778485235255,1,1,1,899,3,0.253125,11.550528485235255,0.13750874737578728,ELECTRE-III,1
827,0661,0,0,"[58.19281557753678, 62.76468466075485]","[np.float64(57.73168061754825), np.float64(56.03924441548581)]",2026-06-13 16:51:50,827.986430099781,2,5.790185556938642,399.83893753181223,29.94782749980065,1.7517790639596613,7.209077890998444,3,3,3,1116,10,0.29988425925925927,8.70849918729474,0.655703289013296,ELECTRE-III,1
828,0661,0,0,"[58.77824475167691, 62.406898861462075]","[np.float64(57.73168061754825), np.float64(56.03924441548581)]",2026-06-13 16:52:00,827.986430099781,2,5.790185556938642,390.11185936195284,29.34124793555011,1.7371593642063665,6.209077890998444,3,3,3,1116,10,0.3,5.909077890998444,0.655703289013296,ELECTRE-III,1
829,0661,0,0,"[59.36287479368415, 62.03828038214566]","[np.float64(57.73168061754825), np.float64(56.03924441548581)]",2026-06-13 16:52:10,827.986430099781,2,5.790185556938642,392.29774235734317,29.478196066765225,1.7225562063174675,7.209077890998444,3,3,3,1116,10,0.30011574074074077,6.308730668776222,0.655703289013296,ELECTRE-III,1
830,0661,0,0,"[59.946664722423485, 61.65820767559113]","[np.float64(57.73168061754825), np.float64(56.03924441548581)]",2026-06-13 16:52:20,827.986430099781,2,5.790185556938642,406.2045141956303,30.34082687009381,1.7079696970146707,10.209077890998444,3,3,3,1116,10,0.3002314814814815,10.209077890998444,0.655703289013296,ELECTRE-III,1
831,0904,0,0,"[53.72872004923234, -97.13369796044961]","[np.float64(50.06723925632738), np.float64(-97.48180044457159)]",2026-06-13 17:10:00,150.53598143353761,1,4.951451087989204,407.8372651012885,30.441125520143267,58.96037857608447,11.456318604082618,1,1,1,1487,12,0.3125,8.643818604082618,0.8369489153254024,ELECTRE-III,1
832,0904,0,0,"[53.137929176593744, -97.41872175451424]","[np.float64(50.06723925632738), np.float64(-97.48180044457159)]",2026-06-13 17:10:10,150.53598143353761,1,4.951451087989204,341.47337556953966,26.198872722935764,58.97666857725495,12.456318604082618,1,1,1,1487,12,0.3126157407407407,11.518471381860396,0.8369489153254024,ELECTRE-III,1
833,0904,0,0,"[52.54666019071325, -97.6971339254623]","[np.float64(50.06723925632738), np.float64(-97.48180044457159)]",2026-06-13 17:10:20,150.53598143353761,1,4.951451087989204,276.105103878004,21.69493675670288,58.99293808785792,5.456318604082618,1,1,1,1487,12,0.3127314814814815,6.707244530008544,0.8369489153254024,ELECTRE-III,1
834,0904,0,0,"[51.95493699725295, -97.96924866199561]","[np.float64(50.06723925632738), np.float64(-97.48180044457159)]",2026-06-13 17:10:30,150.53598143353761,1,4.951451087989204,212.65350719796498,17.03596310200192,59.00918027770421,5.456318604082618,1,1,1,1487,12,0.3128472222222222,6.082013048527062,0.8369489153254024,ELECTRE-III,1
835,0904,0,0,"[51.362776671685765, -98.23535966224847]","[np.float64(50.06723925632738), np.float64(-97.48180044457159)]",2026-06-13 17:10:40,150.53598143353761,1,4.951451087989204,153.51454822441346,12.473120410982531,59.02539514679382,7.456318604082618,1,1,1,1487,12,0.31296296296296294,5.57854082630484,0.8369489153254024,ELECTRE-III,1
836,0904,0,0,"[50.7702031196738, -98.49573330359853]","[np.float64(50.06723925632738), np.float64(-97.48180044457159)]",2026-06-13 17:10:50,150.53598143353761,1,4.951451087989204,106.16096244142992,8.697099039844002,59.04158952531592,5.456318604082618,1,1,1,1487,12,0.3130787037037037,3.577846381860396,0.8369489153254024,ELECTRE-III,1
837,0904,0,0,"[50.17723341668997, -98.7506359634234]","[np.float64(50.06723925632738), np.float64(-97.48180044457159)]",2026-06-13 17:11:00,150.53598143353761,1,4.951451087989204,91.2809632842869,7.493031345737393,59.05775658308134,12.456318604082618,1,1,1,1487,12,0.31319444444444444,13.082707492971506,0.8369489153254024,ELECTRE-III,1
838,0005,0,0,"[49.58389146839638, -99.00029986815488]","[np.float64(46.64604914512537), np.float64(-96.85205387171732)]",2026-06-13 17:11:10,648.3163406005037,1,5.218287714664618,363.485945284331,27.643522324962802,62.0136712105661,7.0817784852352545,2,2,2,937,7,0.31331018518518516,7.0817784852352545,0.4688593421973408,ELECTRE-III,1
839,0904,0,0,"[49.58389146839638, -99.00029986815488]","[np.float64(50.06723925632738), np.float64(-97.48180044457159)]",2026-06-13 17:11:10,150.53598143353761,1,4.951451087989204,121.46236828976154,9.927236272038948,59.073896320090086,5.456318604082618,1,1,1,1487,12,0.31331018518518516,6.082938974452988,0.8369489153254024,ELECTRE-III,1
840,0005,0,0,"[48.99018752007678, -99.24497090460308]","[np.float64(46.64604914512537), np.float64(-96.85205387171732)]",2026-06-13 17:11:20,648.3163406005037,1,5.218287714664618,315.9769119154031,24.4796859950222,62.03196928735257,2.0817784852352545,2,2,2,937,7,0.31342592592592594,0.0,0.4688593421973408,ELECTRE-III,1
841,0904,0,0,"[48.99018752007678, -99.24497090460308]","[np.float64(50.06723925632738), np.float64(-97.48180044457159)]",2026-06-13 17:11:20,150.53598143353761,1,4.951451087989204,174.73804612932244,14.13240212429574,59.090015566531314,12.456318604082618,1,1,1,1487,12,0.31342592592592594,14.336874159638175,0.8369489153254024,ELECTRE-III,1
842,0005,0,0,"[48.39613864720409, -99.4848539784431]","[np.float64(46.64604914512537), np.float64(-96.85205387171732)]",2026-06-13 17:11:30,648.3163406005037,1,5.218287714664618,277.37759114788105,21.785578600184447,62.050240043382345,4.0817784852352545,2,2,2,937,7,0.31354166666666666,6.903653485235255,0.4688593421973408,ELECTRE-III,1
843,0904,0,0,"[48.39613864720409, -99.4848539784431]","[np.float64(50.06723925632738), np.float64(-97.48180044457159)]",2026-06-13 17:11:30,150.53598143353761,1,4.951451087989204,235.95178439436035,18.77742523332559,59.10610749221586,9.456318604082618,1,1,1,1487,12,0.31354166666666666,8.515693604082617,0.8369489153254024,ELECTRE-III,1
844,0005,0,0,"[47.801765340345824, -99.7201608255392]","[np.float64(46.64604914512537), np.float64(-96.85205387171732)]",2026-06-13 17:11:40,648.3163406005037,1,5.218287714664618,251.82000239713065,19.943456470563437,62.06848347865545,9.081778485235255,2,2,2,937,7,0.3136574074074074,10.022750707457476,0.4688593421973408,ELECTRE-III,1
845,0904,0,0,"[47.801765340345824, -99.7201608255392]","[np.float64(50.06723925632738), np.float64(-97.48180044457159)]",2026-06-13 17:11:40,150.53598143353761,1,4.951451087989204,300.28798967614495,23.397731102891367,59.12217209714373,8.456318604082618,1,1,1,1487,12,0.3136574074074074,8.456318604082618,0.8369489153254024,ELECTRE-III,1
846,0005,0,0,"[47.207074429691154, -99.95108269118816]","[np.float64(46.64604914512537), np.float64(-96.85205387171732)]",2026-06-13 17:11:50,648.3163406005037,1,5.218287714664618,243.44636338218208,19.3302208349158,62.08669276298271,3.0817784852352545,2,2,2,937,7,0.31377314814814816,4.336871077827848,0.4688593421973408,ELECTRE-III,1
847,0904,0,0,"[47.207074429691154, -99.95108269118816]","[np.float64(50.06723925632738), np.float64(-97.48180044457159)]",2026-06-13 17:11:50,150.53598143353761,1,4.951451087989204,366.10500839993836,27.812939137166346,59.138216211504094,7.456318604082618,1,1,1,1487,12,0.31377314814814816,6.201226011490025,0.8369489153254024,ELECTRE-III,1
848,0005,0,0,"[46.61208640580759, -100.17780399049757]","[np.float64(46.64604914512537), np.float64(-96.85205387171732)]",2026-06-13 17:12:00,648.3163406005037,1,5.218287714664618,253.96268894357112,20.099618036821088,62.10488155674245,2.0817784852352545,2,2,2,937,7,0.3138888888888889,4.592889596346366,0.4688593421973408,ELECTRE-III,1
849,0005,0,0,"[46.01681151397888, -100.40050230838584]","[np.float64(46.64604914512537), np.float64(-96.85205387171732)]",2026-06-13 17:12:10,648.3163406005037,1,5.218287714664618,281.25820855828783,22.061294942292996,62.12304302974552,9.081778485235255,2,2,2,937,7,0.3140046296296296,7.197750707457477,0.4688593421973408,ELECTRE-III,1
850,0005,0,0,"[45.42125999948879, -100.61934156939304]","[np.float64(46.64604914512537), np.float64(-96.85205387171732)]",2026-06-13 17:12:20,648.3163406005037,1,5.218287714664618,321.08191512829546,24.827812294278157,62.1411771819919,4.0817784852352545,2,2,2,937,7,0.3141203703703704,3.139417374124143,0.4688593421973408,ELECTRE-III,1
851,0005,0,0,"[44.825445522715654, -100.8344788678701]","[np.float64(46.64604914512537), np.float64(-96.85205387171732)]",2026-06-13 17:12:30,648.3163406005037,1,5.218287714664618,369.4040224800397,28.0255894065553,62.1592840134816,9.081778485235255,2,2,2,937,7,0.3142361111111111,7.510597929679699,0.4688593421973408,ELECTRE-III,1
852,0717,0,0,"[43.0365301866301, -101.45914747879196]","[np.float64(40.33709396384561), np.float64(-104.2016485672987)]",2026-06-13 17:13:00,654.052398696909,1,5.858106094484014,376.72976718647163,28.494803904236942,62.259161869714696,0.0,3,3,3,1305,14,0.3145833333333333,0.0,1.0,ELECTRE-III,1
853,0717,0,0,"[42.43976972865692, -101.66090443668497]","[np.float64(40.33709396384561), np.float64(-104.2016485672987)]",2026-06-13 17:13:10,654.052398696909,1,5.858106094484014,315.5501627659726,24.45049676719851,62.28660556979981,2.9618371779142674,3,3,3,1305,14,0.31469907407407405,2.3324390297661193,1.0,ELECTRE-III,1
854,0717,0,0,"[41.84279411972488, -101.85963562077566]","[np.float64(40.33709396384561), np.float64(-104.2016485672987)]",2026-06-13 17:13:20,654.052398696909,1,5.858106094484014,257.96360354939105,20.390376218011586,62.31403560950658,0.0,3,3,3,1305,14,0.3148148148148148,1.2592592592592593,1.0,ELECTRE-III,1
855,0802,0,0,"[41.84279411972488, -101.85963562077566]","[np.float64(39.80394266104254), np.float64(-105.3320988949999)]",2026-06-13 17:13:20,74.93057112380298,1,7.205480184764208,369.77208410783464,28.049262315907004,61.81715300776649,11.703559317166793,3,3,3,529,12,0.3148148148148148,9.185040798648274,0.8369489153254024,ELECTRE-III,1
856,0717,0,0,"[41.24561360511774, -102.05546397446909]","[np.float64(40.33709396384561), np.float64(-104.2016485672987)]",2026-06-13 17:13:30,654.052398696909,1,5.858106094484014,206.99245337081533,16.607738515489224,62.34144515864584,0.0,3,3,3,1305,14,0.31493055555555555,0.0,1.0,ELECTRE-III,1
857,0802,0,0,"[41.24561360511774, -102.05546397446909]","[np.float64(39.80394266104254), np.float64(-105.3320988949999)]",2026-06-13 17:13:30,74.93057112380298,1,7.205480184764208,319.9638276314285,24.751732508435655,61.84542999093035,13.703559317166793,3,3,3,529,12,0.31493055555555555,14.64835098383346,0.8369489153254024,ELECTRE-III,1
858,0717,0,0,"[40.64823843011926, -102.24850561098117]","[np.float64(40.33709396384561), np.float64(-104.2016485672987)]",2026-06-13 17:13:40,654.052398696909,1,5.858106094484014,168.74380708863484,13.666084286858611,62.36884104740676,3.9618371779142674,3,3,3,1305,14,0.31504629629629627,3.3317445853216747,1.0,ELECTRE-III,1
859,0802,0,0,"[40.64823843011926, -102.24850561098117]","[np.float64(39.80394266104254), np.float64(-105.3320988949999)]",2026-06-13 17:13:40,74.93057112380298,1,7.205480184764208,278.09510721197364,21.83663826165428,61.873700143905026,18.703559317166793,3,3,3,529,12,0.31504629629629627,20.908883391240867,0.8369489153254024,ELECTRE-III,1
860,0717,0,0,"[40.050672009824005, -102.43884932277108]","[np.float64(40.33709396384561), np.float64(-104.2016485672987)]",2026-06-13 17:13:50,654.052398696909,1,5.858106094484014,153.0755922841862,12.438566657098814,62.396223275789346,4.961837177914267,3,3,3,1305,14,0.31516203703703705,2.755702918655008,1.0,ELECTRE-III,1
861,0802,0,0,"[40.050672009824005, -102.43884932277108]","[np.float64(39.80394266104254), np.float64(-105.3320988949999)]",2026-06-13 17:13:50,74.93057112380298,1,7.205480184764208,248.21968778922266,19.68036503545787,61.9019498063122,17.703559317166793,3,3,3,529,12,0.31516203703703705,14.86710098383346,0.8369489153254024,ELECTRE-III,1
862,0717,0,0,"[39.45292800461034, -102.62661122305472]","[np.float64(40.33709396384561), np.float64(-104.2016485672987)]",2026-06-13 17:14:00,654.052398696909,1,5.858106094484014,166.4905175259938,13.490309191141199,62.423585013604416,0.9618371779142674,3,3,3,1305,14,0.31527777777777777,1.592392733469823,1.0,ELECTRE-III,1
863,0802,0,0,"[39.45292800461034, -102.62661122305472]","[np.float64(39.80394266104254), np.float64(-105.3320988949999)]",2026-06-13 17:14:00,74.93057112380298,1,7.205480184764208,234.95836216456996,18.70387552976596,61.93018580834104,14.703559317166793,3,3,3,529,12,0.31527777777777777,16.279948206055682,0.8369489153254024,ELECTRE-III,1
864,0717,0,0,"[38.85500982957284, -102.81188010429132]","[np.float64(40.33709396384561), np.float64(-104.2016485672987)]",2026-06-13 17:14:10,654.052398696909,1,5.858106094484014,203.31295621786242,16.328376234539043,62.45093309104114,0.0,3,3,3,1305,14,0.31539351851851855,0.0,1.0,ELECTRE-III,1
865,0802,0,0,"[38.85500982957284, -102.81188010429132]","[np.float64(39.80394266104254), np.float64(-105.3320988949999)]",2026-06-13 17:14:10,74.93057112380298,1,7.205480184764208,241.0709430217051,19.15541050332161,61.95840814999153,19.703559317166793,3,3,3,529,12,0.31539351851851855,20.965133391240865,0.8369489153254024,ELECTRE-III,1
866,0717,0,0,"[38.25692431490067, -102.99475841931842]","[np.float64(40.33709396384561), np.float64(-104.2016485672987)]",2026-06-13 17:14:20,654.052398696909,1,5.858106094484014,253.54242416237867,20.069013100198404,62.47826067791037,0.0,3,3,3,1305,14,0.31550925925925927,0.0,1.0,ELECTRE-III,1
867,0802,0,0,"[38.25692431490067, -102.99475841931842]","[np.float64(39.80394266104254), np.float64(-105.3320988949999)]",2026-06-13 17:14:20,74.93057112380298,1,7.205480184764208,265.2220290475032,20.915071731115052,61.98661683126368,11.703559317166793,3,3,3,529,12,0.31550925925925927,11.072540798648275,0.8369489153254024,ELECTRE-III,1
868,0717,0,0,"[37.658674875688426, -103.17532813040604]","[np.float64(40.33709396384561), np.float64(-104.2016485672987)]",2026-06-13 17:14:30,654.052398696909,1,5.858106094484014,310.7456650661651,24.12094160997554,62.50557460440125,3.9618371779142674,3,3,3,1305,14,0.315625,3.0149621779142675,1.0,ELECTRE-III,1
869,0802,0,0,"[37.658674875688426, -103.17532813040604]","[np.float64(39.80394266104254), np.float64(-105.3320988949999)]",2026-06-13 17:14:30,74.93057112380298,1,7.205480184764208,303.13230424136964,23.59522736999847,62.01480502196832,19.703559317166793,3,3,3,529,12,0.315625,21.912934317166794,0.8369489153254024,ELECTRE-III,1
870,0717,0,0,"[37.06027517231444, -103.35367119982425]","[np.float64(40.33709396384561), np.float64(-104.2016485672987)]",2026-06-13 17:14:40,654.052398696909,1,5.858106094484014,371.7171576466097,28.174192107836376,62.53287487051379,0.9618371779142674,3,3,3,1305,14,0.31574074074074077,3.803503844580934,1.0,ELECTRE-III,1
871,0802,0,0,"[37.06027517231444, -103.35367119982425]","[np.float64(39.80394266104254), np.float64(-105.3320988949999)]",2026-06-13 17:14:40,74.93057112380298,1,7.205480184764208,350.3641856641336,26.78681446363149,62.0429863824838,13.703559317166793,3,3,3,529,12,0.31574074074074077,14.019300057907534,0.8369489153254024,ELECTRE-III,1
872,0802,0,0,"[36.4617286198733, -103.52987642003224]","[np.float64(39.80394266104254), np.float64(-105.3320988949999)]",2026-06-13 17:14:50,74.93057112380298,1,7.205480184764208,403.6593184120018,30.1840666580838,62.07114725243176,12.703559317166793,3,3,3,529,12,0.3158564814814815,13.651128761611236,0.8369489153254024,ELECTRE-III,1
873,0178,0,0,"[35.264208628167886, -103.87617384114105]","[np.float64(32.26335503153177), np.float64(-102.2535479307044)]",2026-06-13 17:15:10,714.6281905214267,2,3.388721073942299,365.8262421704489,27.79493190154479,67.40606457915615,0.0,3,3,3,1379,3,0.316087962962963,0.0,0.13750874737578728,ELECTRE-III,1
874,0178,0,0,"[34.66524884928196, -104.04640947601445]","[np.float64(32.26335503153177), np.float64(-102.2535479307044)]",2026-06-13 17:15:20,714.6281905214267,2,3.388721073942299,314.6108509634723,24.386201097849014,67.43963495892676,7.5836180098458055,3,3,3,1379,3,0.3162037037037037,6.31880319503099,0.13750874737578728,ELECTRE-III,1
875,0222,0,0,"[34.66524884928196, -104.04640947601445]","[np.float64(31.90554499096895), np.float64(-106.7358690341176)]",2026-06-13 17:15:20,693.8924961819027,1,7.9473706765317464,395.7679127503495,29.694848260083543,63.86370307934492,0.0,3,3,3,791,3,0.3162037037037037,0.3162037037037037,0.13750874737578728,ELECTRE-III,1
876,0178,0,0,"[34.06616271189639, -104.21480095981194]","[np.float64(32.26335503153177), np.float64(-102.2535479307044)]",2026-06-13 17:15:30,714.6281905214267,2,3.388721073942299,271.1183230501453,21.33861941458958,67.47319167831903,6.5836180098458055,3,3,3,1379,3,0.31631944444444443,7.848895787623583,0.13750874737578728,ELECTRE-III,1
877,0222,0,0,"[34.06616271189639, -104.21480095981194]","[np.float64(31.90554499096895), np.float64(-106.7358690341176)]",2026-06-13 17:15:30,693.8924961819027,1,7.9473706765317464,336.1467280702554,25.84375082140172,63.898243345977676,0.0,3,3,3,791,3,0.31631944444444443,0.6326388888888889,0.13750874737578728,ELECTRE-III,1
878,0178,0,0,"[33.466957046200335, -104.38140976423607]","[np.float64(32.26335503153177), np.float64(-102.2535479307044)]",2026-06-13 17:15:40,714.6281905214267,2,3.388721073942299,239.59168062985532,19.046361875198066,67.50674156752214,2.5836180098458055,3,3,3,1379,3,0.3164351851851852,1.6343124542902498,0.13750874737578728,ELECTRE-III,1
879,0222,0,0,"[33.466957046200335, -104.38140976423607]","[np.float64(31.90554499096895), np.float64(-106.7358690341176)]",2026-06-13 17:15:40,693.8924961819027,1,7.9473706765317464,280.5131230760792,22.008439806742874,63.932783612610436,5.83453777215108,3,3,3,791,3,0.3164351851851852,6.783843327706636,0.13750874737578728,ELECTRE-III,1
880,0178,0,0,"[32.86763185219382, -104.5463041911785]","[np.float64(32.26335503153177), np.float64(-102.2535479307044)]",2026-06-13 17:15:50,714.6281905214267,2,3.388721073942299,225.11557538242897,17.971716468890534,67.54028462653606,4.5836180098458055,3,3,3,1379,3,0.31655092592592593,4.900168935771731,0.13750874737578728,ELECTRE-III,1
881,0222,0,0,"[32.86763185219382, -104.5463041911785]","[np.float64(31.90554499096895), np.float64(-106.7358690341176)]",2026-06-13 17:15:50,693.8924961819027,1,7.9473706765317464,231.75736884512187,18.466450107025878,63.967310218864846,3.83453777215108,3,3,3,791,3,0.31655092592592593,3.83453777215108,0.13750874737578728,ELECTRE-III,1
882,0178,0,0,"[32.26819737516057, -104.70953888215264]","[np.float64(32.26335503153177), np.float64(-102.2535479307044)]",2026-06-13 17:16:00,714.6281905214267,2,3.388721073942299,230.91874909271536,18.404138499438208,67.57381402517166,6.5836180098458055,3,3,3,1379,3,0.31666666666666665,7.216951343179138,0.13750874737578728,ELECTRE-III,1
883,0222,0,0,"[32.26819737516057, -104.70953888215264]","[np.float64(31.90554499096895), np.float64(-106.7358690341176)]",2026-06-13 17:16:00,693.8924961819027,1,7.9473706765317464,195.10840227970928,15.702586124611864,64.00183682511926,0.0,3,3,3,791,3,0.31666666666666665,0.0,0.13750874737578728,ELECTRE-III,1
884,0178,0,0,"[31.668653615100606, -104.87118213905016]","[np.float64(32.26335503153177), np.float64(-102.2535479307044)]",2026-06-13 17:16:10,714.6281905214267,2,3.388721073942299,255.624226910422,20.22049898102554,67.60733659361809,2.5836180098458055,3,3,3,1379,3,0.31678240740740743,3.8507476394754354,0.13750874737578728,ELECTRE-III,1
885,0222,0,0,"[31.668653615100606, -104.87118213905016]","[np.float64(31.90554499096895), np.float64(-106.7358690341176)]",2026-06-13 17:16:10,693.8924961819027,1,7.9473706765317464,178.19993273850963,14.400853421253972,64.03635660118451,1.83453777215108,3,3,3,791,3,0.31678240740740743,4.052014624002933,0.13750874737578728,ELECTRE-III,1
886,0178,0,0,"[31.06900740220309, -105.0312749430061]","[np.float64(32.26335503153177), np.float64(-102.2535479307044)]",2026-06-13 17:16:20,714.6281905214267,2,3.388721073942299,294.51143025444253,22.994816722457823,67.64084550168617,0.5836180098458055,3,3,3,1379,3,0.31689814814814815,0.9005161579939536,0.13750874737578728,ELECTRE-III,1
887,0222,0,0,"[31.06900740220309, -105.0312749430061]","[np.float64(31.90554499096895), np.float64(-106.7358690341176)]",2026-06-13 17:16:20,693.8924961819027,1,7.9473706765317464,186.4842973280066,15.040629188821217,64.07086954706058,3.83453777215108,3,3,3,791,3,0.31689814814814815,3.83453777215108,0.13750874737578728,ELECTRE-III,1
888,0178,0,0,"[30.469258736468028, -105.18989242610131]","[np.float64(32.26335503153177), np.float64(-102.2535479307044)]",2026-06-13 17:16:30,714.6281905214267,2,3.388721073942299,342.7887885784104,26.28623872098284,67.67435440975424,2.5836180098458055,3,3,3,1379,3,0.3170138888888889,0.0,0.13750874737578728,ELECTRE-III,1
889,0222,0,0,"[30.469258736468028, -105.18989242610131]","[np.float64(31.90554499096895), np.float64(-106.7358690341176)]",2026-06-13 17:16:30,693.8924961819027,1,7.9473706765317464,217.09637232093638,17.370673349606413,64.10537566274749,5.83453777215108,3,3,3,791,3,0.3170138888888889,3.298426661039969,0.13750874737578728,ELECTRE-III,1
890,0747,0,0,"[30.469258736468028, -105.18989242610131]","[np.float64(26.87769369263977), np.float64(-105.8612376757188)]",2026-06-13 17:16:30,599.5657084937993,1,6.2051268668549895,404.6960937744483,30.247982719840486,65.53328135025201,6.961837177914267,3,3,3,1215,5,0.3170138888888889,9.497948289025379,0.2722183344996501,ELECTRE-III,1
891,0178,0,0,"[29.869414448084584, -105.34706873928164]","[np.float64(32.26335503153177), np.float64(-102.2535479307044)]",2026-06-13 17:16:40,714.6281905214267,2,3.388721073942299,397.0442121620717,29.77429710702008,67.70784965744399,4.5836180098458055,3,3,3,1379,3,0.31712962962962965,3.315099491327287,0.13750874737578728,ELECTRE-III,1
892,0222,0,0,"[29.869414448084584, -105.34706873928164]","[np.float64(31.90554499096895), np.float64(-106.7358690341176)]",2026-06-13 17:16:40,693.8924961819027,1,7.9473706765317464,262.3349562323117,20.70680568670511,64.13988177843439,6.83453777215108,3,3,3,791,3,0.31712962962962965,4.931759994373302,0.13750874737578728,ELECTRE-III,1
893,0747,0,0,"[29.869414448084584, -105.34706873928164]","[np.float64(26.87769369263977), np.float64(-105.8612376757188)]",2026-06-13 17:16:40,599.5657084937993,1,6.2051268668549895,336.44501466024303,25.8636940431368,65.57039659820187,8.961837177914267,3,3,3,1215,5,0.31712962962962965,8.644707548284638,0.2722183344996501,ELECTRE-III,1
894,0222,0,0,"[29.269481367241927, -105.50286535424962]","[np.float64(31.90554499096895), np.float64(-106.7358690341176)]",2026-06-13 17:16:50,693.8924961819027,1,7.9473706765317464,315.97911968325724,24.479836969014986,64.17438106393213,7.83453777215108,3,3,3,791,3,0.31724537037037037,9.420764624002931,0.13750874737578728,ELECTRE-III,1
895,0747,0,0,"[29.269481367241927, -105.50286535424962]","[np.float64(26.87769369263977), np.float64(-105.8612376757188)]",2026-06-13 17:16:50,599.5657084937993,1,6.2051268668549895,268.26856307397094,21.134215137033028,65.60750501596254,8.961837177914267,3,3,3,1215,5,0.31724537037037037,5.789383474210563,0.2722183344996501,ELECTRE-III,1
896,0222,0,0,"[28.66945949394006, -105.65733008232947]","[np.float64(31.90554499096895), np.float64(-106.7358690341176)]",2026-06-13 17:17:00,693.8924961819027,1,7.9473706765317464,374.43433916596643,28.348226047647568,64.20887351924068,2.83453777215108,3,3,3,791,3,0.3173611111111111,0.2956488832621913,0.13750874737578728,ELECTRE-III,1
897,0747,0,0,"[28.66945949394006, -105.65733008232947]","[np.float64(26.87769369263977), np.float64(-105.8612376757188)]",2026-06-13 17:17:00,599.5657084937993,1,6.2051268668549895,200.24286484680889,16.094669576558353,65.64461343372322,1.9618371779142674,3,3,3,1215,5,0.3173611111111111,0.0,0.2722183344996501,ELECTRE-III,1
898,0118,0,0,"[28.06935053572628, -105.81051073484534]","[np.float64(27.09116414667865), np.float64(-109.4127318698908)]",2026-06-13 17:17:10,56.89199865202195,1,6.123290247086689,371.3006189399701,28.147462806330218,62.51239796338209,14.329019198319429,2,2,2,1488,7,0.31747685185185187,11.789204383504615,0.4688593421973408,ELECTRE-III,1
899,0747,0,0,"[28.06935053572628, -105.81051073484534]","[np.float64(26.87769369263977), np.float64(-105.8612376757188)]",2026-06-13 17:17:10,599.5657084937993,1,6.2051268668549895,132.60084620686257,10.816987792703879,65.6817218514839,10.961837177914267,3,3,3,1215,5,0.31747685185185187,8.1045455112476,0.2722183344996501,ELECTRE-III,1
900,0921,0,0,"[28.06935053572628, -105.81051073484534]","[np.float64(25.65684064861116), np.float64(-103.1691937063162)]",2026-06-13 17:17:10,20.019928561719247,1,5.391883917739318,374.9542124843926,28.38145885592686,68.13653965051067,10.579938960624705,1,1,1,1096,13,0.31747685185185187,10.262462108772853,0.9188243526941917,ELECTRE-III,1
901,0118,0,0,"[27.46916132278975, -105.96244829293228]","[np.float64(27.09116414667865), np.float64(-109.4127318698908)]",2026-06-13 17:17:20,56.89199865202195,1,6.123290247086689,343.55186294325284,26.33685973772592,62.54946540000775,11.329019198319429,2,2,2,1488,7,0.3175925925925926,12.281796976097207,0.4688593421973408,ELECTRE-III,1
902,0747,0,0,"[27.46916132278975, -105.96244829293228]","[np.float64(26.87769369263977), np.float64(-105.8612376757188)]",2026-06-13 17:17:20,599.5657084937993,1,6.2051268668549895,66.52598427186219,5.475572175186381,65.71883026924458,7.961837177914267,3,3,3,1215,5,0.3175925925925926,5.103503844580934,0.2722183344996501,ELECTRE-III,1
903,0921,0,0,"[27.46916132278975, -105.96244829293228]","[np.float64(25.65684064861116), np.float64(-103.1691937063162)]",2026-06-13 17:17:20,20.019928561719247,1,5.391883917739318,343.18392291101486,26.31245676225422,68.17407153999989,10.579938960624705,1,1,1,1096,13,0.3175925925925926,12.167901923587669,0.9188243526941917,ELECTRE-III,1
904,0118,0,0,"[26.868893562677762, -106.11319056791446]","[np.float64(27.09116414667865), np.float64(-109.4127318698908)]",2026-06-13 17:17:30,56.89199865202195,1,6.123290247086689,327.88505396105984,25.288713271020697,62.58653283663341,15.329019198319429,2,2,2,1488,7,0.3177083333333333,18.18839419831943,0.4688593421973408,ELECTRE-III,1
905,0747,0,0,"[26.868893562677762, -106.11319056791446]","[np.float64(26.87769369263977), np.float64(-105.8612376757188)]",2026-06-13 17:17:30,599.5657084937993,1,6.2051268668549895,25.009582629515563,2.0638670244349826,65.75593868700525,4.961837177914267,3,3,3,1215,5,0.3177083333333333,4.644128844580934,0.2722183344996501,ELECTRE-III,1
906,0921,0,0,"[26.868893562677762, -106.11319056791446]","[np.float64(25.65684064861116), np.float64(-103.1691937063162)]",2026-06-13 17:17:30,20.019928561719247,1,5.391883917739318,323.010519380887,24.958823881081635,68.21161025967828,11.579938960624705,1,1,1,1096,13,0.3177083333333333,11.89764729395804,0.9188243526941917,ELECTRE-III,1
907,0118,0,0,"[26.268550670484906, -106.2627785409269]","[np.float64(27.09116414667865), np.float64(-109.4127318698908)]",2026-06-13 17:17:40,56.89199865202195,1,6.123290247086689,326.0479349377902,25.164593468354738,62.623607103448236,7.329019198319429,2,2,2,1488,7,0.3178240740740741,8.282491420541652,0.4688593421973408,ELECTRE-III,1
908,0747,0,0,"[26.268550670484906, -106.2627785409269]","[np.float64(26.87769369263977), np.float64(-105.8612376757188)]",2026-06-13 17:17:40,599.5657084937993,1,6.2051268668549895,78.62859595124277,6.463915702690637,65.79304710476593,9.961837177914267,3,3,3,1215,5,0.3178240740740741,7.101420511247601,0.2722183344996501,ELECTRE-III,1
909,0921,0,0,"[26.268550670484906, -106.2627785409269]","[np.float64(25.65684064861116), np.float64(-103.1691937063162)]",2026-06-13 17:17:40,20.019928561719247,1,5.391883917739318,316.6574911487208,24.526208947561603,68.2491421491675,6.579938960624705,1,1,1,1096,13,0.3178240740740741,9.440355627291371,0.9188243526941917,ELECTRE-III,1
910,0118,0,0,"[25.668136061305766, -106.41125319310464]","[np.float64(27.09116414667865), np.float64(-109.4127318698908)]",2026-06-13 17:17:50,56.89199865202195,1,6.123290247086689,338.2670727515595,25.985369377565227,62.6606745400739,9.329019198319429,2,2,2,1488,7,0.3179398148148148,7.739320124245355,0.4688593421973408,ELECTRE-III,1
911,0747,0,0,"[25.668136061305766, -106.41125319310464]","[np.float64(26.87769369263977), np.float64(-105.8612376757188)]",2026-06-13 17:17:50,599.5657084937993,1,6.2051268668549895,145.24719384243073,11.820806541062572,65.83015552252661,8.961837177914267,3,3,3,1215,5,0.3179398148148148,11.505355696432787,0.2722183344996501,ELECTRE-III,1
912,0921,0,0,"[25.668136061305766, -106.41125319310464]","[np.float64(25.65684064861116), np.float64(-103.1691937063162)]",2026-06-13 17:17:50,20.019928561719247,1,5.391883917739318,324.935812923545,25.08933301938523,68.28667403865673,6.579938960624705,1,1,1,1096,13,0.3179398148148148,4.354360256921002,0.9188243526941917,ELECTRE-III,1
913,0118,0,0,"[25.067653150234925, -106.55865550558269]","[np.float64(27.09116414667865), np.float64(-109.4127318698908)]",2026-06-13 17:18:00,56.89199865202195,1,6.123290247086689,363.12716996731524,27.62027356815491,62.69774197669956,10.329019198319429,2,2,2,1488,7,0.31805555555555554,13.19151919831943,0.4688593421973408,ELECTRE-III,1
914,0747,0,0,"[25.067653150234925, -106.55865550558269]","[np.float64(26.87769369263977), np.float64(-105.8612376757188)]",2026-06-13 17:18:00,599.5657084937993,1,6.2051268668549895,212.99866591924078,17.062009474444924,65.86725711009812,10.961837177914267,3,3,3,1215,5,0.31805555555555554,8.417392733469823,0.2722183344996501,ELECTRE-III,1
915,0921,0,0,"[25.067653150234925, -106.55865550558269]","[np.float64(25.65684064861116), np.float64(-103.1691937063162)]",2026-06-13 17:18:00,20.019928561719247,1,5.391883917739318,346.79871571821405,26.55175541023524,68.32420592814594,11.579938960624705,1,1,1,1096,13,0.31805555555555554,9.671605627291372,0.9188243526941917,ELECTRE-III,1
916,0118,0,0,"[24.467105352366968, -106.70502645949607]","[np.float64(27.09116414667865), np.float64(-109.4127318698908)]",2026-06-13 17:18:10,56.89199865202195,1,6.123290247086689,398.26874740065904,29.85040536374031,62.734809413325216,12.329019198319429,2,2,2,1488,7,0.3181712962962963,11.37450530943054,0.4688593421973408,ELECTRE-III,1
917,0747,0,0,"[24.467105352366968, -106.70502645949607]","[np.float64(26.87769369263977), np.float64(-105.8612376757188)]",2026-06-13 17:18:10,599.5657084937993,1,6.2051268668549895,281.06506096959913,22.047597160744132,65.9043655278588,7.961837177914267,3,3,3,1215,5,0.3181712962962963,7.643665881617971,0.2722183344996501,ELECTRE-III,1
918,0771,0,0,"[24.467105352366968, -106.70502645949607]","[np.float64(21.39224816169694), np.float64(-105.0597606537757)]",2026-06-13 17:18:10,423.33516291326924,1,4.097507899337242,381.15588712817015,28.776293815559182,66.32865004891083,12.954479079472067,4,4,3,985,8,0.3181712962962963,13.908992968360955,0.5290412876137159,ELECTRE-III,1
919,0921,0,0,"[24.467105352366968, -106.70502645949607]","[np.float64(25.65684064861116), np.float64(-103.1691937063162)]",2026-06-13 17:18:10,20.019928561719247,1,5.391883917739318,379.9076528770913,28.697062217816992,68.36174464782434,5.579938960624705,1,1,1,1096,13,0.3181712962962963,6.216281553217298,0.9188243526941917,ELECTRE-III,1
920,0747,0,0,"[23.8664926677019, -106.85040703597979]","[np.float64(26.87769369263977), np.float64(-105.8612376757188)]",2026-06-13 17:18:20,599.5657084937993,1,6.2051268668549895,349.2627426082398,26.71430356723125,65.94146711543031,4.961837177914267,3,3,3,1215,5,0.31828703703703703,6.87155940013649,0.2722183344996501,ELECTRE-III,1
921,0771,0,0,"[23.8664926677019, -106.85040703597979]","[np.float64(21.39224816169694), np.float64(-105.0597606537757)]",2026-06-13 17:18:20,423.33516291326924,1,4.097507899337242,330.8482999069593,25.48838220405297,66.3669195988304,13.954479079472067,4,4,3,985,8,0.31828703703703703,12.681330931323918,0.5290412876137159,ELECTRE-III,1
922,0771,0,0,"[23.26582021888159, -106.99481772560137]","[np.float64(21.39224816169694), np.float64(-105.0597606537757)]",2026-06-13 17:18:30,423.33516291326924,1,4.097507899337242,288.116733953686,22.54596680857213,66.40518914874998,10.954479079472067,4,4,3,985,8,0.31840277777777776,11.9096874128054,0.5290412876137159,ELECTRE-III,1
923,0771,0,0,"[22.665089713453334, -107.13831316987417]","[np.float64(21.39224816169694), np.float64(-105.0597606537757)]",2026-06-13 17:18:40,423.33516291326924,1,4.097507899337242,256.7725217602115,20.30393065747577,66.4434518684804,9.954479079472067,4,4,3,985,8,0.31851851851851853,8.043367968360956,0.5290412876137159,ELECTRE-III,1
924,0771,0,0,"[22.06430456651172, -107.28091385936568]","[np.float64(21.39224816169694), np.float64(-105.0597606537757)]",2026-06-13 17:18:50,423.33516291326924,1,4.097507899337242,241.29301319399775,19.171768707757327,66.48172141839999,16.954479079472065,4,4,3,985,8,0.31863425925925926,19.8221874128054,0.5290412876137159,ELECTRE-III,1
925,0771,0,0,"[21.46346648560404, -107.42266760540014]","[np.float64(21.39224816169694), np.float64(-105.0597606537757)]",2026-06-13 17:19:00,423.33516291326924,1,4.097507899337242,244.70818442982548,19.422928197540596,66.51999096831956,10.954479079472067,4,4,3,985,8,0.31875,8.085729079472067,0.5290412876137159,ELECTRE-III,1
926,0771,0,0,"[20.862577178277583, -107.56358806835584]","[np.float64(21.39224816169694), np.float64(-105.0597606537757)]",2026-06-13 17:19:10,423.33516291326924,1,4.097507899337242,266.2896033109719,20.99193783695118,66.55826051823914,8.954479079472067,4,4,3,985,8,0.31886574074074076,11.505405005397993,0.5290412876137159,ELECTRE-III,1
927,0771,0,0,"[20.26164176717423, -107.70372305955699]","[np.float64(21.39224816169694), np.float64(-105.0597606537757)]",2026-06-13 17:19:20,423.33516291326924,1,4.097507899337242,302.17025303219845,23.528493166070053,66.59653006815873,9.954479079472067,4,4,3,985,8,0.3189814814814815,11.868367968360957,0.5290412876137159,ELECTRE-III,1
928,0771,0,0,"[19.660658544746685, -107.8430930695711]","[np.float64(21.39224816169694), np.float64(-105.0597606537757)]",2026-06-13 17:19:30,423.33516291326924,1,4.097507899337242,347.953032585465,26.627961546099478,66.6347996180783,9.954479079472067,4,4,3,985,8,0.3190972222222222,10.592673523916512,0.5290412876137159,ELECTRE-III,1
929,0771,0,0,"[19.05963434118412, -107.98173224934402]","[np.float64(21.39224816169694), np.float64(-105.0597606537757)]",2026-06-13 17:19:40,423.33516291326924,1,4.097507899337242,400.2537928761301,29.973535302761068,66.6730691679979,16.954479079472065,4,4,3,985,8,0.319212962962963,15.35841426465725,0.5290412876137159,ELECTRE-III,1
930,0076,0,0,"[58.97563038850111, 37.58919819145106]","[np.float64(61.88599621454934), np.float64(34.29573543686479)]",2026-06-13 18:30:50,353.2095801002427,1,4.324062437948207,370.55199375523927,28.09938995003067,3.557543729675692,7.958158128693167,4,4,3,1055,5,0.36863425925925924,5.377718313878352,0.2722183344996501,ELECTRE-III,1
931,0076,0,0,"[59.55998039275238, 37.2167855420507]","[np.float64(61.88599621454934), np.float64(34.29573543686479)]",2026-06-13 18:31:00,353.2095801002427,1,4.324062437948207,303.4553884734332,23.617623407601936,3.5446568702591703,5.958158128693167,4,4,3,1055,5,0.36875,7.801908128693167,0.2722183344996501,ELECTRE-III,1
932,0076,0,0,"[60.1434766233574, 36.8326966842642]","[np.float64(61.88599621454934), np.float64(34.29573543686479)]",2026-06-13 18:31:10,353.2095801002427,1,4.324062437948207,237.090423530481,18.861647414324135,3.531781323343462,6.958158128693167,4,4,3,1055,5,0.36886574074074074,9.17135257313761,0.2722183344996501,ELECTRE-III,1
933,0076,0,0,"[60.72605760861364, 36.43624518407998]","[np.float64(61.88599621454934), np.float64(34.29573543686479)]",2026-06-13 18:31:20,353.2095801002427,1,4.324062437948207,172.30522658572787,13.943369211165034,3.5189166620417427,9.958158128693167,4,4,3,1055,5,0.36898148148148147,6.268343313878352,0.2722183344996501,ELECTRE-III,1
934,0076,0,0,"[61.3076755371969, 36.02669338106767]","[np.float64(61.88599621454934), np.float64(34.29573543686479)]",2026-06-13 18:31:30,353.2095801002427,1,4.324062437948207,111.87615765440785,9.157573268777838,3.5060628863540133,4.958158128693167,4,4,3,1055,5,0.36909722222222224,8.280033128693168,0.2722183344996501,ELECTRE-III,1
935,0172,1,0,"[61.3076755371969, 36.02669338106767]","[np.float64(64.37631688325476), np.float64(40.37562777966092)]",2026-06-13 18:31:30,235.60121309838533,1,3.4670744911642775,406.18667649701183,30.339729976509087,3.6129933397919713,0.0,3,3,3,995,6,0.36909722222222224,1.476388888888889,0.37508747375787266,ELECTRE-III,1
936,0076,0,0,"[61.888255277026325, 35.60324897328356]","[np.float64(61.88599621454934), np.float64(34.29573543686479)]",2026-06-13 18:31:40,353.2095801002427,1,4.324062437948207,68.50810289126206,5.637679028314002,3.4932202097236855,11.958158128693167,4,4,3,1055,5,0.36921296296296297,12.696584054619093,0.2722183344996501,ELECTRE-III,1
937,0172,1,0,"[61.888255277026325, 35.60324897328356]","[np.float64(64.37631688325476), np.float64(40.37562777966092)]",2026-06-13 18:31:40,235.60121309838533,1,3.4670744911642775,365.9447890593265,27.802590308020388,3.602387336671411,0.0,3,3,3,995,6,0.36921296296296297,2.2152777777777777,0.37508747375787266,ELECTRE-III,1
938,0076,0,0,"[62.46774901677772, 35.16505135689223]","[np.float64(61.88599621454934), np.float64(34.29573543686479)]",2026-06-13 18:31:50,353.2095801002427,1,4.324062437948207,78.86611924592039,6.483276063244371,3.4803886321507584,8.958158128693167,4,4,3,1055,5,0.3693287037037037,6.372857202767241,0.2722183344996501,ELECTRE-III,1
939,0172,1,0,"[62.46774901677772, 35.16505135689223]","[np.float64(64.37631688325476), np.float64(40.37562777966092)]",2026-06-13 18:31:50,235.60121309838533,1,3.4670744911642775,334.8436397315737,25.756548430716244,3.5917920057214285,0.0,3,3,3,995,6,0.3693287037037037,1.8466435185185184,0.37508747375787266,ELECTRE-III,1
940,0076,0,0,"[63.04607479418104, 34.71117504126113]","[np.float64(61.88599621454934), np.float64(34.29573543686479)]",2026-06-13 18:32:00,353.2095801002427,1,4.324062437948207,130.74996240504134,10.669490934891787,3.4675679401918216,8.958158128693167,4,4,3,1055,5,0.36944444444444446,10.435935906470945,0.2722183344996501,ELECTRE-III,1
941,0172,1,0,"[63.04607479418104, 34.71117504126113]","[np.float64(64.37631688325476), np.float64(40.37562777966092)]",2026-06-13 18:32:00,235.60121309838533,1,3.4670744911642775,315.59744854392534,24.453731735123714,3.581206493168378,2.9618371779142674,3,3,3,995,6,0.36944444444444446,2.2229482890253784,0.37508747375787266,ELECTRE-III,1
941,0172,1,0,"[63.04607479418104, 34.71117504126113]","[np.float64(64.37631688325476), np.float64(40.37562777966092)]",2026-06-13 18:32:00,235.60121309838533,1,3.4670744911642775,315.59744854392534,24.453731735123714,3.581206493168378,2.9618371779142674,3,3,3,995,6,0.36944444444444446,2.2229482890253784,0.37508747375787266,ELECTRE-III,1
942,0076,0,0,"[63.62315747715542, 34.24061940367685]","[np.float64(61.88599621454934), np.float64(34.29573543686479)]",2026-06-13 18:32:10,353.2095801002427,1,4.324062437948207,193.18414818716812,15.555252473627647,3.4547585607336972,12.958158128693167,4,4,3,1055,5,0.3695601851851852,14.805959054619093,0.2722183344996501,ELECTRE-III,1
943,0172,1,0,"[63.62315747715542, 34.24061940367685]","[np.float64(64.37631688325476), np.float64(40.37562777966092)]",2026-06-13 18:32:10,235.60121309838533,1,3.4670744911642775,310.4178771335112,24.098395359952086,3.570631652785906,0.9618371779142674,3,3,3,995,6,0.3695601851851852,4.287878844580934,0.37508747375787266,ELECTRE-III,1
943,0172,1,0,"[63.62315747715542, 34.24061940367685]","[np.float64(64.37631688325476), np.float64(40.37562777966092)]",2026-06-13 18:32:10,235.60121309838533,1,3.4670744911642775,310.4178771335112,24.098395359952086,3.570631652785906,0.9618371779142674,3,3,3,995,6,0.3695601851851852,4.287878844580934,0.37508747375787266,ELECTRE-III,1
944,0076,0,0,"[64.19890827324164, 33.75229502896679]","[np.float64(61.88599621454934), np.float64(34.29573543686479)]",2026-06-13 18:32:20,353.2095801002427,1,4.324062437948207,258.6367583844965,20.43918919132458,3.4419600668895627,12.958158128693167,4,4,3,1055,5,0.3696759259259259,15.545889610174648,0.2722183344996501,ELECTRE-III,1
945,0172,1,0,"[64.19890827324164, 33.75229502896679]","[np.float64(64.37631688325476), np.float64(40.37562777966092)]",2026-06-13 18:32:20,235.60121309838533,1,3.4670744911642775,319.9880319813773,24.75338047108131,3.5600670576871885,0.0,3,3,3,995,6,0.3696759259259259,0.7393518518518518,0.37508747375787266,ELECTRE-III,1
946,0076,0,0,"[64.77324522016967, 33.24503395478287]","[np.float64(61.88599621454934), np.float64(34.29573543686479)]",2026-06-13 18:32:30,353.2095801002427,1,4.324062437948207,325.2910555037451,25.113383370616297,3.429172885546241,3.9581581286931673,4,4,3,1055,5,0.3697916666666667,4.6977414620265,0.2722183344996501,ELECTRE-III,1
947,0172,1,0,"[64.77324522016967, 33.24503395478287]","[np.float64(64.37631688325476), np.float64(40.37562777966092)]",2026-06-13 18:32:30,235.60121309838533,1,3.4670744911642775,343.0742991525025,26.30518417081882,3.5495127078722266,1.9618371779142674,3,3,3,995,6,0.3697916666666667,4.180587177914267,0.37508747375787266,ELECTRE-III,1
948,0076,0,0,"[65.3460590349128, 32.717552105561126]","[np.float64(61.88599621454934), np.float64(34.29573543686479)]",2026-06-13 18:32:40,353.2095801002427,1,4.324062437948207,392.53420150177413,29.49298838908992,3.4163965898169093,5.958158128693167,4,4,3,1055,5,0.3699074074074074,8.917417387952426,0.2722183344996501,ELECTRE-III,1
949,0172,1,0,"[65.3460590349128, 32.717552105561126]","[np.float64(64.37631688325476), np.float64(40.37562777966092)]",2026-06-13 18:32:40,235.60121309838533,1,3.4670744911642775,377.2025417386238,28.524943190164986,3.5389690302278423,5.961837177914267,3,3,3,995,6,0.3699074074074074,3.002577918655008,0.37508747375787266,ELECTRE-III,1
950,0981,0,0,"[52.938426181126836, -122.20795761115923]","[np.float64(49.5315546699447), np.float64(-123.4898797386901)]",2026-06-13 18:49:00,487.70458351315483,1,6.584520697947984,389.1816211492756,29.28285548778852,58.86982392806844,13.209077890998444,3,3,3,1122,11,0.38125,16.259077890998444,0.7655703289013296,ELECTRE-III,1
951,0981,0,0,"[52.347000100895436, -122.48421144232957]","[np.float64(49.5315546699447), np.float64(-123.4898797386901)]",2026-06-13 18:49:10,487.70458351315483,1,6.584520697947984,320.8873791847723,24.81458188530278,58.88724091045197,8.209077890998444,3,3,3,1122,11,0.38136574074074076,5.920883446553999,0.7655703289013296,ELECTRE-III,1
952,0981,0,0,"[51.75512322817881, -122.75426346173353]","[np.float64(49.5315546699447), np.float64(-123.4898797386901)]",2026-06-13 18:49:20,487.70458351315483,1,6.584520697947984,252.6287026546901,20.002431952508736,58.904637402267994,7.209077890998444,3,3,3,1122,11,0.3814814814814815,9.497966779887332,0.7655703289013296,ELECTRE-III,1
953,0981,0,0,"[51.16282288373365, -123.0184141976946]","[np.float64(49.5315546699447), np.float64(-123.4898797386901)]",2026-06-13 18:49:30,487.70458351315483,1,6.584520697947984,184.4470885155312,14.883650925603575,58.92201340351651,8.209077890998444,3,3,3,1122,11,0.3815972222222222,7.8274806687762215,0.7655703289013296,ELECTRE-III,1
954,0159,0,0,"[50.57011272793828, -123.2769095370229]","[np.float64(47.46773403328909), np.float64(-121.9569001150466)]",2026-06-13 18:49:40,901.5761038885463,2,4.913959253639478,358.131328171419,27.295515787253375,61.174671263489245,10.583618009845805,3,3,3,526,13,0.381712962962963,7.911627269105065,0.9188243526941917,ELECTRE-III,1
955,0981,0,0,"[50.57011272793828, -123.2769095370229]","[np.float64(49.5315546699447), np.float64(-123.4898797386901)]",2026-06-13 18:49:40,487.70458351315483,1,6.584520697947984,116.47920601168057,9.52757899744563,58.939362084008344,9.209077890998444,3,3,3,1122,11,0.381712962962963,6.537087150257703,0.7655703289013296,ELECTRE-III,1
956,0159,0,0,"[49.9770166664548, -123.53002268728524]","[np.float64(47.46773403328909), np.float64(-121.9569001150466)]",2026-06-13 18:49:50,901.5761038885463,2,4.913959253639478,301.9238621727332,23.511390972872878,61.19263466100638,12.583618009845805,3,3,3,526,13,0.3818287037037037,11.05630319503099,0.9188243526941917,ELECTRE-III,1
957,0981,0,0,"[49.9770166664548, -123.53002268728524]","[np.float64(49.5315546699447), np.float64(-123.4898797386901)]",2026-06-13 18:49:50,487.70458351315483,1,6.584520697947984,49.61706034941698,4.089364942101999,58.95668344374349,5.209077890998444,3,3,3,1122,11,0.3818287037037037,2.154448261368814,0.7655703289013296,ELECTRE-III,1
958,0159,0,0,"[49.38354835966157, -123.77797221453504]","[np.float64(47.46773403328909), np.float64(-121.9569001150466)]",2026-06-13 18:50:00,901.5761038885463,2,4.913959253639478,251.85053903137495,19.945684194368972,61.21057073776683,6.5836180098458055,3,3,3,526,13,0.3819444444444444,3.9100068987346948,0.9188243526941917,ELECTRE-III,1
959,0981,0,0,"[49.38354835966157, -123.77797221453504]","[np.float64(49.5315546699447), np.float64(-123.4898797386901)]",2026-06-13 18:50:00,487.70458351315483,1,6.584520697947984,26.54124066062377,2.1901445733384057,58.973984312911135,9.209077890998444,3,3,3,1122,11,0.3819444444444444,8.445189002109554,0.7655703289013296,ELECTRE-III,1
960,0159,0,0,"[48.78972488303149, -124.02100400558243]","[np.float64(47.46773403328909), np.float64(-121.9569001150466)]",2026-06-13 18:50:10,901.5761038885463,2,4.913959253639478,212.29873384171736,17.00918362549895,61.22847949377061,11.583618009845805,3,3,3,526,13,0.3820601851851852,12.72979856540136,0.9188243526941917,ELECTRE-III,1
961,0981,0,0,"[48.78972488303149, -124.02100400558243]","[np.float64(49.5315546699447), np.float64(-123.4898797386901)]",2026-06-13 18:50:10,487.70458351315483,1,6.584520697947984,91.08066684246906,7.476775722509319,58.9912578613221,12.209077890998444,3,3,3,1122,11,0.3820601851851852,15.64761955766511,0.7655703289013296,ELECTRE-III,1
962,0095,0,0,"[48.19556672713208, -124.25932296610252]","[np.float64(44.92658566264259), np.float64(-123.0066149884628)]",2026-06-13 18:50:20,774.6372998753174,2,4.353321371612167,375.8862637245078,28.440987948727283,62.654445407550845,13.579938960624705,3,3,3,603,2,0.3821759259259259,10.904707479143223,0.061931420573827854,ELECTRE-III,1
963,0159,0,0,"[48.19556672713208, -124.25932296610252]","[np.float64(47.46773403328909), np.float64(-121.9569001150466)]",2026-06-13 18:50:20,901.5761038885463,2,4.913959253639478,189.95897895822392,15.307839198398288,61.24636775920687,10.583618009845805,3,3,3,526,13,0.3821759259259259,10.965793935771732,0.9188243526941917,ELECTRE-III,1
964,0981,0,0,"[48.19556672713208, -124.25932296610252]","[np.float64(49.5315546699447), np.float64(-123.4898797386901)]",2026-06-13 18:50:20,487.70458351315483,1,6.584520697947984,158.85820721459697,12.893017406131335,59.00851091916555,13.209077890998444,3,3,3,1122,11,0.3821759259259259,11.68037418729474,0.7655703289013296,ELECTRE-III,1
965,0095,0,0,"[47.60108072215251, -124.49312034139206]","[np.float64(44.92658566264259), np.float64(-123.0066149884628)]",2026-06-13 18:50:30,774.6372998753174,2,4.353321371612167,318.57334996635706,24.656987946223502,62.67504525808761,8.579938960624705,3,3,3,603,2,0.38229166666666664,9.726813960624705,0.061931420573827854,ELECTRE-III,1
966,0159,0,0,"[47.60108072215251, -124.49312034139206]","[np.float64(47.46773403328909), np.float64(-121.9569001150466)]",2026-06-13 18:50:30,901.5761038885463,2,4.913959253639478,190.96966497109818,15.385435635629216,61.26422187369728,13.583618009845805,3,3,3,526,13,0.38229166666666664,13.201326343179138,0.9188243526941917,ELECTRE-III,1
967,0981,0,0,"[47.60108072215251, -124.49312034139206]","[np.float64(49.5315546699447), np.float64(-123.4898797386901)]",2026-06-13 18:50:30,487.70458351315483,1,6.584520697947984,226.99273392347624,18.11182690073109,59.02574348644149,9.209077890998444,3,3,3,1122,11,0.38229166666666664,8.826786224331777,0.7655703289013296,ELECTRE-III,1
968,0095,0,0,"[47.00629077375488, -124.72260103712614]","[np.float64(44.92658566264259), np.float64(-123.0066149884628)]",2026-06-13 18:50:40,774.6372998753174,2,4.353321371612167,266.5693368740335,21.01206578757103,62.695624618056854,14.579938960624705,3,3,3,603,2,0.3824074074074074,15.34475377543952,0.061931420573827854,ELECTRE-III,1
969,0159,0,0,"[47.00629077375488, -124.72260103712614]","[np.float64(47.46773403328909), np.float64(-121.9569001150466)]",2026-06-13 18:50:40,901.5761038885463,2,4.913959253639478,215.00320504563783,17.213132157447877,61.282055497620185,11.583618009845805,3,3,3,526,13,0.3824074074074074,11.966025417253213,0.9188243526941917,ELECTRE-III,1
970,0981,0,0,"[47.00629077375488, -124.72260103712614]","[np.float64(49.5315546699447), np.float64(-123.4898797386901)]",2026-06-13 18:50:40,487.70458351315483,1,6.584520697947984,295.2373666628115,23.04558399251694,59.04294190277159,12.209077890998444,3,3,3,1122,11,0.3824074074074074,12.973892705813258,0.7655703289013296,ELECTRE-III,1
971,0095,0,0,"[46.41120029703376, -124.94795629860154]","[np.float64(44.92658566264259), np.float64(-123.0066149884628)]",2026-06-13 18:50:50,774.6372998753174,2,4.353321371612167,223.60920492814336,17.859120460333312,62.71616982708025,9.579938960624705,3,3,3,603,2,0.38252314814814814,9.579938960624705,0.061931420573827854,ELECTRE-III,1
972,0159,0,0,"[46.41120029703376, -124.94795629860154]","[np.float64(47.46773403328909), np.float64(-121.9569001150466)]",2026-06-13 18:50:50,901.5761038885463,2,4.913959253639478,255.64803025989872,20.222229371436324,61.29985497059724,9.583618009845805,3,3,3,526,13,0.38252314814814814,12.261280046882842,0.9188243526941917,ELECTRE-III,1
973,0981,0,0,"[46.41120029703376, -124.94795629860154]","[np.float64(49.5315546699447), np.float64(-123.4898797386901)]",2026-06-13 18:50:50,487.70458351315483,1,6.584520697947984,363.5316488209595,27.646483219690122,59.060126658723334,13.209077890998444,3,3,3,1122,11,0.38252314814814814,13.209077890998444,0.7655703289013296,ELECTRE-III,1
974,0095,0,0,"[45.81582978255667, -125.16933638997999]","[np.float64(44.92658566264259), np.float64(-123.0066149884628)]",2026-06-13 18:51:00,774.6372998753174,2,4.353321371612167,195.7414523738942,15.751010208072808,62.73669454553614,14.579938960624705,3,3,3,603,2,0.38263888888888886,11.901466738402483,0.061931420573827854,ELECTRE-III,1
975,0159,0,0,"[45.81582978255667, -125.16933638997999]","[np.float64(47.46773403328909), np.float64(-121.9569001150466)]",2026-06-13 18:51:00,901.5761038885463,2,4.913959253639478,306.36155314207184,23.81873291411494,61.31763395300678,7.5836180098458055,3,3,3,526,13,0.38263888888888886,3.757229120956917,0.9188243526941917,ELECTRE-III,1
976,0095,0,0,"[45.22018947560737, -125.38690523580158]","[np.float64(44.92658566264259), np.float64(-123.0066149884628)]",2026-06-13 18:51:10,774.6372998753174,2,4.353321371612167,189.73701801430244,15.290790205328806,62.75719194323535,12.579938960624705,3,3,3,603,2,0.38275462962962964,10.666165812476557,0.061931420573827854,ELECTRE-III,1
977,0159,0,0,"[45.22018947560737, -125.38690523580158]","[np.float64(47.46773403328909), np.float64(-121.9569001150466)]",2026-06-13 18:51:10,901.5761038885463,2,4.913959253639478,362.94756138358906,27.60863116397551,61.33538561465964,7.5836180098458055,3,3,3,526,13,0.38275462962962964,7.5836180098458055,0.9188243526941917,ELECTRE-III,1
978,0095,0,0,"[44.62428962146961, -125.60082676060638]","[np.float64(44.92658566264259), np.float64(-123.0066149884628)]",2026-06-13 18:51:20,774.6372998753174,2,4.353321371612167,207.50350618435888,16.646475851440776,62.77766885036705,9.579938960624705,3,3,3,603,2,0.38287037037037036,11.111420442106187,0.061931420573827854,ELECTRE-III,1
979,0095,0,0,"[44.02813705033255, -125.81125122855613]","[np.float64(44.92658566264259), np.float64(-123.0066149884628)]",2026-06-13 18:51:30,774.6372998753174,2,4.353321371612167,243.90123465575556,19.363652881933653,62.798111606552894,12.579938960624705,3,3,3,603,2,0.38298611111111114,12.196952849513595,0.061931420573827854,ELECTRE-III,1
980,0095,0,0,"[43.43174883766913, -126.0183015830559]","[np.float64(44.92658566264259), np.float64(-123.0066149884628)]",2026-06-13 18:51:40,774.6372998753174,2,4.353321371612167,292.0443996135252,22.8220033160224,62.81853387217123,15.579938960624705,3,3,3,603,2,0.38310185185185186,15.963040812476557,0.061931420573827854,ELECTRE-III,1
981,0095,0,0,"[42.83513522876311, -126.22212808826743]","[np.float64(44.92658566264259), np.float64(-123.0066149884628)]",2026-06-13 18:51:50,774.6372998753174,2,4.353321371612167,347.0801915336503,26.570347343145905,62.838928817032894,13.579938960624705,3,3,3,603,2,0.3832175925925926,14.729591738402483,0.061931420573827854,ELECTRE-III,1
982,0095,0,0,"[42.23829963870905, -126.42285368759575]","[np.float64(44.92658566264259), np.float64(-123.0066149884628)]",2026-06-13 18:52:00,774.6372998753174,2,4.353321371612167,406.21701292193836,30.341595439612654,62.85929644113787,14.579938960624705,3,3,3,603,2,0.38333333333333336,12.279938960624705,0.061931420573827854,ELECTRE-III,1
983,0908,0,0,"[55.06365661684923, 15.1204969072031]","[np.float64(56.85498003448757), np.float64(10.09099112855863)]",2026-06-13 20:08:30,126.91199263812258,1,7.6219022890157735,370.9163050545347,28.12278953222287,0.1341114180236483,14.209077890998444,3,3,3,1319,6,0.43645833333333334,17.264286224331777,0.37508747375787266,ELECTRE-III,1
984,0908,0,0,"[55.65265114973611, 14.811545252928621]","[np.float64(56.85498003448757), np.float64(10.09099112855863)]",2026-06-13 20:08:40,126.91199263812258,1,7.6219022890157735,320.6896567165311,24.80113186486665,0.12118080270775633,9.209077890998444,3,3,3,1319,6,0.43657407407407406,5.716485298405852,0.37508747375787266,ELECTRE-III,1
985,0908,0,0,"[56.241054871259784, 14.494431522595976]","[np.float64(56.85498003448757), np.float64(10.09099112855863)]",2026-06-13 20:08:50,126.91199263812258,1,7.6219022890157735,278.3530231069117,21.85498309320678,0.10827433984790404,11.209077890998444,3,3,3,1319,6,0.43668981481481484,8.588939002109555,0.37508747375787266,ELECTRE-III,1
986,0908,0,0,"[56.82883021537982, 14.168722852966518]","[np.float64(56.85498003448757), np.float64(10.09099112855863)]",2026-06-13 20:09:00,126.91199263812258,1,7.6219022890157735,247.980939387753,19.662887870128266,0.09539206279462446,12.209077890998444,3,3,3,1319,6,0.43680555555555556,14.829911224331777,0.37508747375787266,ELECTRE-III,1
987,0908,0,0,"[57.415943031150356, 13.83395991381856]","[np.float64(56.85498003448757), np.float64(10.09099112855863)]",2026-06-13 20:09:10,126.91199263812258,1,7.6219022890157735,234.27361886896995,18.653142134799655,0.08253402490877051,7.209077890998444,3,3,3,1319,6,0.4369212962962963,10.704448261368814,0.37508747375787266,ELECTRE-III,1
988,0908,0,0,"[58.00236258272014, 13.489649223984571]","[np.float64(56.85498003448757), np.float64(10.09099112855863)]",2026-06-13 20:09:20,126.91199263812258,1,7.6219022890157735,240.10230231583913,19.084020252798638,0.06970027288108845,13.209077890998444,3,3,3,1319,6,0.43703703703703706,13.64611492803548,0.37508747375787266,ELECTRE-III,1
989,0908,0,0,"[58.5880376436704, 13.13526229757752]","[np.float64(56.85498003448757), np.float64(10.09099112855863)]",2026-06-13 20:09:30,126.91199263812258,1,7.6219022890157735,264.17625869920903,20.83969902312702,0.05689084673221795,13.209077890998444,3,3,3,1319,6,0.4371527777777778,12.334772335442889,0.37508747375787266,ELECTRE-III,1
990,0908,0,0,"[59.172934063055266, 12.770233082669943]","[np.float64(56.85498003448757), np.float64(10.09099112855863)]",2026-06-13 20:09:40,126.91199263812258,1,7.6219022890157735,302.1657251065457,23.52817891908895,0.044105793152905276,5.209077890998444,3,3,3,1319,6,0.4372685185185185,8.269957520628074,0.37508747375787266,ELECTRE-III,1
991,0908,0,0,"[59.757004029550565, 12.393952838652064]","[np.float64(56.85498003448757), np.float64(10.09099112855863)]",2026-06-13 20:09:50,126.91199263812258,1,7.6219022890157735,349.5625787543763,26.734051733704614,0.031345155498843424,9.209077890998444,3,3,3,1319,6,0.4373842592592593,6.147388076183629,0.37508747375787266,ELECTRE-III,1
992,0668,0,0,"[60.34019973183211, 12.005770990005436]","[np.float64(60.38358141677607), np.float64(5.086849104259948)]",2026-06-13 20:10:00,466.7906703753182,1,4.5849181289518635,380.31490477740874,28.7229257144805,3.993043421344875,5.710917415608993,2,2,2,998,11,0.4375,3.960917415608993,0.7655703289013296,ELECTRE-III,1
993,0908,0,0,"[60.34019973183211, 12.005770990005436]","[np.float64(56.85498003448757), np.float64(10.09099112855863)]",2026-06-13 20:10:00,126.91199263812258,1,7.6219022890157735,403.0617160332877,30.147187396105032,0.01859068936092371,10.209077890998444,3,3,3,1319,6,0.4375,5.834077890998444,0.37508747375787266,ELECTRE-III,1
994,0668,0,0,"[60.92245969819735, 11.604983173471904]","[np.float64(60.38358141677607), np.float64(5.086849104259948)]",2026-06-13 20:10:10,466.7906703753182,1,4.5849181289518635,360.0763598443555,27.422181170437067,3.978542929736938,0.0,2,2,2,998,11,0.4376157407407407,0.0,0.7655703289013296,ELECTRE-III,1
995,0668,0,0,"[61.50373611732212, 11.190834653148181]","[np.float64(60.38358141677607), np.float64(5.086849104259948)]",2026-06-13 20:10:20,466.7906703753182,1,4.5849181289518635,352.22296339852045,26.908972814081846,3.9640535371864023,5.710917415608993,2,2,2,998,11,0.4377314814814815,5.710917415608993,0.7655703289013296,ELECTRE-III,1
996,0668,0,0,"[62.08395385712553, 10.76250922142845]","[np.float64(60.38358141677607), np.float64(5.086849104259948)]",2026-06-13 20:10:30,466.7906703753182,1,4.5849181289518635,357.5711814693561,27.258983883601047,3.9495743899196216,4.710917415608993,2,2,2,998,11,0.4378472222222222,2.9595285267201037,0.7655703289013296,ELECTRE-III,1
997,0668,0,0,"[62.663065106283405, 10.319127491457072]","[np.float64(60.38358141677607), np.float64(5.086849104259948)]",2026-06-13 20:10:40,466.7906703753182,1,4.5849181289518635,375.5583327758736,28.420050987893028,3.935106341710242,1.7109174156089928,2,2,2,998,11,0.43796296296296294,4.338695193386771,0.7655703289013296,ELECTRE-III,1
998,0668,0,0,"[63.24097424214735, 9.859737505618478]","[np.float64(60.38358141677607), np.float64(5.086849104259948)]",2026-06-13 20:10:50,466.7906703753182,1,4.5849181289518635,404.50049501985126,30.23593062769486,3.9206493925582637,0.0,2,2,2,998,11,0.4380787037037037,0.0,0.7655703289013296,ELECTRE-III,1
999,0721,0,0,"[50.955246604667785, 138.11224433883066]","[np.float64(48.54539894304915), np.float64(135.0391574110673)]",2026-06-14 01:24:40,388.1884244003143,1,2.20165544127738,347.1412990956157,26.574382799534828,58.465073748042656,10.085457534456356,4,4,3,1002,11,0.6560185185185186,12.053513090011911,0.7655703289013296,ELECTRE-III,1
1000,0721,0,0,"[50.36239984508902, 137.85566145246997]","[np.float64(48.54539894304915), np.float64(135.0391574110673)]",2026-06-14 01:24:50,388.1884244003143,1,2.20165544127738,286.7852242776032,22.45213631754925,58.48464224001474,10.085457534456356,4,4,3,1002,11,0.6561342592592593,4.180249201123023,0.7655703289013296,ELECTRE-III,1
1001,0721,0,0,"[49.76916717982215, 137.6043787929052]","[np.float64(48.54539894304915), np.float64(135.0391574110673)]",2026-06-14 01:25:00,388.1884244003143,1,2.20165544127738,230.8790704466546,18.40118915491776,58.504190241419316,5.085457534456356,4,4,3,1002,11,0.65625,4.429207534456356,0.7655703289013296,ELECTRE-III,1
1002,0721,0,0,"[49.175572514529264, 137.35817779408293]","[np.float64(48.54539894304915), np.float64(135.0391574110673)]",2026-06-14 01:25:10,388.1884244003143,1,2.20165544127738,183.53913458419046,14.81361416033856,58.52371775225639,9.085457534456356,4,4,3,1002,11,0.6563657407407407,5.147263090011912,0.7655703289013296,ELECTRE-III,1
1003,0721,0,0,"[48.581626094494126, 137.11682622957136]","[np.float64(48.54539894304915), np.float64(135.0391574110673)]",2026-06-14 01:25:20,388.1884244003143,1,2.20165544127738,152.93927162347876,12.427833888831016,58.543217942336774,6.085457534456356,4,4,3,1002,11,0.6564814814814814,9.367864941863765,0.7655703289013296,ELECTRE-III,1
1004,0721,0,0,"[47.98734841028424, 136.88010553331705]","[np.float64(48.54539894304915), np.float64(135.0391574110673)]",2026-06-14 01:25:30,388.1884244003143,1,2.20165544127738,149.72353452970916,12.174397574611985,58.562697641849645,13.085457534456356,4,4,3,1002,11,0.6565972222222223,7.176082534456356,0.7655703289013296,ELECTRE-III,1
1005,0721,0,0,"[47.39275312227795, 136.6478381204016]","[np.float64(48.54539894304915), np.float64(135.0391574110673)]",2026-06-14 01:25:40,388.1884244003143,1,2.20165544127738,175.40757625760673,14.184370518944391,58.582156850795016,14.085457534456356,4,4,3,1002,11,0.656712962962963,8.17504086778969,0.7655703289013296,ELECTRE-III,1
1006,0721,0,0,"[46.797853890853595, 136.4198190851499]","[np.float64(48.54539894304915), np.float64(135.0391574110673)]",2026-06-14 01:25:50,388.1884244003143,1,2.20165544127738,220.09714551329714,17.5960526838917,58.60159556917287,7.085457534456356,4,4,3,1002,11,0.6568287037037037,4.4581427196415415,0.7655703289013296,ELECTRE-III,1
1007,0721,0,0,"[46.202664376389514, 136.19588450302186]","[np.float64(48.54539894304915), np.float64(135.0391574110673)]",2026-06-14 01:26:00,388.1884244003143,1,2.20165544127738,274.6684581954357,21.592464289953316,58.62101379698322,10.085457534456356,4,4,3,1002,11,0.6569444444444444,10.742401978900801,0.7655703289013296,ELECTRE-III,1
1008,0721,0,0,"[45.60719482416946, 135.97585678909905]","[np.float64(48.54539894304915), np.float64(135.0391574110673)]",2026-06-14 01:26:10,388.1884244003143,1,2.20165544127738,334.31787275723127,25.721327896791735,58.640411534226054,12.085457534456356,4,4,3,1002,11,0.6570601851851852,14.713698275197096,0.7655703289013296,ELECTRE-III,1
1009,0721,0,0,"[45.01145889457178, 135.75958567921978]","[np.float64(48.54539894304915), np.float64(135.0391574110673)]",2026-06-14 01:26:20,388.1884244003143,1,2.20165544127738,396.76238279165636,29.756764230475387,58.65978195071221,12.085457534456356,4,4,3,1002,11,0.6571759259259259,8.799577904826727,0.7655703289013296,ELECTRE-III,1
1010,0851,0,0,"[38.443603630200876, 133.58936137233994]","[np.float64(34.78482164280463), np.float64(133.6376967714313)]",2026-06-14 01:28:10,587.3586193485382,1,4.328712144322252,406.8614211293907,30.381204926032066,65.87195628024709,13.33637729676163,1,1,1,1055,5,0.658449074074074,8.068784704169037,0.2722183344996501,ELECTRE-III,1
1011,0431,0,0,"[37.845405417407406, 133.40807449138944]","[np.float64(34.90085176593495), np.float64(135.0445482737043)]",2026-06-14 01:28:20,873.8389722209828,2,4.474422540419553,358.6887521663817,27.331846270830244,66.92000099706136,9.954479079472067,3,3,3,1235,4,0.6585648148148148,13.905867968360955,0.18754373687893633,ELECTRE-III,1
1012,0851,0,0,"[37.845405417407406, 133.40807449138944]","[np.float64(34.78482164280463), np.float64(133.6376967714313)]",2026-06-14 01:28:20,587.3586193485382,1,4.328712144322252,340.94279077790605,26.16359562114998,65.90366884856346,10.33637729676163,1,1,1,1055,5,0.6585648148148148,16.26346063009496,0.2722183344996501,ELECTRE-III,1
1013,0431,0,0,"[37.24704669516844, 133.22904157286507]","[np.float64(34.90085176593495), np.float64(135.0445482737043)]",2026-06-14 01:28:30,873.8389722209828,2,4.474422540419553,307.69194339253676,23.910590063871503,66.9511739804333,16.954479079472065,3,3,3,1235,4,0.6586805555555556,12.343715190583175,0.18754373687893633,ELECTRE-III,1
1014,0517,0,0,"[37.24704669516844, 133.22904157286507]","[np.float64(35.28555991126415), np.float64(130.0139427660055)]",2026-06-14 01:28:30,638.7152305684749,1,6.172271204035904,361.4250543173592,27.509841372523148,62.98141339330853,7.332698247540531,2,2,2,1282,8,0.6586805555555556,9.967420469762754,0.5290412876137159,ELECTRE-III,1
1015,0631,0,0,"[37.24704669516844, 133.22904157286507]","[np.float64(34.20654701424958), np.float64(131.1176548214416)]",2026-06-14 01:28:30,474.44083565161947,1,3.700153981774279,388.0806978798018,29.213662547309358,64.18239287582855,3.9618371779142674,2,2,2,980,10,0.6586805555555556,1.9857955112476007,0.655703289013296,ELECTRE-III,1
1016,0660,0,0,"[37.24704669516844, 133.22904157286507]","[np.float64(36.69852797009901), np.float64(128.9259535500014)]",2026-06-14 01:28:30,674.8930834758597,1,4.343285880346759,387.0688502203065,29.14998547312049,61.68003696017849,5.83085872292998,3,3,3,1109,10,0.6586805555555556,8.465580945152203,0.655703289013296,ELECTRE-III,1
1017,0851,0,0,"[37.24704669516844, 133.22904157286507]","[np.float64(34.78482164280463), np.float64(133.6376967714313)]",2026-06-14 01:28:30,587.3586193485382,1,4.328712144322252,276.2423989674693,21.704722066140153,65.93536775650149,9.33637729676163,1,1,1,1055,5,0.6586805555555556,15.26450229676163,0.2722183344996501,ELECTRE-III,1
1018,0362,0,0,"[36.648541123862316, 133.05218065449677]","[np.float64(33.37960566356249), np.float64(131.6024973648121)]",2026-06-14 01:28:40,952.8724896315306,2,3.5393510374937085,386.70743841754177,29.127222134348326,64.84749620663688,9.958158128693167,2,2,2,1277,4,0.6587962962962963,7.9817692398042785,0.18754373687893633,ELECTRE-III,1
1019,0394,0,0,"[36.648541123862316, 133.05218065449677]","[np.float64(34.25441000075915), np.float64(130.0519068059138)]",2026-06-14 01:28:40,859.919875315526,2,2.3275416623071794,380.38739828694514,28.727528245637174,63.360673307351824,18.32901919831943,3,3,3,1203,10,0.6587962962962963,22.28179697609721,0.655703289013296,ELECTRE-III,1
1020,0431,0,0,"[36.648541123862316, 133.05218065449677]","[np.float64(34.90085176593495), np.float64(135.0445482737043)]",2026-06-14 01:28:40,873.8389722209828,2,4.474422540419553,264.6986400477744,20.877358518954274,66.98232647323772,8.954479079472067,3,3,3,1235,4,0.6587962962962963,3.6841087091016966,0.18754373687893633,ELECTRE-III,1
1021,0517,0,0,"[36.648541123862316, 133.05218065449677]","[np.float64(35.28555991126415), np.float64(130.0139427660055)]",2026-06-14 01:28:40,638.7152305684749,1,6.172271204035904,312.5993553091846,24.248294518257573,63.01358358429929,11.332698247540531,2,2,2,1282,8,0.6587962962962963,11.991494543836827,0.5290412876137159,ELECTRE-III,1
1022,0631,0,0,"[36.648541123862316, 133.05218065449677]","[np.float64(34.20654701424958), np.float64(131.1176548214416)]",2026-06-14 01:28:40,474.44083565161947,1,3.700153981774279,323.1777174398208,24.970168674453156,64.21515046308794,0.0,2,2,2,980,10,0.6587962962962963,0.0,0.655703289013296,ELECTRE-III,1
1023,0660,0,0,"[36.648541123862316, 133.05218065449677]","[np.float64(36.69852797009901), np.float64(128.9259535500014)]",2026-06-14 01:28:40,674.8930834758597,1,4.343285880346759,368.00781647716565,27.935693828744537,61.711380698279676,4.83085872292998,3,3,3,1109,10,0.6587962962962963,0.0,0.655703289013296,ELECTRE-III,1
1024,0851,0,0,"[36.648541123862316, 133.05218065449677]","[np.float64(34.78482164280463), np.float64(133.6376967714313)]",2026-06-14 01:28:40,587.3586193485382,1,4.328712144322252,213.87046944036905,17.12776515311193,65.96705300406119,9.33637729676163,1,1,1,1055,5,0.6587962962962963,6.701192111576444,0.2722183344996501,ELECTRE-III,1
1025,0362,0,0,"[36.04989211858363, 132.87739611363614]","[np.float64(33.37960566356249), np.float64(131.6024973648121)]",2026-06-14 01:28:50,952.8724896315306,2,3.5393510374937085,318.9604871728801,24.683381234079704,64.88077288827319,4.958158128693167,2,2,2,1277,4,0.658912037037037,9.570542387952425,0.18754373687893633,ELECTRE-III,1
1026,0394,0,0,"[36.04989211858363, 132.87739611363614]","[np.float64(34.25441000075915), np.float64(130.0519068059138)]",2026-06-14 01:28:50,859.919875315526,2,2.3275416623071794,325.31556230421205,25.115042161789656,63.39359481915129,11.329019198319429,3,3,3,1203,10,0.658912037037037,7.3755469760972066,0.655703289013296,ELECTRE-III,1
1027,0431,0,0,"[36.04989211858363, 132.87739611363614]","[np.float64(34.90085176593495), np.float64(135.0445482737043)]",2026-06-14 01:28:50,873.8389722209828,2,4.474422540419553,234.16035278038942,18.64474719738043,67.01346530566381,9.954479079472067,3,3,3,1235,4,0.658912037037037,9.954479079472067,0.18754373687893633,ELECTRE-III,1
1028,0517,0,0,"[36.04989211858363, 132.87739611363614]","[np.float64(35.28555991126415), np.float64(130.0139427660055)]",2026-06-14 01:28:50,638.7152305684749,1,6.172271204035904,272.2646856382011,21.420684290718146,63.045753775290045,11.332698247540531,2,2,2,1282,8,0.658912037037037,11.991610284577568,0.5290412876137159,ELECTRE-III,1
1029,0631,0,0,"[36.04989211858363, 132.87739611363614]","[np.float64(34.20654701424958), np.float64(131.1176548214416)]",2026-06-14 01:28:50,474.44083565161947,1,3.700153981774279,260.03525442816016,20.540500293337928,64.24790122015814,5.961837177914267,2,2,2,980,10,0.658912037037037,3.985101066803156,0.655703289013296,ELECTRE-III,1
1030,0660,0,0,"[36.04989211858363, 132.87739611363614]","[np.float64(36.69852797009901), np.float64(128.9259535500014)]",2026-06-14 01:28:50,674.8930834758597,1,4.343285880346759,361.02070557001247,27.483574820038694,61.742710776002525,8.83085872292998,3,3,3,1109,10,0.658912037037037,7.513034648855906,0.655703289013296,ELECTRE-III,1
1031,0711,0,0,"[36.04989211858363, 132.87739611363614]","[np.float64(34.73662381879044), np.float64(128.8013889108951)]",2026-06-14 01:28:50,696.0347975043657,1,4.606109119075822,397.24087393472684,29.786527990057966,62.26783620996061,9.329019198319429,2,2,2,892,11,0.658912037037037,5.3755469760972066,0.7655703289013296,ELECTRE-III,1
1032,0851,0,0,"[36.04989211858363, 132.87739611363614]","[np.float64(34.78482164280463), np.float64(133.6376967714313)]",2026-06-14 01:28:50,587.3586193485382,1,4.328712144322252,156.63425757227884,12.718431059121954,65.9987314214317,8.33637729676163,1,1,1,1055,5,0.658912037037037,6.359641185650518,0.2722183344996501,ELECTRE-III,1
1033,0184,0,0,"[35.45110309442695, 132.70463330876984]","[np.float64(33.27893894963736), np.float64(135.9399414540354)]",2026-06-14 01:29:00,981.3083702601318,2,6.616432405458297,382.7406469413974,28.87671321948568,68.3642581574389,4.83453777215108,1,1,1,1361,7,0.6590277777777778,3.5164822165955245,0.4688593421973408,ELECTRE-III,1
1034,0362,0,0,"[35.45110309442695, 132.70463330876984]","[np.float64(33.37960566356249), np.float64(131.6024973648121)]",2026-06-14 01:29:00,952.8724896315306,2,3.5393510374937085,251.54574927281945,19.923446202608616,64.91404273972032,8.958158128693167,2,2,2,1277,4,0.6590277777777778,13.571352573137611,0.18754373687893633,ELECTRE-III,1
1035,0394,0,0,"[35.45110309442695, 132.70463330876984]","[np.float64(34.25441000075915), np.float64(130.0519068059138)]",2026-06-14 01:29:00,859.919875315526,2,2.3275416623071794,276.2078305899223,21.702258430543896,63.426509500761576,18.32901919831943,3,3,3,1203,10,0.6590277777777778,24.260269198319428,0.655703289013296,ELECTRE-III,1
1036,0431,0,0,"[35.45110309442695, 132.70463330876984]","[np.float64(34.90085176593495), np.float64(135.0445482737043)]",2026-06-14 01:29:00,873.8389722209828,2,4.474422540419553,221.29312424068328,17.685723101747605,67.04459047771157,12.954479079472067,3,3,3,1235,4,0.6590277777777778,13.613506857249845,0.18754373687893633,ELECTRE-III,1
1037,0517,0,0,"[35.45110309442695, 132.70463330876984]","[np.float64(35.28555991126415), np.float64(130.0139427660055)]",2026-06-14 01:29:00,638.7152305684749,1,6.172271204035904,244.66083941021887,19.419451613588524,63.07791030590247,5.332698247540531,2,2,2,1282,8,0.6590277777777778,2.69658713642942,0.5290412876137159,ELECTRE-III,1
1038,0631,0,0,"[35.45110309442695, 132.70463330876984]","[np.float64(34.20654701424958), np.float64(131.1176548214416)]",2026-06-14 01:29:00,474.44083565161947,1,3.700153981774279,200.3278375911998,16.10114546121868,64.28064514703918,0.0,2,2,2,980,10,0.6590277777777778,1.3180555555555555,0.655703289013296,ELECTRE-III,1
1039,0660,0,0,"[35.45110309442695, 132.70463330876984]","[np.float64(36.69852797009901), np.float64(128.9259535500014)]",2026-06-14 01:29:00,674.8930834758597,1,4.343285880346759,366.8013748092908,27.857895671786437,61.7740340235362,3.83085872292998,3,3,3,1109,10,0.6590277777777778,8.444053167374424,0.655703289013296,ELECTRE-III,1
1040,0711,0,0,"[35.45110309442695, 132.70463330876984]","[np.float64(34.73662381879044), np.float64(128.8013889108951)]",2026-06-14 01:29:00,696.0347975043657,1,4.606109119075822,363.87190644373794,27.668521704500517,62.30062794816585,13.329019198319429,2,2,2,892,11,0.6590277777777778,10.03388030943054,0.7655703289013296,ELECTRE-III,1
1041,0851,0,0,"[35.45110309442695, 132.70463330876984]","[np.float64(34.78482164280463), np.float64(133.6376967714313)]",2026-06-14 01:29:00,587.3586193485382,1,4.328712144322252,112.65390998854815,9.220146126426327,66.03039617842389,4.336377296761629,1,1,1,1055,5,0.6590277777777778,0.0,0.2722183344996501,ELECTRE-III,1
1042,0184,0,0,"[34.852180881581454, 132.53381027762782]","[np.float64(33.27893894963736), np.float64(135.9399414540354)]",2026-06-14 01:29:10,981.3083702601318,2,6.616432405458297,359.1921475123859,27.36463495202383,68.39655129183471,4.83453777215108,1,1,1,1361,7,0.6591435185185185,2.8571072165955247,0.4688593421973408,ELECTRE-III,1
1043,0362,0,0,"[34.852180881581454, 132.53381027762782]","[np.float64(33.37960566356249), np.float64(131.6024973648121)]",2026-06-14 01:29:10,952.8724896315306,2,3.5393510374937085,184.8280424779946,14.913023005175257,64.9472989307891,5.958158128693167,2,2,2,1277,4,0.6591435185185185,9.253875721285759,0.18754373687893633,ELECTRE-III,1
1044,0394,0,0,"[34.852180881581454, 132.53381027762782]","[np.float64(34.25441000075915), np.float64(130.0519068059138)]",2026-06-14 01:29:10,859.919875315526,2,2.3275416623071794,236.8049308899256,18.840538193289856,63.4594173521827,13.329019198319429,3,3,3,1203,10,0.6591435185185185,8.7150145686898,0.655703289013296,ELECTRE-III,1
1045,0431,0,0,"[34.852180881581454, 132.53381027762782]","[np.float64(34.90085176593495), np.float64(135.0445482737043)]",2026-06-14 01:29:10,873.8389722209828,2,4.474422540419553,229.09478631971618,18.268457683030565,67.07570198938097,12.954479079472067,3,3,3,1235,4,0.6591435185185185,14.931909635027623,0.18754373687893633,ELECTRE-III,1
1046,0517,0,0,"[34.852180881581454, 132.53381027762782]","[np.float64(35.28555991126415), np.float64(130.0139427660055)]",2026-06-14 01:29:10,638.7152305684749,1,6.172271204035904,234.3315960449201,18.657438905172903,63.110053176136546,9.332698247540531,2,2,2,1282,8,0.6591435185185185,14.60584639568868,0.5290412876137159,ELECTRE-III,1
1047,0631,0,0,"[34.852180881581454, 132.53381027762782]","[np.float64(34.20654701424958), np.float64(131.1176548214416)]",2026-06-14 01:29:10,474.44083565161947,1,3.700153981774279,148.2663407289264,12.059394213008762,64.31338224373106,4.961837177914267,2,2,2,980,10,0.6591435185185185,5.6209806964327855,0.655703289013296,ELECTRE-III,1
1048,0660,0,0,"[34.852180881581454, 132.53381027762782]","[np.float64(36.69852797009901), np.float64(128.9259535500014)]",2026-06-14 01:29:10,674.8930834758597,1,4.343285880346759,384.77521988794723,29.0053512879936,61.80535044088071,7.83085872292998,3,3,3,1109,10,0.6591435185185185,11.126576315522573,0.655703289013296,ELECTRE-III,1
1049,0711,0,0,"[34.852180881581454, 132.53381027762782]","[np.float64(34.73662381879044), np.float64(128.8013889108951)]",2026-06-14 01:29:10,696.0347975043657,1,4.606109119075822,341.0445312505065,26.170361716162148,62.33341285618191,6.329019198319429,2,2,2,892,11,0.6591435185185185,7.647306235356466,0.7655703289013296,ELECTRE-III,1
1050,0750,0,0,"[34.852180881581454, 132.53381027762782]","[np.float64(32.6248076270756), np.float64(129.7175613618049)]",2026-06-14 01:29:10,374.93984412539476,1,3.985690368414361,359.3496957364917,27.374892875362097,63.622255892184974,4.0854575344563555,3,3,3,1020,14,0.6591435185185185,5.403744571493393,1.0,ELECTRE-III,1
1051,0851,0,0,"[34.852180881581454, 132.53381027762782]","[np.float64(34.78482164280463), np.float64(133.6376967714313)]",2026-06-14 01:29:10,587.3586193485382,1,4.328712144322252,101.04822350180491,8.28420134220978,66.06204727503771,5.336377296761629,1,1,1,1055,5,0.6591435185185185,0.7223726671319994,0.2722183344996501,ELECTRE-III,1
1052,0184,0,0,"[34.25313231023632, 132.36484505794004]","[np.float64(33.27893894963736), np.float64(135.9399414540354)]",2026-06-14 01:29:20,981.3083702601318,2,6.616432405458297,347.75130400805864,26.614651068422486,68.4288307658522,3.83453777215108,1,1,1,1361,7,0.6592592592592592,0.0,0.4688593421973408,ELECTRE-III,1
1053,0362,0,0,"[34.25313231023632, 132.36484505794004]","[np.float64(33.37960566356249), np.float64(131.6024973648121)]",2026-06-14 01:29:20,952.8724896315306,2,3.5393510374937085,119.97719270185134,9.808223137522104,64.9805551218579,9.958158128693167,2,2,2,1277,4,0.6592592592592592,4.684084054619094,0.18754373687893633,ELECTRE-III,1
1054,0394,0,0,"[34.25313231023632, 132.36484505794004]","[np.float64(34.25441000075915), np.float64(130.0519068059138)]",2026-06-14 01:29:20,859.919875315526,2,2.3275416623071794,212.57438407526993,17.029991288838914,63.49231154322548,9.329019198319429,3,3,3,1203,10,0.6592592592592592,4.714204383504614,0.655703289013296,ELECTRE-III,1
1055,0431,0,0,"[34.25313231023632, 132.36484505794004]","[np.float64(34.90085176593495), np.float64(135.0445482737043)]",2026-06-14 01:29:20,873.8389722209828,2,4.474422540419553,255.68115659395806,20.224637434456863,67.10679984067204,15.954479079472067,3,3,3,1235,4,0.6592592592592592,21.8878124128054,0.18754373687893633,ELECTRE-III,1
1056,0517,0,0,"[34.25313231023632, 132.36484505794004]","[np.float64(35.28555991126415), np.float64(130.0139427660055)]",2026-06-14 01:29:20,638.7152305684749,1,6.172271204035904,243.48588447248937,19.33312609222074,63.14219604637063,5.332698247540531,2,2,2,1282,8,0.6592592592592592,1.3771426919849756,0.5290412876137159,ELECTRE-III,1
1057,0631,0,0,"[34.25313231023632, 132.36484505794004]","[np.float64(34.20654701424958), np.float64(131.1176548214416)]",2026-06-14 01:29:20,474.44083565161947,1,3.700153981774279,114.77632678062291,9.390788637582212,64.34610568004459,0.0,2,2,2,980,10,0.6592592592592592,0.0,0.655703289013296,ELECTRE-III,1
1058,0711,0,0,"[34.25313231023632, 132.36484505794004]","[np.float64(34.73662381879044), np.float64(128.8013889108951)]",2026-06-14 01:29:20,696.0347975043657,1,4.606109119075822,330.94756959544384,25.495059739011438,62.3661909340088,9.329019198319429,2,2,2,892,11,0.6592592592592592,6.032722902023133,0.7655703289013296,ELECTRE-III,1
1059,0750,0,0,"[34.25313231023632, 132.36484505794004]","[np.float64(32.6248076270756), np.float64(129.7175613618049)]",2026-06-14 01:29:20,374.93984412539476,1,3.985690368414361,305.13857343483005,23.7341770895625,63.65634536633251,0.0,3,3,3,1020,14,0.6592592592592592,0.0,1.0,ELECTRE-III,1
1060,0851,0,0,"[34.25313231023632, 132.36484505794004]","[np.float64(34.78482164280463), np.float64(133.6376967714313)]",2026-06-14 01:29:20,587.3586193485382,1,4.328712144322252,130.7447955126108,10.66907898417191,66.09369154146239,6.336377296761629,1,1,1,1055,5,0.6592592592592592,6.995636556020888,0.2722183344996501,ELECTRE-III,1
1061,0184,0,0,"[33.653960795486114, 132.19768300819317]","[np.float64(33.27893894963736), np.float64(135.9399414540354)]",2026-06-14 01:29:30,981.3083702601318,2,6.616432405458297,349.6073108645701,26.736997345828073,68.46109657949134,6.83453777215108,1,1,1,1361,7,0.659375,6.83453777215108,0.4688593421973408,ELECTRE-III,1
1062,0362,0,0,"[33.653960795486114, 132.19768300819317]","[np.float64(33.37960566356249), np.float64(131.6024973648121)]",2026-06-14 01:29:30,952.8724896315306,2,3.5393510374937085,63.04907142722106,5.191003135491703,65.01379765254835,2.9581581286931673,2,2,2,1277,4,0.659375,5.5956581286931675,0.18754373687893633,ELECTRE-III,1
1063,0394,0,0,"[33.653960795486114, 132.19768300819317]","[np.float64(34.25441000075915), np.float64(130.0519068059138)]",2026-06-14 01:29:30,859.919875315526,2,2.3275416623071794,208.86795668734598,16.74982318565854,63.52520573426826,17.32901919831943,3,3,3,1203,10,0.659375,11.39464419831943,0.655703289013296,ELECTRE-III,1
1064,0431,0,0,"[33.653960795486114, 132.19768300819317]","[np.float64(34.90085176593495), np.float64(135.0445482737043)]",2026-06-14 01:29:30,873.8389722209828,2,4.474422540419553,296.0327020569187,23.101160672341447,67.13788403158476,12.954479079472067,3,3,3,1235,4,0.659375,7.679479079472067,0.18754373687893633,ELECTRE-III,1
1065,0517,0,0,"[33.653960795486114, 132.19768300819317]","[np.float64(35.28555991126415), np.float64(130.0139427660055)]",2026-06-14 01:29:30,638.7152305684749,1,6.172271204035904,270.15256076603725,21.269411844418542,63.17432525622637,13.332698247540531,2,2,2,1282,8,0.659375,16.62957324754053,0.5290412876137159,ELECTRE-III,1
1066,0631,0,0,"[33.653960795486114, 132.19768300819317]","[np.float64(34.20654701424958), np.float64(131.1176548214416)]",2026-06-14 01:29:30,474.44083565161947,1,3.700153981774279,117.06459483007785,9.574577390681599,64.37882228616894,0.9618371779142674,2,2,2,980,10,0.659375,0.0,0.655703289013296,ELECTRE-III,1
1067,0711,0,0,"[33.653960795486114, 132.19768300819317]","[np.float64(34.73662381879044), np.float64(128.8013889108951)]",2026-06-14 01:29:30,696.0347975043657,1,4.606109119075822,334.73748778841184,25.749439114288254,62.39896218164652,10.329019198319429,2,2,2,892,11,0.659375,5.054019198319429,0.7655703289013296,ELECTRE-III,1
1068,0750,0,0,"[33.653960795486114, 132.19768300819317]","[np.float64(32.6248076270756), np.float64(129.7175613618049)]",2026-06-14 01:29:30,374.93984412539476,1,3.985690368414361,257.7094968841815,20.371941948782446,63.69042801029087,1.0854575344563555,3,3,3,1020,14,0.659375,0.0,1.0,ELECTRE-III,1
1069,0851,0,0,"[33.653960795486114, 132.19768300819317]","[np.float64(34.78482164280463), np.float64(133.6376967714313)]",2026-06-14 01:29:30,587.3586193485382,1,4.328712144322252,182.59569465855236,14.740792114624231,66.12531531731955,12.33637729676163,1,1,1,1055,5,0.659375,17.61137729676163,0.2722183344996501,ELECTRE-III,1
1070,0184,0,0,"[33.05466975242544, 132.0322694868738]","[np.float64(33.27893894963736), np.float64(135.9399414540354)]",2026-06-14 01:29:40,981.3083702601318,2,6.616432405458297,364.5558218947046,27.712792025150787,68.4933555629413,0.0,1,1,1,1361,7,0.6594907407407408,0.0,0.4688593421973408,ELECTRE-III,1
1071,0362,0,0,"[33.05466975242544, 132.0322694868738]","[np.float64(33.37960566356249), np.float64(131.6024973648121)]",2026-06-14 01:29:40,952.8724896315306,2,3.5393510374937085,53.887393931523796,4.439967666104334,65.04703335304963,9.958158128693167,2,2,2,1277,4,0.6594907407407408,13.255611832396871,0.18754373687893633,ELECTRE-III,1
1072,0394,0,0,"[33.05466975242544, 132.0322694868738]","[np.float64(34.25441000075915), np.float64(130.0519068059138)]",2026-06-14 01:29:40,859.919875315526,2,2.3275416623071794,226.69685921901774,18.089757746783842,63.558086264932705,14.329019198319429,3,3,3,1203,10,0.6594907407407408,18.285963642763875,0.655703289013296,ELECTRE-III,1
1073,0431,0,0,"[33.05466975242544, 132.0322694868738]","[np.float64(34.90085176593495), np.float64(135.0445482737043)]",2026-06-14 01:29:40,873.8389722209828,2,4.474422540419553,345.3569161442349,26.45642766549026,67.16894773192999,11.954479079472067,3,3,3,1235,4,0.6594907407407408,12.613969820212809,0.18754373687893633,ELECTRE-III,1
1074,0517,0,0,"[33.05466975242544, 132.0322694868738]","[np.float64(35.28555991126415), np.float64(130.0139427660055)]",2026-06-14 01:29:40,638.7152305684749,1,6.172271204035904,309.8442778449369,24.058922356689177,63.206447635892935,6.332698247540531,2,2,2,1282,8,0.6594907407407408,0.0,0.5290412876137159,ELECTRE-III,1
1075,0631,0,0,"[33.05466975242544, 132.0322694868738]","[np.float64(34.20654701424958), np.float64(131.1176548214416)]",2026-06-14 01:29:40,474.44083565161947,1,3.700153981774279,153.54193834218714,12.475276202260991,64.41153206210414,0.0,2,2,2,980,10,0.6594907407407408,3.2974537037037037,0.655703289013296,ELECTRE-III,1
1076,0711,0,0,"[33.05466975242544, 132.0322694868738]","[np.float64(34.73662381879044), np.float64(128.8013889108951)]",2026-06-14 01:29:40,696.0347975043657,1,4.606109119075822,351.96804490094235,26.89223524467389,62.43172659909507,7.329019198319429,2,2,2,892,11,0.6594907407407408,1.3936025316527623,0.7655703289013296,ELECTRE-III,1
1077,0750,0,0,"[33.05466975242544, 132.0322694868738]","[np.float64(32.6248076270756), np.float64(129.7175613618049)]",2026-06-14 01:29:40,374.93984412539476,1,3.985690368414361,221.4659546113153,17.698673948603716,63.72451065424924,0.08545753445635551,3,3,3,1020,14,0.6594907407407408,0.0,1.0,ELECTRE-III,1
1078,0851,0,0,"[33.05466975242544, 132.0322694868738]","[np.float64(34.78482164280463), np.float64(133.6376967714313)]",2026-06-14 01:29:40,587.3586193485382,1,4.328712144322252,242.79950661587878,19.28265469691141,66.15693226298754,11.33637729676163,1,1,1,1055,5,0.6594907407407408,13.974340259724592,0.2722183344996501,ELECTRE-III,1
1079,0184,0,0,"[32.45526601124347, 131.8685225317119]","[np.float64(33.27893894963736), np.float64(135.9399414540354)]",2026-06-14 01:29:50,981.3083702601318,2,6.616432405458297,391.0997381026379,29.4031853988883,68.52559405582377,4.83453777215108,1,1,1,1361,7,0.6596064814814815,1.5365053647436726,0.4688593421973408,ELECTRE-III,1
1080,0362,0,0,"[32.45526601124347, 131.8685225317119]","[np.float64(33.37960566356249), np.float64(131.6024973648121)]",2026-06-14 01:29:50,952.8724896315306,2,3.5393510374937085,105.7389461814994,8.663051442106202,65.08026222336174,9.958158128693167,2,2,2,1277,4,0.6596064814814815,15.894616462026502,0.18754373687893633,ELECTRE-III,1
1081,0394,0,0,"[32.45526601124347, 131.8685225317119]","[np.float64(34.25441000075915), np.float64(130.0519068059138)]",2026-06-14 01:29:50,859.919875315526,2,2.3275416623071794,261.6957918863774,20.660620304316,63.59096679559715,9.329019198319429,3,3,3,1203,10,0.6596064814814815,7.350199753874985,0.655703289013296,ELECTRE-III,1
1082,0431,0,0,"[32.45526601124347, 131.8685225317119]","[np.float64(34.90085176593495), np.float64(135.0445482737043)]",2026-06-14 01:29:50,873.8389722209828,2,4.474422540419553,400.3520513600269,29.979622247799522,67.20000460208604,13.954479079472067,3,3,3,1235,4,0.6596064814814815,8.677627227620215,0.18754373687893633,ELECTRE-III,1
1083,0517,0,0,"[32.45526601124347, 131.8685225317119]","[np.float64(35.28555991126415), np.float64(130.0139427660055)]",2026-06-14 01:29:50,638.7152305684749,1,6.172271204035904,358.2575083844514,27.30374175086096,63.23855635518117,7.332698247540531,2,2,2,1282,8,0.6596064814814815,9.971124173466457,0.5290412876137159,ELECTRE-III,1
1084,0631,0,0,"[32.45526601124347, 131.8685225317119]","[np.float64(34.20654701424958), np.float64(131.1176548214416)]",2026-06-14 01:29:50,474.44083565161947,1,3.700153981774279,206.84950132042172,16.596900082320342,64.44423500785015,1.9618371779142674,2,2,2,980,10,0.6596064814814815,4.600263103840193,0.655703289013296,ELECTRE-III,1
1085,0711,0,0,"[32.45526601124347, 131.8685225317119]","[np.float64(34.73662381879044), np.float64(128.8013889108951)]",2026-06-14 01:29:50,696.0347975043657,1,4.606109119075822,380.81872063284584,28.754904036036486,62.464484186354454,10.329019198319429,2,2,2,892,11,0.6596064814814815,5.052167346467577,0.7655703289013296,ELECTRE-III,1
1086,0750,0,0,"[32.45526601124347, 131.8685225317119]","[np.float64(32.6248076270756), np.float64(129.7175613618049)]",2026-06-14 01:29:50,374.93984412539476,1,3.985690368414361,202.5052446085053,16.266944031931065,63.75857963782926,6.0854575344563555,3,3,3,1020,14,0.6596064814814815,8.0642769789008,1.0,ELECTRE-III,1
1087,0851,0,0,"[32.45526601124347, 131.8685225317119]","[np.float64(34.78482164280463), np.float64(133.6376967714313)]",2026-06-14 01:29:50,587.3586193485382,1,4.328712144322252,306.4734535914273,23.82646412843063,66.18854237846635,7.336377296761629,1,1,1,1055,5,0.6596064814814815,9.315196741206073,0.2722183344996501,ELECTRE-III,1
1088,0362,0,0,"[31.85574957194018, 131.70638750119414]","[np.float64(33.37960566356249), np.float64(131.6024973648121)]",2026-06-14 01:30:00,952.8724896315306,2,3.5393510374937085,169.72440897215017,13.742497678166739,65.1134842634847,4.958158128693167,2,2,2,1277,4,0.6597222222222222,5.61788035091539,0.18754373687893633,ELECTRE-III,1
1089,0394,0,0,"[31.85574957194018, 131.70638750119414]","[np.float64(34.25441000075915), np.float64(130.0519068059138)]",2026-06-14 01:30:00,859.919875315526,2,2.3275416623071794,308.0690643881942,23.93660477124127,63.62383366588325,9.329019198319429,3,3,3,1203,10,0.6597222222222222,6.69013030943054,0.655703289013296,ELECTRE-III,1
1090,0631,0,0,"[31.85574957194018, 131.70638750119414]","[np.float64(34.20654701424958), np.float64(131.1176548214416)]",2026-06-14 01:30:00,474.44083565161947,1,3.700153981774279,267.094897960609,21.04986732538759,64.47692429321783,4.961837177914267,2,2,2,980,10,0.6597222222222222,0.0,0.655703289013296,ELECTRE-III,1
1091,0750,0,0,"[31.85574957194018, 131.70638750119414]","[np.float64(32.6248076270756), np.float64(129.7175613618049)]",2026-06-14 01:30:00,374.93984412539476,1,3.985690368414361,205.66656520806788,16.507164594839537,63.792648621409285,0.0,3,3,3,1020,14,0.6597222222222222,5.277777777777778,1.0,ELECTRE-III,1
1092,0851,0,0,"[31.85574957194018, 131.70638750119414]","[np.float64(34.78482164280463), np.float64(133.6376967714313)]",2026-06-14 01:30:00,587.3586193485382,1,4.328712144322252,371.83947818557897,28.18203888460402,66.22013200337766,4.336377296761629,1,1,1,1055,5,0.6597222222222222,1.037766185650518,0.2722183344996501,ELECTRE-III,1
1093,0362,0,0,"[31.256130679799345, 131.54580975380713]","[np.float64(33.37960566356249), np.float64(131.6024973648121)]",2026-06-14 01:30:10,952.8724896315306,2,3.5393510374937085,236.18004496485167,18.794315835982463,65.14669264322929,7.958158128693167,2,2,2,1277,4,0.6598379629629629,2.0196164620265007,0.18754373687893633,ELECTRE-III,1
1094,0394,0,0,"[31.256130679799345, 131.54580975380713]","[np.float64(34.25441000075915), np.float64(130.0519068059138)]",2026-06-14 01:30:10,859.919875315526,2,2.3275416623071794,361.46572099708453,27.512482392087502,63.656693705980175,16.32901919831943,3,3,3,1203,10,0.6598379629629629,18.308533087208318,0.655703289013296,ELECTRE-III,1
1095,0631,0,0,"[31.256130679799345, 131.54580975380713]","[np.float64(34.20654701424958), np.float64(131.1176548214416)]",2026-06-14 01:30:10,474.44083565161947,1,3.700153981774279,330.5060378981046,25.465353710907387,64.50960674839635,1.9618371779142674,2,2,2,980,10,0.6598379629629629,3.941351066803156,0.655703289013296,ELECTRE-III,1
1096,0750,0,0,"[31.256130679799345, 131.54580975380713]","[np.float64(32.6248076270756), np.float64(129.7175613618049)]",2026-06-14 01:30:10,374.93984412539476,1,3.985690368414361,230.04119631711032,18.338885748878383,63.826710774800134,1.0854575344563555,3,3,3,1020,14,0.6598379629629629,0.0,1.0,ELECTRE-III,1
1097,0362,0,0,"[30.656412749915546, 131.38673464803753]","[np.float64(33.37960566356249), np.float64(131.6024973648121)]",2026-06-14 01:30:20,952.8724896315306,2,3.5393510374937085,303.48789820484734,23.619876542212726,65.1799010229739,3.9581581286931673,2,2,2,1277,4,0.6599537037037037,9.237787758322796,0.18754373687893633,ELECTRE-III,1
1098,0631,0,0,"[30.656412749915546, 131.38673464803753]","[np.float64(34.20654701424958), np.float64(131.1176548214416)]",2026-06-14 01:30:20,474.44083565161947,1,3.700153981774279,395.563859776134,29.68213442004503,64.54228237338569,0.0,2,2,2,980,10,0.6599537037037037,3.959722222222222,0.655703289013296,ELECTRE-III,1
1099,0750,0,0,"[30.656412749915546, 131.38673464803753]","[np.float64(32.6248076270756), np.float64(129.7175613618049)]",2026-06-14 01:30:20,374.93984412539476,1,3.985690368414361,269.94366068521697,21.254433265352475,63.86076609800182,6.0854575344563555,3,3,3,1020,14,0.6599537037037037,4.105596423345244,1.0,ELECTRE-III,1
1100,0362,0,0,"[30.05659578228878, 131.22912120275032]","[np.float64(33.37960566356249), np.float64(131.6024973648121)]",2026-06-14 01:30:30,952.8724896315306,2,3.5393510374937085,371.18528488144386,28.140059456326107,65.21309574234016,8.958158128693167,2,2,2,1277,4,0.6600694444444445,10.9383664620265,0.18754373687893633,ELECTRE-III,1
1101,0750,0,0,"[30.05659578228878, 131.22912120275032]","[np.float64(32.6248076270756), np.float64(129.7175613618049)]",2026-06-14 01:30:30,374.93984412539476,1,3.985690368414361,319.61182321823816,24.727761210742944,63.89481459101433,7.0854575344563555,3,3,3,1020,14,0.6600694444444445,3.785110312234133,1.0,ELECTRE-III,1
1102,0750,0,0,"[29.45668660710822, 131.07288745567544]","[np.float64(32.6248076270756), np.float64(129.7175613618049)]",2026-06-14 01:30:40,374.93984412539476,1,3.985690368414361,375.1865451315053,28.39630394880629,63.92885625383767,4.0854575344563555,3,3,3,1020,14,0.6601851851851852,7.386383460382282,1.0,ELECTRE-III,1
1103,0920,0,0,"[12.032257609833099, 126.97003380238381]","[np.float64(8.892971899473904), np.float64(125.331806408378)]",2026-06-14 01:35:30,479.00391335711856,1,5.185662386434188,392.3419004286295,29.48095881875585,57.18906463749004,6.459997653303718,4,4,3,578,14,0.6635416666666667,11.768330986637052,1.0,ELECTRE-III,1
1104,0124,0,0,"[11.4308543307716, 126.83834775518596]","[np.float64(8.393387796179182), np.float64(125.2863501989723)]",2026-06-14 01:35:40,599.2435331968962,1,6.258093938343867,378.11110649512295,28.582815658537754,56.93622810988909,6.958158128693167,1,1,1,746,2,0.6636574074074074,1.648898869433908,0.061931420573827854,ELECTRE-III,1
1105,0920,0,0,"[11.4308543307716, 126.83834775518596]","[np.float64(8.892971899473904), np.float64(125.331806408378)]",2026-06-14 01:35:40,479.00391335711856,1,5.185662386434188,326.83536698406164,25.21782513278001,57.224817262700476,7.459997653303718,4,4,3,578,14,0.6636574074074074,12.769256912562977,1.0,ELECTRE-III,1
1106,0124,0,0,"[10.829433976237175, 126.70704419858164]","[np.float64(8.393387796179182), np.float64(125.2863501989723)]",2026-06-14 01:35:50,599.2435331968962,1,6.258093938343867,312.4582202023378,24.23860714683699,56.971786074708184,12.958158128693167,1,1,1,746,2,0.6637731481481481,18.9321164620265,0.061931420573827854,ELECTRE-III,1
1107,0699,0,0,"[10.829433976237175, 126.70704419858164]","[np.float64(7.716099276197342), np.float64(125.2329603302509)]",2026-06-14 01:35:50,330.1034476849213,1,7.051359716004035,382.1099298454613,28.83677060154451,56.5799961786325,4.961837177914267,1,1,1,972,5,0.6637731481481481,6.953156622358712,0.2722183344996501,ELECTRE-III,1
1108,0920,0,0,"[10.829433976237175, 126.70704419858164]","[np.float64(8.892971899473904), np.float64(125.331806408378)]",2026-06-14 01:35:50,479.00391335711856,1,5.185662386434188,262.7946762648088,20.740007211197796,57.26055964262715,6.459997653303718,4,4,3,578,14,0.6637731481481481,11.770182838488903,1.0,ELECTRE-III,1
1109,0124,0,0,"[10.22799740000347, 126.5761094721925]","[np.float64(8.393387796179182), np.float64(125.2863501989723)]",2026-06-14 01:36:00,599.2435331968962,1,6.258093938343867,248.2809154912517,19.684846489696277,57.007333794243515,7.958158128693167,1,1,1,746,2,0.6638888888888889,9.949824795359834,0.061931420573827854,ELECTRE-III,1
1110,0699,0,0,"[10.22799740000347, 126.5761094721925]","[np.float64(7.716099276197342), np.float64(125.2329603302509)]",2026-06-14 01:36:00,330.1034476849213,1,7.051359716004035,315.8703800282518,24.47240058470649,56.615287766073955,5.961837177914267,1,1,1,972,5,0.6638888888888889,2.642392733469823,0.2722183344996501,ELECTRE-III,1
1111,0773,0,0,"[10.22799740000347, 126.5761094721925]","[np.float64(7.973946415485226), np.float64(124.149349039821)]",2026-06-14 01:36:00,837.8232448702794,2,3.3346577347646162,365.7921157587483,27.79272705539524,55.824440652645684,7.958158128693167,2,2,2,1413,6,0.6638888888888889,3.310935906470945,0.37508747375787266,ELECTRE-III,1
1112,0920,0,0,"[10.22799740000347, 126.5761094721925]","[np.float64(8.892971899473904), np.float64(125.331806408378)]",2026-06-14 01:36:00,479.00391335711856,1,5.185662386434188,201.62208797127286,16.19972968276581,57.29629177727007,5.459997653303718,4,4,3,578,14,0.6638888888888889,9.44333098663705,1.0,ELECTRE-III,1
1113,0124,0,0,"[9.626547163391427, 126.44550259488352]","[np.float64(8.393387796179182), np.float64(125.2863501989723)]",2026-06-14 01:36:10,599.2435331968962,1,6.258093938343867,187.10228964865982,15.088203391260015,57.04287468358967,12.958158128693167,1,1,1,746,2,0.6640046296296296,6.3181118323968715,0.061931420573827854,ELECTRE-III,1
1114,0699,0,0,"[9.626547163391427, 126.44550259488352]","[np.float64(7.716099276197342), np.float64(125.2329603302509)]",2026-06-14 01:36:10,330.1034476849213,1,7.051359716004035,250.78144188826485,19.86765348797681,56.65057252332624,5.961837177914267,1,1,1,972,5,0.6640046296296296,11.937878844580933,0.2722183344996501,ELECTRE-III,1
1115,0773,0,0,"[9.626547163391427, 126.44550259488352]","[np.float64(7.973946415485226), np.float64(124.149349039821)]",2026-06-14 01:36:10,837.8232448702794,2,3.3346577347646162,312.131706925063,24.216189951319915,55.86007033445106,11.958158128693167,2,2,2,1413,6,0.6640046296296296,13.950172017582055,0.37508747375787266,ELECTRE-III,1
1116,0920,0,0,"[9.626547163391427, 126.44550259488352]","[np.float64(8.892971899473904), np.float64(125.331806408378)]",2026-06-14 01:36:10,479.00391335711856,1,5.185662386434188,146.94245851419205,11.954826347661488,57.33201366662924,2.4599976533037182,4,4,3,578,14,0.6640046296296296,0.0,1.0,ELECTRE-III,1
1117,0124,0,0,"[9.025084973948335, 126.31520990627635]","[np.float64(8.393387796179182), np.float64(125.2863501989723)]",2026-06-14 01:36:20,599.2435331968962,1,6.258093938343867,133.123839592068,10.858638924179491,57.078405327652085,12.958158128693167,1,1,1,746,2,0.6641203703703704,14.95051923980428,0.061931420573827854,ELECTRE-III,1
1118,0699,0,0,"[9.025084973948335, 126.31520990627635]","[np.float64(7.716099276197342), np.float64(125.2329603302509)]",2026-06-14 01:36:20,330.1034476849213,1,7.051359716004035,188.04243527899513,15.160536709676562,56.68584703529477,6.961837177914267,1,1,1,972,5,0.6641203703703704,2.3129945853216745,0.2722183344996501,ELECTRE-III,1
1119,0773,0,0,"[9.025084973948335, 126.31520990627635]","[np.float64(7.973946415485226), np.float64(124.149349039821)]",2026-06-14 01:36:20,837.8232448702794,2,3.3346577347646162,265.31672934939417,20.921893411448877,55.89569318606726,6.958158128693167,2,2,2,1413,6,0.6641203703703704,4.965797017582056,0.37508747375787266,ELECTRE-III,1
1120,0920,0,0,"[9.025084973948335, 126.31520990627635]","[np.float64(8.892971899473904), np.float64(125.331806408378)]",2026-06-14 01:36:20,479.00391335711856,1,5.185662386434188,109.00988533201075,8.92678255993977,57.36772872579924,0.0,4,4,3,578,14,0.6641203703703704,0.0,1.0,ELECTRE-III,1
1121,0124,0,0,"[8.423612539221487, 126.18521774599267]","[np.float64(8.393387796179182), np.float64(125.2863501989723)]",2026-06-14 01:36:30,599.2435331968962,1,6.258093938343867,98.93233771589854,8.113069012877169,57.113925726430736,9.958158128693167,1,1,1,746,2,0.6642361111111111,8.629685906470945,0.061931420573827854,ELECTRE-III,1
1122,0699,0,0,"[8.423612539221487, 126.18521774599267]","[np.float64(7.716099276197342), np.float64(125.2329603302509)]",2026-06-14 01:36:30,330.1034476849213,1,7.051359716004035,131.07287425746355,10.695234130128615,56.72110788688496,5.961837177914267,1,1,1,972,5,0.6642361111111111,9.283017733469823,0.2722183344996501,ELECTRE-III,1
1123,0773,0,0,"[8.423612539221487, 126.18521774599267]","[np.float64(7.973946415485226), np.float64(124.149349039821)]",2026-06-14 01:36:30,837.8232448702794,2,3.3346577347646162,229.57512064308412,18.30420940948306,55.931305792399705,3.9581581286931673,2,2,2,1413,6,0.6642361111111111,7.279338684248723,0.37508747375787266,ELECTRE-III,1
1124,0920,0,0,"[8.423612539221487, 126.18521774599267]","[np.float64(8.892971899473904), np.float64(125.331806408378)]",2026-06-14 01:36:30,479.00391335711856,1,5.185662386434188,107.35360459074353,8.793285971166442,57.40343695478006,0.4599976533037182,4,4,3,578,14,0.6642361111111111,0.4599976533037182,1.0,ELECTRE-III,1
1125,0124,0,0,"[7.822130712984533, 126.05549879327579]","[np.float64(8.393387796179182), np.float64(125.2863501989723)]",2026-06-14 01:36:40,599.2435331968962,1,6.258093938343867,105.84882278057411,8.671916705257166,57.149435879925626,5.958158128693167,1,1,1,746,2,0.6643518518518519,1.9720470175820561,0.061931420573827854,ELECTRE-III,1
1126,0699,0,0,"[7.822130712984533, 126.05549879327579]","[np.float64(7.716099276197342), np.float64(125.2329603302509)]",2026-06-14 01:36:40,330.1034476849213,1,7.051359716004035,91.38640349782366,7.501588156717152,56.75636190828598,1.9618371779142674,1,1,1,972,5,0.6643518518518519,0.0,0.2722183344996501,ELECTRE-III,1
1127,0773,0,0,"[7.822130712984533, 126.05549879327579]","[np.float64(7.973946415485226), np.float64(124.149349039821)]",2026-06-14 01:36:40,837.8232448702794,2,3.3346577347646162,210.6212660407402,16.882459167680285,55.966908153448394,5.958158128693167,2,2,2,1413,6,0.6643518518518519,6.622509980545019,0.37508747375787266,ELECTRE-III,1
1128,0920,0,0,"[7.822130712984533, 126.05549879327579]","[np.float64(8.892971899473904), np.float64(125.331806408378)]",2026-06-14 01:36:40,479.00391335711856,1,5.185662386434188,143.23682707484934,11.66170608287519,57.43913152338255,0.0,4,4,3,578,14,0.6643518518518519,0.0,1.0,ELECTRE-III,1
1129,0124,0,0,"[7.2206420565584075, 125.92603938774737]","[np.float64(8.393387796179182), np.float64(125.2863501989723)]",2026-06-14 01:36:50,599.2435331968962,1,6.258093938343867,148.22640319618887,12.056240904857711,57.18493920323136,12.958158128693167,1,1,1,746,2,0.6644675925925926,8.30688498054502,0.061931420573827854,ELECTRE-III,1
1130,0699,0,0,"[7.2206420565584075, 125.92603938774737]","[np.float64(7.716099276197342), np.float64(125.2329603302509)]",2026-06-14 01:36:50,330.1034476849213,1,7.051359716004035,94.20250516315588,7.729998155174038,56.791605684403244,0.9618371779142674,1,1,1,972,5,0.6644675925925926,4.948642733469823,0.2722183344996501,ELECTRE-III,1
1131,0773,0,0,"[7.2206420565584075, 125.92603938774737]","[np.float64(7.973946415485226), np.float64(124.149349039821)]",2026-06-14 01:36:50,837.8232448702794,2,3.3346577347646162,212.98630253815722,17.061076634227252,56.00250368430792,4.958158128693167,2,2,2,1413,6,0.6644675925925926,0.0,0.37508747375787266,ELECTRE-III,1
1132,0920,0,0,"[7.2206420565584075, 125.92603938774737]","[np.float64(8.892971899473904), np.float64(125.331806408378)]",2026-06-14 01:36:50,479.00391335711856,1,5.185662386434188,197.1271980112164,15.856929835323932,57.474819261795865,5.459997653303718,4,4,3,578,14,0.6644675925925926,6.788932838488903,1.0,ELECTRE-III,1
1133,0124,0,0,"[6.619146996829935, 125.79682586902906]","[np.float64(8.393387796179182), np.float64(125.2863501989723)]",2026-06-14 01:37:00,599.2435331968962,1,6.258093938343867,205.1556003670686,16.468377881597828,57.22042886615874,10.958158128693167,1,1,1,746,2,0.6645833333333333,13.6164914620265,0.061931420573827854,ELECTRE-III,1
1134,0699,0,0,"[6.619146996829935, 125.79682586902906]","[np.float64(7.716099276197342), np.float64(125.2329603302509)]",2026-06-14 01:37:00,330.1034476849213,1,7.051359716004035,136.92304416841145,11.16085609577631,56.82683580014217,5.961837177914267,1,1,1,972,5,0.6645833333333333,6.6264205112476,0.2722183344996501,ELECTRE-III,1
1135,0773,0,0,"[6.619146996829935, 125.79682586902906]","[np.float64(7.973946415485226), np.float64(124.149349039821)]",2026-06-14 01:37:00,837.8232448702794,2,3.3346577347646162,236.03098148678896,18.783285966135253,56.03808896988369,8.958158128693167,2,2,2,1413,6,0.6645833333333333,9.6227414620265,0.37508747375787266,ELECTRE-III,1
1136,0920,0,0,"[6.619146996829935, 125.79682586902906]","[np.float64(8.892971899473904), np.float64(125.331806408378)]",2026-06-14 01:37:00,479.00391335711856,1,5.185662386434188,257.9763064011119,20.39129763577762,57.510493339830845,6.459997653303718,4,4,3,578,14,0.6645833333333333,11.776664319970385,1.0,ELECTRE-III,1
1137,0124,0,0,"[6.017647241346409, 125.66781725598587]","[np.float64(8.393387796179182), np.float64(125.2863501989723)]",2026-06-14 01:37:10,599.2435331968962,1,6.258093938343867,267.5010183478766,21.07906482345763,57.25591169889696,13.958158128693167,1,1,1,746,2,0.664699074074074,19.940449795359832,0.061931420573827854,ELECTRE-III,1
1138,0699,0,0,"[6.017647241346409, 125.66781725598587]","[np.float64(7.716099276197342), np.float64(125.2329603302509)]",2026-06-14 01:37:10,330.1034476849213,1,7.051359716004035,194.86513657167123,15.683971804411483,56.862059085691925,3.9618371779142674,1,1,1,972,5,0.664699074074074,1.9677399556920454,0.2722183344996501,ELECTRE-III,1
1139,0773,0,0,"[6.017647241346409, 125.66781725598587]","[np.float64(7.973946415485226), np.float64(124.149349039821)]",2026-06-14 01:37:10,837.8232448702794,2,3.3346577347646162,274.5959206347288,21.587286505350693,56.0736640101757,7.958158128693167,2,2,2,1413,6,0.664699074074074,13.27575072128576,0.37508747375787266,ELECTRE-III,1
1140,0920,0,0,"[6.017647241346409, 125.66781725598587]","[np.float64(8.892971899473904), np.float64(125.331806408378)]",2026-06-14 01:37:10,479.00391335711856,1,5.185662386434188,321.86069306209157,24.880748749973886,57.54616741786582,3.4599976533037182,4,4,3,578,14,0.664699074074074,9.442289319970385,1.0,ELECTRE-III,1
1141,0124,0,0,"[5.416145351428766, 125.53899988823942]","[np.float64(8.393387796179182), np.float64(125.2863501989723)]",2026-06-14 01:37:20,599.2435331968962,1,6.258093938343867,332.22715042296505,25.58106633978761,57.291384286351416,12.958158128693167,1,1,1,746,2,0.6648148148148149,18.276676647211687,0.061931420573827854,ELECTRE-III,1
1142,0699,0,0,"[5.416145351428766, 125.53899988823942]","[np.float64(7.716099276197342), np.float64(125.2329603302509)]",2026-06-14 01:37:20,330.1034476849213,1,7.051359716004035,257.9680569962902,20.39069925579186,56.897272125957926,1.9618371779142674,1,1,1,972,5,0.6648148148148149,0.0,0.2722183344996501,ELECTRE-III,1
1143,0773,0,0,"[5.416145351428766, 125.53899988823942]","[np.float64(7.973946415485226), np.float64(124.149349039821)]",2026-06-14 01:37:20,837.8232448702794,2,3.3346577347646162,323.1723433664958,24.96980406309197,56.109232220278535,6.958158128693167,2,2,2,1413,6,0.6648148148148149,7.622972943507982,0.37508747375787266,ELECTRE-III,1
1144,0920,0,0,"[5.416145351428766, 125.53899988823942]","[np.float64(8.892971899473904), np.float64(125.331806408378)]",2026-06-14 01:37:20,479.00391335711856,1,5.185662386434188,387.2810391488122,29.16334538700113,57.58182783552245,0.4599976533037182,4,4,3,578,14,0.6648148148148149,1.1248124681185332,1.0,ELECTRE-III,1
1145,0124,0,0,"[4.814641753963832, 125.4103601054114]","[np.float64(8.393387796179182), np.float64(125.2863501989723)]",2026-06-14 01:37:30,599.2435331968962,1,6.258093938343867,398.17456806055566,29.844555969531342,57.32685004361671,5.958158128693167,1,1,1,746,2,0.6649305555555556,0.0,0.061931420573827854,ELECTRE-III,1
1146,0699,0,0,"[4.814641753963832, 125.4103601054114]","[np.float64(7.716099276197342), np.float64(125.2329603302509)]",2026-06-14 01:37:30,330.1034476849213,1,7.051359716004035,323.2229880417909,24.97324003463782,56.93247492094017,4.961837177914267,1,1,1,972,5,0.6649305555555556,3.631976066803156,0.2722183344996501,ELECTRE-III,1
1147,0773,0,0,"[4.814641753963832, 125.4103601054114]","[np.float64(7.973946415485226), np.float64(124.149349039821)]",2026-06-14 01:37:30,837.8232448702794,2,3.3346577347646162,377.91965385632847,28.570626070666734,56.14479018509763,3.9581581286931673,2,2,2,1413,6,0.6649305555555556,1.9633664620265006,0.37508747375787266,ELECTRE-III,1
1148,0699,0,0,"[4.213138156498896, 125.28187058674513]","[np.float64(7.716099276197342), np.float64(125.2329603302509)]",2026-06-14 01:37:40,330.1034476849213,1,7.051359716004035,389.54959932005886,29.305962018072748,56.96766405554408,4.961837177914267,1,1,1,972,5,0.6650462962962963,1.636605696432786,0.2722183344996501,ELECTRE-III,1
1149,0295,0,0,"[3.6116362665812543, 125.15351767186225]","[np.float64(0.6293316218054639), np.float64(123.1522794338821)]",2026-06-14 01:37:50,394.2167316026773,1,3.471077242053693,399.26166224673386,29.912032712905063,51.243176644224256,10.83085872292998,2,2,2,1411,9,0.665162037037037,15.48699298218924,0.6014695591322603,ELECTRE-III,1
1150,0295,0,0,"[3.0101371514279625, 125.02528770038442]","[np.float64(0.6293316218054639), np.float64(123.1522794338821)]",2026-06-14 01:38:00,394.2167316026773,1,3.471077242053693,336.7642057349766,25.88502747115711,51.27593764657823,5.83085872292998,2,2,2,1411,9,0.6652777777777777,6.496136500707758,0.6014695591322603,ELECTRE-III,1
1151,0295,0,0,"[2.408642732029725, 124.89715335155499]","[np.float64(0.6293316218054639), np.float64(123.1522794338821)]",2026-06-14 01:38:10,394.2167316026773,1,3.471077242053693,277.055408147971,21.76263966695489,51.30868498855385,10.83085872292998,2,2,2,1411,9,0.6653935185185185,8.834678167374424,0.6014695591322603,ELECTRE-III,1
1152,0295,0,0,"[1.807154289047011, 124.76908730461724]","[np.float64(0.6293316218054639), np.float64(123.1522794338821)]",2026-06-14 01:38:20,394.2167316026773,1,3.471077242053693,222.39183808938586,17.76802213946839,51.341418670151135,7.83085872292998,2,2,2,1411,9,0.6655092592592593,7.1653494636707205,0.6014695591322603,ELECTRE-III,1
1153,0295,0,0,"[1.2056733165837017, 124.64108955957121]","[np.float64(0.6293316218054639), np.float64(123.1522794338821)]",2026-06-14 01:38:30,394.2167316026773,1,3.471077242053693,177.4994783026246,14.346588518110064,51.374138691370085,5.83085872292998,2,2,2,1411,9,0.665625,7.16210872292998,0.6014695591322603,ELECTRE-III,1
1154,0295,0,0,"[0.6042010953002667, 124.51313279566018]","[np.float64(0.6293316218054639), np.float64(123.1522794338821)]",2026-06-14 01:38:40,394.2167316026773,1,3.471077242053693,151.3372356590144,12.30163651639603,51.40684505221069,5.83085872292998,2,2,2,1411,9,0.6657407407407407,0.504932797004054,0.6014695591322603,ELECTRE-III,1
1155,0295,0,0,"[0.0027391195090275076, 124.38518969212751]","[np.float64(0.6293316218054639), np.float64(123.1522794338821)]",2026-06-14 01:38:50,394.2167316026773,1,3.471077242053693,153.78020658075553,12.494028042184514,51.43953433757837,12.83085872292998,2,2,2,1411,9,0.6658564814814815,14.828428167374424,0.6014695591322603,ELECTRE-III,1
1156,0295,0,0,"[-0.5987112240331631, 124.25726024897317]","[np.float64(0.6293316218054639), np.float64(123.1522794338821)]",2026-06-14 01:39:00,394.2167316026773,1,3.471077242053693,183.6916196672697,14.825379559628566,51.4722133776623,7.83085872292998,2,2,2,1411,9,0.6659722222222222,11.16071983404109,0.6014695591322603,ELECTRE-III,1
1157,0295,0,0,"[-1.200148440597102, 124.12930348506215]","[np.float64(0.6293316218054639), np.float64(123.1522794338821)]",2026-06-14 01:39:10,394.2167316026773,1,3.471077242053693,230.6184025731925,18.381810998613954,51.504875342273294,8.83085872292998,2,2,2,1411,9,0.6660879629629629,12.827386500707757,0.6014695591322603,ELECTRE-III,1
1158,0295,0,0,"[-1.8015710362873485, 124.00131940039445]","[np.float64(0.6293316218054639), np.float64(123.1522794338821)]",2026-06-14 01:39:20,394.2167316026773,1,3.471077242053693,286.31326275849517,22.41884700302089,51.53752364650596,10.83085872292998,2,2,2,1411,9,0.6662037037037037,14.828080945152202,0.6014695591322603,ELECTRE-III,1
1159,0295,0,0,"[-2.4029777304434337, 123.87326701383505]","[np.float64(0.6293316218054639), np.float64(123.1522794338821)]",2026-06-14 01:39:30,394.2167316026773,1,3.471077242053693,346.5734601616365,26.53687257164753,51.57015487526569,5.83085872292998,2,2,2,1411,9,0.6663194444444445,3.8319003895966466,0.6014695591322603,ELECTRE-III,1
1160,0906,0,0,"[44.21417774294536, 110.78133799767303]","[np.float64(40.81262398931596), np.float64(109.8750581943191)]",2026-06-14 03:05:20,280.3586897236751,1,7.511440879307657,385.45378517028877,29.048183275016022,63.39778855530167,7.710917415608993,2,2,2,652,8,0.725925925925926,0.4516581563497333,0.5290412876137159,ELECTRE-III,1
1161,0906,0,0,"[43.61786124726823, 110.57324262423026]","[np.float64(40.81262398931596), np.float64(109.8750581943191)]",2026-06-14 03:05:30,280.3586897236751,1,7.511440879307657,317.18005155185676,24.561906690871034,63.42392085906614,13.710917415608993,2,2,2,652,8,0.7260416666666667,10.806750748942326,0.5290412876137159,ELECTRE-III,1
1162,0906,0,0,"[43.02131252515932, 110.36841891139991]","[np.float64(40.81262398931596), np.float64(109.8750581943191)]",2026-06-14 03:05:40,280.3586897236751,1,7.511440879307657,248.9633375796357,19.73477819492651,63.4500326722631,8.710917415608993,2,2,2,652,8,0.7261574074074074,13.067861860053437,0.5290412876137159,ELECTRE-III,1
1163,0906,0,0,"[42.42454182190237, 110.16674391577695]","[np.float64(40.81262398931596), np.float64(109.8750581943191)]",2026-06-14 03:05:50,280.3586897236751,1,7.511440879307657,180.8696069289775,14.60743319430285,63.47612399489255,13.710917415608993,2,2,2,652,8,0.7262731481481481,13.710917415608993,0.5290412876137159,ELECTRE-III,1
1164,0906,0,0,"[41.82755596768658, 109.96808103357796]","[np.float64(40.81262398931596), np.float64(109.8750581943191)]",2026-06-14 03:06:00,280.3586897236751,1,7.511440879307657,113.1224788948476,9.25783341435812,63.50220165714366,9.710917415608993,2,2,2,652,8,0.7263888888888889,8.258139637831215,0.5290412876137159,ELECTRE-III,1
1165,0829,0,0,"[41.23036862289027, 109.77232098177622]","[np.float64(39.09537393106385), np.float64(106.6765177722966)]",2026-06-14 03:06:10,242.4211475642068,1,5.932211366670547,354.3074162409834,27.045648672617368,62.29075832481518,15.954479079472067,2,2,2,1104,7,0.7265046296296296,11.59545130169429,0.4688593421973408,ELECTRE-III,1
1166,0906,0,0,"[41.23036862289027, 109.77232098177622]","[np.float64(40.81262398931596), np.float64(109.8750581943191)]",2026-06-14 03:06:10,280.3586897236751,1,7.511440879307657,47.243978844882655,3.8943959397032333,63.52825199863809,4.710917415608993,2,2,2,652,8,0.7265046296296296,3.2579081563497336,0.5290412876137159,ELECTRE-III,1
1167,0829,0,0,"[40.63298320260803, 109.57935447734502]","[np.float64(39.09537393106385), np.float64(106.6765177722966)]",2026-06-14 03:06:20,242.4211475642068,1,5.932211366670547,300.995835064774,23.446935974245168,62.31957489292346,7.954479079472067,2,2,2,1104,7,0.7266203703703704,13.76744204243503,0.4688593421973408,ELECTRE-III,1
1168,0906,0,0,"[40.63298320260803, 109.57935447734502]","[np.float64(40.81262398931596), np.float64(109.8750581943191)]",2026-06-14 03:06:20,280.3586897236751,1,7.511440879307657,31.93725307213974,2.634841079435651,63.55428867975418,10.710917415608993,2,2,2,652,8,0.7266203703703704,9.257676674868252,0.5290412876137159,ELECTRE-III,1
1169,0829,0,0,"[40.035409952123615, 109.38907223725764]","[np.float64(39.09537393106385), np.float64(106.6765177722966)]",2026-06-14 03:06:30,242.4211475642068,1,5.932211366670547,254.91942071767997,20.169245481225104,62.3483778006534,13.954479079472067,2,2,2,1104,7,0.7267361111111111,15.40795130169429,0.4688593421973408,ELECTRE-III,1
1170,0906,0,0,"[40.035409952123615, 109.38907223725764]","[np.float64(40.81262398931596), np.float64(109.8750581943191)]",2026-06-14 03:06:30,280.3586897236751,1,7.511440879307657,95.71362810707733,7.852461821554625,63.580304870302754,6.710917415608993,2,2,2,652,8,0.7267361111111111,6.710917415608993,0.5290412876137159,ELECTRE-III,1
1171,0500,0,0,"[39.43765911672078, 109.20137863886568]","[np.float64(37.93154518815347), np.float64(113.3465769922843)]",2026-06-14 03:06:40,228.02084309277055,1,7.3718915304281865,396.80935200101095,29.7596866563684,67.45113699748906,0.0,4,4,3,568,13,0.7268518518518519,0.0,0.9188243526941917,ELECTRE-III,1
1172,0829,0,0,"[39.43765911672078, 109.20137863886568]","[np.float64(39.09537393106385), np.float64(106.6765177722966)]",2026-06-14 03:06:40,242.4211475642068,1,5.932211366670547,220.66033625933738,17.63828992969329,62.37717387819418,9.954479079472067,2,2,2,1104,7,0.7268518518518519,10.681330931323918,0.4688593421973408,ELECTRE-III,1
1173,0906,0,0,"[39.43765911672078, 109.20137863886568]","[np.float64(40.81262398931596), np.float64(109.8750581943191)]",2026-06-14 03:06:40,280.3586897236751,1,7.511440879307657,163.26518454230276,13.2382565207648,63.60630057028382,11.710917415608993,2,2,2,652,8,0.7268518518518519,9.530361860053437,0.5290412876137159,ELECTRE-III,1
1174,0500,0,0,"[38.83973069639952, 109.01616439914245]","[np.float64(37.93154518815347), np.float64(113.3465769922843)]",2026-06-14 03:06:50,228.02084309277055,1,7.3718915304281865,390.6711464958292,29.37632306064746,67.4780957541431,3.83453777215108,4,4,3,568,13,0.7269675925925926,5.288472957336265,0.9188243526941917,ELECTRE-III,1
1175,0829,0,0,"[38.83973069639952, 109.01616439914245]","[np.float64(39.09537393106385), np.float64(106.6765177722966)]",2026-06-14 03:06:50,242.4211475642068,1,5.932211366670547,204.25447643811665,16.39993684295206,62.405949465167446,7.954479079472067,2,2,2,1104,7,0.7269675925925926,9.408414264657253,0.4688593421973408,ELECTRE-III,1
1176,0906,0,0,"[38.83973069639952, 109.01616439914245]","[np.float64(40.81262398931596), np.float64(109.8750581943191)]",2026-06-14 03:06:50,280.3586897236751,1,7.511440879307657,231.3091348665469,18.433150788241477,63.63227577969738,13.710917415608993,2,2,2,652,8,0.7269675925925926,10.803047045238623,0.5290412876137159,ELECTRE-III,1
1177,0191,0,0,"[38.241638351538185, 108.83334755581788]","[np.float64(35.08390783955726), np.float64(108.6983962120102)]",2026-06-14 03:07:00,337.6807943486268,1,2.4102252758635387,351.3302384216704,26.85033608735536,65.58301878778805,15.579938960624705,1,1,1,678,4,0.7270833333333333,11.217438960624705,0.18754373687893633,ELECTRE-III,1
1178,0500,0,0,"[38.241638351538185, 108.83334755581788]","[np.float64(37.93154518815347), np.float64(113.3465769922843)]",2026-06-14 03:07:00,228.02084309277055,1,7.3718915304281865,396.45699575615043,29.7377588812978,67.50502719004047,6.83453777215108,4,4,3,568,13,0.7270833333333333,9.01578777215108,0.9188243526941917,ELECTRE-III,1
1179,0719,0,0,"[38.241638351538185, 108.83334755581788]","[np.float64(35.08020700577351), np.float64(108.0991195646698)]",2026-06-14 03:07:00,414.6530994102595,1,2.1611991331749394,357.58021860390994,27.259573462212536,65.12963766087177,9.707238366387893,3,3,3,826,6,0.7270833333333333,11.16140503305456,0.37508747375787266,ELECTRE-III,1
1180,0817,0,0,"[38.241638351538185, 108.83334755581788]","[np.float64(34.62513784384307), np.float64(109.2612493917191)]",2026-06-14 03:07:00,811.0501085492726,2,5.866572947853646,403.95342271639123,30.20220630325545,66.18380905737153,8.710917415608993,1,1,1,675,6,0.7270833333333333,13.073417415608994,0.37508747375787266,ELECTRE-III,1
1181,0829,0,0,"[38.241638351538185, 108.83334755581788]","[np.float64(39.09537393106385), np.float64(106.6765177722966)]",2026-06-14 03:07:00,242.4211475642068,1,5.932211366670547,209.9328076549008,16.830400159651116,62.43471139176236,10.954479079472067,2,2,2,1104,7,0.7270833333333333,16.044062412805403,0.4688593421973408,ELECTRE-III,1
1182,0906,0,0,"[38.241638351538185, 108.83334755581788]","[np.float64(40.81262398931596), np.float64(109.8750581943191)]",2026-06-14 03:07:00,280.3586897236751,1,7.511440879307657,299.51001365596903,23.343608987611358,63.65823049854343,5.710917415608993,2,2,2,652,8,0.7270833333333333,0.0,0.5290412876137159,ELECTRE-III,1
1183,0191,0,0,"[37.64338208213677, 108.65283931643279]","[np.float64(35.08390783955726), np.float64(108.6983962120102)]",2026-06-14 03:07:10,337.6807943486268,1,2.4102252758635387,284.6301729653607,22.300002097528168,65.61454694099682,9.579938960624705,1,1,1,678,4,0.727199074074074,2.307948219883965,0.18754373687893633,ELECTRE-III,1
1184,0526,0,0,"[37.64338208213677, 108.65283931643279]","[np.float64(34.55784217130976), np.float64(108.4980001147001)]",2026-06-14 03:07:10,322.2281583046994,1,4.992435984874029,343.378603489366,26.325369890428735,65.6562110949339,6.332698247540531,2,2,2,941,14,0.727199074074074,11.423091766059049,1.0,ELECTRE-III,1
1185,0719,0,0,"[37.64338208213677, 108.65283931643279]","[np.float64(35.08020700577351), np.float64(108.0991195646698)]",2026-06-14 03:07:10,414.6530994102595,1,2.1611991331749394,289.29126711906736,22.62862952347728,65.16132973862062,7.707238366387893,3,3,3,826,6,0.727199074074074,13.524830958980484,0.37508747375787266,ELECTRE-III,1
1186,0817,0,0,"[37.64338208213677, 108.65283931643279]","[np.float64(34.62513784384307), np.float64(109.2612493917191)]",2026-06-14 03:07:10,811.0501085492726,2,5.866572947853646,340.02979318518135,26.102842977676374,66.21556260682293,9.710917415608993,1,1,1,675,6,0.727199074074074,16.255709082275658,0.37508747375787266,ELECTRE-III,1
1187,0829,0,0,"[37.64338208213677, 108.65283931643279]","[np.float64(39.09537393106385), np.float64(106.6765177722966)]",2026-06-14 03:07:10,242.4211475642068,1,5.932211366670547,236.10897488348027,18.789057224713776,62.46345965797895,7.954479079472067,2,2,2,1104,7,0.727199074074074,0.6824883387313267,0.4688593421973408,ELECTRE-III,1
1188,0906,0,0,"[37.64338208213677, 108.65283931643279]","[np.float64(40.81262398931596), np.float64(109.8750581943191)]",2026-06-14 03:07:10,280.3586897236751,1,7.511440879307657,367.78143762997604,27.92110417009011,63.68417155701114,13.710917415608993,2,2,2,652,8,0.727199074074074,19.528510008201586,0.5290412876137159,ELECTRE-III,1
1189,0191,0,0,"[37.04497554857361, 108.47455088852794]","[np.float64(35.08390783955726), np.float64(108.6983962120102)]",2026-06-14 03:07:20,337.6807943486268,1,2.4102252758635387,218.98713390554173,17.512748055761794,65.64606143382726,14.579938960624705,1,1,1,678,4,0.7273148148148149,11.670679701365446,0.18754373687893633,ELECTRE-III,1
1190,0526,0,0,"[37.04497554857361, 108.47455088852794]","[np.float64(34.55784217130976), np.float64(108.4980001147001)]",2026-06-14 03:07:20,322.2281583046994,1,4.992435984874029,276.5650862730134,21.727715430386606,65.68822419157375,4.332698247540531,2,2,2,941,14,0.7273148148148149,2.878068617910901,1.0,ELECTRE-III,1
1191,0719,0,0,"[37.04497554857361, 108.47455088852794]","[np.float64(35.08020700577351), np.float64(108.0991195646698)]",2026-06-14 03:07:20,414.6530994102595,1,2.1611991331749394,221.0629170567629,17.668469889129238,65.19301498618032,12.707238366387893,3,3,3,826,6,0.7273148148148149,6.161405033054559,0.37508747375787266,ELECTRE-III,1
1192,0817,0,0,"[37.04497554857361, 108.47455088852794]","[np.float64(34.62513784384307), np.float64(109.2612493917191)]",2026-06-14 03:07:20,811.0501085492726,2,5.866572947853646,278.2593788163293,21.848322982981603,66.24730932608514,4.710917415608993,1,1,1,675,6,0.7273148148148149,4.710917415608993,0.37508747375787266,ELECTRE-III,1
1193,0829,0,0,"[37.04497554857361, 108.47455088852794]","[np.float64(39.09537393106385), np.float64(106.6765177722966)]",2026-06-14 03:07:20,242.4211475642068,1,5.932211366670547,277.0328912456354,21.761036223924645,62.4921942638172,16.954479079472065,2,2,2,1104,7,0.7273148148148149,19.13642352391651,0.4688593421973408,ELECTRE-III,1
1194,0191,0,0,"[36.446418750848714, 108.29839347964415]","[np.float64(35.08390783955726), np.float64(108.6983962120102)]",2026-06-14 03:07:30,337.6807943486268,1,2.4102252758635387,155.74334480462954,12.648424268725584,65.67756226627937,7.579938960624705,1,1,1,678,4,0.7274305555555556,13.39938340506915,0.18754373687893633,ELECTRE-III,1
1195,0526,0,0,"[36.446418750848714, 108.29839347964415]","[np.float64(34.55784217130976), np.float64(108.4980001147001)]",2026-06-14 03:07:30,322.2281583046994,1,4.992435984874029,210.77617598910956,16.894169007067138,65.72022362783527,8.332698247540531,2,2,2,941,14,0.7274305555555556,6.87783713642942,1.0,ELECTRE-III,1
1196,0719,0,0,"[36.446418750848714, 108.29839347964415]","[np.float64(35.08020700577351), np.float64(108.0991195646698)]",2026-06-14 03:07:30,414.6530994102595,1,2.1611991331749394,152.97621972266757,12.4307429660196,65.22468657336167,11.707238366387893,3,3,3,826,6,0.7274305555555556,8.79751614416567,0.37508747375787266,ELECTRE-III,1
1197,0817,0,0,"[36.446418750848714, 108.29839347964415]","[np.float64(34.62513784384307), np.float64(109.2612493917191)]",2026-06-14 03:07:30,811.0501085492726,2,5.866572947853646,220.45928995579905,17.62321446211115,66.27904238496902,4.710917415608993,1,1,1,675,6,0.7274305555555556,11.257792415608993,0.37508747375787266,ELECTRE-III,1
1198,0829,0,0,"[36.446418750848714, 108.29839347964415]","[np.float64(39.09537393106385), np.float64(106.6765177722966)]",2026-06-14 03:07:30,242.4211475642068,1,5.932211366670547,327.21831224381134,25.243696025400475,62.5209152092771,12.954479079472067,2,2,2,1104,7,0.7274305555555556,6.407604079472067,0.4688593421973408,ELECTRE-III,1
1199,0191,0,0,"[35.84772193424583, 108.12430561807886]","[np.float64(35.08390783955726), np.float64(108.6983962120102)]",2026-06-14 03:07:40,337.6807943486268,1,2.4102252758635387,99.58197764709195,8.165627382155023,65.70904943835312,11.579938960624705,1,1,1,678,4,0.7275462962962963,5.759568590254335,0.18754373687893633,ELECTRE-III,1
1200,0526,0,0,"[35.84772193424583, 108.12430561807886]","[np.float64(34.55784217130976), np.float64(108.4980001147001)]",2026-06-14 03:07:40,322.2281583046994,1,4.992435984874029,147.39199962484787,11.990342800549207,65.75220940371842,10.332698247540531,2,2,2,941,14,0.7275462962962963,3.7847815808738643,1.0,ELECTRE-III,1
1201,0719,0,0,"[35.84772193424583, 108.12430561807886]","[np.float64(35.08020700577351), np.float64(108.0991195646698)]",2026-06-14 03:07:40,414.6530994102595,1,2.1611991331749394,85.37436263188546,7.013165533058404,65.25635133035384,3.7072383663878927,3,3,3,826,6,0.7275462962962963,2.2521457737953003,0.37508747375787266,ELECTRE-III,1
1202,0817,0,0,"[35.84772193424583, 108.12430561807886]","[np.float64(34.62513784384307), np.float64(109.2612493917191)]",2026-06-14 03:07:40,811.0501085492726,2,5.866572947853646,170.71165676264584,13.819378630073746,66.31076178347456,4.710917415608993,1,1,1,675,6,0.7275462962962963,4.710917415608993,0.37508747375787266,ELECTRE-III,1
1203,0829,0,0,"[35.84772193424583, 108.12430561807886]","[np.float64(39.09537393106385), np.float64(106.6765177722966)]",2026-06-14 03:07:40,242.4211475642068,1,5.932211366670547,383.0431733537842,28.89586099310035,62.54962249435866,7.954479079472067,2,2,2,1104,7,0.7275462962962963,9.40957167206466,0.4688593421973408,ELECTRE-III,1
1204,0932,0,0,"[35.84772193424583, 108.12430561807886]","[np.float64(32.96764896585764), np.float64(106.8046809372893)]",2026-06-14 03:07:40,193.75604344516861,1,4.4229781786680284,342.35732409775204,26.25759655146225,64.9244109668804,12.081778485235255,2,2,2,622,3,0.7275462962962963,7.7165007074574765,0.13750874737578728,ELECTRE-III,1
1205,0191,0,0,"[35.248885098764966, 107.95219851137288]","[np.float64(35.08390783955726), np.float64(108.6983962120102)]",2026-06-14 03:07:50,337.6807943486268,1,2.4102252758635387,70.26612206670401,5.781382338438279,65.74052978023771,10.579938960624705,1,1,1,678,4,0.727662037037037,14.945911182846928,0.18754373687893633,ELECTRE-III,1
1206,0526,0,0,"[35.248885098764966, 107.95219851137288]","[np.float64(34.55784217130976), np.float64(108.4980001147001)]",2026-06-14 03:07:50,322.2281583046994,1,4.992435984874029,91.55206542768062,7.515031472934933,65.78418834941243,11.332698247540531,2,2,2,941,14,0.727662037037037,7.694388062355346,1.0,ELECTRE-III,1
1207,0719,0,0,"[35.248885098764966, 107.95219851137288]","[np.float64(35.08020700577351), np.float64(108.0991195646698)]",2026-06-14 03:07:50,414.6530994102595,1,2.1611991331749394,23.02523537386958,1.9002378583633805,65.28800242696768,7.707238366387893,3,3,3,826,6,0.727662037037037,7.707238366387893,0.37508747375787266,ELECTRE-III,1
1208,0817,0,0,"[35.248885098764966, 107.95219851137288]","[np.float64(34.62513784384307), np.float64(109.2612493917191)]",2026-06-14 03:07:50,811.0501085492726,2,5.866572947853646,138.01805632488004,11.24784567987737,66.34247435179093,3.710917415608993,1,1,1,675,6,0.727662037037037,0.0,0.37508747375787266,ELECTRE-III,1
1209,0932,0,0,"[35.248885098764966, 107.95219851137288]","[np.float64(32.96764896585764), np.float64(106.8046809372893)]",2026-06-14 03:07:50,193.75604344516861,1,4.4229781786680284,274.77732208287324,21.600234379550127,64.95800183721852,5.0817784852352545,2,2,2,622,3,0.727662037037037,6.537102559309329,0.13750874737578728,ELECTRE-III,1
1210,0191,0,0,"[34.64992190478445, 107.78201068782367]","[np.float64(35.08390783955726), np.float64(108.6983962120102)]",2026-06-14 03:08:00,337.6807943486268,1,2.4102252758635387,96.53204114416914,7.918757184353993,65.77199646174395,12.579938960624705,1,1,1,678,4,0.7277777777777777,11.12438340506915,0.18754373687893633,ELECTRE-III,1
1211,0526,0,0,"[34.64992190478445, 107.78201068782367]","[np.float64(34.55784217130976), np.float64(108.4980001147001)]",2026-06-14 03:08:00,322.2281583046994,1,4.992435984874029,66.32543623504273,5.45916548340335,65.8161536347281,7.332698247540531,2,2,2,941,14,0.7277777777777777,3.693809358651642,1.0,ELECTRE-III,1
1212,0719,0,0,"[34.64992190478445, 107.78201068782367]","[np.float64(35.08020700577351), np.float64(108.0991195646698)]",2026-06-14 03:08:00,414.6530994102595,1,2.1611991331749394,55.912691243924584,4.606133740648434,65.31963986320318,12.707238366387893,3,3,3,826,6,0.7277777777777777,13.43501614416567,0.37508747375787266,ELECTRE-III,1
1213,0817,0,0,"[34.64992190478445, 107.78201068782367]","[np.float64(34.62513784384307), np.float64(109.2612493917191)]",2026-06-14 03:08:00,811.0501085492726,2,5.866572947853646,135.35845304622094,11.036471983548488,66.37416642953978,3.710917415608993,1,1,1,675,6,0.7277777777777777,0.0,0.37508747375787266,ELECTRE-III,1
1214,0932,0,0,"[34.64992190478445, 107.78201068782367]","[np.float64(32.96764896585764), np.float64(106.8046809372893)]",2026-06-14 03:08:00,193.75604344516861,1,4.4229781786680284,207.71085764247047,16.66218843933481,64.99158587736747,5.0817784852352545,2,2,2,622,3,0.7277777777777777,5.809556263013032,0.13750874737578728,ELECTRE-III,1
1215,0191,0,0,"[34.05082893720971, 107.61366701535037]","[np.float64(35.08390783955726), np.float64(108.6983962120102)]",2026-06-14 03:08:10,337.6807943486268,1,2.4102252758635387,151.85572895983205,12.342493183360425,65.80344948287187,14.579938960624705,1,1,1,678,4,0.7278935185185185,12.396258405069151,0.18754373687893633,ELECTRE-III,1
1216,0526,0,0,"[34.05082893720971, 107.61366701535037]","[np.float64(34.55784217130976), np.float64(108.4980001147001)]",2026-06-14 03:08:10,322.2281583046994,1,4.992435984874029,98.87570160146528,8.10848628057786,65.84811208985458,12.332698247540531,2,2,2,941,14,0.7278935185185185,7.237443617910902,1.0,ELECTRE-III,1
1217,0592,0,0,"[34.05082893720971, 107.61366701535037]","[np.float64(30.70957724471974), np.float64(107.9200964613234)]",2026-06-14 03:08:10,6.99478089230801,1,3.683282139726314,372.6427460198725,28.233539343853817,66.49996485367309,0.3363772967616301,4,4,3,1138,10,0.7278935185185185,0.0,0.655703289013296,ELECTRE-III,1
1218,0719,0,0,"[34.05082893720971, 107.61366701535037]","[np.float64(35.08020700577351), np.float64(108.0991195646698)]",2026-06-14 03:08:10,414.6530994102595,1,2.1611991331749394,122.78959075908014,10.033518847296014,65.35126363906033,4.707238366387893,3,3,3,826,6,0.7278935185185185,0.33987725527678236,0.37508747375787266,ELECTRE-III,1
1219,0817,0,0,"[34.05082893720971, 107.61366701535037]","[np.float64(34.62513784384307), np.float64(109.2612493917191)]",2026-06-14 03:08:10,811.0501085492726,2,5.866572947853646,164.1992216504682,13.311303600347774,66.40585167709948,8.710917415608993,1,1,1,675,6,0.7278935185185185,3.6156627859793637,0.37508747375787266,ELECTRE-III,1
1220,0932,0,0,"[34.05082893720971, 107.61366701535037]","[np.float64(32.96764896585764), np.float64(106.8046809372893)]",2026-06-14 03:08:10,193.75604344516861,1,4.4229781786680284,141.88753717332057,11.554820735461709,65.02515625713808,7.0817784852352545,2,2,2,622,3,0.7278935185185185,0.0,0.13750874737578728,ELECTRE-III,1
1221,0191,0,0,"[33.45161302622991, 107.44709919206127]","[np.float64(35.08390783955726), np.float64(108.6983962120102)]",2026-06-14 03:08:20,337.6807943486268,1,2.4102252758635387,214.85537238099087,17.201995420963332,65.8348956738106,6.579938960624705,1,1,1,678,4,0.7280092592592593,9.491975997661743,0.18754373687893633,ELECTRE-III,1
1222,0321,0,0,"[33.45161302622991, 107.44709919206127]","[np.float64(31.03278181291179), np.float64(104.4029732396626)]",2026-06-14 03:08:20,68.10566405811396,1,5.32772845477167,392.7774910200328,29.50820349555711,63.51188003519757,0.0,2,2,2,569,13,0.7280092592592593,5.824074074074074,0.9188243526941917,ELECTRE-III,1
1223,0526,0,0,"[33.45161302622991, 107.44709919206127]","[np.float64(34.55784217130976), np.float64(108.4980001147001)]",2026-06-14 03:08:20,322.2281583046994,1,4.992435984874029,156.56997413534225,12.713381038186718,65.88005688460272,12.332698247540531,2,2,2,941,14,0.7280092592592593,17.428763062355344,1.0,ELECTRE-III,1
1224,0592,0,0,"[33.45161302622991, 107.44709919206127]","[np.float64(30.70957724471974), np.float64(107.9200964613234)]",2026-06-14 03:08:20,6.99478089230801,1,3.683282139726314,308.1390309110317,23.941430076504687,66.53494225241272,2.33637729676163,4,4,3,1138,10,0.7280092592592593,2.33637729676163,0.655703289013296,ELECTRE-III,1
1225,0719,0,0,"[33.45161302622991, 107.44709919206127]","[np.float64(35.08020700577351), np.float64(108.0991195646698)]",2026-06-14 03:08:20,414.6530994102595,1,2.1611991331749394,190.74515814208632,15.368203882821255,65.38288058472833,3.7072383663878927,3,3,3,826,6,0.7280092592592593,8.075293921943448,0.37508747375787266,ELECTRE-III,1
1226,0799,0,0,"[33.45161302622991, 107.44709919206127]","[np.float64(30.74927626066766), np.float64(105.2489264295708)]",2026-06-14 03:08:20,129.47175586896665,1,4.29287580133261,364.892058258789,27.734543672185264,64.27601427878191,1.0854575344563555,3,3,3,598,11,0.7280092592592593,0.0,0.7655703289013296,ELECTRE-III,1
1227,0817,0,0,"[33.45161302622991, 107.44709919206127]","[np.float64(34.62513784384307), np.float64(109.2612493917191)]",2026-06-14 03:08:20,811.0501085492726,2,5.866572947853646,212.05581248963594,16.990842692801518,66.43752326428083,9.710917415608993,1,1,1,675,6,0.7280092592592593,3.158834082275659,0.37508747375787266,ELECTRE-III,1
1228,0932,0,0,"[33.45161302622991, 107.44709919206127]","[np.float64(32.96764896585764), np.float64(106.8046809372893)]",2026-06-14 03:08:20,193.75604344516861,1,4.4229781786680284,80.42377481345196,6.610202459235456,65.0587266369087,6.0817784852352545,2,2,2,622,3,0.7280092592592593,6.809787744494514,0.13750874737578728,ELECTRE-III,1
1229,0191,0,0,"[32.85228441712879, 107.28225257644301]","[np.float64(35.08390783955726), np.float64(108.6983962120102)]",2026-06-14 03:08:30,337.6807943486268,1,2.4102252758635387,280.4036138888817,22.00066807965204,65.86632137418184,11.579938960624705,1,1,1,678,4,0.728125,4.298688960624705,0.18754373687893633,ELECTRE-III,1
1230,0321,0,0,"[32.85228441712879, 107.28225257644301]","[np.float64(31.03278181291179), np.float64(104.4029732396626)]",2026-06-14 03:08:30,68.10566405811396,1,5.32772845477167,338.7136010808631,26.015149783754918,63.54702135847728,0.0,2,2,2,569,13,0.728125,4.36875,0.9188243526941917,ELECTRE-III,1
1231,0526,0,0,"[32.85228441712879, 107.28225257644301]","[np.float64(34.55784217130976), np.float64(108.4980001147001)]",2026-06-14 03:08:30,322.2281583046994,1,4.992435984874029,220.48170583391354,17.624895442777646,65.91198801897254,4.332698247540531,2,2,2,941,14,0.728125,0.0,1.0,ELECTRE-III,1
1232,0592,0,0,"[32.85228441712879, 107.28225257644301]","[np.float64(30.70957724471974), np.float64(107.9200964613234)]",2026-06-14 03:08:30,6.99478089230801,1,3.683282139726314,245.76659016648546,19.500608942323293,66.56991282096318,7.33637729676163,4,4,3,1138,10,0.728125,1.51137729676163,0.655703289013296,ELECTRE-III,1
1233,0719,0,0,"[32.85228441712879, 107.28225257644301]","[np.float64(35.08020700577351), np.float64(108.0991195646698)]",2026-06-14 03:08:30,414.6530994102595,1,2.1611991331749394,258.9313673075661,20.46054264286131,65.41448387001797,6.707238366387893,3,3,3,826,6,0.728125,8.891613366387894,0.37508747375787266,ELECTRE-III,1
1234,0799,0,0,"[32.85228441712879, 107.28225257644301]","[np.float64(30.74927626066766), np.float64(105.2489264295708)]",2026-06-14 03:08:30,129.47175586896665,1,4.29287580133261,302.6497454373097,23.561762389308893,64.31125122471,1.0854575344563555,3,3,3,598,11,0.728125,1.0854575344563555,0.7655703289013296,ELECTRE-III,1
1235,0817,0,0,"[32.85228441712879, 107.28225257644301]","[np.float64(34.62513784384307), np.float64(109.2612493917191)]",2026-06-14 03:08:30,811.0501085492726,2,5.866572947853646,268.96167183203687,21.1839817748665,66.46918119108383,11.710917415608993,1,1,1,675,6,0.728125,17.535917415608992,0.37508747375787266,ELECTRE-III,1
1236,0866,0,0,"[32.85228441712879, 107.28225257644301]","[np.float64(31.06709157337984), np.float64(103.97696234631)]",2026-06-14 03:08:30,739.3654316724985,2,2.1300800700017706,369.61103829279097,28.03890548738357,63.18170869071915,4.83085872292998,4,4,3,665,4,0.728125,1.19023372292998,0.18754373687893633,ELECTRE-III,1
1237,0932,0,0,"[32.85228441712879, 107.28225257644301]","[np.float64(32.96764896585764), np.float64(106.8046809372893)]",2026-06-14 03:08:30,193.75604344516861,1,4.4229781786680284,46.390644539609234,3.8242648831884885,65.09228335630097,7.0817784852352545,2,2,2,622,3,0.728125,6.353653485235254,0.13750874737578728,ELECTRE-III,1
1238,0191,0,0,"[32.25284310990638, 107.11905203641473]","[np.float64(35.08390783955726), np.float64(108.6983962120102)]",2026-06-14 03:08:40,337.6807943486268,1,2.4102252758635387,347.06029503322236,26.56903334522923,65.89774024436389,10.579938960624705,1,1,1,678,4,0.7282407407407407,6.210494516180261,0.18754373687893633,ELECTRE-III,1
1239,0321,0,0,"[32.25284310990638, 107.11905203641473]","[np.float64(31.03278181291179), np.float64(104.4029732396626)]",2026-06-14 03:08:40,68.10566405811396,1,5.32772845477167,290.69683871126784,22.727421996068674,63.582162681757,5.0854575344563555,2,2,2,569,13,0.7282407407407407,0.716013090011911,0.9188243526941917,ELECTRE-III,1
1240,0365,0,0,"[32.25284310990638, 107.11905203641473]","[np.float64(29.02656216438505), np.float64(105.5797562117447)]",2026-06-14 03:08:40,311.9268088178699,1,4.0871439268405405,387.78123764929205,29.194825305874808,64.88620971885251,4.078099436014156,1,1,1,1356,5,0.7282407407407407,0.43689573231045253,0.2722183344996501,ELECTRE-III,1
1241,0526,0,0,"[32.25284310990638, 107.11905203641473]","[np.float64(34.55784217130976), np.float64(108.4980001147001)]",2026-06-14 03:08:40,322.2281583046994,1,4.992435984874029,286.4803836225684,22.430636525655977,65.94391232315317,6.332698247540531,2,2,2,941,14,0.7282407407407407,11.430383432725716,1.0,ELECTRE-III,1
1242,0592,0,0,"[32.25284310990638, 107.11905203641473]","[np.float64(30.70957724471974), np.float64(107.9200964613234)]",2026-06-14 03:08:40,6.99478089230801,1,3.683282139726314,187.66250309839148,15.131311272441422,66.60487655932448,8.33637729676163,4,4,3,1138,10,0.7282407407407407,12.705821741206073,0.655703289013296,ELECTRE-III,1
1243,0596,0,0,"[32.25284310990638, 107.11905203641473]","[np.float64(30.69210323202982), np.float64(110.9256160389678)]",2026-06-14 03:08:40,280.92266427178106,1,3.440201506245981,400.51503546207425,29.9897171892332,69.11611172089556,5.329019198319429,3,3,3,1434,11,0.7282407407407407,9.698463642763873,0.7655703289013296,ELECTRE-III,1
1244,0719,0,0,"[32.25284310990638, 107.11905203641473]","[np.float64(35.08020700577351), np.float64(108.0991195646698)]",2026-06-14 03:08:40,414.6530994102595,1,2.1611991331749394,327.20492610785874,25.242791874835433,65.44608032511846,8.707238366387893,3,3,3,826,6,0.7282407407407407,3.609553181202708,0.37508747375787266,ELECTRE-III,1
1245,0799,0,0,"[32.25284310990638, 107.11905203641473]","[np.float64(30.74927626066766), np.float64(105.2489264295708)]",2026-06-14 03:08:40,129.47175586896665,1,4.29287580133261,243.68865992754465,19.34803080786834,64.34648134044893,0.08545753445635551,3,3,3,598,11,0.7282407407407407,0.0,0.7655703289013296,ELECTRE-III,1
1246,0817,0,0,"[32.25284310990638, 107.11905203641473]","[np.float64(34.62513784384307), np.float64(109.2612493917191)]",2026-06-14 03:08:40,811.0501085492726,2,5.866572947853646,330.27280812201,25.449656205879986,66.50083228769768,10.710917415608993,1,1,1,675,6,0.7282407407407407,15.080361860053436,0.37508747375787266,ELECTRE-III,1
1247,0826,0,0,"[32.25284310990638, 107.11905203641473]","[np.float64(29.11799783394254), np.float64(105.153099770934)]",2026-06-14 03:08:40,390.72636081697385,1,7.467412179548888,396.0188701795148,29.710480144616202,64.5052012763817,1.5836180098458055,4,4,3,1310,5,0.7282407407407407,3.040099491327287,0.2722183344996501,ELECTRE-III,1
1248,0866,0,0,"[32.25284310990638, 107.11905203641473]","[np.float64(31.06709157337984), np.float64(103.97696234631)]",2026-06-14 03:08:40,739.3654316724985,2,2.1300800700017706,325.2869126344873,25.113102947882595,63.21686367437721,8.83085872292998,4,4,3,665,4,0.7282407407407407,14.656784648855906,0.18754373687893633,ELECTRE-III,1
1249,0932,0,0,"[32.25284310990638, 107.11905203641473]","[np.float64(32.96764896585764), np.float64(106.8046809372893)]",2026-06-14 03:08:40,193.75604344516861,1,4.4229781786680284,84.76179858176512,6.963341611790634,65.12584007569325,5.0817784852352545,2,2,2,622,3,0.7282407407407407,4.353537744494513,0.13750874737578728,ELECTRE-III,1
1250,0211,0,0,"[31.653292519657246, 106.95745659084139]","[np.float64(28.10243289381832), np.float64(106.664718585556)]",2026-06-14 03:08:50,128.28810328275188,1,2.0672066923294112,395.8450129571795,29.699651271820475,65.97039296656531,6.958158128693167,1,1,1,1277,10,0.7283564814814815,8.41487109165613,0.655703289013296,ELECTRE-III,1
1251,0321,0,0,"[31.653292519657246, 106.95745659084139]","[np.float64(31.03278181291179), np.float64(104.4029732396626)]",2026-06-14 03:08:50,68.10566405811396,1,5.32772845477167,252.20828586105387,19.971778036590305,63.61729717484754,0.0,2,2,2,569,13,0.7283564814814815,4.370138888888889,0.9188243526941917,ELECTRE-III,1
1252,0365,0,0,"[31.653292519657246, 106.95745659084139]","[np.float64(29.02656216438505), np.float64(105.5797562117447)]",2026-06-14 03:08:50,311.9268088178699,1,4.0871439268405405,320.5997661711854,24.795016118372704,64.9223619101294,6.078099436014156,1,1,1,1356,5,0.7283564814814815,8.2631688804586,0.2722183344996501,ELECTRE-III,1
1253,0526,0,0,"[31.653292519657246, 106.95745659084139]","[np.float64(34.55784217130976), np.float64(108.4980001147001)]",2026-06-14 03:08:50,322.2281583046994,1,4.992435984874029,353.3984642783571,26.98609025231965,65.97582296695548,7.332698247540531,2,2,2,941,14,0.7283564814814815,8.061054729022013,1.0,ELECTRE-III,1
1254,0592,0,0,"[31.653292519657246, 106.95745659084139]","[np.float64(30.70957724471974), np.float64(107.9200964613234)]",2026-06-14 03:08:50,6.99478089230801,1,3.683282139726314,139.2750457913508,11.347638266243445,66.63984029768578,6.33637729676163,4,4,3,1138,10,0.7283564814814815,1.2378819263912595,0.655703289013296,ELECTRE-III,1
1255,0596,0,0,"[31.653292519657246, 106.95745659084139]","[np.float64(30.69210323202982), np.float64(110.9256160389678)]",2026-06-14 03:08:50,280.92266427178106,1,3.440201506245981,392.33861181585587,29.48075307172011,69.15061783658247,4.329019198319429,3,3,3,1434,11,0.7283564814814815,0.0,0.7655703289013296,ELECTRE-III,1
1256,0598,0,0,"[31.653292519657246, 106.95745659084139]","[np.float64(28.19128554769927), np.float64(107.3508499153849)]",2026-06-14 03:08:50,38.32829447847248,1,6.645191957175119,386.8194250002432,29.134276630503066,66.56267282044297,4.710917415608993,3,3,3,1413,3,0.7283564814814815,0.0,0.13750874737578728,ELECTRE-III,1
1257,0719,0,0,"[31.653292519657246, 106.95745659084139]","[np.float64(35.08020700577351), np.float64(108.0991195646698)]",2026-06-14 03:08:50,414.6530994102595,1,2.1611991331749394,395.52066422107464,29.67944264079815,65.4776631198406,4.707238366387893,3,3,3,826,6,0.7283564814814815,4.707238366387893,0.37508747375787266,ELECTRE-III,1
1258,0799,0,0,"[31.653292519657246, 106.95745659084139]","[np.float64(30.74927626066766), np.float64(105.2489264295708)]",2026-06-14 03:08:50,129.47175586896665,1,4.29287580133261,191.07403964532898,15.393445817847528,64.3817046259987,0.0,3,3,3,598,11,0.7283564814814815,5.826851851851852,0.7655703289013296,ELECTRE-III,1
1259,0817,0,0,"[31.653292519657246, 106.95745659084139]","[np.float64(34.62513784384307), np.float64(109.2612493917191)]",2026-06-14 03:08:50,811.0501085492726,2,5.866572947853646,393.93704572532084,29.580658171085787,66.53246289374401,2.710917415608993,1,1,1,675,6,0.7283564814814815,0.0,0.37508747375787266,ELECTRE-III,1
1260,0826,0,0,"[31.653292519657246, 106.95745659084139]","[np.float64(29.11799783394254), np.float64(105.153099770934)]",2026-06-14 03:08:50,390.72636081697385,1,7.467412179548888,330.78606241513467,25.484195320773093,64.54133297709106,1.5836180098458055,4,4,3,1310,5,0.7283564814814815,0.0,0.2722183344996501,ELECTRE-III,1
1261,0866,0,0,"[31.653292519657246, 106.95745659084139]","[np.float64(31.06709157337984), np.float64(103.97696234631)]",2026-06-14 03:08:50,739.3654316724985,2,2.1300800700017706,290.39924827566387,22.70651733748663,63.25201865803526,8.83085872292998,4,4,3,665,4,0.7283564814814815,14.65771057478183,0.18754373687893633,ELECTRE-III,1
1262,0876,0,0,"[31.653292519657246, 106.95745659084139]","[np.float64(28.85641623077434), np.float64(105.0656868227143)]",2026-06-14 03:08:50,368.4098155223004,1,5.005880980597417,360.17008073730636,27.428277192823224,64.49495599262667,5.961837177914267,1,1,1,1111,4,0.7283564814814815,3.0484112519883415,0.18754373687893633,ELECTRE-III,1
1263,0932,0,0,"[31.653292519657246, 106.95745659084139]","[np.float64(32.96764896585764), np.float64(106.8046809372893)]",2026-06-14 03:08:50,193.75604344516861,1,4.4229781786680284,146.85344730657866,11.9477928198361,65.15938313470717,7.0817784852352545,2,2,2,622,3,0.7283564814814815,4.89670904079081,0.13750874737578728,ELECTRE-III,1
1264,0211,0,0,"[31.053636061475977, 106.79739110764214]","[np.float64(28.10243289381832), np.float64(106.664718585556)]",2026-06-14 03:09:00,128.28810328275188,1,2.0672066923294112,328.4098866919586,25.324125577637325,66.00694813900323,9.958158128693167,1,1,1,1277,10,0.7284722222222222,14.3289914620265,0.655703289013296,ELECTRE-III,1
1265,0321,0,0,"[31.053636061475977, 106.79739110764214]","[np.float64(31.03278181291179), np.float64(104.4029732396626)]",2026-06-14 03:09:00,68.10566405811396,1,5.32772845477167,228.12253749762164,18.19604723070535,63.65243166793809,0.08545753445635551,2,2,2,569,13,0.7284722222222222,0.0,0.9188243526941917,ELECTRE-III,1
1266,0365,0,0,"[31.053636061475977, 106.79739110764214]","[np.float64(29.02656216438505), np.float64(105.5797562117447)]",2026-06-14 03:09:00,311.9268088178699,1,4.0871439268405405,254.04762454362972,20.10580184843353,64.95852093159544,7.078099436014156,1,1,1,1356,5,0.7284722222222222,12.905877213791934,0.2722183344996501,ELECTRE-III,1
1267,0457,0,0,"[31.053636061475977, 106.79739110764214]","[np.float64(27.97584181699425), np.float64(107.0408370254501)]",2026-06-14 03:09:00,37.92538787033982,1,5.229191469930955,343.0450009215725,26.303240331164826,66.34968020136529,8.579938960624705,4,4,3,1315,9,0.7284722222222222,2.023688960624706,0.6014695591322603,ELECTRE-III,1
1268,0592,0,0,"[31.053636061475977, 106.79739110764214]","[np.float64(30.70957724471974), np.float64(107.9200964613234)]",2026-06-14 03:09:00,6.99478089230801,1,3.683282139726314,113.7656927387932,9.309554338885837,66.6747972058579,5.33637729676163,4,4,3,1138,10,0.7284722222222222,6.793321741206075,0.655703289013296,ELECTRE-III,1
1269,0596,0,0,"[31.053636061475977, 106.79739110764214]","[np.float64(30.69210323202982), np.float64(110.9256160389678)]",2026-06-14 03:09:00,280.92266427178106,1,3.440201506245981,396.01815988682733,29.710435908069186,69.18512395226936,7.329019198319429,3,3,3,1434,11,0.7284722222222222,7.329019198319429,0.7655703289013296,ELECTRE-III,1
1270,0598,0,0,"[31.053636061475977, 106.79739110764214]","[np.float64(28.19128554769927), np.float64(107.3508499153849)]",2026-06-14 03:09:00,38.32829447847248,1,6.645191957175119,322.7423458000651,24.94062328666165,66.59915969098918,3.710917415608993,3,3,3,1413,3,0.7284722222222222,0.0,0.13750874737578728,ELECTRE-III,1
1271,0799,0,0,"[31.053636061475977, 106.79739110764214]","[np.float64(30.74927626066766), np.float64(105.2489264295708)]",2026-06-14 03:09:00,129.47175586896665,1,4.29287580133261,151.56600750971683,12.319665040167688,64.41692791154844,0.0,3,3,3,598,11,0.7284722222222222,6.5562499999999995,0.7655703289013296,ELECTRE-III,1
1272,0826,0,0,"[31.053636061475977, 106.79739110764214]","[np.float64(29.11799783394254), np.float64(105.153099770934)]",2026-06-14 03:09:00,390.72636081697385,1,7.467412179548888,267.11212720008325,21.051106231972188,64.57746467780042,8.583618009845805,4,4,3,1310,5,0.7284722222222222,10.769034676512472,0.2722183344996501,ELECTRE-III,1
1273,0866,0,0,"[31.053636061475977, 106.79739110764214]","[np.float64(31.06709157337984), np.float64(103.97696234631)]",2026-06-14 03:09:00,739.3654316724985,2,2.1300800700017706,268.6495534719936,21.161575174674994,63.28716681150415,12.83085872292998,4,4,3,665,4,0.7284722222222222,13.559330945152203,0.18754373687893633,ELECTRE-III,1
1274,0876,0,0,"[31.053636061475977, 106.79739110764214]","[np.float64(28.85641623077434), np.float64(105.0656868227143)]",2026-06-14 03:09:00,368.4098155223004,1,5.005880980597417,295.8357446231046,23.08740190206118,64.53122429711944,6.961837177914267,1,1,1,1111,4,0.7284722222222222,11.332670511247601,0.18754373687893633,ELECTRE-III,1
1275,0932,0,0,"[31.053636061475977, 106.79739110764214]","[np.float64(32.96764896585764), np.float64(106.8046809372893)]",2026-06-14 03:09:00,193.75604344516861,1,4.4229781786680284,212.82993482929172,17.049277593807282,65.19291936353194,5.0817784852352545,2,2,2,622,3,0.7284722222222222,10.909556263013032,0.13750874737578728,ELECTRE-III,1
1276,0211,0,0,"[30.453883980646328, 106.63881460568196]","[np.float64(28.10243289381832), np.float64(106.664718585556)]",2026-06-14 03:09:10,128.28810328275188,1,2.0672066923294112,261.48186782104193,20.645156086554078,66.0435101416303,14.958158128693167,1,1,1,1277,10,0.7285879629629629,18.60109794350798,0.655703289013296,ELECTRE-III,1
1277,0321,0,0,"[30.453883980646328, 106.63881460568196]","[np.float64(31.03278181291179), np.float64(104.4029732396626)]",2026-06-14 03:09:10,68.10566405811396,1,5.32772845477167,223.15595853273726,17.82521388314374,63.68755933083946,0.0,2,2,2,569,13,0.7285879629629629,0.0,0.9188243526941917,ELECTRE-III,1
1278,0365,0,0,"[30.453883980646328, 106.63881460568196]","[np.float64(29.02656216438505), np.float64(105.5797562117447)]",2026-06-14 03:09:10,311.9268088178699,1,4.0871439268405405,188.79441972265812,15.218357616128303,64.99466629268315,8.078099436014156,1,1,1,1356,5,0.7285879629629629,2.9779836952734158,0.2722183344996501,ELECTRE-III,1
1279,0457,0,0,"[30.453883980646328, 106.63881460568196]","[np.float64(27.97584181699425), np.float64(107.0408370254501)]",2026-06-14 03:09:10,37.92538787033982,1,5.229191469930955,278.29387812647457,21.850776693416258,66.3862831851274,9.579938960624705,4,4,3,1315,9,0.7285879629629629,9.579938960624705,0.6014695591322603,ELECTRE-III,1
1280,0592,0,0,"[30.453883980646328, 106.63881460568196]","[np.float64(30.70957724471974), np.float64(107.9200964613234)]",2026-06-14 03:09:10,6.99478089230801,1,3.683282139726314,125.90630060244534,10.282826425999474,66.70974728384085,0.3363772967616301,4,4,3,1138,10,0.7285879629629629,3.2507291486134817,0.655703289013296,ELECTRE-III,1
1281,0598,0,0,"[30.453883980646328, 106.63881460568196]","[np.float64(28.19128554769927), np.float64(107.3508499153849)]",2026-06-14 03:09:10,38.32829447847248,1,6.645191957175119,260.88589396613827,20.60205753402865,66.63563973134622,5.710917415608993,3,3,3,1413,3,0.7285879629629629,11.539621119312695,0.13750874737578728,ELECTRE-III,1
1282,0799,0,0,"[30.453883980646328, 106.63881460568196]","[np.float64(30.74927626066766), np.float64(105.2489264295708)]",2026-06-14 03:09:10,129.47175586896665,1,4.29287580133261,137.0184722838369,11.168439143025708,64.45214436690904,0.0,3,3,3,598,11,0.7285879629629629,4.371527777777778,0.7655703289013296,ELECTRE-III,1
1283,0826,0,0,"[30.453883980646328, 106.63881460568196]","[np.float64(29.11799783394254), np.float64(105.153099770934)]",2026-06-14 03:09:10,390.72636081697385,1,7.467412179548888,206.4475992147239,16.56642185532863,64.61358954832062,2.5836180098458055,4,4,3,1310,5,0.7285879629629629,4.769381898734695,0.2722183344996501,ELECTRE-III,1
1284,0866,0,0,"[30.453883980646328, 106.63881460568196]","[np.float64(31.06709157337984), np.float64(103.97696234631)]",2026-06-14 03:09:10,739.3654316724985,2,2.1300800700017706,263.31660731989734,20.777684034621213,63.32231496497303,4.83085872292998,4,4,3,665,4,0.7285879629629629,10.659562426633684,0.18754373687893633,ELECTRE-III,1
1285,0876,0,0,"[30.453883980646328, 106.63881460568196]","[np.float64(28.85641623077434), np.float64(105.0656868227143)]",2026-06-14 03:09:10,368.4098155223004,1,5.005880980597417,233.78850532736803,18.617181162240396,64.56748577142304,4.961837177914267,1,1,1,1111,4,0.7285879629629629,2.0474853260624157,0.18754373687893633,ELECTRE-III,1
1286,0932,0,0,"[30.453883980646328, 106.63881460568196]","[np.float64(32.96764896585764), np.float64(106.8046809372893)]",2026-06-14 03:09:10,193.75604344516861,1,4.4229781786680284,279.95817533574046,21.969047095656034,65.22644876216752,5.0817784852352545,2,2,2,622,3,0.7285879629629629,8.72471830005007,0.13750874737578728,ELECTRE-III,1
1287,0211,0,0,"[29.854036277168298, 106.48167244344748]","[np.float64(28.10243289381832), np.float64(106.664718585556)]",2026-06-14 03:09:20,128.28810328275188,1,2.0672066923294112,195.58175369321617,15.738796505085949,66.08006531406821,13.958158128693167,1,1,1,1277,10,0.7287037037037037,11.772047017582056,0.655703289013296,ELECTRE-III,1
1288,0321,0,0,"[29.854036277168298, 106.48167244344748]","[np.float64(31.03278181291179), np.float64(104.4029732396626)]",2026-06-14 03:09:20,68.10566405811396,1,5.32772845477167,238.50696554791506,18.96630736522894,63.72268016355167,0.0,2,2,2,569,13,0.7287037037037037,1.4574074074074075,0.9188243526941917,ELECTRE-III,1
1289,0365,0,0,"[29.854036277168298, 106.48167244344748]","[np.float64(29.02656216438505), np.float64(105.5797562117447)]",2026-06-14 03:09:20,311.9268088178699,1,4.0871439268405405,126.86094455321695,10.359110767286035,65.03081848396002,2.0780994360141563,1,1,1,1356,5,0.7287037037037037,6.450321658236379,0.2722183344996501,ELECTRE-III,1
1290,0457,0,0,"[29.854036277168298, 106.48167244344748]","[np.float64(27.97584181699425), np.float64(107.0408370254501)]",2026-06-14 03:09:20,37.92538787033982,1,5.229191469930955,215.81995569870438,17.27463656842558,66.42288616888949,4.579938960624705,4,4,3,1315,9,0.7287037037037037,0.0,0.6014695591322603,ELECTRE-III,1
1291,0592,0,0,"[29.854036277168298, 106.48167244344748]","[np.float64(30.70957724471974), np.float64(107.9200964613234)]",2026-06-14 03:09:20,6.99478089230801,1,3.683282139726314,167.71047700434815,13.585508393692033,66.74469053163465,7.33637729676163,4,4,3,1138,10,0.7287037037037037,13.16600692639126,0.655703289013296,ELECTRE-III,1
1292,0598,0,0,"[29.854036277168298, 106.48167244344748]","[np.float64(28.19128554769927), np.float64(107.3508499153849)]",2026-06-14 03:09:20,38.32829447847248,1,6.645191957175119,203.2866804478446,16.326378382034505,66.67211977170325,2.710917415608993,3,3,3,1413,3,0.7287037037037037,0.0,0.13750874737578728,ELECTRE-III,1
1293,0799,0,0,"[29.854036277168298, 106.48167244344748]","[np.float64(30.74927626066766), np.float64(105.2489264295708)]",2026-06-14 03:09:20,129.47175586896665,1,4.29287580133261,154.64490034401445,12.562057044329856,64.48736082226962,0.08545753445635551,3,3,3,598,11,0.7287037037037037,1.542864941863763,0.7655703289013296,ELECTRE-III,1
1294,0826,0,0,"[29.854036277168298, 106.48167244344748]","[np.float64(29.11799783394254), np.float64(105.153099770934)]",2026-06-14 03:09:20,390.72636081697385,1,7.467412179548888,152.42944454231807,12.38768644578859,64.64971441884082,6.5836180098458055,4,4,3,1310,5,0.7287037037037037,10.227136528364325,0.2722183344996501,ELECTRE-III,1
1295,0866,0,0,"[29.854036277168298, 106.48167244344748]","[np.float64(31.06709157337984), np.float64(103.97696234631)]",2026-06-14 03:09:20,739.3654316724985,2,2.1300800700017706,275.35691157162853,21.641588155681326,63.35745628825275,4.83085872292998,4,4,3,665,4,0.7287037037037037,4.83085872292998,0.18754373687893633,ELECTRE-III,1
1296,0876,0,0,"[29.854036277168298, 106.48167244344748]","[np.float64(28.85641623077434), np.float64(105.0656868227143)]",2026-06-14 03:09:20,368.4098155223004,1,5.005880980597417,176.45806221294106,14.265860376175969,64.60374724572664,3.9618371779142674,1,1,1,1111,4,0.7287037037037037,3.2331334742105637,0.18754373687893633,ELECTRE-III,1
1297,0932,0,0,"[29.854036277168298, 106.48167244344748]","[np.float64(32.96764896585764), np.float64(106.8046809372893)]",2026-06-14 03:09:20,193.75604344516861,1,4.4229781786680284,347.57206073363454,26.602821617909648,65.25997133061395,12.081778485235255,2,2,2,622,3,0.7287037037037037,15.725297003753774,0.13750874737578728,ELECTRE-III,1
1298,0211,0,0,"[29.254092951041887, 106.32590997942533]","[np.float64(28.10243289381832), np.float64(106.664718585556)]",2026-06-14 03:09:30,128.28810328275188,1,2.0672066923294112,132.25534986471484,10.789466154103867,66.11662048650612,6.958158128693167,1,1,1,1277,10,0.7288194444444445,5.500519239804278,0.655703289013296,ELECTRE-III,1
1299,0321,0,0,"[29.254092951041887, 106.32590997942533]","[np.float64(31.03278181291179), np.float64(104.4029732396626)]",2026-06-14 03:09:30,68.10566405811396,1,5.32772845477167,270.74251067590023,21.31169604290317,63.757800996263875,3.0854575344563555,2,2,2,569,13,0.7288194444444445,0.0,0.9188243526941917,ELECTRE-III,1
1300,0365,0,0,"[29.254092951041887, 106.32590997942533]","[np.float64(29.02656216438505), np.float64(105.5797562117447)]",2026-06-14 03:09:30,311.9268088178699,1,4.0871439268405405,76.75662291899602,6.311280925670168,65.06696384504772,9.078099436014156,1,1,1,1356,5,0.7288194444444445,11.993377213791934,0.2722183344996501,ELECTRE-III,1
1301,0457,0,0,"[29.254092951041887, 106.32590997942533]","[np.float64(27.97584181699425), np.float64(107.0408370254501)]",2026-06-14 03:09:30,37.92538787033982,1,5.229191469930955,158.34199786984587,12.852515084379357,66.45948915265159,6.579938960624705,4,4,3,1315,9,0.7288194444444445,12.410494516180261,0.6014695591322603,ELECTRE-III,1
1302,0592,0,0,"[29.254092951041887, 106.32590997942533]","[np.float64(30.70957724471974), np.float64(107.9200964613234)]",2026-06-14 03:09:30,6.99478089230801,1,3.683282139726314,223.08320703831856,17.819770267214597,66.77963377942842,1.33637729676163,4,4,3,1138,10,0.7288194444444445,0.0,0.655703289013296,ELECTRE-III,1
1303,0598,0,0,"[29.254092951041887, 106.32590997942533]","[np.float64(28.19128554769927), np.float64(107.3508499153849)]",2026-06-14 03:09:30,38.32829447847248,1,6.645191957175119,154.77304421099828,12.572135590460617,66.7085998120603,6.710917415608993,3,3,3,1413,3,0.7288194444444445,11.08383408227566,0.13750874737578728,ELECTRE-III,1
1304,0799,0,0,"[29.254092951041887, 106.32590997942533]","[np.float64(30.74927626066766), np.float64(105.2489264295708)]",2026-06-14 03:09:30,129.47175586896665,1,4.29287580133261,195.94828520220517,15.766826532580993,64.52257044744104,3.0854575344563555,3,3,3,598,11,0.7288194444444445,0.17017975667857765,0.7655703289013296,ELECTRE-III,1
1305,0826,0,0,"[29.254092951041887, 106.32590997942533]","[np.float64(29.11799783394254), np.float64(105.153099770934)]",2026-06-14 03:09:30,390.72636081697385,1,7.467412179548888,114.85469661682623,9.397086381886933,64.68583928936101,6.5836180098458055,4,4,3,1310,5,0.7288194444444445,0.7530624542902498,0.2722183344996501,ELECTRE-III,1
1306,0866,0,0,"[29.254092951041887, 106.32590997942533]","[np.float64(31.06709157337984), np.float64(103.97696234631)]",2026-06-14 03:09:30,739.3654316724985,2,2.1300800700017706,302.7055512058454,23.56563333711523,63.392590781343294,3.83085872292998,4,4,3,665,4,0.7288194444444445,0.0,0.18754373687893633,ELECTRE-III,1
1307,0876,0,0,"[29.254092951041887, 106.32590997942533]","[np.float64(28.85641623077434), np.float64(105.0656868227143)]",2026-06-14 03:09:30,368.4098155223004,1,5.005880980597417,130.23153495299707,10.62815172199203,64.64000872003024,9.961837177914267,1,1,1,1111,4,0.7288194444444445,5.588920511247601,0.18754373687893633,ELECTRE-III,1
1308,0211,0,0,"[28.654064247550853, 106.17147940229135]","[np.float64(28.10243289381832), np.float64(106.664718585556)]",2026-06-14 03:09:40,128.28810328275188,1,2.0672066923294112,78.04443811724857,6.416295101427067,66.15317565894402,5.958158128693167,1,1,1,1277,10,0.7289351851851852,8.873898869433908,0.655703289013296,ELECTRE-III,1
1309,0321,0,0,"[28.654064247550853, 106.17147940229135]","[np.float64(31.03278181291179), np.float64(104.4029732396626)]",2026-06-14 03:09:40,68.10566405811396,1,5.32772845477167,314.71705471044186,24.393474003572347,63.792921828976084,0.08545753445635551,2,2,2,569,13,0.7289351851851852,1.5433279048267259,0.9188243526941917,ELECTRE-III,1
1310,0365,0,0,"[28.654064247550853, 106.17147940229135]","[np.float64(29.02656216438505), np.float64(105.5797562117447)]",2026-06-14 03:09:40,311.9268088178699,1,4.0871439268405405,70.97510157916547,5.839314919632755,65.10310920613544,9.078099436014156,1,1,1,1356,5,0.7289351851851852,6.891293880458601,0.2722183344996501,ELECTRE-III,1
1311,0457,0,0,"[28.654064247550853, 106.17147940229135]","[np.float64(27.97584181699425), np.float64(107.0408370254501)]",2026-06-14 03:09:40,37.92538787033982,1,5.229191469930955,113.70853442693297,9.304958848562448,66.49608530622451,8.579938960624705,4,4,3,1315,9,0.7289351851851852,7.122068590254335,0.6014695591322603,ELECTRE-III,1
1312,0592,0,0,"[28.654064247550853, 106.17147940229135]","[np.float64(30.70957724471974), np.float64(107.9200964613234)]",2026-06-14 03:09:40,6.99478089230801,1,3.683282139726314,284.2009049877978,22.26965855429976,66.81457019703305,0.3363772967616301,4,4,3,1138,10,0.7289351851851852,0.0,0.655703289013296,ELECTRE-III,1
1313,0598,0,0,"[28.654064247550853, 106.17147940229135]","[np.float64(28.19128554769927), np.float64(107.3508499153849)]",2026-06-14 03:09:40,38.32829447847248,1,6.645191957175119,126.29079774538079,10.313555534682342,66.74507985241733,0.0,3,3,3,1413,3,0.7289351851851852,0.0,0.13750874737578728,ELECTRE-III,1
1314,0799,0,0,"[28.654064247550853, 106.17147940229135]","[np.float64(30.74927626066766), np.float64(105.2489264295708)]",2026-06-14 03:09:40,129.47175586896665,1,4.29287580133261,249.43223027498095,19.769068223345663,64.55778007261245,3.0854575344563555,3,3,3,598,11,0.7289351851851852,1.6275871640859851,0.7655703289013296,ELECTRE-III,1
1315,0826,0,0,"[28.654064247550853, 106.17147940229135]","[np.float64(29.11799783394254), np.float64(105.153099770934)]",2026-06-14 03:09:40,390.72636081697385,1,7.467412179548888,111.76659511358072,9.148756810255495,64.72195732969205,1.5836180098458055,4,4,3,1310,5,0.7289351851851852,3.770423565401361,0.2722183344996501,ELECTRE-III,1
1316,0866,0,0,"[28.654064247550853, 106.17147940229135]","[np.float64(31.06709157337984), np.float64(103.97696234631)]",2026-06-14 03:09:40,739.3654316724985,2,2.1300800700017706,341.707207587268,26.214412780094804,63.42772527443384,6.83085872292998,4,4,3,665,4,0.7289351851851852,3.186182797004054,0.18754373687893633,ELECTRE-III,1
1317,0876,0,0,"[28.654064247550853, 106.17147940229135]","[np.float64(28.85641623077434), np.float64(105.0656868227143)]",2026-06-14 03:09:40,368.4098155223004,1,5.005880980597417,110.11855610798011,9.01608719448525,64.67626336414466,3.9618371779142674,1,1,1,1111,4,0.7289351851851852,1.775031622358712,0.18754373687893633,ELECTRE-III,1
1318,0211,0,0,"[28.053951874242486, 106.01833290072132]","[np.float64(28.10243289381832), np.float64(106.664718585556)]",2026-06-14 03:09:50,128.28810328275188,1,2.0672066923294112,63.64431315907786,5.239739499558358,66.18973083138194,7.958158128693167,1,1,1,1277,10,0.7290509259259259,10.145310906470945,0.655703289013296,ELECTRE-III,1
1319,0321,0,0,"[28.053951874242486, 106.01833290072132]","[np.float64(31.03278181291179), np.float64(104.4029732396626)]",2026-06-14 03:09:50,68.10566405811396,1,5.32772845477167,366.22685829406294,27.820808301040124,63.828035831499115,0.0,2,2,2,569,13,0.7290509259259259,1.4581018518518518,0.9188243526941917,ELECTRE-III,1
1320,0365,0,0,"[28.053951874242486, 106.01833290072132]","[np.float64(29.02656216438505), np.float64(105.5797562117447)]",2026-06-14 03:09:50,311.9268088178699,1,4.0871439268405405,116.3254585212115,9.515233112785902,65.13924773703397,4.078099436014156,1,1,1,1356,5,0.7290509259259259,0.4328448063845265,0.2722183344996501,ELECTRE-III,1
1321,0457,0,0,"[28.053951874242486, 106.01833290072132]","[np.float64(27.97584181699425), np.float64(107.0408370254501)]",2026-06-14 03:09:50,37.92538787033982,1,5.229191469930955,100.74976071901087,8.260070688249485,66.53268145979744,5.579938960624705,4,4,3,1315,9,0.7290509259259259,3.392786182846928,0.6014695591322603,ELECTRE-III,1
1322,0592,0,0,"[28.053951874242486, 106.01833290072132]","[np.float64(30.70957724471974), np.float64(107.9200964613234)]",2026-06-14 03:09:50,6.99478089230801,1,3.683282139726314,348.0501715764764,26.63436987618526,66.84949295425932,0.3363772967616301,4,4,3,1138,10,0.7290509259259259,0.0,0.655703289013296,ELECTRE-III,1
1323,0598,0,0,"[28.053951874242486, 106.01833290072132]","[np.float64(28.19128554769927), np.float64(107.3508499153849)]",2026-06-14 03:09:50,38.32829447847248,1,6.645191957175119,131.5651344619052,10.734469714847208,66.78155989277437,6.710917415608993,3,3,3,1413,3,0.7290509259259259,10.356172045238623,0.13750874737578728,ELECTRE-III,1
1324,0799,0,0,"[28.053951874242486, 106.01833290072132]","[np.float64(30.74927626066766), np.float64(105.2489264295708)]",2026-06-14 03:09:50,129.47175586896665,1,4.29287580133261,308.83263888863945,23.989245861405585,64.5929828675947,1.0854575344563555,3,3,3,598,11,0.7290509259259259,0.0,0.7655703289013296,ELECTRE-III,1
1325,0826,0,0,"[28.053951874242486, 106.01833290072132]","[np.float64(29.11799783394254), np.float64(105.153099770934)]",2026-06-14 03:09:50,390.72636081697385,1,7.467412179548888,145.3808081738046,11.831374258691412,64.75807537002308,1.5836180098458055,4,4,3,1310,5,0.7290509259259259,3.0417198616976573,0.2722183344996501,ELECTRE-III,1
1326,0866,0,0,"[28.053951874242486, 106.01833290072132]","[np.float64(31.06709157337984), np.float64(103.97696234631)]",2026-06-14 03:09:50,739.3654316724985,2,2.1300800700017706,388.8721906481462,29.26341726062715,63.462859767524385,10.83085872292998,4,4,3,665,4,0.7290509259259259,13.747062426633683,0.18754373687893633,ELECTRE-III,1
1327,0876,0,0,"[28.053951874242486, 106.01833290072132]","[np.float64(28.85641623077434), np.float64(105.0656868227143)]",2026-06-14 03:09:50,368.4098155223004,1,5.005880980597417,128.97793256680887,10.528143734258759,64.7125180082591,2.9618371779142674,1,1,1,1111,4,0.7290509259259259,0.04563347421056374,0.18754373687893633,ELECTRE-III,1
1328,0211,0,0,"[27.453755831116784, 105.86642949358024]","[np.float64(28.10243289381832), np.float64(106.664718585556)]",2026-06-14 03:10:00,128.28810328275188,1,2.0672066923294112,106.63261344187475,8.735143764688415,66.22627917363067,7.958158128693167,1,1,1,1277,10,0.7291666666666666,5.770658128693167,0.655703289013296,ELECTRE-III,1
1329,0365,0,0,"[27.453755831116784, 105.86642949358024]","[np.float64(29.02656216438505), np.float64(105.5797562117447)]",2026-06-14 03:10:00,311.9268088178699,1,4.0871439268405405,177.12837044889955,14.317827758785873,65.17539309812169,8.078099436014156,1,1,1,1356,5,0.7291666666666666,10.265599436014156,0.2722183344996501,ELECTRE-III,1
1330,0457,0,0,"[27.453755831116784, 105.86642949358024]","[np.float64(27.97584181699425), np.float64(107.0408370254501)]",2026-06-14 03:10:00,37.92538787033982,1,5.229191469930955,129.3629281293455,10.55886425887856,66.56927761337037,11.579938960624705,4,4,3,1315,9,0.7291666666666666,8.66327229395804,0.6014695591322603,ELECTRE-III,1
1331,0598,0,0,"[27.453755831116784, 105.86642949358024]","[np.float64(28.19128554769927), np.float64(107.3508499153849)]",2026-06-14 03:10:00,38.32829447847248,1,6.645191957175119,167.4354319608587,13.564051983500281,66.81803310294224,1.7109174156089928,3,3,3,1413,3,0.7291666666666666,0.0,0.13750874737578728,ELECTRE-III,1
1332,0799,0,0,"[27.453755831116784, 105.86642949358024]","[np.float64(30.74927626066766), np.float64(105.2489264295708)]",2026-06-14 03:10:00,129.47175586896665,1,4.29287580133261,371.3218691191761,28.14882675413993,64.62817883238777,0.0,3,3,3,598,11,0.7291666666666666,4.375,0.7655703289013296,ELECTRE-III,1
1333,0826,0,0,"[27.453755831116784, 105.86642949358024]","[np.float64(29.11799783394254), np.float64(105.153099770934)]",2026-06-14 03:10:00,390.72636081697385,1,7.467412179548888,197.7968301911366,15.908073459947252,64.7941934103541,8.583618009845805,4,4,3,1310,5,0.7291666666666666,10.04195134317914,0.2722183344996501,ELECTRE-III,1
1334,0876,0,0,"[27.453755831116784, 105.86642949358024]","[np.float64(28.85641623077434), np.float64(105.0656868227143)]",2026-06-14 03:10:00,368.4098155223004,1,5.005880980597417,174.60939554151588,14.12241364621053,64.74877265237352,5.961837177914267,1,1,1,1111,4,0.7291666666666666,11.795170511247601,0.18754373687893633,ELECTRE-III,1
1335,0211,0,0,"[26.85348294836292, 105.71571453935474]","[np.float64(28.10243289381832), np.float64(106.664718585556)]",2026-06-14 03:10:10,128.28810328275188,1,2.0672066923294112,167.48407496446714,13.567846932497204,66.26282751587941,9.958158128693167,1,1,1,1277,10,0.7292824074074075,15.792417387952426,0.655703289013296,ELECTRE-III,1
1336,0365,0,0,"[26.85348294836292, 105.71571453935474]","[np.float64(29.02656216438505), np.float64(105.5797562117447)]",2026-06-14 03:10:10,311.9268088178699,1,4.0871439268405405,242.00446265538446,19.224153854089607,65.21152479883105,10.078099436014156,1,1,1,1356,5,0.7292824074074075,14.453793880458601,0.2722183344996501,ELECTRE-III,1
1337,0457,0,0,"[26.85348294836292, 105.71571453935474]","[np.float64(27.97584181699425), np.float64(107.0408370254501)]",2026-06-14 03:10:10,37.92538787033982,1,5.229191469930955,180.7834069658918,14.600769059743948,66.6058737669433,10.579938960624705,4,4,3,1315,9,0.7292824074074075,9.850656553217298,0.6014695591322603,ELECTRE-III,1
1338,0598,0,0,"[26.85348294836292, 105.71571453935474]","[np.float64(28.19128554769927), np.float64(107.3508499153849)]",2026-06-14 03:10:10,38.32829447847248,1,6.645191957175119,219.37486231896563,17.541855171653012,66.85449948292094,6.710917415608993,3,3,3,1413,3,0.7292824074074075,1.605940563757141,0.13750874737578728,ELECTRE-III,1
1339,0826,0,0,"[26.85348294836292, 105.71571453935474]","[np.float64(29.11799783394254), np.float64(105.153099770934)]",2026-06-14 03:10:10,390.72636081697385,1,7.467412179548888,257.79047272148296,20.37781685155747,64.83030462049597,7.5836180098458055,4,4,3,1310,5,0.7292824074074075,14.147159676512473,0.2722183344996501,ELECTRE-III,1
1340,0876,0,0,"[26.85348294836292, 105.71571453935474]","[np.float64(28.85641623077434), np.float64(105.0656868227143)]",2026-06-14 03:10:10,368.4098155223004,1,5.005880980597417,231.701634225676,18.462310283197436,64.78502046629877,4.961837177914267,1,1,1,1111,4,0.7292824074074075,10.06681402976612,0.18754373687893633,ELECTRE-III,1
1341,0900,0,0,"[26.85348294836292, 105.71571453935474]","[np.float64(23.37939922921787), np.float64(104.4188690596225)]",2026-06-14 03:10:10,723.1772003448739,2,6.421412069545769,407.7593636014663,30.436344768642805,64.25016201277342,0.3363772967616301,2,2,2,502,6,0.7292824074074075,2.5242245189838526,0.37508747375787266,ELECTRE-III,1
1342,0211,0,0,"[26.253134933528187, 105.56615388709896]","[np.float64(28.10243289381832), np.float64(106.664718585556)]",2026-06-14 03:10:20,128.28810328275188,1,2.0672066923294112,232.57633595888294,18.527257823461756,66.29937585812816,8.958158128693167,1,1,1,1277,10,0.7293981481481482,11.87575072128576,0.655703289013296,ELECTRE-III,1
1343,0293,0,0,"[26.253134933528187, 105.56615388709896]","[np.float64(23.57540772824339), np.float64(103.2724082519711)]",2026-06-14 03:10:20,826.6741663137474,2,6.482406405861097,377.0221667683608,28.513446352866854,63.25964797933817,7.83453777215108,2,2,2,1265,9,0.7293981481481482,2.7287507351140423,0.6014695591322603,ELECTRE-III,1
1344,0365,0,0,"[26.253134933528187, 105.56615388709896]","[np.float64(29.02656216438505), np.float64(105.5797562117447)]",2026-06-14 03:10:20,311.9268088178699,1,4.0871439268405405,308.3943829126871,23.959037599118748,65.24766332972959,8.078099436014156,1,1,1,1356,5,0.7293981481481482,5.889904991569711,0.2722183344996501,ELECTRE-III,1
1345,0457,0,0,"[26.253134933528187, 105.56615388709896]","[np.float64(27.97584181699425), np.float64(107.0408370254501)]",2026-06-14 03:10:20,37.92538787033982,1,5.229191469930955,240.81932190666518,19.136871586160147,66.64246309032706,5.579938960624705,4,4,3,1315,9,0.7293981481481482,6.309337108772853,0.6014695591322603,ELECTRE-III,1
1346,0598,0,0,"[26.253134933528187, 105.56615388709896]","[np.float64(28.19128554769927), np.float64(107.3508499153849)]",2026-06-14 03:10:20,38.32829447847248,1,6.645191957175119,278.5340659710677,21.867857348893367,66.89097269308881,3.710917415608993,3,3,3,1413,3,0.7293981481481482,5.899111860053438,0.13750874737578728,ELECTRE-III,1
1347,0826,0,0,"[26.253134933528187, 105.56615388709896]","[np.float64(29.11799783394254), np.float64(105.153099770934)]",2026-06-14 03:10:20,390.72636081697385,1,7.467412179548888,321.1434836298065,24.831998985453463,64.86641583063782,1.5836180098458055,4,4,3,1310,5,0.7293981481481482,6.689405046882843,0.2722183344996501,ELECTRE-III,1
1348,0876,0,0,"[26.253134933528187, 105.56615388709896]","[np.float64(28.85641623077434), np.float64(105.0656868227143)]",2026-06-14 03:10:20,368.4098155223004,1,5.005880980597417,293.6451455025667,22.93418440405828,64.82126828022403,8.961837177914267,1,1,1,1111,4,0.7293981481481482,2.397253844580934,0.18754373687893633,ELECTRE-III,1
1349,0900,0,0,"[26.253134933528187, 105.56615388709896]","[np.float64(23.37939922921787), np.float64(104.4188690596225)]",2026-06-14 03:10:20,723.1772003448739,2,6.421412069545769,339.8710402977562,26.092272800323578,64.28821982682872,7.33637729676163,2,2,2,502,6,0.7293981481481482,8.065775444909779,0.37508747375787266,ELECTRE-III,1
1350,0211,0,0,"[25.65271520170717, 105.41770655567791]","[np.float64(28.10243289381832), np.float64(106.664718585556)]",2026-06-14 03:10:30,128.28810328275188,1,2.0672066923294112,299.1538558668922,23.318817118189898,66.33591737018772,5.958158128693167,1,1,1,1277,10,0.7295138888888889,8.876213684248723,0.655703289013296,ELECTRE-III,1
1351,0293,0,0,"[25.65271520170717, 105.41770655567791]","[np.float64(23.57540772824339), np.float64(103.2724082519711)]",2026-06-14 03:10:30,826.6741663137474,2,6.482406405861097,316.82536638670746,24.537679247201613,63.29765798206929,10.83453777215108,2,2,2,1265,9,0.7295138888888889,15.211621105484413,0.6014695591322603,ELECTRE-III,1
1352,0365,0,0,"[25.65271520170717, 105.41770655567791]","[np.float64(29.02656216438505), np.float64(105.5797562117447)]",2026-06-14 03:10:30,311.9268088178699,1,4.0871439268405405,375.4963269662587,28.416091256132038,65.28379503043895,11.078099436014156,1,1,1,1356,5,0.7295138888888889,16.18469665823638,0.2722183344996501,ELECTRE-III,1
1353,0457,0,0,"[25.65271520170717, 105.41770655567791]","[np.float64(27.97584181699425), np.float64(107.0408370254501)]",2026-06-14 03:10:30,37.92538787033982,1,5.229191469930955,304.41520388959316,23.684112182228294,66.67905241371082,9.579938960624705,4,4,3,1315,9,0.7295138888888889,5.932369516180261,0.6014695591322603,ELECTRE-III,1
1354,0598,0,0,"[25.65271520170717, 105.41770655567791]","[np.float64(28.19128554769927), np.float64(107.3508499153849)]",2026-06-14 03:10:30,38.32829447847248,1,6.645191957175119,341.1776548940701,26.179213715227366,66.9274390730675,0.0,3,3,3,1413,3,0.7295138888888889,5.106597222222223,0.13750874737578728,ELECTRE-III,1
1355,0826,0,0,"[25.65271520170717, 105.41770655567791]","[np.float64(29.11799783394254), np.float64(105.153099770934)]",2026-06-14 03:10:30,390.72636081697385,1,7.467412179548888,386.2065751413721,29.095658845887847,64.90252704077967,7.5836180098458055,4,4,3,1310,5,0.7295138888888889,6.124590232068027,0.2722183344996501,ELECTRE-III,1
1356,0876,0,0,"[25.65271520170717, 105.41770655567791]","[np.float64(28.85641623077434), np.float64(105.0656868227143)]",2026-06-14 03:10:30,368.4098155223004,1,5.005880980597417,357.93048090019727,27.282419600529398,64.85751609414929,6.961837177914267,1,1,1,1111,4,0.7295138888888889,2.584753844580934,0.18754373687893633,ELECTRE-III,1
1357,0900,0,0,"[25.65271520170717, 105.41770655567791]","[np.float64(23.37939922921787), np.float64(104.4188690596225)]",2026-06-14 03:10:30,723.1772003448739,2,6.421412069545769,272.22773794161594,21.418040744703585,64.32628447107321,7.33637729676163,2,2,2,502,6,0.7295138888888889,7.33637729676163,0.37508747375787266,ELECTRE-III,1
1358,0211,0,0,"[25.052227167994452, 105.27032473376737]","[np.float64(28.10243289381832), np.float64(106.664718585556)]",2026-06-14 03:10:40,128.28810328275188,1,2.0672066923294112,366.408140184701,27.832513520331496,66.37246571243645,13.958158128693167,1,1,1,1277,10,0.7296296296296296,6.6618618323968715,0.655703289013296,ELECTRE-III,1
1359,0293,0,0,"[25.052227167994452, 105.27032473376737]","[np.float64(23.57540772824339), np.float64(103.2724082519711)]",2026-06-14 03:10:40,826.6741663137474,2,6.482406405861097,260.671851332782,20.58657283475225,63.33567481498958,4.83453777215108,2,2,2,1265,9,0.7296296296296296,3.375278512891821,0.6014695591322603,ELECTRE-III,1
1360,0457,0,0,"[25.052227167994452, 105.27032473376737]","[np.float64(27.97584181699425), np.float64(107.0408370254501)]",2026-06-14 03:10:40,37.92538787033982,1,5.229191469930955,369.7388507187639,28.047125245729834,66.71564173709457,5.579938960624705,4,4,3,1315,9,0.7296296296296296,6.309568590254335,0.6014695591322603,ELECTRE-III,1
1361,0598,0,0,"[25.052227167994452, 105.27032473376737]","[np.float64(28.19128554769927), np.float64(107.3508499153849)]",2026-06-14 03:10:40,38.32829447847248,1,6.645191957175119,405.6949499954163,30.309482560196983,66.9639054530462,0.7109174156089928,3,3,3,1413,3,0.7296296296296296,0.0,0.13750874737578728,ELECTRE-III,1
1362,0900,0,0,"[25.052227167994452, 105.27032473376737]","[np.float64(23.37939922921787), np.float64(104.4188690596225)]",2026-06-14 03:10:40,723.1772003448739,2,6.421412069545769,205.07240172879327,16.462060904285643,64.36434228512852,0.3363772967616301,2,2,2,502,6,0.7296296296296296,3.2548958152801486,0.37508747375787266,ELECTRE-III,1
1363,0293,0,0,"[24.451672539937324, 105.12398110061068]","[np.float64(23.57540772824339), np.float64(103.2724082519711)]",2026-06-14 03:10:50,826.6741663137474,2,6.482406405861097,211.80448832380392,16.971863557926877,63.3736848177207,4.83453777215108,2,2,2,1265,9,0.7297453703703703,6.2940285128918205,0.6014695591322603,ELECTRE-III,1
1364,0900,0,0,"[24.451672539937324, 105.12398110061068]","[np.float64(23.37939922921787), np.float64(104.4188690596225)]",2026-06-14 03:10:50,723.1772003448739,2,6.421412069545769,139.11502835345865,11.334938318655706,64.402406929373,1.33637729676163,2,2,2,502,6,0.7297453703703703,5.714849518983852,0.37508747375787266,ELECTRE-III,1
1365,0293,0,0,"[23.851054732630377, 104.97862784488363]","[np.float64(23.57540772824339), np.float64(103.2724082519711)]",2026-06-14 03:11:00,826.6741663137474,2,6.482406405861097,176.38702117952275,14.260351329390062,63.41170165064099,7.83453777215108,2,2,2,1265,9,0.7298611111111111,11.483843327706635,0.6014695591322603,ELECTRE-III,1
1366,0473,0,0,"[23.851054732630377, 104.97862784488363]","[np.float64(22.89150045911441), np.float64(101.1162537189631)]",2026-06-14 03:11:00,824.2635245585731,2,3.590830422248257,408.40497608139356,30.475951323366715,61.36967316429311,3.9618371779142674,1,1,1,894,14,0.7298611111111111,4.691698289025378,1.0,ELECTRE-III,1
1367,0900,0,0,"[23.851054732630377, 104.97862784488363]","[np.float64(23.37939922921787), np.float64(104.4188690596225)]",2026-06-14 03:11:00,723.1772003448739,2,6.421412069545769,77.47869755902786,6.370167390712146,64.44047157361749,1.33637729676163,2,2,2,502,6,0.7298611111111111,0.0,0.37508747375787266,ELECTRE-III,1
1368,0293,0,0,"[23.25037716116819, 104.83423764582957]","[np.float64(23.57540772824339), np.float64(103.2724082519711)]",2026-06-14 03:11:10,826.6741663137474,2,6.482406405861097,163.41452725309756,13.249938930388007,63.449718483561284,2.83453777215108,2,2,2,1265,9,0.7299768518518519,0.0,0.6014695591322603,ELECTRE-III,1
1369,0473,0,0,"[23.25037716116819, 104.83423764582957]","[np.float64(22.89150045911441), np.float64(101.1162537189631)]",2026-06-14 03:11:10,824.2635245585731,2,3.590830422248257,382.432703023834,28.857215304751225,61.4077582991051,4.961837177914267,1,1,1,894,14,0.7299768518518519,4.2318603260624155,1.0,ELECTRE-III,1
1370,0900,0,0,"[23.25037716116819, 104.83423764582957]","[np.float64(23.37939922921787), np.float64(104.4188690596225)]",2026-06-14 03:11:10,723.1772003448739,2,6.421412069545769,44.776068716641355,3.691540156284599,64.4785293876728,5.33637729676163,2,2,2,502,6,0.7299768518518519,5.33637729676163,0.37508747375787266,ELECTRE-III,1
1371,0293,0,0,"[22.64964153309806, 104.69076952231345]","[np.float64(23.57540772824339), np.float64(103.2724082519711)]",2026-06-14 03:11:20,826.6741663137474,2,6.482406405861097,177.86828785465238,14.375163845114148,63.487735316481576,6.83453777215108,2,2,2,1265,9,0.7300925925925926,0.0,0.6014695591322603,ELECTRE-III,1
1372,0473,0,0,"[22.64964153309806, 104.69076952231345]","[np.float64(22.89150045911441), np.float64(101.1162537189631)]",2026-06-14 03:11:20,824.2635245585731,2,3.590830422248257,367.4668229456475,27.900821349775526,61.44584343391709,3.9618371779142674,1,1,1,894,14,0.7300925925925926,4.69192977050686,1.0,ELECTRE-III,1
1373,0900,0,0,"[22.64964153309806, 104.69076952231345]","[np.float64(23.37939922921787), np.float64(104.4188690596225)]",2026-06-14 03:11:20,723.1772003448739,2,6.421412069545769,85.78428091244326,7.046500974038006,64.51659403191728,0.0,2,2,2,502,6,0.7300925925925926,0.0,0.37508747375787266,ELECTRE-III,1
1374,0293,0,0,"[22.048851263514567, 104.54818249320027]","[np.float64(23.57540772824339), np.float64(103.2724082519711)]",2026-06-14 03:11:30,826.6741663137474,2,6.482406405861097,214.26864293808157,17.157781888319057,63.525745319212696,10.83453777215108,2,2,2,1265,9,0.7302083333333333,9.374121105484413,0.6014695591322603,ELECTRE-III,1
1375,0473,0,0,"[22.048851263514567, 104.54818249320027]","[np.float64(22.89150045911441), np.float64(101.1162537189631)]",2026-06-14 03:11:30,824.2635245585731,2,3.590830422248257,364.8646707628585,27.73277225769191,61.483928568729084,0.9618371779142674,1,1,1,894,14,0.7302083333333333,7.533712177914268,1.0,ELECTRE-III,1
1376,0900,0,0,"[22.048851263514567, 104.54818249320027]","[np.float64(23.37939922921787), np.float64(104.4188690596225)]",2026-06-14 03:11:30,723.1772003448739,2,6.421412069545769,148.5437160025739,12.081292610549736,64.55465867616175,1.33637729676163,2,2,2,502,6,0.7302083333333333,7.178043963428297,0.37508747375787266,ELECTRE-III,1
1377,0054,0,0,"[21.44800805996501, 104.4064560679225]","[np.float64(18.15513185517254), np.float64(105.7144859139117)]",2026-06-14 03:11:40,41.79960250703835,1,2.5783464349666008,390.8794260628618,29.38937892906415,64.80900809066385,1.33637729676163,2,2,2,973,11,0.7303240740740741,0.606053222687556,0.7655703289013296,ELECTRE-III,1
1378,0293,0,0,"[21.44800805996501, 104.4064560679225]","[np.float64(23.57540772824339), np.float64(103.2724082519711)]",2026-06-14 03:11:40,826.6741663137474,2,6.482406405861097,263.67943727052733,20.803864698797668,63.56376215213299,2.83453777215108,2,2,2,1265,9,0.7303240740740741,0.0,0.6014695591322603,ELECTRE-III,1
1379,0473,0,0,"[21.44800805996501, 104.4064560679225]","[np.float64(22.89150045911441), np.float64(101.1162537189631)]",2026-06-14 03:11:40,824.2635245585731,2,3.590830422248257,374.88611740589465,28.37710707492264,61.52202053373024,1.9618371779142674,1,1,1,894,14,0.7303240740740741,5.613457548284638,1.0,ELECTRE-III,1
1380,0900,0,0,"[21.44800805996501, 104.4064560679225]","[np.float64(23.37939922921787), np.float64(104.4188690596225)]",2026-06-14 03:11:40,723.1772003448739,2,6.421412069545769,214.76499280887683,17.19518616066414,64.59272332040624,5.33637729676163,2,2,2,502,6,0.7303240740740741,3.875729148613482,0.37508747375787266,ELECTRE-III,1
1381,0054,0,0,"[20.847113629996674, 104.26555609553431]","[np.float64(18.15513185517254), np.float64(105.7144859139117)]",2026-06-14 03:11:50,41.79960250703835,1,2.5783464349666008,335.6494023928048,25.810485036078457,64.84700443301664,0.0,2,2,2,973,11,0.7304398148148148,2.921759259259259,0.7655703289013296,ELECTRE-III,1
1382,0078,2,0,"[20.847113629996674, 104.26555609553431]","[np.float64(17.65213607451746), np.float64(102.6669995678322)]",2026-06-14 03:11:50,299.62024012479276,1,3.2263977132556363,392.89320677006106,29.515438649462464,61.923717619197035,6.205398841777342,3,3,3,852,8,0.7304398148148148,8.396718286221786,0.5290412876137159,ELECTRE-III,1
1383,0293,0,0,"[20.847113629996674, 104.26555609553431]","[np.float64(23.57540772824339), np.float64(103.2724082519711)]",2026-06-14 03:11:50,826.6741663137474,2,6.482406405861097,320.1325403962206,24.763218473595717,63.601785815242444,4.83453777215108,2,2,2,1265,9,0.7304398148148148,5.564977586965895,0.6014695591322603,ELECTRE-III,1
1384,0343,0,0,"[20.847113629996674, 104.26555609553431]","[np.float64(18.03968156655883), np.float64(102.6065237617614)]",2026-06-14 03:11:50,557.5197651324559,1,6.93219528105419,357.3566764656304,27.244987837983377,61.9761120003202,16.078099436014156,2,2,2,536,7,0.7304398148148148,13.156340176754897,0.4688593421973408,ELECTRE-III,1
1385,0473,0,0,"[20.847113629996674, 104.26555609553431]","[np.float64(22.89150045911441), np.float64(101.1162537189631)]",2026-06-14 03:11:50,824.2635245585731,2,3.590830422248257,396.576135306698,29.74517422730445,61.560105668542235,4.961837177914267,1,1,1,894,14,0.7304398148148148,6.422716807543897,1.0,ELECTRE-III,1
1386,0656,0,0,"[20.847113629996674, 104.26555609553431]","[np.float64(17.98897657903611), np.float64(102.9374378968968)]",2026-06-14 03:11:50,229.92503283840335,1,7.5868274551557375,346.9826511463989,26.563905325746347,62.26488556823917,1.9544790794720672,1,1,1,1031,6,0.7304398148148148,0.0,0.37508747375787266,ELECTRE-III,1
1387,0900,0,0,"[20.847113629996674, 104.26555609553431]","[np.float64(23.37939922921787), np.float64(104.4188690596225)]",2026-06-14 03:11:50,723.1772003448739,2,6.421412069545769,282.02018536405353,22.11530747563646,64.63078796465072,2.33637729676163,2,2,2,502,6,0.7304398148148148,0.0,0.37508747375787266,ELECTRE-III,1
1388,0054,0,0,"[20.246173096251443, 104.12544159490066]","[np.float64(18.15513185517254), np.float64(105.7144859139117)]",2026-06-14 03:12:00,41.79960250703835,1,2.5783464349666008,286.18528290172804,22.409817324780267,64.88500760555858,5.33637729676163,2,2,2,973,11,0.7305555555555555,3.875266185650519,0.7655703289013296,ELECTRE-III,1
1389,0078,2,0,"[20.246173096251443, 104.12544159490066]","[np.float64(17.65213607451746), np.float64(102.6669995678322)]",2026-06-14 03:12:00,299.62024012479276,1,3.2263977132556363,326.6815234501273,25.207428721324117,61.96176860306317,10.205398841777342,3,3,3,852,8,0.7305555555555555,10.205398841777342,0.5290412876137159,ELECTRE-III,1
1390,0293,0,0,"[20.246173096251443, 104.12544159490066]","[np.float64(23.57540772824339), np.float64(103.2724082519711)]",2026-06-14 03:12:00,826.6741663137474,2,6.482406405861097,380.50623044658636,28.735071888808335,63.639802648162735,7.83453777215108,2,2,2,1265,9,0.7305555555555555,0.5289822165955247,0.6014695591322603,ELECTRE-III,1
1391,0343,0,0,"[20.246173096251443, 104.12544159490066]","[np.float64(18.03968156655883), np.float64(102.6065237617614)]",2026-06-14 03:12:00,557.5197651324559,1,6.93219528105419,292.6620139193967,22.86530800200031,62.0142176256997,11.078099436014156,2,2,2,536,7,0.7305555555555555,12.539210547125267,0.4688593421973408,ELECTRE-III,1
1392,0656,0,0,"[20.246173096251443, 104.12544159490066]","[np.float64(17.98897657903611), np.float64(102.9374378968968)]",2026-06-14 03:12:00,229.92503283840335,1,7.5868274551557375,280.30599608034623,21.993739550300592,62.30297070305116,6.954479079472067,1,1,1,1031,6,0.7305555555555555,8.415590190583178,0.37508747375787266,ELECTRE-III,1
1393,0900,0,0,"[20.246173096251443, 104.12544159490066]","[np.float64(23.37939922921787), np.float64(104.4188690596225)]",2026-06-14 03:12:00,723.1772003448739,2,6.421412069545769,349.7132346398898,26.74397182437192,64.6688526088952,0.3363772967616301,2,2,2,502,6,0.7305555555555555,0.0,0.37508747375787266,ELECTRE-III,1
1394,0054,0,0,"[19.64518475118202, 103.9860852452649]","[np.float64(18.15513185517254), np.float64(105.7144859139117)]",2026-06-14 03:12:10,41.79960250703835,1,2.5783464349666008,245.98891639717226,19.51691691264428,64.9229971177222,4.33637729676163,2,2,2,973,11,0.7306712962962963,2.144363407872741,0.7655703289013296,ELECTRE-III,1
1395,0078,2,0,"[19.64518475118202, 103.9860852452649]","[np.float64(17.65213607451746), np.float64(102.6669995678322)]",2026-06-14 03:12:10,299.62024012479276,1,3.2263977132556363,261.5827313811305,20.652447738941376,61.99981958692931,11.205398841777342,3,3,3,852,8,0.7306712962962963,6.090699767703267,0.5290412876137159,ELECTRE-III,1
1396,0343,0,0,"[19.64518475118202, 103.9860852452649]","[np.float64(18.03968156655883), np.float64(102.6065237617614)]",2026-06-14 03:12:10,557.5197651324559,1,6.93219528105419,230.10006564248192,18.34326467684994,62.0523232510792,9.078099436014156,2,2,2,536,7,0.7306712962962963,3.2327290656437855,0.4688593421973408,ELECTRE-III,1
1397,0656,0,0,"[19.64518475118202, 103.9860852452649]","[np.float64(17.98897657903611), np.float64(102.9374378968968)]",2026-06-14 03:12:10,229.92503283840335,1,7.5868274551557375,214.70114449556561,17.190375482072422,62.34105583786315,5.954479079472067,1,1,1,1031,6,0.7306712962962963,6.685150375768363,0.37508747375787266,ELECTRE-III,1
1398,0054,0,0,"[19.04415542497758, 103.84746655605949]","[np.float64(18.15513185517254), np.float64(105.7144859139117)]",2026-06-14 03:12:20,41.79960250703835,1,2.5783464349666008,220.1943681260609,17.60334543614296,64.96099346007499,1.33637729676163,2,2,2,973,11,0.7307870370370371,0.0,0.7655703289013296,ELECTRE-III,1
1399,0078,2,0,"[19.04415542497758, 103.84746655605949]","[np.float64(17.65213607451746), np.float64(102.6669995678322)]",2026-06-14 03:12:20,299.62024012479276,1,3.2263977132556363,198.69561339535346,15.976677759804554,62.037863740606284,10.205398841777342,3,3,3,852,8,0.7307870370370371,2.8975284714069716,0.5290412876137159,ELECTRE-III,1
1399,0078,2,0,"[19.04415542497758, 103.84746655605949]","[np.float64(17.65213607451746), np.float64(102.6669995678322)]",2026-06-14 03:12:20,299.62024012479276,1,3.2263977132556363,198.69561339535346,15.976677759804554,62.037863740606284,10.205398841777342,3,3,3,852,8,0.7307870370370371,2.8975284714069716,0.5290412876137159,ELECTRE-III,1
1400,0343,0,0,"[19.04415542497758, 103.84746655605949]","[np.float64(18.03968156655883), np.float64(102.6065237617614)]",2026-06-14 03:12:20,557.5197651324559,1,6.93219528105419,172.01597878377544,13.920873621774566,62.0904288764587,11.078099436014156,2,2,2,536,7,0.7307870370370371,11.078099436014156,0.4688593421973408,ELECTRE-III,1
1401,0656,0,0,"[19.04415542497758, 103.84746655605949]","[np.float64(17.98897657903611), np.float64(102.9374378968968)]",2026-06-14 03:12:20,229.92503283840335,1,7.5868274551557375,151.56834081334728,12.319848905014657,62.379140972675145,2.9544790794720672,1,1,1,1031,6,0.7307870370370371,4.416053153546141,0.37508747375787266,ELECTRE-III,1
1402,0054,0,0,"[18.44308341009082, 103.70954454614942]","[np.float64(18.15513185517254), np.float64(105.7144859139117)]",2026-06-14 03:12:30,41.79960250703835,1,2.5783464349666008,214.07235730598774,17.142985898325307,64.9989829722386,5.33637729676163,2,2,2,973,11,0.7309027777777778,9.721793963428297,0.7655703289013296,ELECTRE-III,1
1403,0078,2,0,"[18.44308341009082, 103.70954454614942]","[np.float64(17.65213607451746), np.float64(102.6669995678322)]",2026-06-14 03:12:30,299.62024012479276,1,3.2263977132556363,141.00980661446926,11.485246588625003,62.075914724472426,10.205398841777342,3,3,3,852,8,0.7309027777777778,9.474496063999563,0.5290412876137159,ELECTRE-III,1
1403,0078,2,0,"[18.44308341009082, 103.70954454614942]","[np.float64(17.65213607451746), np.float64(102.6669995678322)]",2026-06-14 03:12:30,299.62024012479276,1,3.2263977132556363,141.00980661446926,11.485246588625003,62.075914724472426,10.205398841777342,3,3,3,852,8,0.7309027777777778,9.474496063999563,0.5290412876137159,ELECTRE-III,1
1404,0343,0,0,"[18.44308341009082, 103.70954454614942]","[np.float64(18.03968156655883), np.float64(102.6065237617614)]",2026-06-14 03:12:30,557.5197651324559,1,6.93219528105419,124.82449962528548,10.196336583366897,62.12852767164903,12.078099436014156,2,2,2,536,7,0.7309027777777778,12.809002213791935,0.4688593421973408,ELECTRE-III,1
1405,0643,0,0,"[18.44308341009082, 103.70954454614942]","[np.float64(15.16804195423713), np.float64(104.723740023503)]",2026-06-14 03:12:30,446.87942668975944,1,6.899655233606451,379.8280958983023,28.692008270261002,63.12762042268182,6.961837177914267,1,1,1,517,9,0.7309027777777778,6.23093440013649,0.6014695591322603,ELECTRE-III,1
1406,0656,0,0,"[18.44308341009082, 103.70954454614942]","[np.float64(17.98897657903611), np.float64(102.9374378968968)]",2026-06-14 03:12:30,229.92503283840335,1,7.5868274551557375,95.91837714753449,7.869049462969264,62.41722610748713,4.954479079472067,1,1,1,1031,6,0.7309027777777778,1.2999651905831784,0.37508747375787266,ELECTRE-III,1
1407,0054,0,0,"[17.841973829163635, 103.57229872496718]","[np.float64(18.15513185517254), np.float64(105.7144859139117)]",2026-06-14 03:12:40,41.79960250703835,1,2.5783464349666008,229.20311672291015,18.27652210228294,65.0369724844022,4.33637729676163,2,2,2,973,11,0.7310185185185185,0.0,0.7655703289013296,ELECTRE-III,1
1408,0078,2,0,"[17.841973829163635, 103.57229872496718]","[np.float64(17.65213607451746), np.float64(102.6669995678322)]",2026-06-14 03:12:40,299.62024012479276,1,3.2263977132556363,98.1705064662933,8.051416424336667,62.1139588781494,10.205398841777342,3,3,3,852,8,0.7310185185185185,14.591509952888453,0.5290412876137159,ELECTRE-III,1
1408,0078,2,0,"[17.841973829163635, 103.57229872496718]","[np.float64(17.65213607451746), np.float64(102.6669995678322)]",2026-06-14 03:12:40,299.62024012479276,1,3.2263977132556363,98.1705064662933,8.051416424336667,62.1139588781494,10.205398841777342,3,3,3,852,8,0.7310185185185185,14.591509952888453,0.5290412876137159,ELECTRE-III,1
1409,0343,0,0,"[17.841973829163635, 103.57229872496718]","[np.float64(18.03968156655883), np.float64(102.6065237617614)]",2026-06-14 03:12:40,557.5197651324559,1,6.93219528105419,104.5059329101852,8.563538655097803,62.16662646683937,11.078099436014156,2,2,2,536,7,0.7310185185185185,13.271154991569713,0.4688593421973408,ELECTRE-III,1
1410,0643,0,0,"[17.841973829163635, 103.57229872496718]","[np.float64(15.16804195423713), np.float64(104.723740023503)]",2026-06-14 03:12:40,446.87942668975944,1,6.899655233606451,321.66791163776395,24.86764889400785,63.16496106687428,11.961837177914267,1,1,1,517,9,0.7310185185185185,6.113689029766119,0.6014695591322603,ELECTRE-III,1
1411,0656,0,0,"[17.841973829163635, 103.57229872496718]","[np.float64(17.98897657903611), np.float64(102.9374378968968)]",2026-06-14 03:12:40,229.92503283840335,1,7.5868274551557375,69.13066946370782,5.688576851897688,62.455311242299125,8.954479079472067,1,1,1,1031,6,0.7310185185185185,3.106330931323919,0.37508747375787266,ELECTRE-III,1
1412,0054,0,0,"[17.24082668219601, 103.43569494156694]","[np.float64(18.15513185517254), np.float64(105.7144859139117)]",2026-06-14 03:12:50,41.79960250703835,1,2.5783464349666008,261.9287465883709,20.67745663584864,65.07496199656582,2.33637729676163,2,2,2,973,11,0.7311342592592592,6.723182852317185,0.7655703289013296,ELECTRE-III,1
1413,0078,2,0,"[17.24082668219601, 103.43569494156694]","[np.float64(17.65213607451746), np.float64(102.6669995678322)]",2026-06-14 03:12:50,299.62024012479276,1,3.2263977132556363,93.49315265877594,7.672486579418367,62.15200303182637,10.205398841777342,3,3,3,852,8,0.7311342592592592,16.785607175110677,0.5290412876137159,ELECTRE-III,1
1413,0078,2,0,"[17.24082668219601, 103.43569494156694]","[np.float64(17.65213607451746), np.float64(102.6669995678322)]",2026-06-14 03:12:50,299.62024012479276,1,3.2263977132556363,93.49315265877594,7.672486579418367,62.15200303182637,10.205398841777342,3,3,3,852,8,0.7311342592592592,16.785607175110677,0.5290412876137159,ELECTRE-III,1
1414,0343,0,0,"[17.24082668219601, 103.43569494156694]","[np.float64(18.03968156655883), np.float64(102.6065237617614)]",2026-06-14 03:12:50,557.5197651324559,1,6.93219528105419,124.9420322292343,10.205735580952313,62.2047252620297,15.078099436014156,2,2,2,536,7,0.7311342592592592,15.078099436014156,0.4688593421973408,ELECTRE-III,1
1415,0643,0,0,"[17.24082668219601, 103.43569494156694]","[np.float64(15.16804195423713), np.float64(104.723740023503)]",2026-06-14 03:12:50,446.87942668975944,1,6.899655233606451,268.39459890324827,21.143267258273855,63.20229488087757,10.961837177914267,1,1,1,517,9,0.7311342592592592,5.843897363099453,0.6014695591322603,ELECTRE-III,1
1416,0656,0,0,"[17.24082668219601, 103.43569494156694]","[np.float64(17.98897657903611), np.float64(102.9374378968968)]",2026-06-14 03:12:50,229.92503283840335,1,7.5868274551557375,98.53471912678052,8.080893351167306,62.49338954692195,9.954479079472067,1,1,1,1031,6,0.7311342592592592,6.298807783175771,0.37508747375787266,ELECTRE-III,1
1417,0054,0,0,"[16.63964367673524, 103.29970587519198]","[np.float64(18.15513185517254), np.float64(105.7144859139117)]",2026-06-14 03:13:00,41.79960250703835,1,2.5783464349666008,306.66656006528547,23.83980370912433,65.11294467854026,0.0,2,2,2,973,11,0.73125,6.58125,0.7655703289013296,ELECTRE-III,1
1418,0078,2,0,"[16.63964367673524, 103.29970587519198]","[np.float64(17.65213607451746), np.float64(102.6669995678322)]",2026-06-14 03:13:00,299.62024012479276,1,3.2263977132556363,131.12789939340203,10.699620411483307,62.19004035531417,11.205398841777342,3,3,3,852,8,0.73125,14.861648841777342,0.5290412876137159,ELECTRE-III,1
1418,0078,2,0,"[16.63964367673524, 103.29970587519198]","[np.float64(17.65213607451746), np.float64(102.6669995678322)]",2026-06-14 03:13:00,299.62024012479276,1,3.2263977132556363,131.12789939340203,10.699620411483307,62.19004035531417,11.205398841777342,3,3,3,852,8,0.73125,14.861648841777342,0.5290412876137159,ELECTRE-III,1
1419,0343,0,0,"[16.63964367673524, 103.29970587519198]","[np.float64(18.03968156655883), np.float64(102.6065237617614)]",2026-06-14 03:13:00,557.5197651324559,1,6.93219528105419,172.18723771923786,13.934193424845875,62.24282405722003,8.078099436014156,2,2,2,536,7,0.73125,5.884349436014157,0.4688593421973408,ELECTRE-III,1
1420,0643,0,0,"[16.63964367673524, 103.29970587519198]","[np.float64(15.16804195423713), np.float64(104.723740023503)]",2026-06-14 03:13:00,446.87942668975944,1,6.899655233606451,223.5291805992542,17.85313491810904,63.23962186469169,11.961837177914267,1,1,1,517,9,0.73125,12.693087177914267,0.6014695591322603,ELECTRE-III,1
1421,0656,0,0,"[16.63964367673524, 103.29970587519198]","[np.float64(17.98897657903611), np.float64(102.9374378968968)]",2026-06-14 03:13:00,229.92503283840335,1,7.5868274551557375,154.8890421762962,12.581258176677359,62.53146785154477,5.954479079472067,1,1,1,1031,6,0.73125,5.223229079472067,0.37508747375787266,ELECTRE-III,1
1422,0054,0,0,"[16.03842993542321, 103.1643110352748]","[np.float64(18.15513185517254), np.float64(105.7144859139117)]",2026-06-14 03:13:10,41.79960250703835,1,2.5783464349666008,358.95162102586727,27.34897066865423,65.1509273605147,5.33637729676163,2,2,2,973,11,0.7313657407407408,0.0,0.7655703289013296,ELECTRE-III,1
1423,0078,2,0,"[16.03842993542321, 103.1643110352748]","[np.float64(17.65213607451746), np.float64(102.6669995678322)]",2026-06-14 03:13:10,299.62024012479276,1,3.2263977132556363,187.0781803917523,15.086347814410006,62.22808450899114,9.205398841777342,3,3,3,852,8,0.7313657407407408,5.548570138073638,0.5290412876137159,ELECTRE-III,1
1423,0078,2,0,"[16.03842993542321, 103.1643110352748]","[np.float64(17.65213607451746), np.float64(102.6669995678322)]",2026-06-14 03:13:10,299.62024012479276,1,3.2263977132556363,187.0781803917523,15.086347814410006,62.22808450899114,9.205398841777342,3,3,3,852,8,0.7313657407407408,5.548570138073638,0.5290412876137159,ELECTRE-III,1
1424,0343,0,0,"[16.03842993542321, 103.1643110352748]","[np.float64(18.03968156655883), np.float64(102.6065237617614)]",2026-06-14 03:13:10,557.5197651324559,1,6.93219528105419,230.29420696848632,18.357704086284606,62.280922852410356,14.078099436014156,2,2,2,536,7,0.7313657407407408,6.764442028606748,0.4688593421973408,ELECTRE-III,1
1425,0643,0,0,"[16.03842993542321, 103.1643110352748]","[np.float64(15.16804195423713), np.float64(104.723740023503)]",2026-06-14 03:13:10,446.87942668975944,1,6.899655233606451,193.02503448125378,15.543060197836551,63.27694884850581,8.961837177914267,1,1,1,517,9,0.7313657407407408,6.036374214951304,0.6014695591322603,ELECTRE-III,1
1426,0656,0,0,"[16.03842993542321, 103.1643110352748]","[np.float64(17.98897657903611), np.float64(102.9374378968968)]",2026-06-14 03:13:10,229.92503283840335,1,7.5868274551557375,218.22842077558207,17.45576379263582,62.56954615616759,3.9544790794720672,1,1,1,1031,6,0.7313657407407408,4.685844820212808,0.37508747375787266,ELECTRE-III,1
1427,0078,2,0,"[15.437183750712618, 103.02948310105876]","[np.float64(17.65213607451746), np.float64(102.6669995678322)]",2026-06-14 03:13:20,299.62024012479276,1,3.2263977132556363,249.30360143945876,19.759663089525663,62.266121832478944,9.205398841777342,3,3,3,852,8,0.7314814814814815,4.085028471406972,0.5290412876137159,ELECTRE-III,1
1428,0343,0,0,"[15.437183750712618, 103.02948310105876]","[np.float64(18.03968156655883), np.float64(102.6065237617614)]",2026-06-14 03:13:20,557.5197651324559,1,6.93219528105419,292.8679880511258,22.879743964829167,62.31901481741152,14.078099436014156,2,2,2,536,7,0.7314814814814815,8.957729065643786,0.4688593421973408,ELECTRE-III,1
1429,0643,0,0,"[15.437183750712618, 103.02948310105876]","[np.float64(15.16804195423713), np.float64(104.723740023503)]",2026-06-14 03:13:20,446.87942668975944,1,6.899655233606451,184.16091889850412,14.861581584262309,63.31426900213076,4.961837177914267,1,1,1,517,9,0.7314814814814815,3.4988742149513046,0.6014695591322603,ELECTRE-III,1
1430,0656,0,0,"[15.437183750712618, 103.02948310105876]","[np.float64(17.98897657903611), np.float64(102.9374378968968)]",2026-06-14 03:13:20,229.92503283840335,1,7.5868274551557375,283.91605692621636,22.249516312429122,62.60762446079041,7.954479079472067,1,1,1,1031,6,0.7314814814814815,0.6396642646572523,0.37508747375787266,ELECTRE-III,1
1431,0078,2,0,"[14.835908537698057, 102.89519475178714]","[np.float64(17.65213607451746), np.float64(102.6669995678322)]",2026-06-14 03:13:30,299.62024012479276,1,3.2263977132556363,314.096566234444,24.350970685375035,62.304159155966744,11.205398841777342,3,3,3,852,8,0.7315972222222222,9.010607175110675,0.5290412876137159,ELECTRE-III,1
1432,0343,0,0,"[14.835908537698057, 102.89519475178714]","[np.float64(18.03968156655883), np.float64(102.6065237617614)]",2026-06-14 03:13:30,557.5197651324559,1,6.93219528105419,357.57120971303084,27.258985726215478,62.35710678241268,13.078099436014156,2,2,2,536,7,0.7315972222222222,7.9569188804586,0.4688593421973408,ELECTRE-III,1
1433,0643,0,0,"[14.835908537698057, 102.89519475178714]","[np.float64(15.16804195423713), np.float64(104.723740023503)]",2026-06-14 03:13:30,446.87942668975944,1,6.899655233606451,199.8366903195173,16.063708648190072,63.35158232556654,9.961837177914267,1,1,1,517,9,0.7315972222222222,4.1090594001364895,0.6014695591322603,ELECTRE-III,1
1434,0656,0,0,"[14.835908537698057, 102.89519475178714]","[np.float64(17.98897657903611), np.float64(102.9374378968968)]",2026-06-14 03:13:30,229.92503283840335,1,7.5868274551557375,350.6346079182487,26.80460292593567,62.64569593522406,8.954479079472067,1,1,1,1031,6,0.7315972222222222,2.3701040794720676,0.37508747375787266,ELECTRE-III,1
1435,0078,2,0,"[14.23460685770046, 102.76141866670326]","[np.float64(17.65213607451746), np.float64(102.6669995678322)]",2026-06-14 03:13:40,299.62024012479276,1,3.2263977132556363,380.1464629224048,28.712229966347,62.34219647945454,6.205398841777342,3,3,3,852,8,0.731712962962963,7.668824767703268,0.5290412876137159,ELECTRE-III,1
1436,0643,0,0,"[14.23460685770046, 102.76141866670326]","[np.float64(15.16804195423713), np.float64(104.723740023503)]",2026-06-14 03:13:40,446.87942668975944,1,6.899655233606451,235.194946979478,18.72139729924863,63.388895649002315,8.961837177914267,1,1,1,517,9,0.731712962962963,9.69355014087723,0.6014695591322603,ELECTRE-III,1
1437,0643,0,0,"[13.633280418267123, 102.62813435523964]","[np.float64(15.16804195423713), np.float64(104.723740023503)]",2026-06-14 03:13:50,446.87942668975944,1,6.899655233606451,282.9495337721916,22.181128125191965,63.426195312059754,11.961837177914267,1,1,1,517,9,0.7318287037037037,6.839036251988341,0.6014695591322603,ELECTRE-III,1
1438,0643,0,0,"[13.03193007317169, 102.49531449663958]","[np.float64(15.16804195423713), np.float64(104.723740023503)]",2026-06-14 03:14:00,446.87942668975944,1,6.899655233606451,337.8841515451168,25.95981910988346,63.4634949751172,11.961837177914267,1,1,1,517,9,0.7319444444444444,9.766003844580935,0.6014695591322603,ELECTRE-III,1
1439,0643,0,0,"[12.430557529961455, 102.36293860033555]","[np.float64(15.16804195423713), np.float64(104.723740023503)]",2026-06-14 03:14:10,446.87942668975944,1,6.899655233606451,397.02869248554384,29.773331772661216,63.50078780798547,10.961837177914267,1,1,1,517,9,0.7320601851851852,6.569476066803156,0.6014695591322603,ELECTRE-III,1
1440,0292,0,0,"[9.423431851627234, 101.70692625131251]","[np.float64(5.846966254407015), np.float64(101.0359862015639)]",2026-06-14 03:15:00,335.40872349036795,1,7.75636167466292,404.4990516458468,30.23584168119032,56.066512802114694,4.710917415608993,4,4,3,744,14,0.7326388888888888,11.304667415608993,1.0,ELECTRE-III,1
1441,0292,0,0,"[8.82196539331591, 101.57674284573207]","[np.float64(5.846966254407015), np.float64(101.0359862015639)]",2026-06-14 03:15:10,335.40872349036795,1,7.75636167466292,336.13676263088473,25.843084423333277,56.100861823450686,0.0,4,4,3,744,14,0.7327546296296297,0.0,1.0,ELECTRE-III,1
1442,0292,0,0,"[8.220488689720833, 101.44684630809677]","[np.float64(5.846966254407015), np.float64(101.0359862015639)]",2026-06-14 03:15:20,335.40872349036795,1,7.75636167466292,267.78996088964334,21.099830992365707,56.13520059950292,2.710917415608993,4,4,3,744,14,0.7328703703703704,1.245176674868252,1.0,ELECTRE-III,1
1443,0749,1,0,"[8.220488689720833, 101.44684630809677]","[np.float64(5.380223861353773), np.float64(100.1231666341664)]",2026-06-14 03:15:20,337.5576706138789,1,2.5505113269550748,347.99434920531223,26.63068732149373,55.12141952666003,0.7072383663878927,2,2,2,995,10,0.7328703703703704,1.4401087367582632,0.655703289013296,ELECTRE-III,1
1444,0292,0,0,"[7.619004302162939, 101.31722297802827]","[np.float64(5.846966254407015), np.float64(101.0359862015639)]",2026-06-14 03:15:30,335.40872349036795,1,7.75636167466292,199.47416438252984,16.03606672271148,56.169525715176825,3.710917415608993,4,4,3,744,14,0.7329861111111111,2.977931304497882,1.0,ELECTRE-III,1
1445,0749,1,0,"[7.619004302162939, 101.31722297802827]","[np.float64(5.380223861353773), np.float64(100.1231666341664)]",2026-06-14 03:15:30,337.5576706138789,1,2.5505113269550748,281.73096731513186,22.094811193652045,55.15580611403646,8.707238366387893,2,2,2,995,10,0.7329861111111111,7.974252255276782,0.655703289013296,ELECTRE-III,1
1446,0292,0,0,"[7.017512230642228, 101.18784553476988]","[np.float64(5.846966254407015), np.float64(101.0359862015639)]",2026-06-14 03:15:40,335.40872349036795,1,7.75636167466292,131.2360581317605,10.708241822346423,56.20383717047238,0.0,4,4,3,744,14,0.7331018518518518,0.0,1.0,ELECTRE-III,1
1447,0749,1,0,"[7.017512230642228, 101.18784553476988]","[np.float64(5.380223861353773), np.float64(100.1231666341664)]",2026-06-14 03:15:40,337.5576706138789,1,2.5505113269550748,216.78645523306525,17.347364617081006,55.19018245612913,4.707238366387893,2,2,2,995,10,0.7331018518518518,2.507932810832337,0.655703289013296,ELECTRE-III,1
1448,0219,0,0,"[6.41601503647964, 101.05869348775411]","[np.float64(4.050883341734679), np.float64(98.64490216070004)]",2026-06-14 03:15:50,116.29882485222666,1,2.9375499059458736,374.9585404071172,28.381735430246042,53.259226506063996,12.209077890998444,2,2,2,1408,7,0.7332175925925926,7.076554742850296,0.4688593421973408,ELECTRE-III,1
1449,0292,0,0,"[6.41601503647964, 101.05869348775411]","[np.float64(5.846966254407015), np.float64(101.0359862015639)]",2026-06-14 03:15:50,335.40872349036795,1,7.75636167466292,63.32520972108403,5.213613338711438,56.238134965389605,0.0,4,4,3,744,14,0.7332175925925926,4.399305555555555,1.0,ELECTRE-III,1
1450,0749,1,0,"[6.41601503647964, 101.05869348775411]","[np.float64(5.380223861353773), np.float64(100.1231666341664)]",2026-06-14 03:15:50,337.5576706138789,1,2.5505113269550748,154.8292197327752,12.576553559580402,55.224545137843464,3.7072383663878927,2,2,2,995,10,0.7332175925925926,0.04115040342492993,0.655703289013296,ELECTRE-III,1
1450,0749,1,0,"[6.41601503647964, 101.05869348775411]","[np.float64(5.380223861353773), np.float64(100.1231666341664)]",2026-06-14 03:15:50,337.5576706138789,1,2.5505113269550748,154.8292197327752,12.576553559580402,55.224545137843464,3.7072383663878927,2,2,2,995,10,0.7332175925925926,0.04115040342492993,0.655703289013296,ELECTRE-III,1
1451,0800,0,0,"[6.41601503647964, 101.05869348775411]","[np.float64(2.780625641193455), np.float64(101.262132160286)]",2026-06-14 03:15:50,880.2920084601158,2,2.4598272509274723,404.8656101996795,30.258425321633613,54.617245697980955,14.456318604082618,3,3,3,620,11,0.7332175925925926,17.38918897445299,0.7655703289013296,ELECTRE-III,1
1452,0219,0,0,"[5.814513573448821, 100.92975317660262]","[np.float64(4.050883341734679), np.float64(98.64490216070004)]",2026-06-14 03:16:00,116.29882485222666,1,2.9375499059458736,320.193850434297,24.767391934904566,53.29344233871117,13.209077890998444,2,2,2,1408,7,0.7333333333333333,15.409077890998443,0.4688593421973408,ELECTRE-III,1
1453,0231,0,0,"[5.814513573448821, 100.92975317660262]","[np.float64(2.66227049203064), np.float64(101.682748990391)]",2026-06-14 03:16:00,992.6620925054632,2,2.5851559417808536,360.32007145607525,27.438031853461606,54.90712575654546,5.205398841777342,4,4,3,513,10,0.7333333333333333,9.60539884177734,0.655703289013296,ELECTRE-III,1
1454,0292,0,0,"[5.814513573448821, 100.92975317660262]","[np.float64(5.846966254407015), np.float64(101.0359862015639)]",2026-06-14 03:16:00,335.40872349036795,1,7.75636167466292,12.29304763909245,1.0147926454592353,56.27242251502307,0.0,4,4,3,744,14,0.7333333333333333,0.0,1.0,ELECTRE-III,1
1455,0641,0,0,"[5.814513573448821, 100.92975317660262]","[np.float64(4.692466357721659), np.float64(97.78737978848821)]",2026-06-14 03:16:00,939.2732807966687,2,2.323706793644613,369.6358498194368,28.040501242344593,52.94196080402232,4.961837177914267,4,4,3,618,2,0.7333333333333333,11.561837177914267,0.061931420573827854,ELECTRE-III,1
1456,0749,1,0,"[5.814513573448821, 100.92975317660262]","[np.float64(5.380223861353773), np.float64(100.1231666341664)]",2026-06-14 03:16:00,337.5576706138789,1,2.5505113269550748,101.48626205312438,8.319611307363266,55.258897574274044,8.707238366387893,2,2,2,995,10,0.7333333333333333,8.707238366387893,0.655703289013296,ELECTRE-III,1
1456,0749,1,0,"[5.814513573448821, 100.92975317660262]","[np.float64(5.380223861353773), np.float64(100.1231666341664)]",2026-06-14 03:16:00,337.5576706138789,1,2.5505113269550748,101.48626205312438,8.319611307363266,55.258897574274044,8.707238366387893,2,2,2,995,10,0.7333333333333333,8.707238366387893,0.655703289013296,ELECTRE-III,1
1457,0800,0,0,"[5.814513573448821, 100.92975317660262]","[np.float64(2.780625641193455), np.float64(101.262132160286)]",2026-06-14 03:16:00,880.2920084601158,2,2.4598272509274723,339.36013233605576,26.058242262717112,54.65006134184828,14.456318604082618,3,3,3,620,11,0.7333333333333333,7.122985270749285,0.7655703289013296,ELECTRE-III,1
1458,0914,0,0,"[5.814513573448821, 100.92975317660262]","[np.float64(2.940419745799746), np.float64(98.846245779196)]",2026-06-14 03:16:00,920.5821235074847,2,5.516848599454207,394.3148394594615,29.60424214668231,52.817190323359114,1.2053988417773418,4,4,3,1378,13,0.7333333333333333,0.0,0.9188243526941917,ELECTRE-III,1
1459,0219,0,0,"[5.213009975983886, 100.8009972805587]","[np.float64(4.050883341734679), np.float64(98.64490216070004)]",2026-06-14 03:16:10,116.29882485222666,1,2.9375499059458736,271.66220864889345,21.377566129901446,53.327644510980015,6.209077890998444,2,2,2,1408,7,0.7334490740740741,9.14287418729474,0.4688593421973408,ELECTRE-III,1
1460,0231,0,0,"[5.213009975983886, 100.8009972805587]","[np.float64(2.66227049203064), np.float64(101.682748990391)]",2026-06-14 03:16:10,992.6620925054632,2,2.5851559417808536,300.0199541211804,23.379089436260852,54.9397125890756,13.205398841777342,4,4,3,513,10,0.7334490740740741,15.405746063999564,0.655703289013296,ELECTRE-III,1
1461,0292,0,0,"[5.213009975983886, 100.8009972805587]","[np.float64(5.846966254407015), np.float64(101.0359862015639)]",2026-06-14 03:16:10,335.40872349036795,1,7.75636167466292,75.13752048705257,6.179191761759972,56.306699819372774,1.7109174156089928,4,4,3,744,14,0.7334490740740741,0.0,1.0,ELECTRE-III,1
1462,0641,0,0,"[5.213009975983886, 100.8009972805587]","[np.float64(4.692466357721659), np.float64(97.78737978848821)]",2026-06-14 03:16:10,939.2732807966687,2,2.323706793644613,338.8273996776178,26.022736962531273,52.9766547499114,6.961837177914267,4,4,3,618,2,0.7334490740740741,12.095980696432786,0.061931420573827854,ELECTRE-III,1
1463,0749,1,0,"[5.213009975983886, 100.8009972805587]","[np.float64(5.380223861353773), np.float64(100.1231666341664)]",2026-06-14 03:16:10,337.5576706138789,1,2.5505113269550748,77.31851349844293,6.357105258926942,55.29323635032628,9.707238366387893,2,2,2,995,10,0.7334490740740741,11.907585588610115,0.655703289013296,ELECTRE-III,1
1463,0749,1,0,"[5.213009975983886, 100.8009972805587]","[np.float64(5.380223861353773), np.float64(100.1231666341664)]",2026-06-14 03:16:10,337.5576706138789,1,2.5505113269550748,77.31851349844293,6.357105258926942,55.29323635032628,9.707238366387893,2,2,2,995,10,0.7334490740740741,11.907585588610115,0.655703289013296,ELECTRE-III,1
1464,0800,0,0,"[5.213009975983886, 100.8009972805587]","[np.float64(2.780625641193455), np.float64(101.262132160286)]",2026-06-14 03:16:10,880.2920084601158,2,2.4598272509274723,275.26283107616155,21.63487711035346,54.682856495148094,9.456318604082618,3,3,3,620,11,0.7334490740740741,5.789073233712248,0.7655703289013296,ELECTRE-III,1
1465,0914,0,0,"[5.213009975983886, 100.8009972805587]","[np.float64(2.940419745799746), np.float64(98.846245779196)]",2026-06-14 03:16:10,920.5821235074847,2,5.516848599454207,332.95269190748536,25.629778542373543,52.85086998615645,7.205398841777342,4,4,3,1378,13,0.7334490740740741,7.938847915851416,0.9188243526941917,ELECTRE-III,1
1466,0219,0,0,"[4.611505951632128, 100.67241213924405]","[np.float64(4.050883341734679), np.float64(98.64490216070004)]",2026-06-14 03:16:20,116.29882485222666,1,2.9375499059458736,233.28751937659592,18.580027616504527,53.361836437965096,5.209077890998444,2,2,2,1408,7,0.7335648148148148,9.610466779887332,0.4688593421973408,ELECTRE-III,1
1467,0231,0,0,"[4.611505951632128, 100.67241213924405]","[np.float64(2.66227049203064), np.float64(101.682748990391)]",2026-06-14 03:16:20,992.6620925054632,2,2.5851559417808536,244.02426045432637,19.372692655763824,54.9722823461328,5.205398841777342,4,4,3,513,10,0.7335648148148148,5.205398841777342,0.655703289013296,ELECTRE-III,1
1468,0292,0,0,"[4.611505951632128, 100.67241213924405]","[np.float64(5.846966254407015), np.float64(101.0359862015639)]",2026-06-14 03:16:20,335.40872349036795,1,7.75636167466292,143.15454883462155,11.65519067798665,56.340963463344146,2.710917415608993,4,4,3,744,14,0.7335648148148148,1.2437877859793631,1.0,ELECTRE-III,1
1469,0354,0,0,"[4.611505951632128, 100.67241213924405]","[np.float64(1.479528061284925), np.float64(99.28973826486337)]",2026-06-14 03:16:20,55.70517125843845,1,5.217822679512395,380.59264017576083,28.740556623800074,52.36208798877199,4.579938960624705,2,2,2,526,9,0.7335648148148148,0.0,0.6014695591322603,ELECTRE-III,1
1470,0641,0,0,"[4.611505951632128, 100.67241213924405]","[np.float64(4.692466357721659), np.float64(97.78737978848821)]",2026-06-14 03:16:20,939.2732807966687,2,2.323706793644613,319.87105486313817,24.745415633363905,53.01133503542214,8.961837177914267,4,4,3,618,2,0.7335648148148148,9.695401992729082,0.061931420573827854,ELECTRE-III,1
1471,0749,1,0,"[4.611505951632128, 100.67241213924405]","[np.float64(5.380223861353773), np.float64(100.1231666341664)]",2026-06-14 03:16:20,337.5576706138789,1,2.5505113269550748,104.91923416983224,8.59690078534416,55.327564881094766,4.707238366387893,2,2,2,995,10,0.7335648148148148,9.842192070091595,0.655703289013296,ELECTRE-III,1
1471,0749,1,0,"[4.611505951632128, 100.67241213924405]","[np.float64(5.380223861353773), np.float64(100.1231666341664)]",2026-06-14 03:16:20,337.5576706138789,1,2.5505113269550748,104.91923416983224,8.59690078534416,55.327564881094766,4.707238366387893,2,2,2,995,10,0.7335648148148148,9.842192070091595,0.655703289013296,ELECTRE-III,1
1472,0800,0,0,"[4.611505951632128, 100.67241213924405]","[np.float64(2.780625641193455), np.float64(101.262132160286)]",2026-06-14 03:16:20,880.2920084601158,2,2.4598272509274723,213.84226545061998,17.1256385973234,54.715641403164156,9.456318604082618,3,3,3,620,11,0.7335648148148148,5.788494530008544,0.7655703289013296,ELECTRE-III,1
1473,0914,0,0,"[4.611505951632128, 100.67241213924405]","[np.float64(2.940419745799746), np.float64(98.846245779196)]",2026-06-14 03:16:20,920.5821235074847,2,5.516848599454207,274.9175583942741,21.61024242598648,52.884535988575436,5.205398841777342,4,4,3,1378,13,0.7335648148148148,10.340352545481046,0.9188243526941917,ELECTRE-III,1
1474,0219,0,0,"[4.010001927280371, 100.54397043190195]","[np.float64(4.050883341734679), np.float64(98.64490216070004)]",2026-06-14 03:16:30,116.29882485222666,1,2.9375499059458736,210.69379929169648,16.88794222898518,53.39601470457184,14.209077890998444,2,2,2,1408,7,0.7336805555555556,10.540675113220665,0.4688593421973408,ELECTRE-III,1
1475,0231,0,0,"[4.010001927280371, 100.54397043190195]","[np.float64(2.66227049203064), np.float64(101.682748990391)]",2026-06-14 03:16:30,992.6620925054632,2,2.5851559417808536,196.05508405312023,15.77499238186434,55.00483502771708,7.205398841777342,4,4,3,513,10,0.7336805555555556,7.939079397332898,0.655703289013296,ELECTRE-III,1
1476,0285,0,0,"[4.010001927280371, 100.54397043190195]","[np.float64(0.8892574000650014), np.float64(101.5601575941312)]",2026-06-14 03:16:30,563.4417592167164,1,7.6178518183597435,364.90865474850364,27.735617099818615,53.78459782683221,3.5836180098458055,1,1,1,641,2,0.7336805555555556,0.0,0.061931420573827854,ELECTRE-III,1
1477,0292,0,0,"[4.010001927280371, 100.54397043190195]","[np.float64(5.846966254407015), np.float64(101.0359862015639)]",2026-06-14 03:16:30,335.40872349036795,1,7.75636167466292,211.40842686282514,16.94194657225612,56.375213446937174,0.0,4,4,3,744,14,0.7336805555555556,0.0,1.0,ELECTRE-III,1
1478,0354,0,0,"[4.010001927280371, 100.54397043190195]","[np.float64(1.479528061284925), np.float64(99.28973826486337)]",2026-06-14 03:16:30,55.70517125843845,1,5.217822679512395,313.9667951531831,24.342077784383022,52.39496168924726,5.579938960624705,2,2,2,526,9,0.7336805555555556,9.248341738402484,0.6014695591322603,ELECTRE-III,1
1479,0641,0,0,"[4.010001927280371, 100.54397043190195]","[np.float64(4.692466357721659), np.float64(97.78737978848821)]",2026-06-14 03:16:30,939.2732807966687,2,2.323706793644613,314.91400553880914,24.406959115969123,53.04600507564913,2.9618371779142674,4,4,3,618,2,0.7336805555555556,0.0,0.061931420573827854,ELECTRE-III,1
1480,0749,1,0,"[4.010001927280371, 100.54397043190195]","[np.float64(5.380223861353773), np.float64(100.1231666341664)]",2026-06-14 03:16:30,337.5576706138789,1,2.5505113269550748,159.33867588911346,12.930703704697619,55.36187975148491,6.707238366387893,2,2,2,995,10,0.7336805555555556,4.506196699721226,0.655703289013296,ELECTRE-III,1
1480,0749,1,0,"[4.010001927280371, 100.54397043190195]","[np.float64(5.380223861353773), np.float64(100.1231666341664)]",2026-06-14 03:16:30,337.5576706138789,1,2.5505113269550748,159.33867588911346,12.930703704697619,55.36187975148491,6.707238366387893,2,2,2,995,10,0.7336805555555556,4.506196699721226,0.655703289013296,ELECTRE-III,1
1481,0800,0,0,"[4.010001927280371, 100.54397043190195]","[np.float64(2.780625641193455), np.float64(101.262132160286)]",2026-06-14 03:16:30,880.2920084601158,2,2.4598272509274723,158.2448377427232,12.844890337369037,54.74840923570729,16.456318604082618,3,3,3,620,11,0.7336805555555556,14.255276937415951,0.7655703289013296,ELECTRE-III,1
1482,0914,0,0,"[4.010001927280371, 100.54397043190195]","[np.float64(2.940419745799746), np.float64(98.846245779196)]",2026-06-14 03:16:30,920.5821235074847,2,5.516848599454207,222.8233893086957,17.800326744085464,52.91818833061609,3.205398841777342,4,4,3,1378,13,0.7336805555555556,6.140121063999564,0.9188243526941917,ELECTRE-III,1
1483,0219,0,0,"[3.40850025080614, 100.41566532834327]","[np.float64(4.050883341734679), np.float64(98.64490216070004)]",2026-06-14 03:16:40,116.29882485222666,1,2.9375499059458736,209.06319870451432,16.76460221210403,53.43018272589483,5.209077890998444,2,2,2,1408,7,0.7337962962962963,5.209077890998444,0.4688593421973408,ELECTRE-III,1
1484,0231,0,0,"[3.40850025080614, 100.41566532834327]","[np.float64(2.66227049203064), np.float64(101.682748990391)]",2026-06-14 03:16:40,992.6620925054632,2,2.5851559417808536,163.34081104048917,13.244172582241928,55.03737404892302,10.205398841777342,4,4,3,513,10,0.7337962962962963,14.60817661955512,0.655703289013296,ELECTRE-III,1
1485,0285,0,0,"[3.40850025080614, 100.41566532834327]","[np.float64(0.8892574000650014), np.float64(101.5601575941312)]",2026-06-14 03:16:40,563.4417592167164,1,7.6178518183597435,307.6387133913117,23.906917287249406,53.816330885716084,4.5836180098458055,1,1,1,641,2,0.7337962962962963,9.72019208391988,0.061931420573827854,ELECTRE-III,1
1486,0292,0,0,"[3.40850025080614, 100.41566532834327]","[np.float64(5.846966254407015), np.float64(101.0359862015639)]",2026-06-14 03:16:40,335.40872349036795,1,7.75636167466292,279.7247257061681,21.952469246480828,56.409449770151866,2.710917415608993,4,4,3,744,14,0.7337962962962963,3.444713711905289,1.0,ELECTRE-III,1
1487,0354,0,0,"[3.40850025080614, 100.41566532834327]","[np.float64(1.479528061284925), np.float64(99.28973826486337)]",2026-06-14 03:16:40,55.70517125843845,1,5.217822679512395,248.29690271364254,19.686016605103404,52.427821729344195,9.579938960624705,2,2,2,526,9,0.7337962962962963,5.177161182846928,0.6014695591322603,ELECTRE-III,1
1488,0641,0,0,"[3.40850025080614, 100.41566532834327]","[np.float64(4.692466357721659), np.float64(97.78737978848821)]",2026-06-14 03:16:40,939.2732807966687,2,2.323706793644613,324.59995100709205,25.066586065140644,53.08066487059235,10.961837177914267,4,4,3,618,2,0.7337962962962963,5.825263103840193,0.061931420573827854,ELECTRE-III,1
1489,0749,1,0,"[3.40850025080614, 100.41566532834327]","[np.float64(5.380223861353773), np.float64(100.1231666341664)]",2026-06-14 03:16:40,337.5576706138789,1,2.5505113269550748,221.63104013703636,17.711042699985985,55.3961843765913,4.707238366387893,2,2,2,995,10,0.7337962962962963,3.9734420700915964,0.655703289013296,ELECTRE-III,1
1490,0800,0,0,"[3.40850025080614, 100.41566532834327]","[np.float64(2.780625641193455), np.float64(101.262132160286)]",2026-06-14 03:16:40,880.2920084601158,2,2.4598272509274723,117.079355853604,9.57576232302982,54.7811599927775,11.456318604082618,3,3,3,620,11,0.7337962962962963,10.722522307786322,0.7655703289013296,ELECTRE-III,1
1491,0914,0,0,"[3.40850025080614, 100.41566532834327]","[np.float64(2.940419745799746), np.float64(98.846245779196)]",2026-06-14 03:16:40,920.5821235074847,2,5.516848599454207,181.85104115432364,14.68327952988292,52.9518270122784,7.205398841777342,4,4,3,1378,13,0.7337962962962963,0.6012321751106757,0.9188243526941917,ELECTRE-III,1
1492,0219,0,0,"[2.8070022028699055, 100.2874695078113]","[np.float64(4.050883341734679), np.float64(98.64490216070004)]",2026-06-14 03:16:50,116.29882485222666,1,2.9375499059458736,228.84339157494102,18.249740265374314,53.46434050193407,11.209077890998444,2,2,2,1408,7,0.733912037037037,9.007341779887334,0.4688593421973408,ELECTRE-III,1
1493,0231,0,0,"[2.8070022028699055, 100.2874695078113]","[np.float64(2.66227049203064), np.float64(101.682748990391)]",2026-06-14 03:16:50,992.6620925054632,2,2.5851559417808536,155.80488272205804,12.653261076927805,55.06989599465604,9.205398841777342,4,4,3,513,10,0.733912037037037,4.80192661955512,0.655703289013296,ELECTRE-III,1
1494,0285,0,0,"[2.8070022028699055, 100.2874695078113]","[np.float64(0.8892574000650014), np.float64(101.5601575941312)]",2026-06-14 03:16:50,563.4417592167164,1,7.6178518183597435,255.8850835367287,20.23945991712751,53.84804686912704,9.583618009845805,1,1,1,641,2,0.733912037037037,3.7123217135495095,0.061931420573827854,ELECTRE-III,1
1495,0292,0,0,"[2.8070022028699055, 100.2874695078113]","[np.float64(5.846966254407015), np.float64(101.0359862015639)]",2026-06-14 03:16:50,335.40872349036795,1,7.75636167466292,348.06612450547675,26.635422233827423,56.4436758480828,6.710917415608993,4,4,3,744,14,0.733912037037037,1.5735331563497335,1.0,ELECTRE-III,1
1496,0354,0,0,"[2.8070022028699055, 100.2874695078113]","[np.float64(1.479528061284925), np.float64(99.28973826486337)]",2026-06-14 03:16:50,55.70517125843845,1,5.217822679512395,184.60454438575138,14.895791963221518,52.4606646939682,9.579938960624705,2,2,2,526,9,0.733912037037037,2.9747306272913727,0.6014695591322603,ELECTRE-III,1
1497,0641,0,0,"[2.8070022028699055, 100.2874695078113]","[np.float64(4.692466357721659), np.float64(97.78737978848821)]",2026-06-14 03:16:50,939.2732807966687,2,2.323706793644613,347.7068242413619,26.61171578237589,53.11531442025183,3.9618371779142674,4,4,3,618,2,0.733912037037037,0.0,0.061931420573827854,ELECTRE-III,1
1498,0749,1,0,"[2.8070022028699055, 100.2874695078113]","[np.float64(5.380223861353773), np.float64(100.1231666341664)]",2026-06-14 03:16:50,337.5576706138789,1,2.5505113269550748,286.7092080737733,22.446775672897765,55.43047534131935,8.707238366387893,2,2,2,995,10,0.733912037037037,5.771590218239744,0.655703289013296,ELECTRE-III,1
1499,0800,0,0,"[2.8070022028699055, 100.2874695078113]","[np.float64(2.780625641193455), np.float64(101.262132160286)]",2026-06-14 03:16:50,880.2920084601158,2,2.4598272509274723,108.28860003708779,8.868658731071271,54.81389708946937,7.456318604082618,3,3,3,620,11,0.733912037037037,1.5850223077863221,0.7655703289013296,ELECTRE-III,1
1500,0914,0,0,"[2.8070022028699055, 100.2874695078113]","[np.float64(2.940419745799746), np.float64(98.846245779196)]",2026-06-14 03:16:50,920.5821235074847,2,5.516848599454207,160.7414850051447,13.040669980849115,52.985455448656964,3.205398841777342,4,4,3,1378,13,0.733912037037037,9.810607175110675,0.9188243526941917,ELECTRE-III,1
1501,0219,0,0,"[2.2055090641321375, 100.15936247973853]","[np.float64(4.050883341734679), np.float64(98.64490216070004)]",2026-06-14 03:17:00,116.29882485222666,1,2.9375499059458736,265.28747576780523,20.91978621324708,53.49848461759496,9.209077890998444,2,2,2,1408,7,0.7340277777777777,3.336855668776222,0.4688593421973408,ELECTRE-III,1
1502,0231,0,0,"[2.2055090641321375, 100.15936247973853]","[np.float64(2.66227049203064), np.float64(101.682748990391)]",2026-06-14 03:17:00,992.6620925054632,2,2.5851559417808536,176.69663956344712,14.284359455564843,55.10240428001071,6.205398841777342,4,4,3,513,10,0.7340277777777777,10.609565508444009,0.655703289013296,ELECTRE-III,1
1503,0285,0,0,"[2.2055090641321375, 100.15936247973853]","[np.float64(0.8892574000650014), np.float64(101.5601575941312)]",2026-06-14 03:17:00,563.4417592167164,1,7.6178518183597435,213.69218945165375,17.11432218230821,53.87974919215966,7.5836180098458055,1,1,1,641,2,0.7340277777777777,9.785701343179138,0.061931420573827854,ELECTRE-III,1
1504,0354,0,0,"[2.2055090641321375, 100.15936247973853]","[np.float64(1.479528061284925), np.float64(99.28973826486337)]",2026-06-14 03:17:00,55.70517125843845,1,5.217822679512395,125.9258055510178,10.284385410555187,52.493497413308454,1.5799389606247054,2,2,2,526,9,0.7340277777777777,6.71813340506915,0.6014695591322603,ELECTRE-III,1
1505,0641,0,0,"[2.2055090641321375, 100.15936247973853]","[np.float64(4.692466357721659), np.float64(97.78737978848821)]",2026-06-14 03:17:00,939.2732807966687,2,2.323706793644613,381.80582011422774,28.81750070260287,53.14995030953296,4.961837177914267,4,4,3,618,2,0.7340277777777777,11.568087177914267,0.061931420573827854,ELECTRE-III,1
1506,0749,1,0,"[2.2055090641321375, 100.15936247973853]","[np.float64(5.380223861353773), np.float64(100.1231666341664)]",2026-06-14 03:17:00,337.5576706138789,1,2.5505113269550748,353.0355145766545,26.96229060003693,55.46475606076365,4.707238366387893,2,2,2,995,10,0.7340277777777777,9.845432810832337,0.655703289013296,ELECTRE-III,1
1507,0800,0,0,"[2.2055090641321375, 100.15936247973853]","[np.float64(2.780625641193455), np.float64(101.262132160286)]",2026-06-14 03:17:00,880.2920084601158,2,2.4598272509274723,138.19311031510986,11.261747401445879,54.84661711068832,10.456318604082618,3,3,3,620,11,0.7340277777777777,3.1160408263048414,0.7655703289013296,ELECTRE-III,1
1508,0870,0,0,"[2.2055090641321375, 100.15936247973853]","[np.float64(-0.870748593227754), np.float64(100.1774219125444)]",2026-06-14 03:17:00,319.26843293749897,1,5.748411212737777,342.07061992067526,26.23855627697179,51.68449224197171,2.332698247540531,2,2,2,1386,11,0.7340277777777777,0.0,0.7655703289013296,ELECTRE-III,1
1509,0914,0,0,"[2.2055090641321375, 100.15936247973853]","[np.float64(2.940419745799746), np.float64(98.846245779196)]",2026-06-14 03:17:00,920.5821235074847,2,5.516848599454207,167.19505306466567,13.545296722240927,53.01907022465718,9.205398841777342,4,4,3,1378,13,0.7340277777777777,10.673454397332897,0.9188243526941917,ELECTRE-III,1
1510,0219,0,0,"[1.6040223286967161, 100.03132375355747]","[np.float64(4.050883341734679), np.float64(98.64490216070004)]",2026-06-14 03:17:10,116.29882485222666,1,2.9375499059458736,312.6208336134261,24.24976863806694,53.53261507287751,8.209077890998444,2,2,2,1408,7,0.7341435185185186,14.81636955766511,0.4688593421973408,ELECTRE-III,1
1511,0231,0,0,"[1.6040223286967161, 100.03132375355747]","[np.float64(2.66227049203064), np.float64(101.682748990391)]",2026-06-14 03:17:10,992.6620925054632,2,2.5851559417808536,217.9888237992628,17.437761096602657,55.134895489892465,10.205398841777342,4,4,3,513,10,0.7341435185185186,9.471255323258823,0.655703289013296,ELECTRE-III,1
1512,0285,0,0,"[1.6040223286967161, 100.03132375355747]","[np.float64(0.8892574000650014), np.float64(101.5601575941312)]",2026-06-14 03:17:10,563.4417592167164,1,7.6178518183597435,187.6228842723636,15.128263217925925,53.91143102462476,9.583618009845805,1,1,1,641,2,0.7341435185185186,8.115330972808769,0.061931420573827854,ELECTRE-III,1
1513,0354,0,0,"[1.6040223286967161, 100.03132375355747]","[np.float64(1.479528061284925), np.float64(99.28973826486337)]",2026-06-14 03:17:10,55.70517125843845,1,5.217822679512395,83.58509495949994,6.867602819313861,52.52631305717578,5.579938960624705,2,2,2,526,9,0.7341435185185186,0.0,0.6014695591322603,ELECTRE-III,1
1514,0800,0,0,"[1.6040223286967161, 100.03132375355747]","[np.float64(2.780625641193455), np.float64(101.262132160286)]",2026-06-14 03:17:10,880.2920084601158,2,2.4598272509274723,189.2609045269027,15.254210202055297,54.87932347152893,7.456318604082618,3,3,3,620,11,0.7341435185185186,0.8490269374159514,0.7655703289013296,ELECTRE-III,1
1515,0870,0,0,"[1.6040223286967161, 100.03132375355747]","[np.float64(-0.870748593227754), np.float64(100.1774219125444)]",2026-06-14 03:17:10,319.26843293749897,1,5.748411212737777,275.6613724518387,21.66330199227409,51.7159042819646,8.332698247540531,2,2,2,1386,11,0.7341435185185186,9.800985284577568,0.7655703289013296,ELECTRE-III,1
1516,0914,0,0,"[1.6040223286967161, 100.03132375355747]","[np.float64(2.940419745799746), np.float64(98.846245779196)]",2026-06-14 03:17:10,920.5821235074847,2,5.516848599454207,198.54150151868845,15.964917704534733,53.052671340279055,8.205398841777342,4,4,3,1378,13,0.7341435185185186,3.0663942121477117,0.9188243526941917,ELECTRE-III,1
1517,0219,0,0,"[1.0025434906675226, 99.90333966888977]","[np.float64(4.050883341734679), np.float64(98.64490216070004)]",2026-06-14 03:17:20,116.29882485222666,1,2.9375499059458736,366.6503025971215,27.848145805103034,53.56673528287631,9.209077890998444,2,2,2,1408,7,0.7342592592592593,9.209077890998444,0.4688593421973408,ELECTRE-III,1
1518,0231,0,0,"[1.0025434906675226, 99.90333966888977]","[np.float64(2.66227049203064), np.float64(101.682748990391)]",2026-06-14 03:17:20,992.6620925054632,2,2.5851559417808536,270.4929073944754,21.293808891196967,55.16736962430129,11.205398841777342,4,4,3,513,10,0.7342592592592593,17.079472915851415,0.655703289013296,ELECTRE-III,1
1519,0285,0,0,"[1.0025434906675226, 99.90333966888977]","[np.float64(0.8892574000650014), np.float64(101.5601575941312)]",2026-06-14 03:17:20,563.4417592167164,1,7.6178518183597435,184.63508662619566,14.89814684234483,53.94309578161694,5.5836180098458055,1,1,1,641,2,0.7342592592592593,0.0,0.061931420573827854,ELECTRE-III,1
1520,0354,0,0,"[1.0025434906675226, 99.90333966888977]","[np.float64(1.479528061284925), np.float64(99.28973826486337)]",2026-06-14 03:17:20,55.70517125843845,1,5.217822679512395,86.40667746743546,7.0971064350597555,52.559115040664764,10.579938960624705,2,2,2,526,9,0.7342592592592593,16.45401303469878,0.6014695591322603,ELECTRE-III,1
1521,0800,0,0,"[1.0025434906675226, 99.90333966888977]","[np.float64(2.780625641193455), np.float64(101.262132160286)]",2026-06-14 03:17:20,880.2920084601158,2,2.4598272509274723,248.78226805415508,19.721532673740146,54.91201617199119,9.456318604082618,3,3,3,620,11,0.7342592592592593,10.924837122601136,0.7655703289013296,ELECTRE-III,1
1522,0870,0,0,"[1.0025434906675226, 99.90333966888977]","[np.float64(-0.870748593227754), np.float64(100.1774219125444)]",2026-06-14 03:17:20,319.26843293749897,1,5.748411212737777,210.51838766429606,16.87468165794045,51.74730266157914,7.332698247540531,2,2,2,1386,11,0.7342592592592593,10.269735284577568,0.7655703289013296,ELECTRE-III,1
1523,0914,0,0,"[1.0025434906675226, 99.90333966888977]","[np.float64(2.940419745799746), np.float64(98.846245779196)]",2026-06-14 03:17:20,920.5821235074847,2,5.516848599454207,245.4209904010826,19.475252141117956,53.086258795522596,6.205398841777342,4,4,3,1378,13,0.7342592592592593,3.2683618047403047,0.9188243526941917,ELECTRE-III,1
1524,0231,0,0,"[0.4010739107463056, 99.77538973516792]","[np.float64(2.66227049203064), np.float64(101.682748990391)]",2026-06-14 03:17:30,992.6620925054632,2,2.5851559417808536,328.88109092395274,25.355901744174332,55.19982668323719,13.205398841777342,4,4,3,513,10,0.734375,11.002273841777342,0.655703289013296,ELECTRE-III,1
1525,0285,0,0,"[0.4010739107463056, 99.77538973516792]","[np.float64(0.8892574000650014), np.float64(101.5601575941312)]",2026-06-14 03:17:30,563.4417592167164,1,7.6178518183597435,205.73483298414354,16.512345540371022,53.974746878230775,5.5836180098458055,1,1,1,641,2,0.734375,7.7867430098458055,0.061931420573827854,ELECTRE-III,1
1526,0354,0,0,"[0.4010739107463056, 99.77538973516792]","[np.float64(1.479528061284925), np.float64(99.28973826486337)]",2026-06-14 03:17:30,55.70517125843845,1,5.217822679512395,131.51375980079592,10.73037537445452,52.591899948680826,4.579938960624705,2,2,2,526,9,0.734375,3.8455639606247054,0.6014695591322603,ELECTRE-III,1
1527,0800,0,0,"[0.4010739107463056, 99.77538973516792]","[np.float64(2.780625641193455), np.float64(101.262132160286)]",2026-06-14 03:17:30,880.2920084601158,2,2.4598272509274723,311.95418662875255,24.20399875144314,54.944688381885946,10.456318604082618,3,3,3,620,11,0.734375,13.393818604082618,0.7655703289013296,ELECTRE-III,1
1528,0870,0,0,"[0.4010739107463056, 99.77538973516792]","[np.float64(-0.870748593227754), np.float64(100.1774219125444)]",2026-06-14 03:17:30,319.26843293749897,1,5.748411212737777,148.31744482338937,12.063429080146124,51.778680550626184,2.332698247540531,2,2,2,1386,11,0.734375,8.942073247540531,0.7655703289013296,ELECTRE-III,1
1529,0914,0,0,"[0.4010739107463056, 99.77538973516792]","[np.float64(2.940419745799746), np.float64(98.846245779196)]",2026-06-14 03:17:30,920.5821235074847,2,5.516848599454207,300.652883850097,23.423100777481054,53.11983600548238,7.205398841777342,4,4,3,1378,13,0.734375,5.736648841777342,0.9188243526941917,ELECTRE-III,1
1530,0231,0,0,"[-0.20038489028262746, 99.64745346182441]","[np.float64(2.66227049203064), np.float64(101.682748990391)]",2026-06-14 03:17:40,992.6620925054632,2,2.5851559417808536,390.5219665001138,29.36696975100612,55.23227008179475,6.205398841777342,4,4,3,513,10,0.7344907407407407,9.877852545481046,0.655703289013296,ELECTRE-III,1
1531,0285,0,0,"[-0.20038489028262746, 99.64745346182441]","[np.float64(0.8892574000650014), np.float64(101.5601575941312)]",2026-06-14 03:17:40,563.4417592167164,1,7.6178518183597435,244.7685154550056,19.427358139063283,54.00637748427711,7.5836180098458055,1,1,1,641,2,0.7344907407407407,9.787090232068028,0.061931420573827854,ELECTRE-III,1
1532,0354,0,0,"[-0.20038489028262746, 99.64745346182441]","[np.float64(1.479528061284925), np.float64(99.28973826486337)]",2026-06-14 03:17:40,55.70517125843845,1,5.217822679512395,190.9852062320067,15.386628380992278,52.624674611413134,9.579938960624705,2,2,2,526,9,0.7344907407407407,4.4385037754395205,0.6014695591322603,ELECTRE-III,1
1533,0800,0,0,"[-0.20038489028262746, 99.64745346182441]","[np.float64(2.780625641193455), np.float64(101.262132160286)]",2026-06-14 03:17:40,880.2920084601158,2,2.4598272509274723,376.9447833930889,28.50851328098255,54.97735034649695,16.456318604082618,3,3,3,620,11,0.7344907407407407,19.39428156704558,0.7655703289013296,ELECTRE-III,1
1534,0870,0,0,"[-0.20038489028262746, 99.64745346182441]","[np.float64(-0.870748593227754), np.float64(100.1774219125444)]",2026-06-14 03:17:40,319.26843293749897,1,5.748411212737777,95.01984638703927,7.796245607635901,51.810044779294884,3.332698247540531,2,2,2,1386,11,0.7344907407407407,0.0,0.7655703289013296,ELECTRE-III,1
1535,0914,0,0,"[-0.20038489028262746, 99.64745346182441]","[np.float64(2.940419745799746), np.float64(98.846245779196)]",2026-06-14 03:17:40,920.5821235074847,2,5.516848599454207,360.4172067002812,27.44434813344231,53.15339613996923,0.2053988417773418,4,4,3,1378,13,0.7344907407407407,0.0,0.9188243526941917,ELECTRE-III,1
1536,0285,0,0,"[-0.8018315517175278, 99.51951035829174]","[np.float64(0.8892574000650014), np.float64(101.5601575941312)]",2026-06-14 03:17:50,563.4417592167164,1,7.6178518183597435,294.6925298077759,23.00748522541587,54.03799101485051,8.583618009845805,1,1,1,641,2,0.7346064814814814,6.379798565401361,0.061931420573827854,ELECTRE-III,1
1537,0354,0,0,"[-0.8018315517175278, 99.51951035829174]","[np.float64(1.479528061284925), np.float64(99.28973826486337)]",2026-06-14 03:17:50,55.70517125843845,1,5.217822679512395,254.95915088617068,20.17213555557459,52.65743219867252,4.579938960624705,2,2,2,526,9,0.7346064814814814,0.0,0.6014695591322603,ELECTRE-III,1
1538,0870,0,0,"[-0.8018315517175278, 99.51951035829174]","[np.float64(-0.870748593227754), np.float64(100.1774219125444)]",2026-06-14 03:17:50,319.26843293749897,1,5.748411212737777,73.54904732463572,6.049537266957913,51.84138851739607,8.332698247540531,2,2,2,1386,11,0.7346064814814814,7.598091766059049,0.7655703289013296,ELECTRE-III,1
1539,0285,0,0,"[-1.4032646061349412, 99.39154676419155]","[np.float64(0.8892574000650014), np.float64(101.5601575941312)]",2026-06-14 03:18:00,563.4417592167164,1,7.6178518183597435,350.88714633642957,26.82120994619833,54.06958746995099,4.5836180098458055,1,1,1,641,2,0.7347222222222223,0.0,0.061931420573827854,ELECTRE-III,1
1540,0354,0,0,"[-1.4032646061349412, 99.39154676419155]","[np.float64(1.479528061284925), np.float64(99.28973826486337)]",2026-06-14 03:18:00,55.70517125843845,1,5.217822679512395,320.7521663188307,24.805384380130935,52.690176125553556,2.5799389606247054,2,2,2,526,9,0.7347222222222223,6.988272293958039,0.6014695591322603,ELECTRE-III,1
1541,0870,0,0,"[-1.4032646061349412, 99.39154676419155]","[np.float64(-0.870748593227754), np.float64(100.1774219125444)]",2026-06-14 03:18:00,319.26843293749897,1,5.748411212737777,105.54313890357919,8.647251928038768,51.87271859511892,7.332698247540531,2,2,2,1386,11,0.7347222222222223,13.945198247540532,0.7655703289013296,ELECTRE-III,1
1542,0354,0,0,"[-2.004682506070133, 99.26354218895634]","[np.float64(1.479528061284925), np.float64(99.28973826486337)]",2026-06-14 03:18:10,55.70517125843845,1,5.217822679512395,387.4380322313076,29.173227803386972,52.72290639205626,7.579938960624705,2,2,2,526,9,0.734837962962963,9.049614886550632,0.6014695591322603,ELECTRE-III,1
1543,0870,0,0,"[-2.004682506070133, 99.26354218895634]","[np.float64(-0.870748593227754), np.float64(100.1774219125444)]",2026-06-14 03:18:10,319.26843293749897,1,5.748411212737777,161.9188737860113,13.132890176762945,51.90402818227426,5.332698247540531,2,2,2,1386,11,0.734837962962963,3.863022321614605,0.7655703289013296,ELECTRE-III,1
1544,0870,0,0,"[-2.6060842910277526, 99.1354761420186]","[np.float64(-0.870748593227754), np.float64(100.1774219125444)]",2026-06-14 03:18:20,319.26843293749897,1,5.748411212737777,225.04189145716367,17.966212179013052,51.93532410905126,9.332698247540531,2,2,2,1386,11,0.7349537037037037,5.657929729022012,0.7655703289013296,ELECTRE-III,1
1545,0870,0,0,"[-3.2074679332953893, 99.00732130262165]","[np.float64(-0.870748593227754), np.float64(100.1774219125444)]",2026-06-14 03:18:30,319.26843293749897,1,5.748411212737777,290.546370379697,22.71685293473932,51.96659954526074,5.332698247540531,2,2,2,1386,11,0.7350694444444444,4.597628803096087,0.7655703289013296,ELECTRE-III,1
1546,0870,0,0,"[-3.808832365655985, 98.87907084057632]","[np.float64(-0.870748593227754), np.float64(100.1774219125444)]",2026-06-14 03:18:40,319.26843293749897,1,5.748411212737777,357.1227309958627,27.22971932367412,51.99786132109189,8.332698247540531,2,2,2,1386,11,0.7351851851851852,5.39195750679979,0.7655703289013296,ELECTRE-III,1
1547,0342,0,0,"[59.39195773917007, 93.16552197721228]","[np.float64(56.37599540038676), np.float64(90.7047273741157)]",2026-06-14 04:39:50,795.8133158946538,2,4.779724694398609,365.4910195787093,27.77326989626644,53.981027237172604,6.579938960624705,2,2,2,892,7,0.7915509259259259,2.6221843309950756,0.4688593421973408,ELECTRE-III,1
1548,0342,0,0,"[58.80731403678448, 92.7963229318164]","[np.float64(56.37599540038676), np.float64(90.7047273741157)]",2026-06-14 04:40:00,795.8133158946538,2,4.779724694398609,297.6673359574469,23.21524176777519,53.99298006822013,4.579938960624705,2,2,2,892,7,0.7916666666666666,11.704938960624705,0.4688593421973408,ELECTRE-III,1
1549,0342,0,0,"[58.22187803245518, 92.43798388720086]","[np.float64(56.37599540038676), np.float64(90.7047273741157)]",2026-06-14 04:40:10,795.8133158946538,2,4.779724694398609,230.13504694890625,18.34586661652907,54.004915823794725,2.5799389606247054,2,2,2,892,7,0.7917824074074075,8.914198219883964,0.4688593421973408,ELECTRE-III,1
1550,0342,0,0,"[57.63567704693884, 92.08993793766452]","[np.float64(56.37599540038676), np.float64(90.7047273741157)]",2026-06-14 04:40:20,795.8133158946538,2,4.779724694398609,163.25593501819117,13.23753293516172,54.016824258612644,5.579938960624705,2,2,2,892,7,0.7918981481481482,8.747531553217298,0.4688593421973408,ELECTRE-III,1
1551,0342,0,0,"[57.0487691368434, 91.75163183788462]","[np.float64(56.37599540038676), np.float64(90.7047273741157)]",2026-06-14 04:40:30,795.8133158946538,2,4.779724694398609,98.37693602547782,8.068123974301415,54.02871561795764,3.5799389606247054,2,2,2,892,7,0.7920138888888889,4.371952849513594,0.4688593421973408,ELECTRE-III,1
1552,0328,0,0,"[56.461185038020126, 91.42256015386258]","[np.float64(53.54114048670896), np.float64(87.60726181031926)]",2026-06-14 04:40:40,76.77793200912582,1,5.766885780125269,405.6221991479715,30.30500587405381,55.376656865754235,13.579938960624705,1,1,1,1092,11,0.7921296296296296,19.916975997661744,0.7655703289013296,ELECTRE-III,1
1553,0342,0,0,"[56.461185038020126, 91.42256015386258]","[np.float64(56.37599540038676), np.float64(90.7047273741157)]",2026-06-14 04:40:40,795.8133158946538,2,4.779724694398609,45.15440409092886,3.722644481264979,54.040586486735116,3.5799389606247054,2,2,2,892,7,0.7921296296296296,6.748457479143224,0.4688593421973408,ELECTRE-III,1
1554,0577,0,0,"[56.461185038020126, 91.42256015386258]","[np.float64(54.7054295479516), np.float64(86.11549523190655)]",2026-06-14 04:40:40,623.4963686065898,1,6.864859378894829,386.32330905376506,29.103016887812505,53.92179242159567,6.459997653303718,3,3,3,1412,12,0.7921296296296296,1.70721987552594,0.8369489153254024,ELECTRE-III,1
1555,0328,0,0,"[55.87295890141487, 91.10225843273483]","[np.float64(53.54114048670896), np.float64(87.60726181031926)]",2026-06-14 04:40:50,76.77793200912582,1,5.766885780125269,342.9068020134529,26.294070416653653,55.39181988571166,14.579938960624705,1,1,1,1092,11,0.7922453703703703,20.125656553217297,0.7655703289013296,ELECTRE-III,1
1556,0342,0,0,"[55.87295890141487, 91.10225843273483]","[np.float64(56.37599540038676), np.float64(90.7047273741157)]",2026-06-14 04:40:50,795.8133158946538,2,4.779724694398609,61.12098270087207,5.033086432390291,54.052433449850504,4.579938960624705,2,2,2,892,7,0.7922453703703703,8.541165812476557,0.4688593421973408,ELECTRE-III,1
1557,0507,0,0,"[55.87295890141487, 91.10225843273483]","[np.float64(53.50952670953282), np.float64(87.20801262662437)]",2026-06-14 04:40:50,797.6295034527994,2,3.4929893339952987,362.803223731075,27.599273262418077,55.270474744917216,2.0854575344563555,1,1,1,754,9,0.7922453703703703,4.462193645567467,0.6014695591322603,ELECTRE-III,1
1558,0577,0,0,"[55.87295890141487, 91.10225843273483]","[np.float64(54.7054295479516), np.float64(86.11549523190655)]",2026-06-14 04:40:50,623.4963686065898,1,6.864859378894829,341.30172563041106,26.1874625347283,53.93691446041808,6.459997653303718,3,3,3,1412,12,0.7922453703703703,10.42122450515557,0.8369489153254024,ELECTRE-III,1
1559,0328,0,0,"[55.28412487797349, 90.79027588201615]","[np.float64(53.54114048670896), np.float64(87.60726181031926)]",2026-06-14 04:41:00,76.77793200912582,1,5.766885780125269,282.76673463565373,22.168186328938503,55.40696241510158,13.579938960624705,1,1,1,1092,11,0.7923611111111111,8.033411182846928,0.7655703289013296,ELECTRE-III,1
1560,0342,0,0,"[55.28412487797349, 90.79027588201615]","[np.float64(56.37599540038676), np.float64(90.7047273741157)]",2026-06-14 04:41:00,795.8133158946538,2,4.779724694398609,121.52810526184405,9.932502050328084,54.06425992239838,6.579938960624705,2,2,2,892,7,0.7923611111111111,10.54174451618026,0.4688593421973408,ELECTRE-III,1
1561,0507,0,0,"[55.28412487797349, 90.79027588201615]","[np.float64(53.50952670953282), np.float64(87.20801262662437)]",2026-06-14 04:41:00,797.6295034527994,2,3.4929893339952987,304.42084518176347,23.684502768603732,55.28583925545516,7.0854575344563555,1,1,1,754,9,0.7923611111111111,4.708374201123022,0.6014695591322603,ELECTRE-III,1
1562,0577,0,0,"[55.28412487797349, 90.79027588201615]","[np.float64(54.7054295479516), np.float64(86.11549523190655)]",2026-06-14 04:41:00,623.4963686065898,1,6.864859378894829,304.99200583406946,23.724036148561403,53.95201942376756,0.0,3,3,3,1412,12,0.7923611111111111,3.9618055555555554,0.8369489153254024,ELECTRE-III,1
1563,0328,0,0,"[54.69471370354724, 90.48619586016719]","[np.float64(53.54114048670896), np.float64(87.60726181031926)]",2026-06-14 04:41:10,76.77793200912582,1,5.766885780125269,227.25731674366236,18.13155729951989,55.42208445392399,14.579938960624705,1,1,1,1092,11,0.7924768518518519,13.787462108772853,0.7655703289013296,ELECTRE-III,1
1564,0342,0,0,"[54.69471370354724, 90.48619586016719]","[np.float64(56.37599540038676), np.float64(90.7047273741157)]",2026-06-14 04:41:10,795.8133158946538,2,4.779724694398609,187.45504004018937,15.115349233706345,54.07606248928416,9.579938960624705,2,2,2,892,7,0.7924768518518519,2.4476472939580383,0.4688593421973408,ELECTRE-III,1
1565,0507,0,0,"[54.69471370354724, 90.48619586016719]","[np.float64(53.50952670953282), np.float64(87.20801262662437)]",2026-06-14 04:41:10,797.6295034527994,2,3.4929893339952987,251.05807035909842,19.88785128258861,55.30118327542559,8.085457534456356,1,1,1,754,9,0.7924768518518519,12.840318645567468,0.6014695591322603,ELECTRE-III,1
1566,0577,0,0,"[54.69471370354724, 90.48619586016719]","[np.float64(54.7054295479516), np.float64(86.11549523190655)]",2026-06-14 04:41:10,623.4963686065898,1,6.864859378894829,280.79571682990763,22.028491187426212,53.96710389654953,7.459997653303718,3,3,3,1412,12,0.7924768518518519,12.21485876441483,0.8369489153254024,ELECTRE-III,1
1567,0328,0,0,"[54.10475952908197, 90.18964270678357]","[np.float64(53.54114048670896), np.float64(87.60726181031926)]",2026-06-14 04:41:20,76.77793200912582,1,5.766885780125269,180.70074643568742,14.594378180055052,55.4371825870843,11.579938960624705,1,1,1,1092,11,0.7925925925925926,15.542901923587669,0.7655703289013296,ELECTRE-III,1
1568,0342,0,0,"[54.10475952908197, 90.18964270678357]","[np.float64(56.37599540038676), np.float64(90.7047273741157)]",2026-06-14 04:41:20,795.8133158946538,2,4.779724694398609,254.65060528442808,20.14968834387443,54.08784798069702,3.5799389606247054,2,2,2,892,7,0.7925925925925926,6.750309330995076,0.4688593421973408,ELECTRE-III,1
1569,0507,0,0,"[54.10475952908197, 90.18964270678357]","[np.float64(53.50952670953282), np.float64(87.20801262662437)]",2026-06-14 04:41:20,797.6295034527994,2,3.4929893339952987,206.64381739570317,16.581303257932056,55.31650680482852,8.085457534456356,1,1,1,754,9,0.7925925925925926,3.329901978900801,0.6014695591322603,ELECTRE-III,1
1570,0577,0,0,"[54.10475952908197, 90.18964270678357]","[np.float64(54.7054295479516), np.float64(86.11549523190655)]",2026-06-14 04:41:20,623.4963686065898,1,6.864859378894829,271.9676763855611,21.399431067686454,53.982171293858585,3.4599976533037182,3,3,3,1412,12,0.7925925925925926,8.215553208859273,0.8369489153254024,ELECTRE-III,1
1571,0328,0,0,"[53.514282845145196, 89.90024076146096]","[np.float64(53.54114048670896), np.float64(87.60726181031926)]",2026-06-14 04:41:30,76.77793200912582,1,5.766885780125269,151.58449248725367,12.321121653457313,55.45226364477169,8.579938960624705,1,1,1,1092,11,0.7927083333333333,14.921605627291372,0.7655703289013296,ELECTRE-III,1
1572,0342,0,0,"[53.514282845145196, 89.90024076146096]","[np.float64(56.37599540038676), np.float64(90.7047273741157)]",2026-06-14 04:41:30,795.8133158946538,2,4.779724694398609,322.3235708364669,24.912190813106193,54.09960956644778,3.5799389606247054,2,2,2,892,7,0.7927083333333333,8.336188960624705,0.4688593421973408,ELECTRE-III,1
1573,0507,0,0,"[53.514282845145196, 89.90024076146096]","[np.float64(53.50952670953282), np.float64(87.20801262662437)]",2026-06-14 04:41:30,797.6295034527994,2,3.4929893339952987,178.00785055519034,14.385975244998537,55.331806428569344,8.085457534456356,1,1,1,754,9,0.7927083333333333,0.951082534456356,0.6014695591322603,ELECTRE-III,1
1574,0577,0,0,"[53.514282845145196, 89.90024076146096]","[np.float64(54.7054295479516), np.float64(86.11549523190655)]",2026-06-14 04:41:30,623.4963686065898,1,6.864859378894829,279.9662092155672,21.969617532944447,53.99721820060012,5.459997653303718,3,3,3,1412,12,0.7927083333333333,8.63083098663705,0.8369489153254024,ELECTRE-III,1
1575,0328,0,0,"[52.9233109724936, 89.61765534493003]","[np.float64(53.54114048670896), np.float64(87.60726181031926)]",2026-06-14 04:41:40,76.77793200912582,1,5.766885780125269,150.4063865037168,12.228254820590557,55.46732079679698,14.579938960624705,1,1,1,1092,11,0.7928240740740741,10.615818590254335,0.7655703289013296,ELECTRE-III,1
1576,0342,0,0,"[52.9233109724936, 89.61765534493003]","[np.float64(56.37599540038676), np.float64(90.7047273741157)]",2026-06-14 04:41:40,795.8133158946538,2,4.779724694398609,390.2261380872625,29.348416773564406,54.111350661631036,0.5799389606247054,2,2,2,892,7,0.7928240740740741,3.7512352569210017,0.4688593421973408,ELECTRE-III,1
1577,0507,0,0,"[52.9233109724936, 89.61765534493003]","[np.float64(53.50952670953282), np.float64(87.20801262662437)]",2026-06-14 04:41:40,797.6295034527994,2,3.4929893339952987,173.16608432663378,14.010294495312486,55.34708897683725,6.0854575344563555,1,1,1,754,9,0.7928240740740741,2.9141612381600592,0.6014695591322603,ELECTRE-III,1
1578,0577,0,0,"[52.9233109724936, 89.61765534493003]","[np.float64(54.7054295479516), np.float64(86.11549523190655)]",2026-06-14 04:41:40,623.4963686065898,1,6.864859378894829,303.4654377373039,23.618319894846003,54.01224461677415,6.459997653303718,3,3,3,1412,12,0.7928240740740741,11.216942097748163,0.8369489153254024,ELECTRE-III,1
1579,0328,0,0,"[52.33187123188386, 89.3415586081106]","[np.float64(53.54114048670896), np.float64(87.60726181031926)]",2026-06-14 04:41:50,76.77793200912582,1,5.766885780125269,177.7241817846916,14.363999389986764,55.48235745825477,9.579938960624705,1,1,1,1092,11,0.7929398148148148,7.994059330995076,0.7655703289013296,ELECTRE-III,1
1580,0507,0,0,"[52.33187123188386, 89.3415586081106]","[np.float64(53.50952670953282), np.float64(87.20801262662437)]",2026-06-14 04:41:50,797.6295034527994,2,3.4929893339952987,193.91036269614176,15.610881167603115,55.36234761944306,8.085457534456356,1,1,1,754,9,0.7929398148148148,9.671337164085987,0.6014695591322603,ELECTRE-III,1
1581,0577,0,0,"[52.33187123188386, 89.3415586081106]","[np.float64(54.7054295479516), np.float64(86.11549523190655)]",2026-06-14 04:41:50,623.4963686065898,1,6.864859378894829,339.2600756947782,26.05157537760436,54.02725054238066,3.4599976533037182,3,3,3,1412,12,0.7929398148148148,0.0,0.8369489153254024,ELECTRE-III,1
1582,0328,0,0,"[51.73998069878889, 89.07165685286837]","[np.float64(53.54114048670896), np.float64(87.60726181031926)]",2026-06-14 04:42:00,76.77793200912582,1,5.766885780125269,223.3163067893778,17.83721073473329,55.497370214050456,11.579938960624705,1,1,1,1092,11,0.7930555555555555,18.717438960624705,0.7655703289013296,ELECTRE-III,1
1583,0507,0,0,"[51.73998069878889, 89.07165685286837]","[np.float64(53.50952670953282), np.float64(87.20801262662437)]",2026-06-14 04:42:00,797.6295034527994,2,3.4929893339952987,233.52080328885265,18.597330167789877,55.37758577148136,4.0854575344563555,1,1,1,754,9,0.7930555555555555,0.0,0.6014695591322603,ELECTRE-III,1
1584,0577,0,0,"[51.73998069878889, 89.07165685286837]","[np.float64(54.7054295479516), np.float64(86.11549523190655)]",2026-06-14 04:42:00,623.4963686065898,1,6.864859378894829,383.9280591777737,28.951827448130977,54.04223597741967,0.0,3,3,3,1412,12,0.7930555555555555,4.758333333333333,0.8369489153254024,ELECTRE-III,1
1585,0328,0,0,"[51.147666693965384, 88.80766321125822]","[np.float64(53.54114048670896), np.float64(87.60726181031926)]",2026-06-14 04:42:10,76.77793200912582,1,5.766885780125269,278.343797341048,21.854326971673984,55.51236589437322,14.579938960624705,1,1,1,1092,11,0.7931712962962963,6.648225997661742,0.7655703289013296,ELECTRE-III,1
1586,0507,0,0,"[51.147666693965384, 88.80766321125822]","[np.float64(53.50952670953282), np.float64(87.20801262662437)]",2026-06-14 04:42:10,797.6295034527994,2,3.4929893339952987,284.2165640796684,22.27076567551703,55.39280343295214,0.08545753445635551,1,1,1,754,9,0.7931712962962963,0.0,0.6014695591322603,ELECTRE-III,1
1587,0328,0,0,"[50.55494287779168, 88.54930447571331]","[np.float64(53.54114048670896), np.float64(87.60726181031926)]",2026-06-14 04:42:20,76.77793200912582,1,5.766885780125269,338.2337111675986,25.98314378038422,55.527337669033884,17.579938960624705,1,1,1,1092,11,0.7932870370370371,20.753087108772853,0.7655703289013296,ELECTRE-III,1
1588,0507,0,0,"[50.55494287779168, 88.54930447571331]","[np.float64(53.50952670953282), np.float64(87.20801262662437)]",2026-06-14 04:42:20,797.6295034527994,2,3.4929893339952987,341.0914477049984,26.173481558908705,55.40800060385542,3.0854575344563555,1,1,1,754,9,0.7932870370370371,0.0,0.6014695591322603,ELECTRE-III,1
1589,0328,0,0,"[49.96183315592987, 88.29632792923438]","[np.float64(53.54114048670896), np.float64(87.60726181031926)]",2026-06-14 04:42:30,76.77793200912582,1,5.766885780125269,400.81266057641557,30.008146255980495,55.54228553803246,9.579938960624705,1,1,1,1092,11,0.7934027777777778,14.340355627291373,0.7655703289013296,ELECTRE-III,1
1590,0507,0,0,"[49.96183315592987, 88.29632792923438]","[np.float64(53.50952670953282), np.float64(87.20801262662437)]",2026-06-14 04:42:30,797.6295034527994,2,3.4929893339952987,401.52864985238074,30.052452561983532,55.42317728419119,2.0854575344563555,1,1,1,754,9,0.7934027777777778,2.0854575344563555,0.6014695591322603,ELECTRE-III,1
1591,0701,0,0,"[44.60900365810712, 86.22649374277538]","[np.float64(41.96364907577028), np.float64(83.0258750159262)]",2026-06-14 04:44:00,962.0963895796106,2,6.438898006329261,391.9037976979946,29.453542233557382,61.39817554369957,3.2090778909984428,2,2,2,817,12,0.7944444444444444,0.0,0.8369489153254024,ELECTRE-III,1
1592,0701,0,0,"[44.012847671875484, 86.01615806728483]","[np.float64(41.96364907577028), np.float64(83.0258750159262)]",2026-06-14 04:44:10,962.0963895796106,2,6.438898006329261,333.24167009069214,25.64916922221928,61.42424637576151,7.209077890998443,2,2,2,817,12,0.7945601851851852,9.592758446553999,0.8369489153254024,ELECTRE-III,1
1593,0701,0,0,"[43.41644921392831, 85.80918284486593]","[np.float64(41.96364907577028), np.float64(83.0258750159262)]",2026-06-14 04:44:20,962.0963895796106,2,6.438898006329261,278.98308112861105,21.899777534073486,61.45029671725594,9.209077890998444,2,2,2,817,12,0.794675925925926,1.2623186317391841,0.8369489153254024,ELECTRE-III,1
1594,0701,0,0,"[42.81982194464394, 85.60543830192445]","[np.float64(41.96364907577028), np.float64(83.0258750159262)]",2026-06-14 04:44:30,962.0963895796106,2,6.438898006329261,232.23772375424124,18.50212134786714,61.47633339837203,1.2090778909984428,2,2,2,817,12,0.7947916666666667,0.0,0.8369489153254024,ELECTRE-III,1
1595,0701,0,0,"[42.222979524400714, 85.404787834677]","[np.float64(41.96364907577028), np.float64(83.0258750159262)]",2026-06-14 04:44:40,962.0963895796106,2,6.438898006329261,198.39063542331,15.953403992243622,61.50234958892061,7.209077890998443,2,2,2,817,12,0.7949074074074074,13.568337150257701,0.8369489153254024,ELECTRE-III,1
1596,0701,0,0,"[41.62592536829322, 85.20712216009682]","[np.float64(41.96364907577028), np.float64(83.0258750159262)]",2026-06-14 04:44:50,962.0963895796106,2,6.438898006329261,184.6780880578471,14.90146226734265,61.52835211909085,5.209077890998443,2,2,2,817,12,0.7950231481481481,0.0,0.8369489153254024,ELECTRE-III,1
1597,0701,0,0,"[41.02866972160521, 85.01231833477888]","[np.float64(41.96364907577028), np.float64(83.0258750159262)]",2026-06-14 04:45:00,962.0963895796106,2,6.438898006329261,195.387552863359,15.723942111547544,61.55433415869357,0.20907789099844276,2,2,2,817,12,0.7951388888888888,0.0,0.8369489153254024,ELECTRE-III,1
1598,0761,0,0,"[41.02866972160521, 85.01231833477888]","[np.float64(40.91596440505024), np.float64(80.40301807772518)]",2026-06-14 04:45:00,555.6478858253753,1,2.627145629385871,387.1326898611571,29.154005332584138,60.38904241458687,4.579938960624705,4,4,3,819,6,0.7951388888888888,0.0,0.37508747375787266,ELECTRE-III,1
1599,0701,0,0,"[40.431219414525856, 84.82026707569646]","[np.float64(41.96364907577028), np.float64(83.0258750159262)]",2026-06-14 04:45:10,962.0963895796106,2,6.438898006329261,227.0914051215709,18.119185502712085,61.58030253791796,4.209077890998443,2,2,2,817,12,0.7952546296296297,8.18535103914659,0.8369489153254024,ELECTRE-III,1
1600,0761,0,0,"[40.431219414525856, 84.82026707569646]","[np.float64(40.91596440505024), np.float64(80.40301807772518)]",2026-06-14 04:45:10,555.6478858253753,1,2.627145629385871,376.3622567105624,28.471363285293886,60.4168686052655,7.579938960624705,4,4,3,819,6,0.7952546296296297,5.194175071735817,0.37508747375787266,ELECTRE-III,1
1601,0701,0,0,"[39.83358469233891, 84.63087276020119]","[np.float64(41.96364907577028), np.float64(83.0258750159262)]",2026-06-14 04:45:20,962.0963895796106,2,6.438898006329261,272.5608956489216,21.441874163082936,61.60625042657484,2.2090778909984428,2,2,2,817,12,0.7953703703703704,8.572040853961406,0.8369489153254024,ELECTRE-III,1
1602,0761,0,0,"[39.83358469233891, 84.63087276020119]","[np.float64(40.91596440505024), np.float64(80.40301807772518)]",2026-06-14 04:45:20,555.6478858253753,1,2.627145629385871,377.7795718778397,28.561705408908534,60.444681135565794,11.579938960624705,4,4,3,819,6,0.7953703703703704,18.73827229395804,0.37508747375787266,ELECTRE-III,1
1603,0701,0,0,"[39.235768970138956, 84.44402610526632]","[np.float64(41.96364907577028), np.float64(83.0258750159262)]",2026-06-14 04:45:30,962.0963895796106,2,6.438898006329261,326.0885325372323,25.16733906835543,61.632184654853376,3.2090778909984428,2,2,2,817,12,0.7954861111111111,4.004564002109554,0.8369489153254024,ELECTRE-III,1
1604,0761,0,0,"[39.235768970138956, 84.44402610526632]","[np.float64(40.91596440505024), np.float64(80.40301807772518)]",2026-06-14 04:45:30,555.6478858253753,1,2.627145629385871,391.25286006937796,29.41277900682425,60.472480005487746,8.579938960624705,4,4,3,819,6,0.7954861111111111,1.4205639606247056,0.37508747375787266,ELECTRE-III,1
1605,0701,0,0,"[38.63778590830434, 84.25963148824349]","[np.float64(41.96364907577028), np.float64(83.0258750159262)]",2026-06-14 04:45:40,962.0963895796106,2,6.438898006329261,384.3222657776292,28.97674041585128,61.658098392564405,7.209077890998443,2,2,2,817,12,0.7956018518518518,13.573892705813257,0.8369489153254024,ELECTRE-III,1
1606,0865,0,0,"[38.03963550683506, 84.07760694686264]","[np.float64(37.19276942880283), np.float64(79.82078676598965)]",2026-06-14 04:45:50,324.6429658977096,1,6.405638803255199,386.5427507720952,29.11684602247017,61.674197148438125,11.332698247540531,2,2,2,655,12,0.7957175925925926,6.5583926919849755,0.8369489153254024,ELECTRE-III,1
1607,0865,0,0,"[37.44132801101487, 83.89785002828624]","[np.float64(37.19276942880283), np.float64(79.82078676598965)]",2026-06-14 04:46:00,324.6429658977096,1,6.405638803255199,361.574796422971,27.519565460356397,61.70511058462161,10.332698247540531,2,2,2,655,12,0.7958333333333333,7.149364914207197,0.8369489153254024,ELECTRE-III,1
1608,0865,0,0,"[36.842870251032934, 83.72029243062259]","[np.float64(37.19276942880283), np.float64(79.82078676598965)]",2026-06-14 04:46:10,324.6429658977096,1,6.405638803255199,348.3656540597803,26.655177527114468,61.73601719061591,10.332698247540531,2,2,2,655,12,0.7959490740740741,3.965105654947938,0.8369489153254024,ELECTRE-III,1
1609,0865,0,0,"[36.244265641983844, 83.54484536141247]","[np.float64(37.19276942880283), np.float64(79.82078676598965)]",2026-06-14 04:46:20,324.6429658977096,1,6.405638803255199,348.25646202503856,26.64797662324441,61.76691013623188,4.332698247540531,2,2,2,655,12,0.7960648148148148,8.313022321614605,0.8369489153254024,ELECTRE-III,1
1610,0865,0,0,"[35.645521014056776, 83.37143368857502]","[np.float64(37.19276942880283), np.float64(79.82078676598965)]",2026-06-14 04:46:30,324.6429658977096,1,6.405638803255199,361.2605229141968,27.49915490161269,61.797796251658674,9.332698247540531,2,2,2,655,12,0.7961805555555556,15.702142691984974,0.8369489153254024,ELECTRE-III,1
1611,0865,0,0,"[35.046639782346304, 83.19998228002936]","[np.float64(37.19276942880283), np.float64(79.82078676598965)]",2026-06-14 04:46:40,324.6429658977096,1,6.405638803255199,386.056165518951,29.086176585648673,61.828675536896306,5.332698247540531,2,2,2,655,12,0.7962962962962963,10.906772321614605,0.8369489153254024,ELECTRE-III,1
1612,1000,0,0,"[30.851117537490513, 82.0491432162064]","[np.float64(28.05199619459493), np.float64(84.00460268817112)]",2026-06-14 04:47:50,964.8189739876644,2,7.058471121559139,364.29368457446986,27.695827938302486,67.80595166449288,5.459997653303718,3,3,3,651,5,0.7971064814814814,9.445530060711125,0.2722183344996501,ELECTRE-III,1
1613,0115,0,0,"[30.251331305715016, 81.89105848786646]","[np.float64(26.6900983085824), np.float64(82.02390902942602)]",2026-06-14 04:48:00,259.8609841671514,1,2.8858425671153536,396.2043366895315,29.722029539247917,66.20251011531903,17.078099436014156,3,3,3,1056,3,0.7972222222222223,9.105877213791933,0.13750874737578728,ELECTRE-III,1
1614,1000,0,0,"[30.251331305715016, 81.89105848786646]","[np.float64(28.05199619459493), np.float64(84.00460268817112)]",2026-06-14 04:48:00,964.8189739876644,2,7.058471121559139,319.253026163103,24.703317827813436,67.8424385350391,2.4599976533037182,3,3,3,651,5,0.7972222222222223,3.2572198755259407,0.2722183344996501,ELECTRE-III,1
1615,0115,0,0,"[29.651449451291136, 81.73438760868471]","[np.float64(26.6900983085824), np.float64(82.02390902942602)]",2026-06-14 04:48:10,259.8609841671514,1,2.8858425671153536,330.5078893383386,25.46547830551103,66.23968683497141,14.078099436014156,3,3,3,1056,3,0.797337962962963,14.078099436014156,0.13750874737578728,ELECTRE-III,1
1616,0470,0,0,"[29.651449451291136, 81.73438760868471]","[np.float64(27.01997852084376), np.float64(79.18184992959758)]",2026-06-14 04:48:10,401.91151491600715,1,6.1415321564727225,384.71629310770766,29.00163007048116,63.6942255954694,2.2090778909984428,3,3,3,823,4,0.797337962962963,3.0064158539614056,0.18754373687893633,ELECTRE-III,1
1617,1000,0,0,"[29.651449451291136, 81.73438760868471]","[np.float64(28.05199619459493), np.float64(84.00460268817112)]",2026-06-14 04:48:10,964.8189739876644,2,7.058471121559139,283.7423135464464,22.23722768481878,67.87891857539613,2.4599976533037182,3,3,3,651,5,0.797337962962963,0.0,0.2722183344996501,ELECTRE-III,1
1618,0115,0,0,"[29.05147538931346, 81.57907593714779]","[np.float64(26.6900983085824), np.float64(82.02390902942602)]",2026-06-14 04:48:20,259.8609841671514,1,2.8858425671153536,266.1884542496353,20.98465842044646,66.27686355462379,10.078099436014156,3,3,3,1056,3,0.7974537037037037,5.293377213791934,0.13750874737578728,ELECTRE-III,1
1619,0148,0,0,"[29.05147538931346, 81.57907593714779]","[np.float64(27.06741442169512), np.float64(78.35165022550932)]",2026-06-14 04:48:20,277.71279200310056,1,7.065903448437941,385.92941965491946,29.07818480184511,62.99105762041658,14.707238366387893,1,1,1,832,12,0.7974537037037037,17.099599477499005,0.8369489153254024,ELECTRE-III,1
1620,0470,0,0,"[29.05147538931346, 81.57907593714779]","[np.float64(27.01997852084376), np.float64(79.18184992959758)]",2026-06-14 04:48:20,401.91151491600715,1,6.1415321564727225,326.1466905616388,25.1712720577096,63.731306692473396,2.2090778909984428,3,3,3,823,4,0.7974537037037037,0.0,0.18754373687893633,ELECTRE-III,1
1621,0586,0,0,"[29.05147538931346, 81.57907593714779]","[np.float64(27.23273465917707), np.float64(84.8995652894349)]",2026-06-14 04:48:20,258.0352750154615,1,6.521351508434756,383.24083346491074,28.90836766066617,68.79392486755688,7.209077890998444,1,1,1,1219,4,0.7974537037037037,11.196346409516963,0.18754373687893633,ELECTRE-III,1
1622,0737,0,0,"[29.05147538931346, 81.57907593714779]","[np.float64(28.51818437328035), np.float64(77.54031996874973)]",2026-06-14 04:48:20,621.1832811835249,1,4.919796092269355,398.018248267051,29.834845574815184,62.20681529991572,17.078099436014156,1,1,1,571,12,0.7974537037037037,23.457729065643786,0.8369489153254024,ELECTRE-III,1
1623,1000,0,0,"[29.05147538931346, 81.57907593714779]","[np.float64(28.05199619459493), np.float64(84.00460268817112)]",2026-06-14 04:48:20,964.8189739876644,2,7.058471121559139,261.6707227979513,20.658808264037315,67.91539861575316,7.459997653303718,3,3,3,651,5,0.7974537037037037,2.675275431081496,0.2722183344996501,ELECTRE-III,1
1624,0110,0,0,"[28.45141765751845, 81.42508249212068]","[np.float64(25.24491213164131), np.float64(82.96245616846963)]",2026-06-14 04:48:30,831.7548991871552,2,5.15993369697773,387.7859439824936,29.19512140653251,67.18704090304135,0.4599976533037182,1,1,1,915,6,0.7975694444444444,3.650275431081496,0.37508747375787266,ELECTRE-III,1
1625,0115,0,0,"[28.45141765751845, 81.42508249212068]","[np.float64(26.6900983085824), np.float64(82.02390902942602)]",2026-06-14 04:48:30,259.8609841671514,1,2.8858425671153536,204.54996216251647,16.422384519026565,66.314033444087,16.078099436014156,3,3,3,1056,3,0.7975694444444444,10.495113324903045,0.13750874737578728,ELECTRE-III,1
1626,0148,0,0,"[28.45141765751845, 81.42508249212068]","[np.float64(27.06741442169512), np.float64(78.35165022550932)]",2026-06-14 04:48:30,277.71279200310056,1,7.065903448437941,339.3047899917552,26.054554834613583,63.02813188723142,6.707238366387893,1,1,1,832,12,0.7975694444444444,8.302377255276781,0.8369489153254024,ELECTRE-III,1
1627,0206,0,0,"[28.45141765751845, 81.42508249212068]","[np.float64(25.25841864911798), np.float64(81.64485425652497)]",2026-06-14 04:48:30,119.95435255675821,1,2.2336859533968685,355.7142465624047,27.1377056990729,65.99587640235863,3.33637729676163,4,4,3,746,12,0.7975694444444444,0.14609951898385232,0.8369489153254024,ELECTRE-III,1
1628,0309,0,0,"[28.45141765751845, 81.42508249212068]","[np.float64(27.35734379800816), np.float64(85.29206795841348)]",2026-06-14 04:48:30,61.692975858432035,1,3.219245559562587,398.968734263727,29.89385944280915,69.16461972438098,8.078099436014156,3,3,3,1406,8,0.7975694444444444,10.47080776934749,0.5290412876137159,ELECTRE-III,1
1629,0470,0,0,"[28.45141765751845, 81.42508249212068]","[np.float64(27.01997852084376), np.float64(79.18184992959758)]",2026-06-14 04:48:30,401.91151491600715,1,6.1415321564727225,272.16048321626505,21.413228535754975,63.768394619666566,4.209077890998443,3,3,3,823,4,0.7975694444444444,10.589633446553998,0.18754373687893633,ELECTRE-III,1
1630,0586,0,0,"[28.45141765751845, 81.42508249212068]","[np.float64(27.23273465917707), np.float64(84.8995652894349)]",2026-06-14 04:48:30,258.0352750154615,1,6.521351508434756,367.49512104777165,27.902646004814127,68.83078056831827,11.209077890998444,1,1,1,1219,4,0.7975694444444444,18.387202890998445,0.18754373687893633,ELECTRE-III,1
1631,0737,0,0,"[28.45141765751845, 81.42508249212068]","[np.float64(28.51818437328035), np.float64(77.54031996874973)]",2026-06-14 04:48:30,621.1832811835249,1,4.919796092269355,379.73020449672873,28.68578893796547,62.24332949121861,16.078099436014156,1,1,1,571,12,0.7975694444444444,21.661085547125268,0.8369489153254024,ELECTRE-III,1
1632,1000,0,0,"[28.45141765751845, 81.42508249212068]","[np.float64(28.05199619459493), np.float64(84.00460268817112)]",2026-06-14 04:48:30,964.8189739876644,2,7.058471121559139,256.5300578318133,20.286321424195332,67.95187865611021,11.459997653303718,3,3,3,651,5,0.7975694444444444,9.86485876441483,0.2722183344996501,ELECTRE-III,1
1633,0110,0,0,"[27.85127625590611, 81.2723594622792]","[np.float64(25.24491213164131), np.float64(82.96245616846963)]",2026-06-14 04:48:40,831.7548991871552,2,5.15993369697773,335.0318952932604,25.76915438138499,67.22470939631397,7.459997653303718,1,1,1,915,6,0.7976851851851852,5.0669420977481625,0.37508747375787266,ELECTRE-III,1
1634,0115,0,0,"[27.85127625590611, 81.2723594622792]","[np.float64(26.6900983085824), np.float64(82.02390902942602)]",2026-06-14 04:48:40,259.8609841671514,1,2.8858425671153536,148.9578828596651,12.113983846532774,66.35121016373938,19.078099436014156,3,3,3,1056,3,0.7976851851851852,18.280414250828972,0.13750874737578728,ELECTRE-III,1
1635,0148,0,0,"[27.85127625590611, 81.2723594622792]","[np.float64(27.06741442169512), np.float64(78.35165022550932)]",2026-06-14 04:48:40,277.71279200310056,1,7.065903448437941,301.06213142863106,23.451542596852114,63.065206154046244,6.707238366387893,1,1,1,832,12,0.7976851851851852,0.0,0.8369489153254024,ELECTRE-III,1
1636,0206,0,0,"[27.85127625590611, 81.2723594622792]","[np.float64(25.25841864911798), np.float64(81.64485425652497)]",2026-06-14 04:48:40,119.95435255675821,1,2.2336859533968685,290.6831543912961,22.726460861861806,66.03354489563125,5.33637729676163,4,4,3,746,12,0.7976851851851852,0.5502661856505187,0.8369489153254024,ELECTRE-III,1
1637,0309,0,0,"[27.85127625590611, 81.2723594622792]","[np.float64(27.35734379800816), np.float64(85.29206795841348)]",2026-06-14 04:48:40,61.692975858432035,1,3.219245559562587,399.8626764006149,29.94929891141057,69.20138663268317,10.078099436014156,3,3,3,1406,8,0.7976851851851852,5.291988324903045,0.5290412876137159,ELECTRE-III,1
1638,0470,0,0,"[27.85127625590611, 81.2723594622792]","[np.float64(27.01997852084376), np.float64(79.18184992959758)]",2026-06-14 04:48:40,401.91151491600715,1,6.1415321564727225,226.06619762377414,18.042698463931888,63.805475716670564,0.0,3,3,3,823,4,0.7976851851851852,7.179166666666666,0.18754373687893633,ELECTRE-III,1
1639,0586,0,0,"[27.85127625590611, 81.2723594622792]","[np.float64(27.23273465917707), np.float64(84.8995652894349)]",2026-06-14 04:48:40,258.0352750154615,1,6.521351508434756,364.1574052673911,27.68700660651644,68.86762943889049,14.209077890998444,1,1,1,1219,4,0.7976851851851852,18.995189002109555,0.18754373687893633,ELECTRE-III,1
1640,0647,0,0,"[27.85127625590611, 81.2723594622792]","[np.float64(26.44557671341688), np.float64(77.81246291901397)]",2026-06-14 04:48:40,935.2115595441196,2,7.1352878567776425,376.30956058624315,28.468001358625035,62.59246827102215,8.078099436014156,4,4,3,1404,11,0.7976851851851852,8.875784621199342,0.7655703289013296,ELECTRE-III,1
1641,0737,0,0,"[27.85127625590611, 81.2723594622792]","[np.float64(28.51818437328035), np.float64(77.54031996874973)]",2026-06-14 04:48:40,621.1832811835249,1,4.919796092269355,373.20302873069613,28.26943173097661,62.27983685233233,15.078099436014156,1,1,1,571,12,0.7976851851851852,8.696617954532675,0.8369489153254024,ELECTRE-III,1
1642,1000,0,0,"[27.85127625590611, 81.2723594622792]","[np.float64(28.05199619459493), np.float64(84.00460268817112)]",2026-06-14 04:48:40,964.8189739876644,2,7.058471121559139,269.2910517577087,21.207620198465477,67.98835186627808,11.459997653303718,3,3,3,651,5,0.7976851851851852,4.280830986637052,0.2722183344996501,ELECTRE-III,1
1643,0110,0,0,"[27.251052892023733, 81.12086586648832]","[np.float64(25.24491213164131), np.float64(82.96245616846963)]",2026-06-14 04:48:50,831.7548991871552,2,5.15993369697773,288.9401278213597,22.60392701660092,67.26238471977575,7.459997653303718,1,1,1,915,6,0.7978009259259259,1.0775902458963111,0.37508747375787266,ELECTRE-III,1
1644,0115,0,0,"[27.251052892023733, 81.12086586648832]","[np.float64(26.6900983085824), np.float64(82.02390902942602)]",2026-06-14 04:48:50,259.8609841671514,1,2.8858425671153536,109.08491943040889,8.93282802280982,66.38838005320258,11.078099436014156,3,3,3,1056,3,0.7978009259259259,10.28029851008823,0.13750874737578728,ELECTRE-III,1
1645,0148,0,0,"[27.251052892023733, 81.12086586648832]","[np.float64(27.06741442169512), np.float64(78.35165022550932)]",2026-06-14 04:48:50,277.71279200310056,1,7.065903448437941,274.72613666316676,21.596581157214693,63.10228042086107,11.707238366387893,1,1,1,832,12,0.7978009259259259,11.707238366387893,0.8369489153254024,ELECTRE-III,1
1646,0206,0,0,"[27.251052892023733, 81.12086586648832]","[np.float64(25.25841864911798), np.float64(81.64485425652497)]",2026-06-14 04:48:50,119.95435255675821,1,2.2336859533968685,227.64836354135699,18.160710188498264,66.0712065587147,6.33637729676163,4,4,3,746,12,0.7978009259259259,3.1451735930579265,0.8369489153254024,ELECTRE-III,1
1647,0470,0,0,"[27.251052892023733, 81.12086586648832]","[np.float64(27.01997852084376), np.float64(79.18184992959758)]",2026-06-14 04:48:50,401.91151491600715,1,6.1415321564727225,193.58761501880545,15.586162120382735,63.842563643863734,3.2090778909984428,3,3,3,823,4,0.7978009259259259,10.389286224331777,0.18754373687893633,ELECTRE-III,1
1648,0586,0,0,"[27.251052892023733, 81.12086586648832]","[np.float64(27.23273465917707), np.float64(84.8995652894349)]",2026-06-14 04:48:50,258.0352750154615,1,6.521351508434756,373.5593955744414,28.292248447964727,68.90447830946272,14.209077890998444,1,1,1,1219,4,0.7978009259259259,21.389286224331777,0.18754373687893633,ELECTRE-III,1
1649,0647,0,0,"[27.251052892023733, 81.12086586648832]","[np.float64(26.44557671341688), np.float64(77.81246291901397)]",2026-06-14 04:48:50,935.2115595441196,2,7.1352878567776425,340.2100338036673,26.114841547751634,62.629761103890424,10.078099436014156,4,4,3,1404,11,0.7978009259259259,17.25830776934749,0.7655703289013296,ELECTRE-III,1
1650,0737,0,0,"[27.251052892023733, 81.12086586648832]","[np.float64(28.51818437328035), np.float64(77.54031996874973)]",2026-06-14 04:48:50,621.1832811835249,1,4.919796092269355,379.0464027192314,28.642324368531867,62.316351043635215,11.078099436014156,1,1,1,571,12,0.7978009259259259,14.26930313971786,0.8369489153254024,ELECTRE-III,1
1651,1000,0,0,"[27.251052892023733, 81.12086586648832]","[np.float64(28.05199619459493), np.float64(84.00460268817112)]",2026-06-14 04:48:50,964.8189739876644,2,7.058471121559139,297.6593619017447,23.214685730259756,68.02482507644594,3.4599976533037182,3,3,3,651,5,0.7978009259259259,0.0,0.2722183344996501,ELECTRE-III,1
1652,0110,0,0,"[26.65075439606048, 80.97054706323468]","[np.float64(25.24491213164131), np.float64(82.96245616846963)]",2026-06-14 04:49:00,831.7548991871552,2,5.15993369697773,253.17661668469012,20.042364179453056,67.30005321304839,4.459997653303718,1,1,1,915,6,0.7979166666666667,0.0,0.37508747375787266,ELECTRE-III,1
1653,0115,0,0,"[26.65075439606048, 80.97054706323468]","[np.float64(26.6900983085824), np.float64(82.02390902942602)]",2026-06-14 04:49:00,259.8609841671514,1,2.8858425671153536,104.75764449139935,8.583857787573718,66.4255499426658,15.078099436014156,3,3,3,1056,3,0.7979166666666667,18.269766102680823,0.13750874737578728,ELECTRE-III,1
1654,0148,0,0,"[26.65075439606048, 80.97054706323468]","[np.float64(27.06741442169512), np.float64(78.35165022550932)]",2026-06-14 04:49:00,277.71279200310056,1,7.065903448437941,263.8863328664779,20.818789564130988,63.139354687675905,15.707238366387893,1,1,1,832,12,0.7979166666666667,14.11140503305456,0.8369489153254024,ELECTRE-III,1
1655,0206,0,0,"[26.65075439606048, 80.97054706323468]","[np.float64(25.25841864911798), np.float64(81.64485425652497)]",2026-06-14 04:49:00,119.95435255675821,1,2.2336859533968685,168.86150002634207,13.675258130948333,66.10886822179816,0.3363772967616301,4,4,3,746,12,0.7979166666666667,4.325960630094963,0.8369489153254024,ELECTRE-III,1
1656,0470,0,0,"[26.65075439606048, 80.97054706323468]","[np.float64(27.01997852084376), np.float64(79.18184992959758)]",2026-06-14 04:49:00,401.91151491600715,1,6.1415321564727225,182.15982632903854,14.707131929561925,63.87964474086773,3.2090778909984428,3,3,3,823,4,0.7979166666666667,1.6132445576651093,0.18754373687893633,ELECTRE-III,1
1657,0586,0,0,"[26.65075439606048, 80.97054706323468]","[np.float64(27.23273465917707), np.float64(84.8995652894349)]",2026-06-14 04:49:00,258.0352750154615,1,6.521351508434756,394.79237831392174,29.634036987584544,68.94132718003493,9.209077890998444,1,1,1,1219,4,0.7979166666666667,2.0278278909984433,0.18754373687893633,ELECTRE-III,1
1658,0647,0,0,"[26.65075439606048, 80.97054706323468]","[np.float64(26.44557671341688), np.float64(77.81246291901397)]",2026-06-14 04:49:00,935.2115595441196,2,7.1352878567776425,314.95556505209464,24.409804304528425,62.66704710656952,11.078099436014156,4,4,3,1404,11,0.7979166666666667,3.0989327693474893,0.7655703289013296,ELECTRE-III,1
1659,0737,0,0,"[26.65075439606048, 80.97054706323468]","[np.float64(28.51818437328035), np.float64(77.54031996874973)]",2026-06-14 04:49:00,621.1832811835249,1,4.919796092269355,396.71407940943,29.753758614519658,62.352858404748936,11.078099436014156,1,1,1,571,12,0.7979166666666667,10.280182769347489,0.8369489153254024,ELECTRE-III,1
1660,1000,0,0,"[26.65075439606048, 80.97054706323468]","[np.float64(28.05199619459493), np.float64(84.00460268817112)]",2026-06-14 04:49:00,964.8189739876644,2,7.058471121559139,337.72505067857105,25.949199902750156,68.06129145642464,6.459997653303718,3,3,3,651,5,0.7979166666666667,9.651664319970385,0.2722183344996501,ELECTRE-III,1
1661,0110,0,0,"[26.05038076801636, 80.82136207138325]","[np.float64(25.24491213164131), np.float64(82.96245616846963)]",2026-06-14 04:49:10,831.7548991871552,2,5.15993369697773,232.5553812080471,18.525702486795858,67.33772853651017,4.459997653303718,1,1,1,915,6,0.7980324074074074,10.844256912562978,0.37508747375787266,ELECTRE-III,1
1662,0115,0,0,"[26.05038076801636, 80.82136207138325]","[np.float64(26.6900983085824), np.float64(82.02390902942602)]",2026-06-14 04:49:10,259.8609841671514,1,2.8858425671153536,139.3282841416113,11.351863331940939,66.46271983212901,14.078099436014156,3,3,3,1056,3,0.7980324074074074,8.491872584162305,0.13750874737578728,ELECTRE-III,1
1663,0148,0,0,"[26.05038076801636, 80.82136207138325]","[np.float64(27.06741442169512), np.float64(78.35165022550932)]",2026-06-14 04:49:10,277.71279200310056,1,7.065903448437941,270.4141781486123,21.2881660669731,63.17642895449073,7.707238366387893,1,1,1,832,12,0.7980324074074074,9.303303181202708,0.8369489153254024,ELECTRE-III,1
1664,0206,0,0,"[26.05038076801636, 80.82136207138325]","[np.float64(25.25841864911798), np.float64(81.64485425652497)]",2026-06-14 04:49:10,119.95435255675821,1,2.2336859533968685,120.69750025464771,9.865955038998312,66.14653671507078,0.3363772967616301,4,4,3,746,12,0.7980324074074074,5.124571741206075,0.8369489153254024,ELECTRE-III,1
1665,0470,0,0,"[26.05038076801636, 80.82136207138325]","[np.float64(27.01997852084376), np.float64(79.18184992959758)]",2026-06-14 04:49:10,401.91151491600715,1,6.1415321564727225,195.51123559286057,15.73340283661191,63.91672583787173,1.2090778909984428,3,3,3,823,4,0.7980324074074074,0.0,0.18754373687893633,ELECTRE-III,1
1666,0488,1,0,"[26.05038076801636, 80.82136207138325]","[np.float64(22.72030692974466), np.float64(80.26534786698726)]",2026-06-14 04:49:10,843.7801648010511,1,5.798257540854338,374.5430671260076,28.355178184250207,64.7236307260387,0.0,4,4,3,1339,13,0.7980324074074074,0.0,0.9188243526941917,ELECTRE-III,1
1667,0647,0,0,"[26.05038076801636, 80.82136207138325]","[np.float64(26.44557671341688), np.float64(77.81246291901397)]",2026-06-14 04:49:10,935.2115595441196,2,7.1352878567776425,303.2690897855255,23.604710209583462,62.70433993943779,11.078099436014156,4,4,3,1404,11,0.7980324074074074,17.462358695273416,0.7655703289013296,ELECTRE-III,1
1668,1000,0,0,"[26.05038076801636, 80.82136207138325]","[np.float64(28.05199619459493), np.float64(84.00460268817112)]",2026-06-14 04:49:10,964.8189739876644,2,7.058471121559139,385.8610622450088,29.07387410592471,68.09776466659251,2.4599976533037182,3,3,3,651,5,0.7980324074074074,1.6619652458963108,0.2722183344996501,ELECTRE-III,1
1669,0110,0,0,"[25.449937130533247, 80.67328357017738]","[np.float64(25.24491213164131), np.float64(82.96245616846963)]",2026-06-14 04:49:20,831.7548991871552,2,5.15993369697773,231.16325463481311,18.42231055612517,67.37539702978279,2.4599976533037182,1,1,1,915,6,0.7981481481481482,0.8637013570074219,0.37508747375787266,ELECTRE-III,1
1670,0115,0,0,"[25.449937130533247, 80.67328357017738]","[np.float64(26.6900983085824), np.float64(82.02390902942602)]",2026-06-14 04:49:20,259.8609841671514,1,2.8858425671153536,192.90874735923757,15.534148646687289,66.49988972159221,19.078099436014156,3,3,3,1056,3,0.7981481481481482,15.087358695273416,0.13750874737578728,ELECTRE-III,1
1671,0148,0,0,"[25.449937130533247, 80.67328357017738]","[np.float64(27.06741442169512), np.float64(78.35165022550932)]",2026-06-14 04:49:20,277.71279200310056,1,7.065903448437941,293.15394034186863,22.899780211840397,63.213496391116394,11.707238366387893,1,1,1,832,12,0.7981481481481482,16.496127255276782,0.8369489153254024,ELECTRE-III,1
1672,0206,0,0,"[25.449937130533247, 80.67328357017738]","[np.float64(25.25841864911798), np.float64(81.64485425652497)]",2026-06-14 04:49:20,119.95435255675821,1,2.2336859533968685,99.92325081643929,8.193232157602212,66.18419837815422,9.33637729676163,4,4,3,746,12,0.7981481481481482,14.923414333798666,0.8369489153254024,ELECTRE-III,1
1673,0470,0,0,"[25.449937130533247, 80.67328357017738]","[np.float64(27.01997852084376), np.float64(79.18184992959758)]",2026-06-14 04:49:20,401.91151491600715,1,6.1415321564727225,229.35650169959595,18.287939228185195,63.95380693487573,3.2090778909984428,3,3,3,823,4,0.7981481481481482,8.796114928035479,0.18754373687893633,ELECTRE-III,1
1674,0488,1,0,"[25.449937130533247, 80.67328357017738]","[np.float64(22.72030692974466), np.float64(80.26534786698726)]",2026-06-14 04:49:20,843.7801648010511,1,5.798257540854338,306.33259313538133,23.816731914026906,64.76178416274239,0.0,4,4,3,1339,13,0.7981481481481482,7.183333333333334,0.9188243526941917,ELECTRE-III,1
1675,0647,0,0,"[25.449937130533247, 80.67328357017738]","[np.float64(26.44557671341688), np.float64(77.81246291901397)]",2026-06-14 04:49:20,935.2115595441196,2,7.1352878567776425,306.7080386584443,23.842668646259693,62.74163277230606,12.078099436014156,4,4,3,1404,11,0.7981481481481482,15.27069202860675,0.7655703289013296,ELECTRE-III,1
1676,0824,0,0,"[25.449937130533247, 80.67328357017738]","[np.float64(22.44477907087294), np.float64(82.07061950940755)]",2026-06-14 04:49:20,958.1925970121216,2,5.873838318577869,363.06901213422725,27.616503991458654,66.3836603924861,0.0,2,2,2,1332,14,0.7981481481481482,0.0,1.0,ELECTRE-III,1
1677,0110,0,0,"[24.84942519115843, 80.52625691810368]","[np.float64(25.24491213164131), np.float64(82.96245616846963)]",2026-06-14 04:49:30,831.7548991871552,2,5.15993369697773,249.32328032820607,19.76110205014093,67.41306552305541,8.459997653303718,1,1,1,915,6,0.7982638888888889,14.84610876441483,0.37508747375787266,ELECTRE-III,1
1678,0115,0,0,"[24.84942519115843, 80.52625691810368]","[np.float64(26.6900983085824), np.float64(82.02390902942602)]",2026-06-14 04:49:30,259.8609841671514,1,2.8858425671153536,253.729680408681,20.08265113596775,66.53705961105543,17.078099436014156,3,3,3,1056,3,0.7982638888888889,21.86768276934749,0.13750874737578728,ELECTRE-III,1
1679,0148,0,0,"[24.84942519115843, 80.52625691810368]","[np.float64(27.06741442169512), np.float64(78.35165022550932)]",2026-06-14 04:49:30,277.71279200310056,1,7.065903448437941,328.7584987773135,25.347636216681753,63.25057065793122,14.707238366387893,1,1,1,832,12,0.7982638888888889,13.110710588610115,0.8369489153254024,ELECTRE-III,1
1680,0206,0,0,"[24.84942519115843, 80.52625691810368]","[np.float64(25.25841864911798), np.float64(81.64485425652497)]",2026-06-14 04:49:30,119.95435255675821,1,2.2336859533968685,121.5101802247031,9.931066204352534,66.22186687142684,9.33637729676163,4,4,3,746,12,0.7982638888888889,14.924224518983852,0.8369489153254024,ELECTRE-III,1
1681,0470,0,0,"[24.84942519115843, 80.52625691810368]","[np.float64(27.01997852084376), np.float64(79.18184992959758)]",2026-06-14 04:49:30,401.91151491600715,1,6.1415321564727225,276.26349605202046,21.706225581773197,63.990888031879734,1.2090778909984428,3,3,3,823,4,0.7982638888888889,2.8056056687762205,0.18754373687893633,ELECTRE-III,1
1682,0488,1,0,"[24.84942519115843, 80.52625691810368]","[np.float64(22.72030692974466), np.float64(80.26534786698726)]",2026-06-14 04:49:30,843.7801648010511,1,5.798257540854338,238.23103037271116,18.945930417864876,64.79994442963525,3.4599976533037182,4,4,3,1339,13,0.7982638888888889,0.2669420977481627,0.9188243526941917,ELECTRE-III,1
1683,0647,0,0,"[24.84942519115843, 80.52625691810368]","[np.float64(26.44557671341688), np.float64(77.81246291901397)]",2026-06-14 04:49:30,935.2115595441196,2,7.1352878567776425,324.79206897581435,25.079598692997447,62.77891877498516,8.078099436014156,4,4,3,1404,11,0.7982638888888889,11.271154991569713,0.7655703289013296,ELECTRE-III,1
1684,0824,0,0,"[24.84942519115843, 80.52625691810368]","[np.float64(22.44477907087294), np.float64(82.07061950940755)]",2026-06-14 04:49:30,958.1925970121216,2,5.873838318577869,310.21598136451087,24.084504404147403,66.42186847070316,0.0,2,2,2,1332,14,0.7982638888888889,3.1930555555555555,1.0,ELECTRE-III,1
1685,0110,0,0,"[24.248848364986504, 80.38024796421632]","[np.float64(25.24491213164131), np.float64(82.96245616846963)]",2026-06-14 04:49:40,831.7548991871552,2,5.15993369697773,283.2993102702084,22.20588492565021,67.4507408465172,0.0,1,1,1,915,6,0.7983796296296296,2.395138888888889,0.37508747375787266,ELECTRE-III,1
1686,0115,0,0,"[24.248848364986504, 80.38024796421632]","[np.float64(26.6900983085824), np.float64(82.02390902942602)]",2026-06-14 04:49:40,259.8609841671514,1,2.8858425671153536,317.6587869453831,24.594592776545664,66.57422950051864,14.078099436014156,3,3,3,1056,3,0.7983796296296296,14.078099436014156,0.13750874737578728,ELECTRE-III,1
1687,0148,0,0,"[24.248848364986504, 80.38024796421632]","[np.float64(27.06741442169512), np.float64(78.35165022550932)]",2026-06-14 04:49:40,277.71279200310056,1,7.065903448437941,373.56845988383435,28.292828671256874,63.28764492474605,7.707238366387893,1,1,1,832,12,0.7983796296296296,5.312099477499004,0.8369489153254024,ELECTRE-III,1
1688,0206,0,0,"[24.248848364986504, 80.38024796421632]","[np.float64(25.25841864911798), np.float64(81.64485425652497)]",2026-06-14 04:49:40,119.95435255675821,1,2.2336859533968685,170.02351533762052,13.765795634319417,66.2595285345103,1.33637729676163,4,4,3,746,12,0.7983796296296296,0.0,0.8369489153254024,ELECTRE-III,1
1689,0470,0,0,"[24.248848364986504, 80.38024796421632]","[np.float64(27.01997852084376), np.float64(79.18184992959758)]",2026-06-14 04:49:40,401.91151491600715,1,6.1415321564727225,330.72130209522555,25.47983841041543,64.02796912888373,7.209077890998443,3,3,3,823,4,0.7983796296296296,0.0,0.18754373687893633,ELECTRE-III,1
1690,0488,1,0,"[24.248848364986504, 80.38024796421632]","[np.float64(22.72030692974466), np.float64(80.26534786698726)]",2026-06-14 04:49:40,843.7801648010511,1,5.798257540854338,170.36971608105281,13.792756064999852,64.83810469652812,0.0,4,4,3,1339,13,0.7983796296296296,3.991898148148148,0.9188243526941917,ELECTRE-III,1
1690,0488,1,0,"[24.248848364986504, 80.38024796421632]","[np.float64(22.72030692974466), np.float64(80.26534786698726)]",2026-06-14 04:49:40,843.7801648010511,1,5.798257540854338,170.36971608105281,13.792756064999852,64.83810469652812,0.0,4,4,3,1339,13,0.7983796296296296,3.991898148148148,0.9188243526941917,ELECTRE-III,1
1691,0647,0,0,"[24.248848364986504, 80.38024796421632]","[np.float64(26.44557671341688), np.float64(77.81246291901397)]",2026-06-14 04:49:40,935.2115595441196,2,7.1352878567776425,355.293251241137,27.1101734125816,62.816211607853425,14.078099436014156,4,4,3,1404,11,0.7983796296296296,13.279719806384527,0.7655703289013296,ELECTRE-III,1
1692,0824,0,0,"[24.248848364986504, 80.38024796421632]","[np.float64(22.44477907087294), np.float64(82.07061950940755)]",2026-06-14 04:49:40,958.1925970121216,2,5.873838318577869,264.6100867079386,20.870975862984892,66.46007654892021,0.0,2,2,2,1332,14,0.7983796296296296,0.0,1.0,ELECTRE-III,1
1693,0110,0,0,"[23.648210067112046, 80.23522938775861]","[np.float64(25.24491213164131), np.float64(82.96245616846963)]",2026-06-14 04:49:50,831.7548991871552,2,5.15993369697773,328.2145266444161,25.31094636781479,67.48840933978983,1.4599976533037182,1,1,1,915,6,0.7984953703703703,0.0,0.37508747375787266,ELECTRE-III,1
1694,0115,0,0,"[23.648210067112046, 80.23522938775861]","[np.float64(26.6900983085824), np.float64(82.02390902942602)]",2026-06-14 04:49:50,259.8609841671514,1,2.8858425671153536,383.1427495341964,28.902161913661217,66.61139938998184,17.078099436014156,3,3,3,1056,3,0.7984953703703703,19.473585547125268,0.13750874737578728,ELECTRE-III,1
1695,0206,0,0,"[23.648210067112046, 80.23522938775861]","[np.float64(25.25841864911798), np.float64(81.64485425652497)]",2026-06-14 04:49:50,119.95435255675821,1,2.2336859533968685,228.9412682839048,18.257028086038478,66.29719019759375,2.33637729676163,4,4,3,746,12,0.7984953703703703,1.5378819263912598,0.8369489153254024,ELECTRE-III,1
1696,0470,0,0,"[23.648210067112046, 80.23522938775861]","[np.float64(27.01997852084376), np.float64(79.18184992959758)]",2026-06-14 04:49:50,401.91151491600715,1,6.1415321564727225,389.57693980109326,29.30767839731098,64.06505022588773,3.2090778909984428,3,3,3,823,4,0.7984953703703703,0.0,0.18754373687893633,ELECTRE-III,1
1697,0488,1,0,"[23.648210067112046, 80.23522938775861]","[np.float64(22.72030692974466), np.float64(80.26534786698726)]",2026-06-14 04:49:50,843.7801648010511,1,5.798257540854338,103.2241835557297,8.460037324687846,64.87626496342098,2.4599976533037182,4,4,3,1339,13,0.7984953703703703,4.85548376441483,0.9188243526941917,ELECTRE-III,1
1697,0488,1,0,"[23.648210067112046, 80.23522938775861]","[np.float64(22.72030692974466), np.float64(80.26534786698726)]",2026-06-14 04:49:50,843.7801648010511,1,5.798257540854338,103.2241835557297,8.460037324687846,64.87626496342098,2.4599976533037182,4,4,3,1339,13,0.7984953703703703,4.85548376441483,0.9188243526941917,ELECTRE-III,1
1698,0647,0,0,"[23.648210067112046, 80.23522938775861]","[np.float64(26.44557671341688), np.float64(77.81246291901397)]",2026-06-14 04:49:50,935.2115595441196,2,7.1352878567776425,395.3494219819404,29.668770070975288,62.8535044407217,15.078099436014156,4,4,3,1404,11,0.7984953703703703,21.46606239897712,0.7655703289013296,ELECTRE-III,1
1699,0824,0,0,"[23.648210067112046, 80.23522938775861]","[np.float64(22.44477907087294), np.float64(82.07061950940755)]",2026-06-14 04:49:50,958.1925970121216,2,5.873838318577869,230.59083914783974,18.379761667547708,66.49828462713727,5.33637729676163,2,2,2,1332,14,0.7984953703703703,10.127349518983852,1.0,ELECTRE-III,1
1700,0855,0,0,"[23.648210067112046, 80.23522938775861]","[np.float64(23.51514908717352), np.float64(76.27951622456803)]",2026-06-14 04:49:50,919.7419954304147,2,6.6159835329478085,403.38227725379994,30.166973313896126,61.319020481408295,16.081778485235255,1,1,1,1218,11,0.7984953703703703,12.089301633383403,0.7655703289013296,ELECTRE-III,1
1701,0110,0,0,"[23.04751200508235, 80.09114654721719]","[np.float64(25.24491213164131), np.float64(82.96245616846963)]",2026-06-14 04:50:00,831.7548991871552,2,5.15993369697773,380.2126140418516,28.716430701713065,67.52608466325161,7.459997653303718,1,1,1,915,6,0.7986111111111112,4.265553208859274,0.37508747375787266,ELECTRE-III,1
1702,0206,0,0,"[23.04751200508235, 80.09114654721719]","[np.float64(25.25841864911798), np.float64(81.64485425652497)]",2026-06-14 04:50:00,119.95435255675821,1,2.2336859533968685,292.033386943376,22.82123090070785,66.33485869086637,0.3363772967616301,4,4,3,746,12,0.7986111111111112,0.0,0.8369489153254024,ELECTRE-III,1
1703,0488,1,0,"[23.04751200508235, 80.09114654721719]","[np.float64(22.72030692974466), np.float64(80.26534786698726)]",2026-06-14 04:50:00,843.7801648010511,1,5.798257540854338,40.5245184750903,3.3418591954392642,64.91442523031384,1.4599976533037182,4,4,3,1339,13,0.7986111111111112,0.0,0.9188243526941917,ELECTRE-III,1
1703,0488,1,0,"[23.04751200508235, 80.09114654721719]","[np.float64(22.72030692974466), np.float64(80.26534786698726)]",2026-06-14 04:50:00,843.7801648010511,1,5.798257540854338,40.5245184750903,3.3418591954392642,64.91442523031384,1.4599976533037182,4,4,3,1339,13,0.7986111111111112,0.0,0.9188243526941917,ELECTRE-III,1
1704,0824,0,0,"[23.04751200508235, 80.09114654721719]","[np.float64(22.44477907087294), np.float64(82.07061950940755)]",2026-06-14 04:50:00,958.1925970121216,2,5.873838318577869,213.7644467444389,17.119770883721717,66.53649270535432,4.33637729676163,2,2,2,1332,14,0.7986111111111112,9.926655074539408,1.0,ELECTRE-III,1
1705,0855,0,0,"[23.04751200508235, 80.09114654721719]","[np.float64(23.51514908717352), np.float64(76.27951622456803)]",2026-06-14 04:50:00,919.7419954304147,2,6.6159835329478085,392.76832590027755,29.507630400129734,61.35700999357191,15.081778485235255,1,1,1,1218,11,0.7986111111111112,7.8942784852352545,0.7655703289013296,ELECTRE-III,1
1706,0206,0,0,"[22.446755886444706, 79.94797895202456]","[np.float64(25.25841864911798), np.float64(81.64485425652497)]",2026-06-14 04:50:10,119.95435255675821,1,2.2336859533968685,357.09344831884687,27.227807886876583,66.37252035394982,9.33637729676163,4,4,3,746,12,0.7987268518518519,9.33637729676163,0.8369489153254024,ELECTRE-III,1
1707,0488,1,0,"[22.446755886444706, 79.94797895202456]","[np.float64(22.72030692974466), np.float64(80.26534786698726)]",2026-06-14 04:50:10,843.7801648010511,1,5.798257540854338,44.574999683602385,3.675008653014083,64.9525854972067,1.4599976533037182,4,4,3,1339,13,0.7987268518518519,0.0,0.9188243526941917,ELECTRE-III,1
1707,0488,1,0,"[22.446755886444706, 79.94797895202456]","[np.float64(22.72030692974466), np.float64(80.26534786698726)]",2026-06-14 04:50:10,843.7801648010511,1,5.798257540854338,44.574999683602385,3.675008653014083,64.9525854972067,1.4599976533037182,4,4,3,1339,13,0.7987268518518519,0.0,0.9188243526941917,ELECTRE-III,1
1708,0824,0,0,"[22.446755886444706, 79.94797895202456]","[np.float64(22.44477907087294), np.float64(82.07061950940755)]",2026-06-14 04:50:10,958.1925970121216,2,5.873838318577869,218.14438297708205,17.449449815033432,66.57470078357136,0.0,2,2,2,1332,14,0.7987268518518519,5.5910879629629635,1.0,ELECTRE-III,1
1709,0855,0,0,"[22.446755886444706, 79.94797895202456]","[np.float64(23.51514908717352), np.float64(76.27951622456803)]",2026-06-14 04:50:10,919.7419954304147,2,6.6159835329478085,393.8662870070795,29.57623979437692,61.39499950573551,12.081778485235255,1,1,1,1218,11,0.7987268518518519,15.276685892642663,0.7655703289013296,ELECTRE-III,1
1710,0488,1,0,"[21.845946833840998, 79.80569245123485]","[np.float64(22.72030692974466), np.float64(80.26534786698726)]",2026-06-14 04:50:20,843.7801648010511,1,5.798257540854338,108.11713163266906,8.854838462594223,64.99074576409956,0.0,4,4,3,1339,13,0.7988425925925926,0.0,0.9188243526941917,ELECTRE-III,1
1710,0488,1,0,"[21.845946833840998, 79.80569245123485]","[np.float64(22.72030692974466), np.float64(80.26534786698726)]",2026-06-14 04:50:20,843.7801648010511,1,5.798257540854338,108.11713163266906,8.854838462594223,64.99074576409956,0.0,4,4,3,1339,13,0.7988425925925926,0.0,0.9188243526941917,ELECTRE-III,1
1711,0824,0,0,"[21.845946833840998, 79.80569245123485]","[np.float64(22.44477907087294), np.float64(82.07061950940755)]",2026-06-14 04:50:20,958.1925970121216,2,5.873838318577869,242.583995798128,19.26680112503279,66.61290886178841,1.33637729676163,2,2,2,1332,14,0.7988425925925926,1.33637729676163,1.0,ELECTRE-III,1
1712,0855,0,0,"[21.845946833840998, 79.80569245123485]","[np.float64(23.51514908717352), np.float64(76.27951622456803)]",2026-06-14 04:50:20,919.7419954304147,2,6.6159835329478085,406.582193904107,30.364045757860257,61.432989017899125,17.081778485235255,1,1,1,1218,11,0.7988425925925926,18.67946367042044,0.7655703289013296,ELECTRE-III,1
1713,0931,0,0,"[21.845946833840998, 79.80569245123485]","[np.float64(19.20901148707504), np.float64(77.34785769653445)]",2026-06-14 04:50:20,384.89628789129546,1,2.5673658516048077,389.185263307779,29.283084241843696,61.68818537585831,7.954479079472067,2,2,2,654,13,0.7988425925925926,4.759108709101697,0.9188243526941917,ELECTRE-III,1
1714,0488,1,0,"[21.245086554818513, 79.66424606371305]","[np.float64(22.72030692974466), np.float64(80.26534786698726)]",2026-06-14 04:50:30,843.7801648010511,1,5.798257540854338,175.35516911729866,14.180303576756701,65.02890603099242,1.4599976533037182,4,4,3,1339,13,0.7989583333333333,0.0,0.9188243526941917,ELECTRE-III,1
1714,0488,1,0,"[21.245086554818513, 79.66424606371305]","[np.float64(22.72030692974466), np.float64(80.26534786698726)]",2026-06-14 04:50:30,843.7801648010511,1,5.798257540854338,175.35516911729866,14.180303576756701,65.02890603099242,1.4599976533037182,4,4,3,1339,13,0.7989583333333333,0.0,0.9188243526941917,ELECTRE-III,1
1715,0824,0,0,"[21.245086554818513, 79.66424606371305]","[np.float64(22.44477907087294), np.float64(82.07061950940755)]",2026-06-14 04:50:30,958.1925970121216,2,5.873838318577869,281.9136294722815,22.107756774025813,66.65111694000547,0.0,2,2,2,1332,14,0.7989583333333333,0.0,1.0,ELECTRE-III,1
1716,0931,0,0,"[21.245086554818513, 79.66424606371305]","[np.float64(19.20901148707504), np.float64(77.34785769653445)]",2026-06-14 04:50:30,384.89628789129546,1,2.5673658516048077,331.1501954826049,25.50868739108079,61.72641394464287,9.954479079472067,2,2,2,654,13,0.7989583333333333,15.5471874128054,0.9188243526941917,ELECTRE-III,1
1717,0488,1,0,"[20.644175049377253, 79.5236124687025]","[np.float64(22.72030692974466), np.float64(80.26534786698726)]",2026-06-14 04:50:40,843.7801648010511,1,5.798257540854338,243.2433865089281,19.31529805840893,65.06706629788528,4.459997653303718,4,4,3,1339,13,0.799074074074074,0.0,0.9188243526941917,ELECTRE-III,1
1718,0779,0,0,"[20.644175049377253, 79.5236124687025]","[np.float64(17.39103690109519), np.float64(79.45515424972086)]",2026-06-14 04:50:40,525.9796380076433,1,5.851325021257269,361.8045256127009,27.534480479232524,63.209070428534226,6.958158128693167,2,2,2,668,14,0.799074074074074,2.962787758322797,1.0,ELECTRE-III,1
1719,0814,0,0,"[20.644175049377253, 79.5236124687025]","[np.float64(17.40919319602953), np.float64(79.62608259559241)]",2026-06-14 04:50:40,745.0599482185825,2,5.18201209272023,359.87526322265967,27.409098683004483,63.370133119352296,0.9618371779142674,1,1,1,822,4,0.799074074074074,4.957207548284638,0.18754373687893633,ELECTRE-III,1
1720,0824,0,0,"[20.644175049377253, 79.5236124687025]","[np.float64(22.44477907087294), np.float64(82.07061950940755)]",2026-06-14 04:50:40,958.1925970121216,2,5.873838318577869,330.8645660245335,25.489476421402337,66.68932501822252,0.3363772967616301,2,2,2,1332,14,0.799074074074074,5.130821741206074,1.0,ELECTRE-III,1
1721,0931,0,0,"[20.644175049377253, 79.5236124687025]","[np.float64(19.20901148707504), np.float64(77.34785769653445)]",2026-06-14 04:50:40,384.89628789129546,1,2.5673658516048077,277.84023162126215,21.818505052829483,61.76463568323827,13.954479079472067,2,2,2,654,13,0.799074074074074,19.547997597990587,0.9188243526941917,ELECTRE-III,1
1722,0950,0,0,"[20.644175049377253, 79.5236124687025]","[np.float64(17.73778874401928), np.float64(77.62397099064269)]",2026-06-14 04:50:40,442.4505994746838,1,7.763308896828563,379.7733401470976,28.688529565362902,61.63836597605224,6.958158128693167,4,4,3,844,3,0.799074074074074,0.5655655361005749,0.13750874737578728,ELECTRE-III,1
1723,0488,1,0,"[20.043217440159097, 79.3837575152573]","[np.float64(22.72030692974466), np.float64(80.26534786698726)]",2026-06-14 04:50:50,843.7801648010511,1,5.798257540854338,311.35664225342106,24.162945276333197,65.10522656477814,0.0,4,4,3,1339,13,0.7991898148148148,6.393518518518518,0.9188243526941917,ELECTRE-III,1
1724,0746,0,0,"[20.043217440159097, 79.3837575152573]","[np.float64(17.44335053413444), np.float64(76.83479555317345)]",2026-06-14 04:50:50,304.43608280721816,1,5.5970589765313665,394.4561720259657,29.613062073645622,60.871813845501705,7.332698247540531,1,1,1,946,5,0.7991898148148148,1.7383695438368276,0.2722183344996501,ELECTRE-III,1
1725,0779,0,0,"[20.043217440159097, 79.3837575152573]","[np.float64(17.39103690109519), np.float64(79.45515424972086)]",2026-06-14 04:50:50,525.9796380076433,1,5.851325021257269,295.00525336171853,23.029355655575237,63.247012129373644,5.958158128693167,2,2,2,668,14,0.7991898148148148,0.0,1.0,ELECTRE-III,1
1726,0814,0,0,"[20.043217440159097, 79.3837575152573]","[np.float64(17.40919319602953), np.float64(79.62608259559241)]",2026-06-14 04:50:50,745.0599482185825,2,5.18201209272023,293.9998901601536,22.959019986333033,63.40806115981337,0.0,1,1,1,822,4,0.7991898148148148,0.7991898148148148,0.18754373687893633,ELECTRE-III,1
1727,0824,0,0,"[20.043217440159097, 79.3837575152573]","[np.float64(22.44477907087294), np.float64(82.07061950940755)]",2026-06-14 04:50:50,958.1925970121216,2,5.873838318577869,385.7912365422834,29.069470445417767,66.72753992662874,3.33637729676163,2,2,2,1332,14,0.7991898148148148,2.537187481946815,1.0,ELECTRE-III,1
1728,0931,0,0,"[20.043217440159097, 79.3837575152573]","[np.float64(19.20901148707504), np.float64(77.34785769653445)]",2026-06-14 04:50:50,384.89628789129546,1,2.5673658516048077,232.52922289717966,18.52376088355687,61.80286425202283,10.954479079472067,2,2,2,654,13,0.7991898148148148,18.1471874128054,0.9188243526941917,ELECTRE-III,1
1729,0950,0,0,"[20.043217440159097, 79.3837575152573]","[np.float64(17.73778874401928), np.float64(77.62397099064269)]",2026-06-14 04:50:50,442.4505994746838,1,7.763308896828563,316.2069758589059,24.495416530774392,61.67643745048589,7.958158128693167,4,4,3,844,3,0.7991898148148148,9.556537758322797,0.13750874737578728,ELECTRE-III,1
1730,0488,1,0,"[19.442215434711336, 79.24466071281]","[np.float64(22.72030692974466), np.float64(80.26534786698726)]",2026-06-14 04:51:00,843.7801648010511,1,5.798257540854338,379.57348396136666,28.67583047726993,65.14339366186017,2.4599976533037182,4,4,3,1339,13,0.7993055555555556,4.857914319970385,0.9188243526941917,ELECTRE-III,1
1731,0746,0,0,"[19.442215434711336, 79.24466071281]","[np.float64(17.44335053413444), np.float64(76.83479555317345)]",2026-06-14 04:51:00,304.43608280721816,1,5.5970589765313665,337.6543649595591,25.94448136093893,60.90987848974619,11.332698247540531,1,1,1,946,5,0.7993055555555556,6.5368649142071975,0.2722183344996501,ELECTRE-III,1
1732,0779,0,0,"[19.442215434711336, 79.24466071281]","[np.float64(17.39103690109519), np.float64(79.45515424972086)]",2026-06-14 04:51:00,525.9796380076433,1,5.851325021257269,229.15936250860304,18.273265006005467,63.28494700002389,4.958158128693167,2,2,2,668,14,0.7993055555555556,7.356074795359834,1.0,ELECTRE-III,1
1733,0814,0,0,"[19.442215434711336, 79.24466071281]","[np.float64(17.40919319602953), np.float64(79.62608259559241)]",2026-06-14 04:51:00,745.0599482185825,2,5.18201209272023,229.61473893821162,18.307157577351862,63.445996030463625,5.961837177914267,1,1,1,822,4,0.7993055555555556,10.7576705112476,0.18754373687893633,ELECTRE-III,1
1734,0931,0,0,"[19.442215434711336, 79.24466071281]","[np.float64(19.20901148707504), np.float64(77.34785769653445)]",2026-06-14 04:51:00,384.89628789129546,1,2.5673658516048077,200.71171860006407,16.130396269938384,61.84108599061822,13.954479079472067,2,2,2,654,13,0.7993055555555556,10.757256857249844,0.9188243526941917,ELECTRE-III,1
1735,0950,0,0,"[19.442215434711336, 79.24466071281]","[np.float64(17.73778874401928), np.float64(77.62397099064269)]",2026-06-14 04:51:00,442.4505994746838,1,7.763308896828563,255.13184707879265,20.18469667478409,61.714515755108714,0.9581581286931673,4,4,3,844,3,0.7993055555555556,5.753991462026501,0.13750874737578728,ELECTRE-III,1
1736,0123,0,0,"[18.841170740581262, 79.10627425003636]","[np.float64(16.80390824277828), np.float64(82.23888283903709)]",2026-06-14 04:51:10,853.9685521716804,2,4.364687457112764,401.58128761529366,30.055708289086436,65.66201675572842,7.83453777215108,2,2,2,1342,8,0.7994212962962963,6.235695179558487,0.5290412876137159,ELECTRE-III,1
1737,0746,0,0,"[18.841170740581262, 79.10627425003636]","[np.float64(17.44335053413444), np.float64(76.83479555317345)]",2026-06-14 04:51:10,304.43608280721816,1,5.5970589765313665,285.944311531488,22.392812292206266,60.94794313399067,10.332698247540531,1,1,1,946,5,0.7994212962962963,16.7280686179109,0.2722183344996501,ELECTRE-III,1
1738,0779,0,0,"[18.841170740581262, 79.10627425003636]","[np.float64(17.39103690109519), np.float64(79.45515424972086)]",2026-06-14 04:51:10,525.9796380076433,1,5.851325021257269,165.4091540466268,13.4058617747834,63.322881870674145,3.9581581286931673,2,2,2,668,14,0.7994212962962963,0.760472943507982,1.0,ELECTRE-III,1
1739,0814,0,0,"[18.841170740581262, 79.10627425003636]","[np.float64(17.40919319602953), np.float64(79.62608259559241)]",2026-06-14 04:51:10,745.0599482185825,2,5.18201209272023,168.43737704613645,13.642195549001958,63.483917240735536,1.9618371779142674,1,1,1,822,4,0.7994212962962963,0.3629945853216747,0.18754373687893633,ELECTRE-III,1
1740,0931,0,0,"[18.841170740581262, 79.10627425003636]","[np.float64(19.20901148707504), np.float64(77.34785769653445)]",2026-06-14 04:51:10,384.89628789129546,1,2.5673658516048077,189.3168427647711,15.258508621886163,61.87930772921361,9.954479079472067,2,2,2,654,13,0.7994212962962963,5.15795130169429,0.9188243526941917,ELECTRE-III,1
1741,0950,0,0,"[18.841170740581262, 79.10627425003636]","[np.float64(17.73778874401928), np.float64(77.62397099064269)]",2026-06-14 04:51:10,442.4505994746838,1,7.763308896828563,198.85574022908455,15.988895343824387,61.752587229542364,9.958158128693167,4,4,3,844,3,0.7994212962962963,14.754685906470945,0.13750874737578728,ELECTRE-III,1
1742,0123,0,0,"[18.240085065316165, 78.96858446655808]","[np.float64(16.80390824277828), np.float64(82.23888283903709)]",2026-06-14 04:51:20,853.9685521716804,2,4.364687457112764,381.7592492280879,28.814549110701417,65.69960328673099,9.83453777215108,2,2,2,1342,8,0.799537037037037,13.832222957336265,0.5290412876137159,ELECTRE-III,1
1743,0746,0,0,"[18.240085065316165, 78.96858446655808]","[np.float64(17.44335053413444), np.float64(76.83479555317345)]",2026-06-14 04:51:20,304.43608280721816,1,5.5970589765313665,242.60657624149752,19.268462348784535,60.986000948045984,7.332698247540531,1,1,1,946,5,0.799537037037037,5.733624173466457,0.2722183344996501,ELECTRE-III,1
1744,0779,0,0,"[18.240085065316165, 78.96858446655808]","[np.float64(17.39103690109519), np.float64(79.45515424972086)]",2026-06-14 04:51:20,525.9796380076433,1,5.851325021257269,107.54732042719282,8.808904508484973,63.36080991113523,5.958158128693167,2,2,2,668,14,0.799537037037037,7.557232202767241,1.0,ELECTRE-III,1
1745,0814,0,0,"[18.240085065316165, 78.96858446655808]","[np.float64(17.40919319602953), np.float64(79.62608259559241)]",2026-06-14 04:51:20,745.0599482185825,2,5.18201209272023,115.67328957559545,9.462854208536916,63.52184528119662,0.0,1,1,1,822,4,0.799537037037037,3.198148148148148,0.18754373687893633,ELECTRE-III,1
1746,0931,0,0,"[18.240085065316165, 78.96858446655808]","[np.float64(19.20901148707504), np.float64(77.34785769653445)]",2026-06-14 04:51:20,384.89628789129546,1,2.5673658516048077,201.83628538669907,16.216035809143207,61.91753629799817,10.954479079472067,2,2,2,654,13,0.799537037037037,12.553553153546142,0.9188243526941917,ELECTRE-III,1
1747,0950,0,0,"[18.240085065316165, 78.96858446655808]","[np.float64(17.73778874401928), np.float64(77.62397099064269)]",2026-06-14 04:51:20,442.4505994746838,1,7.763308896828563,152.779938616137,12.415288194384196,61.790658703976014,0.9581581286931673,4,4,3,844,3,0.799537037037037,0.0,0.13750874737578728,ELECTRE-III,1
1748,0123,0,0,"[17.638960116463345, 78.83155721142928]","[np.float64(16.80390824277828), np.float64(82.23888283903709)]",2026-06-14 04:51:30,853.9685521716804,2,4.364687457112764,373.60562893371457,28.29520786507424,65.73718981773357,7.83453777215108,2,2,2,1342,8,0.7996527777777778,0.6376627721510797,0.5290412876137159,ELECTRE-III,1
1749,0746,0,0,"[17.638960116463345, 78.83155721142928]","[np.float64(17.44335053413444), np.float64(76.83479555317345)]",2026-06-14 04:51:30,304.43608280721816,1,5.5970589765313665,212.81915257923822,17.04846394247288,61.02406559229046,9.332698247540531,1,1,1,946,5,0.7996527777777778,5.334434358651642,0.2722183344996501,ELECTRE-III,1
1750,0779,0,0,"[17.638960116463345, 78.83155721142928]","[np.float64(17.39103690109519), np.float64(79.45515424972086)]",2026-06-14 04:51:30,525.9796380076433,1,5.851325021257269,71.64245626188259,5.893835284104394,63.3987379515963,2.9581581286931673,2,2,2,668,14,0.7996527777777778,0.0,1.0,ELECTRE-III,1
1751,0814,0,0,"[17.638960116463345, 78.83155721142928]","[np.float64(17.40919319602953), np.float64(79.62608259559241)]",2026-06-14 04:51:30,745.0599482185825,2,5.18201209272023,88.03584852114011,7.229517261505795,63.55976649146853,0.0,1,1,1,822,4,0.7996527777777778,0.0,0.18754373687893633,ELECTRE-III,1
1752,0850,0,0,"[17.638960116463345, 78.83155721142928]","[np.float64(14.23205713145524), np.float64(78.1642658125473)]",2026-06-14 04:51:30,655.2218620925537,1,7.473213728149594,385.4886607596785,29.05038371068859,61.150232846638936,6.209077890998443,2,2,2,631,3,0.7996527777777778,12.606300113220666,0.13750874737578728,ELECTRE-III,1
1753,0931,0,0,"[17.638960116463345, 78.83155721142928]","[np.float64(19.20901148707504), np.float64(77.34785769653445)]",2026-06-14 04:51:30,384.89628789129546,1,2.5673658516048077,234.47047538288936,18.667730564066872,61.955758036593565,13.954479079472067,2,2,2,654,13,0.7996527777777778,13.154826301694289,0.9188243526941917,ELECTRE-III,1
1754,0950,0,0,"[17.638960116463345, 78.83155721142928]","[np.float64(17.73778874401928), np.float64(77.62397099064269)]",2026-06-14 04:51:30,442.4505994746838,1,7.763308896828563,128.40031456028782,10.4820415191648,61.82872334822049,2.9581581286931673,4,4,3,844,3,0.7996527777777778,0.0,0.13750874737578728,ELECTRE-III,1
1755,0123,0,0,"[17.037801016664673, 78.69516516389331]","[np.float64(16.80390824277828), np.float64(82.23888283903709)]",2026-06-14 04:51:40,853.9685521716804,2,4.364687457112764,377.87555953037673,28.56781823111777,65.77476951854698,4.83453777215108,2,2,2,1342,8,0.7997685185185185,3.235000735114043,0.5290412876137159,ELECTRE-III,1
1756,0746,0,0,"[17.037801016664673, 78.69516516389331]","[np.float64(17.44335053413444), np.float64(76.83479555317345)]",2026-06-14 04:51:40,304.43608280721816,1,5.5970589765313665,202.649160203872,16.27789265387774,61.062123406345776,14.332698247540531,1,1,1,946,5,0.7997685185185185,14.332698247540531,0.2722183344996501,ELECTRE-III,1
1757,0779,0,0,"[17.037801016664673, 78.69516516389331]","[np.float64(17.39103690109519), np.float64(79.45515424972086)]",2026-06-14 04:51:40,525.9796380076433,1,5.851325021257269,89.77019888615085,7.370391237204367,63.436665992057385,7.958158128693167,2,2,2,668,14,0.7997685185185185,11.157232202767242,1.0,ELECTRE-III,1
1758,0814,0,0,"[17.037801016664673, 78.69516516389331]","[np.float64(17.40919319602953), np.float64(79.62608259559241)]",2026-06-14 04:51:40,745.0599482185825,2,5.18201209272023,107.14928473346492,8.77681104644437,63.59768770174044,1.9618371779142674,1,1,1,822,4,0.7997685185185185,8.359985326062414,0.18754373687893633,ELECTRE-III,1
1759,0850,0,0,"[17.037801016664673, 78.69516516389331]","[np.float64(14.23205713145524), np.float64(78.1642658125473)]",2026-06-14 04:51:40,655.2218620925537,1,7.473213728149594,317.1208155981749,24.557861117600474,61.187505188939696,2.2090778909984428,2,2,2,631,3,0.7997685185185185,5.408151965072516,0.13750874737578728,ELECTRE-III,1
1760,0931,0,0,"[17.037801016664673, 78.69516516389331]","[np.float64(19.20901148707504), np.float64(77.34785769653445)]",2026-06-14 04:51:40,384.89628789129546,1,2.5673658516048077,280.2795792706709,21.991864472339582,61.993979775188954,11.954479079472067,2,2,2,654,13,0.7997685185185185,9.555173523916512,0.9188243526941917,ELECTRE-III,1
1761,0950,0,0,"[17.037801016664673, 78.69516516389331]","[np.float64(17.73778874401928), np.float64(77.62397099064269)]",2026-06-14 04:51:40,442.4505994746838,1,7.763308896828563,137.7629410344227,11.227583575422075,61.86679482265415,8.958158128693167,4,4,3,844,3,0.7997685185185185,12.157232202767242,0.13750874737578728,ELECTRE-III,1
1762,0123,0,0,"[16.43660776592015, 78.55938100319345]","[np.float64(16.80390824277828), np.float64(82.23888283903709)]",2026-06-14 04:51:50,853.9685521716804,2,4.364687457112764,394.1644577750507,29.59485581067824,65.81234238917122,3.83453777215108,2,2,2,1342,8,0.7998842592592592,0.0,0.5290412876137159,ELECTRE-III,1
1763,0746,0,0,"[16.43660776592015, 78.55938100319345]","[np.float64(17.44335053413444), np.float64(76.83479555317345)]",2026-06-14 04:51:50,304.43608280721816,1,5.5970589765313665,214.90073950325657,17.20541322288618,61.10017439021191,7.332698247540531,1,1,1,946,5,0.7998842592592592,0.9336241734664572,0.2722183344996501,ELECTRE-III,1
1764,0779,0,0,"[16.43660776592015, 78.55938100319345]","[np.float64(17.39103690109519), np.float64(79.45515424972086)]",2026-06-14 04:51:50,525.9796380076433,1,5.851325021257269,142.63361177856294,11.613931907193258,63.474587202329296,10.958158128693167,2,2,2,668,14,0.7998842592592592,8.55850535091539,1.0,ELECTRE-III,1
1765,0814,0,0,"[16.43660776592015, 78.55938100319345]","[np.float64(17.40919319602953), np.float64(79.62608259559241)]",2026-06-14 04:51:50,745.0599482185825,2,5.18201209272023,156.75469163855345,12.727891657643935,63.63560891201235,5.961837177914267,1,1,1,822,4,0.7998842592592592,0.0,0.18754373687893633,ELECTRE-III,1
1766,0850,0,0,"[16.43660776592015, 78.55938100319345]","[np.float64(14.23205713145524), np.float64(78.1642658125473)]",2026-06-14 04:51:50,655.2218620925537,1,7.473213728149594,248.7695134022058,19.72059956805482,61.22477070105129,0.0,2,2,2,631,3,0.7998842592592592,0.0,0.13750874737578728,ELECTRE-III,1
1767,0931,0,0,"[16.43660776592015, 78.55938100319345]","[np.float64(19.20901148707504), np.float64(77.34785769653445)]",2026-06-14 04:51:50,384.89628789129546,1,2.5673658516048077,333.88463488762585,25.692290097305165,62.032201513784344,6.954479079472067,2,2,2,654,13,0.7998842592592592,8.554247597990585,0.9188243526941917,ELECTRE-III,1
1768,0950,0,0,"[16.43660776592015, 78.55938100319345]","[np.float64(17.73778874401928), np.float64(77.62397099064269)]",2026-06-14 04:51:50,442.4505994746838,1,7.763308896828563,175.55011665907784,14.195431318635412,61.90485946689863,5.958158128693167,4,4,3,844,3,0.7998842592592592,0.0,0.13750874737578728,ELECTRE-III,1
1769,0443,0,0,"[15.835380364229778, 78.42417740857304]","[np.float64(12.84586547950183), np.float64(77.27338702512498)]",2026-06-14 04:52:00,144.37614447811399,1,5.006708703986519,354.77911668891807,27.076531617119215,59.91436475783849,7.703559317166793,1,1,1,1199,6,0.8,11.703559317166793,0.37508747375787266,ELECTRE-III,1
1770,0746,0,0,"[15.835380364229778, 78.42417740857304]","[np.float64(17.44335053413444), np.float64(76.83479555317345)]",2026-06-14 04:52:00,304.43608280721816,1,5.5970589765313665,246.2505081752934,19.53610085832762,61.138232204267226,5.332698247540531,1,1,1,946,5,0.8,2.1326982475405307,0.2722183344996501,ELECTRE-III,1
1771,0779,0,0,"[15.835380364229778, 78.42417740857304]","[np.float64(17.39103690109519), np.float64(79.45515424972086)]",2026-06-14 04:52:00,525.9796380076433,1,5.851325021257269,204.91342684454608,16.449989360952546,63.51251524279038,8.958158128693167,2,2,2,668,14,0.8,13.758158128693168,1.0,ELECTRE-III,1
1772,0814,0,0,"[15.835380364229778, 78.42417740857304]","[np.float64(17.40919319602953), np.float64(79.62608259559241)]",2026-06-14 04:52:00,745.0599482185825,2,5.18201209272023,216.84872216624285,17.352048162516283,63.67352329209509,2.9618371779142674,1,1,1,822,4,0.8,4.561837177914267,0.18754373687893633,ELECTRE-III,1
1773,0850,0,0,"[15.835380364229778, 78.42417740857304]","[np.float64(14.23205713145524), np.float64(78.1642658125473)]",2026-06-14 04:52:00,655.2218620925537,1,7.473213728149594,180.4531860461364,14.575235885732935,61.26203621316288,1.2090778909984428,2,2,2,631,3,0.8,6.0090778909984435,0.13750874737578728,ELECTRE-III,1
1774,0911,0,0,"[15.835380364229778, 78.42417740857304]","[np.float64(12.6703914164964), np.float64(76.73416482409996)]",2026-06-14 04:52:00,260.92298791095243,1,6.424128860149167,396.25636010911586,29.7252686711238,59.36321630314265,7.456318604082618,1,1,1,566,5,0.8,4.256318604082618,0.2722183344996501,ELECTRE-III,1
1775,0931,0,0,"[15.835380364229778, 78.42417740857304]","[np.float64(19.20901148707504), np.float64(77.34785769653445)]",2026-06-14 04:52:00,384.89628789129546,1,2.5673658516048077,392.10171597023,29.46592984746533,62.07042325237973,13.954479079472067,2,2,2,654,13,0.8,18.75447907947207,0.9188243526941917,ELECTRE-III,1
1776,0950,0,0,"[15.835380364229778, 78.42417740857304]","[np.float64(17.73778874401928), np.float64(77.62397099064269)]",2026-06-14 04:52:00,442.4505994746838,1,7.763308896828563,228.04505922442877,18.190274266923833,61.94292411114311,6.958158128693167,4,4,3,844,3,0.8,0.0,0.13750874737578728,ELECTRE-III,1
1777,0991,0,0,"[15.835380364229778, 78.42417740857304]","[np.float64(12.86945853410859), np.float64(77.64814311235988)]",2026-06-14 04:52:00,288.15815179319446,1,5.957443651230911,340.2236084632333,26.115745109500523,60.25637965033771,4.336377296761629,1,1,1,949,12,0.8,9.13637729676163,0.8369489153254024,ELECTRE-III,1
1778,0408,0,0,"[15.234123934235432, 78.28953388946458]","[np.float64(13.87597420978777), np.float64(75.20111858554544)]",2026-06-14 04:52:10,167.0247286958963,1,3.959803161685959,365.08296580038416,27.746889911177583,58.506136845332776,15.707238366387893,1,1,1,1045,7,0.8001157407407408,9.306312440461966,0.4688593421973408,ELECTRE-III,1
1779,0443,0,0,"[15.234123934235432, 78.28953388946458]","[np.float64(12.84586547950183), np.float64(77.27338702512498)]",2026-06-14 04:52:10,144.37614447811399,1,5.006708703986519,287.29233383497586,22.48788695556726,59.951309251059094,10.703559317166793,1,1,1,1199,6,0.8001157407407408,10.703559317166793,0.37508747375787266,ELECTRE-III,1
1780,0447,1,0,"[15.234123934235432, 78.28953388946458]","[np.float64(13.65081366225565), np.float64(75.1479098617938)]",2026-06-14 04:52:10,877.606557276216,1,2.340507093038143,381.35016617461764,28.7886148604959,58.37321453389515,16.456318604082618,1,1,1,605,10,0.8001157407407408,20.45689730778632,0.655703289013296,ELECTRE-III,1
1781,0746,0,0,"[15.234123934235432, 78.28953388946458]","[np.float64(17.44335053413444), np.float64(76.83479555317345)]",2026-06-14 04:52:10,304.43608280721816,1,5.5970589765313665,290.5822635722641,22.719374260410365,61.17628318813337,13.332698247540531,1,1,1,946,5,0.8001157407407408,11.73246676605905,0.2722183344996501,ELECTRE-III,1
1782,0779,0,0,"[15.234123934235432, 78.28953388946458]","[np.float64(17.39103690109519), np.float64(79.45515424972086)]",2026-06-14 04:52:10,525.9796380076433,1,5.851325021257269,270.17354709626284,21.270916440364157,63.55042962287312,8.958158128693167,2,2,2,668,14,0.8001157407407408,0.957000721285759,1.0,ELECTRE-III,1
1783,0814,0,0,"[15.234123934235432, 78.28953388946458]","[np.float64(17.40919319602953), np.float64(79.62608259559241)]",2026-06-14 04:52:10,745.0599482185825,2,5.18201209272023,280.7747825856877,22.027005997165976,63.71143767217783,4.961837177914267,1,1,1,822,4,0.8001157407407408,8.962415881617972,0.18754373687893633,ELECTRE-III,1
1784,0850,0,0,"[15.234123934235432, 78.28953388946458]","[np.float64(14.23205713145524), np.float64(78.1642658125473)]",2026-06-14 04:52:10,655.2218620925537,1,7.473213728149594,112.23625477409726,9.186547072233116,61.299288064896125,5.209077890998443,2,2,2,631,3,0.8001157407407408,11.610003816924369,0.13750874737578728,ELECTRE-III,1
1785,0911,0,0,"[15.234123934235432, 78.28953388946458]","[np.float64(12.6703914164964), np.float64(76.73416482409996)]",2026-06-14 04:52:10,260.92298791095243,1,6.424128860149167,330.8086163491635,25.485712618206616,59.40018128693076,7.456318604082618,1,1,1,566,5,0.8001157407407408,5.856087122601137,0.2722183344996501,ELECTRE-III,1
1786,0943,0,0,"[15.234123934235432, 78.28953388946458]","[np.float64(11.99003758206099), np.float64(78.10334361938055)]",2026-06-14 04:52:10,982.0998191743624,2,7.712239547275045,361.28705816425594,27.500878531684474,60.31662874900639,6.209077890998443,3,3,3,992,3,0.8001157407407408,8.609425113220665,0.13750874737578728,ELECTRE-III,1
1787,0950,0,0,"[15.234123934235432, 78.28953388946458]","[np.float64(17.73778874401928), np.float64(77.62397099064269)]",2026-06-14 04:52:10,442.4505994746838,1,7.763308896828563,287.29582003511297,22.488132664778604,61.98098875538759,2.9581581286931673,4,4,3,844,3,0.8001157407407408,9.359084054619093,0.13750874737578728,ELECTRE-III,1
1788,0991,0,0,"[15.234123934235432, 78.28953388946458]","[np.float64(12.86945853410859), np.float64(77.64814311235988)]",2026-06-14 04:52:10,288.15815179319446,1,5.957443651230911,271.88750010050177,21.393692798078597,60.293283162423286,5.336377296761629,1,1,1,949,12,0.8001157407407408,3.736145815280148,0.8369489153254024,ELECTRE-III,1
1789,0408,0,0,"[14.632840183484408, 78.15542312511138]","[np.float64(13.87597420978777), np.float64(75.20111858554544)]",2026-06-14 04:52:20,167.0247286958963,1,3.959803161685959,329.3205600942809,25.385522777248333,58.54360043293029,9.707238366387893,1,1,1,1045,7,0.8002314814814815,9.707238366387893,0.4688593421973408,ELECTRE-III,1
1790,0443,0,0,"[14.632840183484408, 78.15542312511138]","[np.float64(12.84586547950183), np.float64(77.27338702512498)]",2026-06-14 04:52:20,144.37614447811399,1,5.006708703986519,220.36020784184365,17.615783857331202,59.98825374427969,10.703559317166793,1,1,1,1199,6,0.8002314814814815,13.104253761611236,0.37508747375787266,ELECTRE-III,1
1791,0447,1,0,"[14.632840183484408, 78.15542312511138]","[np.float64(13.65081366225565), np.float64(75.1479098617938)]",2026-06-14 04:52:20,877.606557276216,1,2.340507093038143,342.170415568756,26.245184501007977,58.41063714035766,15.456318604082618,1,1,1,605,10,0.8002314814814815,13.055624159638175,0.655703289013296,ELECTRE-III,1
1792,0746,0,0,"[14.632840183484408, 78.15542312511138]","[np.float64(17.44335053413444), np.float64(76.83479555317345)]",2026-06-14 04:52:20,304.43608280721816,1,5.5970589765313665,342.89750457150154,26.2934534512527,61.21433417199951,6.332698247540531,1,1,1,946,5,0.8002314814814815,12.734550099392383,0.2722183344996501,ELECTRE-III,1
1793,0779,0,0,"[14.632840183484408, 78.15542312511138]","[np.float64(17.39103690109519), np.float64(79.45515424972086)]",2026-06-14 04:52:20,525.9796380076433,1,5.851325021257269,336.6849843338412,25.879733355099376,63.58835083314503,2.9581581286931673,2,2,2,668,14,0.8002314814814815,0.5574636842487228,1.0,ELECTRE-III,1
1794,0814,0,0,"[14.632840183484408, 78.15542312511138]","[np.float64(17.40919319602953), np.float64(79.62608259559241)]",2026-06-14 04:52:20,745.0599482185825,2,5.18201209272023,346.41747910626424,26.52656449890334,63.7493452220714,1.9618371779142674,1,1,1,822,4,0.8002314814814815,0.0,0.18754373687893633,ELECTRE-III,1
1795,0850,0,0,"[14.632840183484408, 78.15542312511138]","[np.float64(14.23205713145524), np.float64(78.1642658125473)]",2026-06-14 04:52:20,655.2218620925537,1,7.473213728149594,44.57527712243889,3.675031463916248,61.33653991662938,5.209077890998443,2,2,2,631,3,0.8002314814814815,2.8083834465539983,0.13750874737578728,ELECTRE-III,1
1796,0911,0,0,"[14.632840183484408, 78.15542312511138]","[np.float64(12.6703914164964), np.float64(76.73416482409996)]",2026-06-14 04:52:20,260.92298791095243,1,6.424128860149167,266.83192212741955,21.030954907303474,59.43714627071887,8.456318604082618,1,1,1,566,5,0.8002314814814815,11.657244530008544,0.2722183344996501,ELECTRE-III,1
1797,0943,0,0,"[14.632840183484408, 78.15542312511138]","[np.float64(11.99003758206099), np.float64(78.10334361938055)]",2026-06-14 04:52:20,982.0998191743624,2,7.712239547275045,293.9206745995721,22.953474915829865,60.35314977049845,3.2090778909984428,3,3,3,992,3,0.8002314814814815,8.01046677988733,0.13750874737578728,ELECTRE-III,1
1798,0950,0,0,"[14.632840183484408, 78.15542312511138]","[np.float64(17.73778874401928), np.float64(77.62397099064269)]",2026-06-14 04:52:20,442.4505994746838,1,7.763308896828563,349.8869808257581,26.755410170562435,62.0190465694429,1.9581581286931673,4,4,3,844,3,0.8002314814814815,0.0,0.13750874737578728,ELECTRE-III,1
1799,0991,0,0,"[14.632840183484408, 78.15542312511138]","[np.float64(12.86945853410859), np.float64(77.64814311235988)]",2026-06-14 04:52:20,288.15815179319446,1,5.957443651230911,203.5898129365994,16.349424283271546,60.330179844319694,9.33637729676163,1,1,1,949,12,0.8002314814814815,12.537303222687555,0.8369489153254024,ELECTRE-III,1
1800,0097,1,0,"[14.031529111976702, 78.02181096456759]","[np.float64(10.63195197898269), np.float64(78.9167914142179)]",2026-06-14 04:52:30,163.34265090312317,1,3.235592901874072,390.31410121011135,29.353934116149173,60.466688005071575,0.20907789099844276,4,4,3,1073,13,0.8003472222222222,0.0,0.9188243526941917,ELECTRE-III,1
1801,0249,0,0,"[14.031529111976702, 78.02181096456759]","[np.float64(10.55117857150735), np.float64(78.24214783314801)]",2026-06-14 04:52:30,161.85731449141215,1,4.611182549811169,387.73730105045206,29.192060936345527,59.846752715244534,2.332698247540531,2,2,2,1054,11,0.8003472222222222,8.73547602531831,0.7655703289013296,ELECTRE-III,1
1802,0408,0,0,"[14.031529111976702, 78.02181096456759]","[np.float64(13.87597420978777), np.float64(75.20111858554544)]",2026-06-14 04:52:30,167.0247286958963,1,3.959803161685959,304.8807682340769,23.716338619945137,58.58107085071698,9.707238366387893,1,1,1,1045,7,0.8003472222222222,12.108280033054559,0.4688593421973408,ELECTRE-III,1
1803,0443,0,0,"[14.031529111976702, 78.02181096456759]","[np.float64(12.84586547950183), np.float64(77.27338702512498)]",2026-06-14 04:52:30,144.37614447811399,1,5.006708703986519,154.70348982203413,12.566665219024811,60.02519140731112,13.703559317166793,1,1,1,1199,6,0.8003472222222222,8.101128761611237,0.37508747375787266,ELECTRE-III,1
1804,0447,1,0,"[14.031529111976702, 78.02181096456759]","[np.float64(13.65081366225565), np.float64(75.1479098617938)]",2026-06-14 04:52:30,877.606557276216,1,2.340507093038143,313.156454998298,24.286518872001356,58.448052916630985,10.456318604082618,1,1,1,605,10,0.8003472222222222,10.456318604082618,0.655703289013296,ELECTRE-III,1
1805,0746,0,0,"[14.031529111976702, 78.02181096456759]","[np.float64(17.44335053413444), np.float64(76.83479555317345)]",2026-06-14 04:52:30,304.43608280721816,1,5.5970589765313665,400.07669436637264,29.962562468971036,61.252385155865646,14.332698247540531,1,1,1,946,5,0.8003472222222222,14.332698247540531,0.2722183344996501,ELECTRE-III,1
1806,0779,0,0,"[14.031529111976702, 78.02181096456759]","[np.float64(17.39103690109519), np.float64(79.45515424972086)]",2026-06-14 04:52:30,525.9796380076433,1,5.851325021257269,403.8300875123425,30.1946000985696,63.62626521322777,2.9581581286931673,2,2,2,668,14,0.8003472222222222,7.7602414620265,1.0,ELECTRE-III,1
1807,0850,0,0,"[14.031529111976702, 78.02181096456759]","[np.float64(14.23205713145524), np.float64(78.1642658125473)]",2026-06-14 04:52:30,655.2218620925537,1,7.473213728149594,27.076663311090982,2.2342825365710084,61.37378493817346,5.209077890998443,2,2,2,631,3,0.8003472222222222,0.0,0.13750874737578728,ELECTRE-III,1
1808,0894,0,0,"[14.031529111976702, 78.02181096456759]","[np.float64(10.66575478290597), np.float64(79.16246012099437)]",2026-06-14 04:52:30,114.83166806683185,1,6.166857376499981,394.2269671896373,29.59875765734956,60.694194776135525,12.078099436014156,4,4,3,1454,6,0.8003472222222222,15.279488324903046,0.37508747375787266,ELECTRE-III,1
1809,0911,0,0,"[14.031529111976702, 78.02181096456759]","[np.float64(12.6703914164964), np.float64(76.73416482409996)]",2026-06-14 04:52:30,260.92298791095243,1,6.424128860149167,205.70276789778617,16.509912106703727,59.47410442431781,13.456318604082618,1,1,1,566,5,0.8003472222222222,7.853888048527063,0.2722183344996501,ELECTRE-III,1
1810,0926,0,0,"[14.031529111976702, 78.02181096456759]","[np.float64(11.64931035885412), np.float64(75.3454645023892)]",2026-06-14 04:52:30,463.7734990016038,1,6.561606657943772,392.86399329607474,29.513612167877334,57.81281800306312,9.459997653303718,3,3,3,1248,5,0.8003472222222222,7.859303208859274,0.2722183344996501,ELECTRE-III,1
1811,0943,0,0,"[14.031529111976702, 78.02181096456759]","[np.float64(11.99003758206099), np.float64(78.10334361938055)]",2026-06-14 04:52:30,982.0998191743624,2,7.712239547275045,227.17559806480415,18.125463870894976,60.38967079199051,9.209077890998444,3,3,3,992,3,0.8003472222222222,4.406994557665111,0.13750874737578728,ELECTRE-III,1
1812,0991,0,0,"[14.031529111976702, 78.02181096456759]","[np.float64(12.86945853410859), np.float64(77.64814311235988)]",2026-06-14 04:52:30,288.15815179319446,1,5.957443651230911,135.387756241127,11.038802543001271,60.36706969602694,10.33637729676163,1,1,1,949,12,0.8003472222222222,17.53950229676163,0.8369489153254024,ELECTRE-III,1
1813,0097,1,0,"[13.430193281033256, 77.88869057764404]","[np.float64(10.63195197898269), np.float64(78.9167914142179)]",2026-06-14 04:52:40,163.34265090312317,1,3.235592901874072,330.6252989652638,25.47337898184203,60.50250551707912,0.0,4,4,3,1073,13,0.8004629629629629,0.0,0.9188243526941917,ELECTRE-III,1
1814,0249,0,0,"[13.430193281033256, 77.88869057764404]","[np.float64(10.55117857150735), np.float64(78.24214783314801)]",2026-06-14 04:52:40,161.85731449141215,1,4.611182549811169,322.4319404425534,24.919549759863127,59.88268634046797,4.332698247540531,2,2,2,1054,11,0.8004629629629629,10.736401951244234,0.7655703289013296,ELECTRE-III,1
1815,0408,0,0,"[13.430193281033256, 77.88869057764404]","[np.float64(13.87597420978777), np.float64(75.20111858554544)]",2026-06-14 04:52:40,167.0247286958963,1,3.959803161685959,294.5980242431481,23.000874550396333,58.618534438314505,13.707238366387893,1,1,1,1045,7,0.8004629629629629,12.106312440461966,0.4688593421973408,ELECTRE-III,1
1816,0443,0,0,"[13.430193281033256, 77.88869057764404]","[np.float64(12.84586547950183), np.float64(77.27338702512498)]",2026-06-14 04:52:40,144.37614447811399,1,5.006708703986519,93.0639502813462,7.637680937918708,60.06212907034255,11.703559317166793,1,1,1,1199,6,0.8004629629629629,16.50633709494457,0.37508747375787266,ELECTRE-III,1
1817,0447,1,0,"[13.430193281033256, 77.88869057764404]","[np.float64(13.65081366225565), np.float64(75.1479098617938)]",2026-06-14 04:52:40,877.606557276216,1,2.340507093038143,297.30248248699223,23.189795494000446,58.48546186271514,13.456318604082618,1,1,1,605,10,0.8004629629629629,7.052614900378915,0.655703289013296,ELECTRE-III,1
1817,0447,1,0,"[13.430193281033256, 77.88869057764404]","[np.float64(13.65081366225565), np.float64(75.1479098617938)]",2026-06-14 04:52:40,877.606557276216,1,2.340507093038143,297.30248248699223,23.189795494000446,58.48546186271514,13.456318604082618,1,1,1,605,10,0.8004629629629629,7.052614900378915,0.655703289013296,ELECTRE-III,1
1818,0630,0,0,"[13.430193281033256, 77.88869057764404]","[np.float64(10.3828610022561), np.float64(76.32792630536534)]",2026-06-14 04:52:40,440.4705334683021,1,3.9151262607430457,379.008884317243,28.63993853890584,58.14475836653657,10.958158128693167,2,2,2,1171,12,0.8004629629629629,5.354917387952427,0.8369489153254024,ELECTRE-III,1
1819,0850,0,0,"[13.430193281033256, 77.88869057764404]","[np.float64(14.23205713145524), np.float64(78.1642658125473)]",2026-06-14 04:52:40,655.2218620925537,1,7.473213728149594,93.99674180643945,7.713317261114673,61.41102995971754,6.209077890998443,2,2,2,631,3,0.8004629629629629,1.4063001132206656,0.13750874737578728,ELECTRE-III,1
1820,0894,0,0,"[13.430193281033256, 77.88869057764404]","[np.float64(10.66575478290597), np.float64(79.16246012099437)]",2026-06-14 04:52:40,114.83166806683185,1,6.166857376499981,337.15359201521926,25.911042025328303,60.729964476818886,9.078099436014156,4,4,3,1454,6,0.8004629629629629,8.277636473051194,0.37508747375787266,ELECTRE-III,1
1821,0911,0,0,"[13.430193281033256, 77.88869057764404]","[np.float64(12.6703914164964), np.float64(76.73416482409996)]",2026-06-14 04:52:40,260.92298791095243,1,6.424128860149167,150.92416800518376,12.269078169216211,59.51105574772758,14.456318604082618,1,1,1,566,5,0.8004629629629629,16.057244530008543,0.2722183344996501,ELECTRE-III,1
1822,0926,0,0,"[13.430193281033256, 77.88869057764404]","[np.float64(11.64931035885412), np.float64(75.3454645023892)]",2026-06-14 04:52:40,463.7734990016038,1,6.561606657943772,339.7191863605134,26.082160185299387,57.849653213257,7.459997653303718,3,3,3,1248,5,0.8004629629629629,11.462312468118533,0.2722183344996501,ELECTRE-III,1
1823,0943,0,0,"[13.430193281033256, 77.88869057764404]","[np.float64(11.99003758206099), np.float64(78.10334361938055)]",2026-06-14 04:52:40,982.0998191743624,2,7.712239547275045,161.82194417637788,13.12530067360067,60.426178153104225,7.209077890998443,3,3,3,992,3,0.8004629629629629,4.807689002109554,0.13750874737578728,ELECTRE-III,1
1824,0991,0,0,"[13.430193281033256, 77.88869057764404]","[np.float64(12.86945853410859), np.float64(77.64814311235988)]",2026-06-14 04:52:40,288.15815179319446,1,5.957443651230911,67.57252105371978,5.561173929794511,60.403959547734175,12.33637729676163,1,1,1,949,12,0.8004629629629629,9.93498840787274,0.8369489153254024,ELECTRE-III,1
1825,0097,1,0,"[12.82883439820136, 77.7560278133949]","[np.float64(10.63195197898269), np.float64(78.9167914142179)]",2026-06-14 04:52:50,163.34265090312317,1,3.235592901874072,275.0318222832401,21.618395911463153,60.5383161988975,0.0,4,4,3,1073,13,0.8005787037037037,0.8005787037037037,0.9188243526941917,ELECTRE-III,1
1826,0249,0,0,"[12.82883439820136, 77.7560278133949]","[np.float64(10.55117857150735), np.float64(78.24214783314801)]",2026-06-14 04:52:50,161.85731449141215,1,4.611182549811169,258.73577714529716,20.44636679939086,59.91861313550224,9.332698247540531,2,2,2,1054,11,0.8005787037037037,10.133276951244234,0.7655703289013296,ELECTRE-III,1
1827,0408,0,0,"[12.82883439820136, 77.7560278133949]","[np.float64(13.87597420978777), np.float64(75.20111858554544)]",2026-06-14 04:52:50,167.0247286958963,1,3.959803161685959,299.93153854219264,23.372939050135976,58.655991195722855,7.707238366387893,1,1,1,1045,7,0.8005787037037037,0.5020300330545595,0.4688593421973408,ELECTRE-III,1
1828,0443,0,0,"[12.82883439820136, 77.7560278133949]","[np.float64(12.84586547950183), np.float64(77.27338702512498)]",2026-06-14 04:52:50,144.37614447811399,1,5.006708703986519,52.3601048757501,4.314611147784924,60.09905307299564,7.703559317166793,1,1,1,1199,6,0.8005787037037037,8.504138020870496,0.37508747375787266,ELECTRE-III,1
1829,0447,1,0,"[12.82883439820136, 77.7560278133949]","[np.float64(13.65081366225565), np.float64(75.1479098617938)]",2026-06-14 04:52:50,877.606557276216,1,2.340507093038143,296.72503027665516,23.149501977281286,58.522870808799304,9.456318604082618,1,1,1,605,10,0.8005787037037037,15.060369530008543,0.655703289013296,ELECTRE-III,1
1829,0447,1,0,"[12.82883439820136, 77.7560278133949]","[np.float64(13.65081366225565), np.float64(75.1479098617938)]",2026-06-14 04:52:50,877.606557276216,1,2.340507093038143,296.72503027665516,23.149501977281286,58.522870808799304,9.456318604082618,1,1,1,605,10,0.8005787037037037,15.060369530008543,0.655703289013296,ELECTRE-III,1
1830,0630,0,0,"[12.82883439820136, 77.7560278133949]","[np.float64(10.3828610022561), np.float64(76.32792630536534)]",2026-06-14 04:52:50,440.4705334683021,1,3.9151262607430457,313.3132991863265,24.297276294130683,58.18099935027266,6.958158128693167,2,2,2,1171,12,0.8005787037037037,2.955264610174649,0.8369489153254024,ELECTRE-III,1
1831,0850,0,0,"[12.82883439820136, 77.7560278133949]","[np.float64(14.23205713145524), np.float64(78.1642658125473)]",2026-06-14 04:52:50,655.2218620925537,1,7.473213728149594,162.15279989255785,13.151204452625512,61.44826815107245,5.209077890998443,2,2,2,631,3,0.8005787037037037,8.411392705813258,0.13750874737578728,ELECTRE-III,1
1832,0894,0,0,"[12.82883439820136, 77.7560278133949]","[np.float64(10.66575478290597), np.float64(79.16246012099437)]",2026-06-14 04:52:50,114.83166806683185,1,6.166857376499981,285.1176033802023,22.33444097751721,60.76573417750224,7.078099436014156,4,4,3,1454,6,0.8005787037037037,3.075205917495638,0.37508747375787266,ELECTRE-III,1
1833,0911,0,0,"[12.82883439820136, 77.7560278133949]","[np.float64(12.6703914164964), np.float64(76.73416482409996)]",2026-06-14 04:52:50,260.92298791095243,1,6.424128860149167,112.21610156653173,9.184925648414024,59.54800024094818,7.456318604082618,1,1,1,566,5,0.8005787037037037,0.0,0.2722183344996501,ELECTRE-III,1
1834,0926,0,0,"[12.82883439820136, 77.7560278133949]","[np.float64(11.64931035885412), np.float64(75.3454645023892)]",2026-06-14 04:52:50,463.7734990016038,1,6.561606657943772,292.9455982427992,22.885182579218984,57.886474763072535,6.459997653303718,3,3,3,1248,5,0.8005787037037037,8.86173376441483,0.2722183344996501,ELECTRE-III,1
1835,0943,0,0,"[12.82883439820136, 77.7560278133949]","[np.float64(11.99003758206099), np.float64(78.10334361938055)]",2026-06-14 04:52:50,982.0998191743624,2,7.712239547275045,100.60760969098146,8.248576769200962,60.46267868402877,3.2090778909984428,3,3,3,992,3,0.8005787037037037,0.006763076183628147,0.13750874737578728,ELECTRE-III,1
1836,0991,0,0,"[12.82883439820136, 77.7560278133949]","[np.float64(12.86945853410859), np.float64(77.64814311235988)]",2026-06-14 04:52:50,288.15815179319446,1,5.957443651230911,12.537863769007048,1.034997894869813,60.440835739063075,9.33637729676163,1,1,1,949,12,0.8005787037037037,8.535798593057926,0.8369489153254024,ELECTRE-III,1
1837,0097,1,0,"[12.227455024801955, 77.62379535106344]","[np.float64(10.63195197898269), np.float64(78.9167914142179)]",2026-06-14 04:53:00,163.34265090312317,1,3.235592901874072,226.56792209511656,18.080138649759466,60.57411322033753,3.2090778909984428,4,4,3,1073,13,0.8006944444444445,6.411855668776221,0.9188243526941917,ELECTRE-III,1
1837,0097,1,0,"[12.227455024801955, 77.62379535106344]","[np.float64(10.63195197898269), np.float64(78.9167914142179)]",2026-06-14 04:53:00,163.34265090312317,1,3.235592901874072,226.56792209511656,18.080138649759466,60.57411322033753,3.2090778909984428,4,4,3,1073,13,0.8006944444444445,6.411855668776221,0.9188243526941917,ELECTRE-III,1
1838,0249,0,0,"[12.227455024801955, 77.62379535106344]","[np.float64(10.55117857150735), np.float64(78.24214783314801)]",2026-06-14 04:53:00,161.85731449141215,1,4.611182549811169,198.20574110663026,15.93929152949372,59.95452627015817,3.332698247540531,2,2,2,1054,11,0.8006944444444445,0.0,0.7655703289013296,ELECTRE-III,1
1839,0408,0,0,"[12.227455024801955, 77.62379535106344]","[np.float64(13.87597420978777), np.float64(75.20111858554544)]",2026-06-14 04:53:00,167.0247286958963,1,3.959803161685959,320.10196350388736,24.76113695631371,58.69344112294203,14.707238366387893,1,1,1,1045,7,0.8006944444444445,21.913488366387895,0.4688593421973408,ELECTRE-III,1
1840,0443,0,0,"[12.227455024801955, 77.62379535106344]","[np.float64(12.84586547950183), np.float64(77.27338702512498)]",2026-06-14 04:53:00,144.37614447811399,1,5.006708703986519,78.58203613186153,6.460120469888016,60.13597024545955,15.703559317166793,1,1,1,1199,6,0.8006944444444445,10.899392650500126,0.37508747375787266,ELECTRE-III,1
1841,0447,1,0,"[12.227455024801955, 77.62379535106344]","[np.float64(13.65081366225565), np.float64(75.1479098617938)]",2026-06-14 04:53:00,877.606557276216,1,2.340507093038143,311.5093738763295,24.173441008395613,58.560272924694296,10.456318604082618,1,1,1,605,10,0.8006944444444445,11.257013048527062,0.655703289013296,ELECTRE-III,1
1842,0521,1,0,"[12.227455024801955, 77.62379535106344]","[np.float64(8.890929153223404), np.float64(78.31236587070501)]",2026-06-14 04:53:00,633.7145023389731,1,2.0812659435464127,378.56119786988324,28.611461374060376,59.18568602623568,0.9618371779142674,4,4,3,742,7,0.8006944444444445,0.0,0.4688593421973408,ELECTRE-III,1
1843,0602,0,0,"[12.227455024801955, 77.62379535106344]","[np.float64(9.837640631105694), np.float64(80.24877918686546)]",2026-06-14 04:53:00,206.56475143241704,1,5.375068496628597,390.7411466851946,29.380711350511156,61.309663122245375,2.205398841777342,3,3,3,995,4,0.8006944444444445,0.0,0.18754373687893633,ELECTRE-III,1
1844,0630,0,0,"[12.227455024801955, 77.62379535106344]","[np.float64(10.3828610022561), np.float64(76.32792630536534)]",2026-06-14 04:53:00,440.4705334683021,1,3.9151262607430457,249.0648525605789,19.742203214879655,58.21723350381957,11.958158128693167,2,2,2,1171,12,0.8006944444444445,7.954685906470945,0.8369489153254024,ELECTRE-III,1
1845,0642,0,0,"[12.227455024801955, 77.62379535106344]","[np.float64(8.67085002369178), np.float64(77.10043284384746)]",2026-06-14 04:53:00,486.9173513420143,1,5.124645431831129,399.5950336066708,29.932707026343166,58.045597680166324,4.0817784852352545,4,4,3,785,6,0.8006944444444445,0.0,0.37508747375787266,ELECTRE-III,1
1846,0850,0,0,"[12.227455024801955, 77.62379535106344]","[np.float64(14.23205713145524), np.float64(78.1642658125473)]",2026-06-14 04:53:00,655.2218620925537,1,7.473213728149594,230.45045344294576,18.36932328356406,61.485499512238185,1.2090778909984428,2,2,2,631,3,0.8006944444444445,3.6111612243317763,0.13750874737578728,ELECTRE-III,1
1847,0894,0,0,"[12.227455024801955, 77.62379535106344]","[np.float64(10.66575478290597), np.float64(79.16246012099437)]",2026-06-14 04:53:00,114.83166806683185,1,6.166857376499981,241.39814077087914,19.179511516847008,60.801490217807256,6.078099436014156,4,4,3,1454,6,0.8006944444444445,10.081571658236378,0.37508747375787266,ELECTRE-III,1
1848,0911,0,0,"[12.227455024801955, 77.62379535106344]","[np.float64(12.6703914164964), np.float64(76.73416482409996)]",2026-06-14 04:53:00,260.92298791095243,1,6.424128860149167,108.42813377256584,8.87990431344425,59.58494473416878,10.456318604082618,1,1,1,566,5,0.8006944444444445,12.858401937415952,0.2722183344996501,ELECTRE-III,1
1849,0926,0,0,"[12.227455024801955, 77.62379535106344]","[np.float64(11.64931035885412), np.float64(75.3454645023892)]",2026-06-14 04:53:00,463.7734990016038,1,6.561606657943772,256.05908101270006,20.252104733573166,57.92329631288808,9.459997653303718,3,3,3,1248,5,0.8006944444444445,7.057914319970385,0.2722183344996501,ELECTRE-III,1
1850,0943,0,0,"[12.227455024801955, 77.62379535106344]","[np.float64(11.99003758206099), np.float64(78.10334361938055)]",2026-06-14 04:53:00,982.0998191743624,2,7.712239547275045,58.43976691228517,4.813359201670744,60.49917921495332,6.209077890998443,3,3,3,992,3,0.8006944444444445,3.806994557665109,0.13750874737578728,ELECTRE-III,1
1851,0991,0,0,"[12.227455024801955, 77.62379535106344]","[np.float64(12.86945853410859), np.float64(77.64814311235988)]",2026-06-14 04:53:00,288.15815179319446,1,5.957443651230911,71.43653096413257,5.877013100709638,60.477711930391976,9.33637729676163,1,1,1,949,12,0.8006944444444445,14.94123840787274,0.8369489153254024,ELECTRE-III,1
1852,0097,1,0,"[11.626056014608686, 77.49197953027137]","[np.float64(10.63195197898269), np.float64(78.9167914142179)]",2026-06-14 04:53:10,163.34265090312317,1,3.235592901874072,190.74542979746133,15.368224735126462,60.6099034115884,0.0,4,4,3,1073,13,0.8008101851851852,0.0,0.9188243526941917,ELECTRE-III,1
1852,0097,1,0,"[11.626056014608686, 77.49197953027137]","[np.float64(10.63195197898269), np.float64(78.9167914142179)]",2026-06-14 04:53:10,163.34265090312317,1,3.235592901874072,190.74542979746133,15.368224735126462,60.6099034115884,0.0,4,4,3,1073,13,0.8008101851851852,0.0,0.9188243526941917,ELECTRE-III,1
1853,0249,0,0,"[11.626056014608686, 77.49197953027137]","[np.float64(10.55117857150735), np.float64(78.24214783314801)]",2026-06-14 04:53:10,161.85731449141215,1,4.611182549811169,144.8646185231294,11.790543689866254,59.990432574624926,0.3326982475405309,2,2,2,1054,11,0.8008101851851852,0.0,0.7655703289013296,ELECTRE-III,1
1854,0408,0,0,"[11.626056014608686, 77.49197953027137]","[np.float64(13.87597420978777), np.float64(75.20111858554544)]",2026-06-14 04:53:10,167.0247286958963,1,3.959803161685959,352.5733769787698,26.931972350721434,58.73089105016121,10.707238366387893,1,1,1,1045,7,0.8008101851851852,11.508048551573077,0.4688593421973408,ELECTRE-III,1
1855,0443,0,0,"[11.626056014608686, 77.49197953027137]","[np.float64(12.84586547950183), np.float64(77.27338702512498)]",2026-06-14 04:53:10,144.37614447811399,1,5.006708703986519,137.7010731049672,11.222669389968985,60.17288741792348,15.703559317166793,1,1,1,1199,6,0.8008101851851852,9.297077835685311,0.37508747375787266,ELECTRE-III,1
1856,0447,1,0,"[11.626056014608686, 77.49197953027137]","[np.float64(13.65081366225565), np.float64(75.1479098617938)]",2026-06-14 04:53:10,877.606557276216,1,2.340507093038143,339.65687036383764,26.078009785914926,58.59767504058928,9.456318604082618,1,1,1,605,10,0.8008101851851852,12.659559344823359,0.655703289013296,ELECTRE-III,1
1857,0521,1,0,"[11.626056014608686, 77.49197953027137]","[np.float64(8.890929153223404), np.float64(78.31236587070501)]",2026-06-14 04:53:10,633.7145023389731,1,2.0812659435464127,317.1004343305182,24.556469100042598,59.22087516083959,0.9618371779142674,4,4,3,742,7,0.8008101851851852,0.0,0.4688593421973408,ELECTRE-III,1
1858,0602,0,0,"[11.626056014608686, 77.49197953027137]","[np.float64(9.837640631105694), np.float64(80.24877918686546)]",2026-06-14 04:53:10,206.56475143241704,1,5.375068496628597,360.8984639634731,27.475631520271627,61.3447566342009,5.205398841777342,3,3,3,995,4,0.8008101851851852,5.205398841777342,0.18754373687893633,ELECTRE-III,1
1859,0630,0,0,"[11.626056014608686, 77.49197953027137]","[np.float64(10.3828610022561), np.float64(76.32792630536534)]",2026-06-14 04:53:10,440.4705334683021,1,3.9151262607430457,187.7558509544926,15.138492596206925,58.25346082717732,10.958158128693167,2,2,2,1171,12,0.8008101851851852,17.36463961017465,0.8369489153254024,ELECTRE-III,1
1860,0642,0,0,"[11.626056014608686, 77.49197953027137]","[np.float64(8.67085002369178), np.float64(77.10043284384746)]",2026-06-14 04:53:10,486.9173513420143,1,5.124645431831129,331.38663772691154,25.52458546044013,58.0809985506345,5.0817784852352545,4,4,3,785,6,0.8008101851851852,5.0817784852352545,0.37508747375787266,ELECTRE-III,1
1861,0850,0,0,"[11.626056014608686, 77.49197953027137]","[np.float64(14.23205713145524), np.float64(78.1642658125473)]",2026-06-14 04:53:10,655.2218620925537,1,7.473213728149594,298.79214433886966,23.293629188042047,61.52272404321475,1.2090778909984428,2,2,2,631,3,0.8008101851851852,0.0,0.13750874737578728,ELECTRE-III,1
1862,0894,0,0,"[11.626056014608686, 77.49197953027137]","[np.float64(10.66575478290597), np.float64(79.16246012099437)]",2026-06-14 04:53:10,114.83166806683185,1,6.166857376499981,211.22181119515093,16.927847029770305,60.83723259773394,10.078099436014156,4,4,3,1454,6,0.8008101851851852,6.074048510088231,0.37508747375787266,ELECTRE-III,1
1863,0911,0,0,"[11.626056014608686, 77.49197953027137]","[np.float64(12.6703914164964), np.float64(76.73416482409996)]",2026-06-14 04:53:10,260.92298791095243,1,6.424128860149167,142.37615058505654,11.5935361928723,59.62187556701104,12.456318604082618,1,1,1,566,5,0.8008101851851852,18.061989900378915,0.2722183344996501,ELECTRE-III,1
1864,0926,0,0,"[11.626056014608686, 77.49197953027137]","[np.float64(11.64931035885412), np.float64(75.3454645023892)]",2026-06-14 04:53:10,463.7734990016038,1,6.561606657943772,233.78902573256406,18.61721974750185,57.96011103251444,2.4599976533037182,3,3,3,1248,5,0.8008101851851852,0.0,0.2722183344996501,ELECTRE-III,1
1865,0943,0,0,"[11.626056014608686, 77.49197953027137]","[np.float64(11.99003758206099), np.float64(78.10334361938055)]",2026-06-14 04:53:10,982.0998191743624,2,7.712239547275045,77.88385917590148,6.403203128294581,60.53566608549953,6.209077890998443,3,3,3,992,3,0.8008101851851852,9.412318631739183,0.13750874737578728,ELECTRE-III,1
1866,0991,0,0,"[11.626056014608686, 77.49197953027137]","[np.float64(12.86945853410859), np.float64(77.64814311235988)]",2026-06-14 04:53:10,288.15815179319446,1,5.957443651230911,139.29767902652327,11.349434484923451,60.514581291531705,13.33637729676163,1,1,1,949,12,0.8008101851851852,6.9298958152801475,0.8369489153254024,ELECTRE-III,1
1867,0097,1,0,"[11.024639075168846, 77.36055303026198]","[np.float64(10.63195197898269), np.float64(78.9167914142179)]",2026-06-14 04:53:20,163.34265090312317,1,3.235592901874072,175.48362018481615,14.190271483100613,60.64567994246093,0.0,4,4,3,1073,13,0.8009259259259259,4.00462962962963,0.9188243526941917,ELECTRE-III,1
1867,0097,1,0,"[11.024639075168846, 77.36055303026198]","[np.float64(10.63195197898269), np.float64(78.9167914142179)]",2026-06-14 04:53:20,163.34265090312317,1,3.235592901874072,175.48362018481615,14.190271483100613,60.64567994246093,0.0,4,4,3,1073,13,0.8009259259259259,4.00462962962963,0.9188243526941917,ELECTRE-III,1
1868,0249,0,0,"[11.024639075168846, 77.36055303026198]","[np.float64(10.55117857150735), np.float64(78.24214783314801)]",2026-06-14 04:53:20,161.85731449141215,1,4.611182549811169,109.74792264274532,8.98623715946774,60.02633204890251,4.332698247540531,2,2,2,1054,11,0.8009259259259259,3.531772321614605,0.7655703289013296,ELECTRE-III,1
1869,0408,0,0,"[11.024639075168846, 77.36055303026198]","[np.float64(13.87597420978777), np.float64(75.20111858554544)]",2026-06-14 04:53:20,167.0247286958963,1,3.959803161685959,394.3186517053256,29.604480071974027,58.76834097738039,9.707238366387893,1,1,1,1045,7,0.8009259259259259,4.100756884906411,0.4688593421973408,ELECTRE-III,1
1870,0443,0,0,"[11.024639075168846, 77.36055303026198]","[np.float64(12.84586547950183), np.float64(77.27338702512498)]",2026-06-14 04:53:20,144.37614447811399,1,5.006708703986519,202.73330521689303,16.284293561903,60.20979776019822,8.703559317166793,1,1,1,1199,6,0.8009259259259259,8.703559317166793,0.37508747375787266,ELECTRE-III,1
1871,0447,1,0,"[11.024639075168846, 77.36055303026198]","[np.float64(13.65081366225565), np.float64(75.1479098617938)]",2026-06-14 04:53:20,877.606557276216,1,2.340507093038143,378.19565625712085,28.588197953515945,58.6350703262951,8.456318604082618,1,1,1,605,10,0.8009259259259259,7.6553926781566926,0.655703289013296,ELECTRE-III,1
1872,0521,1,0,"[11.024639075168846, 77.36055303026198]","[np.float64(8.890929153223404), np.float64(78.31236587070501)]",2026-06-14 04:53:20,633.7145023389731,1,2.0812659435464127,259.14572659437755,20.476075816062963,59.25605063506515,8.961837177914267,4,4,3,742,7,0.8009259259259259,16.1701705112476,0.4688593421973408,ELECTRE-III,1
1873,0602,0,0,"[11.024639075168846, 77.36055303026198]","[np.float64(9.837640631105694), np.float64(80.24877918686546)]",2026-06-14 04:53:20,206.56475143241704,1,5.375068496628597,342.31099396380364,26.254520149574383,61.379836485778085,4.205398841777342,3,3,3,995,4,0.8009259259259259,4.205398841777342,0.18754373687893633,ELECTRE-III,1
1874,0630,0,0,"[11.024639075168846, 77.36055303026198]","[np.float64(10.3828610022561), np.float64(76.32792630536534)]",2026-06-14 04:53:20,440.4705334683021,1,3.9151262607430457,133.4989711230178,10.888507205195422,58.2896813203459,7.958158128693167,2,2,2,1171,12,0.8009259259259259,3.152602573137612,0.8369489153254024,ELECTRE-III,1
1875,0642,0,0,"[11.024639075168846, 77.36055303026198]","[np.float64(8.67085002369178), np.float64(77.10043284384746)]",2026-06-14 04:53:20,486.9173513420143,1,5.124645431831129,263.27643105526744,20.774784483596715,58.116385760724334,4.0817784852352545,4,4,3,785,6,0.8009259259259259,10.489185892642663,0.37508747375787266,ELECTRE-III,1
1876,0850,0,0,"[11.024639075168846, 77.36055303026198]","[np.float64(14.23205713145524), np.float64(78.1642658125473)]",2026-06-14 04:53:20,655.2218620925537,1,7.473213728149594,367.1530431615847,27.880584778189622,61.559948574191324,1.2090778909984428,2,2,2,631,3,0.8009259259259259,2.010003816924369,0.13750874737578728,ELECTRE-III,1
1877,0894,0,0,"[11.024639075168846, 77.36055303026198]","[np.float64(10.66575478290597), np.float64(79.16246012099437)]",2026-06-14 04:53:20,114.83166806683185,1,6.166857376499981,200.78946059858743,16.13631897199063,60.87296814747144,6.078099436014156,4,4,3,1454,6,0.8009259259259259,0.4716179545326744,0.37508747375787266,ELECTRE-III,1
1878,0911,0,0,"[11.024639075168846, 77.36055303026198]","[np.float64(12.6703914164964), np.float64(76.73416482409996)]",2026-06-14 04:53:20,260.92298791095243,1,6.424128860149167,195.28259591806886,15.71591306699206,59.6588063998533,10.456318604082618,1,1,1,566,5,0.8009259259259259,15.261874159638174,0.2722183344996501,ELECTRE-III,1
1879,0926,0,0,"[11.024639075168846, 77.36055303026198]","[np.float64(11.64931035885412), np.float64(75.3454645023892)]",2026-06-14 04:53:20,463.7734990016038,1,6.561606657943772,230.41335720296698,18.366564780342014,57.99691892195164,11.459997653303718,3,3,3,1248,5,0.8009259259259259,18.668330986637052,0.2722183344996501,ELECTRE-III,1
1880,0943,0,0,"[11.024639075168846, 77.36055303026198]","[np.float64(11.99003758206099), np.float64(78.10334361938055)]",2026-06-14 04:53:20,982.0998191743624,2,7.712239547275045,134.4384839555095,10.963285674999042,60.57214612585657,5.209077890998443,3,3,3,992,3,0.8009259259259259,7.61185566877622,0.13750874737578728,ELECTRE-III,1
1881,0991,0,0,"[11.024639075168846, 77.36055303026198]","[np.float64(12.86945853410859), np.float64(77.64814311235988)]",2026-06-14 04:53:20,288.15815179319446,1,5.957443651230911,207.5066782373847,16.64671624129982,60.55144382248226,5.336377296761629,1,1,1,949,12,0.8009259259259259,10.94285877824311,0.8369489153254024,ELECTRE-III,1
1882,0097,1,0,"[10.423206767803373, 77.22949536046778]","[np.float64(10.63195197898269), np.float64(78.9167914142179)]",2026-06-14 04:53:30,163.34265090312317,1,3.235592901874072,185.91517456983607,14.996798269532443,60.68144964314428,4.209077890998443,4,4,3,1073,13,0.8010416666666667,4.209077890998443,0.9188243526941917,ELECTRE-III,1
1882,0097,1,0,"[10.423206767803373, 77.22949536046778]","[np.float64(10.63195197898269), np.float64(78.9167914142179)]",2026-06-14 04:53:30,163.34265090312317,1,3.235592901874072,185.91517456983607,14.996798269532443,60.68144964314428,4.209077890998443,4,4,3,1073,13,0.8010416666666667,4.209077890998443,0.9188243526941917,ELECTRE-III,1
1883,0249,0,0,"[10.423206767803373, 77.22949536046778]","[np.float64(10.55117857150735), np.float64(78.24214783314801)]",2026-06-14 04:53:30,161.85731449141215,1,4.611182549811169,111.63161972554909,9.137894788256244,60.06221786280176,4.332698247540531,2,2,2,1054,11,0.8010416666666667,5.133739914207197,0.7655703289013296,ELECTRE-III,1
1884,0443,0,0,"[10.423206767803373, 77.22949536046778]","[np.float64(12.84586547950183), np.float64(77.27338702512498)]",2026-06-14 04:53:30,144.37614447811399,1,5.006708703986519,269.4301404741924,21.217599828253203,60.2467012722838,10.703559317166793,1,1,1,1199,6,0.8010416666666667,9.10147598383346,0.37508747375787266,ELECTRE-III,1
1885,0521,1,0,"[10.423206767803373, 77.22949536046778]","[np.float64(8.890929153223404), np.float64(78.31236587070501)]",2026-06-14 04:53:30,633.7145023389731,1,2.0812659435464127,207.65249110715072,16.657765826324844,59.29121927910155,8.961837177914267,4,4,3,742,7,0.8010416666666667,7.3597538445809345,0.4688593421973408,ELECTRE-III,1
1885,0521,1,0,"[10.423206767803373, 77.22949536046778]","[np.float64(8.890929153223404), np.float64(78.31236587070501)]",2026-06-14 04:53:30,633.7145023389731,1,2.0812659435464127,207.65249110715072,16.657765826324844,59.29121927910155,8.961837177914267,4,4,3,742,7,0.8010416666666667,7.3597538445809345,0.4688593421973408,ELECTRE-III,1
1886,0602,0,0,"[10.423206767803373, 77.22949536046778]","[np.float64(9.837640631105694), np.float64(80.24877918686546)]",2026-06-14 04:53:30,206.56475143241704,1,5.375068496628597,336.84568155546765,25.89047174778262,61.41490267697693,7.205398841777342,3,3,3,995,4,0.8010416666666667,6.404357175110675,0.18754373687893633,ELECTRE-III,1
1887,0630,0,0,"[10.423206767803373, 77.22949536046778]","[np.float64(10.3828610022561), np.float64(76.32792630536534)]",2026-06-14 04:53:30,440.4705334683021,1,3.9151262607430457,98.70409809274543,8.094600281294962,58.325894983325306,11.958158128693167,2,2,2,1171,12,0.8010416666666667,18.366491462026502,0.8369489153254024,ELECTRE-III,1
1888,0642,0,0,"[10.423206767803373, 77.22949536046778]","[np.float64(8.67085002369178), np.float64(77.10043284384746)]",2026-06-14 04:53:30,486.9173513420143,1,5.124645431831129,195.36668341635726,15.72234568146596,58.151766140625,0.08177848523525455,4,4,3,785,6,0.8010416666666667,0.0,0.37508747375787266,ELECTRE-III,1
1889,0894,0,0,"[10.423206767803373, 77.22949536046778]","[np.float64(10.66575478290597), np.float64(79.16246012099437)]",2026-06-14 04:53:30,114.83166806683185,1,6.166857376499981,213.02029061276164,17.06364107558761,60.90869686701978,8.078099436014156,4,4,3,1454,6,0.8010416666666667,0.06768276934749018,0.37508747375787266,ELECTRE-III,1
1890,0911,0,0,"[10.423206767803373, 77.22949536046778]","[np.float64(12.6703914164964), np.float64(76.73416482409996)]",2026-06-14 04:53:30,260.92298791095243,1,6.424128860149167,255.63569675988097,20.221332789390978,59.695730402506385,12.456318604082618,1,1,1,566,5,0.8010416666666667,13.257360270749285,0.2722183344996501,ELECTRE-III,1
1891,0926,0,0,"[10.423206767803373, 77.22949536046778]","[np.float64(11.64931035885412), np.float64(75.3454645023892)]",2026-06-14 04:53:30,463.7734990016038,1,6.561606657943772,246.70953568040488,19.56975282195206,58.033719981199674,7.459997653303718,3,3,3,1248,5,0.8010416666666667,13.067289319970385,0.2722183344996501,ELECTRE-III,1
1892,0943,0,0,"[10.423206767803373, 77.22949536046778]","[np.float64(11.99003758206099), np.float64(78.10334361938055)]",2026-06-14 04:53:30,982.0998191743624,2,7.712239547275045,198.59066794839487,15.968669674021436,60.60861933602444,0.20907789099844276,3,3,3,992,3,0.8010416666666667,2.612202890998443,0.13750874737578728,ELECTRE-III,1
1893,0991,0,0,"[10.423206767803373, 77.22949536046778]","[np.float64(12.86945853410859), np.float64(77.64814311235988)]",2026-06-14 04:53:30,288.15815179319446,1,5.957443651230911,275.80510969343425,21.67355091361967,60.58829952324365,5.336377296761629,1,1,1,949,12,0.8010416666666667,12.545752296761629,0.8369489153254024,ELECTRE-III,1
1894,0097,1,0,"[9.821759946285914, 77.09877920013207]","[np.float64(10.63195197898269), np.float64(78.9167914142179)]",2026-06-14 04:53:40,163.34265090312317,1,3.235592901874072,218.38796649305073,17.467749671899853,60.7172056834493,0.0,4,4,3,1073,13,0.8011574074074074,4.005787037037037,0.9188243526941917,ELECTRE-III,1
1894,0097,1,0,"[9.821759946285914, 77.09877920013207]","[np.float64(10.63195197898269), np.float64(78.9167914142179)]",2026-06-14 04:53:40,163.34265090312317,1,3.235592901874072,218.38796649305073,17.467749671899853,60.7172056834493,0.0,4,4,3,1073,13,0.8011574074074074,4.005787037037037,0.9188243526941917,ELECTRE-III,1
1895,0249,0,0,"[9.821759946285914, 77.09877920013207]","[np.float64(10.55117857150735), np.float64(78.24214783314801)]",2026-06-14 04:53:40,161.85731449141215,1,4.611182549811169,149.1190109874279,12.126699934622891,60.09809684651184,0.3326982475405309,2,2,2,1054,11,0.8011574074074074,0.3326982475405309,0.7655703289013296,ELECTRE-III,1
1896,0443,0,0,"[9.821759946285914, 77.09877920013207]","[np.float64(12.84586547950183), np.float64(77.27338702512498)]",2026-06-14 04:53:40,144.37614447811399,1,5.006708703986519,336.80396222273157,25.88768409279705,60.28359795418021,13.703559317166793,1,1,1,1199,6,0.8011574074074074,20.91397598383346,0.37508747375787266,ELECTRE-III,1
1897,0521,1,0,"[9.821759946285914, 77.09877920013207]","[np.float64(8.890929153223404), np.float64(78.31236587070501)]",2026-06-14 04:53:40,633.7145023389731,1,2.0812659435464127,168.64583336198876,13.65844695672507,59.3263742627596,5.961837177914267,4,4,3,742,7,0.8011574074074074,0.0,0.4688593421973408,ELECTRE-III,1
1897,0521,1,0,"[9.821759946285914, 77.09877920013207]","[np.float64(8.890929153223404), np.float64(78.31236587070501)]",2026-06-14 04:53:40,633.7145023389731,1,2.0812659435464127,168.64583336198876,13.65844695672507,59.3263742627596,5.961837177914267,4,4,3,742,7,0.8011574074074074,0.0,0.4688593421973408,ELECTRE-III,1
1898,0602,0,0,"[9.821759946285914, 77.09877920013207]","[np.float64(9.837640631105694), np.float64(80.24877918686546)]",2026-06-14 04:53:40,206.56475143241704,1,5.375068496628597,345.1257155295761,26.44112661541266,61.44996203798661,9.205398841777342,3,3,3,995,4,0.8011574074074074,10.807713656592156,0.18754373687893633,ELECTRE-III,1
1899,0630,0,0,"[9.821759946285914, 77.09877920013207]","[np.float64(10.3828610022561), np.float64(76.32792630536534)]",2026-06-14 04:53:40,440.4705334683021,1,3.9151262607430457,104.94606126716711,8.599066095277657,58.36210181611554,7.958158128693167,2,2,2,1171,12,0.8011574074074074,3.151213684248723,0.8369489153254024,ELECTRE-III,1
1900,0642,0,0,"[9.821759946285914, 77.09877920013207]","[np.float64(8.67085002369178), np.float64(77.10043284384746)]",2026-06-14 04:53:40,486.9173513420143,1,5.124645431831129,127.97565388521724,10.448138735498066,58.187139690336494,0.08177848523525455,4,4,3,785,6,0.8011574074074074,0.0,0.37508747375787266,ELECTRE-III,1
1901,0894,0,0,"[9.821759946285914, 77.09877920013207]","[np.float64(10.66575478290597), np.float64(79.16246012099437)]",2026-06-14 04:53:40,114.83166806683185,1,6.166857376499981,244.5362459536095,19.410301902286434,60.94441192618977,6.078099436014156,4,4,3,1454,6,0.8011574074074074,0.4699975841623045,0.37508747375787266,ELECTRE-III,1
1902,0911,0,0,"[9.821759946285914, 77.09877920013207]","[np.float64(12.6703914164964), np.float64(76.73416482409996)]",2026-06-14 04:53:40,260.92298791095243,1,6.424128860149167,319.23949795844646,24.70239601851119,59.7326475749703,10.456318604082618,1,1,1,566,5,0.8011574074074074,10.456318604082618,0.2722183344996501,ELECTRE-III,1
1903,0926,0,0,"[9.821759946285914, 77.09877920013207]","[np.float64(11.64931035885412), np.float64(75.3454645023892)]",2026-06-14 04:53:40,463.7734990016038,1,6.561606657943772,279.2546327220595,21.91907501979628,58.0705210404477,9.459997653303718,3,3,3,1248,5,0.8011574074074074,10.261155060711125,0.2722183344996501,ELECTRE-III,1
1904,0943,0,0,"[9.821759946285914, 77.09877920013207]","[np.float64(11.99003758206099), np.float64(78.10334361938055)]",2026-06-14 04:53:40,982.0998191743624,2,7.712239547275045,264.87604367368994,20.890143602240432,60.64508571600314,7.209077890998443,3,3,3,992,3,0.8011574074074074,7.209077890998443,0.13750874737578728,ELECTRE-III,1
1905,0991,0,0,"[9.821759946285914, 77.09877920013207]","[np.float64(12.86945853410859), np.float64(77.64814311235988)]",2026-06-14 04:53:40,288.15815179319446,1,5.957443651230911,344.13954213686605,26.375815191050386,60.62514839381587,9.33637729676163,1,1,1,949,12,0.8011574074074074,16.546793963428296,0.8369489153254024,ELECTRE-III,1
1906,0097,1,0,"[9.220300318163762, 76.96839088887653]","[np.float64(10.63195197898269), np.float64(78.9167914142179)]",2026-06-14 04:53:50,163.34265090312317,1,3.235592901874072,264.91532176514414,20.892973992230345,60.752954893565146,4.209077890998443,4,4,3,1073,13,0.8012731481481481,1.8052584465539985,0.9188243526941917,ELECTRE-III,1
1907,0249,0,0,"[9.220300318163762, 76.96839088887653]","[np.float64(10.55117857150735), np.float64(78.24214783314801)]",2026-06-14 04:53:50,161.85731449141215,1,4.611182549811169,203.39255696524853,16.334428350470798,60.13396216984357,9.332698247540531,2,2,2,1054,11,0.8012731481481481,14.14033713642942,0.7655703289013296,ELECTRE-III,1
1908,0443,0,0,"[9.220300318163762, 76.96839088887653]","[np.float64(12.84586547950183), np.float64(77.27338702512498)]",2026-06-14 04:53:50,144.37614447811399,1,5.006708703986519,404.5164227444601,30.236912147382444,60.32048780588745,9.703559317166793,1,1,1,1199,6,0.8012731481481481,16.915017650500126,0.37508747375787266,ELECTRE-III,1
1909,0521,1,0,"[9.220300318163762, 76.96839088887653]","[np.float64(8.890929153223404), np.float64(78.31236587070501)]",2026-06-14 04:53:50,633.7145023389731,1,2.0812659435464127,152.05702836834874,12.358351908954212,59.36151558603932,6.961837177914267,4,4,3,742,7,0.8012731481481481,10.968202918655008,0.4688593421973408,ELECTRE-III,1
1909,0521,1,0,"[9.220300318163762, 76.96839088887653]","[np.float64(8.890929153223404), np.float64(78.31236587070501)]",2026-06-14 04:53:50,633.7145023389731,1,2.0812659435464127,152.05702836834874,12.358351908954212,59.36151558603932,6.961837177914267,4,4,3,742,7,0.8012731481481481,10.968202918655008,0.4688593421973408,ELECTRE-III,1
1910,0602,0,0,"[9.220300318163762, 76.96839088887653]","[np.float64(9.837640631105694), np.float64(80.24877918686546)]",2026-06-14 04:53:50,206.56475143241704,1,5.375068496628597,366.2179037440997,27.82023004784908,61.485007738617945,8.205398841777342,3,3,3,995,4,0.8012731481481481,12.211764582518082,0.18754373687893633,ELECTRE-III,1
1911,0630,0,0,"[9.220300318163762, 76.96839088887653]","[np.float64(10.3828610022561), np.float64(76.32792630536534)]",2026-06-14 04:53:50,440.4705334683021,1,3.9151262607430457,147.09052588735364,11.966525592235273,58.39829498852744,13.958158128693167,2,2,2,1171,12,0.8012731481481481,17.964523869433908,0.8369489153254024,ELECTRE-III,1
1912,0642,0,0,"[9.220300318163762, 76.96839088887653]","[np.float64(8.67085002369178), np.float64(77.10043284384746)]",2026-06-14 04:53:50,486.9173513420143,1,5.124645431831129,62.794119321964054,5.17012621772157,58.22249274948048,4.0817784852352545,4,4,3,785,6,0.8012731481481481,2.4792321889389584,0.37508747375787266,ELECTRE-III,1
1913,0894,0,0,"[9.220300318163762, 76.96839088887653]","[np.float64(10.66575478290597), np.float64(79.16246012099437)]",2026-06-14 04:53:50,114.83166806683185,1,6.166857376499981,289.09578755892903,22.614878710802348,60.9801201551706,7.078099436014156,4,4,3,1454,6,0.8012731481481481,13.488284621199341,0.37508747375787266,ELECTRE-III,1
1914,0911,0,0,"[9.220300318163762, 76.96839088887653]","[np.float64(12.6703914164964), np.float64(76.73416482409996)]",2026-06-14 04:53:50,260.92298791095243,1,6.424128860149167,384.4841534162569,28.98696787589396,59.76955791724505,8.456318604082618,1,1,1,566,5,0.8012731481481481,3.6486797151937296,0.2722183344996501,ELECTRE-III,1
1915,0926,0,0,"[9.220300318163762, 76.96839088887653]","[np.float64(11.64931035885412), np.float64(75.3454645023892)]",2026-06-14 04:53:50,463.7734990016038,1,6.561606657943772,323.1772538921281,24.97013722451056,58.107308439317386,11.459997653303718,3,3,3,1248,5,0.8012731481481481,16.267636542192605,0.2722183344996501,ELECTRE-III,1
1916,0943,0,0,"[9.220300318163762, 76.96839088887653]","[np.float64(11.99003758206099), np.float64(78.10334361938055)]",2026-06-14 04:53:50,982.0998191743624,2,7.712239547275045,332.0186048425203,25.567057433617645,60.68153843560349,6.209077890998443,3,3,3,992,3,0.8012731481481481,3.8052584465539985,0.13750874737578728,ELECTRE-III,1
1917,0097,1,0,"[8.618829590984207, 76.83830993613364]","[np.float64(10.63195197898269), np.float64(78.9167914142179)]",2026-06-14 04:54:00,163.34265090312317,1,3.235592901874072,319.4123055516698,24.71417006907111,60.78869727349182,1.2090778909984428,4,4,3,1073,13,0.8013888888888889,3.6132445576651095,0.9188243526941917,ELECTRE-III,1
1918,0249,0,0,"[8.618829590984207, 76.83830993613364]","[np.float64(10.55117857150735), np.float64(78.24214783314801)]",2026-06-14 04:54:00,161.85731449141215,1,4.611182549811169,264.30518617074637,20.848995410527785,60.16982066298614,3.332698247540531,2,2,2,1054,11,0.8013888888888889,0.1271426919849752,0.7655703289013296,ELECTRE-III,1
1919,0521,1,0,"[8.618829590984207, 76.83830993613364]","[np.float64(8.890929153223404), np.float64(78.31236587070501)]",2026-06-14 04:54:00,633.7145023389731,1,2.0812659435464127,164.798976156554,13.358184649186446,59.39665007912986,4.961837177914267,4,4,3,742,7,0.8013888888888889,5.763226066803156,0.4688593421973408,ELECTRE-III,1
1919,0521,1,0,"[8.618829590984207, 76.83830993613364]","[np.float64(8.890929153223404), np.float64(78.31236587070501)]",2026-06-14 04:54:00,633.7145023389731,1,2.0812659435464127,164.798976156554,13.358184649186446,59.39665007912986,4.961837177914267,4,4,3,742,7,0.8013888888888889,5.763226066803156,0.4688593421973408,ELECTRE-III,1
1920,0602,0,0,"[8.618829590984207, 76.83830993613364]","[np.float64(9.837640631105694), np.float64(80.24877918686546)]",2026-06-14 04:54:00,206.56475143241704,1,5.375068496628597,398.0896186524574,29.83927925024145,61.52003977887094,2.205398841777342,3,3,3,995,4,0.8013888888888889,7.013732175110675,0.18754373687893633,ELECTRE-III,1
1921,0630,0,0,"[8.618829590984207, 76.83830993613364]","[np.float64(10.3828610022561), np.float64(76.32792630536534)]",2026-06-14 04:54:00,440.4705334683021,1,3.9151262607430457,203.98098787649488,16.379155649203895,58.43448133075017,15.958158128693167,2,2,2,1171,12,0.8013888888888889,22.36926923980428,0.8369489153254024,ELECTRE-III,1
1922,0642,0,0,"[8.618829590984207, 76.83830993613364]","[np.float64(8.67085002369178), np.float64(77.10043284384746)]",2026-06-14 04:54:00,486.9173513420143,1,5.124645431831129,29.390486492360758,2.424993097291604,58.25784580862447,1.0817784852352545,4,4,3,785,6,0.8013888888888889,6.691500707457477,0.37508747375787266,ELECTRE-III,1
1923,0894,0,0,"[8.618829590984207, 76.83830993613364]","[np.float64(10.66575478290597), np.float64(79.16246012099437)]",2026-06-14 04:54:00,114.83166806683185,1,6.166857376499981,341.63149881768635,26.209381765065537,61.01581472377309,11.078099436014156,4,4,3,1454,6,0.8013888888888889,11.879488324903045,0.37508747375787266,ELECTRE-III,1
1924,0926,0,0,"[8.618829590984207, 76.83830993613364]","[np.float64(11.64931035885412), np.float64(75.3454645023892)]",2026-06-14 04:54:00,463.7734990016038,1,6.561606657943772,374.4955741831917,28.35214156652418,58.14409583818708,11.459997653303718,3,3,3,1248,5,0.8013888888888889,4.247497653303718,0.2722183344996501,ELECTRE-III,1
1925,0943,0,0,"[8.618829590984207, 76.83830993613364]","[np.float64(11.99003758206099), np.float64(78.10334361938055)]",2026-06-14 04:54:00,982.0998191743624,2,7.712239547275045,399.5859096661741,29.932141311569502,60.717991155203855,3.2090778909984428,3,3,3,992,3,0.8013888888888889,8.818800113220664,0.13750874737578728,ELECTRE-III,1
1926,0097,1,0,"[8.017349472294544, 76.70850219095755]","[np.float64(10.63195197898269), np.float64(78.9167914142179)]",2026-06-14 04:54:10,163.34265090312317,1,3.235592901874072,378.4515580118882,28.604484869165766,60.82442599304016,2.2090778909984428,4,4,3,1073,13,0.8015046296296297,1.407573261368813,0.9188243526941917,ELECTRE-III,1
1927,0249,0,0,"[8.017349472294544, 76.70850219095755]","[np.float64(10.55117857150735), np.float64(78.24214783314801)]",2026-06-14 04:54:10,161.85731449141215,1,4.611182549811169,328.1806002751169,25.308657364271305,60.20567232593954,3.332698247540531,2,2,2,1054,11,0.8015046296296297,6.53871676605905,0.7655703289013296,ELECTRE-III,1
1928,0521,1,0,"[8.017349472294544, 76.70850219095755]","[np.float64(8.890929153223404), np.float64(78.31236587070501)]",2026-06-14 04:54:10,633.7145023389731,1,2.0812659435464127,201.3787074324107,16.181198670750746,59.43177091184207,4.961837177914267,4,4,3,742,7,0.8015046296296297,12.175378844580933,0.4688593421973408,ELECTRE-III,1
1928,0521,1,0,"[8.017349472294544, 76.70850219095755]","[np.float64(8.890929153223404), np.float64(78.31236587070501)]",2026-06-14 04:54:10,633.7145023389731,1,2.0812659435464127,201.3787074324107,16.181198670750746,59.43177091184207,4.961837177914267,4,4,3,742,7,0.8015046296296297,12.175378844580933,0.4688593421973408,ELECTRE-III,1
1929,0630,0,0,"[8.017349472294544, 76.70850219095755]","[np.float64(10.3828610022561), np.float64(76.32792630536534)]",2026-06-14 04:54:10,440.4705334683021,1,3.9151262607430457,266.32925782310605,20.994791468216384,58.47066084278373,8.958158128693167,2,2,2,1171,12,0.8015046296296297,4.14913035091539,0.8369489153254024,ELECTRE-III,1
1930,0642,0,0,"[8.017349472294544, 76.70850219095755]","[np.float64(8.67085002369178), np.float64(77.10043284384746)]",2026-06-14 04:54:10,486.9173513420143,1,5.124645431831129,84.4962630755294,6.941740544281153,58.29318520739012,8.081778485235255,4,4,3,785,6,0.8015046296296297,5.677264596346365,0.37508747375787266,ELECTRE-III,1
1931,0894,0,0,"[8.017349472294544, 76.70850219095755]","[np.float64(10.66575478290597), np.float64(79.16246012099437)]",2026-06-14 04:54:10,114.83166806683185,1,6.166857376499981,399.0051612726468,29.896119737656143,61.051502462186406,12.078099436014156,4,4,3,1454,6,0.8015046296296297,9.673585547125267,0.37508747375787266,ELECTRE-III,1
1932,0249,0,0,"[7.415860815868419, 76.57896765334826]","[np.float64(10.55117857150735), np.float64(78.24214783314801)]",2026-06-14 04:54:20,161.85731449141215,1,4.611182549811169,393.5773483952623,29.558193626894145,60.241517158703765,7.332698247540531,2,2,2,1054,11,0.8016203703703704,4.92783713642942,0.7655703289013296,ELECTRE-III,1
1933,0521,1,0,"[7.415860815868419, 76.57896765334826]","[np.float64(8.890929153223404), np.float64(78.31236587070501)]",2026-06-14 04:54:20,633.7145023389731,1,2.0812659435464127,251.6028764961672,19.927614781064698,59.4668849143651,7.961837177914267,4,4,3,742,7,0.8016203703703704,7.160216807543897,0.4688593421973408,ELECTRE-III,1
1934,0630,0,0,"[7.415860815868419, 76.57896765334826]","[np.float64(10.3828610022561), np.float64(76.32792630536534)]",2026-06-14 04:54:20,440.4705334683021,1,3.9151262607430457,331.0662315885843,25.503040754691323,58.506833524628114,12.958158128693167,2,2,2,1171,12,0.8016203703703704,17.76788035091539,0.8369489153254024,ELECTRE-III,1
1935,0642,0,0,"[7.415860815868419, 76.57896765334826]","[np.float64(8.67085002369178), np.float64(77.10043284384746)]",2026-06-14 04:54:20,486.9173513420143,1,5.124645431831129,150.89745139748644,12.26697206592954,58.328510945777424,3.0817784852352545,4,4,3,785,6,0.8016203703703704,4.685019225975996,0.37508747375787266,ELECTRE-III,1
1936,0521,1,0,"[6.814366609913593, 76.44966534217075]","[np.float64(8.890929153223404), np.float64(78.31236587070501)]",2026-06-14 04:54:30,633.7145023389731,1,2.0812659435464127,308.8862313295153,23.992938927957503,59.501985256509805,3.9618371779142674,4,4,3,742,7,0.8017361111111111,0.0,0.4688593421973408,ELECTRE-III,1
1937,0630,0,0,"[6.814366609913593, 76.44966534217075]","[np.float64(10.3828610022561), np.float64(76.32792630536534)]",2026-06-14 04:54:30,440.4705334683021,1,3.9151262607430457,397.0246324533435,29.773079232846072,58.54299937628333,15.958158128693167,2,2,2,1171,12,0.8017361111111111,10.34600535091539,0.8369489153254024,ELECTRE-III,1
1938,0642,0,0,"[6.814366609913593, 76.44966534217075]","[np.float64(8.67085002369178), np.float64(77.10043284384746)]",2026-06-14 04:54:30,486.9173513420143,1,5.124645431831129,218.52886370887575,17.478333269687393,58.36382985397556,1.0817784852352545,4,4,3,785,6,0.8017361111111111,0.0,0.37508747375787266,ELECTRE-III,1
1939,0521,1,0,"[6.212866854430066, 76.32058842723583]","[np.float64(8.890929153223404), np.float64(78.31236587070501)]",2026-06-14 04:54:40,633.7145023389731,1,2.0812659435464127,369.96258166589837,28.061510605840596,59.537071938276156,7.961837177914267,4,4,3,742,7,0.8018518518518518,0.7451705112476006,0.4688593421973408,ELECTRE-III,1
1940,0642,0,0,"[6.212866854430066, 76.32058842723583]","[np.float64(8.67085002369178), np.float64(77.10043284384746)]",2026-06-14 04:54:40,486.9173513420143,1,5.124645431831129,286.51976018485175,22.43341404936011,58.39913510179535,6.0817784852352545,4,4,3,785,6,0.8018518518518518,6.0817784852352545,0.37508747375787266,ELECTRE-III,1
1941,0642,0,0,"[5.611364110738778, 76.19170958778687]","[np.float64(8.67085002369178), np.float64(77.10043284384746)]",2026-06-14 04:54:50,486.9173513420143,1,5.124645431831129,354.6629560533892,27.068927982457065,58.43443351942598,4.0817784852352545,4,4,3,785,6,0.8019675925925925,0.07194052227229175,0.37508747375787266,ELECTRE-III,1
1942,0666,0,0,"[57.437574240251784, 67.2800954002936]","[np.float64(57.09960681636306), np.float64(60.62345453503075)]",2026-06-14 06:19:10,328.4731676734675,1,4.182999847040861,401.8166894623841,30.070265638112655,51.74967273722114,10.085457534456356,1,1,1,1170,8,0.8605324074074074,7.503860312234134,0.5290412876137159,ELECTRE-III,1
1943,0666,0,0,"[56.850430688629984, 66.94496533847776]","[np.float64(57.09960681636306), np.float64(60.62345453503075)]",2026-06-14 06:19:20,328.4731676734675,1,4.182999847040861,383.9571057069434,28.95366353247101,51.76366437973591,8.085457534456356,1,1,1,1170,8,0.8606481481481482,1.200272349271171,0.5290412876137159,ELECTRE-III,1
1944,0666,0,0,"[56.26262460865868, 66.61890576787968]","[np.float64(57.09960681636306), np.float64(60.62345453503075)]",2026-06-14 06:19:30,328.4731676734675,1,4.182999847040861,377.7011106953161,28.556708204837875,51.777635531683174,7.0854575344563555,1,1,1,1170,8,0.8607638888888889,12.25004086778969,0.5290412876137159,ELECTRE-III,1
1945,0236,0,0,"[55.674190151283746, 66.301459065825]","[np.float64(55.23524104763229), np.float64(60.14537012990487)]",2026-06-14 06:19:40,559.154239641927,1,5.285228402295399,391.09004048223045,29.402577749269796,53.06925162448926,7.332698247540531,3,3,3,1463,12,0.8608796296296296,6.471818617910901,0.8369489153254024,ELECTRE-III,1
1946,0666,0,0,"[55.674190151283746, 66.301459065825]","[np.float64(57.09960681636306), np.float64(60.62345453503075)]",2026-06-14 06:19:40,328.4731676734675,1,4.182999847040861,383.6182152735321,28.932237595994465,51.79158960815751,9.085457534456356,1,1,1,1170,8,0.8608796296296296,8.224577904826727,0.5290412876137159,ELECTRE-III,1
1947,0236,0,0,"[55.085158052356434, 65.992194930396]","[np.float64(55.23524104763229), np.float64(60.14537012990487)]",2026-06-14 06:19:50,559.154239641927,1,5.285228402295399,371.6789303750579,28.171739619048164,53.084588814270525,11.332698247540531,3,3,3,1463,12,0.8609953703703703,3.5837399142071984,0.8369489153254024,ELECTRE-III,1
1948,0666,0,0,"[55.085158052356434, 65.992194930396]","[np.float64(57.09960681636306), np.float64(60.62345453503075)]",2026-06-14 06:19:50,328.4731676734675,1,4.182999847040861,401.1714106568323,30.03035110796346,51.805523194064335,9.085457534456356,1,1,1,1170,8,0.8609953703703703,10.807448275197096,0.5290412876137159,ELECTRE-III,1
1949,0236,0,0,"[54.49555904772801, 65.6906967200533]","[np.float64(55.23524104763229), np.float64(60.14537012990487)]",2026-06-14 06:20:00,559.154239641927,1,5.285228402295399,364.1602148220872,27.68718848281134,53.0999020983897,15.332698247540531,3,3,3,1463,12,0.8611111111111112,19.638253803096084,0.8369489153254024,ELECTRE-III,1
1950,0236,0,0,"[53.90542387324973, 65.39659560458172]","[np.float64(55.23524104763229), np.float64(60.14537012990487)]",2026-06-14 06:20:10,559.154239641927,1,5.285228402295399,369.26290156880293,28.016510059064785,53.11520172213052,8.332698247540531,3,3,3,1463,12,0.8612268518518519,15.222513062355347,0.8369489153254024,ELECTRE-III,1
1951,0236,0,0,"[53.31477643458371, 65.10953641414442]","[np.float64(55.23524104763229), np.float64(60.14537012990487)]",2026-06-14 06:20:20,559.154239641927,1,5.285228402295399,386.4886823051268,29.113438993099532,53.130480855303844,14.332698247540531,3,3,3,1463,12,0.8613425925925926,19.50075380309609,0.8369489153254024,ELECTRE-III,1
1952,0303,0,0,"[51.54001325045843, 64.28732507204745]","[np.float64(51.08968389897639), np.float64(58.48733728972557)]",2026-06-14 06:20:50,328.1595218642577,1,4.125018071121543,406.09565864614075,30.334132633168196,55.53356680155694,10.456318604082618,4,4,3,749,11,0.8616898148148148,13.903077863341878,0.7655703289013296,ELECTRE-III,1
1953,0303,0,0,"[50.947555811662355, 64.0252643739724]","[np.float64(51.08968389897639), np.float64(58.48733728972557)]",2026-06-14 06:21:00,328.1595218642577,1,4.125018071121543,387.6044544498282,29.18370168832118,55.55241470857159,7.456318604082618,4,4,3,749,11,0.8618055555555556,4.009096381860395,0.7655703289013296,ELECTRE-III,1
1954,0303,0,0,"[50.354702221894414, 63.76874978950341]","[np.float64(51.08968389897639), np.float64(58.48733728972557)]",2026-06-14 06:21:10,328.1595218642577,1,4.125018071121543,380.5735607418965,28.73934563333136,55.57124212501873,1.4563186040826182,4,4,3,749,11,0.8619212962962963,0.0,0.7655703289013296,ELECTRE-III,1
1955,0303,0,0,"[49.761462726438374, 63.51753543183034]","[np.float64(51.08968389897639), np.float64(58.48733728972557)]",2026-06-14 06:21:20,328.1595218642577,1,4.125018071121543,385.6318892288335,29.059419563711607,55.59005246599294,8.456318604082618,4,4,3,749,11,0.862037037037037,16.21465193741595,0.7655703289013296,ELECTRE-III,1
1956,0978,0,0,"[49.761462726438374, 63.51753543183034]","[np.float64(47.72787662898534), np.float64(67.74428874484721)]",2026-06-14 06:21:20,536.1554794722927,1,2.0440257513388076,383.54891932183716,28.927855352259503,62.04847785457648,10.710917415608993,1,1,1,607,9,0.862037037037037,16.74517667486825,0.6014695591322603,ELECTRE-III,1
1957,0303,0,0,"[49.16786123095632, 63.27139590471059]","[np.float64(51.08968389897639), np.float64(58.48733728972557)]",2026-06-14 06:21:30,328.1595218642577,1,4.125018071121543,402.32524591508775,30.10170036586647,55.608842316399645,9.456318604082618,4,4,3,749,11,0.8621527777777778,10.318471381860396,0.7655703289013296,ELECTRE-III,1
1958,0978,0,0,"[49.16786123095632, 63.27139590471059]","[np.float64(47.72787662898534), np.float64(67.74428874484721)]",2026-06-14 06:21:30,536.1554794722927,1,2.0440257513388076,366.6263631059273,27.846600642310648,62.06450147836934,6.710917415608993,1,1,1,607,9,0.8621527777777778,13.608139637831215,0.6014695591322603,ELECTRE-III,1
1959,0978,0,0,"[48.5739113958266, 63.03009898171238]","[np.float64(47.72787662898534), np.float64(67.74428874484721)]",2026-06-14 06:21:40,536.1554794722927,1,2.0440257513388076,362.0920497703092,27.553142096406145,62.080497781405505,7.710917415608993,1,1,1,607,9,0.8622685185185185,0.8127692674608449,0.6014695591322603,ELECTRE-III,1
1960,0978,0,0,"[47.97962688142754, 62.79344658734978]","[np.float64(47.72787662898534), np.float64(67.74428874484721)]",2026-06-14 06:21:50,536.1554794722927,1,2.0440257513388076,370.4004300165463,28.089652058944864,62.09645993349582,2.710917415608993,1,1,1,607,9,0.8623842592592592,7.022838711905289,0.6014695591322603,ELECTRE-III,1
1961,0978,0,0,"[47.38502476323208, 62.56123381594768]","[np.float64(47.72787662898534), np.float64(67.74428874484721)]",2026-06-14 06:22:00,536.1554794722927,1,2.0440257513388076,390.733595793508,29.38023800569429,62.11239476482947,7.710917415608993,1,1,1,607,9,0.8625,4.260917415608993,0.6014695591322603,ELECTRE-III,1
1962,0339,0,0,"[40.82692983918513, 60.252623046294204]","[np.float64(37.63349883259237), np.float64(62.07852203269452)]",2026-06-14 06:23:50,698.5886397039611,1,7.256866099771059,388.3367723082647,29.22976515718208,66.30197816020193,6.0817784852352545,2,2,2,1136,11,0.8637731481481481,3.4904590407908103,0.7655703289013296,ELECTRE-III,1
1963,0339,0,0,"[40.22941806040324, 60.0614802023714]","[np.float64(37.63349883259237), np.float64(62.07852203269452)]",2026-06-14 06:24:00,698.5886397039611,1,7.256866099771059,337.26000000053267,25.918149053441244,66.33023465279827,3.0817784852352545,2,2,2,1136,11,0.8638888888888889,8.265111818568588,0.7655703289013296,ELECTRE-III,1
1964,0339,0,0,"[39.631721866513764, 59.872953320900706]","[np.float64(37.63349883259237), np.float64(62.07852203269452)]",2026-06-14 06:24:10,698.5886397039611,1,7.256866099771059,293.359234805132,22.91416123701575,66.3584706548271,7.0817784852352545,2,2,2,1136,11,0.8640046296296297,2.7617553370871066,0.7655703289013296,ELECTRE-III,1
1965,0529,0,0,"[39.631721866513764, 59.872953320900706]","[np.float64(36.51902058184984), np.float64(59.72325204619496)]",2026-06-14 06:24:10,945.5980186137934,2,4.3554243224189495,346.3648680033977,26.523087254718273,65.23379804571447,3.9618371779142674,2,2,2,1151,11,0.8640046296296297,5.689846437173527,0.7655703289013296,ELECTRE-III,1
1966,0339,0,0,"[39.03384808770587, 59.68694677923375]","[np.float64(37.63349883259237), np.float64(62.07852203269452)]",2026-06-14 06:24:20,698.5886397039611,1,7.256866099771059,260.29103462119133,20.55901525933321,66.38669299647759,11.081778485235255,2,2,2,1136,11,0.8641203703703704,13.674139596346365,0.7655703289013296,ELECTRE-III,1
1967,0529,0,0,"[39.03384808770587, 59.68694677923375]","[np.float64(36.51902058184984), np.float64(59.72325204619496)]",2026-06-14 06:24:20,945.5980186137934,2,4.3554243224189495,279.65465118116765,21.94749232230317,65.26398748184592,6.961837177914267,2,2,2,1151,11,0.8641203703703704,0.912994585321675,0.7655703289013296,ELECTRE-III,1
1968,0339,0,0,"[38.43580696926331, 59.503364954722144]","[np.float64(37.63349883259237), np.float64(62.07852203269452)]",2026-06-14 06:24:30,698.5886397039611,1,7.256866099771059,242.52802813949432,19.262683487479432,66.41488801737141,9.081778485235255,2,2,2,1136,11,0.8642361111111111,6.489070151901921,0.7655703289013296,ELECTRE-III,1
1969,0529,0,0,"[38.43580696926331, 59.503364954722144]","[np.float64(36.51902058184984), np.float64(59.72325204619496)]",2026-06-14 06:24:30,945.5980186137934,2,4.3554243224189495,214.018410244952,17.138918961544057,65.29416325759904,9.961837177914267,2,2,2,1151,11,0.8642361111111111,11.69030940013649,0.7655703289013296,ELECTRE-III,1
1970,0787,0,0,"[38.43580696926331, 59.503364954722144]","[np.float64(35.28727051853969), np.float64(60.64861696025564)]",2026-06-14 06:24:30,2.448866274536027,1,6.401674416990003,364.6166838086529,27.716729919221184,66.49471243820135,1.7109174156089928,3,3,3,1148,12,0.8642361111111111,0.0,0.8369489153254024,ELECTRE-III,1
1971,0339,0,0,"[37.83760192628067, 59.322112224717515]","[np.float64(37.63349883259237), np.float64(62.07852203269452)]",2026-06-14 06:24:40,698.5886397039611,1,7.256866099771059,243.44413679783543,19.33005715213429,66.44306937788689,10.081778485235255,2,2,2,1136,11,0.8643518518518518,3.16696367042044,0.7655703289013296,ELECTRE-III,1
1972,0529,0,0,"[37.83760192628067, 59.322112224717515]","[np.float64(36.51902058184984), np.float64(59.72325204619496)]",2026-06-14 06:24:40,945.5980186137934,2,4.3554243224189495,150.86496931948955,12.264411418128091,65.32431854278464,3.9618371779142674,2,2,2,1151,11,0.8643518518518518,5.690540881617971,0.7655703289013296,ELECTRE-III,1
1973,0787,0,0,"[37.83760192628067, 59.322112224717515]","[np.float64(35.28727051853969), np.float64(60.64861696025564)]",2026-06-14 06:24:40,2.448866274536027,1,6.401674416990003,307.3267853728892,23.885390606464643,66.52566002533068,1.7109174156089928,3,3,3,1148,12,0.8643518518518518,0.0,0.8369489153254024,ELECTRE-III,1
1974,0339,0,0,"[37.2392432040417, 59.143113457138995]","[np.float64(37.63349883259237), np.float64(62.07852203269452)]",2026-06-14 06:24:50,698.5886397039611,1,7.256866099771059,262.8432662521963,20.743515586742003,66.47123024783484,8.081778485235255,2,2,2,1136,11,0.8644675925925925,3.7594405222722918,0.7655703289013296,ELECTRE-III,1
1975,0529,0,0,"[37.2392432040417, 59.143113457138995]","[np.float64(36.51902058184984), np.float64(59.72325204619496)]",2026-06-14 06:24:50,945.5980186137934,2,4.3554243224189495,95.26889294614891,7.816427264038522,65.35446699778107,8.961837177914267,2,2,2,1151,11,0.8644675925925925,6.36843440013649,0.7655703289013296,ELECTRE-III,1
1976,0787,0,0,"[37.2392432040417, 59.143113457138995]","[np.float64(35.28727051853969), np.float64(60.64861696025564)]",2026-06-14 06:24:50,2.448866274536027,1,6.401674416990003,255.58780183215237,20.21785097636925,66.55658712189249,4.710917415608993,3,3,3,1148,12,0.8644675925925925,0.38857945264603,0.8369489153254024,ELECTRE-III,1
1977,0339,0,0,"[36.64073421764099, 58.96627302933819]","[np.float64(37.63349883259237), np.float64(62.07852203269452)]",2026-06-14 06:25:00,698.5886397039611,1,7.256866099771059,297.1278500573538,23.17761253379711,66.49937745740446,5.0817784852352545,2,2,2,1136,11,0.8645833333333334,4.2171951519019215,0.7655703289013296,ELECTRE-III,1
1978,0529,0,0,"[36.64073421764099, 58.96627302933819]","[np.float64(36.51902058184984), np.float64(59.72325204619496)]",2026-06-14 06:25:00,945.5980186137934,2,4.3554243224189495,68.93407225845218,5.672505050293834,65.38460179239917,3.9618371779142674,2,2,2,1151,11,0.8645833333333334,4.8264205112476,0.7655703289013296,ELECTRE-III,1
1979,0772,0,0,"[36.64073421764099, 58.96627302933819]","[np.float64(36.89536425576142), np.float64(54.41412768160019)]",2026-06-14 06:25:00,760.2042940469432,2,3.5492263570222997,406.42847796139546,30.35459698184316,61.319177575759205,1.33637729676163,4,4,3,653,3,0.8645833333333334,0.0,0.13750874737578728,ELECTRE-III,1
1980,0787,0,0,"[36.64073421764099, 58.96627302933819]","[np.float64(35.28727051853969), np.float64(60.64861696025564)]",2026-06-14 06:25:00,2.448866274536027,1,6.401674416990003,213.47514380264874,17.09795351521636,66.58750738826514,0.0,3,3,3,1148,12,0.8645833333333334,0.0,0.8369489153254024,ELECTRE-III,1
1981,0339,0,0,"[36.04207838217313, 58.79152263942341]","[np.float64(37.63349883259237), np.float64(62.07852203269452)]",2026-06-14 06:25:10,698.5886397039611,1,7.256866099771059,341.8475414300548,26.223737123605332,66.5274973462174,7.0817784852352545,2,2,2,1136,11,0.8646990740740741,14.86407015190192,0.7655703289013296,ELECTRE-III,1
1982,0529,0,0,"[36.04207838217313, 58.79152263942341]","[np.float64(36.51902058184984), np.float64(59.72325204619496)]",2026-06-14 06:25:10,945.5980186137934,2,4.3554243224189495,98.93261111394224,8.113091134728327,65.41471609644977,7.961837177914267,2,2,2,1151,11,0.8646990740740741,1.9089436593957485,0.7655703289013296,ELECTRE-III,1
1983,0772,0,0,"[36.04207838217313, 58.79152263942341]","[np.float64(36.89536425576142), np.float64(54.41412768160019)]",2026-06-14 06:25:10,760.2042940469432,2,3.5492263570222997,402.72443527276636,30.126360930738038,61.35045984215786,10.33637729676163,4,4,3,653,3,0.8646990740740741,16.38927081528015,0.13750874737578728,ELECTRE-III,1
1984,0787,0,0,"[36.04207838217313, 58.79152263942341]","[np.float64(35.28727051853969), np.float64(60.64861696025564)]",2026-06-14 06:25:10,2.448866274536027,1,6.401674416990003,187.5874975531806,15.12554068429847,66.61841399425944,0.0,3,3,3,1148,12,0.8646990740740741,7.782291666666667,0.8369489153254024,ELECTRE-III,1
1985,0339,0,0,"[35.44328594292187, 58.618780325124625]","[np.float64(37.63349883259237), np.float64(62.07852203269452)]",2026-06-14 06:25:20,698.5886397039611,1,7.256866099771059,393.4603245024593,29.550882859587983,66.55559674446285,6.0817784852352545,2,2,2,1136,11,0.8648148148148148,7.811408114864884,0.7655703289013296,ELECTRE-III,1
1986,0529,0,0,"[35.44328594292187, 58.618780325124625]","[np.float64(36.51902058184984), np.float64(59.72325204619496)]",2026-06-14 06:25:20,945.5980186137934,2,4.3554243224189495,155.5111950427286,12.63017592015602,65.44482357031117,1.9618371779142674,2,2,2,1151,11,0.8648148148148148,0.0,0.7655703289013296,ELECTRE-III,1
1987,0787,0,0,"[35.44328594292187, 58.618780325124625]","[np.float64(35.28727051853969), np.float64(60.64861696025564)]",2026-06-14 06:25:20,2.448866274536027,1,6.401674416990003,184.8723414610601,14.916437998129483,66.64930010968625,0.0,3,3,3,1148,12,0.8648148148148148,0.0,0.8369489153254024,ELECTRE-III,1
1988,0529,0,0,"[34.84436031498179, 58.44797778455011]","[np.float64(36.51902058184984), np.float64(59.72325204619496)]",2026-06-14 06:25:30,945.5980186137934,2,4.3554243224189495,218.95262858183756,17.510157258019163,65.47491055360508,1.9618371779142674,2,2,2,1151,11,0.8649305555555555,0.0,0.7655703289013296,ELECTRE-III,1
1989,0787,0,0,"[34.84436031498179, 58.44797778455011]","[np.float64(35.28727051853969), np.float64(60.64861696025564)]",2026-06-14 06:25:30,2.448866274536027,1,6.401674416990003,206.24647735727072,16.55116616566914,66.68017939492387,0.0,3,3,3,1148,12,0.8649305555555555,1.729861111111111,0.8369489153254024,ELECTRE-III,1
1990,0529,0,0,"[34.245308328542066, 58.27903988561902]","[np.float64(36.51902058184984), np.float64(59.72325204619496)]",2026-06-14 06:25:40,945.5980186137934,2,4.3554243224189495,284.70587718192587,22.305352013455387,65.50498387652065,7.961837177914267,2,2,2,1151,11,0.8650462962962963,10.556976066803156,0.7655703289013296,ELECTRE-III,1
1991,0787,0,0,"[34.245308328542066, 58.27903988561902]","[np.float64(35.28727051853969), np.float64(60.64861696025564)]",2026-06-14 06:25:40,2.448866274536027,1,6.401674416990003,245.49687411385216,19.48082044173043,66.71103818959399,3.710917415608993,3,3,3,1148,12,0.8650462962962963,1.1157785267201041,0.8369489153254024,ELECTRE-III,1
1992,0529,0,0,"[33.64613339869728, 58.11190515662881]","[np.float64(36.51902058184984), np.float64(59.72325204619496)]",2026-06-14 06:25:50,945.5980186137934,2,4.3554243224189495,351.4759930580513,26.859913823450533,65.53504353905788,10.961837177914267,2,2,2,1151,11,0.8651620370370371,14.422485326062416,0.7655703289013296,ELECTRE-III,1
1993,0787,0,0,"[33.64613339869728, 58.11190515662881]","[np.float64(35.28727051853969), np.float64(60.64861696025564)]",2026-06-14 06:25:50,2.448866274536027,1,6.401674416990003,295.58565775605376,23.069927632150794,66.74189015407494,2.710917415608993,3,3,3,1148,12,0.8651620370370371,0.0,0.8369489153254024,ELECTRE-III,1
1994,0787,0,0,"[33.046838940542024, 57.94649846549861]","[np.float64(35.28727051853969), np.float64(60.64861696025564)]",2026-06-14 06:26:00,2.448866274536027,1,6.401674416990003,351.9156517003071,26.88879457043311,66.77272162798837,0.0,3,3,3,1148,12,0.8652777777777778,4.326388888888889,0.8369489153254024,ELECTRE-III,1
1995,0594,1,0,"[30.048747894932436, 57.1434526342127]","[np.float64(27.06543720001891), np.float64(56.14235632273806)]",2026-06-14 06:26:50,700.3641083207075,1,3.993433195379697,345.83251395644703,26.48789034180879,65.13771094447073,3.5836180098458055,4,4,3,679,11,0.8658564814814815,0.0,0.7655703289013296,ELECTRE-III,1
1996,0594,1,0,"[29.44883530465729, 56.98724620789451]","[np.float64(27.06543720001891), np.float64(56.14235632273806)]",2026-06-14 06:27:00,700.3641083207075,1,3.993433195379697,277.63783723389986,21.804102362547926,65.17475789052887,2.5836180098458055,4,4,3,679,11,0.8659722222222223,8.645423565401362,0.7655703289013296,ELECTRE-III,1
1997,0133,0,0,"[28.848833921922935, 56.83238874393739]","[np.float64(25.56539114408521), np.float64(56.00579791249965)]",2026-06-14 06:27:10,319.8847318897052,1,5.249544669639646,374.13725401372443,28.329225587466436,65.11875033933477,2.9581581286931673,4,4,3,742,10,0.866087962962963,0.0,0.655703289013296,ELECTRE-III,1
1998,0594,1,0,"[28.848833921922935, 56.83238874393739]","[np.float64(27.06543720001891), np.float64(56.14235632273806)]",2026-06-14 06:27:10,700.3641083207075,1,3.993433195379697,209.56493066190697,16.802570743550703,65.21180483658702,0.0,4,4,3,679,11,0.866087962962963,2.598263888888889,0.7655703289013296,ELECTRE-III,1
1999,0670,0,0,"[28.848833921922935, 56.83238874393739]","[np.float64(25.3434923222493), np.float64(56.1451305277499)]",2026-06-14 06:27:10,385.60695578812255,1,6.546943964182728,395.66614970708423,29.688508156448172,65.24163910288163,0.0,4,4,3,582,11,0.866087962962963,1.732175925925926,0.7655703289013296,ELECTRE-III,1
2000,0133,0,0,"[28.248747161823957, 56.67883243101716]","[np.float64(25.56539114408521), np.float64(56.00579791249965)]",2026-06-14 06:27:20,319.8847318897052,1,5.249544669639646,305.74583100769365,23.7761761286455,65.15632320995901,6.958158128693167,4,4,3,742,10,0.8662037037037037,11.289176647211686,0.655703289013296,ELECTRE-III,1
2001,0594,1,0,"[28.248747161823957, 56.67883243101716]","[np.float64(27.06543720001891), np.float64(56.14235632273806)]",2026-06-14 06:27:20,700.3641083207075,1,3.993433195379697,141.79020047430248,11.54710694844151,65.248844952456,3.5836180098458055,4,4,3,679,11,0.8662037037037037,8.780840232068027,0.7655703289013296,ELECTRE-III,1
2001,0594,1,0,"[28.248747161823957, 56.67883243101716]","[np.float64(27.06543720001891), np.float64(56.14235632273806)]",2026-06-14 06:27:20,700.3641083207075,1,3.993433195379697,141.79020047430248,11.54710694844151,65.248844952456,3.5836180098458055,4,4,3,679,11,0.8662037037037037,8.780840232068027,0.7655703289013296,ELECTRE-III,1
2002,0670,0,0,"[28.248747161823957, 56.67883243101716]","[np.float64(25.3434923222493), np.float64(56.1451305277499)]",2026-06-14 06:27:20,385.60695578812255,1,6.546943964182728,327.3627064845085,25.253448106589595,65.2792734452084,5.707238366387893,4,4,3,582,11,0.8662037037037037,12.636867996017521,0.7655703289013296,ELECTRE-III,1
2003,0133,0,0,"[27.648576731907642, 56.526526042715055]","[np.float64(25.56539114408521), np.float64(56.00579791249965)]",2026-06-14 06:27:30,319.8847318897052,1,5.249544669639646,237.35364643863826,18.88110531256378,65.19389608058324,5.958158128693167,4,4,3,742,10,0.8663194444444444,9.423435906470946,0.655703289013296,ELECTRE-III,1
2004,0594,1,0,"[27.648576731907642, 56.526526042715055]","[np.float64(27.06543720001891), np.float64(56.14235632273806)]",2026-06-14 06:27:30,700.3641083207075,1,3.993433195379697,75.12626728553884,6.178273473783432,65.28589189851415,5.5836180098458055,4,4,3,679,11,0.8663194444444444,13.380493009845805,0.7655703289013296,ELECTRE-III,1
2004,0594,1,0,"[27.648576731907642, 56.526526042715055]","[np.float64(27.06543720001891), np.float64(56.14235632273806)]",2026-06-14 06:27:30,700.3641083207075,1,3.993433195379697,75.12626728553884,6.178273473783432,65.28589189851415,5.5836180098458055,4,4,3,679,11,0.8663194444444444,13.380493009845805,0.7655703289013296,ELECTRE-III,1
2005,0670,0,0,"[27.648576731907642, 56.526526042715055]","[np.float64(25.3434923222493), np.float64(56.1451305277499)]",2026-06-14 06:27:30,385.60695578812255,1,6.546943964182728,259.108326793651,20.47336593089975,65.31690778753517,7.707238366387893,4,4,3,582,11,0.8663194444444444,8.573557810832337,0.7655703289013296,ELECTRE-III,1
2006,0714,0,0,"[27.648576731907642, 56.526526042715055]","[np.float64(24.60431228843975), np.float64(54.75734952573463)]",2026-06-14 06:27:30,220.4632007416474,1,5.79697587832767,381.79817812963665,28.81701637672101,64.0347173557837,9.954479079472067,1,1,1,631,11,0.8663194444444444,17.751354079472065,0.7655703289013296,ELECTRE-III,1
2007,0133,0,0,"[27.04832604726858, 56.375432012990615]","[np.float64(25.56539114408521), np.float64(56.00579791249965)]",2026-06-14 06:27:40,319.8847318897052,1,5.249544669639646,168.96090621039775,13.683006015604258,65.23146212101831,2.9581581286931673,4,4,3,742,10,0.8664351851851851,10.756074795359833,0.655703289013296,ELECTRE-III,1
2008,0201,1,0,"[27.04832604726858, 56.375432012990615]","[np.float64(24.20045769327871), np.float64(54.69813255673586)]",2026-06-14 06:27:40,595.3449990550001,1,6.459423516674506,358.53618699663224,27.321905098363285,63.99486320197668,13.707238366387893,4,4,3,686,7,0.8664351851851851,17.172979107128633,0.4688593421973408,ELECTRE-III,1
2009,0594,1,0,"[27.04832604726858, 56.375432012990615]","[np.float64(27.06543720001891), np.float64(56.14235632273806)]",2026-06-14 06:27:40,700.3641083207075,1,3.993433195379697,23.158697790091335,1.911244164401824,65.32293201438313,0.0,4,4,3,679,11,0.8664351851851851,0.8664351851851851,0.7655703289013296,ELECTRE-III,1
2009,0594,1,0,"[27.04832604726858, 56.375432012990615]","[np.float64(27.06543720001891), np.float64(56.14235632273806)]",2026-06-14 06:27:40,700.3641083207075,1,3.993433195379697,23.158697790091335,1.911244164401824,65.32293201438313,0.0,4,4,3,679,11,0.8664351851851851,0.8664351851851851,0.7655703289013296,ELECTRE-III,1
2010,0670,0,0,"[27.04832604726858, 56.375432012990615]","[np.float64(25.3434923222493), np.float64(56.1451305277499)]",2026-06-14 06:27:40,385.60695578812255,1,6.546943964182728,190.95649420865107,15.384424808246331,65.35454212986195,0.7072383663878927,4,4,3,582,11,0.8664351851851851,0.7072383663878927,0.7655703289013296,ELECTRE-III,1
2011,0714,0,0,"[27.04832604726858, 56.375432012990615]","[np.float64(24.60431228843975), np.float64(54.75734952573463)]",2026-06-14 06:27:40,220.4632007416474,1,5.79697587832767,316.34802177715903,24.5050585470211,64.07253611321806,6.954479079472067,1,1,1,631,11,0.8664351851851851,11.286655005397993,0.7655703289013296,ELECTRE-III,1
2012,0133,0,0,"[26.448001938095945, 56.22550253051966]","[np.float64(25.56539114408521), np.float64(56.00579791249965)]",2026-06-14 06:27:50,319.8847318897052,1,5.249544669639646,100.56795429152533,8.245370229531336,65.26903499164256,10.958158128693167,4,4,3,742,10,0.866550925925926,14.42436183239687,0.655703289013296,ELECTRE-III,1
2013,0138,0,0,"[26.448001938095945, 56.22550253051966]","[np.float64(24.06850013242735), np.float64(59.08742500385519)]",2026-06-14 06:27:50,25.213356570008642,1,4.827310093995936,390.9181764962914,29.391807604985118,68.02287164234332,2.0854575344563555,4,4,3,1475,3,0.866550925925926,3.8185593863082072,0.13750874737578728,ELECTRE-III,1
2014,0201,1,0,"[26.448001938095945, 56.22550253051966]","[np.float64(24.20045769327871), np.float64(54.69813255673586)]",2026-06-14 06:27:50,595.3449990550001,1,6.459423516674506,293.2908383928296,22.909370357884114,64.03276392168108,13.707238366387893,4,4,3,686,7,0.866550925925926,11.107585588610114,0.4688593421973408,ELECTRE-III,1
2015,0594,1,0,"[26.448001938095945, 56.22550253051966]","[np.float64(27.06543720001891), np.float64(56.14235632273806)]",2026-06-14 06:27:50,700.3641083207075,1,3.993433195379697,69.15031693272842,5.69018298117746,65.35997896044128,4.5836180098458055,4,4,3,679,11,0.866550925925926,5.450168935771732,0.7655703289013296,ELECTRE-III,1
2015,0594,1,0,"[26.448001938095945, 56.22550253051966]","[np.float64(27.06543720001891), np.float64(56.14235632273806)]",2026-06-14 06:27:50,700.3641083207075,1,3.993433195379697,69.15031693272842,5.69018298117746,65.35997896044128,4.5836180098458055,4,4,3,679,11,0.866550925925926,5.450168935771732,0.7655703289013296,ELECTRE-III,1
2016,0670,0,0,"[26.448001938095945, 56.22550253051966]","[np.float64(25.3434923222493), np.float64(56.1451305277499)]",2026-06-14 06:27:50,385.60695578812255,1,6.546943964182728,123.07888295521983,10.056675829719472,65.39217647218872,0.0,4,4,3,582,11,0.866550925925926,0.0,0.7655703289013296,ELECTRE-III,1
2017,0714,0,0,"[26.448001938095945, 56.22550253051966]","[np.float64(24.60431228843975), np.float64(54.75734952573463)]",2026-06-14 06:27:50,220.4632007416474,1,5.79697587832767,252.4430089555056,19.988893909556303,64.11035487065243,12.954479079472067,1,1,1,631,11,0.866550925925926,12.087928153546141,0.7655703289013296,ELECTRE-III,1
2018,0133,0,0,"[25.847602696842436, 56.07669661416718]","[np.float64(25.56539114408521), np.float64(56.00579791249965)]",2026-06-14 06:28:00,319.8847318897052,1,5.249544669639646,32.174450433307335,2.6543821082072507,65.30660103207762,4.958158128693167,4,4,3,742,10,0.8666666666666667,4.958158128693167,0.655703289013296,ELECTRE-III,1
2019,0138,0,0,"[25.847602696842436, 56.07669661416718]","[np.float64(24.06850013242735), np.float64(59.08742500385519)]",2026-06-14 06:28:00,25.213356570008642,1,4.827310093995936,362.27258910078325,27.564856674343794,68.06085432431776,8.085457534456356,4,4,3,1475,3,0.8666666666666667,8.085457534456356,0.13750874737578728,ELECTRE-III,1
2020,0201,1,0,"[25.847602696842436, 56.07669661416718]","[np.float64(24.20045769327871), np.float64(54.69813255673586)]",2026-06-14 06:28:00,595.3449990550001,1,6.459423516674506,229.86187282039126,18.32554560687299,64.07067147157466,5.707238366387893,4,4,3,686,7,0.8666666666666667,0.0,0.4688593421973408,ELECTRE-III,1
2021,0594,1,0,"[25.847602696842436, 56.07669661416718]","[np.float64(27.06543720001891), np.float64(56.14235632273806)]",2026-06-14 06:28:00,700.3641083207075,1,3.993433195379697,135.57485979759127,11.05368250410099,65.39701907631026,6.5836180098458055,4,4,3,679,11,0.8666666666666667,3.9836180098458054,0.7655703289013296,ELECTRE-III,1
2021,0594,1,0,"[25.847602696842436, 56.07669661416718]","[np.float64(27.06543720001891), np.float64(56.14235632273806)]",2026-06-14 06:28:00,700.3641083207075,1,3.993433195379697,135.57485979759127,11.05368250410099,65.39701907631026,6.5836180098458055,4,4,3,679,11,0.8666666666666667,3.9836180098458054,0.7655703289013296,ELECTRE-III,1
2022,0670,0,0,"[25.847602696842436, 56.07669661416718]","[np.float64(25.3434923222493), np.float64(56.1451305277499)]",2026-06-14 06:28:00,385.60695578812255,1,6.546943964182728,56.4731322200654,4.652101680902113,65.42981764470466,4.707238366387893,4,4,3,582,11,0.8666666666666667,0.3739050330545588,0.7655703289013296,ELECTRE-III,1
2023,0714,0,0,"[25.847602696842436, 56.07669661416718]","[np.float64(24.60431228843975), np.float64(54.75734952573463)]",2026-06-14 06:28:00,220.4632007416474,1,5.79697587832767,191.63567187157503,15.436537410845126,64.14817362808678,10.954479079472067,1,1,1,631,11,0.8666666666666667,17.021145746138735,0.7655703289013296,ELECTRE-III,1
2024,0133,0,0,"[25.24713515369723, 55.92897328279815]","[np.float64(25.56539114408521), np.float64(56.00579791249965)]",2026-06-14 06:28:10,319.8847318897052,1,5.249544669639646,36.21999441211581,2.9875672689693222,65.34417390270187,7.958158128693167,4,4,3,742,10,0.8667824074074074,2.757463684248723,0.655703289013296,ELECTRE-III,1
2025,0138,0,0,"[25.24713515369723, 55.92897328279815]","[np.float64(24.06850013242735), np.float64(59.08742500385519)]",2026-06-14 06:28:10,25.213356570008642,1,4.827310093995936,345.0243300537897,26.43441555758538,68.0988370062922,4.0854575344563555,4,4,3,1475,3,0.8667824074074074,1.4851103122341334,0.13750874737578728,ELECTRE-III,1
2026,0201,1,0,"[25.24713515369723, 55.92897328279815]","[np.float64(24.20045769327871), np.float64(54.69813255673586)]",2026-06-14 06:28:10,595.3449990550001,1,6.459423516674506,170.2928769444324,13.786772743967985,64.10857902146822,13.707238366387893,4,4,3,686,7,0.8667824074074074,18.907932810832335,0.4688593421973408,ELECTRE-III,1
2026,0201,1,0,"[25.24713515369723, 55.92897328279815]","[np.float64(24.20045769327871), np.float64(54.69813255673586)]",2026-06-14 06:28:10,595.3449990550001,1,6.459423516674506,170.2928769444324,13.786772743967985,64.10857902146822,13.707238366387893,4,4,3,686,7,0.8667824074074074,18.907932810832335,0.4688593421973408,ELECTRE-III,1
2027,0594,1,0,"[25.24713515369723, 55.92897328279815]","[np.float64(27.06543720001891), np.float64(56.14235632273806)]",2026-06-14 06:28:10,700.3641083207075,1,3.993433195379697,203.3046754461673,16.32774661855717,65.43405919217923,0.0,4,4,3,679,11,0.8667824074074074,6.934259259259259,0.7655703289013296,ELECTRE-III,1
2027,0594,1,0,"[25.24713515369723, 55.92897328279815]","[np.float64(27.06543720001891), np.float64(56.14235632273806)]",2026-06-14 06:28:10,700.3641083207075,1,3.993433195379697,203.3046754461673,16.32774661855717,65.43405919217923,0.0,4,4,3,679,11,0.8667824074074074,6.934259259259259,0.7655703289013296,ELECTRE-III,1
2028,0670,0,0,"[25.24713515369723, 55.92897328279815]","[np.float64(25.3434923222493), np.float64(56.1451305277499)]",2026-06-14 06:28:10,385.60695578812255,1,6.546943964182728,24.22883734818814,1.9994906819679499,65.46745198703142,5.707238366387893,4,4,3,582,11,0.8667824074074074,10.907932810832337,0.7655703289013296,ELECTRE-III,1
2029,0714,0,0,"[25.24713515369723, 55.92897328279815]","[np.float64(24.60431228843975), np.float64(54.75734952573463)]",2026-06-14 06:28:10,220.4632007416474,1,5.79697587832767,138.08287478096193,11.25299332332283,64.18598555533198,9.954479079472067,1,1,1,631,11,0.8667824074074074,16.888738338731326,0.7655703289013296,ELECTRE-III,1
2030,0133,0,0,"[24.64660101620761, 55.78229838546671]","[np.float64(25.56539114408521), np.float64(56.00579791249965)]",2026-06-14 06:28:20,319.8847318897052,1,5.249544669639646,104.61402423748896,8.572264471320008,65.38174677332611,3.9581581286931673,4,4,3,742,10,0.8668981481481481,1.3574636842487227,0.655703289013296,ELECTRE-III,1
2031,0138,0,0,"[24.64660101620761, 55.78229838546671]","[np.float64(24.06850013242735), np.float64(59.08742500385519)]",2026-06-14 06:28:20,25.213356570008642,1,4.827310093995936,340.9064571181272,26.161179116234162,68.13681968826664,4.0854575344563555,4,4,3,1475,3,0.8668981481481481,0.617864941863763,0.13750874737578728,ELECTRE-III,1
2032,0201,1,0,"[24.64660101620761, 55.78229838546671]","[np.float64(24.20045769327871), np.float64(54.69813255673586)]",2026-06-14 06:28:20,595.3449990550001,1,6.459423516674506,120.45524247348595,9.846540581818688,64.14647974117263,5.707238366387893,4,4,3,686,7,0.8668981481481481,1.3727476256471522,0.4688593421973408,ELECTRE-III,1
2032,0201,1,0,"[24.64660101620761, 55.78229838546671]","[np.float64(24.20045769327871), np.float64(54.69813255673586)]",2026-06-14 06:28:20,595.3449990550001,1,6.459423516674506,120.45524247348595,9.846540581818688,64.14647974117263,5.707238366387893,4,4,3,686,7,0.8668981481481481,1.3727476256471522,0.4688593421973408,ELECTRE-III,1
2033,0594,1,0,"[24.64660101620761, 55.78229838546671]","[np.float64(27.06543720001891), np.float64(56.14235632273806)]",2026-06-14 06:28:20,700.3641083207075,1,3.993433195379697,271.3644567984784,21.356247195172156,65.47109930804821,0.0,4,4,3,679,11,0.8668981481481481,0.0,0.7655703289013296,ELECTRE-III,1
2034,0670,0,0,"[24.64660101620761, 55.78229838546671]","[np.float64(25.3434923222493), np.float64(56.1451305277499)]",2026-06-14 06:28:20,385.60695578812255,1,6.546943964182728,85.68503743683208,7.038430719014139,65.50508632935819,0.0,4,4,3,582,11,0.8668981481481481,0.0,0.7655703289013296,ELECTRE-III,1
2035,0714,0,0,"[24.64660101620761, 55.78229838546671]","[np.float64(24.60431228843975), np.float64(54.75734952573463)]",2026-06-14 06:28:20,220.4632007416474,1,5.79697587832767,103.71030405456352,8.499298166148018,64.22380431276633,11.954479079472067,1,1,1,631,11,0.8668981481481481,6.753090190583178,0.7655703289013296,ELECTRE-III,1
2036,0133,0,0,"[24.046001991920882, 55.63662752594326]","[np.float64(25.56539114408521), np.float64(56.00579791249965)]",2026-06-14 06:28:30,319.8847318897052,1,5.249544669639646,173.00864057259497,13.998057323798493,65.41931281376118,4.958158128693167,4,4,3,742,10,0.8670138888888889,12.761283128693167,0.655703289013296,ELECTRE-III,1
2037,0138,0,0,"[24.046001991920882, 55.63662752594326]","[np.float64(24.06850013242735), np.float64(59.08742500385519)]",2026-06-14 06:28:30,25.213356570008642,1,4.827310093995936,350.38209548611115,26.78799274993452,68.17480237024108,5.0854575344563555,4,4,3,1475,3,0.8670138888888889,10.287540867789689,0.13750874737578728,ELECTRE-III,1
2038,0201,1,0,"[24.046001991920882, 55.63662752594326]","[np.float64(24.20045769327871), np.float64(54.69813255673586)]",2026-06-14 06:28:30,595.3449990550001,1,6.459423516674506,96.77838088451797,7.938707709980356,64.18438729106619,8.707238366387893,4,4,3,686,7,0.8670138888888889,10.44126614416567,0.4688593421973408,ELECTRE-III,1
2038,0201,1,0,"[24.046001991920882, 55.63662752594326]","[np.float64(24.20045769327871), np.float64(54.69813255673586)]",2026-06-14 06:28:30,595.3449990550001,1,6.459423516674506,96.77838088451797,7.938707709980356,64.18438729106619,8.707238366387893,4,4,3,686,7,0.8670138888888889,10.44126614416567,0.4688593421973408,ELECTRE-III,1
2039,0594,1,0,"[24.046001991920882, 55.63662752594326]","[np.float64(27.06543720001891), np.float64(56.14235632273806)]",2026-06-14 06:28:30,700.3641083207075,1,3.993433195379697,339.5562298419385,26.07130625698009,65.5081394239172,0.5836180098458055,4,4,3,679,11,0.8670138888888889,5.785701343179139,0.7655703289013296,ELECTRE-III,1
2040,0670,0,0,"[24.046001991920882, 55.63662752594326]","[np.float64(25.3434923222493), np.float64(56.1451305277499)]",2026-06-14 06:28:30,385.60695578812255,1,6.546943964182728,153.14710907975513,12.44419694708803,65.54272750187414,6.707238366387893,4,4,3,582,11,0.8670138888888889,0.6381411441656706,0.7655703289013296,ELECTRE-III,1
2041,0714,0,0,"[24.046001991920882, 55.63662752594326]","[np.float64(24.60431228843975), np.float64(54.75734952573463)]",2026-06-14 06:28:30,220.4632007416474,1,5.79697587832767,108.58757479168973,8.892753459205087,64.2616230702007,11.954479079472067,1,1,1,631,11,0.8670138888888889,14.555520746138734,0.7655703289013296,ELECTRE-III,1
2042,0133,0,0,"[23.445343203478913, 55.49192655328196]","[np.float64(25.56539114408521), np.float64(56.00579791249965)]",2026-06-14 06:28:40,319.8847318897052,1,5.249544669639646,241.4033858582067,19.179897806602376,65.45688568438541,4.958158128693167,4,4,3,742,10,0.8671296296296296,0.0,0.655703289013296,ELECTRE-III,1
2043,0138,0,0,"[23.445343203478913, 55.49192655328196]","[np.float64(24.06850013242735), np.float64(59.08742500385519)]",2026-06-14 06:28:40,25.213356570008642,1,4.827310093995936,372.414146349084,28.218888032299162,68.21279188240469,9.085457534456356,4,4,3,1475,3,0.8671296296296296,0.41416123816006056,0.13750874737578728,ELECTRE-III,1
2044,0201,1,0,"[23.445343203478913, 55.49192655328196]","[np.float64(24.20045769327871), np.float64(54.69813255673586)]",2026-06-14 06:28:40,595.3449990550001,1,6.459423516674506,116.48951088428895,9.528406444196303,64.22229484095976,14.707238366387893,4,4,3,686,7,0.8671296296296296,20.7771457737953,0.4688593421973408,ELECTRE-III,1
2044,0201,1,0,"[23.445343203478913, 55.49192655328196]","[np.float64(24.20045769327871), np.float64(54.69813255673586)]",2026-06-14 06:28:40,595.3449990550001,1,6.459423516674506,116.48951088428895,9.528406444196303,64.22229484095976,14.707238366387893,4,4,3,686,7,0.8671296296296296,20.7771457737953,0.4688593421973408,ELECTRE-III,1
2045,0594,1,0,"[23.445343203478913, 55.49192655328196]","[np.float64(27.06543720001891), np.float64(56.14235632273806)]",2026-06-14 06:28:40,700.3641083207075,1,3.993433195379697,407.8137241794507,30.439680882400033,65.54517953978618,4.5836180098458055,4,4,3,679,11,0.8671296296296296,0.0,0.7655703289013296,ELECTRE-III,1
2046,0670,0,0,"[23.445343203478913, 55.49192655328196]","[np.float64(25.3434923222493), np.float64(56.1451305277499)]",2026-06-14 06:28:40,385.60695578812255,1,6.546943964182728,221.1862626318665,17.67771461468993,65.58036184420091,5.707238366387893,4,4,3,582,11,0.8671296296296296,10.04288651453604,0.7655703289013296,ELECTRE-III,1
2047,0714,0,0,"[23.445343203478913, 55.49192655328196]","[np.float64(24.60431228843975), np.float64(54.75734952573463)]",2026-06-14 06:28:40,220.4632007416474,1,5.79697587832767,148.90779090907694,12.110030387549658,64.29944182763506,6.954479079472067,1,1,1,631,11,0.8671296296296296,0.8845716720646601,0.7655703289013296,ELECTRE-III,1
2048,0133,0,0,"[22.844624650881705, 55.348161316536945]","[np.float64(25.56539114408521), np.float64(56.00579791249965)]",2026-06-14 06:28:50,319.8847318897052,1,5.249544669639646,309.79846498412417,24.055768635314852,65.49445855500966,7.958158128693167,4,4,3,742,10,0.8672453703703704,8.825403499063537,0.655703289013296,ELECTRE-III,1
2049,0138,0,0,"[22.844624650881705, 55.348161316536945]","[np.float64(24.06850013242735), np.float64(59.08742500385519)]",2026-06-14 06:28:50,25.213356570008642,1,4.827310093995936,404.9575459942139,30.264087849534352,68.25077456437913,10.085457534456356,4,4,3,1475,3,0.8672453703703704,13.554439015937838,0.13750874737578728,ELECTRE-III,1
2050,0201,1,0,"[22.844624650881705, 55.348161316536945]","[np.float64(24.20045769327871), np.float64(54.69813255673586)]",2026-06-14 06:28:50,595.3449990550001,1,6.459423516674506,164.68470945082768,13.34925415896139,64.26020239085334,12.707238366387893,4,4,3,686,7,0.8672453703703704,13.574483736758264,0.4688593421973408,ELECTRE-III,1
2050,0201,1,0,"[22.844624650881705, 55.348161316536945]","[np.float64(24.20045769327871), np.float64(54.69813255673586)]",2026-06-14 06:28:50,595.3449990550001,1,6.459423516674506,164.68470945082768,13.34925415896139,64.26020239085334,12.707238366387893,4,4,3,686,7,0.8672453703703704,13.574483736758264,0.4688593421973408,ELECTRE-III,1
2051,0670,0,0,"[22.844624650881705, 55.348161316536945]","[np.float64(25.3434923222493), np.float64(56.1451305277499)]",2026-06-14 06:28:50,385.60695578812255,1,6.546943964182728,289.3959750373097,22.63599396518286,65.61800301671686,5.707238366387893,4,4,3,582,11,0.8672453703703704,8.308974477499003,0.7655703289013296,ELECTRE-III,1
2052,0714,0,0,"[22.844624650881705, 55.348161316536945]","[np.float64(24.60431228843975), np.float64(54.75734952573463)]",2026-06-14 06:28:50,220.4632007416474,1,5.79697587832767,204.70220753422484,16.43394838408398,64.33726058506942,13.954479079472067,1,1,1,631,11,0.8672453703703704,6.1492707461387335,0.7655703289013296,ELECTRE-III,1
2053,0133,0,0,"[22.243849749223845, 55.20529424966779]","[np.float64(25.56539114408521), np.float64(56.00579791249965)]",2026-06-14 06:29:00,319.8847318897052,1,5.249544669639646,378.1938096561764,28.588080407905796,65.5320314256339,4.958158128693167,4,4,3,742,10,0.8673611111111111,4.090797017582056,0.655703289013296,ELECTRE-III,1
2054,0201,1,0,"[22.243849749223845, 55.20529424966779]","[np.float64(24.20045769327871), np.float64(54.69813255673586)]",2026-06-14 06:29:00,595.3449990550001,1,6.459423516674506,223.65159111519262,17.862290636883216,64.29810994074691,13.707238366387893,4,4,3,686,7,0.8673611111111111,21.513488366387893,0.4688593421973408,ELECTRE-III,1
2055,0670,0,0,"[22.243849749223845, 55.20529424966779]","[np.float64(25.3434923222493), np.float64(56.1451305277499)]",2026-06-14 06:29:00,385.60695578812255,1,6.546943964182728,357.6787729757166,27.26600269944407,65.65563735904362,5.707238366387893,4,4,3,582,11,0.8673611111111111,4.8398772552767815,0.7655703289013296,ELECTRE-III,1
2056,0714,0,0,"[22.243849749223845, 55.20529424966779]","[np.float64(24.60431228843975), np.float64(54.75734952573463)]",2026-06-14 06:29:00,220.4632007416474,1,5.79697587832767,266.4205053688781,21.00135744032708,64.37508617269295,7.954479079472067,1,1,1,631,11,0.8673611111111111,1.0155901905831781,0.7655703289013296,ELECTRE-III,1
2057,0201,1,0,"[21.64302191359992, 55.06329461682322]","[np.float64(24.20045769327871), np.float64(54.69813255673586)]",2026-06-14 06:29:10,595.3449990550001,1,6.459423516674506,286.8222252521855,22.454745467521843,64.33602432082965,12.707238366387893,4,4,3,686,7,0.8674768518518519,7.502377255276782,0.4688593421973408,ELECTRE-III,1
2058,0714,0,0,"[21.64302191359992, 55.06329461682322]","[np.float64(24.60431228843975), np.float64(54.75734952573463)]",2026-06-14 06:29:10,220.4632007416474,1,5.79697587832767,330.7634125872177,25.482671533607874,64.41290493012731,7.954479079472067,1,1,1,631,11,0.8674768518518519,12.291863338731327,0.7655703289013296,ELECTRE-III,1
2059,0201,1,0,"[21.042142851557216, 54.92212485196281]","[np.float64(24.20045769327871), np.float64(54.69813255673586)]",2026-06-14 06:29:20,595.3449990550001,1,6.459423516674506,351.9405353040606,26.890428708878527,64.37393187072321,5.707238366387893,4,4,3,686,7,0.8675925925925926,9.177608736758263,0.4688593421973408,ELECTRE-III,1
2060,0714,0,0,"[21.042142851557216, 54.92212485196281]","[np.float64(24.60431228843975), np.float64(54.75734952573463)]",2026-06-14 06:29:20,220.4632007416474,1,5.79697587832767,396.45539421387525,29.737659192487175,64.45072368756168,7.954479079472067,1,1,1,631,11,0.8675925925925926,8.82207167206466,0.7655703289013296,ELECTRE-III,1
2061,0284,0,0,"[-12.631029558516852, 47.58371155109317]","[np.float64(-15.50091911811069), np.float64(46.46302837561331)]",2026-06-14 06:38:40,66.19647532559637,1,5.105434507875177,341.23877577345473,26.18327747131425,38.99066763177305,14.081778485235255,3,3,3,1449,3,0.8740740740740741,14.955852559309328,0.13750874737578728,ELECTRE-III,1
2062,0718,0,0,"[-12.631029558516852, 47.58371155109317]","[np.float64(-15.60252703795235), np.float64(46.19011829468223)]",2026-06-14 06:38:40,34.29546618127971,1,5.470098970689081,362.9779123288008,27.610598715730916,38.74084321759608,15.205398841777342,4,4,3,708,6,0.8740740740740741,18.70169513807364,0.37508747375787266,ELECTRE-III,1
2063,0284,0,0,"[-13.231897521502153, 47.45126735289745]","[np.float64(-15.50091911811069), np.float64(46.46302837561331)]",2026-06-14 06:38:50,66.19647532559637,1,5.105434507875177,273.8381985061887,21.533177611691286,39.01711412423934,7.0817784852352545,3,3,3,1449,3,0.8741898148148148,13.201107188938959,0.13750874737578728,ELECTRE-III,1
2064,0718,0,0,"[-13.231897521502153, 47.45126735289745]","[np.float64(-15.60252703795235), np.float64(46.19011829468223)]",2026-06-14 06:38:50,34.29546618127971,1,5.470098970689081,296.5288573094337,23.135807882429827,38.76737167233241,9.205398841777342,4,4,3,708,6,0.8741898148148148,10.079588656592156,0.37508747375787266,ELECTRE-III,1
2065,0284,0,0,"[-13.832721088257848, 47.3183757773111]","[np.float64(-15.50091911811069), np.float64(46.46302837561331)]",2026-06-14 06:39:00,66.19647532559637,1,5.105434507875177,207.06009325696164,16.61286645497234,39.0435435412327,12.081778485235255,3,3,3,1449,3,0.8743055555555556,5.961639596346366,0.13750874737578728,ELECTRE-III,1
2066,0718,0,0,"[-13.832721088257848, 47.3183757773111]","[np.float64(-15.60252703795235), np.float64(46.19011829468223)]",2026-06-14 06:39:00,34.29546618127971,1,5.470098970689081,231.1921696621938,18.42445931505589,38.79387963650123,12.205398841777342,4,4,3,708,6,0.8743055555555556,16.57692661955512,0.37508747375787266,ELECTRE-III,1
2067,0284,0,0,"[-14.433497697463, 47.185012918672015]","[np.float64(-15.50091911811069), np.float64(46.46302837561331)]",2026-06-14 06:39:10,66.19647532559637,1,5.105434507875177,141.78414260033344,11.546626857009143,39.06995588275314,12.081778485235255,3,3,3,1449,3,0.8744212962962963,16.453884966716736,0.13750874737578728,ELECTRE-III,1
2068,0718,0,0,"[-14.433497697463, 47.185012918672015]","[np.float64(-15.60252703795235), np.float64(46.19011829468223)]",2026-06-14 06:39:10,34.29546618127971,1,5.470098970689081,168.26662604980976,13.628882008350365,38.82037394029171,6.205398841777342,4,4,3,708,6,0.8744212962962963,0.0,0.37508747375787266,ELECTRE-III,1
2069,0284,0,0,"[-15.034224787796669, 47.05115828641269]","[np.float64(-15.50091911811069), np.float64(46.46302837561331)]",2026-06-14 06:39:20,66.19647532559637,1,5.105434507875177,81.68965821381896,6.713305722879496,39.096347733706075,8.081778485235255,3,3,3,1449,3,0.874537037037037,15.952611818568588,0.13750874737578728,ELECTRE-III,1
2070,0718,0,0,"[-15.034224787796669, 47.05115828641269]","[np.float64(-15.60252703795235), np.float64(46.19011829468223)]",2026-06-14 06:39:20,34.29546618127971,1,5.470098970689081,111.89375980106291,9.158989666462958,38.84684433842009,6.205398841777342,4,4,3,708,6,0.874537037037037,14.076232175110675,0.37508747375787266,ELECTRE-III,1
2071,0284,0,0,"[-15.634904066806149, 46.91678455977644]","[np.float64(-15.50091911811069), np.float64(46.46302837561331)]",2026-06-14 06:39:30,66.19647532559637,1,5.105434507875177,50.83649965532194,4.189515740729728,39.122722509186076,11.081778485235255,3,3,3,1449,3,0.8746527777777777,2.3352507074574778,0.13750874737578728,ELECTRE-III,1
2072,0718,0,0,"[-15.634904066806149, 46.91678455977644]","[np.float64(-15.60252703795235), np.float64(46.19011829468223)]",2026-06-14 06:39:30,34.29546618127971,1,5.470098970689081,77.90128169145119,6.404623615452224,38.87330107617014,9.205398841777342,4,4,3,708,6,0.8746527777777777,4.832134952888453,0.37508747375787266,ELECTRE-III,1
2073,0284,0,0,"[-16.23553041184956, 46.78186783310118]","[np.float64(-15.50091911811069), np.float64(46.46302837561331)]",2026-06-14 06:39:40,66.19647532559637,1,5.105434507875177,88.5178914974634,7.268680474941928,39.14907679409857,15.081778485235255,3,3,3,1449,3,0.8747685185185186,17.70608404079081,0.13750874737578728,ELECTRE-III,1
2074,0718,0,0,"[-16.23553041184956, 46.78186783310118]","[np.float64(-15.60252703795235), np.float64(46.19011829468223)]",2026-06-14 06:39:40,34.29546618127971,1,5.470098970689081,94.64745032426956,7.766064610321496,38.89973732335267,9.205398841777342,4,4,3,708,6,0.8747685185185186,12.704472915851415,0.37508747375787266,ELECTRE-III,1
2075,0284,0,0,"[-16.83610211537961, 46.64638078563022]","[np.float64(-15.50091911811069), np.float64(46.46302837561331)]",2026-06-14 06:39:50,66.19647532559637,1,5.105434507875177,149.7514675913135,12.176601113486345,39.175410588443555,14.081778485235255,3,3,3,1449,3,0.8748842592592593,8.8324729296797,0.13750874737578728,ELECTRE-III,1
2076,0718,0,0,"[-16.83610211537961, 46.64638078563022]","[np.float64(-15.60252703795235), np.float64(46.19011829468223)]",2026-06-14 06:39:50,34.29546618127971,1,5.470098970689081,145.56079412293528,11.845608272227759,38.9261530799677,11.205398841777342,4,4,3,708,6,0.8748842592592593,16.454704397332897,0.37508747375787266,ELECTRE-III,1
2077,0284,0,0,"[-17.436619177396302, 46.510299511701476]","[np.float64(-15.50091911811069), np.float64(46.46302837561331)]",2026-06-14 06:40:00,66.19647532559637,1,5.105434507875177,215.2993383027702,17.235436846532377,39.201727307315615,12.081778485235255,3,3,3,1449,3,0.875,5.9567784852352545,0.13750874737578728,ELECTRE-III,1
2078,0718,0,0,"[-17.436619177396302, 46.510299511701476]","[np.float64(-15.60252703795235), np.float64(46.19011829468223)]",2026-06-14 06:40:00,34.29546618127971,1,5.470098970689081,206.77835165771742,16.591505154485837,38.952551761109795,7.205398841777342,4,4,3,708,6,0.875,0.2053988417773418,0.37508747375787266,ELECTRE-III,1
2079,0284,0,0,"[-18.037076475257756, 46.37359669055825]","[np.float64(-15.50091911811069), np.float64(46.46302837561331)]",2026-06-14 06:40:10,66.19647532559637,1,5.105434507875177,282.1688882183683,22.12584341908579,39.22802695071475,11.081778485235255,3,3,3,1449,3,0.8751157407407407,8.456431263013032,0.13750874737578728,ELECTRE-III,1
2080,0718,0,0,"[-18.037076475257756, 46.37359669055825]","[np.float64(-15.60252703795235), np.float64(46.19011829468223)]",2026-06-14 06:40:10,34.29546618127971,1,5.470098970689081,271.41329690299375,21.359744556147778,38.978929951684385,12.205398841777342,4,4,3,708,6,0.8751157407407407,5.204472915851416,0.37508747375787266,ELECTRE-III,1
2081,0284,0,0,"[-18.637475716511265, 46.236241586349294]","[np.float64(-15.50091911811069), np.float64(46.46302837561331)]",2026-06-14 06:40:20,66.19647532559637,1,5.105434507875177,349.6015376070046,26.7366171850477,39.25430610354637,13.081778485235255,3,3,3,1449,3,0.8752314814814814,19.208398855605623,0.13750874737578728,ELECTRE-III,1
2082,0718,0,0,"[-18.637475716511265, 46.236241586349294]","[np.float64(-15.60252703795235), np.float64(46.19011829468223)]",2026-06-14 06:40:20,34.29546618127971,1,5.470098970689081,337.506954039051,25.934639902184564,39.00529106678605,15.205398841777342,4,4,3,708,6,0.8752314814814814,23.082482175110677,0.37508747375787266,ELECTRE-III,1
2083,0718,0,0,"[-19.23781348606224, 46.098213708507096]","[np.float64(-15.60252703795235), np.float64(46.19011829468223)]",2026-06-14 06:40:30,34.29546618127971,1,5.470098970689081,404.34351374817356,30.226255867863188,39.03163510641479,6.205398841777342,4,4,3,708,6,0.8753472222222223,3.579357175110675,0.37508747375787266,ELECTRE-III,1
2084,0172,1,0,"[65.3676492628792, 48.404276817600156]","[np.float64(64.37631688325476), np.float64(40.37562777966092)]",2026-06-14 07:55:40,235.60121309838533,1,3.4670744911642775,394.48813814295977,29.615056720612106,46.70301671422797,2.9618371779142674,3,3,3,995,6,0.9275462962962963,2.9618371779142674,0.37508747375787266,ELECTRE-III,1
2085,0172,1,0,"[64.79484910851443, 47.875971930583425]","[np.float64(64.37631688325476), np.float64(40.37562777966092)]",2026-06-14 07:55:50,235.60121309838533,1,3.4670744911642775,360.7169190498413,27.463832558249297,46.71156811106882,0.9618371779142674,3,3,3,995,6,0.9276620370370371,2.8171612519883418,0.37508747375787266,ELECTRE-III,1
2086,0492,0,0,"[64.79484910851443, 47.875971930583425]","[np.float64(61.65214368505916), np.float64(51.0143270598955)]",2026-06-14 07:55:50,387.109494885846,1,6.388531684168597,383.07968195513854,28.89817125083988,51.0090650802329,13.078099436014156,4,4,3,548,14,0.9276620370370371,7.512127213791934,1.0,ELECTRE-III,1
2087,0172,1,0,"[64.2205326521539, 47.36793562992871]","[np.float64(64.37631688325476), np.float64(40.37562777966092)]",2026-06-14 07:56:00,235.60121309838533,1,3.4670744911642775,337.4671639595444,25.931983152104337,46.720102432436754,3.9618371779142674,3,3,3,995,6,0.9277777777777778,5.817392733469823,0.37508747375787266,ELECTRE-III,1
2088,0492,0,0,"[64.2205326521539, 47.36793562992871]","[np.float64(61.65214368505916), np.float64(51.0143270598955)]",2026-06-14 07:56:00,387.109494885846,1,6.388531684168597,339.8738845654375,26.092462195820335,51.01411600512412,14.078099436014156,4,4,3,548,14,0.9277777777777778,8.51143276934749,1.0,ELECTRE-III,1
2089,0172,1,0,"[63.644788686256845, 46.878894085355796]","[np.float64(64.37631688325476), np.float64(40.37562777966092)]",2026-06-14 07:56:10,235.60121309838533,1,3.4670744911642775,326.99227559950907,25.228426845815264,46.72862309342634,4.961837177914267,3,3,3,995,6,0.9278935185185185,9.60130477050686,0.37508747375787266,ELECTRE-III,1
2089,0172,1,0,"[63.644788686256845, 46.878894085355796]","[np.float64(64.37631688325476), np.float64(40.37562777966092)]",2026-06-14 07:56:10,235.60121309838533,1,3.4670744911642775,326.99227559950907,25.228426845815264,46.72862309342634,4.961837177914267,3,3,3,995,6,0.9278935185185185,9.60130477050686,0.37508747375787266,ELECTRE-III,1
2090,0492,0,0,"[63.644788686256845, 46.878894085355796]","[np.float64(61.65214368505916), np.float64(51.0143270598955)]",2026-06-14 07:56:10,387.109494885846,1,6.388531684168597,306.0396389627935,23.796486691929783,51.01914985454243,10.078099436014156,4,4,3,548,14,0.9278935185185185,0.7991642508289711,1.0,ELECTRE-III,1
2091,0172,1,0,"[63.06771283347164, 46.40765884394911]","[np.float64(64.37631688325476), np.float64(40.37562777966092)]",2026-06-14 07:56:20,235.60121309838533,1,3.4670744911642775,330.509808364746,25.465607448124413,46.737130094037596,3.9618371779142674,3,3,3,995,6,0.9280092592592593,11.385911251988341,0.37508747375787266,ELECTRE-III,1
2092,0492,0,0,"[63.06771283347164, 46.40765884394911]","[np.float64(61.65214368505916), np.float64(51.0143270598955)]",2026-06-14 07:56:20,387.109494885846,1,6.388531684168597,284.9362548658236,22.321629975419803,51.024159798298626,15.078099436014156,4,4,3,548,14,0.9280092592592593,16.934117954532674,1.0,ELECTRE-III,1
2093,0172,1,0,"[62.48938705606832, 45.95314732072519]","[np.float64(64.37631688325476), np.float64(40.37562777966092)]",2026-06-14 07:56:30,235.60121309838533,1,3.4670744911642775,347.5966454052811,26.60444426796971,46.745620019175924,3.9618371779142674,3,3,3,995,6,0.928125,2.105587177914267,0.37508747375787266,ELECTRE-III,1
2094,0492,0,0,"[62.48938705606832, 45.95314732072519]","[np.float64(61.65214368505916), np.float64(51.0143270598955)]",2026-06-14 07:56:30,387.109494885846,1,6.388531684168597,279.4628303927544,21.933866794200526,51.02915266658191,15.078099436014156,4,4,3,548,14,0.928125,18.790599436014155,1.0,ELECTRE-III,1
2095,0172,1,0,"[61.909893316316925, 45.514348647686894]","[np.float64(64.37631688325476), np.float64(40.37562777966092)]",2026-06-14 07:56:40,235.60121309838533,1,3.4670744911642775,376.4098539224168,28.474399725780415,46.75409628393591,0.0,3,3,3,995,6,0.9282407407407407,8.354166666666666,0.37508747375787266,ELECTRE-III,1
2096,0492,0,0,"[61.909893316316925, 45.514348647686894]","[np.float64(61.65214368505916), np.float64(51.0143270598955)]",2026-06-14 07:56:40,387.109494885846,1,6.388531684168597,290.5049242829321,22.713941428444194,51.03412504429768,17.078099436014156,4,4,3,548,14,0.9282407407407407,18.006340176754897,1.0,ELECTRE-III,1
2097,0492,0,0,"[61.329299916109164, 45.09033733420167]","[np.float64(61.65214368505916), np.float64(51.0143270598955)]",2026-06-14 07:56:50,387.109494885846,1,6.388531684168597,316.3377833645481,24.5043586904044,51.03907693144594,9.078099436014156,4,4,3,548,14,0.9283564814814815,6.293029991569711,1.0,ELECTRE-III,1
2098,0492,0,0,"[60.74767515733673, 44.68025619152869]","[np.float64(61.65214368505916), np.float64(51.0143270598955)]",2026-06-14 07:57:00,387.109494885846,1,6.388531684168597,353.735714959159,27.00819572584931,51.044008328026685,13.078099436014156,4,4,3,548,14,0.9284722222222223,16.791988324903045,1.0,ELECTRE-III,1
2099,0492,0,0,"[60.16508051170215, 44.28330267244048]","[np.float64(61.65214368505916), np.float64(51.0143270598955)]",2026-06-14 07:57:10,387.109494885846,1,6.388531684168597,399.46396343243055,29.924579620427707,51.04891923403993,9.078099436014156,4,4,3,548,14,0.928587962962963,0.0,1.0,ELECTRE-III,1
2100,0404,0,0,"[59.58157062071879, 43.89873911650666]","[np.float64(56.31925212803888), np.float64(43.86724838651402)]",2026-06-14 07:57:20,498.90202523635713,1,5.058700194449505,362.75852577175175,27.59637501738128,54.724015215086595,16.703559317166793,3,3,3,528,9,0.9287037037037037,15.774855613463089,0.6014695591322603,ELECTRE-III,1
2101,0552,0,0,"[59.58157062071879, 43.89873911650666]","[np.float64(56.13766847153499), np.float64(44.619884707889)]",2026-06-14 07:57:20,95.99870600292664,1,2.6702367333978287,385.3076331317087,29.038960957249035,55.075373806370386,6.459997653303718,3,3,3,760,8,0.9287037037037037,5.531293949600014,0.5290412876137159,ELECTRE-III,1
2102,0142,0,0,"[58.99720012590001, 43.525879089715666]","[np.float64(55.41665780311256), np.float64(42.25938559018832)]",2026-06-14 07:57:30,701.2057774453247,1,4.378808724510402,405.35946199894687,30.28883507313879,55.08769546763309,6.83453777215108,1,1,1,646,8,0.9288194444444444,10.549815549928859,0.5290412876137159,ELECTRE-III,1
2103,0404,0,0,"[58.99720012590001, 43.525879089715666]","[np.float64(56.31925212803888), np.float64(43.86724838651402)]",2026-06-14 07:57:30,498.90202523635713,1,5.058700194449505,298.46518303468866,23.27085289612875,54.734663480002645,8.703559317166793,3,3,3,528,9,0.9288194444444444,4.05946209494457,0.6014695591322603,ELECTRE-III,1
2104,0440,0,0,"[58.99720012590001, 43.525879089715666]","[np.float64(56.39574564915846), np.float64(47.93145060156018)]",2026-06-14 07:57:30,561.3466205423007,1,6.89714637655584,389.9843494380763,29.33324789852489,55.588563484753884,4.078099436014156,3,3,3,1410,2,0.9288194444444444,5.9357383249030455,0.061931420573827854,ELECTRE-III,1
2105,0552,0,0,"[58.99720012590001, 43.525879089715666]","[np.float64(56.13766847153499), np.float64(44.619884707889)]",2026-06-14 07:57:30,95.99870600292664,1,2.6702367333978287,324.5783269303918,25.06512123950071,55.08569763730086,8.459997653303718,3,3,3,760,8,0.9288194444444444,12.175275431081495,0.5290412876137159,ELECTRE-III,1
2106,0142,0,0,"[58.412010008380825, 43.164080554285505]","[np.float64(55.41665780311256), np.float64(42.25938559018832)]",2026-06-14 07:57:40,701.2057774453247,1,4.378808724510402,337.5569717465166,25.937979372395745,55.099682449626464,2.83453777215108,1,1,1,646,8,0.9289351851851851,8.408148883262191,0.5290412876137159,ELECTRE-III,1
2107,0286,0,0,"[58.412010008380825, 43.164080554285505]","[np.float64(55.85040109816477), np.float64(38.76299719116687)]",2026-06-14 07:57:40,502.9393507821471,1,6.717498969492366,389.29748690895667,29.290132198527395,53.66504902578947,4.33637729676163,2,2,2,1145,14,0.9289351851851851,6.194247667132,1.0,ELECTRE-III,1
2108,0404,0,0,"[58.412010008380825, 43.164080554285505]","[np.float64(56.31925212803888), np.float64(43.86724838651402)]",2026-06-14 07:57:40,498.90202523635713,1,5.058700194449505,236.4901457908634,18.817256945039954,54.7452878392566,8.703559317166793,3,3,3,528,9,0.9289351851851851,4.058883391240867,0.6014695591322603,ELECTRE-III,1
2109,0440,0,0,"[58.412010008380825, 43.164080554285505]","[np.float64(56.39574564915846), np.float64(47.93145060156018)]",2026-06-14 07:57:40,561.3466205423007,1,6.89714637655584,362.9262384329515,27.607248825088977,55.5968280136496,2.0780994360141563,3,3,3,1410,2,0.9289351851851851,6.722775361940082,0.061931420573827854,ELECTRE-III,1
2110,0552,0,0,"[58.412010008380825, 43.164080554285505]","[np.float64(56.13766847153499), np.float64(44.619884707889)]",2026-06-14 07:57:40,95.99870600292664,1,2.6702367333978287,267.5931630331894,21.085687850474628,55.09599756256924,6.459997653303718,3,3,3,760,8,0.9289351851851851,0.0,0.5290412876137159,ELECTRE-III,1
2111,0142,0,0,"[57.8260549096746, 42.81275611394756]","[np.float64(55.41665780311256), np.float64(42.25938559018832)]",2026-06-14 07:57:50,701.2057774453247,1,4.378808724510402,270.04096800844707,21.261410786050124,55.11164552595774,9.83453777215108,1,1,1,646,8,0.929050925925926,13.550741475854784,0.5290412876137159,ELECTRE-III,1
2112,0286,0,0,"[57.8260549096746, 42.81275611394756]","[np.float64(55.85040109816477), np.float64(38.76299719116687)]",2026-06-14 07:57:50,502.9393507821471,1,6.717498969492366,329.9544626172866,25.42822338756111,53.678548894684006,4.33637729676163,2,2,2,1145,14,0.929050925925926,6.194479148613482,1.0,ELECTRE-III,1
2113,0404,0,0,"[57.8260549096746, 42.81275611394756]","[np.float64(56.31925212803888), np.float64(43.86724838651402)]",2026-06-14 07:57:50,498.90202523635713,1,5.058700194449505,179.25692798471175,14.482689931251343,54.75589170794304,8.703559317166793,3,3,3,528,9,0.929050925925926,1.2711519097593849,0.6014695591322603,ELECTRE-III,1
2114,0440,0,0,"[57.8260549096746, 42.81275611394756]","[np.float64(56.39574564915846), np.float64(47.93145060156018)]",2026-06-14 07:57:50,561.3466205423007,1,6.89714637655584,347.4672761716892,26.595905057510667,55.60506863688322,7.078099436014156,3,3,3,1410,2,0.929050925925926,1.5037938804586002,0.061931420573827854,ELECTRE-III,1
2115,0552,0,0,"[57.8260549096746, 42.81275611394756]","[np.float64(56.13766847153499), np.float64(44.619884707889)]",2026-06-14 07:57:50,95.99870600292664,1,2.6702367333978287,217.3197569097316,17.387470331775205,55.106273582175525,6.459997653303718,3,3,3,760,8,0.929050925925926,12.034303208859274,0.5290412876137159,ELECTRE-III,1
2116,0142,0,0,"[57.239372395821775, 42.4713422780953]","[np.float64(55.41665780311256), np.float64(42.25938559018832)]",2026-06-14 07:58:00,701.2057774453247,1,4.378808724510402,203.09743611430417,16.311988168740328,55.12358811172151,8.83453777215108,1,1,1,646,8,0.9291666666666667,0.47203777215107934,0.5290412876137159,ELECTRE-III,1
2117,0241,0,0,"[57.239372395821775, 42.4713422780953]","[np.float64(55.2699656675811), np.float64(37.59426837426859)]",2026-06-14 07:58:00,384.04270718059314,1,5.645681156199409,372.29316231194616,28.211132347941128,53.7692264861051,8.081778485235255,1,1,1,1204,6,0.9291666666666667,11.798445151901921,0.37508747375787266,ELECTRE-III,1
2118,0286,0,0,"[57.239372395821775, 42.4713422780953]","[np.float64(55.85040109816477), np.float64(38.76299719116687)]",2026-06-14 07:58:00,502.9393507821471,1,6.717498969492366,274.76617862692433,21.59943906091255,53.69203168810561,3.33637729676163,2,2,2,1145,14,0.9291666666666667,11.69887729676163,1.0,ELECTRE-III,1
2119,0404,0,0,"[57.239372395821775, 42.4713422780953]","[np.float64(56.31925212803888), np.float64(43.86724838651402)]",2026-06-14 07:58:00,498.90202523635713,1,5.058700194449505,133.03373005519484,10.851463438255305,54.76647167096739,13.703559317166793,3,3,3,528,9,0.9291666666666667,9.057725983833459,0.6014695591322603,ELECTRE-III,1
2120,0440,0,0,"[57.239372395821775, 42.4713422780953]","[np.float64(56.39574564915846), np.float64(47.93145060156018)]",2026-06-14 07:58:00,561.3466205423007,1,6.89714637655584,345.1696709956221,26.44403593790857,55.61328535445474,3.0780994360141563,3,3,3,1410,2,0.9291666666666667,9.582266102680823,0.061931420573827854,ELECTRE-III,1
2121,0552,0,0,"[57.239372395821775, 42.4713422780953]","[np.float64(56.13766847153499), np.float64(44.619884707889)]",2026-06-14 07:58:00,95.99870600292664,1,2.6702367333978287,179.48963469312133,14.50069885654468,55.1165291112143,4.459997653303718,3,3,3,760,8,0.9291666666666667,10.03499765330372,0.5290412876137159,ELECTRE-III,1
2122,0142,0,0,"[56.65200003286277, 42.139330197635566]","[np.float64(55.41665780311256), np.float64(42.25938559018832)]",2026-06-14 07:58:10,701.2057774453247,1,4.378808724510402,137.5662543452074,11.21196012211692,55.13550337672859,10.83453777215108,1,1,1,646,8,0.9292824074074074,13.622384994373302,0.5290412876137159,ELECTRE-III,1
2123,0241,0,0,"[56.65200003286277, 42.139330197635566]","[np.float64(55.2699656675811), np.float64(37.59426837426859)]",2026-06-14 07:58:10,384.04270718059314,1,5.645681156199409,321.85008194504434,24.880027777083814,53.78361086449714,5.0817784852352545,1,1,1,1204,6,0.9292824074074074,6.011060892642662,0.37508747375787266,ELECTRE-III,1
2124,0286,0,0,"[56.65200003286277, 42.139330197635566]","[np.float64(55.85040109816477), np.float64(38.76299719116687)]",2026-06-14 07:58:10,502.9393507821471,1,6.717498969492366,226.7884129001697,18.096587286163196,53.7054939909597,5.33637729676163,2,2,2,1145,14,0.9292824074074074,9.05350692639126,1.0,ELECTRE-III,1
2125,0404,0,0,"[56.65200003286277, 42.139330197635566]","[np.float64(56.31925212803888), np.float64(43.86724838651402)]",2026-06-14 07:58:10,498.90202523635713,1,5.058700194449505,112.35052068278559,9.195740041069488,54.77702772832964,10.703559317166793,3,3,3,528,9,0.9292824074074074,10.703559317166793,0.6014695591322603,ELECTRE-III,1
2126,0440,0,0,"[56.65200003286277, 42.139330197635566]","[np.float64(56.39574564915846), np.float64(47.93145060156018)]",2026-06-14 07:58:10,561.3466205423007,1,6.89714637655584,356.28778972618386,27.175192507957952,55.62147475126959,4.078099436014156,3,3,3,1410,2,0.9292824074074074,9.6537938804586,0.061931420573827854,ELECTRE-III,1
2127,0552,0,0,"[56.65200003286277, 42.139330197635566]","[np.float64(56.13766847153499), np.float64(44.619884707889)]",2026-06-14 07:58:10,95.99870600292664,1,2.6702367333978287,163.00986769853253,13.218281634966349,55.12675731949639,3.4599976533037182,3,3,3,760,8,0.9292824074074074,10.894256912562977,0.5290412876137159,ELECTRE-III,1
2128,0142,0,0,"[56.06397880193262, 41.816228098948116]","[np.float64(55.41665780311256), np.float64(42.25938559018832)]",2026-06-14 07:58:20,701.2057774453247,1,4.378808724510402,77.13895209688745,6.342462222479136,55.147398151168176,5.83453777215108,1,1,1,646,8,0.9293981481481481,0.0,0.5290412876137159,ELECTRE-III,1
2129,0241,0,0,"[56.06397880193262, 41.816228098948116]","[np.float64(55.2699656675811), np.float64(37.59426837426859)]",2026-06-14 07:58:20,384.04270718059314,1,5.645681156199409,279.0557929946372,21.90494522743937,53.7979713372271,1.0817784852352545,1,1,1,1204,6,0.9293981481481481,5.728769225975995,0.37508747375787266,ELECTRE-III,1
2130,0286,0,0,"[56.06397880193262, 41.816228098948116]","[np.float64(55.85040109816477), np.float64(38.76299719116687)]",2026-06-14 07:58:20,502.9393507821471,1,6.717498969492366,191.5204948954365,15.427701840475141,53.71893238815171,6.33637729676163,2,2,2,1145,14,0.9293981481481481,11.912766185650518,1.0,ELECTRE-III,1
2131,0404,0,0,"[56.06397880193262, 41.816228098948116]","[np.float64(56.31925212803888), np.float64(43.86724838651402)]",2026-06-14 07:58:20,498.90202523635713,1,5.058700194449505,130.02893725199277,10.611993611389135,54.787559880029804,14.703559317166793,3,3,3,528,9,0.9293981481481481,14.703559317166793,0.6014695591322603,ELECTRE-III,1
2132,0440,0,0,"[56.06397880193262, 41.816228098948116]","[np.float64(56.39574564915846), np.float64(47.93145060156018)]",2026-06-14 07:58:20,561.3466205423007,1,6.89714637655584,379.6453809259646,28.68039924638685,55.62963682732775,3.0780994360141563,3,3,3,1410,2,0.9293981481481481,0.0,0.061931420573827854,ELECTRE-III,1
2133,0552,0,0,"[56.06397880193262, 41.816228098948116]","[np.float64(56.13766847153499), np.float64(44.619884707889)]",2026-06-14 07:58:20,95.99870600292664,1,2.6702367333978287,174.055831331061,14.079424729817303,55.13696503721098,3.4599976533037182,3,3,3,760,8,0.9293981481481481,0.0,0.5290412876137159,ELECTRE-III,1
2134,0969,0,0,"[56.06397880193262, 41.816228098948116]","[np.float64(54.85922225367985), np.float64(36.43583153325513)]",2026-06-14 07:58:20,104.44938919257484,1,2.920360535161527,364.5706488881602,27.713751389067898,53.71035367055417,4.707238366387893,1,1,1,1026,5,0.9293981481481481,7.495432810832337,0.2722183344996501,ELECTRE-III,1
2135,0142,0,0,"[55.475336023787996, 41.50158860464231]","[np.float64(55.41665780311256), np.float64(42.25938559018832)]",2026-06-14 07:58:30,701.2057774453247,1,4.378808724510402,48.235767322132695,3.9758911189023274,55.159272435040236,6.83453777215108,1,1,1,646,8,0.9295138888888889,11.482107216595525,0.5290412876137159,ELECTRE-III,1
2136,0241,0,0,"[55.475336023787996, 41.50158860464231]","[np.float64(55.2699656675811), np.float64(37.59426837426859)]",2026-06-14 07:58:30,384.04270718059314,1,5.645681156199409,247.90515456017573,19.657339375534605,53.81231473448412,2.0817784852352545,1,1,1,1204,6,0.9295138888888889,0.0,0.37508747375787266,ELECTRE-III,1
2137,0286,0,0,"[55.475336023787996, 41.50158860464231]","[np.float64(55.85040109816477), np.float64(38.76299719116687)]",2026-06-14 07:58:30,502.9393507821471,1,6.717498969492366,176.7443006115631,14.288054687283777,53.73235370987078,2.33637729676163,2,2,2,1145,14,0.9295138888888889,4.195405074539408,1.0,ELECTRE-III,1
2138,0404,0,0,"[55.475336023787996, 41.50158860464231]","[np.float64(56.31925212803888), np.float64(43.86724838651402)]",2026-06-14 07:58:30,498.90202523635713,1,5.058700194449505,174.79393729843122,14.136741261673446,54.79807154116246,17.703559317166793,3,3,3,528,9,0.9295138888888889,19.562587094944572,0.6014695591322603,ELECTRE-III,1
2139,0552,0,0,"[55.475336023787996, 41.50158860464231]","[np.float64(56.13766847153499), np.float64(44.619884707889)]",2026-06-14 07:58:30,95.99870600292664,1,2.6702367333978287,208.29392326704536,16.706357903362004,55.147145434168884,2.4599976533037182,3,3,3,760,8,0.9295138888888889,0.0,0.5290412876137159,ELECTRE-III,1
2140,0969,0,0,"[55.475336023787996, 41.50158860464231]","[np.float64(54.85922225367985), np.float64(36.43583153325513)]",2026-06-14 07:58:30,104.44938919257484,1,2.920360535161527,328.87283492097055,25.355345135360054,53.72550644522784,4.707238366387893,1,1,1,1026,5,0.9295138888888889,1.918696699721226,0.2722183344996501,ELECTRE-III,1
2141,0142,0,0,"[54.88610926446933, 41.19499165808419]","[np.float64(55.41665780311256), np.float64(42.25938559018832)]",2026-06-14 07:58:40,701.2057774453247,1,4.378808724510402,89.74273231652214,7.368160937029267,55.171122813250214,9.83453777215108,1,1,1,646,8,0.9296296296296296,13.553056290669598,0.5290412876137159,ELECTRE-III,1
2142,0241,0,0,"[54.88610926446933, 41.19499165808419]","[np.float64(55.2699656675811), np.float64(37.59426837426859)]",2026-06-14 07:58:40,384.04270718059314,1,5.645681156199409,233.1156401294523,18.56727717042419,53.82663764117363,7.0817784852352545,1,1,1,1204,6,0.9296296296296296,3.363259966716736,0.37508747375787266,ELECTRE-III,1
2143,0286,0,0,"[54.88610926446933, 41.19499165808419]","[np.float64(55.85040109816477), np.float64(38.76299719116687)]",2026-06-14 07:58:40,502.9393507821471,1,6.717498969492366,187.37414984125272,15.109124956549465,53.74575454102234,0.3363772967616301,2,2,2,1145,14,0.9296296296296296,0.0,1.0,ELECTRE-III,1
2144,0404,0,0,"[54.88610926446933, 41.19499165808419]","[np.float64(56.31925212803888), np.float64(43.86724838651402)]",2026-06-14 07:58:40,498.90202523635713,1,5.058700194449505,231.4282487335114,18.44200102151496,54.80855929663301,14.703559317166793,3,3,3,528,9,0.9296296296296296,15.633188946796423,0.6014695591322603,ELECTRE-III,1
2145,0552,0,0,"[54.88610926446933, 41.19499165808419]","[np.float64(56.13766847153499), np.float64(44.619884707889)]",2026-06-14 07:58:40,95.99870600292664,1,2.6702367333978287,256.60310285726865,20.291626827974664,55.157305340559276,3.4599976533037182,3,3,3,760,8,0.9296296296296296,0.0,0.5290412876137159,ELECTRE-III,1
2146,0753,0,0,"[54.88610926446933, 41.19499165808419]","[np.float64(51.76155186408769), np.float64(39.23110515623688)]",2026-06-14 07:58:40,233.76399106489959,1,7.884844570940032,371.0742678259634,28.132932250193342,57.20365733665177,18.703559317166793,2,2,2,1380,11,0.9296296296296296,23.35170746531494,0.7655703289013296,ELECTRE-III,1
2147,0969,0,0,"[54.88610926446933, 41.19499165808419]","[np.float64(54.85922225367985), np.float64(36.43583153325513)]",2026-06-14 07:58:40,104.44938919257484,1,2.920360535161527,304.45263878679003,23.686704020047582,53.74063531423942,1.7072383663878927,1,1,1,1026,5,0.9296296296296296,0.7776087367582631,0.2722183344996501,ELECTRE-III,1
2148,0142,0,0,"[54.29632584473332, 40.89603427811273]","[np.float64(55.41665780311256), np.float64(42.25938559018832)]",2026-06-14 07:58:50,701.2057774453247,1,4.378808724510402,152.09223486098523,12.361125341548583,55.18294928579809,7.83453777215108,1,1,1,646,8,0.9297453703703704,14.342755364743674,0.5290412876137159,ELECTRE-III,1
2149,0241,0,0,"[54.29632584473332, 40.89603427811273]","[np.float64(55.2699656675811), np.float64(37.59426837426859)]",2026-06-14 07:58:50,384.04270718059314,1,5.645681156199409,237.76134181162888,18.911233947347135,53.84094005729564,0.08177848523525455,1,1,1,1204,6,0.9297453703703704,0.0,0.37508747375787266,ELECTRE-III,1
2150,0286,0,0,"[54.29632584473332, 40.89603427811273]","[np.float64(55.85040109816477), np.float64(38.76299719116687)]",2026-06-14 07:58:50,502.9393507821471,1,6.717498969492366,219.75485721109632,17.570372657740933,53.7591348816064,3.33637729676163,2,2,2,1145,14,0.9297453703703704,0.0,1.0,ELECTRE-III,1
2151,0404,0,0,"[54.29632584473332, 40.89603427811273]","[np.float64(56.31925212803888), np.float64(43.86724838651402)]",2026-06-14 07:58:50,498.90202523635713,1,5.058700194449505,293.1319380861869,22.89823875698706,54.819026561536056,9.703559317166793,3,3,3,528,9,0.9297453703703704,9.703559317166793,0.6014695591322603,ELECTRE-III,1
2152,0552,0,0,"[54.29632584473332, 40.89603427811273]","[np.float64(56.13766847153499), np.float64(44.619884707889)]",2026-06-14 07:58:50,95.99870600292664,1,2.6702367333978287,312.5256087074639,24.243232809902846,55.16744134128758,7.459997653303718,3,3,3,760,8,0.9297453703703704,1.8815254310814957,0.5290412876137159,ELECTRE-III,1
2153,0753,0,0,"[54.29632584473332, 40.89603427811273]","[np.float64(51.76155186408769), np.float64(39.23110515623688)]",2026-06-14 07:58:50,233.76399106489959,1,7.884844570940032,303.026937796779,23.58792176624905,57.21943165853992,14.703559317166793,2,2,2,1380,11,0.9297453703703704,17.492795428277905,0.7655703289013296,ELECTRE-III,1
2154,0969,0,0,"[54.29632584473332, 40.89603427811273]","[np.float64(54.85922225367985), np.float64(36.43583153325513)]",2026-06-14 07:58:50,104.44938919257484,1,2.920360535161527,294.13343176825515,22.9683668380316,53.75574710777808,2.7072383663878927,1,1,1,1026,5,0.9297453703703704,0.0,0.2722183344996501,ELECTRE-III,1
2155,0142,0,0,"[53.70601308533663, 40.604347634512756]","[np.float64(55.41665780311256), np.float64(42.25938559018832)]",2026-06-14 07:59:00,701.2057774453247,1,4.378808724510402,218.08706633393334,17.445143216157216,55.19475185268387,11.83453777215108,1,1,1,646,8,0.9298611111111111,18.343565549928858,0.5290412876137159,ELECTRE-III,1
2156,0241,0,0,"[53.70601308533663, 40.604347634512756]","[np.float64(55.2699656675811), np.float64(37.59426837426859)]",2026-06-14 07:59:00,384.04270718059314,1,5.645681156199409,260.8073658863364,20.596376864257234,53.85522198285014,6.0817784852352545,1,1,1,1204,6,0.9298611111111111,4.222056263013032,0.37508747375787266,ELECTRE-III,1
2157,0286,0,0,"[53.70601308533663, 40.604347634512756]","[np.float64(55.85040109816477), np.float64(38.76299719116687)]",2026-06-14 07:59:00,502.9393507821471,1,6.717498969492366,266.0614101274936,20.97551440322786,53.77249473162295,3.33637729676163,2,2,2,1145,14,0.9298611111111111,2.406516185650519,1.0,ELECTRE-III,1
2158,0404,0,0,"[53.70601308533663, 40.604347634512756]","[np.float64(56.31925212803888), np.float64(43.86724838651402)]",2026-06-14 07:59:00,498.90202523635713,1,5.058700194449505,357.2885527969686,27.240542160636945,54.82946650568242,11.703559317166793,3,3,3,528,9,0.9298611111111111,7.054253761611237,0.6014695591322603,ELECTRE-III,1
2159,0552,0,0,"[53.70601308533663, 40.604347634512756]","[np.float64(56.13766847153499), np.float64(44.619884707889)]",2026-06-14 07:59:00,95.99870600292664,1,2.6702367333978287,372.64981984260993,28.233992652093562,55.177553436353776,8.459997653303718,3,3,3,760,8,0.9298611111111111,1.0211087644148291,0.5290412876137159,ELECTRE-III,1
2160,0753,0,0,"[53.70601308533663, 40.604347634512756]","[np.float64(51.76155186408769), np.float64(39.23110515623688)]",2026-06-14 07:59:00,233.76399106489959,1,7.884844570940032,235.14360119722775,18.717594874361154,57.235185489860555,18.703559317166793,2,2,2,1380,11,0.9298611111111111,18.703559317166793,0.7655703289013296,ELECTRE-III,1
2161,0969,0,0,"[53.70601308533663, 40.604347634512756]","[np.float64(54.85922225367985), np.float64(36.43583153325513)]",2026-06-14 07:59:00,104.44938919257484,1,2.920360535161527,299.3785330167794,23.33445779911102,53.7708418258438,0.0,1,1,1,1026,5,0.9298611111111111,0.0,0.2722183344996501,ELECTRE-III,1
2162,0142,0,0,"[53.11520172213052, 40.319586802731166]","[np.float64(55.41665780311256), np.float64(42.25938559018832)]",2026-06-14 07:59:10,701.2057774453247,1,4.378808724510402,285.20800176428133,22.340826111230815,55.20653392900214,5.83453777215108,1,1,1,646,8,0.9299768518518519,11.41439888326219,0.5290412876137159,ELECTRE-III,1
2163,0241,0,0,"[53.11520172213052, 40.319586802731166]","[np.float64(55.2699656675811), np.float64(37.59426837426859)]",2026-06-14 07:59:10,384.04270718059314,1,5.645681156199409,298.0160668984223,23.23955453689161,53.86948683293171,7.0817784852352545,1,1,1,1204,6,0.9299768518518519,14.52159330005007,0.37508747375787266,ELECTRE-III,1
2164,0286,0,0,"[53.11520172213052, 40.319586802731166]","[np.float64(55.85040109816477), np.float64(38.76299719116687)]",2026-06-14 07:59:10,502.9393507821471,1,6.717498969492366,320.3106459043324,24.775341592173326,53.78583409107198,3.33637729676163,2,2,2,1145,14,0.9299768518518519,0.0,1.0,ELECTRE-III,1
2165,0753,0,0,"[53.11520172213052, 40.319586802731166]","[np.float64(51.76155186408769), np.float64(39.23110515623688)]",2026-06-14 07:59:10,233.76399106489959,1,7.884844570940032,167.62595981808192,13.578915576037126,57.250912000424506,11.703559317166793,2,2,2,1380,11,0.9299768518518519,2.4037907986482736,0.7655703289013296,ELECTRE-III,1
2166,0969,0,0,"[53.11520172213052, 40.319586802731166]","[np.float64(54.85922225367985), np.float64(36.43583153325513)]",2026-06-14 07:59:10,104.44938919257484,1,2.920360535161527,319.42333449087005,24.71492143782197,53.78591605334202,2.7072383663878927,1,1,1,1026,5,0.9299768518518519,7.357122625647152,0.2722183344996501,ELECTRE-III,1
2167,0142,0,0,"[52.523908830587935, 40.04141710349864]","[np.float64(55.41665780311256), np.float64(42.25938559018832)]",2026-06-14 07:59:20,701.2057774453247,1,4.378808724510402,352.81409567833794,26.947766586467573,55.21829209965832,8.83453777215108,1,1,1,646,8,0.9300925925925926,8.83453777215108,0.5290412876137159,ELECTRE-III,1
2168,0241,0,0,"[52.523908830587935, 40.04141710349864]","[np.float64(55.2699656675811), np.float64(37.59426837426859)]",2026-06-14 07:59:20,384.04270718059314,1,5.645681156199409,344.83418703669827,26.42182722123597,53.88373119244577,8.081778485235255,1,1,1,1204,6,0.9300925925925926,0.6410377444945139,0.37508747375787266,ELECTRE-III,1
2169,0286,0,0,"[52.523908830587935, 40.04141710349864]","[np.float64(55.85040109816477), np.float64(38.76299719116687)]",2026-06-14 07:59:20,502.9393507821471,1,6.717498969492366,379.1093142112907,28.646324724525144,53.7991529599535,7.33637729676163,2,2,2,1145,14,0.9300925925925926,8.266469889354223,1.0,ELECTRE-III,1
2170,0753,0,0,"[52.523908830587935, 40.04141710349864]","[np.float64(51.76155186408769), np.float64(39.23110515623688)]",2026-06-14 07:59:20,233.76399106489959,1,7.884844570940032,101.2093240612672,8.297225059788108,57.26661802042096,15.703559317166793,2,2,2,1380,11,0.9300925925925926,18.49383709494457,0.7655703289013296,ELECTRE-III,1
2171,0842,0,0,"[52.523908830587935, 40.04141710349864]","[np.float64(50.18472650544881), np.float64(36.11773059865531)]",2026-06-14 07:59:20,582.8925924865523,1,4.993936799579438,376.58576168360224,28.485620159426766,57.18525680702776,0.9544790794720672,4,4,3,804,3,0.9300925925925926,7.465127227620215,0.13750874737578728,ELECTRE-III,1
2172,0969,0,0,"[52.523908830587935, 40.04141710349864]","[np.float64(54.85922225367985), np.float64(36.43583153325513)]",2026-06-14 07:59:20,104.44938919257484,1,2.920360535161527,351.7478999526626,26.877776862754143,53.80096979027273,0.0,1,1,1,1026,5,0.9300925925925926,0.0,0.2722183344996501,ELECTRE-III,1
2173,0241,0,0,"[51.93216173146554, 39.7695380084917]","[np.float64(55.2699656675811), np.float64(37.59426837426859)]",2026-06-14 07:59:30,384.04270718059314,1,5.645681156199409,397.8847294263632,29.82655005241906,53.897955061392324,7.0817784852352545,1,1,1,1204,6,0.9302083333333333,6.151570151901922,0.37508747375787266,ELECTRE-III,1
2174,0752,0,0,"[51.93216173146554, 39.7695380084917]","[np.float64(48.55567619481609), np.float64(37.51325150803306)]",2026-06-14 07:59:30,972.4342880156071,2,7.750103378008356,408.2443993383444,30.46610338887049,59.00946031546018,10.329019198319429,2,2,2,1446,12,0.9302083333333333,14.049852531652762,0.8369489153254024,ELECTRE-III,1
2175,0753,0,0,"[51.93216173146554, 39.7695380084917]","[np.float64(51.76155186408769), np.float64(39.23110515623688)]",2026-06-14 07:59:30,233.76399106489959,1,7.884844570940032,41.5676758566617,3.4276807522671864,57.2823001347553,13.703559317166793,2,2,2,1380,11,0.9302083333333333,17.424392650500124,0.7655703289013296,ELECTRE-III,1
2176,0842,0,0,"[51.93216173146554, 39.7695380084917]","[np.float64(50.18472650544881), np.float64(36.11773059865531)]",2026-06-14 07:59:30,582.8925924865523,1,4.993936799579438,320.7046024853607,24.802148648952684,57.20371539325972,3.9544790794720672,4,4,3,804,3,0.9302083333333333,0.0,0.13750874737578728,ELECTRE-III,1
2177,0969,0,0,"[51.93216173146554, 39.7695380084917]","[np.float64(54.85922225367985), np.float64(36.43583153325513)]",2026-06-14 07:59:30,104.44938919257484,1,2.920360535161527,393.33741534404487,29.543203286396285,53.81600303663593,6.707238366387893,1,1,1,1026,5,0.9302083333333333,11.358280033054559,0.2722183344996501,ELECTRE-III,1
2178,0752,0,0,"[51.33998091533085, 39.50365240448144]","[np.float64(48.55567619481609), np.float64(37.51325150803306)]",2026-06-14 07:59:40,972.4342880156071,2,7.750103378008356,340.75429992671246,26.151058249727452,59.0284072602178,16.32901919831943,2,2,2,1446,12,0.930324074074074,15.398695124245355,0.8369489153254024,ELECTRE-III,1
2179,0753,0,0,"[51.33998091533085, 39.50365240448144]","[np.float64(51.76155186408769), np.float64(39.23110515623688)]",2026-06-14 07:59:40,233.76399106489959,1,7.884844570940032,50.52262918007558,4.1637404357490375,57.29795834342756,18.703559317166793,2,2,2,1380,11,0.930324074074074,21.494531539389016,0.7655703289013296,ELECTRE-III,1
2180,0842,0,0,"[51.33998091533085, 39.50365240448144]","[np.float64(50.18472650544881), np.float64(36.11773059865531)]",2026-06-14 07:59:40,582.8925924865523,1,4.993936799579438,270.5480610107406,21.297761702439075,57.22215348892417,9.954479079472067,4,4,3,804,3,0.930324074074074,8.09383093132392,0.13750874737578728,ELECTRE-III,1
2181,0401,0,0,"[50.74738687275137, 39.243490498995655]","[np.float64(47.58148945003139), np.float64(39.64844766119001)]",2026-06-14 07:59:50,208.9758415750236,1,7.739509164351796,353.2598783261515,26.97700396183176,60.726604023747235,7.707238366387893,4,4,3,680,13,0.9304398148148149,10.498557810832338,0.9188243526941917,ELECTRE-III,1
2182,0510,0,0,"[50.74738687275137, 39.243490498995655]","[np.float64(47.13803792370443), np.float64(39.85157614431118)]",2026-06-14 07:59:50,579.9279349919431,1,6.505178399209191,403.7875646150044,30.19197739674209,61.15100465801515,0.0,4,4,3,551,5,0.9304398148148149,8.373958333333334,0.2722183344996501,ELECTRE-III,1
2183,0752,0,0,"[50.74738687275137, 39.243490498995655]","[np.float64(48.55567619481609), np.float64(37.51325150803306)]",2026-06-14 07:59:50,972.4342880156071,2,7.750103378008356,273.67630690140516,21.52161170756504,59.047333714407905,9.329019198319429,2,2,2,1446,12,0.9304398148148149,8.398579383504615,0.8369489153254024,ELECTRE-III,1
2184,0753,0,0,"[50.74738687275137, 39.243490498995655]","[np.float64(51.76155186408769), np.float64(39.23110515623688)]",2026-06-14 07:59:50,233.76399106489959,1,7.884844570940032,112.77345456795989,9.229761937198955,57.313599476626884,11.703559317166793,2,2,2,1380,11,0.9304398148148149,11.703559317166793,0.7655703289013296,ELECTRE-III,1
2185,0842,0,0,"[50.74738687275137, 39.243490498995655]","[np.float64(50.18472650544881), np.float64(36.11773059865531)]",2026-06-14 07:59:50,582.8925924865523,1,4.993936799579438,229.89601636094804,18.328085754341867,57.240567678926524,4.954479079472067,4,4,3,804,3,0.9304398148148149,6.815358709101697,0.13750874737578728,ELECTRE-III,1
2186,0401,0,0,"[50.15440009429462, 38.98879274484588]","[np.float64(47.58148945003139), np.float64(39.64844766119001)]",2026-06-14 08:00:00,208.9758415750236,1,7.739509164351796,290.1317641731619,22.687722091765703,60.7450387043171,5.707238366387893,4,4,3,680,13,0.9305555555555556,11.290571699721227,0.9188243526941917,ELECTRE-III,1
2187,0510,0,0,"[50.15440009429462, 38.98879274484588]","[np.float64(47.13803792370443), np.float64(39.85157614431118)]",2026-06-14 08:00:00,579.9279349919431,1,6.505178399209191,341.3349440894298,26.189670859507107,61.16966473482763,0.0,4,4,3,551,5,0.9305555555555556,0.9305555555555556,0.2722183344996501,ELECTRE-III,1
2188,0752,0,0,"[50.15440009429462, 38.98879274484588]","[np.float64(48.55567619481609), np.float64(37.51325150803306)]",2026-06-14 08:00:00,972.4342880156071,2,7.750103378008356,207.41213708733065,16.639551305945094,59.06623284784133,16.32901919831943,2,2,2,1446,12,0.9305555555555556,15.398463642763874,0.8369489153254024,ELECTRE-III,1
2189,0753,0,0,"[50.15440009429462, 38.98879274484588]","[np.float64(51.76155186408769), np.float64(39.23110515623688)]",2026-06-14 08:00:00,233.76399106489959,1,7.884844570940032,179.51117073860092,14.502365360301916,57.329213289069536,10.703559317166793,2,2,2,1380,11,0.9305555555555556,10.703559317166793,0.7655703289013296,ELECTRE-III,1
2190,0842,0,0,"[50.15440009429462, 38.98879274484588]","[np.float64(50.18472650544881), np.float64(36.11773059865531)]",2026-06-14 08:00:00,582.8925924865523,1,4.993936799579438,204.49917825202047,16.41852689840282,57.25896137836137,0.9544790794720672,4,4,3,804,3,0.9305555555555556,8.398923523916512,0.13750874737578728,ELECTRE-III,1
2191,0401,0,0,"[49.561037655433516, 38.739320085411165]","[np.float64(47.58148945003139), np.float64(39.64844766119001)]",2026-06-14 08:00:10,208.9758415750236,1,7.739509164351796,230.05037861907644,18.33956877859715,60.763446064130285,0.7072383663878927,4,4,3,680,13,0.9306712962962963,0.0,0.9188243526941917,ELECTRE-III,1
2192,0510,0,0,"[49.561037655433516, 38.739320085411165]","[np.float64(47.13803792370443), np.float64(39.85157614431118)]",2026-06-14 08:00:10,579.9279349919431,1,6.505178399209191,281.675540718539,22.090882545939035,61.18829749088342,0.0,4,4,3,551,5,0.9306712962962963,4.653356481481482,0.2722183344996501,ELECTRE-III,1
2193,0752,0,0,"[49.561037655433516, 38.739320085411165]","[np.float64(48.55567619481609), np.float64(37.51325150803306)]",2026-06-14 08:00:10,972.4342880156071,2,7.750103378008356,143.09885205119667,11.650780017651714,59.08511832089641,13.329019198319429,2,2,2,1446,12,0.9306712962962963,14.259690494615725,0.8369489153254024,ELECTRE-III,1
2194,0753,0,0,"[49.561037655433516, 38.739320085411165]","[np.float64(51.76155186408769), np.float64(39.23110515623688)]",2026-06-14 08:00:10,233.76399106489959,1,7.884844570940032,247.1279557115386,19.60041555619684,57.3447997807555,18.703559317166793,2,2,2,1380,11,0.9306712962962963,19.63423061346309,0.7655703289013296,ELECTRE-III,1
2195,0842,0,0,"[49.561037655433516, 38.739320085411165]","[np.float64(50.18472650544881), np.float64(36.11773059865531)]",2026-06-14 08:00:10,582.8925924865523,1,4.993936799579438,200.2505423766079,16.095254708567236,57.27733800232329,3.9544790794720672,4,4,3,804,3,0.9306712962962963,0.23179389428688202,0.13750874737578728,ELECTRE-III,1
2196,0132,0,0,"[48.96731321654641, 38.49484029425973]","[np.float64(48.0544157086422), np.float64(33.23745700324086)]",2026-06-14 08:00:20,661.1471349846009,1,5.8248023528847765,400.2708354225016,29.974591112836887,57.381839896624484,2.33637729676163,3,3,3,985,13,0.930787037037037,0.0,0.9188243526941917,ELECTRE-III,1
2197,0401,0,0,"[48.96731321654641, 38.49484029425973]","[np.float64(47.58148945003139), np.float64(39.64844766119001)]",2026-06-14 08:00:20,208.9758415750236,1,7.739509164351796,176.1617620966766,14.242881295089534,60.78182610318679,8.707238366387893,4,4,3,680,13,0.930787037037037,12.43038651453604,0.9188243526941917,ELECTRE-III,1
2198,0510,0,0,"[48.96731321654641, 38.49484029425973]","[np.float64(47.13803792370443), np.float64(39.85157614431118)]",2026-06-14 08:00:20,579.9279349919431,1,6.505178399209191,227.02257314102494,18.114052285294026,61.2069097563717,2.710917415608993,4,4,3,551,5,0.930787037037037,0.0,0.2722183344996501,ELECTRE-III,1
2199,0752,0,0,"[48.96731321654641, 38.49484029425973]","[np.float64(48.55567619481609), np.float64(37.51325150803306)]",2026-06-14 08:00:20,972.4342880156071,2,7.750103378008356,85.27401358652699,7.005004203698537,59.10397647319482,14.329019198319429,2,2,2,1446,12,0.930787037037037,17.121380309430542,0.8369489153254024,ELECTRE-III,1
2200,0753,0,0,"[48.96731321654641, 38.49484029425973]","[np.float64(51.76155186408769), np.float64(39.23110515623688)]",2026-06-14 08:00:20,233.76399106489959,1,7.884844570940032,315.05941461346725,24.416913345595265,57.360365781873966,16.703559317166793,2,2,2,1380,11,0.930787037037037,17.634346354203828,0.7655703289013296,ELECTRE-III,1
2201,0842,0,0,"[48.96731321654641, 38.49484029425973]","[np.float64(50.18472650544881), np.float64(36.11773059865531)]",2026-06-14 08:00:20,582.8925924865523,1,4.993936799579438,218.38958499253556,17.46787125366408,57.295690720623114,0.9544790794720672,4,4,3,804,3,0.930787037037037,6.539201301694289,0.13750874737578728,ELECTRE-III,1
2202,0132,0,0,"[48.373250683295375, 38.25513480533813]","[np.float64(48.0544157086422), np.float64(33.23745700324086)]",2026-06-14 08:00:30,661.1471349846009,1,5.8248023528847765,373.40392558934207,28.282295540553207,57.403177407591606,4.33637729676163,3,3,3,985,13,0.9309027777777777,0.0,0.9188243526941917,ELECTRE-III,1
2203,0401,0,0,"[48.373250683295375, 38.25513480533813]","[np.float64(47.58148945003139), np.float64(39.64844766119001)]",2026-06-14 08:00:30,208.9758415750236,1,7.739509164351796,136.0383808163802,11.090538871126947,60.80018565167578,3.7072383663878927,4,4,3,680,13,0.9309027777777777,0.9145300330545596,0.9188243526941917,ELECTRE-III,1
2204,0510,0,0,"[48.373250683295375, 38.25513480533813]","[np.float64(47.13803792370443), np.float64(39.85157614431118)]",2026-06-14 08:00:30,579.9279349919431,1,6.505178399209191,181.94682507017484,14.690679005243089,61.22548787091414,0.0,4,4,3,551,5,0.9309027777777777,4.654513888888888,0.2722183344996501,ELECTRE-III,1
2205,0752,0,0,"[48.373250683295375, 38.25513480533813]","[np.float64(48.55567619481609), np.float64(37.51325150803306)]",2026-06-14 08:00:30,972.4342880156071,2,7.750103378008356,58.34008422083505,4.805187368680746,59.12280730473655,11.329019198319429,2,2,2,1446,12,0.9309027777777777,15.05263030943054,0.8369489153254024,ELECTRE-III,1
2206,0753,0,0,"[48.373250683295375, 38.25513480533813]","[np.float64(51.76155186408769), np.float64(39.23110515623688)]",2026-06-14 08:00:30,233.76399106489959,1,7.884844570940032,383.13813793820646,28.901870120808464,57.37591129242491,13.703559317166793,2,2,2,1380,11,0.9309027777777777,18.358073206055682,0.7655703289013296,ELECTRE-III,1
2207,0842,0,0,"[48.373250683295375, 38.25513480533813]","[np.float64(50.18472650544881), np.float64(36.11773059865531)]",2026-06-14 08:00:30,582.8925924865523,1,4.993936799579438,254.16838062152164,20.114592760530602,57.31402294835543,9.954479079472067,4,4,3,804,3,0.9309027777777777,6.230867968360956,0.13750874737578728,ELECTRE-III,1
2208,0049,0,0,"[47.7788568858696, 38.020002128065855]","[np.float64(44.41139282978252), np.float64(39.91154998747761)]",2026-06-14 08:00:40,241.55851062820034,1,7.384767683419874,401.816621405744,30.070261430080215,63.280650811035954,2.4599976533037182,2,2,2,1241,7,0.9310185185185185,0.0,0.4688593421973408,ELECTRE-III,1
2209,0132,0,0,"[47.7788568858696, 38.020002128065855]","[np.float64(48.0544157086422), np.float64(33.23745700324086)]",2026-06-14 08:00:40,661.1471349846009,1,5.8248023528847765,357.6715374691584,27.265530713322594,57.42449442799121,0.0,3,3,3,985,13,0.9310185185185185,3.724074074074074,0.9188243526941917,ELECTRE-III,1
2210,0401,0,0,"[47.7788568858696, 38.020002128065855]","[np.float64(47.58148945003139), np.float64(39.64844766119001)]",2026-06-14 08:00:40,208.9758415750236,1,7.739509164351796,123.869294886659,10.119929017349843,60.8185178794081,2.7072383663878927,4,4,3,680,13,0.9310185185185185,6.431312440461967,0.9188243526941917,ELECTRE-III,1
2211,0510,0,0,"[47.7788568858696, 38.020002128065855]","[np.float64(47.13803792370443), np.float64(39.85157614431118)]",2026-06-14 08:00:40,579.9279349919431,1,6.505178399209191,155.03926597468032,12.593071468273948,61.244045494889065,0.0,4,4,3,551,5,0.9310185185185185,7.448148148148148,0.2722183344996501,ELECTRE-III,1
2212,0752,0,0,"[47.7788568858696, 38.020002128065855]","[np.float64(48.55567619481609), np.float64(37.51325150803306)]",2026-06-14 08:00:40,972.4342880156071,2,7.750103378008356,94.19943381147363,7.7297491754725485,59.14162447589993,17.32901919831943,2,2,2,1446,12,0.9310185185185185,11.742908087208319,0.8369489153254024,ELECTRE-III,1
2213,0842,0,0,"[47.7788568858696, 38.020002128065855]","[np.float64(50.18472650544881), np.float64(36.11773059865531)]",2026-06-14 08:00:40,582.8925924865523,1,4.993936799579438,301.37024504385647,23.472947746000354,57.33233468552023,6.954479079472067,4,4,3,804,3,0.9310185185185185,15.333645746138734,0.13750874737578728,ELECTRE-III,1
2214,0049,0,0,"[47.18415231483659, 37.78924418695698]","[np.float64(44.41139282978252), np.float64(39.91154998747761)]",2026-06-14 08:00:50,241.55851062820034,1,7.384767683419874,349.43694350687736,26.725777829205107,63.30141458611279,2.4599976533037182,2,2,2,1241,7,0.9311342592592593,0.0,0.4688593421973408,ELECTRE-III,1
2215,0132,0,0,"[47.18415231483659, 37.78924418695698]","[np.float64(48.0544157086422), np.float64(33.23745700324086)]",2026-06-14 08:00:50,661.1471349846009,1,5.8248023528847765,354.56003951142225,27.062190416946347,57.445797788012484,0.3363772967616301,3,3,3,985,13,0.9311342592592593,0.0,0.9188243526941917,ELECTRE-III,1
2216,0401,0,0,"[47.18415231483659, 37.78924418695698]","[np.float64(47.58148945003139), np.float64(39.64844766119001)]",2026-06-14 08:00:50,208.9758415750236,1,7.739509164351796,146.78181633146846,11.942132385703655,60.836822786383735,4.707238366387893,4,4,3,680,13,0.9311342592592593,9.362909662684189,0.9188243526941917,ELECTRE-III,1
2217,0510,0,0,"[47.18415231483659, 37.78924418695698]","[np.float64(47.13803792370443), np.float64(39.85157614431118)]",2026-06-14 08:00:50,579.9279349919431,1,6.505178399209191,156.00424226447112,12.66892924407226,61.26257579810731,0.0,4,4,3,551,5,0.9311342592592593,0.0,0.2722183344996501,ELECTRE-III,1
2218,0752,0,0,"[47.18415231483659, 37.78924418695698]","[np.float64(48.55567619481609), np.float64(37.51325150803306)]",2026-06-14 08:00:50,972.4342880156071,2,7.750103378008356,153.88961808993474,12.502637876578511,59.160414326306636,13.329019198319429,2,2,2,1446,12,0.9311342592592593,6.811079383504614,0.8369489153254024,ELECTRE-III,1
2219,0842,0,0,"[47.18415231483659, 37.78924418695698]","[np.float64(50.18472650544881), np.float64(36.11773059865531)]",2026-06-14 08:00:50,582.8925924865523,1,4.993936799579438,355.47390215807735,27.121989296253922,57.35061910192835,2.9544790794720672,4,4,3,804,3,0.9311342592592593,0.0,0.13750874737578728,ELECTRE-III,1
2220,0049,0,0,"[46.589147215480104, 37.562676566903896]","[np.float64(44.41139282978252), np.float64(39.91154998747761)]",2026-06-14 08:01:00,241.55851062820034,1,7.384767683419874,303.5343468683111,23.623095600498967,63.322151040432956,4.459997653303718,2,2,2,1241,7,0.93125,0.0,0.4688593421973408,ELECTRE-III,1
2221,0132,0,0,"[46.589147215480104, 37.562676566903896]","[np.float64(48.0544157086422), np.float64(33.23745700324086)]",2026-06-14 08:01:00,661.1471349846009,1,5.8248023528847765,364.3941972644283,27.70233319077928,57.46708065746624,2.33637729676163,3,3,3,985,13,0.93125,10.71762729676163,0.9188243526941917,ELECTRE-III,1
2222,0401,0,0,"[46.589147215480104, 37.562676566903896]","[np.float64(47.58148945003139), np.float64(39.64844766119001)]",2026-06-14 08:01:00,208.9758415750236,1,7.739509164351796,192.64115244218942,15.513638842497459,60.855100372602685,2.7072383663878927,4,4,3,680,13,0.93125,6.432238366387892,0.9188243526941917,ELECTRE-III,1
2223,0510,0,0,"[46.589147215480104, 37.562676566903896]","[np.float64(47.13803792370443), np.float64(39.85157614431118)]",2026-06-14 08:01:00,579.9279349919431,1,6.505178399209191,184.40526468804205,14.880425762482009,61.281078780568876,0.0,4,4,3,551,5,0.93125,0.0,0.2722183344996501,ELECTRE-III,1
2224,0752,0,0,"[46.589147215480104, 37.562676566903896]","[np.float64(48.55567619481609), np.float64(37.51325150803306)]",2026-06-14 08:01:00,972.4342880156071,2,7.750103378008356,218.6997733194117,17.491169618180276,59.17917685595666,14.329019198319429,2,2,2,1446,12,0.93125,21.77901919831943,0.8369489153254024,ELECTRE-III,1
2225,0049,0,0,"[45.99385524817847, 37.340128513177376]","[np.float64(44.41139282978252), np.float64(39.91154998747761)]",2026-06-14 08:01:10,241.55851062820034,1,7.384767683419874,267.46490138218354,21.076468705452633,63.342860173996435,1.4599976533037182,2,2,2,1241,7,0.9313657407407407,0.0,0.4688593421973408,ELECTRE-III,1
2226,0132,0,0,"[45.99385524817847, 37.340128513177376]","[np.float64(48.0544157086422), np.float64(33.23745700324086)]",2026-06-14 08:01:10,661.1471349846009,1,5.8248023528847765,386.1877469674046,29.094471958633,57.48834303635249,2.33637729676163,3,3,3,985,13,0.9313657407407407,10.718668963428296,0.9188243526941917,ELECTRE-III,1
2227,0401,0,0,"[45.99385524817847, 37.340128513177376]","[np.float64(47.58148945003139), np.float64(39.64844766119001)]",2026-06-14 08:01:10,208.9758415750236,1,7.739509164351796,249.08016525765888,19.743323157924454,60.873357468254135,7.707238366387893,4,4,3,680,13,0.9313657407407407,16.089530033054558,0.9188243526941917,ELECTRE-III,1
2228,0510,0,0,"[45.99385524817847, 37.340128513177376]","[np.float64(47.13803792370443), np.float64(39.85157614431118)]",2026-06-14 08:01:10,579.9279349919431,1,6.505178399209191,230.30689120281372,18.358647401881175,61.299561272462924,3.710917415608993,4,4,3,551,5,0.9313657407407407,0.0,0.2722183344996501,ELECTRE-III,1
2229,0752,0,0,"[45.99385524817847, 37.340128513177376]","[np.float64(48.55567619481609), np.float64(37.51325150803306)]",2026-06-14 08:01:10,972.4342880156071,2,7.750103378008356,285.1609417276201,22.33750217979997,59.197925725228345,9.329019198319429,2,2,2,1446,12,0.9313657407407407,15.848579383504614,0.8369489153254024,ELECTRE-III,1
2230,0049,0,0,"[45.398286658215454, 37.12143610123732]","[np.float64(44.41139282978252), np.float64(39.91154998747761)]",2026-06-14 08:01:20,241.55851062820034,1,7.384767683419874,245.59990165110906,19.48837992689876,63.36354198680323,3.4599976533037182,2,2,2,1241,7,0.9314814814814815,11.843330986637051,0.4688593421973408,ELECTRE-III,1
2231,0401,0,0,"[45.398286658215454, 37.12143610123732]","[np.float64(47.58148945003139), np.float64(39.64844766119001)]",2026-06-14 08:01:20,208.9758415750236,1,7.739509164351796,310.3806520510095,24.095834403589674,60.8915872431489,5.707238366387893,4,4,3,680,13,0.9314814814814815,5.707238366387893,0.9188243526941917,ELECTRE-III,1
2232,0510,0,0,"[45.398286658215454, 37.12143610123732]","[np.float64(47.13803792370443), np.float64(39.85157614431118)]",2026-06-14 08:01:20,579.9279349919431,1,6.505178399209191,285.38649887025184,22.353432228510236,61.318009613411135,0.0,4,4,3,551,5,0.9314814814814815,0.0,0.2722183344996501,ELECTRE-III,1
2233,0752,0,0,"[45.398286658215454, 37.12143610123732]","[np.float64(48.55567619481609), np.float64(37.51325150803306)]",2026-06-14 08:01:20,972.4342880156071,2,7.750103378008356,352.3409693950072,26.916719232321178,59.216640443554176,9.329019198319429,2,2,2,1446,12,0.9314814814814815,11.191982161282391,0.8369489153254024,ELECTRE-III,1
2234,0049,0,0,"[44.802458521063976, 36.90643540654366]","[np.float64(44.41139282978252), np.float64(39.91154998747761)]",2026-06-14 08:01:30,241.55851062820034,1,7.384767683419874,241.82450523990983,19.210906457447052,63.38419647885335,8.459997653303718,2,2,2,1241,7,0.9315972222222222,6.596803208859274,0.4688593421973408,ELECTRE-III,1
2235,0401,0,0,"[44.802458521063976, 36.90643540654366]","[np.float64(47.58148945003139), np.float64(39.64844766119001)]",2026-06-14 08:01:30,208.9758415750236,1,7.739509164351796,374.1609504341127,28.330741371712612,60.90978969728698,8.707238366387893,4,4,3,680,13,0.9315972222222222,4.980849477499004,0.9188243526941917,ELECTRE-III,1
2236,0510,0,0,"[44.802458521063976, 36.90643540654366]","[np.float64(47.13803792370443), np.float64(39.85157614431118)]",2026-06-14 08:01:30,579.9279349919431,1,6.505178399209191,345.27967758575414,26.45131640530674,61.336437463791825,0.0,4,4,3,551,5,0.9315972222222222,7.4527777777777775,0.2722183344996501,ELECTRE-III,1
2237,0511,0,0,"[44.802458521063976, 36.90643540654366]","[np.float64(41.41150784013216), np.float64(36.78299708442093)]",2026-06-14 08:01:30,220.17731385301244,1,4.683444249371055,377.19004035060624,28.52414645080237,63.63812242162691,14.459997653303718,3,3,3,1476,6,0.9315972222222222,7.007219875525941,0.37508747375787266,ELECTRE-III,1
2238,0049,0,0,"[44.206377666913205, 36.69497958002923]","[np.float64(44.41139282978252), np.float64(39.91154998747761)]",2026-06-14 08:01:40,241.55851062820034,1,7.384767683419874,256.93718353350073,20.31588713331045,63.40482365014679,7.459997653303718,2,2,2,1241,7,0.9317129629629629,14.913701357007422,0.4688593421973408,ELECTRE-III,1
2239,0510,0,0,"[44.206377666913205, 36.69497958002923]","[np.float64(47.13803792370443), np.float64(39.85157614431118)]",2026-06-14 08:01:40,579.9279349919431,1,6.505178399209191,407.87173792870266,30.44324093981638,61.35483799341584,0.0,4,4,3,551,5,0.9317129629629629,0.0,0.2722183344996501,ELECTRE-III,1
2240,0511,0,0,"[44.206377666913205, 36.69497958002923]","[np.float64(41.41150784013216), np.float64(36.78299708442093)]",2026-06-14 08:01:40,220.17731385301244,1,4.683444249371055,310.8586573866366,24.12871172446875,63.66326434796173,8.459997653303718,3,3,3,1476,6,0.9317129629629629,7.528284690340755,0.37508747375787266,ELECTRE-III,1
2241,0762,0,0,"[44.206377666913205, 36.69497958002923]","[np.float64(41.01530165103067), np.float64(36.68108950893681)]",2026-06-14 08:01:40,254.01762477180273,1,6.37742658114245,354.833783819622,27.080109657331157,63.83437424704889,4.83085872292998,1,1,1,1036,8,0.9317129629629629,0.0,0.5290412876137159,ELECTRE-III,1
2242,0049,0,0,"[43.610054341046904, 36.48693201791065]","[np.float64(44.41139282978252), np.float64(39.91154998747761)]",2026-06-14 08:01:50,241.55851062820034,1,7.384767683419874,287.9793140109279,22.53628882018621,63.42542350068354,6.459997653303718,2,2,2,1241,7,0.9318287037037037,12.05096987552594,0.4688593421973408,ELECTRE-III,1
2243,0511,0,0,"[43.610054341046904, 36.48693201791065]","[np.float64(41.41150784013216), np.float64(36.78299708442093)]",2026-06-14 08:01:50,220.17731385301244,1,4.683444249371055,245.66858883943988,19.49341935026771,63.68837895353987,11.459997653303718,3,3,3,1476,6,0.9318287037037037,11.459997653303718,0.37508747375787266,ELECTRE-III,1
2244,0678,0,0,"[43.610054341046904, 36.48693201791065]","[np.float64(40.41150928358038), np.float64(34.88042992026906)]",2026-06-14 08:01:50,579.944909479997,1,2.476449465786589,379.6006244836699,28.677555197466408,63.06286339916093,8.583618009845805,1,1,1,530,10,0.9318287037037037,0.0,0.655703289013296,ELECTRE-III,1
2245,0762,0,0,"[43.610054341046904, 36.48693201791065]","[np.float64(41.01530165103067), np.float64(36.68108950893681)]",2026-06-14 08:01:50,254.01762477180273,1,6.37742658114245,288.9648378957223,22.605665650520926,63.8599054941664,9.83085872292998,1,1,1,1036,8,0.9318287037037037,3.3080577970040537,0.5290412876137159,ELECTRE-III,1
2246,0049,0,0,"[43.0135022038434, 36.28214928621532]","[np.float64(44.41139282978252), np.float64(39.91154998747761)]",2026-06-14 08:02:00,241.55851062820034,1,7.384767683419874,330.49286375472497,25.46446713572225,63.445996030463625,5.459997653303718,2,2,2,1241,7,0.9319444444444445,9.187775431081496,0.4688593421973408,ELECTRE-III,1
2247,0511,0,0,"[43.0135022038434, 36.28214928621532]","[np.float64(41.41150784013216), np.float64(36.78299708442093)]",2026-06-14 08:02:00,220.17731385301244,1,4.683444249371055,182.84622442675274,14.760134714804181,63.713479898739664,6.459997653303718,3,3,3,1476,6,0.9319444444444445,7.391942097748163,0.37508747375787266,ELECTRE-III,1
2248,0579,0,0,"[43.0135022038434, 36.28214928621532]","[np.float64(40.44234051592937), np.float64(33.33123206441388)]",2026-06-14 08:02:00,441.43935290172914,1,2.5674469172498977,376.388589056996,28.473043165825132,62.06334034621043,0.9618371779142674,2,2,2,1258,9,0.9319444444444445,0.0,0.6014695591322603,ELECTRE-III,1
2249,0678,0,0,"[43.0135022038434, 36.28214928621532]","[np.float64(40.41150928358038), np.float64(34.88042992026906)]",2026-06-14 08:02:00,579.944909479997,1,2.476449465786589,311.8343954594334,24.19577077920156,63.08975385392327,1.5836180098458055,1,1,1,530,10,0.9319444444444445,5.311395787623583,0.655703289013296,ELECTRE-III,1
2250,0762,0,0,"[43.0135022038434, 36.28214928621532]","[np.float64(41.01530165103067), np.float64(36.68108950893681)]",2026-06-14 08:02:00,254.01762477180273,1,6.37742658114245,224.6203882273646,17.93471872175284,63.885416250716396,7.83085872292998,1,1,1,1036,8,0.9319444444444445,6.8989142784855355,0.5290412876137159,ELECTRE-III,1
2251,0049,0,0,"[42.41672467039729, 36.08050844153821]","[np.float64(44.41139282978252), np.float64(39.91154998747761)]",2026-06-14 08:02:10,241.55851062820034,1,7.384767683419874,380.65346352372,28.744416954239405,63.46654806967619,5.459997653303718,2,2,2,1241,7,0.9320601851851852,0.0,0.4688593421973408,ELECTRE-III,1
2252,0511,0,0,"[42.41672467039729, 36.08050844153821]","[np.float64(41.41150784013216), np.float64(36.78299708442093)]",2026-06-14 08:02:10,220.17731385301244,1,4.683444249371055,125.98496122356116,10.289113489850715,63.73855352318278,14.459997653303718,3,3,3,1476,6,0.9320601851851852,7.935576357007422,0.37508747375787266,ELECTRE-III,1
2253,0579,0,0,"[42.41672467039729, 36.08050844153821]","[np.float64(40.44234051592937), np.float64(33.33123206441388)]",2026-06-14 08:02:10,441.43935290172914,1,2.5674469172498977,317.35424572628426,24.573801927427116,62.090804536863054,2.9618371779142674,2,2,2,1258,9,0.9320601851851852,2.9618371779142674,0.6014695591322603,ELECTRE-III,1
2254,0678,0,0,"[42.41672467039729, 36.08050844153821]","[np.float64(40.41150928358038), np.float64(34.88042992026906)]",2026-06-14 08:02:10,579.944909479997,1,2.476449465786589,244.39136461446446,19.399661024293696,63.11661698792893,8.583618009845805,1,1,1,530,10,0.9320601851851852,15.108039306142102,0.655703289013296,ELECTRE-III,1
2255,0762,0,0,"[42.41672467039729, 36.08050844153821]","[np.float64(41.01530165103067), np.float64(36.68108950893681)]",2026-06-14 08:02:10,254.01762477180273,1,6.37742658114245,163.60909225264524,13.26515719390247,63.91090651669888,5.83085872292998,1,1,1,1036,8,0.9320601851851852,6.762918908115165,0.5290412876137159,ELECTRE-III,1
2256,0511,0,0,"[41.8197388161815, 35.881886540474234]","[np.float64(41.41150784013216), np.float64(36.78299708442093)]",2026-06-14 08:02:20,220.17731385301244,1,4.683444249371055,87.5899847171558,7.193287349455743,63.76360665705839,7.459997653303718,3,3,3,1476,6,0.9321759259259259,6.527821727377792,0.37508747375787266,ELECTRE-III,1
2257,0579,0,0,"[41.8197388161815, 35.881886540474234]","[np.float64(40.44234051592937), np.float64(33.33123206441388)]",2026-06-14 08:02:20,441.43935290172914,1,2.5674469172498977,262.8364977675317,20.743026887044973,62.11824823694817,0.9618371779142674,2,2,2,1258,9,0.9321759259259259,0.0,0.6014695591322603,ELECTRE-III,1
2258,0678,0,0,"[41.8197388161815, 35.881886540474234]","[np.float64(40.41150928358038), np.float64(34.88042992026906)]",2026-06-14 08:02:20,579.944909479997,1,2.476449465786589,177.64271022696,14.357686979875975,63.14347329174542,1.5836180098458055,1,1,1,530,10,0.9321759259259259,6.244497639475435,0.655703289013296,ELECTRE-III,1
2259,0762,0,0,"[41.8197388161815, 35.881886540474234]","[np.float64(41.01530165103067), np.float64(36.68108950893681)]",2026-06-14 08:02:20,254.01762477180273,1,6.37742658114245,111.54438808434182,9.130874548526476,63.93637629211386,4.83085872292998,1,1,1,1036,8,0.9321759259259259,13.220442056263312,0.5290412876137159,ELECTRE-III,1
2260,0511,0,0,"[41.22254464119602, 35.68616746980752]","[np.float64(41.41150784013216), np.float64(36.78299708442093)]",2026-06-14 08:02:30,220.17731385301244,1,4.683444249371055,93.98003639230562,7.711962923119489,63.788639300366484,10.459997653303718,3,3,3,1476,6,0.9322916666666666,9.527705986637052,0.37508747375787266,ELECTRE-III,1
2261,0579,0,0,"[41.22254464119602, 35.68616746980752]","[np.float64(40.44234051592937), np.float64(33.33123206441388)]",2026-06-14 08:02:30,441.43935290172914,1,2.5674469172498977,216.2791520016893,17.30919777073654,62.145678276654934,9.961837177914267,2,2,2,1258,9,0.9322916666666666,7.164962177914267,0.6014695591322603,ELECTRE-III,1
2262,0678,0,0,"[41.22254464119602, 35.68616746980752]","[np.float64(40.41150928358038), np.float64(34.88042992026906)]",2026-06-14 08:02:30,579.944909479997,1,2.476449465786589,112.82826355514713,9.234170433961959,63.17030227480523,1.5836180098458055,1,1,1,530,10,0.9322916666666666,3.4482013431791385,0.655703289013296,ELECTRE-III,1
2263,0762,0,0,"[41.22254464119602, 35.68616746980752]","[np.float64(41.01530165103067), np.float64(36.68108950893681)]",2026-06-14 08:02:30,254.01762477180273,1,6.37742658114245,86.46967083635235,7.102227644814153,63.961825576961324,10.83085872292998,1,1,1,1036,8,0.9322916666666666,8.966275389596646,0.5290412876137159,ELECTRE-III,1
2264,0163,0,0,"[40.6251558058192, 35.49323511632217]","[np.float64(37.62852006744855), np.float64(36.76254208980883)]",2026-06-14 08:02:40,244.49292536578204,1,4.639762258773273,350.72694404400403,26.810675548172867,65.88994699852091,6.961837177914267,1,1,1,887,11,0.9324074074074075,6.02942977050686,0.7655703289013296,ELECTRE-III,1
2265,0511,0,0,"[40.6251558058192, 35.49323511632217]","[np.float64(41.41150784013216), np.float64(36.78299708442093)]",2026-06-14 08:02:40,220.17731385301244,1,4.683444249371055,139.11637453735202,11.335045164626143,63.81365145310707,9.459997653303718,3,3,3,1476,6,0.9324074074074075,14.122034690340755,0.37508747375787266,ELECTRE-III,1
2266,0579,0,0,"[40.6251558058192, 35.49323511632217]","[np.float64(40.44234051592937), np.float64(33.33123206441388)]",2026-06-14 08:02:40,441.43935290172914,1,2.5674469172498977,183.8352804849766,14.83646292891686,62.17309465598337,5.961837177914267,2,2,2,1258,9,0.9324074074074075,14.353503844580935,0.6014695591322603,ELECTRE-III,1
2267,0678,0,0,"[40.6251558058192, 35.49323511632217]","[np.float64(40.41150928358038), np.float64(34.88042992026906)]",2026-06-14 08:02:40,579.944909479997,1,2.476449465786589,56.988160158345494,4.694339507332556,63.1971175974867,2.5836180098458055,1,1,1,530,10,0.9324074074074075,2.5836180098458055,0.655703289013296,ELECTRE-III,1
2268,0762,0,0,"[40.6251558058192, 35.49323511632217]","[np.float64(41.01530165103067), np.float64(36.68108950893681)]",2026-06-14 08:02:40,254.01762477180273,1,6.37742658114245,108.96317795418298,8.923019266741077,63.987254371241285,11.83085872292998,1,1,1,1036,8,0.9324074074074075,16.492895759967016,0.5290412876137159,ELECTRE-III,1
2269,0163,0,0,"[40.02757914024019, 35.302990442275224]","[np.float64(37.62852006744855), np.float64(36.76254208980883)]",2026-06-14 08:02:50,244.49292536578204,1,4.639762258773273,295.1962915184272,23.042712484514798,65.91848352887322,2.9618371779142674,1,1,1,887,11,0.9325231481481482,0.0,0.7655703289013296,ELECTRE-III,1
2270,0511,0,0,"[40.02757914024019, 35.302990442275224]","[np.float64(41.41150784013216), np.float64(36.78299708442093)]",2026-06-14 08:02:50,220.17731385301244,1,4.683444249371055,198.0794699908266,15.929652469408287,63.83864311528015,12.459997653303718,3,3,3,1476,6,0.9325231481481482,10.594951357007421,0.37508747375787266,ELECTRE-III,1
2271,0579,0,0,"[40.02757914024019, 35.302990442275224]","[np.float64(40.44234051592937), np.float64(33.33123206441388)]",2026-06-14 08:02:50,441.43935290172914,1,2.5674469172498977,173.6090814812284,14.044719043203317,62.20049054474429,9.961837177914267,2,2,2,1258,9,0.9325231481481482,8.09679088161797,0.6014695591322603,ELECTRE-III,1
2272,0678,0,0,"[40.02757914024019, 35.302990442275224]","[np.float64(40.41150928358038), np.float64(34.88042992026906)]",2026-06-14 08:02:50,579.944909479997,1,2.476449465786589,55.76502387231626,4.594020920625601,63.22391242960066,10.583618009845805,1,1,1,530,10,0.9325231481481482,2.1909096765124723,0.655703289013296,ELECTRE-III,1
2273,0762,0,0,"[40.02757914024019, 35.302990442275224]","[np.float64(41.01530165103067), np.float64(36.68108950893681)]",2026-06-14 08:02:50,254.01762477180273,1,6.37742658114245,160.09427930287848,12.989947589817396,64.01266267495373,6.83085872292998,1,1,1,1036,8,0.9325231481481482,3.1007661303373872,0.5290412876137159,ELECTRE-III,1
2274,0163,0,0,"[39.42982147464819, 35.11532416463995]","[np.float64(37.62852006744855), np.float64(36.76254208980883)]",2026-06-14 08:03:00,244.49292536578204,1,4.639762258773273,246.2599734524337,19.536794913087704,65.94699956865803,2.9618371779142674,1,1,1,887,11,0.9326388888888889,0.0,0.7655703289013296,ELECTRE-III,1
2275,0511,0,0,"[39.42982147464819, 35.11532416463995]","[np.float64(41.41150784013216), np.float64(36.78299708442093)]",2026-06-14 08:03:00,220.17731385301244,1,4.683444249371055,261.6849209343745,20.65983453701886,63.86361428688571,7.459997653303718,3,3,3,1476,6,0.9326388888888889,0.9315254310814955,0.37508747375787266,ELECTRE-III,1
2276,0579,0,0,"[39.42982147464819, 35.11532416463995]","[np.float64(40.44234051592937), np.float64(33.33123206441388)]",2026-06-14 08:03:00,441.43935290172914,1,2.5674469172498977,189.23853945274146,15.252491570303745,62.22787277312687,7.961837177914267,2,2,2,1258,9,0.9326388888888889,0.0,0.6014695591322603,ELECTRE-III,1
2277,0678,0,0,"[39.42982147464819, 35.11532416463995]","[np.float64(40.41150928358038), np.float64(34.88042992026906)]",2026-06-14 08:03:00,579.944909479997,1,2.476449465786589,110.98148920759542,9.085566856470406,63.25069360133628,9.583618009845805,1,1,1,530,10,0.9326388888888889,12.381534676512473,0.655703289013296,ELECTRE-III,1
2278,0762,0,0,"[39.42982147464819, 35.11532416463995]","[np.float64(41.01530165103067), np.float64(36.68108950893681)]",2026-06-14 08:03:00,254.01762477180273,1,6.37742658114245,220.7918010653697,17.64814646138831,64.0380436579095,4.83085872292998,1,1,1,1036,8,0.9326388888888889,8.561414278485536,0.5290412876137159,ELECTRE-III,1
2279,0163,0,0,"[38.83188963923235, 34.930144075862565]","[np.float64(37.62852006744855), np.float64(36.76254208980883)]",2026-06-14 08:03:10,244.49292536578204,1,4.639762258773273,208.61156649706837,16.73041200580153,65.97550194806449,5.961837177914267,1,1,1,887,11,0.9327546296296296,14.356628844580934,0.7655703289013296,ELECTRE-III,1
2280,0419,0,0,"[38.83188963923235, 34.930144075862565]","[np.float64(35.71389378659219), np.float64(36.70207253342981)]",2026-06-14 08:03:10,475.4273895391317,1,7.5599813563668175,380.4867822371321,28.733837361918535,66.84073665174336,14.456318604082618,2,2,2,1087,5,0.9327546296296296,13.523563974452989,0.2722183344996501,ELECTRE-III,1
2281,0511,0,0,"[38.83188963923235, 34.930144075862565]","[np.float64(41.41150784013216), np.float64(36.78299708442093)]",2026-06-14 08:03:10,220.17731385301244,1,4.683444249371055,327.237074630942,25.24496328578527,63.8885581377346,9.459997653303718,3,3,3,1476,6,0.9327546296296296,15.989280060711126,0.37508747375787266,ELECTRE-III,1
2282,0579,0,0,"[38.83188963923235, 34.930144075862565]","[np.float64(40.44234051592937), np.float64(33.33123206441388)]",2026-06-14 08:03:10,441.43935290172914,1,2.5674469172498977,225.4097839499394,17.99369083087219,62.25524134113111,7.961837177914267,2,2,2,1258,9,0.9327546296296296,10.760101066803156,0.6014695591322603,ELECTRE-III,1
2283,0678,0,0,"[38.83188963923235, 34.930144075862565]","[np.float64(40.41150928358038), np.float64(34.88042992026906)]",2026-06-14 08:03:10,579.944909479997,1,2.476449465786589,175.69753309205313,14.206869350692434,63.27745428250439,2.5836180098458055,1,1,1,530,10,0.9327546296296296,3.516372639475435,0.655703289013296,ELECTRE-III,1
2284,0762,0,0,"[38.83188963923235, 34.930144075862565]","[np.float64(41.01530165103067), np.float64(36.68108950893681)]",2026-06-14 08:03:10,254.01762477180273,1,6.37742658114245,285.00820230588033,22.326712839592023,64.06341098048692,8.83085872292998,1,1,1,1036,8,0.9327546296296296,4.167085574781832,0.5290412876137159,ELECTRE-III,1
2285,0163,0,0,"[38.233793879276426, 34.74735796838927]","[np.float64(37.62852006744855), np.float64(36.76254208980883)]",2026-06-14 08:03:20,244.49292536578204,1,4.639762258773273,189.11752573188033,15.243191850313005,66.00398383690344,4.961837177914267,1,1,1,887,11,0.9328703703703703,6.827577918655008,0.7655703289013296,ELECTRE-III,1
2286,0181,0,0,"[38.233793879276426, 34.74735796838927]","[np.float64(35.79672414530867), np.float64(37.54407833356552)]",2026-06-14 08:03:20,301.11976724320164,1,6.958661085648618,367.51117878062206,27.903681376323334,67.44155424208353,8.209077890998444,3,3,3,1343,14,0.9328703703703703,11.007689002109554,1.0,ELECTRE-III,1
2287,0419,0,0,"[38.233793879276426, 34.74735796838927]","[np.float64(35.71389378659219), np.float64(36.70207253342981)]",2026-06-14 08:03:20,475.4273895391317,1,7.5599813563668175,329.623059696331,25.405903368282296,66.8710422010907,11.456318604082618,2,2,2,1087,5,0.9328703703703703,2.127614900378914,0.2722183344996501,ELECTRE-III,1
2288,0460,0,0,"[38.233793879276426, 34.74735796838927]","[np.float64(34.73341817363701), np.float64(36.09631707755306)]",2026-06-14 08:03:20,844.2029184024964,2,3.3202395431277267,407.46589516993475,30.418330640833503,66.83546374570412,9.83085872292998,3,3,3,624,6,0.9328703703703703,18.226692056263314,0.37508747375787266,ELECTRE-III,1
2289,0511,0,0,"[38.233793879276426, 34.74735796838927]","[np.float64(41.41150784013216), np.float64(36.78299708442093)]",2026-06-14 08:03:20,220.17731385301244,1,4.683444249371055,393.76483445944206,29.569904132358154,63.913481498015976,6.459997653303718,3,3,3,1476,6,0.9328703703703703,1.7956458014518661,0.37508747375787266,ELECTRE-III,1
2290,0579,0,0,"[38.233793879276426, 34.74735796838927]","[np.float64(40.44234051592937), np.float64(33.33123206441388)]",2026-06-14 08:03:20,441.43935290172914,1,2.5674469172498977,274.10880659866604,21.55250635529335,62.282589418567845,2.9618371779142674,2,2,2,1258,9,0.9328703703703703,4.827577918655008,0.6014695591322603,ELECTRE-III,1
2291,0678,0,0,"[38.233793879276426, 34.74735796838927]","[np.float64(40.41150928358038), np.float64(34.88042992026906)]",2026-06-14 08:03:20,579.944909479997,1,2.476449465786589,242.42154852027025,19.254849026459336,63.30419447310499,5.5836180098458055,1,1,1,530,10,0.9328703703703703,0.0,0.655703289013296,ELECTRE-III,1
2292,0762,0,0,"[38.233793879276426, 34.74735796838927]","[np.float64(41.01530165103067), np.float64(36.68108950893681)]",2026-06-14 08:03:20,254.01762477180273,1,6.37742658114245,350.8163830575615,26.81655701735984,64.08875098230767,7.83085872292998,1,1,1,1036,8,0.9328703703703703,5.032247611818869,0.5290412876137159,ELECTRE-III,1
2293,0163,0,0,"[37.635534194780426, 34.566877049760855]","[np.float64(37.62852006744855), np.float64(36.76254208980883)]",2026-06-14 08:03:30,244.49292536578204,1,4.639762258773273,193.34912760691725,15.567892691586291,66.03244523517488,3.9618371779142674,1,1,1,887,11,0.9329861111111111,6.760795511247601,0.7655703289013296,ELECTRE-III,1
2294,0181,0,0,"[37.635534194780426, 34.566877049760855]","[np.float64(35.79672414530867), np.float64(37.54407833356552)]",2026-06-14 08:03:30,301.11976724320164,1,6.958661085648618,334.97348325035443,25.765243286291472,67.47142948951317,11.209077890998444,3,3,3,1343,14,0.9329861111111111,14.008036224331777,1.0,ELECTRE-III,1
2295,0419,0,0,"[37.635534194780426, 34.566877049760855]","[np.float64(35.71389378659219), np.float64(36.70207253342981)]",2026-06-14 08:03:30,475.4273895391317,1,7.5599813563668175,286.1959579827445,22.410570554954397,66.90133409005972,13.456318604082618,2,2,2,1087,5,0.9329861111111111,14.38930471519373,0.2722183344996501,ELECTRE-III,1
2296,0460,0,0,"[37.635534194780426, 34.566877049760855]","[np.float64(34.73341817363701), np.float64(36.09631707755306)]",2026-06-14 08:03:30,844.2029184024964,2,3.3202395431277267,350.6657206629645,26.80664917438924,66.8668552951295,6.83085872292998,3,3,3,624,6,0.9329861111111111,8.696830945152202,0.37508747375787266,ELECTRE-III,1
2297,0579,0,0,"[37.635534194780426, 34.566877049760855]","[np.float64(40.44234051592937), np.float64(33.33123206441388)]",2026-06-14 08:03:30,441.43935290172914,1,2.5674469172498977,329.8338549682124,25.420101407018645,62.309923835626236,6.961837177914267,2,2,2,1258,9,0.9329861111111111,9.7607955112476,0.6014695591322603,ELECTRE-III,1
2298,0678,0,0,"[37.635534194780426, 34.566877049760855]","[np.float64(40.41150928358038), np.float64(34.88042992026906)]",2026-06-14 08:03:30,579.944909479997,1,2.476449465786589,309.86025588021914,24.06002223564009,63.33092100332725,7.5836180098458055,1,1,1,530,10,0.9329861111111111,10.382576343179139,0.655703289013296,ELECTRE-III,1
2299,0163,0,0,"[37.03712424612268, 34.388612527518106]","[np.float64(37.62852006744855), np.float64(36.76254208980883)]",2026-06-14 08:03:40,244.49292536578204,1,4.639762258773273,219.9417628772367,17.584396075537715,66.06089297306798,1.9618371779142674,1,1,1,887,11,0.9331018518518519,0.09563347421056356,0.7655703289013296,ELECTRE-III,1
2300,0181,0,0,"[37.03712424612268, 34.388612527518106]","[np.float64(35.79672414530867), np.float64(37.54407833356552)]",2026-06-14 08:03:40,301.11976724320164,1,6.958661085648618,314.2162272069087,24.35916965783913,67.50129790675363,10.209077890998444,3,3,3,1343,14,0.9331018518518519,13.941485298405851,1.0,ELECTRE-III,1
2301,0419,0,0,"[37.03712424612268, 34.388612527518106]","[np.float64(35.71389378659219), np.float64(36.70207253342981)]",2026-06-14 08:03:40,475.4273895391317,1,7.5599813563668175,254.04927055174306,20.105921682686784,66.93160548846122,9.456318604082618,2,2,2,1087,5,0.9331018518518519,3.8577074929715067,0.2722183344996501,ELECTRE-III,1
2302,0460,0,0,"[37.03712424612268, 34.388612527518106]","[np.float64(34.73341817363701), np.float64(36.09631707755306)]",2026-06-14 08:03:40,844.2029184024964,2,3.3202395431277267,298.7945291308974,23.29379528525046,66.89823318417653,9.83085872292998,3,3,3,624,6,0.9331018518518519,7.031553167374424,0.37508747375787266,ELECTRE-III,1
2303,0579,0,0,"[37.03712424612268, 34.388612527518106]","[np.float64(40.44234051592937), np.float64(33.33123206441388)]",2026-06-14 08:03:40,441.43935290172914,1,2.5674469172498977,389.5816385576483,29.307973369782943,62.33723776211711,0.9618371779142674,2,2,2,1258,9,0.9331018518518519,0.0,0.6014695591322603,ELECTRE-III,1
2304,0627,0,0,"[37.03712424612268, 34.388612527518106]","[np.float64(33.78107097887163), np.float64(36.29501273481434)]",2026-06-14 08:03:40,513.8806775134624,1,7.0690892376117125,401.1418550251896,30.028522136732565,67.41669918369385,6.078099436014156,1,1,1,739,7,0.9331018518518519,13.542914250828971,0.4688593421973408,ELECTRE-III,1
2305,0678,0,0,"[37.03712424612268, 34.388612527518106]","[np.float64(40.41150928358038), np.float64(34.88042992026906)]",2026-06-14 08:03:40,579.944909479997,1,2.476449465786589,377.6309147120108,28.552237010386687,63.357627042982,6.5836180098458055,1,1,1,530,10,0.9331018518518519,3.7843124542902498,0.655703289013296,ELECTRE-III,1
2306,0163,0,0,"[36.4385640333032, 34.21248926958015]","[np.float64(37.62852006744855), np.float64(36.76254208980883)]",2026-06-14 08:03:50,244.49292536578204,1,4.639762258773273,262.17696666462734,20.695392132871923,66.08932022039357,4.961837177914267,1,1,1,887,11,0.9332175925925926,0.0,0.7655703289013296,ELECTRE-III,1
2307,0181,0,0,"[36.4385640333032, 34.21248926958015]","[np.float64(35.79672414530867), np.float64(37.54407833356552)]",2026-06-14 08:03:50,301.11976724320164,1,6.958661085648618,307.6322257444829,23.906469636738283,67.53113900323743,9.209077890998444,3,3,3,1343,14,0.9332175925925926,7.342642705813258,1.0,ELECTRE-III,1
2308,0419,0,0,"[36.4385640333032, 34.21248926958015]","[np.float64(35.71389378659219), np.float64(36.70207253342981)]",2026-06-14 08:03:50,475.4273895391317,1,7.5599813563668175,237.80155018413723,18.914204753113008,66.96186322648437,13.456318604082618,2,2,2,1087,5,0.9332175925925926,5.057360270749285,0.2722183344996501,ELECTRE-III,1
2309,0460,0,0,"[36.4385640333032, 34.21248926958015]","[np.float64(34.73341817363701), np.float64(36.09631707755306)]",2026-06-14 08:03:50,844.2029184024964,2,3.3202395431277267,254.87858047124763,20.16627454533001,66.9296042430344,10.83085872292998,3,3,3,624,6,0.9332175925925926,8.031205945152202,0.37508747375787266,ELECTRE-III,1
2310,0627,0,0,"[36.4385640333032, 34.21248926958015]","[np.float64(33.78107097887163), np.float64(36.29501273481434)]",2026-06-14 08:03:50,513.8806775134624,1,7.0690892376117125,350.9814518617695,26.827410264801323,67.44884888411711,12.078099436014156,1,1,1,739,7,0.9332175925925926,2.7459235100882307,0.4688593421973408,ELECTRE-III,1
2311,0163,0,0,"[35.83986380160573, 34.03842531367697]","[np.float64(37.62852006744855), np.float64(36.76254208980883)]",2026-06-14 08:04:00,244.49292536578204,1,4.639762258773273,313.8010650457058,24.33071888141984,66.11772697715166,4.961837177914267,1,1,1,887,11,0.9333333333333333,5.895170511247601,0.7655703289013296,ELECTRE-III,1
2312,0181,0,0,"[35.83986380160573, 34.03842531367697]","[np.float64(35.79672414530867), np.float64(37.54407833356552)]",2026-06-14 08:04:00,301.11976724320164,1,6.958661085648618,316.1085753215438,24.488688912468643,67.56097326953204,11.209077890998444,3,3,3,1343,14,0.9333333333333333,11.209077890998444,1.0,ELECTRE-III,1
2313,0307,0,0,"[35.83986380160573, 34.03842531367697]","[np.float64(32.3724013309903), np.float64(34.84851466648656)]",2026-06-14 08:04:00,951.8867084196934,2,6.545031805732858,392.70726298085395,29.50381196689522,66.80568412092286,1.0,1,1,1,1131,13,0.9333333333333333,4.733333333333333,0.9188243526941917,ELECTRE-III,1
2314,0419,0,0,"[35.83986380160573, 34.03842531367697]","[np.float64(35.71389378659219), np.float64(36.70207253342981)]",2026-06-14 08:04:00,475.4273895391317,1,7.5599813563668175,240.69480900803163,19.127696196153707,66.99210730412918,13.456318604082618,2,2,2,1087,5,0.9333333333333333,13.456318604082618,0.2722183344996501,ELECTRE-III,1
2315,0446,0,0,"[35.83986380160573, 34.03842531367697]","[np.float64(32.61662002150712), np.float64(35.51348908138998)]",2026-06-14 08:04:00,361.4238569499374,1,6.283238271645085,383.191418166269,28.90524125923174,67.26621645590014,3.4599976533037182,3,3,3,1160,2,0.9333333333333333,8.126664319970384,0.061931420573827854,ELECTRE-III,1
2316,0460,0,0,"[35.83986380160573, 34.03842531367697]","[np.float64(34.73341817363701), np.float64(36.09631707755306)]",2026-06-14 08:04:00,844.2029184024964,2,3.3202395431277267,223.65501274693074,17.862546544961777,66.96095481132475,8.83085872292998,3,3,3,624,6,0.9333333333333333,17.23085872292998,0.37508747375787266,ELECTRE-III,1
2317,0627,0,0,"[35.83986380160573, 34.03842531367697]","[np.float64(33.78107097887163), np.float64(36.29501273481434)]",2026-06-14 08:04:00,513.8806775134624,1,7.0690892376117125,307.9581229352176,23.928952852804283,67.48098492416202,8.078099436014156,1,1,1,739,7,0.9333333333333333,0.0,0.4688593421973408,ELECTRE-III,1
2318,0128,0,0,"[35.24102355103028, 33.86634552772767]","[np.float64(31.89826814435668), np.float64(35.54336482597846)]",2026-06-14 08:04:10,354.2644111732928,1,3.611669839462765,402.84520298346285,30.13381912446473,67.53975187178081,13.83085872292998,3,3,3,1197,6,0.9334490740740741,17.564655019226276,0.37508747375787266,ELECTRE-III,1
2319,0163,0,0,"[35.24102355103028, 33.86634552772767]","[np.float64(37.62852006744855), np.float64(36.76254208980883)]",2026-06-14 08:04:10,244.49292536578204,1,4.639762258773273,370.9146653334842,28.12268423641048,66.14611324334224,1.9618371779142674,1,1,1,887,11,0.9334490740740741,7.562531622358712,0.7655703289013296,ELECTRE-III,1
2320,0181,0,0,"[35.24102355103028, 33.86634552772767]","[np.float64(35.79672414530867), np.float64(37.54407833356552)]",2026-06-14 08:04:10,301.11976724320164,1,6.958661085648618,338.5156141276384,26.001947262172298,67.59078021506997,6.209077890998444,3,3,3,1343,14,0.9334490740740741,14.61011955766511,1.0,ELECTRE-III,1
2321,0307,0,0,"[35.24102355103028, 33.86634552772767]","[np.float64(32.3724013309903), np.float64(34.84851466648656)]",2026-06-14 08:04:10,951.8867084196934,2,6.545031805732858,331.6277868121394,25.54079567337423,66.83932963277434,0.0,1,1,1,1131,13,0.9334490740740741,0.0,0.9188243526941917,ELECTRE-III,1
2322,0419,0,0,"[35.24102355103028, 33.86634552772767]","[np.float64(35.71389378659219), np.float64(36.70207253342981)]",2026-06-14 08:04:10,475.4273895391317,1,7.5599813563668175,262.0958274290134,20.689529767699558,67.02233772139566,10.456318604082618,2,2,2,1087,5,0.9334490740740741,1.1218278633418777,0.2722183344996501,ELECTRE-III,1
2323,0446,0,0,"[35.24102355103028, 33.86634552772767]","[np.float64(32.61662002150712), np.float64(35.51348908138998)]",2026-06-14 08:04:10,361.4238569499374,1,6.283238271645085,329.0043883192461,25.36421368188676,67.29952045829312,0.4599976533037182,3,3,3,1160,2,0.9334490740740741,0.0,0.061931420573827854,ELECTRE-III,1
2324,0460,0,0,"[35.24102355103028, 33.86634552772767]","[np.float64(34.73341817363701), np.float64(36.09631707755306)]",2026-06-14 08:04:10,844.2029184024964,2,3.3202395431277267,210.8398876792143,16.8989846327005,66.99229854942594,10.83085872292998,3,3,3,624,6,0.9334490740740741,11.764307797004054,0.37508747375787266,ELECTRE-III,1
2325,0627,0,0,"[35.24102355103028, 33.86634552772767]","[np.float64(33.78107097887163), np.float64(36.29501273481434)]",2026-06-14 08:04:10,513.8806775134624,1,7.0690892376117125,275.4362701574412,21.647248557872917,67.51310730382859,9.078099436014156,1,1,1,739,7,0.9334490740740741,10.944997584162305,0.4688593421973408,ELECTRE-III,1
2326,0128,0,0,"[34.64205352686059, 33.69617819474597]","[np.float64(31.89826814435668), np.float64(35.54336482597846)]",2026-06-14 08:04:20,354.2644111732928,1,3.611669839462765,350.0877025028146,26.768621545964816,67.5736227798749,7.83085872292998,3,3,3,1197,6,0.9335648148148148,5.96372909330035,0.37508747375787266,ELECTRE-III,1
2327,0181,0,0,"[34.64205352686059, 33.69617819474597]","[np.float64(35.79672414530867), np.float64(37.54407833356552)]",2026-06-14 08:04:20,301.11976724320164,1,6.958661085648618,372.3465861931084,28.21455722591042,67.62057350022957,11.209077890998444,3,3,3,1343,14,0.9335648148148148,4.6741241872947406,1.0,ELECTRE-III,1
2328,0307,0,0,"[34.64205352686059, 33.69617819474597]","[np.float64(32.3724013309903), np.float64(34.84851466648656)]",2026-06-14 08:04:20,951.8867084196934,2,6.545031805732858,274.05109477817376,21.548384600878325,66.87296148424748,0.0,1,1,1,1131,13,0.9335648148148148,7.468518518518518,0.9188243526941917,ELECTRE-III,1
2329,0329,0,0,"[34.64205352686059, 33.69617819474597]","[np.float64(31.20424691988397), np.float64(33.8172340915129)]",2026-06-14 08:04:20,202.7555169113042,1,5.5532010800510845,382.4340315678951,28.8572994391534,66.33363608700493,8.579938960624705,3,3,3,1066,9,0.9335648148148148,10.447068590254336,0.6014695591322603,ELECTRE-III,1
2330,0419,0,0,"[34.64205352686059, 33.69617819474597]","[np.float64(35.71389378659219), np.float64(36.70207253342981)]",2026-06-14 08:04:20,475.4273895391317,1,7.5599813563668175,298.0440083784574,23.241502173405603,67.05254764809463,16.456318604082618,2,2,2,1087,5,0.9335648148148148,24.85840193741595,0.2722183344996501,ELECTRE-III,1
2331,0446,0,0,"[34.64205352686059, 33.69617819474597]","[np.float64(32.61662002150712), np.float64(35.51348908138998)]",2026-06-14 08:04:20,361.4238569499374,1,6.283238271645085,281.1152775439802,22.051158711632908,67.3328244606861,2.4599976533037182,3,3,3,1160,2,0.9335648148148148,4.327127282933348,0.061931420573827854,ELECTRE-III,1
2332,0460,0,0,"[34.64205352686059, 33.69617819474597]","[np.float64(34.73341817363701), np.float64(36.09631707755306)]",2026-06-14 08:04:20,844.2029184024964,2,3.3202395431277267,219.6790991105291,17.564687954553367,67.02362179695962,11.83085872292998,3,3,3,624,6,0.9335648148148148,11.83085872292998,0.37508747375787266,ELECTRE-III,1
2333,0627,0,0,"[34.64205352686059, 33.69617819474597]","[np.float64(33.78107097887163), np.float64(36.29501273481434)]",2026-06-14 08:04:20,513.8806775134624,1,7.0690892376117125,257.4275946669951,20.35148608509884,67.54522285330599,8.078099436014156,1,1,1,739,7,0.9335648148148148,5.277404991569712,0.4688593421973408,ELECTRE-III,1
2334,0653,0,0,"[34.64205352686059, 33.69617819474597]","[np.float64(31.36543275023828), np.float64(35.40223510540356)]",2026-06-14 08:04:20,289.97780576319644,1,3.0826519918758133,397.54390054423914,29.805368116366186,67.60550610292051,6.5836180098458055,3,3,3,1079,3,0.9335648148148148,3.782923565401361,0.13750874737578728,ELECTRE-III,1
2335,0959,0,0,"[34.64205352686059, 33.69617819474597]","[np.float64(31.4627076246721), np.float64(35.33620938257084)]",2026-06-14 08:04:20,785.1544091360836,2,4.841143789819769,385.13818397851793,29.028266508041522,67.52532651225374,4.710917415608993,1,1,1,584,2,0.9335648148148148,9.378741489683067,0.061931420573827854,ELECTRE-III,1
2336,0128,0,0,"[34.04295714419127, 33.52785501284017]","[np.float64(31.89826814435668), np.float64(35.54336482597846)]",2026-06-14 08:04:30,354.2644111732928,1,3.611669839462765,303.667038455572,23.6322907299531,67.60747319740149,6.83085872292998,3,3,3,1197,6,0.9336805555555555,6.83085872292998,0.37508747375787266,ELECTRE-III,1
2337,0307,0,0,"[34.04295714419127, 33.52785501284017]","[np.float64(32.3724013309903), np.float64(34.84851466648656)]",2026-06-14 08:04:30,951.8867084196934,2,6.545031805732858,222.7105209498495,17.791878892370345,66.90659333572063,3.0,1,1,1,1131,13,0.9336805555555555,11.403125,0.9188243526941917,ELECTRE-III,1
2338,0329,0,0,"[34.04295714419127, 33.52785501284017]","[np.float64(31.20424691988397), np.float64(33.8172340915129)]",2026-06-14 08:04:30,202.7555169113042,1,5.5532010800510845,316.8113597020231,24.536722301928982,66.36829246685357,10.579938960624705,3,3,3,1066,9,0.9336805555555555,18.04938340506915,0.6014695591322603,ELECTRE-III,1
2339,0419,0,0,"[34.04295714419127, 33.52785501284017]","[np.float64(35.71389378659219), np.float64(36.70207253342981)]",2026-06-14 08:04:30,475.4273895391317,1,7.5599813563668175,344.00859279049837,26.367137232613466,67.08273708422608,14.456318604082618,2,2,2,1087,5,0.9336805555555555,21.925763048527063,0.2722183344996501,ELECTRE-III,1
2340,0446,0,0,"[34.04295714419127, 33.52785501284017]","[np.float64(32.61662002150712), np.float64(35.51348908138998)]",2026-06-14 08:04:30,361.4238569499374,1,6.283238271645085,243.2719583802888,19.317398815501345,67.36611480270074,4.459997653303718,3,3,3,1160,2,0.9336805555555555,7.261039319970385,0.061931420573827854,ELECTRE-III,1
2341,0460,0,0,"[34.04295714419127, 33.52785501284017]","[np.float64(34.73341817363701), np.float64(36.09631707755306)]",2026-06-14 08:04:30,844.2029184024964,2,3.3202395431277267,247.86654755572005,19.654512662743382,67.05493138411497,15.83085872292998,3,3,3,624,6,0.9336805555555555,14.897178167374424,0.37508747375787266,ELECTRE-III,1
2342,0627,0,0,"[34.04295714419127, 33.52785501284017]","[np.float64(33.78107097887163), np.float64(36.29501273481434)]",2026-06-14 08:04:30,513.8806775134624,1,7.0690892376117125,257.0009677522654,20.320518158042866,67.57731791221588,11.078099436014156,1,1,1,739,7,0.9336805555555555,2.674974436014157,0.4688593421973408,ELECTRE-III,1
2343,0653,0,0,"[34.04295714419127, 33.52785501284017]","[np.float64(31.36543275023828), np.float64(35.40223510540356)]",2026-06-14 08:04:30,289.97780576319644,1,3.0826519918758133,345.5240394610484,26.467485494749333,67.63980048274315,5.5836180098458055,3,3,3,1079,3,0.9336805555555555,0.9152152320680278,0.13750874737578728,ELECTRE-III,1
2344,0959,0,0,"[34.04295714419127, 33.52785501284017]","[np.float64(31.4627076246721), np.float64(35.33620938257084)]",2026-06-14 08:04:30,785.1544091360836,2,4.841143789819769,333.0238804180252,25.634555936246677,67.55955259018468,0.0,1,1,1,584,2,0.9336805555555555,0.0,0.061931420573827854,ELECTRE-III,1
2345,0128,0,0,"[33.44374123321146, 33.36131451030775]","[np.float64(31.89826814435668), np.float64(35.54336482597846)]",2026-06-14 08:04:40,354.2644111732928,1,3.611669839462765,266.9099267386346,21.036565261510646,67.64132361492807,4.83085872292998,3,3,3,1197,6,0.9337962962962963,3.8970624266336835,0.37508747375787266,ELECTRE-III,1
2346,0307,0,0,"[33.44374123321146, 33.36131451030775]","[np.float64(32.3724013309903), np.float64(34.84851466648656)]",2026-06-14 08:04:40,951.8867084196934,2,6.545031805732858,182.93417530279146,14.76692430429053,66.94021152681543,0.0,1,1,1,1131,13,0.9337962962962963,0.0,0.9188243526941917,ELECTRE-III,1
2347,0329,0,0,"[33.44374123321146, 33.36131451030775]","[np.float64(31.20424691988397), np.float64(33.8172340915129)]",2026-06-14 08:04:40,202.7555169113042,1,5.5532010800510845,252.67784094645782,20.006014001699793,66.40294201651305,10.579938960624705,3,3,3,1066,9,0.9337962962962963,7.7785500717358165,0.6014695591322603,ELECTRE-III,1
2348,0419,0,0,"[33.44374123321146, 33.36131451030775]","[np.float64(35.71389378659219), np.float64(36.70207253342981)]",2026-06-14 08:04:40,475.4273895391317,1,7.5599813563668175,396.52086811940825,29.741734487369765,67.11291969016837,11.456318604082618,2,2,2,1087,5,0.9337962962962963,15.191503789267804,0.2722183344996501,ELECTRE-III,1
2349,0446,0,0,"[33.44374123321146, 33.36131451030775]","[np.float64(32.61662002150712), np.float64(35.51348908138998)]",2026-06-14 08:04:40,361.4238569499374,1,6.283238271645085,220.7035707556045,17.641531541218743,67.39939831452621,5.459997653303718,3,3,3,1160,2,0.9337962962962963,1.7248124681185328,0.061931420573827854,ELECTRE-III,1
2350,0460,0,0,"[33.44374123321146, 33.36131451030775]","[np.float64(34.73341817363701), np.float64(36.09631707755306)]",2026-06-14 08:04:40,844.2029184024964,2,3.3202395431277267,289.8101023374076,22.66511312256515,67.08623414108114,12.83085872292998,3,3,3,624,6,0.9337962962962963,6.294284648855905,0.37508747375787266,ELECTRE-III,1
2351,0627,0,0,"[33.44374123321146, 33.36131451030775]","[np.float64(33.78107097887163), np.float64(36.29501273481434)]",2026-06-14 08:04:40,513.8806775134624,1,7.0690892376117125,274.2378057963045,21.561718577893682,67.6094061409366,14.078099436014156,1,1,1,739,7,0.9337962962962963,15.011895732310453,0.4688593421973408,ELECTRE-III,1
2352,0653,0,0,"[33.44374123321146, 33.36131451030775]","[np.float64(31.36543275023828), np.float64(35.40223510540356)]",2026-06-14 08:04:40,289.97780576319644,1,3.0826519918758133,300.1792569517355,23.390169458026577,67.67408120218745,12.583618009845805,3,3,3,1079,3,0.9337962962962963,7.914636528364324,0.13750874737578728,ELECTRE-III,1
2353,0959,0,0,"[33.44374123321146, 33.36131451030775]","[np.float64(31.4627076246721), np.float64(35.33620938257084)]",2026-06-14 08:04:40,785.1544091360836,2,4.841143789819769,287.84157242158835,22.526586817753916,67.5937786681156,0.0,1,1,1,584,2,0.9337962962962963,0.0,0.061931420573827854,ELECTRE-III,1
2354,0128,0,0,"[32.84440920901577, 33.196484970162416]","[np.float64(31.89826814435668), np.float64(35.54336482597846)]",2026-06-14 08:04:50,354.2644111732928,1,3.611669839462765,244.21960854723486,19.387044516025657,67.67516720226548,8.83085872292998,3,3,3,1197,6,0.9339120370370371,13.500418908115165,0.37508747375787266,ELECTRE-III,1
2355,0307,0,0,"[32.84440920901577, 33.196484970162416]","[np.float64(32.3724013309903), np.float64(34.84851466648656)]",2026-06-14 08:04:50,951.8867084196934,2,6.545031805732858,163.39815485843258,13.248658246204299,66.97381605753189,3.0,1,1,1,1131,13,0.9339120370370371,4.867824074074074,0.9188243526941917,ELECTRE-III,1
2356,0329,0,0,"[32.84440920901577, 33.196484970162416]","[np.float64(31.20424691988397), np.float64(33.8172340915129)]",2026-06-14 08:04:50,202.7555169113042,1,5.5532010800510845,191.5354851668573,15.42885183161568,66.43759156617253,11.579938960624705,3,3,3,1066,9,0.9339120370370371,19.98514729395804,0.6014695591322603,ELECTRE-III,1
2357,0420,0,0,"[32.84440920901577, 33.196484970162416]","[np.float64(30.63757178492814), np.float64(29.93743929627551)]",2026-06-14 08:04:50,347.64232932996197,1,4.472674081788608,393.90879683884924,29.578894276217238,63.28321213197471,8.710917415608993,4,4,3,758,14,0.9339120370370371,2.173533156349733,1.0,ELECTRE-III,1
2358,0446,0,0,"[32.84440920901577, 33.196484970162416]","[np.float64(32.61662002150712), np.float64(35.51348908138998)]",2026-06-14 08:04:50,361.4238569499374,1,6.283238271645085,218.20267939304887,17.453829822333862,67.43266816597335,0.0,3,3,3,1160,2,0.9339120370370371,0.0,0.061931420573827854,ELECTRE-III,1
2359,0460,0,0,"[32.84440920901577, 33.196484970162416]","[np.float64(34.73341817363701), np.float64(36.09631707755306)]",2026-06-14 08:04:50,844.2029184024964,2,3.3202395431277267,340.463496143777,26.131710301196755,67.11751640747978,15.83085872292998,3,3,3,624,6,0.9339120370370371,15.83085872292998,0.37508747375787266,ELECTRE-III,1
2360,0627,0,0,"[32.84440920901577, 33.196484970162416]","[np.float64(33.78107097887163), np.float64(36.29501273481434)]",2026-06-14 08:04:50,513.8806775134624,1,7.0690892376117125,306.16957374906775,23.805466891052593,67.64148070927898,11.078099436014156,1,1,1,739,7,0.9339120370370371,9.210275361940083,0.4688593421973408,ELECTRE-III,1
2361,0653,0,0,"[32.84440920901577, 33.196484970162416]","[np.float64(31.36543275023828), np.float64(35.40223510540356)]",2026-06-14 08:04:50,289.97780576319644,1,3.0826519918758133,264.95923386226616,20.89613818355933,67.70836192163175,9.583618009845805,3,3,3,1079,3,0.9339120370370371,11.45144208391988,0.13750874737578728,ELECTRE-III,1
2362,0849,1,0,"[32.84440920901577, 33.196484970162416]","[np.float64(29.57166545746831), np.float64(32.32016892409456)]",2026-06-14 08:04:50,690.5691023848944,1,6.401484733315629,373.3288887401735,28.27749115130549,65.48245791263794,9.83453777215108,4,4,3,1410,8,0.9339120370370371,16.37192203141034,0.5290412876137159,ELECTRE-III,1
2363,0959,0,0,"[32.84440920901577, 33.196484970162416]","[np.float64(31.4627076246721), np.float64(35.33620938257084)]",2026-06-14 08:04:50,785.1544091360836,2,4.841143789819769,253.3280392461584,20.053396347009503,67.6279910856682,3.710917415608993,1,1,1,584,2,0.9339120370370371,11.18221371190529,0.061931420573827854,ELECTRE-III,1
2364,0128,0,0,"[32.24496107160419, 33.03331175089081]","[np.float64(31.89826814435668), np.float64(35.54336482597846)]",2026-06-14 08:05:00,354.2644111732928,1,3.611669839462765,239.62507869519027,19.048825507174133,67.70899712922456,4.83085872292998,3,3,3,1197,6,0.9340277777777778,0.0,0.37508747375787266,ELECTRE-III,1
2365,0307,0,0,"[32.24496107160419, 33.03331175089081]","[np.float64(32.3724013309903), np.float64(34.84851466648656)]",2026-06-14 08:05:00,951.8867084196934,2,6.545031805732858,171.17813555863762,13.855687578049793,67.00742058824835,0.0,1,1,1,1131,13,0.9340277777777778,5.604166666666667,0.9188243526941917,ELECTRE-III,1
2366,0329,0,0,"[32.24496107160419, 33.03331175089081]","[np.float64(31.20424691988397), np.float64(33.8172340915129)]",2026-06-14 08:05:00,202.7555169113042,1,5.5532010800510845,137.43597814358367,11.201610936372099,66.47222745545366,5.579938960624705,3,3,3,1066,9,0.9340277777777778,10.250077849513595,0.6014695591322603,ELECTRE-III,1
2367,0420,0,0,"[32.24496107160419, 33.03331175089081]","[np.float64(30.63757178492814), np.float64(29.93743929627551)]",2026-06-14 08:05:00,347.64232932996197,1,4.472674081788608,343.7861668273043,26.35239417030438,63.31861300244289,6.710917415608993,4,4,3,758,14,0.9340277777777778,8.578972971164548,1.0,ELECTRE-III,1
2368,0446,0,0,"[32.24496107160419, 33.03331175089081]","[np.float64(32.61662002150712), np.float64(35.51348908138998)]",2026-06-14 08:05:00,361.4238569499374,1,6.283238271645085,236.40637800726154,18.81106046170724,67.4659311872313,5.459997653303718,3,3,3,1160,2,0.9340277777777778,12.932219875525941,0.061931420573827854,ELECTRE-III,1
2369,0460,0,0,"[32.24496107160419, 33.03331175089081]","[np.float64(34.73341817363701), np.float64(36.09631707755306)]",2026-06-14 08:05:00,844.2029184024964,2,3.3202395431277267,396.5024369761168,29.740587310486067,67.14879184368928,11.83085872292998,3,3,3,624,6,0.9340277777777778,10.896830945152201,0.37508747375787266,ELECTRE-III,1
2370,0627,0,0,"[32.24496107160419, 33.03331175089081]","[np.float64(33.78107097887163), np.float64(36.29501273481434)]",2026-06-14 08:05:00,513.8806775134624,1,7.0690892376117125,348.78283743364847,26.682681216697176,67.67354844743218,10.078099436014156,1,1,1,739,7,0.9340277777777778,18.484349436014156,0.4688593421973408,ELECTRE-III,1
2371,0653,0,0,"[32.24496107160419, 33.03331175089081]","[np.float64(31.36543275023828), np.float64(35.40223510540356)]",2026-06-14 08:05:00,289.97780576319644,1,3.0826519918758133,244.28227775735465,19.39164817018515,67.7426289806977,12.583618009845805,3,3,3,1079,3,0.9340277777777778,7.913479120956916,0.13750874737578728,ELECTRE-III,1
2372,0849,1,0,"[32.24496107160419, 33.03331175089081]","[np.float64(29.57166545746831), np.float64(32.32016892409456)]",2026-06-14 08:05:00,690.5691023848944,1,6.401484733315629,304.9412750855888,23.720525745159907,65.5182754246455,9.83453777215108,4,4,3,1410,8,0.9340277777777778,8.900509994373301,0.5290412876137159,ELECTRE-III,1
2373,0959,0,0,"[32.24496107160419, 33.03331175089081]","[np.float64(31.4627076246721), np.float64(35.33620938257084)]",2026-06-14 08:05:00,785.1544091360836,2,4.841143789819769,234.24656516164606,18.65113707190297,67.66219667303163,1.7109174156089928,1,1,1,584,2,0.9340277777777778,7.31508408227566,0.061931420573827854,ELECTRE-III,1
2374,0128,0,0,"[31.645407066260468, 32.87173338079041]","[np.float64(31.89826814435668), np.float64(35.54336482597846)]",2026-06-14 08:05:10,354.2644111732928,1,3.611669839462765,254.11003015326725,20.110345032765373,67.74282022599445,5.83085872292998,3,3,3,1197,6,0.9341435185185185,11.435719834041091,0.37508747375787266,ELECTRE-III,1
2375,0307,0,0,"[31.645407066260468, 32.87173338079041]","[np.float64(32.3724013309903), np.float64(34.84851466648656)]",2026-06-14 08:05:10,951.8867084196934,2,6.545031805732858,203.16015389270257,16.316757487651863,67.04101145858648,3.0,1,1,1,1131,13,0.9341435185185185,2.0658564814814815,0.9188243526941917,ELECTRE-III,1
2376,0329,0,0,"[31.645407066260468, 32.87173338079041]","[np.float64(31.20424691988397), np.float64(33.8172340915129)]",2026-06-14 08:05:10,202.7555169113042,1,5.5532010800510845,102.24924017318953,8.381273297219723,66.50685651454563,12.579938960624705,3,3,3,1066,9,0.9341435185185185,8.843364886550631,0.6014695591322603,ELECTRE-III,1
2377,0420,0,0,"[31.645407066260468, 32.87173338079041]","[np.float64(30.63757178492814), np.float64(29.93743929627551)]",2026-06-14 08:05:10,347.64232932996197,1,4.472674081788608,300.89232657398503,23.43974301349207,63.35400704272189,4.710917415608993,4,4,3,758,14,0.9341435185185185,0.04019982301640024,1.0,ELECTRE-III,1
2378,0446,0,0,"[31.645407066260468, 32.87173338079041]","[np.float64(32.61662002150712), np.float64(35.51348908138998)]",2026-06-14 08:05:10,361.4238569499374,1,6.283238271645085,271.1767037655502,21.342800949389325,67.49918054811093,1.4599976533037182,3,3,3,1160,2,0.9341435185185185,0.0,0.061931420573827854,ELECTRE-III,1
2379,0627,0,0,"[31.645407066260468, 32.87173338079041]","[np.float64(33.78107097887163), np.float64(36.29501273481434)]",2026-06-14 08:05:10,513.8806775134624,1,7.0690892376117125,398.6667476861698,29.8751172362731,67.70559569501789,6.078099436014156,1,1,1,739,7,0.9341435185185185,7.012242954532675,0.4688593421973408,ELECTRE-III,1
2380,0653,0,0,"[31.645407066260468, 32.87173338079041]","[np.float64(31.36543275023828), np.float64(35.40223510540356)]",2026-06-14 08:05:10,289.97780576319644,1,3.0826519918758133,241.90717899846953,19.216992673933422,67.77688920957448,7.5836180098458055,3,3,3,1079,3,0.9341435185185185,0.0,0.13750874737578728,ELECTRE-III,1
2381,0849,1,0,"[31.645407066260468, 32.87173338079041]","[np.float64(29.57166545746831), np.float64(32.32016892409456)]",2026-06-14 08:05:10,690.5691023848944,1,6.401484733315629,236.55315241528064,18.82191737979277,65.55408610646387,6.83453777215108,4,4,3,1410,8,0.9341435185185185,12.439398883262191,0.5290412876137159,ELECTRE-III,1
2382,0959,0,0,"[31.645407066260468, 32.87173338079041]","[np.float64(31.4627076246721), np.float64(35.33620938257084)]",2026-06-14 08:05:10,785.1544091360836,2,4.841143789819769,234.39716639499028,18.66229815419654,67.69640226039505,0.0,1,1,1,584,2,0.9341435185185185,0.0,0.061931420573827854,ELECTRE-III,1
2383,0971,0,0,"[31.645407066260468, 32.87173338079041]","[np.float64(29.65446609155945), np.float64(29.76954665526145)]",2026-06-14 08:05:10,297.5709831817357,1,5.943059031640871,370.2052052382854,28.077106365075643,63.34659628747243,9.078099436014156,3,3,3,1043,14,0.9341435185185185,2.5390948063845267,1.0,ELECTRE-III,1
2384,0128,0,0,"[31.0457506080792, 32.71169180325325]","[np.float64(31.89826814435668), np.float64(35.54336482597846)]",2026-06-14 08:05:20,354.2644111732928,1,3.611669839462765,284.777572040453,22.31041821555449,67.7766364925752,4.83085872292998,3,3,3,1197,6,0.9342592592592592,1.093821685892943,0.37508747375787266,ELECTRE-III,1
2385,0307,0,0,"[31.0457506080792, 32.71169180325325]","[np.float64(32.3724013309903), np.float64(34.84851466648656)]",2026-06-14 08:05:20,951.8867084196934,2,6.545031805732858,250.23033561140477,19.8273995893586,67.07459549873543,0.0,1,1,1,1131,13,0.9342592592592592,0.0,0.9188243526941917,ELECTRE-III,1
2386,0329,0,0,"[31.0457506080792, 32.71169180325325]","[np.float64(31.20424691988397), np.float64(33.8172340915129)]",2026-06-14 08:05:20,202.7555169113042,1,5.5532010800510845,106.69902247578561,8.740499885547623,66.54148557363759,5.579938960624705,3,3,3,1066,9,0.9342592592592592,2.777161182846928,0.6014695591322603,ELECTRE-III,1
2387,0420,0,0,"[31.0457506080792, 32.71169180325325]","[np.float64(30.63757178492814), np.float64(29.93743929627551)]",2026-06-14 08:05:20,347.64232932996197,1,4.472674081788608,268.71271658032634,21.16611012576467,63.3894010830009,10.710917415608993,4,4,3,758,14,0.9342592592592592,18.184991489683068,1.0,ELECTRE-III,1
2388,0446,0,0,"[31.0457506080792, 32.71169180325325]","[np.float64(32.61662002150712), np.float64(35.51348908138998)]",2026-06-14 08:05:20,361.4238569499374,1,6.283238271645085,317.1100784540176,24.5571277866356,67.53242990899055,1.4599976533037182,3,3,3,1160,2,0.9342592592592592,7.999812468118533,0.061931420573827854,ELECTRE-III,1
2389,0468,0,0,"[31.0457506080792, 32.71169180325325]","[np.float64(28.2526205265435), np.float64(30.78863292207927)]",2026-06-14 08:05:20,414.68183680989114,1,5.265631365804954,361.9152631748565,27.541668598131544,64.41335572261254,5.579938960624705,3,3,3,1349,5,0.9342592592592592,5.579938960624705,0.2722183344996501,ELECTRE-III,1
2390,0534,0,0,"[31.0457506080792, 32.71169180325325]","[np.float64(27.95761673091935), np.float64(30.83684409046323)]",2026-06-14 08:05:20,478.1359561413854,1,7.367994323866775,388.3540013324997,29.23084838016379,64.47893919902299,3.33637729676163,1,1,1,832,3,0.9342592592592592,9.876192111576444,0.13750874737578728,ELECTRE-III,1
2391,0653,0,0,"[31.0457506080792, 32.71169180325325]","[np.float64(31.36543275023828), np.float64(35.40223510540356)]",2026-06-14 08:05:20,289.97780576319644,1,3.0826519918758133,258.33892897128254,20.41759628559925,67.81114260826209,5.5836180098458055,3,3,3,1079,3,0.9342592592592592,9.320655046882843,0.13750874737578728,ELECTRE-III,1
2392,0849,1,0,"[31.0457506080792, 32.71169180325325]","[np.float64(29.57166545746831), np.float64(32.32016892409456)]",2026-06-14 08:05:20,690.5691023848944,1,6.401484733315629,168.1644796252399,13.620916883209423,65.58989678828225,6.83453777215108,4,4,3,1410,8,0.9342592592592592,1.2289822165955249,0.5290412876137159,ELECTRE-III,1
2392,0849,1,0,"[31.0457506080792, 32.71169180325325]","[np.float64(29.57166545746831), np.float64(32.32016892409456)]",2026-06-14 08:05:20,690.5691023848944,1,6.401484733315629,168.1644796252399,13.620916883209423,65.58989678828225,6.83453777215108,4,4,3,1410,8,0.9342592592592592,1.2289822165955249,0.5290412876137159,ELECTRE-III,1
2393,0959,0,0,"[31.0457506080792, 32.71169180325325]","[np.float64(31.4627076246721), np.float64(35.33620938257084)]",2026-06-14 08:05:20,785.1544091360836,2,4.841143789819769,253.74533598559827,20.083791237801318,67.73059418738013,0.0,1,1,1,584,2,0.9342592592592592,0.0,0.061931420573827854,ELECTRE-III,1
2394,0971,0,0,"[31.0457506080792, 32.71169180325325]","[np.float64(29.65446609155945), np.float64(29.76954665526145)]",2026-06-14 08:05:20,297.5709831817357,1,5.943059031640871,321.9066697879531,24.883872543740804,63.382523082506694,13.078099436014156,3,3,3,1043,14,0.9342592592592592,17.749395732310454,1.0,ELECTRE-III,1
2395,0128,0,0,"[30.445995112154964, 32.553132376765994]","[np.float64(31.89826814435668), np.float64(35.54336482597846)]",2026-06-14 08:05:30,354.2644111732928,1,3.611669839462765,327.10713921556106,25.23618656787062,67.81043909877758,10.83085872292998,3,3,3,1197,6,0.934375,8.96210872292998,0.37508747375787266,ELECTRE-III,1
2396,0307,0,0,"[30.445995112154964, 32.553132376765994]","[np.float64(32.3724013309903), np.float64(34.84851466648656)]",2026-06-14 08:05:30,951.8867084196934,2,6.545031805732858,305.4921208257709,23.75863236655135,67.10817270869521,0.0,1,1,1,1131,13,0.934375,0.0,0.9188243526941917,ELECTRE-III,1
2397,0329,0,0,"[30.445995112154964, 32.553132376765994]","[np.float64(31.20424691988397), np.float64(33.8172340915129)]",2026-06-14 08:05:30,202.7555169113042,1,5.5532010800510845,147.23465347600157,11.977912570214103,66.57610780254039,4.579938960624705,3,3,3,1066,9,0.934375,5.514313960624706,0.6014695591322603,ELECTRE-III,1
2398,0420,0,0,"[30.445995112154964, 32.553132376765994]","[np.float64(30.63757178492814), np.float64(29.93743929627551)]",2026-06-14 08:05:30,347.64232932996197,1,4.472674081788608,251.39733530250393,19.91261539476054,63.42479512327991,6.710917415608993,4,4,3,758,14,0.934375,13.251542415608991,1.0,ELECTRE-III,1
2399,0446,0,0,"[30.445995112154964, 32.553132376765994]","[np.float64(32.61662002150712), np.float64(35.51348908138998)]",2026-06-14 08:05:30,361.4238569499374,1,6.283238271645085,370.0727466442759,28.068592533672913,67.56565877930267,7.459997653303718,3,3,3,1160,2,0.934375,3.7224976533037184,0.061931420573827854,ELECTRE-III,1
2400,0468,0,0,"[30.445995112154964, 32.553132376765994]","[np.float64(28.2526205265435), np.float64(30.78863292207927)]",2026-06-14 08:05:30,414.68183680989114,1,5.265631365804954,297.86579163313576,23.229078755278266,64.44991089505044,2.5799389606247054,3,3,3,1349,5,0.934375,4.448688960624706,0.2722183344996501,ELECTRE-III,1
2401,0534,0,0,"[30.445995112154964, 32.553132376765994]","[np.float64(27.95761673091935), np.float64(30.83684409046323)]",2026-06-14 08:05:30,478.1359561413854,1,7.367994323866775,322.9597135146756,24.95537616564868,64.5156309752443,0.3363772967616301,1,1,1,832,3,0.934375,0.0,0.13750874737578728,ELECTRE-III,1
2402,0653,0,0,"[30.445995112154964, 32.553132376765994]","[np.float64(31.36543275023828), np.float64(35.40223510540356)]",2026-06-14 08:05:30,289.97780576319644,1,3.0826519918758133,290.4021528160453,22.706721401869395,67.84538917676053,10.583618009845805,3,3,3,1079,3,0.934375,18.058618009845805,0.13750874737578728,ELECTRE-III,1
2403,0849,1,0,"[30.445995112154964, 32.553132376765994]","[np.float64(29.57166545746831), np.float64(32.32016892409456)]",2026-06-14 08:05:30,690.5691023848944,1,6.401484733315629,99.77536066989762,8.181270144645126,65.62570747010062,7.83453777215108,4,4,3,1410,8,0.934375,14.375162772151079,0.5290412876137159,ELECTRE-III,1
2403,0849,1,0,"[30.445995112154964, 32.553132376765994]","[np.float64(29.57166545746831), np.float64(32.32016892409456)]",2026-06-14 08:05:30,690.5691023848944,1,6.401484733315629,99.77536066989762,8.181270144645126,65.62570747010062,7.83453777215108,4,4,3,1410,8,0.934375,14.375162772151079,0.5290412876137159,ELECTRE-III,1
2404,0959,0,0,"[30.445995112154964, 32.553132376765994]","[np.float64(31.4627076246721), np.float64(35.33620938257084)]",2026-06-14 08:05:30,785.1544091360836,2,4.841143789819769,288.4532598613344,22.569661376540715,67.76477245398688,0.0,1,1,1,584,2,0.934375,0.0,0.061931420573827854,ELECTRE-III,1
2405,0971,0,0,"[30.445995112154964, 32.553132376765994]","[np.float64(29.65446609155945), np.float64(29.76954665526145)]",2026-06-14 08:05:30,297.5709831817357,1,5.943059031640871,281.9935182946676,22.11341788513828,63.418449877540965,4.078099436014156,3,3,3,1043,14,0.934375,3.143724436014156,1.0,ELECTRE-III,1
2406,0128,0,0,"[29.84614399358235, 32.396007290004434]","[np.float64(31.89826814435668), np.float64(35.54336482597846)]",2026-06-14 08:05:40,354.2644111732928,1,3.611669839462765,377.1921432795955,28.524280475666906,67.8442348747908,8.83085872292998,3,3,3,1197,6,0.9344907407407408,9.76534946367072,0.37508747375787266,ELECTRE-III,1
2407,0307,0,0,"[29.84614399358235, 32.396007290004434]","[np.float64(32.3724013309903), np.float64(34.84851466648656)]",2026-06-14 08:05:40,951.8867084196934,2,6.545031805732858,365.2457401836498,27.7574145320329,67.14174308846583,0.0,1,1,1,1131,13,0.9344907407407408,0.0,0.9188243526941917,ELECTRE-III,1
2408,0329,0,0,"[29.84614399358235, 32.396007290004434]","[np.float64(31.20424691988397), np.float64(33.8172340915129)]",2026-06-14 08:05:40,202.7555169113042,1,5.5532010800510845,203.309989470947,16.328150662879537,66.61072320125402,11.579938960624705,3,3,3,1066,9,0.9344907407407408,12.514429701365446,0.6014695591322603,ELECTRE-III,1
2409,0420,0,0,"[29.84614399358235, 32.396007290004434]","[np.float64(30.63757178492814), np.float64(29.93743929627551)]",2026-06-14 08:05:40,347.64232932996197,1,4.472674081788608,252.03057692514167,19.95881713074912,63.46017550318057,9.710917415608993,4,4,3,758,14,0.9344907407407408,0.36601000820158447,1.0,ELECTRE-III,1
2410,0468,0,0,"[29.84614399358235, 32.396007290004434]","[np.float64(28.2526205265435), np.float64(30.78863292207927)]",2026-06-14 08:05:40,414.68183680989114,1,5.265631365804954,236.23504069184455,18.798384849586636,64.48647289767752,6.579938960624705,3,3,3,1349,5,0.9344907407407408,10.31790192358767,0.2722183344996501,ELECTRE-III,1
2411,0534,0,0,"[29.84614399358235, 32.396007290004434]","[np.float64(27.95761673091935), np.float64(30.83684409046323)]",2026-06-14 08:05:40,478.1359561413854,1,7.367994323866775,259.09459720891346,20.47237109949764,64.55231592127645,0.0,1,1,1,832,3,0.9344907407407408,8.410416666666666,0.13750874737578728,ELECTRE-III,1
2412,0621,0,0,"[29.84614399358235, 32.396007290004434]","[np.float64(26.38810088974979), np.float64(32.06764196557161)]",2026-06-14 08:05:40,919.9211829646877,2,3.751025140762792,385.8628157945752,29.073984691259746,65.72602928862977,3.710917415608993,2,2,2,986,14,0.9344907407407408,4.645408156349734,1.0,ELECTRE-III,1
2413,0653,0,0,"[29.84614399358235, 32.396007290004434]","[np.float64(31.36543275023828), np.float64(35.40223510540356)]",2026-06-14 08:05:40,289.97780576319644,1,3.0826519918758133,333.61935701376746,25.67450283513552,67.87962891506982,8.583618009845805,3,3,3,1079,3,0.9344907407407408,15.12505319503099,0.13750874737578728,ELECTRE-III,1
2414,0849,1,0,"[29.84614399358235, 32.396007290004434]","[np.float64(29.57166545746831), np.float64(32.32016892409456)]",2026-06-14 08:05:40,690.5691023848944,1,6.401484733315629,31.38721785180899,2.589525178379984,65.66151132172983,5.83453777215108,4,4,3,1410,8,0.9344907407407408,2.096574809188117,0.5290412876137159,ELECTRE-III,1
2414,0849,1,0,"[29.84614399358235, 32.396007290004434]","[np.float64(29.57166545746831), np.float64(32.32016892409456)]",2026-06-14 08:05:40,690.5691023848944,1,6.401484733315629,31.38721785180899,2.589525178379984,65.66151132172983,5.83453777215108,4,4,3,1410,8,0.9344907407407408,2.096574809188117,0.5290412876137159,ELECTRE-III,1
2415,0959,0,0,"[29.84614399358235, 32.396007290004434]","[np.float64(31.4627076246721), np.float64(35.33620938257084)]",2026-06-14 08:05:40,785.1544091360836,2,4.841143789819769,333.76246611352605,25.684099165425668,67.79895072059362,0.0,1,1,1,584,2,0.9344907407407408,0.9344907407407408,0.061931420573827854,ELECTRE-III,1
2416,0971,0,0,"[29.84614399358235, 32.396007290004434]","[np.float64(29.65446609155945), np.float64(29.76954665526145)]",2026-06-14 08:05:40,297.5709831817357,1,5.943059031640871,254.4448084005851,20.134712685109587,63.45436984238606,9.078099436014156,3,3,3,1043,14,0.9344907407407408,3.471154991569712,1.0,ELECTRE-III,1
2417,0329,0,0,"[29.246200667455938, 32.24026190145522]","[np.float64(31.20424691988397), np.float64(33.8172340915129)]",2026-06-14 08:05:50,202.7555169113042,1,5.5532010800510845,265.24623360319003,20.916815351059288,66.6453249395893,12.579938960624705,3,3,3,1066,9,0.9346064814814815,3.2338741458098905,0.6014695591322603,ELECTRE-III,1
2418,0420,0,0,"[29.246200667455938, 32.24026190145522]","[np.float64(30.63757178492814), np.float64(29.93743929627551)]",2026-06-14 08:05:50,347.64232932996197,1,4.472674081788608,270.4873583739373,21.293411185997545,63.49556271327041,12.710917415608993,4,4,3,758,14,0.9346064814814815,12.710917415608993,1.0,ELECTRE-III,1
2419,0433,1,0,"[29.246200667455938, 32.24026190145522]","[np.float64(25.89609392996558), np.float64(32.67214232458478)]",2026-06-14 08:05:50,884.2800110182895,1,2.444119941535365,374.9385687936991,28.38045913956195,66.31590491591959,13.703559317166793,4,4,3,1014,7,0.9346064814814815,20.245804687537163,0.4688593421973408,ELECTRE-III,1
2420,0468,0,0,"[29.246200667455938, 32.24026190145522]","[np.float64(28.2526205265435), np.float64(30.78863292207927)]",2026-06-14 08:05:50,414.68183680989114,1,5.265631365804954,179.53243890937117,14.504011110750561,64.52302807011543,5.579938960624705,3,3,3,1349,5,0.9346064814814815,11.187577849513595,0.2722183344996501,ELECTRE-III,1
2421,0534,0,0,"[29.246200667455938, 32.24026190145522]","[np.float64(27.95761673091935), np.float64(30.83684409046323)]",2026-06-14 08:05:50,478.1359561413854,1,7.367994323866775,198.24293384755816,15.942130506309965,64.58900086730858,0.0,1,1,1,832,3,0.9346064814814815,0.0,0.13750874737578728,ELECTRE-III,1
2422,0621,0,0,"[29.246200667455938, 32.24026190145522]","[np.float64(26.38810088974979), np.float64(32.06764196557161)]",2026-06-14 08:05:50,919.9211829646877,2,3.751025140762792,318.2595660741927,24.635587366473626,65.76332895168721,2.710917415608993,2,2,2,986,14,0.9346064814814815,1.7763109341275114,1.0,ELECTRE-III,1
2423,0653,0,0,"[29.246200667455938, 32.24026190145522]","[np.float64(31.36543275023828), np.float64(35.40223510540356)]",2026-06-14 08:05:50,289.97780576319644,1,3.0826519918758133,384.2452502115648,28.97187414836673,67.91386182318992,11.583618009845805,3,3,3,1079,3,0.9346064814814815,16.256650417253212,0.13750874737578728,ELECTRE-III,1
2424,0849,1,0,"[29.246200667455938, 32.24026190145522]","[np.float64(29.57166545746831), np.float64(32.32016892409456)]",2026-06-14 08:05:50,690.5691023848944,1,6.401484733315629,37.00856609695659,3.0524900538575865,65.69730834316987,9.83453777215108,4,4,3,1410,8,0.9346064814814815,17.31138962400293,0.5290412876137159,ELECTRE-III,1
2424,0849,1,0,"[29.246200667455938, 32.24026190145522]","[np.float64(29.57166545746831), np.float64(32.32016892409456)]",2026-06-14 08:05:50,690.5691023848944,1,6.401484733315629,37.00856609695659,3.0524900538575865,65.69730834316987,9.83453777215108,4,4,3,1410,8,0.9346064814814815,17.31138962400293,0.5290412876137159,ELECTRE-III,1
2425,0959,0,0,"[29.246200667455938, 32.24026190145522]","[np.float64(31.4627076246721), np.float64(35.33620938257084)]",2026-06-14 08:05:50,785.1544091360836,2,4.841143789819769,385.9572814302197,29.079941693583045,67.83312215701119,1.7109174156089928,1,1,1,584,2,0.9346064814814815,7.318556304497882,0.061931420573827854,ELECTRE-III,1
2426,0971,0,0,"[29.246200667455938, 32.24026190145522]","[np.float64(29.65446609155945), np.float64(29.76954665526145)]",2026-06-14 08:05:50,297.5709831817357,1,5.943059031640871,243.49507426293596,19.333801633311282,63.49029663742033,12.078099436014156,3,3,3,1043,14,0.9346064814814815,13.94731239897712,1.0,ELECTRE-III,1
2427,0329,0,0,"[28.646166841323026, 32.08584839979415]","[np.float64(31.20424691988397), np.float64(33.8172340915129)]",2026-06-14 08:06:00,202.7555169113042,1,5.5532010800510845,329.75752374626154,25.414960531493602,66.67993350811375,8.579938960624705,3,3,3,1066,9,0.9347222222222222,2.971605627291372,0.6014695591322603,ELECTRE-III,1
2428,0420,0,0,"[28.646166841323026, 32.08584839979415]","[np.float64(30.63757178492814), np.float64(29.93743929627551)]",2026-06-14 08:06:00,347.64232932996197,1,4.472674081788608,303.5349286599478,23.623135919734345,63.530943093171075,9.710917415608993,4,4,3,758,14,0.9347222222222222,4.102584082275659,1.0,ELECTRE-III,1
2429,0433,1,0,"[28.646166841323026, 32.08584839979415]","[np.float64(25.89609392996558), np.float64(32.67214232458478)]",2026-06-14 08:06:00,884.2800110182895,1,2.444119941535365,311.2346110914712,24.154558042874097,66.3533685035171,19.703559317166793,4,4,3,1014,7,0.9347222222222222,18.76883709494457,0.4688593421973408,ELECTRE-III,1
2430,0468,0,0,"[28.646166841323026, 32.08584839979415]","[np.float64(28.2526205265435), np.float64(30.78863292207927)]",2026-06-14 08:06:00,414.68183680989114,1,5.265631365804954,134.161227222637,10.941221952147885,64.55958324255333,8.579938960624705,3,3,3,1349,5,0.9347222222222222,12.318827849513594,0.2722183344996501,ELECTRE-III,1
2431,0534,0,0,"[28.646166841323026, 32.08584839979415]","[np.float64(27.95761673091935), np.float64(30.83684409046323)]",2026-06-14 08:06:00,478.1359561413854,1,7.367994323866775,144.27125546977265,11.743593700268905,64.62568581334072,1.33637729676163,1,1,1,832,3,0.9347222222222222,5.075266185650519,0.13750874737578728,ELECTRE-III,1
2432,0621,0,0,"[28.646166841323026, 32.08584839979415]","[np.float64(26.38810088974979), np.float64(32.06764196557161)]",2026-06-14 08:06:00,919.9211829646877,2,3.751025140762792,251.09225030472896,19.890346545081915,65.80062178455547,0.0,2,2,2,986,14,0.9347222222222222,7.477777777777778,1.0,ELECTRE-III,1
2433,0849,1,0,"[28.646166841323026, 32.08584839979415]","[np.float64(29.57166545746831), np.float64(32.32016892409456)]",2026-06-14 08:06:00,690.5691023848944,1,6.401484733315629,105.39852603133747,8.635582393819641,65.7331053646099,12.83453777215108,4,4,3,1410,8,0.9347222222222222,16.573426661039967,0.5290412876137159,ELECTRE-III,1
2433,0849,1,0,"[28.646166841323026, 32.08584839979415]","[np.float64(29.57166545746831), np.float64(32.32016892409456)]",2026-06-14 08:06:00,690.5691023848944,1,6.401484733315629,105.39852603133747,8.635582393819641,65.7331053646099,12.83453777215108,4,4,3,1410,8,0.9347222222222222,16.573426661039967,0.5290412876137159,ELECTRE-III,1
2434,0971,0,0,"[28.646166841323026, 32.08584839979415]","[np.float64(29.65446609155945), np.float64(29.76954665526145)]",2026-06-14 08:06:00,297.5709831817357,1,5.943059031640871,251.32492272855544,19.90733040308553,63.52621660226542,6.078099436014156,3,3,3,1043,14,0.9347222222222222,1.4044883249030455,1.0,ELECTRE-III,1
2435,0329,0,0,"[28.04604934537278, 31.932718973697053]","[np.float64(31.20424691988397), np.float64(33.8172340915129)]",2026-06-14 08:06:10,202.7555169113042,1,5.5532010800510845,395.58590027231025,29.683507842633375,66.71452841625987,8.579938960624705,3,3,3,1066,9,0.934837962962963,10.44961488655063,0.6014695591322603,ELECTRE-III,1
2436,0420,0,0,"[28.04604934537278, 31.932718973697053]","[np.float64(30.63757178492814), np.float64(29.93743929627551)]",2026-06-14 08:06:10,347.64232932996197,1,4.472674081788608,347.0303334226621,26.5670545738631,63.56631664288257,5.710917415608993,4,4,3,758,14,0.934837962962963,0.0,1.0,ELECTRE-III,1
2437,0433,1,0,"[28.04604934537278, 31.932718973697053]","[np.float64(25.89609392996558), np.float64(32.67214232458478)]",2026-06-14 08:06:10,884.2800110182895,1,2.444119941535365,250.0405865778676,19.813535219199537,66.39083209111462,17.703559317166793,4,4,3,1014,7,0.934837962962963,14.899045428277905,0.4688593421973408,ELECTRE-III,1
2438,0468,0,0,"[28.04604934537278, 31.932718973697053]","[np.float64(28.2526205265435), np.float64(30.78863292207927)]",2026-06-14 08:06:10,414.68183680989114,1,5.265631365804954,114.49682914209822,9.368326542604423,64.59613158480207,8.579938960624705,3,3,3,1349,5,0.934837962962963,16.993480627291373,0.2722183344996501,ELECTRE-III,1
2439,0534,0,0,"[28.04604934537278, 31.932718973697053]","[np.float64(27.95761673091935), np.float64(30.83684409046323)]",2026-06-14 08:06:10,478.1359561413854,1,7.367994323866775,108.03858612545584,8.848507386629423,64.66237075937285,0.0,1,1,1,832,3,0.934837962962963,7.478703703703704,0.13750874737578728,ELECTRE-III,1
2440,0621,0,0,"[28.04604934537278, 31.932718973697053]","[np.float64(26.38810088974979), np.float64(32.06764196557161)]",2026-06-14 08:06:10,919.9211829646877,2,3.751025140762792,184.8377892187857,14.9137743872832,65.83792144761291,1.7109174156089928,2,2,2,986,14,0.934837962962963,0.0,1.0,ELECTRE-III,1
2441,0849,1,0,"[28.04604934537278, 31.932718973697053]","[np.float64(29.57166545746831), np.float64(32.32016892409456)]",2026-06-14 08:06:10,690.5691023848944,1,6.401484733315629,173.79009169665272,14.058782060186928,65.76890238604994,10.83453777215108,4,4,3,1410,8,0.934837962962963,15.508727586965895,0.5290412876137159,ELECTRE-III,1
2441,0849,1,0,"[28.04604934537278, 31.932718973697053]","[np.float64(29.57166545746831), np.float64(32.32016892409456)]",2026-06-14 08:06:10,690.5691023848944,1,6.401484733315629,173.79009169665272,14.058782060186928,65.76890238604994,10.83453777215108,4,4,3,1410,8,0.934837962962963,15.508727586965895,0.5290412876137159,ELECTRE-III,1
2442,0971,0,0,"[28.04604934537278, 31.932718973697053]","[np.float64(29.65446609155945), np.float64(29.76954665526145)]",2026-06-14 08:06:10,297.5709831817357,1,5.943059031640871,276.34373294294835,21.711943498226915,63.56212973692135,6.078099436014156,3,3,3,1043,14,0.934837962962963,10.752289250828971,1.0,ELECTRE-III,1
2443,0420,0,0,"[27.445851594699786, 31.780825811839726]","[np.float64(30.63757178492814), np.float64(29.93743929627551)]",2026-06-14 08:06:20,347.64232932996197,1,4.472674081788608,397.55970495070846,29.80635053182657,63.60169019259406,11.710917415608993,4,4,3,758,14,0.9349537037037037,14.515778526720105,1.0,ELECTRE-III,1
2444,0433,1,0,"[27.445851594699786, 31.780825811839726]","[np.float64(25.89609392996558), np.float64(32.67214232458478)]",2026-06-14 08:06:20,884.2800110182895,1,2.444119941535365,193.74950662940472,15.598562044143177,66.42829567871215,14.703559317166793,4,4,3,1014,7,0.9349537037037037,10.963744502351979,0.4688593421973408,ELECTRE-III,1
2444,0433,1,0,"[27.445851594699786, 31.780825811839726]","[np.float64(25.89609392996558), np.float64(32.67214232458478)]",2026-06-14 08:06:20,884.2800110182895,1,2.444119941535365,193.74950662940472,15.598562044143177,66.42829567871215,14.703559317166793,4,4,3,1014,7,0.9349537037037037,10.963744502351979,0.4688593421973408,ELECTRE-III,1
2445,0468,0,0,"[27.445851594699786, 31.780825811839726]","[np.float64(28.2526205265435), np.float64(30.78863292207927)]",2026-06-14 08:06:20,414.68183680989114,1,5.265631365804954,132.52585566005436,10.811014604759576,64.63268675723998,8.579938960624705,3,3,3,1349,5,0.9349537037037037,3.9051704421061872,0.2722183344996501,ELECTRE-III,1
2446,0534,0,0,"[27.445851594699786, 31.780825811839726]","[np.float64(27.95761673091935), np.float64(30.83684409046323)]",2026-06-14 08:06:20,478.1359561413854,1,7.367994323866775,108.97250972641623,8.92377114977247,64.69905570540499,0.0,1,1,1,832,3,0.9349537037037037,0.0,0.13750874737578728,ELECTRE-III,1
2447,0621,0,0,"[27.445851594699786, 31.780825811839726]","[np.float64(26.38810088974979), np.float64(32.06764196557161)]",2026-06-14 08:06:20,919.9211829646877,2,3.751025140762792,121.00549005702402,9.890633934392666,65.87521428048119,2.710917415608993,2,2,2,986,14,0.9349537037037037,8.320639637831215,1.0,ELECTRE-III,1
2448,0849,1,0,"[27.445851594699786, 31.780825811839726]","[np.float64(29.57166545746831), np.float64(32.32016892409456)]",2026-06-14 08:06:20,690.5691023848944,1,6.401484733315629,242.18225720293037,19.237239935780188,65.80469257730081,7.83453777215108,4,4,3,1410,8,0.9349537037037037,8.769491475854784,0.5290412876137159,ELECTRE-III,1
2449,0971,0,0,"[27.445851594699786, 31.780825811839726]","[np.float64(29.65446609155945), np.float64(29.76954665526145)]",2026-06-14 08:06:20,297.5709831817357,1,5.943059031640871,314.4762110509784,24.37697966060542,63.59804287157728,4.078099436014156,3,3,3,1043,14,0.9349537037037037,3.143145732310453,1.0,ELECTRE-III,1
2450,0433,1,0,"[26.84557529685134, 31.63012793308715]","[np.float64(25.89609392996558), np.float64(32.67214232458478)]",2026-06-14 08:06:30,884.2800110182895,1,2.444119941535365,148.06274002493564,12.043317940009967,66.46575926630966,17.703559317166793,4,4,3,1014,7,0.9350694444444444,23.31397598383346,0.4688593421973408,ELECTRE-III,1
2450,0433,1,0,"[26.84557529685134, 31.63012793308715]","[np.float64(25.89609392996558), np.float64(32.67214232458478)]",2026-06-14 08:06:30,884.2800110182895,1,2.444119941535365,148.06274002493564,12.043317940009967,66.46575926630966,17.703559317166793,4,4,3,1014,7,0.9350694444444444,23.31397598383346,0.4688593421973408,ELECTRE-III,1
2451,0468,0,0,"[26.84557529685134, 31.63012793308715]","[np.float64(28.2526205265435), np.float64(30.78863292207927)]",2026-06-14 08:06:30,414.68183680989114,1,5.265631365804954,177.0888310675483,14.31476303258369,64.66923509948872,10.579938960624705,3,3,3,1349,5,0.9350694444444444,17.125425071735815,0.2722183344996501,ELECTRE-III,1
2452,0534,0,0,"[26.84557529685134, 31.63012793308715]","[np.float64(27.95761673091935), np.float64(30.83684409046323)]",2026-06-14 08:06:30,478.1359561413854,1,7.367994323866775,146.3648289839158,11.909176452516395,64.73573382124796,3.33637729676163,1,1,1,832,3,0.9350694444444444,8.946793963428297,0.13750874737578728,ELECTRE-III,1
2453,0621,0,0,"[26.84557529685134, 31.63012793308715]","[np.float64(26.38810088974979), np.float64(32.06764196557161)]",2026-06-14 08:06:30,919.9211829646877,2,3.751025140762792,66.9277635901467,5.5084387422426255,65.91250711334946,6.710917415608993,2,2,2,986,14,0.9350694444444444,9.516125748942326,1.0,ELECTRE-III,1
2454,0849,1,0,"[26.84557529685134, 31.63012793308715]","[np.float64(29.57166545746831), np.float64(32.32016892409456)]",2026-06-14 08:06:30,690.5691023848944,1,6.401484733315629,310.57496932236484,24.109201628948107,65.84048276855168,11.83453777215108,4,4,3,1410,8,0.9350694444444444,5.289051661039969,0.5290412876137159,ELECTRE-III,1
2455,0971,0,0,"[26.84557529685134, 31.63012793308715]","[np.float64(29.65446609155945), np.float64(29.76954665526145)]",2026-06-14 08:06:30,297.5709831817357,1,5.943059031640871,361.5982780916969,27.5210901781793,63.633956006233205,12.078099436014156,3,3,3,1043,14,0.9350694444444444,12.078099436014156,1.0,ELECTRE-III,1
2456,0433,1,0,"[26.245225574469313, 31.480584356304306]","[np.float64(25.89609392996558), np.float64(32.67214232458478)]",2026-06-14 08:06:40,884.2800110182895,1,2.444119941535365,125.18532959245302,10.225190131176918,66.50322285390718,15.703559317166793,4,4,3,1014,7,0.9351851851851852,19.444300057907533,0.4688593421973408,ELECTRE-III,1
2456,0433,1,0,"[26.245225574469313, 31.480584356304306]","[np.float64(25.89609392996558), np.float64(32.67214232458478)]",2026-06-14 08:06:40,884.2800110182895,1,2.444119941535365,125.18532959245302,10.225190131176918,66.50322285390718,15.703559317166793,4,4,3,1014,7,0.9351851851851852,19.444300057907533,0.4688593421973408,ELECTRE-III,1
2457,0468,0,0,"[26.245225574469313, 31.480584356304306]","[np.float64(28.2526205265435), np.float64(30.78863292207927)]",2026-06-14 08:06:40,414.68183680989114,1,5.265631365804954,233.45643084767343,18.592556047090998,64.70578344173745,6.579938960624705,3,3,3,1349,5,0.9351851851851852,6.579938960624705,0.2722183344996501,ELECTRE-III,1
2458,0534,0,0,"[26.245225574469313, 31.480584356304306]","[np.float64(27.95761673091935), np.float64(30.83684409046323)]",2026-06-14 08:06:40,478.1359561413854,1,7.367994323866775,200.78750960827566,16.13617034193632,64.7724187672801,3.33637729676163,1,1,1,832,3,0.9351851851851852,9.882673593057927,0.13750874737578728,ELECTRE-III,1
2459,0621,0,0,"[26.245225574469313, 31.480584356304306]","[np.float64(26.38810088974979), np.float64(32.06764196557161)]",2026-06-14 08:06:40,919.9211829646877,2,3.751025140762792,60.63072311165885,4.99292026222468,65.94979994621772,0.0,2,2,2,986,14,0.9351851851851852,7.481481481481482,1.0,ELECTRE-III,1
2460,0849,1,0,"[26.245225574469313, 31.480584356304306]","[np.float64(29.57166545746831), np.float64(32.32016892409456)]",2026-06-14 08:06:40,690.5691023848944,1,6.401484733315629,378.9679097610895,28.637332805292004,65.87626612961337,10.83453777215108,4,4,3,1410,8,0.9351851851851852,14.57527851289182,0.5290412876137159,ELECTRE-III,1
2461,0433,1,0,"[25.64480242755371, 31.33215068526159]","[np.float64(25.89609392996558), np.float64(32.67214232458478)]",2026-06-14 08:06:50,884.2800110182895,1,2.444119941535365,137.05914843257673,11.171671289684578,66.5406864415047,18.703559317166793,4,4,3,1014,7,0.935300925925926,15.897656539389015,0.4688593421973408,ELECTRE-III,1
2461,0433,1,0,"[25.64480242755371, 31.33215068526159]","[np.float64(25.89609392996558), np.float64(32.67214232458478)]",2026-06-14 08:06:50,884.2800110182895,1,2.444119941535365,137.05914843257673,11.171671289684578,66.5406864415047,18.703559317166793,4,4,3,1014,7,0.935300925925926,15.897656539389015,0.4688593421973408,ELECTRE-III,1
2462,0468,0,0,"[25.64480242755371, 31.33215068526159]","[np.float64(28.2526205265435), np.float64(30.78863292207927)]",2026-06-14 08:06:50,414.68183680989114,1,5.265631365804954,294.9371103517765,23.02459065501588,64.74233178398619,5.579938960624705,3,3,3,1349,5,0.935300925925926,0.0,0.2722183344996501,ELECTRE-III,1
2463,0534,0,0,"[25.64480242755371, 31.33215068526159]","[np.float64(27.95761673091935), np.float64(30.83684409046323)]",2026-06-14 08:06:50,478.1359561413854,1,7.367994323866775,261.82875598883965,20.67023047406758,64.80909688312308,0.0,1,1,1,832,3,0.935300925925926,2.805902777777778,0.13750874737578728,ELECTRE-III,1
2464,0621,0,0,"[25.64480242755371, 31.33215068526159]","[np.float64(26.38810088974979), np.float64(32.06764196557161)]",2026-06-14 08:06:50,919.9211829646877,2,3.751025140762792,110.60152324678046,9.054976939380706,65.987092779086,5.710917415608993,2,2,2,986,14,0.935300925925926,0.0,1.0,ELECTRE-III,1
2465,0433,1,0,"[25.044310978746406, 31.18478593882398]","[np.float64(25.89609392996558), np.float64(32.67214232458478)]",2026-06-14 08:07:00,884.2800110182895,1,2.444119941535365,176.8165577946176,14.293656662289747,66.57815002910222,12.703559317166793,4,4,3,1014,7,0.9354166666666667,9.897309317166792,0.4688593421973408,ELECTRE-III,1
2465,0433,1,0,"[25.044310978746406, 31.18478593882398]","[np.float64(25.89609392996558), np.float64(32.67214232458478)]",2026-06-14 08:07:00,884.2800110182895,1,2.444119941535365,176.8165577946176,14.293656662289747,66.57815002910222,12.703559317166793,4,4,3,1014,7,0.9354166666666667,9.897309317166792,0.4688593421973408,ELECTRE-III,1
2466,0468,0,0,"[25.044310978746406, 31.18478593882398]","[np.float64(28.2526205265435), np.float64(30.78863292207927)]",2026-06-14 08:07:00,414.68183680989114,1,5.265631365804954,358.9131915686403,27.34646754033438,64.77887329604576,7.579938960624705,3,3,3,1349,5,0.9354166666666667,12.257022293958038,0.2722183344996501,ELECTRE-III,1
2467,0534,0,0,"[25.044310978746406, 31.18478593882398]","[np.float64(27.95761673091935), np.float64(30.83684409046323)]",2026-06-14 08:07:00,478.1359561413854,1,7.367994323866775,325.78969639088433,25.147126000829232,64.84577499896604,2.33637729676163,1,1,1,832,3,0.9354166666666667,7.013460630094963,0.13750874737578728,ELECTRE-III,1
2468,0621,0,0,"[25.044310978746406, 31.18478593882398]","[np.float64(26.38810088974979), np.float64(32.06764196557161)]",2026-06-14 08:07:00,919.9211829646877,2,3.751025140762792,173.6353710810238,14.046761637866672,66.02438561195427,3.710917415608993,2,2,2,986,14,0.9354166666666667,5.581750748942326,1.0,ELECTRE-III,1
2469,0433,1,0,"[24.44375464314199, 31.03845255095104]","[np.float64(25.89609392996558), np.float64(32.67214232458478)]",2026-06-14 08:07:10,884.2800110182895,1,2.444119941535365,230.45143034459178,18.369395925484817,66.61560678651057,14.703559317166793,4,4,3,1014,7,0.9355324074074074,23.12335098383346,0.4688593421973408,ELECTRE-III,1
2470,0534,0,0,"[24.44375464314199, 31.03845255095104]","[np.float64(27.95761673091935), np.float64(30.83684409046323)]",2026-06-14 08:07:10,478.1359561413854,1,7.367994323866775,391.2413143774805,29.412055693388652,64.88244628461983,0.3363772967616301,1,1,1,832,3,0.9355324074074074,6.885104148613482,0.13750874737578728,ELECTRE-III,1
2471,0621,0,0,"[24.44375464314199, 31.03845255095104]","[np.float64(26.38810088974979), np.float64(32.06764196557161)]",2026-06-14 08:07:10,919.9211829646877,2,3.751025140762792,239.63659157516096,19.049674745976247,66.06167844482253,0.0,2,2,2,986,14,0.9355324074074074,0.0,1.0,ELECTRE-III,1
2472,0433,1,0,"[23.843133420740454, 30.893112955602337]","[np.float64(25.89609392996558), np.float64(32.67214232458478)]",2026-06-14 08:07:20,884.2800110182895,1,2.444119941535365,290.37302886393854,22.704675211944682,66.6530703741081,19.703559317166793,4,4,3,1014,7,0.9356481481481481,21.57485561346309,0.4688593421973408,ELECTRE-III,1
2473,0621,0,0,"[23.843133420740454, 30.893112955602337]","[np.float64(26.38810088974979), np.float64(32.06764196557161)]",2026-06-14 08:07:20,919.9211829646877,2,3.751025140762792,306.69562476153976,23.841811228472512,66.09897127769081,0.0,2,2,2,986,14,0.9356481481481481,3.7425925925925925,1.0,ELECTRE-III,1
2474,0433,1,0,"[23.242454141730974, 30.748733001832022]","[np.float64(25.89609392996558), np.float64(32.67214232458478)]",2026-06-14 08:07:30,884.2800110182895,1,2.444119941535365,353.3972037704326,26.986007614616117,66.69053396170561,11.703559317166793,4,4,3,1014,7,0.9357638888888888,15.446614872722348,0.4688593421973408,ELECTRE-III,1
2475,0621,0,0,"[23.242454141730974, 30.748733001832022]","[np.float64(26.38810088974979), np.float64(32.06764196557161)]",2026-06-14 08:07:30,919.9211829646877,2,3.751025140762792,374.24385917437513,28.336044438444034,66.13626411055908,5.710917415608993,2,2,2,986,14,0.9357638888888888,5.710917415608993,1.0,ELECTRE-III,1
2476,0156,0,0,"[14.827951367314991, 28.809813051194652]","[np.float64(13.68346767139189), np.float64(25.58183916451892)]",2026-06-14 08:09:50,4.244680333247372,1,7.834032070063285,370.4192741490562,28.090862880810043,58.24339312834072,1.83453777215108,3,3,3,644,11,0.9373842592592593,0.0,0.7655703289013296,ELECTRE-III,1
2477,0156,0,0,"[14.22664627222281, 28.676043796299954]","[np.float64(13.68346767139189), np.float64(25.58183916451892)]",2026-06-14 08:10:00,4.244680333247372,1,7.834032070063285,339.32036396211646,26.05559254263445,58.28082939518156,5.83453777215108,3,3,3,644,11,0.9375,8.64703777215108,0.7655703289013296,ELECTRE-III,1
2478,0156,0,0,"[13.625317271468534, 28.542766315025496]","[np.float64(13.68346767139189), np.float64(25.58183916451892)]",2026-06-14 08:10:10,4.244680333247372,1,7.834032070063285,319.99866143418757,24.754104167726776,58.318265662022405,4.83453777215108,3,3,3,644,11,0.9376157407407407,6.709769253632562,0.7655703289013296,ELECTRE-III,1
2479,0156,0,0,"[13.023964365052162, 28.40995499416189]","[np.float64(13.68346767139189), np.float64(25.58183916451892)]",2026-06-14 08:10:20,4.244680333247372,1,7.834032070063285,314.6319925459626,24.38764895471341,58.35570192886324,6.83453777215108,3,3,3,644,11,0.9377314814814814,4.959074809188117,0.7655703289013296,ELECTRE-III,1
2480,0156,0,0,"[12.422590114294636, 28.277585928047042]","[np.float64(13.68346767139189), np.float64(25.58183916451892)]",2026-06-14 08:10:30,4.244680333247372,1,7.834032070063285,323.91542611330834,25.02019901639064,58.39313136551491,0.0,3,3,3,644,11,0.9378472222222223,7.502777777777778,0.7655703289013296,ELECTRE-III,1
2481,0156,0,0,"[11.821196226743243, 28.145638626113445]","[np.float64(13.68346767139189), np.float64(25.58183916451892)]",2026-06-14 08:10:40,4.244680333247372,1,7.834032070063285,346.67489976103,26.543575255864262,58.43055397197741,5.83453777215108,3,3,3,644,11,0.937962962962963,13.338241475854783,0.7655703289013296,ELECTRE-III,1
2482,0156,0,0,"[11.219783556171635, 28.014087475151705]","[np.float64(13.68346767139189), np.float64(25.58183916451892)]",2026-06-14 08:10:50,4.244680333247372,1,7.834032070063285,380.5002322462607,28.73469114017885,58.46796974825074,0.83453777215108,3,3,3,644,11,0.9380787037037037,1.7726164758547838,0.7655703289013296,ELECTRE-III,1
2483,0226,0,0,"[11.219783556171635, 28.014087475151705]","[np.float64(7.751039883416031), np.float64(28.09515092603401)]",2026-06-14 08:10:50,740.5881562706032,2,7.990309280048651,385.80966068115134,29.07063242734657,57.93909454043831,10.332698247540531,4,4,3,674,11,0.9380787037037037,0.9519112105034928,0.7655703289013296,ELECTRE-III,1
2484,0226,0,0,"[10.618354663900746, 27.882910277047024]","[np.float64(7.751039883416031), np.float64(28.09515092603401)]",2026-06-14 08:11:00,740.5881562706032,2,7.990309280048651,319.6811778431305,24.732484951831136,57.97398997690791,6.332698247540531,4,4,3,674,11,0.9381944444444444,14.77644824754053,0.7655703289013296,ELECTRE-III,1
2485,0226,0,0,"[10.016911257477872, 27.752088248779188]","[np.float64(7.751039883416031), np.float64(28.09515092603401)]",2026-06-14 08:11:10,740.5881562706032,2,7.990309280048651,254.7566989135636,20.157407562377138,58.00886492280999,4.332698247540531,4,4,3,674,11,0.9383101851851852,0.0,0.7655703289013296,ELECTRE-III,1
2486,0226,0,0,"[9.415454190676659, 27.6215957771388]","[np.float64(7.751039883416031), np.float64(28.09515092603401)]",2026-06-14 08:11:20,740.5881562706032,2,7.990309280048651,192.25877002557797,15.484324080095218,58.04373303852291,13.332698247540531,4,4,3,674,11,0.9384259259259259,5.825290840133124,0.7655703289013296,ELECTRE-III,1
2487,0226,0,0,"[8.813986024818043, 27.491415786652944]","[np.float64(7.751039883416031), np.float64(28.09515092603401)]",2026-06-14 08:11:30,740.5881562706032,2,7.990309280048651,135.58396341764092,11.054406457783651,58.07858749385748,5.332698247540531,4,4,3,674,11,0.9385416666666667,0.0,0.7655703289013296,ELECTRE-III,1
2488,0226,0,0,"[8.212507613675673, 27.361522664112226]","[np.float64(7.751039883416031), np.float64(28.09515092603401)]",2026-06-14 08:11:40,740.5881562706032,2,7.990309280048651,95.70416817928228,7.851695398184591,58.11343511900289,11.332698247540531,4,4,3,674,11,0.9386574074074074,16.02598528457757,0.7655703289013296,ELECTRE-III,1
2489,0226,0,0,"[7.61102066479684, 27.231899334043725]","[np.float64(7.751039883416031), np.float64(28.09515092603401)]",2026-06-14 08:11:50,740.5881562706032,2,7.990309280048651,96.39372128424101,7.907554108879985,58.148269083769954,9.332698247540531,4,4,3,674,11,0.9387731481481482,11.210244543836827,0.7655703289013296,ELECTRE-III,1
2490,0226,0,0,"[7.009526458842014, 27.102525305879926]","[np.float64(7.751039883416031), np.float64(28.09515092603401)]",2026-06-14 08:12:00,740.5881562706032,2,7.990309280048651,137.03976991705628,11.170131472351128,58.18308938815868,10.332698247540531,4,4,3,674,11,0.9388888888888889,15.027142691984976,0.7655703289013296,ELECTRE-III,1
2491,0226,0,0,"[6.40802713024531, 26.97337667395874]","[np.float64(7.751039883416031), np.float64(28.09515092603401)]",2026-06-14 08:12:10,740.5881562706032,2,7.990309280048651,193.96726558493754,15.615238707424616,58.217896032169065,6.332698247540531,4,4,3,674,11,0.9390046296296296,8.21070750679979,0.7655703289013296,ELECTRE-III,1
2492,0226,0,0,"[5.8065239596671985, 26.84443636280724]","[np.float64(7.751039883416031), np.float64(28.09515092603401)]",2026-06-14 08:12:20,740.5881562706032,2,7.990309280048651,256.5567083834167,20.288257148230315,58.25269584599028,11.332698247540531,4,4,3,674,11,0.9391203703703703,12.2718186179109,0.7655703289013296,ELECTRE-III,1
2493,0226,0,0,"[5.205018654654971, 26.715683881857913]","[np.float64(7.751039883416031), np.float64(28.09515092603401)]",2026-06-14 08:12:30,740.5881562706032,2,7.990309280048651,321.5174465923559,24.857422585010628,58.287481999433155,10.332698247540531,4,4,3,674,11,0.9392361111111112,7.514989914207197,0.7655703289013296,ELECTRE-III,1
2494,0226,0,0,"[4.603512495869098, 26.587100448090546]","[np.float64(7.751039883416031), np.float64(28.09515092603401)]",2026-06-14 08:12:40,740.5881562706032,2,7.990309280048651,387.6584265807836,29.18709799848493,58.32225449249769,8.332698247540531,4,4,3,674,11,0.9393518518518519,6.453994543836827,0.7655703289013296,ELECTRE-III,1
2495,0716,0,0,"[3.4005033799485243, 26.330357052284352]","[np.float64(0.5833799135181874), np.float64(24.89668450582083)]",2026-06-14 08:13:00,427.27819590432256,1,5.584898802384659,351.4310557425856,26.856961103998568,51.61654552010842,6.83085872292998,4,4,3,1329,12,0.9395833333333333,2.132942056263313,0.8369489153254024,ELECTRE-III,1
2496,0716,0,0,"[2.799003411021586, 26.202161231752385]","[np.float64(0.5833799135181874), np.float64(24.89668450582083)]",2026-06-14 08:13:10,427.27819590432256,1,5.584898802384659,285.9154009837902,22.39077183337541,51.649101616787284,12.83085872292998,4,4,3,1329,12,0.939699074074074,20.348451315522574,0.8369489153254024,ELECTRE-III,1
2497,0716,0,0,"[2.1975083512931137, 26.074054203679623]","[np.float64(0.5833799135181874), np.float64(24.89668450582083)]",2026-06-14 08:13:20,427.27819590432256,1,5.584898802384659,222.13154380927574,17.74853165883651,51.681640637993226,12.83085872292998,4,4,3,1329,12,0.9398148148148148,12.83085872292998,0.8369489153254024,ELECTRE-III,1
2498,0716,0,0,"[1.5960199083103999, 25.94601889259315]","[np.float64(0.5833799135181874), np.float64(24.89668450582083)]",2026-06-14 08:13:30,427.27819590432256,1,5.584898802384659,162.1358344364015,13.149876304440452,51.71416258372624,12.83085872292998,4,4,3,1329,12,0.9399305555555556,14.710719834041091,0.8369489153254024,ELECTRE-III,1
2499,0716,0,0,"[0.9945393627339139, 25.81803480792545]","[np.float64(0.5833799135181874), np.float64(24.89668450582083)]",2026-06-14 08:13:40,427.27819590432256,1,5.584898802384659,112.17891515912022,9.181933781661131,51.746674284175505,7.83085872292998,4,4,3,1329,12,0.9400462962962963,11.591043908115164,0.8369489153254024,ELECTRE-III,1
2500,0716,0,0,"[0.3930681553066837, 25.690084874203603]","[np.float64(0.5833799135181874), np.float64(24.89668450582083)]",2026-06-14 08:13:50,427.27819590432256,1,5.584898802384659,90.72158940288016,7.447630750174237,51.77916890915184,6.83085872292998,4,4,3,1329,12,0.940162037037037,3.070210574781832,0.8369489153254024,ELECTRE-III,1
2501,0716,0,0,"[-0.2083923532695418, 25.562148600860095]","[np.float64(0.5833799135181874), np.float64(24.89668450582083)]",2026-06-14 08:14:00,427.27819590432256,1,5.584898802384659,115.00679078077114,9.409307906824484,51.81164645865525,12.83085872292998,4,4,3,1329,12,0.9402777777777778,14.711414278485535,0.8369489153254024,ELECTRE-III,1
2502,0716,0,0,"[-0.8098406422104554, 25.434207204874706]","[np.float64(0.5833799135181874), np.float64(24.89668450582083)]",2026-06-14 08:14:10,427.27819590432256,1,5.584898802384659,166.0488811680112,13.455827471609792,51.844113762874905,7.83085872292998,4,4,3,1329,12,0.9403935185185185,15.354006871078127,0.8369489153254024,ELECTRE-III,1
2503,0716,0,0,"[-1.4112753508143083, 25.30624361077452]","[np.float64(0.5833799135181874), np.float64(24.89668450582083)]",2026-06-14 08:14:20,427.27819590432256,1,5.584898802384659,226.42231409283616,18.0692745872425,51.87656399162164,13.83085872292998,4,4,3,1329,12,0.9405092592592592,21.354932797004054,0.8369489153254024,ELECTRE-III,1
2504,0716,0,0,"[-2.0126949582967932, 25.178235620444724]","[np.float64(0.5833799135181874), np.float64(24.89668450582083)]",2026-06-14 08:14:30,427.27819590432256,1,5.584898802384659,290.3629169244169,22.703964753239536,51.908997144895444,15.83085872292998,4,4,3,1329,12,0.940625,12.068358722929979,0.8369489153254024,ELECTRE-III,1
2505,0144,0,0,"[-2.6140982373582933, 25.050164450865108]","[np.float64(-5.392278215409139), np.float64(26.86737230121577)]",2026-06-14 08:14:40,658.0793419084849,1,6.551304484830455,368.8557223916488,27.99030464085367,49.358553282393906,1.33637729676163,3,3,3,1155,6,0.9407407407407408,6.040081000465334,0.37508747375787266,ELECTRE-III,1
2506,0716,0,0,"[-2.6140982373582933, 25.050164450865108]","[np.float64(0.5833799135181874), np.float64(24.89668450582083)]",2026-06-14 08:14:40,427.27819590432256,1,5.584898802384659,355.95297213542426,27.15331187107176,51.94142005288549,9.83085872292998,4,4,3,1329,12,0.9407407407407408,5.127155019226276,0.8369489153254024,ELECTRE-III,1
2507,0144,0,0,"[-3.2154833737298105, 24.922014734110036]","[np.float64(-5.392278215409139), np.float64(26.86737230121577)]",2026-06-14 08:14:50,658.0793419084849,1,6.551304484830455,324.2071075367289,25.03996919237079,49.387352775029264,8.33637729676163,3,3,3,1155,6,0.9408564814814815,10.218090259724592,0.37508747375787266,ELECTRE-III,1
2508,0144,0,0,"[-3.8168493001942876, 24.793762564517415]","[np.float64(-5.392278215409139), np.float64(26.86737230121577)]",2026-06-14 08:15:00,658.0793419084849,1,6.551304484830455,288.97557746176807,22.606421287071942,49.416131777097114,8.33637729676163,3,3,3,1155,6,0.9409722222222222,5.513460630094963,0.37508747375787266,ELECTRE-III,1
2509,0570,0,0,"[-3.8168493001942876, 24.793762564517415]","[np.float64(-6.837426168229269), np.float64(23.87670005565305)]",2026-06-14 08:15:00,263.16755507226077,1,4.045023646101781,350.88067698570404,26.82078458001696,46.29834849647222,0.0,1,1,1,943,3,0.9409722222222222,8.46875,0.13750874737578728,ELECTRE-III,1
2510,0144,0,0,"[-4.418194522647842, 24.665392574161608]","[np.float64(-5.392278215409139), np.float64(26.86737230121577)]",2026-06-14 08:15:10,658.0793419084849,1,6.551304484830455,266.914041680907,21.036861210277802,49.44489028859745,4.33637729676163,3,3,3,1155,6,0.9410879629629629,9.982905074539406,0.37508747375787266,ELECTRE-III,1
2511,0570,0,0,"[-4.418194522647842, 24.665392574161608]","[np.float64(-6.837426168229269), np.float64(23.87670005565305)]",2026-06-14 08:15:10,263.16755507226077,1,4.045023646101781,282.8082797128109,22.171127842680264,46.327813932551656,5.0854575344563555,1,1,1,943,3,0.9410879629629629,0.0,0.13750874737578728,ELECTRE-III,1
2512,0144,0,0,"[-5.019517546986595, 24.53688256492782]","[np.float64(-5.392278215409139), np.float64(26.86737230121577)]",2026-06-14 08:15:20,658.0793419084849,1,6.551304484830455,261.37688639969434,20.63756600202617,49.47362830953028,8.33637729676163,3,3,3,1155,6,0.9412037037037037,14.924803222687554,0.37508747375787266,ELECTRE-III,1
2513,0570,0,0,"[-5.019517546986595, 24.53688256492782]","[np.float64(-6.837426168229269), np.float64(23.87670005565305)]",2026-06-14 08:15:20,263.16755507226077,1,4.045023646101781,214.92446917904547,17.20720088421284,46.357262293158165,5.0854575344563555,1,1,1,943,3,0.9412037037037037,0.37943901593783735,0.13750874737578728,ELECTRE-III,1
2514,0144,0,0,"[-5.620816665663253, 24.408213753795827]","[np.float64(-5.392278215409139), np.float64(26.86737230121577)]",2026-06-14 08:15:30,658.0793419084849,1,6.551304484830455,273.36780599263403,21.49956660342152,49.502349254990186,8.33637729676163,3,3,3,1155,6,0.9413194444444445,3.629780074539407,0.37508747375787266,ELECTRE-III,1
2515,0570,0,0,"[-5.620816665663253, 24.408213753795827]","[np.float64(-6.837426168229269), np.float64(23.87670005565305)]",2026-06-14 08:15:30,263.16755507226077,1,4.045023646101781,147.48796946467579,11.997923785224794,46.386693578291755,2.0854575344563555,1,1,1,943,3,0.9413194444444445,3.9680964233452443,0.13750874737578728,ELECTRE-III,1
2516,0144,0,0,"[-6.222091024904169, 24.279367357745414]","[np.float64(-5.392278215409139), np.float64(26.86737230121577)]",2026-06-14 08:15:40,658.0793419084849,1,6.551304484830455,300.7957270475401,23.43302946061739,49.53104629478799,1.33637729676163,3,3,3,1155,6,0.9414351851851852,0.0,0.37508747375787266,ELECTRE-III,1
2517,0570,0,0,"[-6.222091024904169, 24.279367357745414]","[np.float64(-6.837426168229269), np.float64(23.87670005565305)]",2026-06-14 08:15:40,263.16755507226077,1,4.045023646101781,81.61142469760787,6.706935043800158,46.41610437285783,0.0,1,1,1,943,3,0.9414351851851852,0.0,0.13750874737578728,ELECTRE-III,1
2518,0144,0,0,"[-6.823338490275228, 24.15032288620907]","[np.float64(-5.392278215409139), np.float64(26.86737230121577)]",2026-06-14 08:15:50,658.0793419084849,1,6.551304484830455,339.94263656755135,26.09704010142936,49.55972625911288,0.3363772967616301,3,3,3,1155,6,0.9415509259259259,7.8687847041690375,0.37508747375787266,ELECTRE-III,1
2519,0499,0,0,"[-6.823338490275228, 24.15032288620907]","[np.float64(-6.236855974632872), np.float64(20.52624852280738)]",2026-06-14 08:15:50,976.3365872105292,2,6.764492260860369,405.6386435572346,30.306017808124746,44.426654682740704,1.5836180098458055,4,4,3,1276,5,0.9415509259259259,7.232923565401361,0.2722183344996501,ELECTRE-III,1
2520,0570,0,0,"[-6.823338490275228, 24.15032288620907]","[np.float64(-6.837426168229269), np.float64(23.87670005565305)]",2026-06-14 08:15:50,263.16755507226077,1,4.045023646101781,30.25015719360367,2.495835637873964,46.445498091950974,0.08545753445635551,1,1,1,943,3,0.9415509259259259,1.9685593863082074,0.13750874737578728,ELECTRE-III,1
2521,0144,0,0,"[-7.424558208002784, 24.021059848619288]","[np.float64(-5.392278215409139), np.float64(26.86737230121577)]",2026-06-14 08:16:00,658.0793419084849,1,6.551304484830455,387.2693121105695,29.16260711584049,49.58838231777566,2.33637729676163,3,3,3,1155,6,0.9416666666666667,0.0,0.37508747375787266,ELECTRE-III,1
2522,0499,0,0,"[-7.424558208002784, 24.021059848619288]","[np.float64(-6.236855974632872), np.float64(20.52624852280738)]",2026-06-14 08:16:00,976.3365872105292,2,6.764492260860369,407.8157205375188,30.439803394735875,44.45761593024837,3.5836180098458055,4,4,3,1276,5,0.9416666666666667,5.466951343179138,0.2722183344996501,ELECTRE-III,1
2523,0570,0,0,"[-7.424558208002784, 24.021059848619288]","[np.float64(-6.837426168229269), np.float64(23.87670005565305)]",2026-06-14 08:16:00,263.16755507226077,1,4.045023646101781,67.20107308828607,5.530794075618183,46.4748747355712,0.0,1,1,1,943,3,0.9416666666666667,0.0,0.13750874737578728,ELECTRE-III,1
2524,0570,0,0,"[-8.025748043652722, 23.891559461955843]","[np.float64(-6.837426168229269), np.float64(23.87670005565305)]",2026-06-14 08:16:10,263.16755507226077,1,4.045023646101781,132.14570740443614,10.7807311721892,46.504234303718505,0.0,1,1,1,943,3,0.9417824074074074,4.708912037037037,0.13750874737578728,ELECTRE-III,1
2525,0570,0,0,"[-8.626906289677748, 23.761801235651234]","[np.float64(-6.837426168229269), np.float64(23.87670005565305)]",2026-06-14 08:16:20,263.16755507226077,1,4.045023646101781,199.383692171876,16.029167189652984,46.53357338129829,0.0,1,1,1,943,3,0.9418981481481481,7.535185185185185,0.13750874737578728,ELECTRE-III,1
2526,0570,0,0,"[-9.228032946077862, 23.631762971590653]","[np.float64(-6.837426168229269), np.float64(23.87670005565305)]",2026-06-14 08:16:30,263.16755507226077,1,4.045023646101781,267.1880286104799,21.056563845289475,46.562895383405156,3.0854575344563555,1,1,1,943,3,0.9420138888888889,10.621568645567468,0.13750874737578728,ELECTRE-III,1
2527,0570,0,0,"[-9.829124597758481, 23.501424179206595]","[np.float64(-6.837426168229269), np.float64(23.87670005565305)]",2026-06-14 08:16:40,263.16755507226077,1,4.045023646101781,335.21398862310747,25.781345150031353,46.5922003100391,5.0854575344563555,1,1,1,943,3,0.9421296296296297,9.796105682604503,0.13750874737578728,ELECTRE-III,1
2528,0570,0,0,"[-10.430181244719602, 23.370766075478834]","[np.float64(-6.837426168229269), np.float64(23.87670005565305)]",2026-06-14 08:16:50,263.16755507226077,1,4.045023646101781,403.3486076203466,30.164895504938976,46.62148816120011,2.0854575344563555,1,1,1,943,3,0.9422453703703704,9.623420497419318,0.13750874737578728,ELECTRE-III,1
2529,0175,0,0,"[-30.23298541760436, 18.713774052182185]","[np.float64(-33.62663745246321), np.float64(18.88245320482721)]",2026-06-14 08:22:20,983.1432835716325,2,6.817265227339009,377.6928105051917,28.556179536777197,23.812677607231368,15.703559317166793,3,3,3,989,14,0.9460648148148149,6.242911169018644,1.0,ELECTRE-III,1
2530,0175,0,0,"[-30.831651498355978, 18.555950578577992]","[np.float64(-33.62663745246321), np.float64(18.88245320482721)]",2026-06-14 08:22:30,983.1432835716325,2,6.817265227339009,312.3017874434469,24.227868036434423,23.832901797363775,16.703559317166793,3,3,3,989,14,0.9461805555555556,24.273003761611236,1.0,ELECTRE-III,1
2531,0175,0,0,"[-31.430194635702534, 18.396672274680586]","[np.float64(-33.62663745246321), np.float64(18.88245320482721)]",2026-06-14 08:22:40,983.1432835716325,2,6.817265227339009,248.44241655778114,19.696666073671395,23.853107204475965,7.703559317166793,3,3,3,989,14,0.9462962962962963,0.0,1.0,ELECTRE-III,1
2532,0175,0,0,"[-32.028621659833206, 18.2358862065239]","[np.float64(-33.62663745246321), np.float64(18.88245320482721)]",2026-06-14 08:22:50,983.1432835716325,2,6.817265227339009,187.67939129812603,15.132610530964024,23.873297243662524,14.703559317166793,3,3,3,989,14,0.946412037037037,21.328443576426054,1.0,ELECTRE-III,1
2533,0175,0,0,"[-32.62691891036964, 18.07353431749999]","[np.float64(-33.62663745246321), np.float64(18.88245320482721)]",2026-06-14 08:23:00,983.1432835716325,2,6.817265227339009,134.28081773891284,10.950739210001176,23.893468499828863,8.703559317166793,3,3,3,989,14,0.9465277777777777,10.596614872722348,1.0,ELECTRE-III,1
2534,0175,0,0,"[-33.22508980240643, 17.909561966095495]","[np.float64(-33.62663745246321), np.float64(18.88245320482721)]",2026-06-14 08:23:10,983.1432835716325,2,6.817265227339009,100.72407686189165,8.257994015721728,23.913622680522277,12.703559317166793,3,3,3,989,14,0.9466435185185185,7.9703417245742,1.0,ELECTRE-III,1
2535,0175,0,0,"[-33.823124090659825, 17.743907680607883]","[np.float64(-33.62663745246321), np.float64(18.88245320482721)]",2026-06-14 08:23:20,983.1432835716325,2,6.817265227339009,107.53762316206507,8.808122687926156,23.933758078195474,15.703559317166793,3,3,3,989,14,0.9467592592592593,20.43735561346309,1.0,ELECTRE-III,1
2536,0175,0,0,"[-34.421021775129816, 17.576508281787333]","[np.float64(-33.62663745246321), np.float64(18.88245320482721)]",2026-06-14 08:23:30,983.1432835716325,2,6.817265227339009,149.28819927338833,12.140050817996023,23.95387810794304,13.703559317166793,3,3,3,989,14,0.946875,12.756684317166792,1.0,ELECTRE-III,1
2537,0175,0,0,"[-35.01877602562723, 17.407302297931313]","[np.float64(-33.62663745246321), np.float64(18.88245320482721)]",2026-06-14 08:23:40,983.1432835716325,2,6.817265227339009,205.69826404081735,16.509570302087475,23.973979354670387,16.703559317166793,3,3,3,989,14,0.9469907407407407,25.22647598383346,1.0,ELECTRE-III,1
2538,0175,0,0,"[-35.6163834270575, 17.236221427148127]","[np.float64(-33.62663745246321), np.float64(18.88245320482721)]",2026-06-14 08:23:50,983.1432835716325,2,6.817265227339009,267.6517241121506,21.08989670241982,23.994063525924812,8.703559317166793,3,3,3,989,14,0.9471064814814815,17.227517650500126,1.0,ELECTRE-III,1
2539,0175,0,0,"[-36.21383714923144, 17.06319395245149]","[np.float64(-33.62663745246321), np.float64(18.88245320482721)]",2026-06-14 08:24:00,983.1432835716325,2,6.817265227339009,332.0580542316417,25.569707670658573,24.014130621706308,15.703559317166793,3,3,3,989,14,0.9472222222222222,19.49244820605568,1.0,ELECTRE-III,1
2540,0175,0,0,"[-36.81113036195988, 16.888146449307815]","[np.float64(-33.62663745246321), np.float64(18.88245320482721)]",2026-06-14 08:24:10,983.1432835716325,2,6.817265227339009,397.7254687834091,29.816653391108126,24.034178934467587,10.703559317166793,3,3,3,989,14,0.9473379629629629,7.861545428277903,1.0,ELECTRE-III,1
2541,0193,0,0,"[62.29381141937417, 21.108709875208163]","[np.float64(59.21917227616074), np.float64(24.95195592026564)]",2026-06-14 09:35:20,107.5064732248996,1,5.984129640319876,400.4336737125204,29.984678045717963,53.185484368689956,15.703559317166793,2,2,2,643,2,0.9967592592592592,17.69707783568531,0.061931420573827854,ELECTRE-III,1
2542,0193,0,0,"[61.713935189029264, 20.67500652329069]","[np.float64(59.21917227616074), np.float64(24.95195592026564)]",2026-06-14 09:35:30,107.5064732248996,1,5.984129640319876,363.0430837841557,27.61482332759525,53.19187059556392,15.703559317166793,2,2,2,643,2,0.996875,8.725434317166794,0.061931420573827854,ELECTRE-III,1
2543,0193,0,0,"[61.13298661898466, 20.255793417697404]","[np.float64(59.21917227616074), np.float64(24.95195592026564)]",2026-06-14 09:35:40,107.5064732248996,1,5.984129640319876,335.62031876206544,25.80853907266694,53.19823291677579,7.703559317166793,2,2,2,643,2,0.9969907407407408,12.688513020870497,0.061931420573827854,ELECTRE-III,1
2544,0193,0,0,"[60.55102718094289, 19.850228737613094]","[np.float64(59.21917227616074), np.float64(24.95195592026564)]",2026-06-14 09:35:50,107.5064732248996,1,5.984129640319876,320.73244379770676,24.80404269261496,53.20457133232556,9.703559317166793,2,2,2,643,2,0.9971064814814815,18.67751765050013,0.061931420573827854,ELECTRE-III,1
2545,0193,0,0,"[59.968118346606495, 19.45754067166155]","[np.float64(59.21917227616074), np.float64(24.95195592026564)]",2026-06-14 09:36:00,107.5064732248996,1,5.984129640319876,320.1330539161054,24.763253430787916,53.21088925730782,11.703559317166793,2,2,2,643,2,0.9972222222222222,5.720225983833459,0.061931420573827854,ELECTRE-III,1
2546,0193,0,0,"[59.38430792729965, 19.07700351224346]","[np.float64(59.21917227616074), np.float64(24.95195592026564)]",2026-06-14 09:36:10,107.5064732248996,1,5.984129640319876,333.899325729667,25.69327498413467,53.217183276627985,10.703559317166793,2,2,2,643,2,0.997337962962963,14.692911169018645,0.061931420573827854,ELECTRE-III,1
2547,0481,0,0,"[59.38430792729965, 19.07700351224346]","[np.float64(57.18838571215052), np.float64(24.49488870720127)]",2026-06-14 09:36:10,406.3239632956798,1,6.1618970863379285,399.6881016978583,29.9384771912955,55.07477616481801,7.703559317166793,3,3,3,707,14,0.997337962962963,11.692911169018645,1.0,ELECTRE-III,1
2548,0193,0,0,"[58.7996573947249, 18.707947900820162]","[np.float64(59.21917227616074), np.float64(24.95195592026564)]",2026-06-14 09:36:20,107.5064732248996,1,5.984129640319876,360.388972857627,27.44251228472024,53.22345680538064,8.703559317166793,2,2,2,643,2,0.9974537037037037,10.6984667245742,0.061931420573827854,ELECTRE-III,1
2549,0481,0,0,"[58.7996573947249, 18.707947900820162]","[np.float64(57.18838571215052), np.float64(24.49488870720127)]",2026-06-14 09:36:20,406.3239632956798,1,6.1618970863379285,385.06766913069697,29.023815449485475,55.08200250495989,9.703559317166793,3,3,3,707,14,0.9974537037037037,8.70610561346309,1.0,ELECTRE-III,1
2550,0193,0,0,"[58.214200899828086, 18.349752290177182]","[np.float64(59.21917227616074), np.float64(24.95195592026564)]",2026-06-14 09:36:30,107.5064732248996,1,5.984129640319876,397.0638053361315,29.775515789098637,53.229706428471204,16.703559317166793,2,2,2,643,2,0.9975694444444444,14.708420428277904,0.061931420573827854,ELECTRE-III,1
2551,0481,0,0,"[58.214200899828086, 18.349752290177182]","[np.float64(57.18838571215052), np.float64(24.49488870720127)]",2026-06-14 09:36:30,406.3239632956798,1,6.1618970863379285,382.3586306031365,28.85252421077814,55.08920835453425,13.703559317166793,3,3,3,707,14,0.9975694444444444,5.7230037616112375,1.0,ELECTRE-III,1
2552,0166,0,0,"[57.627999914311744, 18.00183440668778]","[np.float64(55.55205209359613), np.float64(12.98404244187165)]",2026-06-14 09:36:40,487.8670165077571,1,7.487288474606936,384.11960165690084,28.963933998399852,53.565707339406224,14.332698247540531,3,3,3,749,6,0.9976851851851852,14.332698247540531,0.37508747375787266,ELECTRE-III,1
2553,0481,0,0,"[57.627999914311744, 18.00183440668778]","[np.float64(57.18838571215052), np.float64(24.49488870720127)]",2026-06-14 09:36:40,406.3239632956798,1,6.1618970863379285,391.80883425243786,29.44759744091323,55.096390298446515,8.703559317166793,3,3,3,707,14,0.9976851851851852,2.717448206055681,1.0,ELECTRE-III,1
2554,0065,0,0,"[57.04107834383796, 17.66365125031294]","[np.float64(55.64321798038925), np.float64(12.16354832122793)]",2026-06-14 09:36:50,159.33083385909632,1,6.0449565331978015,372.7579333134283,28.24092035422577,53.22541706967243,19.32901919831943,2,2,2,1383,8,0.997800925925926,21.32462105017128,0.5290412876137159,ELECTRE-III,1
2555,0166,0,0,"[57.04107834383796, 17.66365125031294]","[np.float64(55.55205209359613), np.float64(12.98404244187165)]",2026-06-14 09:36:50,487.8670165077571,1,7.487288474606936,332.74014961646014,25.615512755239326,53.57988681212317,9.332698247540531,3,3,3,749,6,0.997800925925926,11.328300099392383,0.37508747375787266,ELECTRE-III,1
2556,0065,0,0,"[56.45348058463635, 17.334699094601373]","[np.float64(55.64321798038925), np.float64(12.16354832122793)]",2026-06-14 09:37:00,159.33083385909632,1,6.0449565331978015,333.44466631765874,25.662786673123684,53.23990390090203,14.329019198319429,2,2,2,1383,8,0.9979166666666667,13.331102531652762,0.5290412876137159,ELECTRE-III,1
2557,0166,0,0,"[56.45348058463635, 17.334699094601373]","[np.float64(55.55205209359613), np.float64(12.98404244187165)]",2026-06-14 09:37:00,487.8670165077571,1,7.487288474606936,288.4142906232312,22.5669179948907,53.59404579427261,13.332698247540531,3,3,3,749,6,0.9979166666666667,11.336864914207197,0.37508747375787266,ELECTRE-III,1
2558,0616,0,0,"[56.45348058463635, 17.334699094601373]","[np.float64(53.55485840947912), np.float64(14.41239788047519)]",2026-06-14 09:37:00,458.4438836926597,1,3.621375039245443,372.23414546383526,28.207348662803813,55.689605888240465,4.209077890998443,4,4,3,900,9,0.9979166666666667,0.21741122433177607,0.6014695591322603,ELECTRE-III,1
2559,0065,0,0,"[55.86524420274734, 17.014506656500345]","[np.float64(55.64321798038925), np.float64(12.16354832122793)]",2026-06-14 09:37:10,159.33083385909632,1,6.0449565331978015,304.4847366789563,23.688926263747828,53.254366826469536,11.329019198319429,2,2,2,1383,8,0.9980324074074074,7.3368895686897995,0.5290412876137159,ELECTRE-III,1
2560,0166,0,0,"[55.86524420274734, 17.014506656500345]","[np.float64(55.55205209359613), np.float64(12.98404244187165)]",2026-06-14 09:37:10,487.8670165077571,1,7.487288474606936,254.85112684541474,20.1642773595381,53.60818770094912,13.332698247540531,3,3,3,749,6,0.9980324074074074,9.3405686179109,0.37508747375787266,ELECTRE-III,1
2561,0616,0,0,"[55.86524420274734, 17.014506656500345]","[np.float64(53.55485840947912), np.float64(14.41239788047519)]",2026-06-14 09:37:10,458.4438836926597,1,3.621375039245443,306.44932946011517,23.824797467445926,55.7043112855235,5.209077890998443,4,4,3,900,9,0.9980324074074074,8.203175113220665,0.6014695591322603,ELECTRE-III,1
2562,0695,0,0,"[55.86524420274734, 17.014506656500345]","[np.float64(52.97961726105453), np.float64(13.50692628806709)]",2026-06-14 09:37:10,484.3094398214591,1,3.0629073170361965,392.89025046290806,29.515253818552104,55.832872521176064,16.081778485235255,3,3,3,1465,2,0.9980324074074074,24.066037744494515,0.061931420573827854,ELECTRE-III,1
2563,0065,0,0,"[55.27640334911679, 16.702628266166514]","[np.float64(55.64321798038925), np.float64(12.16354832122793)]",2026-06-14 09:37:20,159.33083385909632,1,6.0449565331978015,289.0084907337301,22.60873701529258,53.26881267656411,14.329019198319429,2,2,2,1383,8,0.9981481481481481,21.316056235356466,0.5290412876137159,ELECTRE-III,1
2564,0166,0,0,"[55.27640334911679, 16.702628266166514]","[np.float64(55.55205209359613), np.float64(12.98404244187165)]",2026-06-14 09:37:20,487.8670165077571,1,7.487288474606936,236.67584593784682,18.830991956273095,53.62230911705812,9.332698247540531,3,3,3,749,6,0.9981481481481481,10.33084639568868,0.37508747375787266,ELECTRE-III,1
2565,0616,0,0,"[55.27640334911679, 16.702628266166514]","[np.float64(53.55485840947912), np.float64(14.41239788047519)]",2026-06-14 09:37:20,458.4438836926597,1,3.621375039245443,242.05564086086915,19.227920899734414,55.71899277714444,7.209077890998443,4,4,3,900,9,0.9981481481481481,13.19796677988733,0.6014695591322603,ELECTRE-III,1
2566,0695,0,0,"[55.27640334911679, 16.702628266166514]","[np.float64(52.97961726105453), np.float64(13.50692628806709)]",2026-06-14 09:37:20,484.3094398214591,1,3.0629073170361965,329.44754621401864,25.394079171148395,55.84840437134868,8.081778485235255,3,3,3,1465,2,0.9981481481481481,10.078074781531551,0.061931420573827854,ELECTRE-III,1
2567,0065,0,0,"[54.686985344501366, 16.39865240470239]","[np.float64(55.64321798038925), np.float64(12.16354832122793)]",2026-06-14 09:37:30,159.33083385909632,1,6.0449565331978015,289.1904078399019,22.621535022566547,53.28324145118576,19.32901919831943,2,2,2,1383,8,0.9982638888888888,15.335963642763874,0.5290412876137159,ELECTRE-III,1
2568,0166,0,0,"[54.686985344501366, 16.39865240470239]","[np.float64(55.55205209359613), np.float64(12.98404244187165)]",2026-06-14 09:37:30,487.8670165077571,1,7.487288474606936,237.45037838398954,18.88825477201409,53.636410042599614,15.332698247540531,3,3,3,749,6,0.9982638888888888,10.341378803096086,0.37508747375787266,ELECTRE-III,1
2569,0509,0,0,"[54.686985344501366, 16.39865240470239]","[np.float64(52.2726841411041), np.float64(11.82266424092056)]",2026-06-14 09:37:30,473.10535695264775,1,5.079161328169771,404.52709238616967,30.237569635444363,55.7536696475606,2.2090778909984428,2,2,2,1080,13,0.9982638888888888,0.0,0.9188243526941917,ELECTRE-III,1
2570,0616,0,0,"[54.686985344501366, 16.39865240470239]","[np.float64(53.55485840947912), np.float64(14.41239788047519)]",2026-06-14 09:37:30,458.4438836926597,1,3.621375039245443,180.54902864988097,14.582647188774,55.733653778197876,2.2090778909984428,4,4,3,900,9,0.9982638888888888,2.2090778909984428,0.6014695591322603,ELECTRE-III,1
2571,0695,0,0,"[54.686985344501366, 16.39865240470239]","[np.float64(52.97961726105453), np.float64(13.50692628806709)]",2026-06-14 09:37:30,484.3094398214591,1,3.0629073170361965,268.3804564012325,21.1422515732837,55.86391573095378,12.081778485235255,3,3,3,1465,2,0.9982638888888888,21.066153485235255,0.061931420573827854,ELECTRE-III,1
2572,0065,0,0,"[54.09701750965776, 16.102193166419863]","[np.float64(55.64321798038925), np.float64(12.16354832122793)]",2026-06-14 09:37:40,159.33083385909632,1,6.0449565331978015,305.00407846046085,23.72487150734218,53.2976497352399,14.329019198319429,2,2,2,1383,8,0.9983796296296297,22.316056235356466,0.5290412876137159,ELECTRE-III,1
2573,0166,0,0,"[54.09701750965776, 16.102193166419863]","[np.float64(55.55205209359613), np.float64(12.98404244187165)]",2026-06-14 09:37:40,487.8670165077571,1,7.487288474606936,257.0052086430241,20.32082605619546,53.65049047757359,11.332698247540531,3,3,3,749,6,0.9983796296296297,19.31973528457757,0.37508747375787266,ELECTRE-III,1
2574,0509,0,0,"[54.09701750965776, 16.102193166419863]","[np.float64(52.2726841411041), np.float64(11.82266424092056)]",2026-06-14 09:37:40,473.10535695264775,1,5.079161328169771,349.85089076088764,26.753034419156247,55.770492403486344,7.209077890998443,2,2,2,1080,13,0.9983796296296297,5.212318631739183,0.9188243526941917,ELECTRE-III,1
2575,0616,0,0,"[54.09701750965776, 16.102193166419863]","[np.float64(53.55485840947912), np.float64(14.41239788047519)]",2026-06-14 09:37:40,458.4438836926597,1,3.621375039245443,126.22565984834861,10.308350119000416,55.7482942886838,4.209077890998443,4,4,3,900,9,0.9983796296296297,8.20259640951696,0.6014695591322603,ELECTRE-III,1
2576,0695,0,0,"[54.09701750965776, 16.102193166419863]","[np.float64(52.97961726105453), np.float64(13.50692628806709)]",2026-06-14 09:37:40,484.3094398214591,1,3.0629073170361965,211.75606231758854,16.968206151708305,55.87940659999136,15.081778485235255,3,3,3,1465,2,0.9983796296296297,16.080158114864883,0.061931420573827854,ELECTRE-III,1
2577,0065,0,0,"[53.50653399553182, 15.812883428651048]","[np.float64(55.64321798038925), np.float64(12.16354832122793)]",2026-06-14 09:37:50,159.33083385909632,1,6.0449565331978015,334.23871868916234,25.716023647613792,53.312037528726535,16.32901919831943,2,2,2,1383,8,0.9984953703703704,8.341056235356465,0.5290412876137159,ELECTRE-III,1
2578,0087,0,0,"[53.50653399553182, 15.812883428651048]","[np.float64(52.56086921316749), np.float64(10.02700097620163)]",2026-06-14 09:37:50,538.7012087988868,1,4.234427379353324,400.79000628692904,30.00674373392609,54.8367372420539,16.703559317166793,1,1,1,1458,10,0.9984953703703704,19.699045428277906,0.655703289013296,ELECTRE-III,1
2579,0102,0,0,"[53.50653399553182, 15.812883428651048]","[np.float64(50.1189422399863), np.float64(15.55883485367527)]",2026-06-14 09:37:50,708.9220672730124,1,4.048338331885745,377.08750045507185,28.517610916275068,58.93583087620745,3.710917415608993,4,4,3,1386,11,0.9984953703703704,11.698880378571957,0.7655703289013296,ELECTRE-III,1
2580,0166,0,0,"[53.50653399553182, 15.812883428651048]","[np.float64(55.55205209359613), np.float64(12.98404244187165)]",2026-06-14 09:37:50,487.8670165077571,1,7.487288474606936,291.58677582868324,22.789898756476568,53.66455042198007,11.332698247540531,3,3,3,749,6,0.9984953703703704,4.343230654947938,0.37508747375787266,ELECTRE-III,1
2581,0268,0,0,"[53.50653399553182, 15.812883428651048]","[np.float64(50.94514176179118), np.float64(12.49247470997162)]",2026-06-14 09:37:50,88.9172450553958,1,7.0114982240974015,363.6045360114904,27.65120487049115,57.05804111864169,16.078099436014156,4,4,3,1440,8,0.9984953703703704,24.06606239897712,0.5290412876137159,ELECTRE-III,1
2582,0509,0,0,"[53.50653399553182, 15.812883428651048]","[np.float64(52.2726841411041), np.float64(11.82266424092056)]",2026-06-14 09:37:50,473.10535695264775,1,5.079161328169771,300.7533774710124,23.4300860000883,55.787294668844574,0.20907789099844276,2,2,2,1080,13,0.9984953703703704,5.201554742850295,0.9188243526941917,ELECTRE-III,1
2583,0616,0,0,"[53.50653399553182, 15.812883428651048]","[np.float64(53.55485840947912), np.float64(14.41239788047519)]",2026-06-14 09:37:50,458.4438836926597,1,3.621375039245443,92.71728447377134,7.6095643569806475,55.76291430860221,6.209077890998443,4,4,3,900,9,0.9984953703703704,3.2135917798873317,0.6014695591322603,ELECTRE-III,1
2584,0695,0,0,"[53.50653399553182, 15.812883428651048]","[np.float64(52.97961726105453), np.float64(13.50692628806709)]",2026-06-14 09:37:50,484.3094398214591,1,3.0629073170361965,164.23814929149387,13.314347011367383,55.89487697846144,9.081778485235255,3,3,3,1465,2,0.9984953703703704,6.0862923741241435,0.061931420573827854,ELECTRE-III,1
2585,0065,0,0,"[52.91555529269105, 15.530383389484735]","[np.float64(55.64321798038925), np.float64(12.16354832122793)]",2026-06-14 09:38:00,159.33083385909632,1,6.0449565331978015,373.75954467373214,28.305058891546643,53.32640824674024,11.329019198319429,2,2,2,1383,8,0.9986111111111111,16.322074753874986,0.5290412876137159,ELECTRE-III,1
2586,0087,0,0,"[52.91555529269105, 15.530383389484735]","[np.float64(52.56086921316749), np.float64(10.02700097620163)]",2026-06-14 09:38:00,538.7012087988868,1,4.234427379353324,372.509101286764,28.22497433160007,54.854164469721184,13.703559317166793,1,1,1,1458,10,0.9986111111111111,21.69244820605568,0.655703289013296,ELECTRE-III,1
2587,0102,0,0,"[52.91555529269105, 15.530383389484735]","[np.float64(50.1189422399863), np.float64(15.55883485367527)]",2026-06-14 09:38:00,708.9220672730124,1,4.048338331885745,310.97584701116136,24.13676947679743,58.95212087737792,12.710917415608993,4,4,3,1386,11,0.9986111111111111,18.70258408227566,0.7655703289013296,ELECTRE-III,1
2588,0166,0,0,"[52.91555529269105, 15.530383389484735]","[np.float64(55.55205209359613), np.float64(12.98404244187165)]",2026-06-14 09:38:00,487.8670165077571,1,7.487288474606936,336.5963649541932,25.873810639335545,53.67859329091361,12.332698247540531,3,3,3,749,6,0.9986111111111111,11.33408713642942,0.37508747375787266,ELECTRE-III,1
2589,0268,0,0,"[52.91555529269105, 15.530383389484735]","[np.float64(50.94514176179118), np.float64(12.49247470997162)]",2026-06-14 09:38:00,88.9172450553958,1,7.0114982240974015,302.258047304334,23.53458596522739,57.07543419536313,11.078099436014156,4,4,3,1440,8,0.9986111111111111,4.087821658236378,0.5290412876137159,ELECTRE-III,1
2590,0509,0,0,"[52.91555529269105, 15.530383389484735]","[np.float64(52.2726841411041), np.float64(11.82266424092056)]",2026-06-14 09:38:00,473.10535695264775,1,5.079161328169771,260.4105094084433,20.567662052486465,55.80407985872988,8.209077890998444,2,2,2,1080,13,0.9986111111111111,3.2160223354428883,0.9188243526941917,ELECTRE-III,1
2591,0616,0,0,"[52.91555529269105, 15.530383389484735]","[np.float64(53.55485840947912), np.float64(14.41239788047519)]",2026-06-14 09:38:00,458.4438836926597,1,3.621375039245443,102.9038735131161,8.434163555644647,55.777507007763944,8.209077890998444,4,4,3,900,9,0.9986111111111111,15.19935566877622,0.6014695591322603,ELECTRE-III,1
2592,0695,0,0,"[52.91555529269105, 15.530383389484735]","[np.float64(52.97961726105453), np.float64(13.50692628806709)]",2026-06-14 09:38:00,484.3094398214591,1,3.0629073170361965,135.75427838109428,11.06794987717933,55.91032345126943,13.081778485235255,3,3,3,1465,2,0.9986111111111111,8.0887229296797,0.061931420573827854,ELECTRE-III,1
2593,0087,0,0,"[52.32410530679755, 15.254372030029936]","[np.float64(52.56086921316749), np.float64(10.02700097620163)]",2026-06-14 09:38:10,538.7012087988868,1,4.234427379353324,355.2083456494838,27.104619107367046,54.87157462191555,18.703559317166793,1,1,1,1458,10,0.9987268518518518,24.695920428277905,0.655703289013296,ELECTRE-III,1
2594,0102,0,0,"[52.32410530679755, 15.254372030029936]","[np.float64(50.1189422399863), np.float64(15.55883485367527)]",2026-06-14 09:38:10,708.9220672730124,1,4.048338331885745,246.11772278763738,19.52636355409944,58.968383557791725,10.710917415608993,4,4,3,1386,11,0.9987268518518518,10.710917415608993,0.7655703289013296,ELECTRE-III,1
2595,0166,0,0,"[52.32410530679755, 15.254372030029936]","[np.float64(55.55205209359613), np.float64(12.98404244187165)]",2026-06-14 09:38:10,487.8670165077571,1,7.487288474606936,388.4265970685534,29.235412366567974,53.69261566927965,15.332698247540531,3,3,3,749,6,0.9987268518518518,23.322513062355345,0.37508747375787266,ELECTRE-III,1
2596,0268,0,0,"[52.32410530679755, 15.254372030029936]","[np.float64(50.94514176179118), np.float64(12.49247470997162)]",2026-06-14 09:38:10,88.9172450553958,1,7.0114982240974015,244.6034549448651,19.415237625434305,57.092806781517055,11.078099436014156,4,4,3,1440,8,0.9987268518518518,3.0882846211993416,0.5290412876137159,ELECTRE-III,1
2597,0509,0,0,"[52.32410530679755, 15.254372030029936]","[np.float64(52.2726841411041), np.float64(11.82266424092056)]",2026-06-14 09:38:10,473.10535695264775,1,5.079161328169771,233.40863107259872,18.58901084920421,55.82084114295309,5.209077890998443,2,2,2,1080,13,0.9987268518518518,8.205258446553998,0.9188243526941917,ELECTRE-III,1
2598,0616,0,0,"[52.32410530679755, 15.254372030029936]","[np.float64(53.55485840947912), np.float64(14.41239788047519)]",2026-06-14 09:38:10,458.4438836926597,1,3.621375039245443,148.02592691763508,12.040410978481402,55.79208263145275,3.2090778909984428,4,4,3,900,9,0.9987268518518518,8.202712150257703,0.6014695591322603,ELECTRE-III,1
2599,0695,0,0,"[52.32410530679755, 15.254372030029936]","[np.float64(52.97961726105453), np.float64(13.50692628806709)]",2026-06-14 09:38:10,484.3094398214591,1,3.0629073170361965,138.58744856027405,11.29305841977152,55.9257494335099,11.081778485235255,3,3,3,1465,2,0.9987268518518518,7.086871077827848,0.061931420573827854,ELECTRE-III,1
2600,0809,0,0,"[52.32410530679755, 15.254372030029936]","[np.float64(52.7327491300933), np.float64(9.258476930323436)]",2026-06-14 09:38:10,421.4041279149264,1,6.371853135104369,408.02349579866615,30.45255244621807,54.424726570940386,11.205398841777342,2,2,2,530,10,0.9987268518518518,19.195213656592156,0.655703289013296,ELECTRE-III,1
2601,0087,0,0,"[51.732211358608005, 14.984547114415873]","[np.float64(52.56086921316749), np.float64(10.02700097620163)]",2026-06-14 09:38:20,538.7012087988868,1,4.234427379353324,350.518604072546,26.796972839124795,54.8889642835424,13.703559317166793,1,1,1,1458,10,0.9988425925925926,18.697772280129755,0.655703289013296,ELECTRE-III,1
2602,0102,0,0,"[51.732211358608005, 14.984547114415873]","[np.float64(50.1189422399863), np.float64(15.55883485367527)]",2026-06-14 09:38:20,708.9220672730124,1,4.048338331885745,183.84638770816292,14.837319799039385,58.98461891744885,8.710917415608993,4,4,3,1386,11,0.9988425925925926,4.715547045238623,0.7655703289013296,ELECTRE-III,1
2603,0268,0,0,"[51.732211358608005, 14.984547114415873]","[np.float64(50.94514176179118), np.float64(12.49247470997162)]",2026-06-14 09:38:20,88.9172450553958,1,7.0114982240974015,193.96354454356964,15.614953761190868,57.11015546200888,18.078099436014156,4,4,3,1440,8,0.9988425925925926,20.07578462119934,0.5290412876137159,ELECTRE-III,1
2604,0379,0,0,"[51.732211358608005, 14.984547114415873]","[np.float64(49.47091865971385), np.float64(10.96718678634422)]",2026-06-14 09:38:20,193.9907288202898,1,7.864522847641217,378.8640973388739,28.63073038460427,57.51427726463103,1.329019198319429,1,1,1,1480,12,0.9988425925925926,0.0,0.8369489153254024,ELECTRE-III,1
2605,0509,0,0,"[51.732211358608005, 14.984547114415873]","[np.float64(52.2726841411041), np.float64(11.82266424092056)]",2026-06-14 09:38:20,473.10535695264775,1,5.079161328169771,224.61344186241797,17.934199616270366,55.83758193660879,7.209077890998443,2,2,2,1080,13,0.9988425925925926,0.21717974285029484,0.9188243526941917,ELECTRE-III,1
2606,0616,0,0,"[51.732211358608005, 14.984547114415873]","[np.float64(53.55485840947912), np.float64(14.41239788047519)]",2026-06-14 09:38:20,458.4438836926597,1,3.621375039245443,206.3111467999222,16.556071798248386,55.80663434947946,3.2090778909984428,4,4,3,900,9,0.9988425925925926,0.0,0.6014695591322603,ELECTRE-III,1
2607,0695,0,0,"[51.732211358608005, 14.984547114415873]","[np.float64(52.97961726105453), np.float64(13.50692628806709)]",2026-06-14 09:38:20,484.3094398214591,1,3.0629073170361965,171.19130701403182,13.85671262978977,55.94115151008828,12.081778485235255,3,3,3,1465,2,0.9988425925925926,14.07946367042044,0.061931420573827854,ELECTRE-III,1
2608,0809,0,0,"[51.732211358608005, 14.984547114415873]","[np.float64(52.7327491300933), np.float64(9.258476930323436)]",2026-06-14 09:38:20,421.4041279149264,1,6.371853135104369,405.3931849612473,30.2909109337317,54.44234162880985,11.205398841777342,2,2,2,530,10,0.9988425925925926,7.210028471406972,0.655703289013296,ELECTRE-III,1
2609,0087,0,0,"[51.139887108500744, 14.720625189791996]","[np.float64(52.56086921316749), np.float64(10.02700097620163)]",2026-06-14 09:38:30,538.7012087988868,1,4.234427379353324,358.9360240904206,27.347954765502777,54.906336869696325,10.703559317166793,1,1,1,1458,10,0.9989583333333333,15.698350983833459,0.655703289013296,ELECTRE-III,1
2610,0102,0,0,"[51.139887108500744, 14.720625189791996]","[np.float64(50.1189422399863), np.float64(15.55883485367527)]",2026-06-14 09:38:30,708.9220672730124,1,4.048338331885745,127.9948849436997,10.449674207125,59.00083378653846,8.710917415608993,4,4,3,1386,11,0.9989583333333333,4.715084082275659,0.7655703289013296,ELECTRE-III,1
2611,0137,1,0,"[51.139887108500744, 14.720625189791996]","[np.float64(47.98382771932608), np.float64(17.05600542347425)]",2026-06-14 09:38:30,508.10277289190066,1,3.6611655892793884,389.21675943055254,29.28506238479694,61.2938512343168,12.583618009845805,2,2,2,1459,14,0.9989583333333333,10.585701343179139,1.0,ELECTRE-III,1
2612,0268,0,0,"[51.139887108500744, 14.720625189791996]","[np.float64(50.94514176179118), np.float64(12.49247470997162)]",2026-06-14 09:38:30,88.9172450553958,1,7.0114982240974015,157.26874039759713,12.768264394063186,57.12748365193321,19.078099436014156,4,4,3,1440,8,0.9989583333333333,9.088516102680824,0.5290412876137159,ELECTRE-III,1
2613,0317,0,0,"[51.139887108500744, 14.720625189791996]","[np.float64(47.98645485430904), np.float64(12.22518445348442)]",2026-06-14 09:38:30,44.55978020262641,1,2.378351153457462,394.0804152684267,29.58960938955817,59.16900670428251,8.332698247540531,1,1,1,1443,3,0.9989583333333333,1.339989914207198,0.13750874737578728,ELECTRE-III,1
2614,0379,0,0,"[51.139887108500744, 14.720625189791996]","[np.float64(49.47091865971385), np.float64(10.96718678634422)]",2026-06-14 09:38:30,193.9907288202898,1,7.864522847641217,324.74154836897895,25.076177074631623,57.533476926387934,5.329019198319429,1,1,1,1480,12,0.9989583333333333,3.3311025316527623,0.8369489153254024,ELECTRE-III,1
2615,0475,0,0,"[51.139887108500744, 14.720625189791996]","[np.float64(47.70519829963357), np.float64(15.9914290787696)]",2026-06-14 09:38:30,229.88555308891986,1,3.7459370903145213,392.8089828469828,29.510172631726384,61.071596878724584,2.7035593171667927,4,4,3,685,11,0.9989583333333333,0.0,0.7655703289013296,ELECTRE-III,1
2616,0509,0,0,"[51.139887108500744, 14.720625189791996]","[np.float64(52.2726841411041), np.float64(11.82266424092056)]",2026-06-14 09:38:30,473.10535695264775,1,5.079161328169771,236.0705305303653,18.786212516607133,55.85430565479157,4.209077890998443,2,2,2,1080,13,0.9989583333333333,9.203869557665108,0.9188243526941917,ELECTRE-III,1
2617,0538,0,0,"[51.139887108500744, 14.720625189791996]","[np.float64(48.45757613802337), np.float64(12.03646682992148)]",2026-06-14 09:38:30,795.8344841830104,2,6.907238345023559,355.01319800790617,27.091850961639576,58.746320447496274,5.958158128693167,4,4,3,594,7,0.9989583333333333,14.948783128693167,0.4688593421973408,ELECTRE-III,1
2618,0616,0,0,"[51.139887108500744, 14.720625189791996]","[np.float64(53.55485840947912), np.float64(14.41239788047519)]",2026-06-14 09:38:30,458.4438836926597,1,3.621375039245443,269.3471528779661,21.211645622003818,55.82116557693867,3.2090778909984428,4,4,3,900,9,0.9989583333333333,12.199702890998442,0.6014695591322603,ELECTRE-III,1
2619,0695,0,0,"[51.139887108500744, 14.720625189791996]","[np.float64(52.97961726105453), np.float64(13.50692628806709)]",2026-06-14 09:38:30,484.3094398214591,1,3.0629073170361965,220.74868104771667,17.64491367075503,55.95653651119373,7.0817784852352545,3,3,3,1465,2,0.9989583333333333,16.072403485235256,0.061931420573827854,ELECTRE-III,1
2620,0769,0,0,"[51.139887108500744, 14.720625189791996]","[np.float64(49.72838247897641), np.float64(9.913153801761451)]",2026-06-14 09:38:30,179.19662693415438,1,2.0256507479629455,374.8367382106653,28.37395115441302,56.86464089719819,2.4599976533037182,3,3,3,1032,13,0.9989583333333333,9.452705986637051,0.9188243526941917,ELECTRE-III,1
2621,0087,0,0,"[50.54715987723245, 14.462336463686087]","[np.float64(52.56086921316749), np.float64(10.02700097620163)]",2026-06-14 09:38:40,538.7012087988868,1,4.234427379353324,379.59043072319406,28.676907413181794,54.92368896528274,11.703559317166793,1,1,1,1458,10,0.9990740740740741,14.700781539389014,0.655703289013296,ELECTRE-III,1
2622,0102,0,0,"[50.54715987723245, 14.462336463686087]","[np.float64(50.1189422399863), np.float64(15.55883485367527)]",2026-06-14 09:38:40,708.9220672730124,1,4.048338331885745,91.23682430713367,7.489449226553769,59.01702133487139,4.710917415608993,4,4,3,1386,11,0.9990740740740741,8.70721371190529,0.7655703289013296,ELECTRE-III,1
2623,0137,1,0,"[50.54715987723245, 14.462336463686087]","[np.float64(47.98382771932608), np.float64(17.05600542347425)]",2026-06-14 09:38:40,508.10277289190066,1,3.6611655892793884,341.5078653663304,26.201165113924468,61.31065349967503,11.583618009845805,2,2,2,1459,14,0.9990740740740741,15.579914306142102,1.0,ELECTRE-III,1
2624,0212,0,0,"[50.54715987723245, 14.462336463686087]","[np.float64(47.43201384411275), np.float64(16.49871748024867)]",2026-06-14 09:38:40,892.6911926132307,2,5.846670658818077,376.8750290683134,28.504066153974097,61.51665883523178,2.0817784852352545,2,2,2,1328,11,0.9990740740740741,0.0,0.7655703289013296,ELECTRE-III,1
2625,0268,0,0,"[50.54715987723245, 14.462336463686087]","[np.float64(50.94514176179118), np.float64(12.49247470997162)]",2026-06-14 09:38:40,88.9172450553958,1,7.0114982240974015,145.48666389597045,11.839745934961739,57.144791351290024,16.078099436014156,4,4,3,1440,8,0.9990740740740741,13.080877213791934,0.5290412876137159,ELECTRE-III,1
2626,0317,0,0,"[50.54715987723245, 14.462336463686087]","[np.float64(47.98645485430904), np.float64(12.22518445348442)]",2026-06-14 09:38:40,44.55978020262641,1,2.378351153457462,327.7210860991633,25.277645540995486,59.188691309470485,9.332698247540531,1,1,1,1443,3,0.9990740740740741,13.328994543836828,0.13750874737578728,ELECTRE-III,1
2627,0379,0,0,"[50.54715987723245, 14.462336463686087]","[np.float64(49.47091865971385), np.float64(10.96718678634422)]",2026-06-14 09:38:40,193.9907288202898,1,7.864522847641217,276.9200610247194,21.75300097214822,57.552656097577334,9.329019198319429,1,1,1,1480,12,0.9990740740740741,0.3373525316527619,0.8369489153254024,ELECTRE-III,1
2628,0442,0,0,"[50.54715987723245, 14.462336463686087]","[np.float64(49.18866442374592), np.float64(9.325408692768589)]",2026-06-14 09:38:40,113.77093467335574,1,2.7149615911692453,397.8448587942494,29.82407262392371,56.972090018126245,12.085457534456356,3,3,3,937,11,0.9990740740740741,9.088235312234135,0.7655703289013296,ELECTRE-III,1
2629,0475,0,0,"[50.54715987723245, 14.462336463686087]","[np.float64(47.70519829963357), np.float64(15.9914290787696)]",2026-06-14 09:38:40,229.88555308891986,1,3.7459370903145213,335.0082302970564,25.767569875318504,61.08930755924243,5.703559317166793,4,4,3,685,11,0.9990740740740741,11.698003761611236,0.7655703289013296,ELECTRE-III,1
2630,0509,0,0,"[50.54715987723245, 14.462336463686087]","[np.float64(52.2726841411041), np.float64(11.82266424092056)]",2026-06-14 09:38:40,473.10535695264775,1,5.079161328169771,265.168650557429,20.91122636949753,55.87100546731225,0.20907789099844276,2,2,2,1080,13,0.9990740740740741,0.0,0.9188243526941917,ELECTRE-III,1
2631,0530,0,0,"[50.54715987723245, 14.462336463686087]","[np.float64(49.43245674210306), np.float64(9.546188210445235)]",2026-06-14 09:38:40,308.19527168896667,1,5.978612210271015,372.5847084335721,28.22982000484634,56.91348699504754,3.710917415608993,4,4,3,832,10,0.9990740740740741,0.0,0.655703289013296,ELECTRE-III,1
2632,0538,0,0,"[50.54715987723245, 14.462336463686087]","[np.float64(48.45757613802337), np.float64(12.03646682992148)]",2026-06-14 09:38:40,795.8344841830104,2,6.907238345023559,290.9536695196727,22.745458302184822,58.76573184511745,4.958158128693167,4,4,3,594,7,0.9990740740740741,0.9618618323968708,0.4688593421973408,ELECTRE-III,1
2633,0575,0,0,"[50.54715987723245, 14.462336463686087]","[np.float64(47.87091741424424), np.float64(11.63849979781954)]",2026-06-14 09:38:40,171.28906941768201,1,5.231789885193824,361.37738568405445,27.506745463073084,58.989987446136475,15.954479079472067,3,3,3,1066,13,0.9990740740740741,10.959108709101697,0.9188243526941917,ELECTRE-III,1
2634,0616,0,0,"[50.54715987723245, 14.462336463686087]","[np.float64(53.55485840947912), np.float64(14.41239788047519)]",2026-06-14 09:38:40,458.4438836926597,1,3.621375039245443,334.4586994975518,25.730763767437715,55.83567289873577,8.209077890998444,4,4,3,900,9,0.9990740740740741,0.0,0.6014695591322603,ELECTRE-III,1
2635,0695,0,0,"[50.54715987723245, 14.462336463686087]","[np.float64(52.97961726105453), np.float64(13.50692628806709)]",2026-06-14 09:38:40,484.3094398214591,1,3.0629073170361965,278.34750512188174,21.8545906637688,55.97189760663709,7.0817784852352545,3,3,3,1465,2,0.9990740740740741,1.08733404079081,0.061931420573827854,ELECTRE-III,1
2636,0731,0,0,"[50.54715987723245, 14.462336463686087]","[np.float64(49.22689962913111), np.float64(9.615341491960898)]",2026-06-14 09:38:40,4.277847881290342,1,5.6968737584475155,376.91613647227234,28.50668696654375,57.086027818765814,12.459997653303718,4,4,3,1324,9,0.9990740740740741,21.451664319970384,0.6014695591322603,ELECTRE-III,1
2637,0769,0,0,"[50.54715987723245, 14.462336463686087]","[np.float64(49.72838247897641), np.float64(9.913153801761451)]",2026-06-14 09:38:40,179.19662693415438,1,2.0256507479629455,336.6974166530492,25.880564199132372,56.884130841994825,0.4599976533037182,3,3,3,1032,13,0.9990740740740741,0.0,0.9188243526941917,ELECTRE-III,1
2638,0841,1,0,"[50.54715987723245, 14.462336463686087]","[np.float64(49.43370209015913), np.float64(9.371792086257077)]",2026-06-14 09:38:40,102.57521953456087,1,6.7398362681936685,384.30791550242236,28.975833721153208,56.82929466824338,2.710917415608993,3,3,3,1310,10,0.9990740740740741,7.706287785979363,0.655703289013296,ELECTRE-III,1
2639,0102,0,0,"[49.954039910086884, 14.209430780419794]","[np.float64(50.1189422399863), np.float64(15.55883485367527)]",2026-06-14 09:38:50,708.9220672730124,1,4.048338331885745,98.10256012770799,8.045916828626092,59.03318156244764,4.710917415608993,4,4,3,1386,11,0.9991898148148148,10.706056304497881,0.7655703289013296,ELECTRE-III,1
2640,0137,1,0,"[49.954039910086884, 14.209430780419794]","[np.float64(47.98382771932608), np.float64(17.05600542347425)]",2026-06-14 09:38:50,508.10277289190066,1,3.6611655892793884,301.90245101381817,23.50990459680233,61.32742844427658,6.5836180098458055,2,2,2,1459,14,0.9991898148148148,11.57956708391988,1.0,ELECTRE-III,1
2641,0212,0,0,"[49.954039910086884, 14.209430780419794]","[np.float64(47.43201384411275), np.float64(16.49871748024867)]",2026-06-14 09:38:50,892.6911926132307,2,5.846670658818077,326.88695368827877,25.22131085235009,61.53422608177706,10.081778485235255,2,2,2,1328,11,0.9991898148148148,1.0890701519019217,0.7655703289013296,ELECTRE-III,1
2642,0229,0,0,"[49.954039910086884, 14.209430780419794]","[np.float64(49.11832800995569), np.float64(8.89064888647059)]",2026-06-14 09:38:50,456.79984504083126,1,7.457333214652048,394.8088454491757,29.635064099024135,56.82772713982886,7.085457534456356,2,2,2,839,9,0.9991898148148148,3.088698275197097,0.6014695591322603,ELECTRE-III,1
2643,0268,0,0,"[49.954039910086884, 14.209430780419794]","[np.float64(50.94514176179118), np.float64(12.49247470997162)]",2026-06-14 09:38:50,88.9172450553958,1,7.0114982240974015,164.07729296817257,13.301770570498228,57.16207514498474,11.078099436014156,4,4,3,1440,8,0.9991898148148148,6.082150361940082,0.5290412876137159,ELECTRE-III,1
2644,0317,0,0,"[49.954039910086884, 14.209430780419794]","[np.float64(47.98645485430904), np.float64(12.22518445348442)]",2026-06-14 09:38:50,44.55978020262641,1,2.378351153457462,262.3622048797099,20.708774022066162,59.20835542409095,7.332698247540531,1,1,1,1443,3,0.9991898148148148,3.3359389882812716,0.13750874737578728,ELECTRE-III,1
2645,0379,0,0,"[49.954039910086884, 14.209430780419794]","[np.float64(49.47091865971385), np.float64(10.96718678634422)]",2026-06-14 09:38:50,193.9907288202898,1,7.864522847641217,239.21032055522392,19.01822539415635,57.57180794801005,9.329019198319429,1,1,1,1480,12,0.9991898148148148,3.3338803094305405,0.8369489153254024,ELECTRE-III,1
2646,0442,0,0,"[49.954039910086884, 14.209430780419794]","[np.float64(49.18866442374592), np.float64(9.325408692768589)]",2026-06-14 09:38:50,113.77093467335574,1,2.7149615911692453,362.2511090487947,27.563463038467567,56.99224590636695,9.085457534456356,3,3,3,937,11,0.9991898148148148,18.07816586778969,0.7655703289013296,ELECTRE-III,1
2647,0475,0,0,"[49.954039910086884, 14.209430780419794]","[np.float64(47.70519829963357), np.float64(15.9914290787696)]",2026-06-14 09:38:50,229.88555308891986,1,3.7459370903145213,282.0170528011914,22.115085509325656,61.106990919003586,4.703559317166793,4,4,3,685,11,0.9991898148148148,2.705179687537163,0.7655703289013296,ELECTRE-III,1
2648,0491,0,0,"[49.954039910086884, 14.209430780419794]","[np.float64(47.43565191853211), np.float64(11.2379568769589)]",2026-06-14 09:38:50,483.16976589456385,1,2.3406844355378413,354.88083034605023,27.083188735408918,59.11463156830004,0.0,1,1,1,1293,14,0.9991898148148148,0.0,1.0,ELECTRE-III,1
2649,0509,0,0,"[49.954039910086884, 14.209430780419794]","[np.float64(52.2726841411041), np.float64(11.82266424092056)]",2026-06-14 09:38:50,473.10535695264775,1,5.079161328169771,306.93270097753214,23.858183930346463,55.88768478926542,8.209077890998444,2,2,2,1080,13,0.9991898148148148,2.213939002109555,0.9188243526941917,ELECTRE-III,1
2650,0530,0,0,"[49.954039910086884, 14.209430780419794]","[np.float64(49.43245674210306), np.float64(9.546188210445235)]",2026-06-14 09:38:50,308.19527168896667,1,5.978612210271015,340.34446497797063,26.12378899174958,56.933349185153936,4.710917415608993,4,4,3,832,10,0.9991898148148148,0.0,0.655703289013296,ELECTRE-III,1
2651,0538,0,0,"[49.954039910086884, 14.209430780419794]","[np.float64(48.45757613802337), np.float64(12.03646682992148)]",2026-06-14 09:38:50,795.8344841830104,2,6.907238345023559,229.34822339860753,18.28732307580822,58.785129582360284,11.958158128693167,4,4,3,594,7,0.9991898148148148,11.958158128693167,0.4688593421973408,ELECTRE-III,1
2652,0575,0,0,"[49.954039910086884, 14.209430780419794]","[np.float64(47.87091741424424), np.float64(11.63849979781954)]",2026-06-14 09:38:50,171.28906941768201,1,5.231789885193824,298.211657260648,23.25318679842963,59.0100477117288,12.954479079472067,3,3,3,1066,13,0.9991898148148148,3.9617707461387344,0.9188243526941917,ELECTRE-III,1
2653,0616,0,0,"[49.954039910086884, 14.209430780419794]","[np.float64(53.55485840947912), np.float64(14.41239788047519)]",2026-06-14 09:38:50,458.4438836926597,1,3.621375039245443,400.6365163438456,29.997240160965365,55.85015631487079,7.209077890998443,4,4,3,900,9,0.9991898148148148,2.2131288169243684,0.6014695591322603,ELECTRE-III,1
2654,0695,0,0,"[49.954039910086884, 14.209430780419794]","[np.float64(52.97961726105453), np.float64(13.50692628806709)]",2026-06-14 09:38:50,484.3094398214591,1,3.0629073170361965,339.92590599542945,26.095926116240417,55.987234796418356,7.0817784852352545,3,3,3,1465,2,0.9991898148148148,14.076107188938959,0.061931420573827854,ELECTRE-III,1
2655,0731,0,0,"[49.954039910086884, 14.209430780419794]","[np.float64(49.22689962913111), np.float64(9.615341491960898)]",2026-06-14 09:38:50,4.277847881290342,1,5.6968737584475155,340.8172120505754,26.15524311670099,57.10601978246645,10.459997653303718,4,4,3,1324,9,0.9991898148148148,0.4680995051555694,0.6014695591322603,ELECTRE-III,1
2656,0769,0,0,"[49.954039910086884, 14.209430780419794]","[np.float64(49.72838247897641), np.float64(9.913153801761451)]",2026-06-14 09:38:50,179.19662693415438,1,2.0256507479629455,309.0657110769087,24.00530537263374,56.90359688112936,0.0,3,3,3,1032,13,0.9991898148148148,0.0,0.9188243526941917,ELECTRE-III,1
2657,0841,1,0,"[49.954039910086884, 14.209430780419794]","[np.float64(49.43370209015913), np.float64(9.371792086257077)]",2026-06-14 09:38:50,102.57521953456087,1,6.7398362681936685,352.6782289638719,26.93885253044965,56.84923882061982,5.710917415608993,3,3,3,1310,10,0.9991898148148148,0.0,0.655703289013296,ELECTRE-III,1
2658,0102,0,0,"[49.36055452782072, 13.96166822959852]","[np.float64(50.1189422399863), np.float64(15.55883485367527)]",2026-06-14 09:39:00,708.9220672730124,1,4.048338331885745,142.41822499437495,11.59686947229541,59.04932129945637,6.710917415608993,4,4,3,1386,11,0.9993055555555556,13.706056304497881,0.7655703289013296,ELECTRE-III,1
2659,0137,1,0,"[49.36055452782072, 13.96166822959852]","[np.float64(47.98382771932608), np.float64(17.05600542347425)]",2026-06-14 09:39:00,508.10277289190066,1,3.6611655892793884,273.939426848127,21.540408658429488,61.34417606812145,6.5836180098458055,2,2,2,1459,14,0.9993055555555556,5.58431245429025,1.0,ELECTRE-III,1
2659,0137,1,0,"[49.36055452782072, 13.96166822959852]","[np.float64(47.98382771932608), np.float64(17.05600542347425)]",2026-06-14 09:39:00,508.10277289190066,1,3.6611655892793884,273.939426848127,21.540408658429488,61.34417606812145,6.5836180098458055,2,2,2,1459,14,0.9993055555555556,5.58431245429025,1.0,ELECTRE-III,1
2660,0212,0,0,"[49.36055452782072, 13.96166822959852]","[np.float64(47.43201384411275), np.float64(16.49871748024867)]",2026-06-14 09:39:00,892.6911926132307,2,5.846670658818077,284.6981978565148,22.30480934445674,61.55176600756565,9.081778485235255,2,2,2,1328,11,0.9993055555555556,2.086639596346366,0.7655703289013296,ELECTRE-III,1
2661,0229,0,0,"[49.36055452782072, 13.96166822959852]","[np.float64(49.11832800995569), np.float64(8.89064888647059)]",2026-06-14 09:39:00,456.79984504083126,1,7.457333214652048,369.06574474256223,28.00382294438511,56.848115254501344,9.085457534456356,2,2,2,839,9,0.9993055555555556,14.081985312234135,0.6014695591322603,ELECTRE-III,1
2662,0268,0,0,"[49.36055452782072, 13.96166822959852]","[np.float64(50.94514176179118), np.float64(12.49247470997162)]",2026-06-14 09:39:00,88.9172450553958,1,7.0114982240974015,204.93626732840124,16.45172381469694,57.17933844811195,11.078099436014156,4,4,3,1440,8,0.9993055555555556,18.073238324903045,0.5290412876137159,ELECTRE-III,1
2663,0317,0,0,"[49.36055452782072, 13.96166822959852]","[np.float64(47.98645485430904), np.float64(12.22518445348442)]",2026-06-14 09:39:00,44.55978020262641,1,2.378351153457462,198.99486786925905,15.999509489662136,59.22799904814391,16.33269824754053,1,1,1,1443,3,0.9993055555555556,22.328531580873864,0.13750874737578728,ELECTRE-III,1
2664,0379,0,0,"[49.36055452782072, 13.96166822959852]","[np.float64(49.47091865971385), np.float64(10.96718678634422)]",2026-06-14 09:39:00,193.9907288202898,1,7.864522847641217,216.95286511789206,17.359880970822292,57.590946138064425,8.329019198319429,1,1,1,1480,12,0.9993055555555556,15.324158087208318,0.8369489153254024,ELECTRE-III,1
2665,0442,0,0,"[49.36055452782072, 13.96166822959852]","[np.float64(49.18866442374592), np.float64(9.325408692768589)]",2026-06-14 09:39:00,113.77093467335574,1,2.7149615911692453,336.83834279588353,25.88998138683258,57.012381304040154,10.085457534456356,3,3,3,937,11,0.9993055555555556,12.084068645567468,0.7655703289013296,ELECTRE-III,1
2666,0475,0,0,"[49.36055452782072, 13.96166822959852]","[np.float64(47.70519829963357), np.float64(15.9914290787696)]",2026-06-14 09:39:00,229.88555308891986,1,3.7459370903145213,237.0845425277299,18.86121262871695,61.12464695800807,2.7035593171667927,4,4,3,685,11,0.9993055555555556,0.0,0.7655703289013296,ELECTRE-III,1
2667,0491,0,0,"[49.36055452782072, 13.96166822959852]","[np.float64(47.43565191853211), np.float64(11.2379568769589)]",2026-06-14 09:39:00,483.16976589456385,1,2.3406844355378413,293.6429754807384,22.934032453339217,59.135224588647624,1.0,1,1,1,1293,14,0.9993055555555556,0.000694444444444442,1.0,ELECTRE-III,1
2668,0509,0,0,"[49.36055452782072, 13.96166822959852]","[np.float64(52.2726841411041), np.float64(11.82266424092056)]",2026-06-14 09:39:00,473.10535695264775,1,5.079161328169771,356.9443923487608,27.218077190060082,55.90434362065108,0.20907789099844276,2,2,2,1080,13,0.9993055555555556,4.206300113220665,0.9188243526941917,ELECTRE-III,1
2669,0530,0,0,"[49.36055452782072, 13.96166822959852]","[np.float64(49.43245674210306), np.float64(9.546188210445235)]",2026-06-14 09:39:00,308.19527168896667,1,5.978612210271015,319.5939716771502,24.726545284847568,56.953197714881995,0.0,4,4,3,832,10,0.9993055555555556,7.9944444444444445,0.655703289013296,ELECTRE-III,1
2670,0538,0,0,"[49.36055452782072, 13.96166822959852]","[np.float64(48.45757613802337), np.float64(12.03646682992148)]",2026-06-14 09:39:00,795.8344841830104,2,6.907238345023559,172.84422329452582,13.985276750431423,58.80449999884644,12.958158128693167,4,4,3,594,7,0.9993055555555556,3.964408128693167,0.4688593421973408,ELECTRE-III,1
2671,0575,0,0,"[49.36055452782072, 13.96166822959852]","[np.float64(47.87091741424424), np.float64(11.63849979781954)]",2026-06-14 09:39:00,171.28906941768201,1,5.231789885193824,237.8914022719084,18.92084311580347,59.03008748675362,18.954479079472065,3,3,3,1066,13,0.9993055555555556,11.959340190583177,0.9188243526941917,ELECTRE-III,1
2672,0695,0,0,"[49.36055452782072, 13.96166822959852]","[np.float64(52.97961726105453), np.float64(13.50692628806709)]",2026-06-14 09:39:00,484.3094398214591,1,3.0629073170361965,403.66664940968536,30.184518897582144,56.002554910726694,9.081778485235255,3,3,3,1465,2,0.9993055555555556,5.084556263013033,0.061931420573827854,ELECTRE-III,1
2673,0731,0,0,"[49.36055452782072, 13.96166822959852]","[np.float64(49.22689962913111), np.float64(9.615341491960898)]",2026-06-14 09:39:00,4.277847881290342,1,5.6968737584475155,315.4992898711065,24.44701620790676,57.12599125559956,11.459997653303718,4,4,3,1324,9,0.9993055555555556,18.455136542192605,0.6014695591322603,ELECTRE-III,1
2674,0769,0,0,"[49.36055452782072, 13.96166822959852]","[np.float64(49.72838247897641), np.float64(9.913153801761451)]",2026-06-14 09:39:00,179.19662693415438,1,2.0256507479629455,294.9116666695743,23.02281138160914,56.92304584479097,5.459997653303718,3,3,3,1032,13,0.9993055555555556,1.462775431081496,0.9188243526941917,ELECTRE-III,1
2675,0841,1,0,"[49.36055452782072, 13.96166822959852]","[np.float64(49.43370209015913), np.float64(9.371792086257077)]",2026-06-14 09:39:00,102.57521953456087,1,6.7398362681936685,332.2044040110606,25.579538524476728,56.869165897523324,5.710917415608993,3,3,3,1310,10,0.9993055555555556,0.7143896378312151,0.655703289013296,ELECTRE-III,1
2676,0102,0,0,"[48.766713975717714, 13.7188242687533]","[np.float64(50.1189422399863), np.float64(15.55883485367527)]",2026-06-14 09:39:10,708.9220672730124,1,4.048338331885745,200.7511097822831,16.13339729488733,59.06543371570844,8.710917415608993,4,4,3,1386,11,0.9994212962962963,0.0,0.7655703289013296,ELECTRE-III,1
2677,0137,1,0,"[48.766713975717714, 13.7188242687533]","[np.float64(47.98382771932608), np.float64(17.05600542347425)]",2026-06-14 09:39:10,508.10277289190066,1,3.6611655892793884,261.3820260167533,20.63793761043787,61.36089637120964,9.583618009845805,2,2,2,1459,14,0.9994212962962963,12.581881898734695,1.0,ELECTRE-III,1
2677,0137,1,0,"[48.766713975717714, 13.7188242687533]","[np.float64(47.98382771932608), np.float64(17.05600542347425)]",2026-06-14 09:39:10,508.10277289190066,1,3.6611655892793884,261.3820260167533,20.63793761043787,61.36089637120964,9.583618009845805,2,2,2,1459,14,0.9994212962962963,12.581881898734695,1.0,ELECTRE-III,1
2678,0212,0,0,"[48.766713975717714, 13.7188242687533]","[np.float64(47.43201384411275), np.float64(16.49871748024867)]",2026-06-14 09:39:10,892.6911926132307,2,5.846670658818077,254.2213045565053,20.118445254527646,61.569278612597564,1.0817784852352545,2,2,2,1328,11,0.9994212962962963,10.07657015190192,0.7655703289013296,ELECTRE-III,1
2679,0229,0,0,"[48.766713975717714, 13.7188242687533]","[np.float64(49.11832800995569), np.float64(8.89064888647059)]",2026-06-14 09:39:10,456.79984504083126,1,7.457333214652048,354.7234825640145,27.072890051218586,56.86848287860632,5.085457534456356,2,2,2,839,9,0.9994212962962963,5.085457534456356,0.6014695591322603,ELECTRE-III,1
2680,0268,0,0,"[48.766713975717714, 13.7188242687533]","[np.float64(50.94514176179118), np.float64(12.49247470997162)]",2026-06-14 09:39:10,88.9172450553958,1,7.0114982240974015,257.6813957559959,20.369903070645172,57.19658126067164,14.078099436014156,4,4,3,1440,8,0.9994212962962963,17.076363324903046,0.5290412876137159,ELECTRE-III,1
2681,0317,0,0,"[48.766713975717714, 13.7188242687533]","[np.float64(47.98645485430904), np.float64(12.22518445348442)]",2026-06-14 09:39:10,44.55978020262641,1,2.378351153457462,140.34424001889175,11.432466912377357,59.24761535144019,15.332698247540531,1,1,1,1443,3,0.9994212962962963,19.330383432725718,0.13750874737578728,ELECTRE-III,1
2682,0379,0,0,"[48.766713975717714, 13.7188242687533]","[np.float64(49.47091865971385), np.float64(10.96718678634422)]",2026-06-14 09:39:10,193.9907288202898,1,7.864522847641217,215.003074240297,17.213122304030193,57.61006383755129,10.329019198319429,1,1,1,1480,12,0.9994212962962963,18.3243895686898,0.8369489153254024,ELECTRE-III,1
2683,0442,0,0,"[48.766713975717714, 13.7188242687533]","[np.float64(49.18866442374592), np.float64(9.325408692768589)]",2026-06-14 09:39:10,113.77093467335574,1,2.7149615911692453,324.0123095735867,25.026766486955637,57.03249621114584,12.085457534456356,3,3,3,937,11,0.9994212962962963,20.080827904826727,0.7655703289013296,ELECTRE-III,1
2684,0475,0,0,"[48.766713975717714, 13.7188242687533]","[np.float64(47.70519829963357), np.float64(15.9914290787696)]",2026-06-14 09:39:10,229.88555308891986,1,3.7459370903145213,205.56444359986426,16.499413912047235,61.14228250644504,7.703559317166793,4,4,3,685,11,0.9994212962962963,16.698350983833457,0.7655703289013296,ELECTRE-III,1
2685,0491,0,0,"[48.766713975717714, 13.7188242687533]","[np.float64(47.43565191853211), np.float64(11.2379568769589)]",2026-06-14 09:39:10,483.16976589456385,1,2.3406844355378413,236.29356301796497,18.802714572502556,59.155790288238535,2.0,1,1,1,1293,14,0.9994212962962963,0.0,1.0,ELECTRE-III,1
2686,0530,0,0,"[48.766713975717714, 13.7188242687533]","[np.float64(49.43245674210306), np.float64(9.546188210445235)]",2026-06-14 09:39:10,308.19527168896667,1,5.978612210271015,312.6308847484267,24.25045846557727,56.973022338947956,2.710917415608993,4,4,3,832,10,0.9994212962962963,0.0,0.655703289013296,ELECTRE-III,1
2687,0538,0,0,"[48.766713975717714, 13.7188242687533]","[np.float64(48.45757613802337), np.float64(12.03646682992148)]",2026-06-14 09:39:10,795.8344841830104,2,6.907238345023559,128.3666531220901,10.479354428894007,58.823849924765085,8.958158128693167,4,4,3,594,7,0.9994212962962963,14.954685906470946,0.4688593421973408,ELECTRE-III,1
2688,0575,0,0,"[48.766713975717714, 13.7188242687533]","[np.float64(47.87091741424424), np.float64(11.63849979781954)]",2026-06-14 09:39:10,171.28906941768201,1,5.231789885193824,183.24940653260177,14.791255887940672,59.05010677121093,9.954479079472067,3,3,3,1066,13,0.9994212962962963,13.952164264657252,0.9188243526941917,ELECTRE-III,1
2689,0731,0,0,"[48.766713975717714, 13.7188242687533]","[np.float64(49.22689962913111), np.float64(9.615341491960898)]",2026-06-14 09:39:10,4.277847881290342,1,5.6968737584475155,303.6723103846527,23.63265603217541,57.14594565325975,10.459997653303718,4,4,3,1324,9,0.9994212962962963,18.45536802367409,0.6014695591322603,ELECTRE-III,1
2690,0769,0,0,"[48.766713975717714, 13.7188242687533]","[np.float64(49.72838247897641), np.float64(9.913153801761451)]",2026-06-14 09:39:10,179.19662693415438,1,2.0256507479629455,296.17535092180293,23.111123872795385,56.94247773297966,1.4599976533037182,3,3,3,1032,13,0.9994212962962963,0.0,0.9188243526941917,ELECTRE-III,1
2691,0841,1,0,"[48.766713975717714, 13.7188242687533]","[np.float64(49.43370209015913), np.float64(9.371792086257077)]",2026-06-14 09:39:10,102.57521953456087,1,6.7398362681936685,325.00298760109774,25.09388155125002,56.88907248385933,3.710917415608993,3,3,3,1310,10,0.9994212962962963,3.710917415608993,0.655703289013296,ELECTRE-III,1
2691,0841,1,0,"[48.766713975717714, 13.7188242687533]","[np.float64(49.43370209015913), np.float64(9.371792086257077)]",2026-06-14 09:39:10,102.57521953456087,1,6.7398362681936685,325.00298760109774,25.09388155125002,56.88907248385933,3.710917415608993,3,3,3,1310,10,0.9994212962962963,3.710917415608993,0.655703289013296,ELECTRE-III,1
2692,0102,0,0,"[48.1725353292508, 13.480684600698929]","[np.float64(50.1189422399863), np.float64(15.55883485367527)]",2026-06-14 09:39:20,708.9220672730124,1,4.048338331885745,263.967134158758,20.82461753911027,59.081525641392986,6.710917415608993,4,4,3,1386,11,0.999537037037037,14.70721371190529,0.7655703289013296,ELECTRE-III,1
2693,0137,1,0,"[48.1725353292508, 13.480684600698929]","[np.float64(47.98382771932608), np.float64(17.05600542347425)]",2026-06-14 09:39:20,508.10277289190066,1,3.6611655892793884,266.41809634188803,21.001184099482664,61.377589353541154,14.583618009845805,2,2,2,1459,14,0.999537037037037,13.584080972808769,1.0,ELECTRE-III,1
2693,0137,1,0,"[48.1725353292508, 13.480684600698929]","[np.float64(47.98382771932608), np.float64(17.05600542347425)]",2026-06-14 09:39:20,508.10277289190066,1,3.6611655892793884,266.41809634188803,21.001184099482664,61.377589353541154,14.583618009845805,2,2,2,1459,14,0.999537037037037,13.584080972808769,1.0,ELECTRE-III,1
2694,0212,0,0,"[48.1725353292508, 13.480684600698929]","[np.float64(47.43201384411275), np.float64(16.49871748024867)]",2026-06-14 09:39:20,892.6911926132307,2,5.846670658818077,239.9616679779596,19.07365016983764,61.586763896872796,2.0817784852352545,2,2,2,1328,11,0.999537037037037,0.0,0.7655703289013296,ELECTRE-III,1
2695,0229,0,0,"[48.1725353292508, 13.480684600698929]","[np.float64(49.11832800995569), np.float64(8.89064888647059)]",2026-06-14 09:39:20,456.79984504083126,1,7.457333214652048,353.1750644244724,26.971442474297717,56.88883342723838,5.085457534456356,2,2,2,839,9,0.999537037037037,11.082679756678578,0.6014695591322603,ELECTRE-III,1
2696,0268,0,0,"[48.1725353292508, 13.480684600698929]","[np.float64(50.94514176179118), np.float64(12.49247470997162)]",2026-06-14 09:39:20,88.9172450553958,1,7.0114982240974015,316.42444953891834,24.510282594516852,57.21380016756925,15.078099436014156,4,4,3,1440,8,0.999537037037037,18.076710547125266,0.5290412876137159,ELECTRE-III,1
2697,0317,0,0,"[48.1725353292508, 13.480684600698929]","[np.float64(47.98645485430904), np.float64(12.22518445348442)]",2026-06-14 09:39:20,44.55978020262641,1,2.378351153457462,95.53657048980592,7.838116518790488,59.267211164168955,13.332698247540531,1,1,1,1443,3,0.999537037037037,17.330846395688678,0.13750874737578728,ELECTRE-III,1
2698,0379,0,0,"[48.1725353292508, 13.480684600698929]","[np.float64(49.47091865971385), np.float64(10.96718678634422)]",2026-06-14 09:39:20,193.9907288202898,1,7.864522847641217,233.871009622181,18.623298195712124,57.62915421628148,8.329019198319429,1,1,1,1480,12,0.999537037037037,0.33272290202313304,0.8369489153254024,ELECTRE-III,1
2699,0442,0,0,"[48.1725353292508, 13.480684600698929]","[np.float64(49.18866442374592), np.float64(9.325408692768589)]",2026-06-14 09:39:20,113.77093467335574,1,2.7149615911692453,325.26677681462843,25.111739975215674,57.0525940427786,12.085457534456356,3,3,3,937,11,0.999537037037037,20.081753830752653,0.7655703289013296,ELECTRE-III,1
2700,0475,0,0,"[48.1725353292508, 13.480684600698929]","[np.float64(47.70519829963357), np.float64(15.9914290787696)]",2026-06-14 09:39:20,229.88555308891986,1,3.7459370903145213,194.10548629784455,15.625822675472172,61.15988390393617,10.703559317166793,4,4,3,685,11,0.999537037037037,11.70309635420383,0.7655703289013296,ELECTRE-III,1
2701,0491,0,0,"[48.1725353292508, 13.480684600698929]","[np.float64(47.43565191853211), np.float64(11.2379568769589)]",2026-06-14 09:39:20,483.16976589456385,1,2.3406844355378413,186.45781982556056,15.038590426419534,59.1763423274511,0.0,1,1,1,1293,14,0.999537037037037,0.0,1.0,ELECTRE-III,1
2702,0530,0,0,"[48.1725353292508, 13.480684600698929]","[np.float64(49.43245674210306), np.float64(9.546188210445235)]",2026-06-14 09:39:20,308.19527168896667,1,5.978612210271015,320.3568428151816,24.77848569350538,56.99282988754099,0.0,4,4,3,832,10,0.999537037037037,0.0,0.655703289013296,ELECTRE-III,1
2703,0538,0,0,"[48.1725353292508, 13.480684600698929]","[np.float64(48.45757613802337), np.float64(12.03646682992148)]",2026-06-14 09:39:20,795.8344841830104,2,6.907238345023559,111.39971860513747,9.119231209292307,58.843179360116224,6.958158128693167,4,4,3,594,7,0.999537037037037,1.9604729435079822,0.4688593421973408,ELECTRE-III,1
2704,0575,0,0,"[48.1725353292508, 13.480684600698929]","[np.float64(47.87091741424424), np.float64(11.63849979781954)]",2026-06-14 09:39:20,171.28906941768201,1,5.231789885193824,141.04959459964357,11.488401165661873,59.070098734911554,13.954479079472067,3,3,3,1066,13,0.999537037037037,3.959108709101697,0.9188243526941917,ELECTRE-III,1
2705,0731,0,0,"[48.1725353292508, 13.480684600698929]","[np.float64(49.22689962913111), np.float64(9.615341491960898)]",2026-06-14 09:39:20,4.277847881290342,1,5.6968737584475155,306.90135943139126,23.85601969159908,57.16587614525785,6.459997653303718,4,4,3,1324,9,0.999537037037037,0.0,0.6014695591322603,ELECTRE-III,1
2706,0769,0,0,"[48.1725353292508, 13.480684600698929]","[np.float64(49.72838247897641), np.float64(9.913153801761451)]",2026-06-14 09:39:20,179.19662693415438,1,2.0256507479629455,312.67119945116144,24.253225261088577,56.96188571550625,0.4599976533037182,3,3,3,1032,13,0.999537037037037,5.457682838488903,0.9188243526941917,ELECTRE-III,1
2707,0841,1,0,"[48.1725353292508, 13.480684600698929]","[np.float64(49.43370209015913), np.float64(9.371792086257077)]",2026-06-14 09:39:20,102.57521953456087,1,6.7398362681936685,331.94026149342733,25.561793925867235,56.90895857962782,3.710917415608993,3,3,3,1310,10,0.999537037037037,0.7123063044978819,0.655703289013296,ELECTRE-III,1
2708,0102,0,0,"[47.578035663892884, 13.247049442402181]","[np.float64(50.1189422399863), np.float64(15.55883485367527)]",2026-06-14 09:39:30,708.9220672730124,1,4.048338331885745,329.2658952644003,25.38183905780194,59.097583416131684,12.710917415608993,4,4,3,1386,11,0.9996527777777777,17.709181304497882,0.7655703289013296,ELECTRE-III,1
2709,0137,1,0,"[47.578035663892884, 13.247049442402181]","[np.float64(47.98382771932608), np.float64(17.05600542347425)]",2026-06-14 09:39:30,508.10277289190066,1,3.6611655892793884,288.1266424151437,22.546664573139825,61.39425501511598,6.5836180098458055,2,2,2,1459,14,0.9996527777777777,0.0,1.0,ELECTRE-III,1
2710,0212,0,0,"[47.578035663892884, 13.247049442402181]","[np.float64(47.43201384411275), np.float64(16.49871748024867)]",2026-06-14 09:39:30,892.6911926132307,2,5.846670658818077,244.7704423341812,19.42749962052933,61.60422186039135,10.081778485235255,2,2,2,1328,11,0.9996527777777777,10.081778485235255,0.7655703289013296,ELECTRE-III,1
2711,0229,0,0,"[47.578035663892884, 13.247049442402181]","[np.float64(49.11832800995569), np.float64(8.89064888647059)]",2026-06-14 09:39:30,456.79984504083126,1,7.457333214652048,364.58484992355494,27.71467023525044,56.90916348530292,4.085457534456356,2,2,2,839,9,0.9996527777777777,0.0868464233452455,0.6014695591322603,ELECTRE-III,1
2712,0268,0,0,"[47.578035663892884, 13.247049442402181]","[np.float64(50.94514176179118), np.float64(12.49247470997162)]",2026-06-14 09:39:30,88.9172450553958,1,7.0114982240974015,378.3827846710754,28.60010827285562,57.230998583899336,14.078099436014156,4,4,3,1440,8,0.9996527777777777,10.079488324903046,0.5290412876137159,ELECTRE-III,1
2713,0317,0,0,"[47.578035663892884, 13.247049442402181]","[np.float64(47.98645485430904), np.float64(12.22518445348442)]",2026-06-14 09:39:30,44.55978020262641,1,2.378351153457462,88.8355996806456,7.294488702927965,59.28678648633021,8.332698247540531,1,1,1,1443,3,0.9996527777777777,11.331656580873865,0.13750874737578728,ELECTRE-III,1
2714,0379,0,0,"[47.578035663892884, 13.247049442402181]","[np.float64(49.47091865971385), np.float64(10.96718678634422)]",2026-06-14 09:39:30,193.9907288202898,1,7.864522847641217,269.21594973677867,21.202231059764465,57.64823093463332,4.329019198319429,1,1,1,1480,12,0.9996527777777777,7.327977531652762,0.8369489153254024,ELECTRE-III,1
2715,0424,0,0,"[47.578035663892884, 13.247049442402181]","[np.float64(47.21736651362233), np.float64(8.004322246917148)]",2026-06-14 09:39:30,5.4749974427879184,1,2.7487879519169396,396.56806113023924,29.744671718401147,57.6798273897338,2.9618371779142674,3,3,3,727,5,0.9996527777777777,10.95905940013649,0.2722183344996501,ELECTRE-III,1
2716,0442,0,0,"[47.578035663892884, 13.247049442402181]","[np.float64(49.18866442374592), np.float64(9.325408692768589)]",2026-06-14 09:39:30,113.77093467335574,1,2.7149615911692453,340.44745643958856,26.130642950436478,57.072671383843854,6.085457534456356,3,3,3,937,11,0.9996527777777777,5.085804756678579,0.7655703289013296,ELECTRE-III,1
2717,0475,0,0,"[47.578035663892884, 13.247049442402181]","[np.float64(47.70519829963357), np.float64(15.9914290787696)]",2026-06-14 09:39:30,229.88555308891986,1,3.7459370903145213,206.0821389355214,16.538698816021473,61.17746481085978,3.7035593171667927,4,4,3,685,11,0.9996527777777777,9.70147598383346,0.7655703289013296,ELECTRE-III,1
2718,0491,0,0,"[47.578035663892884, 13.247049442402181]","[np.float64(47.43565191853211), np.float64(11.2379568769589)]",2026-06-14 09:39:30,483.16976589456385,1,2.3406844355378413,151.73188794220408,12.332735812969027,59.19686704590699,0.0,1,1,1,1293,14,0.9996527777777777,0.9996527777777777,1.0,ELECTRE-III,1
2719,0530,0,0,"[47.578035663892884, 13.247049442402181]","[np.float64(49.43245674210306), np.float64(9.546188210445235)]",2026-06-14 09:39:30,308.19527168896667,1,5.978612210271015,341.7784102673422,26.21914395859763,57.0126203606611,0.7109174156089928,4,4,3,832,10,0.9996527777777777,0.0,0.655703289013296,ELECTRE-III,1
2720,0538,0,0,"[47.578035663892884, 13.247049442402181]","[np.float64(48.45757613802337), np.float64(12.03646682992148)]",2026-06-14 09:39:30,795.8344841830104,2,6.907238345023559,132.93398143320476,10.843519983409848,58.86248147471068,6.958158128693167,4,4,3,594,7,0.9996527777777777,0.0,0.4688593421973408,ELECTRE-III,1
2721,0575,0,0,"[47.578035663892884, 13.247049442402181]","[np.float64(47.87091741424424), np.float64(11.63849979781954)]",2026-06-14 09:39:30,171.28906941768201,1,5.231789885193824,124.64725722064328,10.182161587289247,59.090077038233844,14.954479079472067,3,3,3,1066,13,0.9996527777777777,18.95309019058318,0.9188243526941917,ELECTRE-III,1
2722,0731,0,0,"[47.578035663892884, 13.247049442402181]","[np.float64(49.22689962913111), np.float64(9.615341491960898)]",2026-06-14 09:39:30,4.277847881290342,1,5.6968737584475155,324.7389515777616,25.076001196111026,57.18579297687761,8.459997653303718,4,4,3,1324,9,0.9996527777777777,3.46173376441483,0.6014695591322603,ELECTRE-III,1
2723,0769,0,0,"[47.578035663892884, 13.247049442402181]","[np.float64(49.72838247897641), np.float64(9.913153801761451)]",2026-06-14 09:39:30,179.19662693415438,1,2.0256507479629455,342.2046470299632,26.247457910922115,56.98127662255992,0.0,3,3,3,1032,13,0.9996527777777777,6.997569444444444,0.9188243526941917,ELECTRE-III,1
2724,0841,1,0,"[47.578035663892884, 13.247049442402181]","[np.float64(49.43370209015913), np.float64(9.371792086257077)]",2026-06-14 09:39:30,102.57521953456087,1,6.7398362681936685,352.1829593154026,26.90634653368151,56.92882759992339,3.710917415608993,3,3,3,1310,10,0.9996527777777777,5.710222971164548,0.655703289013296,ELECTRE-III,1
2725,0102,0,0,"[46.983228640022325, 13.017727548566295]","[np.float64(50.1189422399863), np.float64(15.55883485367527)]",2026-06-14 09:39:40,708.9220672730124,1,4.048338331885745,395.6177674275709,29.68549353333217,59.113620700302874,3.710917415608993,4,4,3,1386,11,0.9997685185185186,5.7104544526460295,0.7655703289013296,ELECTRE-III,1
2726,0137,1,0,"[46.983228640022325, 13.017727548566295]","[np.float64(47.98382771932608), np.float64(17.05600542347425)]",2026-06-14 09:39:40,508.10277289190066,1,3.6611655892793884,323.16510604949644,24.969313033998485,61.410893355934135,12.583618009845805,2,2,2,1459,14,0.9997685185185186,16.58269208391988,1.0,ELECTRE-III,1
2727,0212,0,0,"[46.983228640022325, 13.017727548566295]","[np.float64(47.43201384411275), np.float64(16.49871748024867)]",2026-06-14 09:39:40,892.6911926132307,2,5.846670658818077,267.6218306205315,21.08774825266686,61.62165250315322,10.081778485235255,2,2,2,1328,11,0.9997685185185186,0.08409330005006943,0.7655703289013296,ELECTRE-III,1
2728,0229,0,0,"[46.983228640022325, 13.017727548566295]","[np.float64(49.11832800995569), np.float64(8.89064888647059)]",2026-06-14 09:39:40,456.79984504083126,1,7.457333214652048,387.8118843893788,29.196753425936638,56.92947646789454,7.085457534456356,2,2,2,839,9,0.9997685185185186,9.084994571493393,0.6014695591322603,ELECTRE-III,1
2729,0317,0,0,"[46.983228640022325, 13.017727548566295]","[np.float64(47.98645485430904), np.float64(12.22518445348442)]",2026-06-14 09:39:40,44.55978020262641,1,2.378351153457462,126.45391031300936,10.32658972150636,59.30633448773479,13.332698247540531,1,1,1,1443,3,0.9997685185185186,7.334087136429419,0.13750874737578728,ELECTRE-III,1
2730,0379,0,0,"[46.983228640022325, 13.017727548566295]","[np.float64(49.47091865971385), np.float64(10.96718678634422)]",2026-06-14 09:39:40,193.9907288202898,1,7.864522847641217,315.5498630683909,24.45047626342011,57.667280332228486,2.329019198319429,1,1,1,1480,12,0.9997685185185186,0.0,0.8369489153254024,ELECTRE-III,1
2731,0424,0,0,"[46.983228640022325, 13.017727548566295]","[np.float64(47.21736651362233), np.float64(8.004322246917148)]",2026-06-14 09:39:40,5.4749974427879184,1,2.7487879519169396,380.3026756489704,28.722149260961242,57.702025504536344,2.9618371779142674,3,3,3,727,5,0.9997685185185186,0.0,0.2722183344996501,ELECTRE-III,1
2732,0425,0,0,"[46.983228640022325, 13.017727548566295]","[np.float64(45.2726880434257), np.float64(8.593853627347501)]",2026-06-14 09:39:40,307.62880804855985,1,4.691414586984575,390.30436875901677,29.35332369351912,59.20929799019642,15.078099436014156,2,2,2,875,11,0.9997685185185186,20.076942028606748,0.7655703289013296,ELECTRE-III,1
2733,0442,0,0,"[46.983228640022325, 13.017727548566295]","[np.float64(49.18866442374592), np.float64(9.325408692768589)]",2026-06-14 09:39:40,113.77093467335574,1,2.7149615911692453,367.83524617398376,27.924572378717777,57.09273164943618,14.085457534456356,3,3,3,937,11,0.9997685185185186,6.087309386308208,0.7655703289013296,ELECTRE-III,1
2734,0475,0,0,"[46.983228640022325, 13.017727548566295]","[np.float64(47.70519829963357), np.float64(15.9914290787696)]",2026-06-14 09:39:40,229.88555308891986,1,3.7459370903145213,237.98234282858775,18.927561358805786,61.19501156683754,4.703559317166793,4,4,3,685,11,0.9997685185185186,0.0,0.7655703289013296,ELECTRE-III,1
2735,0491,0,0,"[46.983228640022325, 13.017727548566295]","[np.float64(47.43565191853211), np.float64(11.2379568769589)]",2026-06-14 09:39:40,483.16976589456385,1,2.3406844355378413,143.53876278314857,11.685612983384788,59.217378103984544,0.0,1,1,1,1293,14,0.9997685185185186,0.0,1.0,ELECTRE-III,1
2736,0530,0,0,"[46.983228640022325, 13.017727548566295]","[np.float64(49.43245674210306), np.float64(9.546188210445235)]",2026-06-14 09:39:40,308.19527168896667,1,5.978612210271015,374.5541159354799,28.355884601369606,57.032386928119124,3.710917415608993,4,4,3,832,10,0.9997685185185186,0.0,0.655703289013296,ELECTRE-III,1
2737,0538,0,0,"[46.983228640022325, 13.017727548566295]","[np.float64(48.45757613802337), np.float64(12.03646682992148)]",2026-06-14 09:39:40,795.8344841830104,2,6.907238345023559,179.61951523090156,14.510748900840017,58.88176309873762,5.958158128693167,4,4,3,594,7,0.9997685185185186,12.956537758322797,0.4688593421973408,ELECTRE-III,1
2738,0575,0,0,"[46.983228640022325, 13.017727548566295]","[np.float64(47.87091741424424), np.float64(11.63849979781954)]",2026-06-14 09:39:40,171.28906941768201,1,5.231789885193824,143.2017966961329,11.65893215352433,59.11002802079945,15.954479079472067,3,3,3,1066,13,0.9997685185185186,13.95494204243503,0.9188243526941917,ELECTRE-III,1
2739,0731,0,0,"[46.983228640022325, 13.017727548566295]","[np.float64(49.22689962913111), np.float64(9.615341491960898)]",2026-06-14 09:39:40,4.277847881290342,1,5.6968737584475155,354.99081676377256,27.09038641251096,57.20568590283527,4.459997653303718,4,4,3,1324,9,0.9997685185185186,7.459303208859274,0.6014695591322603,ELECTRE-III,1
2740,0769,0,0,"[46.983228640022325, 13.017727548566295]","[np.float64(49.72838247897641), np.float64(9.913153801761451)]",2026-06-14 09:39:40,179.19662693415438,1,2.0256507479629455,381.76278490016915,28.81477320208637,57.00064703904607,0.0,3,3,3,1032,13,0.9997685185185186,0.0,0.9188243526941917,ELECTRE-III,1
2741,0841,1,0,"[46.983228640022325, 13.017727548566295]","[np.float64(49.43370209015913), np.float64(9.371792086257077)]",2026-06-14 09:39:40,102.57521953456087,1,6.7398362681936685,383.63165659899033,28.933087576256682,56.948676129651446,4.710917415608993,3,3,3,1310,10,0.9997685185185186,3.7111488970904745,0.655703289013296,ELECTRE-III,1
2742,0137,1,0,"[46.38812450292287, 12.792537919178267]","[np.float64(47.98382771932608), np.float64(17.05600542347425)]",2026-06-14 09:39:50,508.10277289190066,1,3.6611655892793884,367.7430261051421,27.918628234179494,61.42749754580644,12.583618009845805,2,2,2,1459,14,0.9998842592592593,3.584659676512471,1.0,ELECTRE-III,1
2743,0212,0,0,"[46.38812450292287, 12.792537919178267]","[np.float64(47.43201384411275), np.float64(16.49871748024867)]",2026-06-14 09:39:50,892.6911926132307,2,5.846670658818077,304.4805058334179,23.688633352584052,61.639048994969244,4.0817784852352545,2,2,2,1328,11,0.9998842592592593,10.08108404079081,0.7655703289013296,ELECTRE-III,1
2744,0317,0,0,"[46.38812450292287, 12.792537919178267]","[np.float64(47.98645485430904), np.float64(12.22518445348442)]",2026-06-14 09:39:50,44.55978020262641,1,2.378351153457462,182.82326775662818,14.758362447027428,59.325868828761024,7.332698247540531,1,1,1,1443,3,0.9998842592592593,6.332813988281272,0.13750874737578728,ELECTRE-III,1
2745,0375,1,0,"[46.38812450292287, 12.792537919178267]","[np.float64(44.05926213034748), np.float64(9.299632921162962)]",2026-06-14 09:39:50,906.5398721553508,1,3.38459231289903,376.6189641269118,28.487737739453117,60.35648290281342,3.9618371779142674,3,3,3,1182,7,0.9998842592592593,7.961374214951304,0.4688593421973408,ELECTRE-III,1
2746,0379,0,0,"[46.38812450292287, 12.792537919178267]","[np.float64(49.47091865971385), np.float64(10.96718678634422)]",2026-06-14 09:39:50,193.9907288202898,1,7.864522847641217,368.7546605465687,27.983798483222447,57.68631606944531,10.329019198319429,1,1,1,1480,12,0.9998842592592593,18.328093272393502,0.8369489153254024,ELECTRE-III,1
2747,0424,0,0,"[46.38812450292287, 12.792537919178267]","[np.float64(47.21736651362233), np.float64(8.004322246917148)]",2026-06-14 09:39:50,5.4749974427879184,1,2.7487879519169396,375.86738212647896,28.439782665803275,57.72420312877137,3.9618371779142674,3,3,3,727,5,0.9998842592592593,8.961258474210563,0.2722183344996501,ELECTRE-III,1
2748,0425,0,0,"[46.38812450292287, 12.792537919178267]","[np.float64(45.2726880434257), np.float64(8.593853627347501)]",2026-06-14 09:39:50,307.62880804855985,1,4.691414586984575,348.0975631839369,26.6374960741967,59.23280067113043,17.078099436014156,2,2,2,875,11,0.9998842592592593,21.077636473051193,0.7655703289013296,ELECTRE-III,1
2749,0442,0,0,"[46.38812450292287, 12.792537919178267]","[np.float64(49.18866442374592), np.float64(9.325408692768589)]",2026-06-14 09:39:50,113.77093467335574,1,2.7149615911692453,404.9622089588214,30.26437503438538,57.112771424461,5.085457534456356,3,3,3,937,11,0.9998842592592593,8.085110312234134,0.7655703289013296,ELECTRE-III,1
2750,0475,0,0,"[46.38812450292287, 12.792537919178267]","[np.float64(47.70519829963357), np.float64(15.9914290787696)]",2026-06-14 09:39:50,229.88555308891986,1,3.7459370903145213,283.1508656564141,22.19537924325778,61.2125378322478,3.7035593171667927,4,4,3,685,11,0.9998842592592593,0.0,0.7655703289013296,ELECTRE-III,1
2751,0491,0,0,"[46.38812450292287, 12.792537919178267]","[np.float64(47.43565191853211), np.float64(11.2379568769589)]",2026-06-14 09:39:50,483.16976589456385,1,2.3406844355378413,165.86026681291432,13.441097967237612,59.23786184130541,0.0,1,1,1,1293,14,0.9998842592592593,6.999189814814815,1.0,ELECTRE-III,1
2752,0538,0,0,"[46.38812450292287, 12.792537919178267]","[np.float64(48.45757613802337), np.float64(12.03646682992148)]",2026-06-14 09:39:50,795.8344841830104,2,6.907238345023559,237.03537360889808,18.857577456641813,58.90102423219706,9.958158128693167,4,4,3,594,7,0.9998842592592593,11.957926647211686,0.4688593421973408,ELECTRE-III,1
2753,0575,0,0,"[46.38812450292287, 12.792537919178267]","[np.float64(47.87091741424424), np.float64(11.63849979781954)]",2026-06-14 09:39:50,171.28906941768201,1,5.231789885193824,186.5612822117309,15.046556788010014,59.12995851279755,17.954479079472065,3,3,3,1066,13,0.9998842592592593,7.955636486879472,0.9188243526941917,ELECTRE-III,1
2754,0731,0,0,"[46.38812450292287, 12.792537919178267]","[np.float64(49.22689962913111), np.float64(9.615341491960898)]",2026-06-14 09:39:50,4.277847881290342,1,5.6968737584475155,394.81479232291457,29.635435020691286,57.22556175332001,13.459997653303718,4,4,3,1324,9,0.9998842592592593,7.460692097748162,0.6014695591322603,ELECTRE-III,1
