index,ID,stereo,satellite,satellite location,request location,time,area,strips,duration,distance,angle,sun elevation,cloud cover estimate,priority,priority mod,customer type mod,price,waiting time,uncertainty,cloud cover real,score_scenario,score_method,score_alpha
0,0167,0,0,"[57.46718311030379, 3.6317802019909142]","[np.float64(55.14931047733401), np.float64(-1.225701160577773)]",2026-06-13 10:33:50,465.83258539996734,1,4.254321407838318,395.0561138900931,29.650484556748697,53.88696528701777,14.43893975702494,1,1,1,1260,7,0.11215277777777778,13.317411979247161,0.518957345971564,ELECTRE-III,1
1,0167,0,0,"[56.88007712472242, 3.296180351226219]","[np.float64(55.14931047733401), np.float64(-1.225701160577773)]",2026-06-13 10:34:00,465.83258539996734,1,4.254321407838318,340.5286145390034,26.136043358333545,53.90132575974773,19.43893975702494,1,1,1,1260,7,0.1125,18.76393975702494,0.518957345971564,ELECTRE-III,1
2,0167,0,0,"[56.29230861079156, 2.969677885549157]","[np.float64(55.14931047733401), np.float64(-1.225701160577773)]",2026-06-13 10:34:10,465.83258539996734,1,4.254321407838318,291.8076942361302,22.805399158229456,53.91566574191017,15.43893975702494,1,1,1,1260,7,0.11284722222222222,15.551786979247161,0.518957345971564,ELECTRE-III,1
3,0391,0,0,"[56.29230861079156, 2.969677885549157]","[np.float64(53.74478430611913), np.float64(-0.9365127738544263)]",2026-06-13 10:34:10,958.6987571018185,2,5.521670865885921,377.0461493753172,28.514975113736657,55.13318111241079,24.060720588956478,2,2,2,1033,4,0.11284722222222222,23.1579428111787,0.19312796208530805,ELECTRE-III,1
4,0167,0,0,"[55.703911719457054, 2.6518092058698146]","[np.float64(55.14931047733401), np.float64(-1.225701160577773)]",2026-06-13 10:34:20,465.83258539996734,1,4.254321407838318,252.28147088178514,19.977115045071088,53.92998864859968,13.43893975702494,1,1,1,1260,7,0.11319444444444444,12.533384201469385,0.518957345971564,ELECTRE-III,1
5,0194,0,0,"[55.703911719457054, 2.6518092058698146]","[np.float64(53.82691247916946), np.float64(-2.496038888896625)]",2026-06-13 10:34:20,431.93693110526704,1,6.879279714096848,390.5162672422625,29.36661238400133,54.50684935042604,10.817158925093404,1,1,1,504,8,0.11319444444444444,11.269936702871181,0.6125592417061612,ELECTRE-III,1
6,0391,0,0,"[55.703911719457054, 2.6518092058698146]","[np.float64(53.74478430611913), np.float64(-0.9365127738544263)]",2026-06-13 10:34:20,958.6987571018185,2,5.521670865885921,317.02735529201,24.551477630187758,55.14826558519276,19.060720588956478,2,2,2,1033,4,0.11319444444444444,17.928776144512035,0.19312796208530805,ELECTRE-III,1
7,0167,0,0,"[55.11491377147559, 2.3421405951758953]","[np.float64(55.14931047733401), np.float64(-1.225701160577773)]",2026-06-13 10:34:30,465.83258539996734,1,4.254321407838318,226.81056826763478,18.098239908248352,53.94429106472169,17.43893975702494,1,1,1,1260,7,0.11354166666666667,17.77956475702494,0.518957345971564,ELECTRE-III,1
8,0194,0,0,"[55.11491377147559, 2.3421405951758953]","[np.float64(53.82691247916946), np.float64(-2.496038888896625)]",2026-06-13 10:34:30,431.93693110526704,1,6.879279714096848,343.77676728967486,26.351771057863342,54.52262025721959,12.817158925093404,1,1,1,504,8,0.11354166666666667,12.59007559176007,0.6125592417061612,ELECTRE-III,1
9,0391,0,0,"[55.11491377147559, 2.3421405951758953]","[np.float64(53.74478430611913), np.float64(-0.9365127738544263)]",2026-06-13 10:34:30,958.6987571018185,2,5.521670865885921,261.07845653652805,20.615985591761714,55.163329567407224,26.060720588956478,2,2,2,1033,4,0.11354166666666667,25.94717892228981,0.19312796208530805,ELECTRE-III,1
10,0167,0,0,"[54.52534891779302, 2.0402656572117843]","[np.float64(55.14931047733401), np.float64(-1.225701160577773)]",2026-06-13 10:34:40,465.83258539996734,1,4.254321407838318,220.32660156505813,17.61326343539334,53.958569575181606,15.43893975702494,1,1,1,1260,7,0.11388888888888889,14.983384201469384,0.518957345971564,ELECTRE-III,1
11,0194,0,0,"[54.52534891779302, 2.0402656572117843]","[np.float64(53.82691247916946), np.float64(-2.496038888896625)]",2026-06-13 10:34:40,431.93693110526704,1,6.879279714096848,305.2147149403317,23.739444660451525,54.53837408854023,6.817158925093404,1,1,1,504,8,0.11388888888888889,7.842158925093404,0.6125592417061612,ELECTRE-III,1
12,0391,0,0,"[54.52534891779302, 2.0402656572117843]","[np.float64(53.74478430611913), np.float64(-0.9365127738544263)]",2026-06-13 10:34:40,958.6987571018185,2,5.521670865885921,212.4418683789117,17.0199888201458,55.17837305905418,20.060720588956478,2,2,2,1033,4,0.11388888888888889,19.377387255623145,0.19312796208530805,ELECTRE-III,1
13,0167,0,0,"[53.93524789426059, 1.7458030753227234]","[np.float64(55.14931047733401), np.float64(-1.225701160577773)]",2026-06-13 10:34:50,465.83258539996734,1,4.254321407838318,234.41179053915687,18.663381873726994,53.97283101016859,19.43893975702494,1,1,1,1260,7,0.11423611111111111,18.981995312580494,0.518957345971564,ELECTRE-III,1
14,0194,0,0,"[53.93524789426059, 1.7458030753227234]","[np.float64(53.82691247916946), np.float64(-2.496038888896625)]",2026-06-13 10:34:50,431.93693110526704,1,6.879279714096848,278.25240834737394,21.847827208852372,54.55410401419877,9.817158925093404,1,1,1,504,8,0.11423611111111111,10.045631147315627,0.6125592417061612,ELECTRE-III,1
15,0391,0,0,"[53.93524789426059, 1.7458030753227234]","[np.float64(53.74478430611913), np.float64(-0.9365127738544263)]",2026-06-13 10:34:50,958.6987571018185,2,5.521670865885921,177.24493425588454,14.326862217218974,55.19339606013362,23.060720588956478,2,2,2,1033,4,0.11423611111111111,23.974609477845366,0.19312796208530805,ELECTRE-III,1
16,0167,0,0,"[53.344631191445835, 1.4583957586811684]","[np.float64(55.14931047733401), np.float64(-1.225701160577773)]",2026-06-13 10:35:00,465.83258539996734,1,4.254321407838318,265.8178693439424,20.95798239507553,53.98707195458807,18.43893975702494,1,1,1,1260,7,0.11458333333333333,17.40768975702494,0.518957345971564,ELECTRE-III,1
17,0194,0,0,"[53.344631191445835, 1.4583957586811684]","[np.float64(53.82691247916946), np.float64(-2.496038888896625)]",2026-06-13 10:35:00,431.93693110526704,1,6.879279714096848,266.4364614605004,21.002505546146544,54.569816864384386,15.817158925093404,1,1,1,504,8,0.11458333333333333,16.04632559176007,0.6125592417061612,ELECTRE-III,1
18,0391,0,0,"[53.344631191445835, 1.4583957586811684]","[np.float64(53.74478430611913), np.float64(-0.9365127738544263)]",2026-06-13 10:35:00,958.6987571018185,2,5.521670865885921,164.36315478907932,13.324119578031322,55.208398570645556,25.060720588956478,2,2,2,1033,4,0.11458333333333333,24.48780392228981,0.19312796208530805,ELECTRE-III,1
19,0167,0,0,"[52.75352954520001, 1.1777079608007308]","[np.float64(55.14931047733401), np.float64(-1.225701160577773)]",2026-06-13 10:35:10,465.83258539996734,1,4.254321407838318,309.3138701431604,24.022400018106808,54.00129582353462,16.43893975702494,1,1,1,1260,7,0.11493055555555555,16.43893975702494,0.518957345971564,ELECTRE-III,1
20,0194,0,0,"[52.75352954520001, 1.1777079608007308]","[np.float64(53.82691247916946), np.float64(-2.496038888896625)]",2026-06-13 10:35:10,431.93693110526704,1,6.879279714096848,271.7512766449688,21.383942162972197,54.585509224002486,15.817158925093404,1,1,1,504,8,0.11493055555555555,15.357436702871182,0.6125592417061612,ELECTRE-III,1
21,0306,0,0,"[52.75352954520001, 1.1777079608007308]","[np.float64(51.23110964035691), np.float64(6.530698714847926)]",2026-06-13 10:35:10,49.12137359329464,1,5.700020200683206,403.593458966569,30.180003690257525,59.783409540881834,9.813479875872304,4,4,3,537,9,0.11493055555555555,8.664174320316748,0.6528436018957346,ELECTRE-III,1
22,0391,0,0,"[52.75352954520001, 1.1777079608007308]","[np.float64(53.74478430611913), np.float64(-0.9365127738544263)]",2026-06-13 10:35:10,958.6987571018185,2,5.521670865885921,178.69151141351387,14.438920762308841,55.22337717549539,25.060720588956478,2,2,2,1033,4,0.11493055555555555,26.09509558895648,0.19312796208530805,ELECTRE-III,1
23,0167,0,0,"[52.16196344609062, 0.9034238921540033]","[np.float64(55.14931047733401), np.float64(-1.225701160577773)]",2026-06-13 10:35:20,465.83258539996734,1,4.254321407838318,360.55164189287433,27.45308867288395,54.01549578681907,21.43893975702494,1,1,1,1260,7,0.11527777777777778,20.51671753480272,0.518957345971564,ELECTRE-III,1
24,0194,0,0,"[52.16196344609062, 0.9034238921540033]","[np.float64(53.82691247916946), np.float64(-2.496038888896625)]",2026-06-13 10:35:20,431.93693110526704,1,6.879279714096848,293.2683264396646,22.907793416798206,54.601181093053086,12.817158925093404,1,1,1,504,8,0.11527777777777778,12.240770036204514,0.6125592417061612,ELECTRE-III,1
25,0306,0,0,"[52.16196344609062, 0.9034238921540033]","[np.float64(51.23110964035691), np.float64(6.530698714847926)]",2026-06-13 10:35:20,49.12137359329464,1,5.700020200683206,401.29864036419474,30.03822360753141,59.79547848514525,16.813479875872304,4,4,3,537,9,0.11527777777777778,16.58292432031675,0.6528436018957346,ELECTRE-III,1
26,0391,0,0,"[52.16196344609062, 0.9034238921540033]","[np.float64(53.74478430611913), np.float64(-0.9365127738544263)]",2026-06-13 10:35:20,958.6987571018185,2,5.521670865885921,214.85498653557318,17.20196635216399,55.238338704872305,21.060720588956478,2,2,2,1033,4,0.11527777777777778,19.9079428111787,0.19312796208530805,ELECTRE-III,1
27,0194,0,0,"[51.56995338468518, 0.6352467596772077]","[np.float64(53.82691247916946), np.float64(-2.496038888896625)]",2026-06-13 10:35:30,431.93693110526704,1,6.879279714096848,327.8138955774204,25.283910371862394,54.61683588663075,8.817158925093404,1,1,1,504,8,0.115625,8.701533925093404,0.6125592417061612,ELECTRE-III,1
28,0391,0,0,"[51.56995338468518, 0.6352467596772077]","[np.float64(53.74478430611913), np.float64(-0.9365127738544263)]",2026-06-13 10:35:30,958.6987571018185,2,5.521670865885921,264.03037307083815,20.8291784733539,55.25327632858713,24.060720588956478,2,2,2,1033,4,0.115625,24.523220588956477,0.19312796208530805,ELECTRE-III,1
29,0194,0,0,"[50.977526681740365, 0.3728968991403436]","[np.float64(53.82691247916946), np.float64(-2.496038888896625)]",2026-06-13 10:35:40,431.93693110526704,1,6.879279714096848,371.7742135640201,28.17785234818674,54.63246677454632,11.817158925093404,1,1,1,504,8,0.11597222222222223,11.58521448064896,0.6125592417061612,ELECTRE-III,1
30,0391,0,0,"[50.977526681740365, 0.3728968991403436]","[np.float64(53.74478430611913), np.float64(-0.9365127738544263)]",2026-06-13 10:35:40,958.6987571018185,2,5.521670865885921,320.27965803386184,24.77323250898863,55.268193461734434,20.060720588956478,2,2,2,1033,4,0.11597222222222223,20.75655392228981,0.19312796208530805,ELECTRE-III,1
31,0391,0,0,"[50.38469699763453, 0.11611074795077057]","[np.float64(53.74478430611913), np.float64(-0.9365127738544263)]",2026-06-13 10:35:50,958.6987571018185,2,5.521670865885921,380.4795112759664,28.73337581080369,55.28309010431423,17.060720588956478,2,2,2,1033,4,0.11631944444444445,18.107595588956478,0.19312796208530805,ELECTRE-III,1
32,0219,0,0,"[42.05166813473304, -3.0122600595993667]","[np.float64(38.95097140340685), np.float64(-1.854129262952509)]",2026-06-13 10:38:10,26.478831795368883,1,6.046580211407279,358.40745017599806,27.313515198525504,65.36998518757535,21.93710023241439,4,4,3,914,14,0.12118055555555556,20.84647523241439,1.0,ELECTRE-III,1
33,0219,0,0,"[41.45455933711219, -3.209092664544206]","[np.float64(38.95097140340685), np.float64(-1.854129262952509)]",2026-06-13 10:38:20,26.478831795368883,1,6.046580211407279,301.2208773799277,23.462571800695063,65.39710786876947,17.93710023241439,4,4,3,914,14,0.12152777777777778,18.66626689908106,1.0,ELECTRE-III,1
34,0219,0,0,"[40.8572524640054, -3.4030924485307823]","[np.float64(38.95097140340685), np.float64(-1.854129262952509)]",2026-06-13 10:38:30,26.478831795368883,1,6.046580211407279,249.7655727094749,19.793436521995414,65.42421005939607,19.93710023241439,4,4,3,914,14,0.121875,20.66835023241439,1.0,ELECTRE-III,1
35,0357,1,0,"[40.8572524640054, -3.4030924485307823]","[np.float64(37.76131249306622), np.float64(-5.011013629053059)]",2026-06-13 10:38:30,836.4187543620312,1,2.674798615768187,370.9898064268096,28.127509260831058,63.869160400491765,16.188019994719667,2,2,2,652,4,0.121875,16.919269994719667,0.19312796208530805,ELECTRE-III,1
35,0357,1,0,"[40.8572524640054, -3.4030924485307823]","[np.float64(37.76131249306622), np.float64(-5.011013629053059)]",2026-06-13 10:38:30,836.4187543620312,1,2.674798615768187,370.9898064268096,28.127509260831058,63.869160400491765,16.188019994719667,2,2,2,652,4,0.121875,16.919269994719667,0.19312796208530805,ELECTRE-III,1
36,0219,0,0,"[40.25975776069644, -3.5943678408121698]","[np.float64(38.95097140340685), np.float64(-1.854129262952509)]",2026-06-13 10:38:40,26.478831795368883,1,6.046580211407279,208.33279802569518,16.70930208982583,65.45129175945517,15.93710023241439,4,4,3,914,14,0.12222222222222222,14.837100232414391,1.0,ELECTRE-III,1
37,0311,1,0,"[40.25975776069644, -3.5943678408121698]","[np.float64(37.3569628721152), np.float64(-6.357247410893716)]",2026-06-13 10:38:40,73.24469784449248,1,5.383424303635184,401.81608960062084,30.07022854785091,63.107164006117635,20.43526070780384,1,1,1,903,8,0.12222222222222222,19.701927374470507,0.6125592417061612,ELECTRE-III,1
37,0311,1,0,"[40.25975776069644, -3.5943678408121698]","[np.float64(37.3569628721152), np.float64(-6.357247410893716)]",2026-06-13 10:38:40,73.24469784449248,1,5.383424303635184,401.81608960062084,30.07022854785091,63.107164006117635,20.43526070780384,1,1,1,903,8,0.12222222222222222,19.701927374470507,0.6125592417061612,ELECTRE-III,1
37,0311,1,0,"[40.25975776069644, -3.5943678408121698]","[np.float64(37.3569628721152), np.float64(-6.357247410893716)]",2026-06-13 10:38:40,73.24469784449248,1,5.383424303635184,401.81608960062084,30.07022854785091,63.107164006117635,20.43526070780384,1,1,1,903,8,0.12222222222222222,19.701927374470507,0.6125592417061612,ELECTRE-III,1
38,0357,1,0,"[40.25975776069644, -3.5943678408121698]","[np.float64(37.76131249306622), np.float64(-5.011013629053059)]",2026-06-13 10:38:40,836.4187543620312,1,2.674798615768187,303.5716076102036,23.62567778865137,63.89861900638203,9.188019994719667,2,2,2,652,4,0.12222222222222222,7.965797772497445,0.19312796208530805,ELECTRE-III,1
38,0357,1,0,"[40.25975776069644, -3.5943678408121698]","[np.float64(37.76131249306622), np.float64(-5.011013629053059)]",2026-06-13 10:38:40,836.4187543620312,1,2.674798615768187,303.5716076102036,23.62567778865137,63.89861900638203,9.188019994719667,2,2,2,652,4,0.12222222222222222,7.965797772497445,0.19312796208530805,ELECTRE-III,1
39,0493,0,0,"[40.25975776069644, -3.5943678408121698]","[np.float64(36.78983297350138), np.float64(-4.481296075919123)]",2026-06-13 10:38:40,272.9597100770449,1,6.046600834492825,393.4705917522022,29.551524321995867,64.7032904226904,11.442618806246042,4,4,3,1454,7,0.12222222222222222,10.342618806246042,0.518957345971564,ELECTRE-III,1
40,0219,0,0,"[39.662075227185305, -3.783021934556153]","[np.float64(38.95097140340685), np.float64(-1.854129262952509)]",2026-06-13 10:38:50,26.478831795368883,1,6.046580211407279,183.82874523797457,14.835958762119958,65.47835296894677,19.93710023241439,4,4,3,914,14,0.12256944444444444,20.059669676858835,1.0,ELECTRE-III,1
41,0311,1,0,"[39.662075227185305, -3.783021934556153]","[np.float64(37.3569628721152), np.float64(-6.357247410893716)]",2026-06-13 10:38:50,73.24469784449248,1,5.383424303635184,340.35998494512194,26.124821878483722,63.13738759319494,28.43526070780384,1,1,1,903,8,0.12256944444444444,27.82241348558162,0.6125592417061612,ELECTRE-III,1
41,0311,1,0,"[39.662075227185305, -3.783021934556153]","[np.float64(37.3569628721152), np.float64(-6.357247410893716)]",2026-06-13 10:38:50,73.24469784449248,1,5.383424303635184,340.35998494512194,26.124821878483722,63.13738759319494,28.43526070780384,1,1,1,903,8,0.12256944444444444,27.82241348558162,0.6125592417061612,ELECTRE-III,1
41,0311,1,0,"[39.662075227185305, -3.783021934556153]","[np.float64(37.3569628721152), np.float64(-6.357247410893716)]",2026-06-13 10:38:50,73.24469784449248,1,5.383424303635184,340.35998494512194,26.124821878483722,63.13738759319494,28.43526070780384,1,1,1,903,8,0.12256944444444444,27.82241348558162,0.6125592417061612,ELECTRE-III,1
42,0357,1,0,"[39.662075227185305, -3.783021934556153]","[np.float64(37.76131249306622), np.float64(-5.011013629053059)]",2026-06-13 10:38:50,836.4187543620312,1,2.674798615768187,236.68615215138271,18.831754172942965,63.928070782083125,15.188019994719667,2,2,2,652,4,0.12256944444444444,14.330033883608555,0.19312796208530805,ELECTRE-III,1
42,0357,1,0,"[39.662075227185305, -3.783021934556153]","[np.float64(37.76131249306622), np.float64(-5.011013629053059)]",2026-06-13 10:38:50,836.4187543620312,1,2.674798615768187,236.68615215138271,18.831754172942965,63.928070782083125,15.188019994719667,2,2,2,652,4,0.12256944444444444,14.330033883608555,0.19312796208530805,ELECTRE-III,1
43,0493,0,0,"[39.662075227185305, -3.783021934556153]","[np.float64(36.78983297350138), np.float64(-4.481296075919123)]",2026-06-13 10:38:50,272.9597100770449,1,6.046600834492825,325.14816403714127,25.103710583079984,64.73340472674099,15.442618806246042,4,4,3,1454,7,0.12256944444444444,15.442618806246042,0.518957345971564,ELECTRE-III,1
44,0219,0,0,"[39.06421852385033, -3.969153554062286]","[np.float64(38.95097140340685), np.float64(-1.854129262952509)]",2026-06-13 10:39:00,26.478831795368883,1,6.046580211407279,183.17894807730454,14.785817922158136,65.50539368787085,22.93710023241439,4,4,3,914,14,0.12291666666666666,23.67460023241439,1.0,ELECTRE-III,1
45,0311,1,0,"[39.06421852385033, -3.969153554062286]","[np.float64(37.3569628721152), np.float64(-6.357247410893716)]",2026-06-13 10:39:00,73.24469784449248,1,5.383424303635184,282.0666695927152,22.118601160684662,63.16759068970473,24.43526070780384,1,1,1,903,8,0.12291666666666666,23.69776070780384,0.6125592417061612,ELECTRE-III,1
46,0357,1,0,"[39.06421852385033, -3.969153554062286]","[np.float64(37.76131249306622), np.float64(-5.011013629053059)]",2026-06-13 10:39:00,836.4187543620312,1,2.674798615768187,170.962546833039,13.838908374579173,63.95750206721671,12.188019994719667,2,2,2,652,4,0.12291666666666666,11.081769994719668,0.19312796208530805,ELECTRE-III,1
46,0357,1,0,"[39.06421852385033, -3.969153554062286]","[np.float64(37.76131249306622), np.float64(-5.011013629053059)]",2026-06-13 10:39:00,836.4187543620312,1,2.674798615768187,170.962546833039,13.838908374579173,63.95750206721671,12.188019994719667,2,2,2,652,4,0.12291666666666666,11.081769994719668,0.19312796208530805,ELECTRE-III,1
47,0493,0,0,"[39.06421852385033, -3.969153554062286]","[np.float64(36.78983297350138), np.float64(-4.481296075919123)]",2026-06-13 10:39:00,272.9597100770449,1,6.046600834492825,256.85738479242946,20.310092991039422,64.76350537041323,14.442618806246042,4,4,3,1454,7,0.12291666666666666,14.442618806246042,0.518957345971564,ELECTRE-III,1
48,0219,0,0,"[38.466194480880695, -4.152857041318479]","[np.float64(38.95097140340685), np.float64(-1.854129262952509)]",2026-06-13 10:39:10,26.478831795368883,1,6.046580211407279,206.60862216300484,16.578634182118364,65.53241391622743,15.93710023241439,4,4,3,914,14,0.1232638888888889,15.690572454636612,1.0,ELECTRE-III,1
49,0311,1,0,"[38.466194480880695, -4.152857041318479]","[np.float64(37.3569628721152), np.float64(-6.357247410893716)]",2026-06-13 10:39:10,73.24469784449248,1,5.383424303635184,229.36178202327642,18.28833223939044,63.19778012583619,24.43526070780384,1,1,1,903,8,0.1232638888888889,25.051580152248285,0.6125592417061612,ELECTRE-III,1
49,0311,1,0,"[38.466194480880695, -4.152857041318479]","[np.float64(37.3569628721152), np.float64(-6.357247410893716)]",2026-06-13 10:39:10,73.24469784449248,1,5.383424303635184,229.36178202327642,18.28833223939044,63.19778012583619,24.43526070780384,1,1,1,903,8,0.1232638888888889,25.051580152248285,0.6125592417061612,ELECTRE-III,1
50,0357,1,0,"[38.466194480880695, -4.152857041318479]","[np.float64(37.76131249306622), np.float64(-5.011013629053059)]",2026-06-13 10:39:10,836.4187543620312,1,2.674798615768187,108.53435415873366,8.888464577342356,63.986919691971956,11.188019994719667,2,2,2,652,4,0.1232638888888889,12.297394994719667,0.19312796208530805,ELECTRE-III,1
50,0357,1,0,"[38.466194480880695, -4.152857041318479]","[np.float64(37.76131249306622), np.float64(-5.011013629053059)]",2026-06-13 10:39:10,836.4187543620312,1,2.674798615768187,108.53435415873366,8.888464577342356,63.986919691971956,11.188019994719667,2,2,2,652,4,0.1232638888888889,12.297394994719667,0.19312796208530805,ELECTRE-III,1
51,0493,0,0,"[38.466194480880695, -4.152857041318479]","[np.float64(36.78983297350138), np.float64(-4.481296075919123)]",2026-06-13 10:39:10,272.9597100770449,1,6.046600834492825,188.63344706221943,15.205982918190312,64.79358552351798,12.442618806246042,4,4,3,1454,7,0.1232638888888889,13.428729917357153,0.518957345971564,ELECTRE-III,1
52,0219,0,0,"[37.8680030982764, -4.33422204255759]","[np.float64(38.95097140340685), np.float64(-1.854129262952509)]",2026-06-13 10:39:20,26.478831795368883,1,6.046580211407279,247.36804926689098,19.618004862375937,65.55941365401648,24.93710023241439,4,4,3,914,14,0.12361111111111112,23.9482113435255,1.0,ELECTRE-III,1
53,0311,1,0,"[37.8680030982764, -4.33422204255759]","[np.float64(37.3569628721152), np.float64(-6.357247410893716)]",2026-06-13 10:39:20,73.24469784449248,1,5.383424303635184,187.03237084314648,15.08282197824183,63.227962731778476,21.43526070780384,1,1,1,903,8,0.12361111111111112,22.547760707803842,0.6125592417061612,ELECTRE-III,1
53,0311,1,0,"[37.8680030982764, -4.33422204255759]","[np.float64(37.3569628721152), np.float64(-6.357247410893716)]",2026-06-13 10:39:20,73.24469784449248,1,5.383424303635184,187.03237084314648,15.08282197824183,63.227962731778476,21.43526070780384,1,1,1,903,8,0.12361111111111112,22.547760707803842,0.6125592417061612,ELECTRE-III,1
54,0357,1,0,"[37.8680030982764, -4.33422204255759]","[np.float64(37.76131249306622), np.float64(-5.011013629053059)]",2026-06-13 10:39:20,836.4187543620312,1,2.674798615768187,60.62397702875783,4.992367532224644,64.01632365634886,15.188019994719667,2,2,2,652,4,0.12361111111111112,16.300519994719668,0.19312796208530805,ELECTRE-III,1
54,0357,1,0,"[37.8680030982764, -4.33422204255759]","[np.float64(37.76131249306622), np.float64(-5.011013629053059)]",2026-06-13 10:39:20,836.4187543620312,1,2.674798615768187,60.62397702875783,4.992367532224644,64.01632365634886,15.188019994719667,2,2,2,652,4,0.12361111111111112,16.300519994719668,0.19312796208530805,ELECTRE-III,1
55,0493,0,0,"[37.8680030982764, -4.33422204255759]","[np.float64(36.78983297350138), np.float64(-4.481296075919123)]",2026-06-13 10:39:20,272.9597100770449,1,6.046600834492825,120.5903714990871,9.857370058456944,64.82365884643353,17.442618806246042,4,4,3,1454,7,0.12361111111111112,16.20650769513493,0.518957345971564,ELECTRE-III,1
56,0219,0,0,"[37.26966145151035, -4.513335642691535]","[np.float64(38.95097140340685), np.float64(-1.854129262952509)]",2026-06-13 10:39:30,26.478831795368883,1,6.046580211407279,298.43904272196727,23.26903161220033,65.58639290123803,22.93710023241439,4,4,3,914,14,0.12395833333333334,22.441266899081057,1.0,ELECTRE-III,1
57,0311,1,0,"[37.26966145151035, -4.513335642691535]","[np.float64(37.3569628721152), np.float64(-6.357247410893716)]",2026-06-13 10:39:30,73.24469784449248,1,5.383424303635184,163.35623738848125,13.245379309452133,63.258131677342426,20.43526070780384,1,1,1,903,8,0.12395833333333334,20.063385707803842,0.6125592417061612,ELECTRE-III,1
57,0311,1,0,"[37.26966145151035, -4.513335642691535]","[np.float64(37.3569628721152), np.float64(-6.357247410893716)]",2026-06-13 10:39:30,73.24469784449248,1,5.383424303635184,163.35623738848125,13.245379309452133,63.258131677342426,20.43526070780384,1,1,1,903,8,0.12395833333333334,20.063385707803842,0.6125592417061612,ELECTRE-III,1
58,0357,1,0,"[37.26966145151035, -4.513335642691535]","[np.float64(37.76131249306622), np.float64(-5.011013629053059)]",2026-06-13 10:39:30,836.4187543620312,1,2.674798615768187,70.11000736509797,5.768624197625896,64.04571396034743,9.188019994719667,2,2,2,652,4,0.12395833333333334,9.188019994719667,0.19312796208530805,ELECTRE-III,1
58,0357,1,0,"[37.26966145151035, -4.513335642691535]","[np.float64(37.76131249306622), np.float64(-5.011013629053059)]",2026-06-13 10:39:30,836.4187543620312,1,2.674798615768187,70.11000736509797,5.768624197625896,64.04571396034743,9.188019994719667,2,2,2,652,4,0.12395833333333334,9.188019994719667,0.19312796208530805,ELECTRE-III,1
59,0493,0,0,"[37.26966145151035, -4.513335642691535]","[np.float64(36.78983297350138), np.float64(-4.481296075919123)]",2026-06-13 10:39:30,272.9597100770449,1,6.046600834492825,53.43031819849986,4.402456308644528,64.85371850897076,17.442618806246042,4,4,3,1454,7,0.12395833333333334,18.310327139579375,0.518957345971564,ELECTRE-III,1
60,0219,0,0,"[36.671166125487986, -4.690280230877178]","[np.float64(38.95097140340685), np.float64(-1.854129262952509)]",2026-06-13 10:39:40,26.478831795368883,1,6.046580211407279,355.4042313064984,27.117432611551116,65.61335165789207,21.93710023241439,4,4,3,914,14,0.12430555555555556,21.812794676858836,1.0,ELECTRE-III,1
61,0311,1,0,"[36.671166125487986, -4.690280230877178]","[np.float64(37.3569628721152), np.float64(-6.357247410893716)]",2026-06-13 10:39:40,73.24469784449248,1,5.383424303635184,166.49273872886556,13.490482591248284,63.28828696252803,21.43526070780384,1,1,1,903,8,0.12430555555555556,20.938038485581618,0.6125592417061612,ELECTRE-III,1
61,0311,1,0,"[36.671166125487986, -4.690280230877178]","[np.float64(37.3569628721152), np.float64(-6.357247410893716)]",2026-06-13 10:39:40,73.24469784449248,1,5.383424303635184,166.49273872886556,13.490482591248284,63.28828696252803,21.43526070780384,1,1,1,903,8,0.12430555555555556,20.938038485581618,0.6125592417061612,ELECTRE-III,1
62,0357,1,0,"[36.671166125487986, -4.690280230877178]","[np.float64(37.76131249306622), np.float64(-5.011013629053059)]",2026-06-13 10:39:40,836.4187543620312,1,2.674798615768187,124.5013777503436,10.17049390279718,64.07508377377847,18.188019994719667,2,2,2,652,4,0.12430555555555556,18.809547772497446,0.19312796208530805,ELECTRE-III,1
62,0357,1,0,"[36.671166125487986, -4.690280230877178]","[np.float64(37.76131249306622), np.float64(-5.011013629053059)]",2026-06-13 10:39:40,836.4187543620312,1,2.674798615768187,124.5013777503436,10.17049390279718,64.07508377377847,18.188019994719667,2,2,2,652,4,0.12430555555555556,18.809547772497446,0.19312796208530805,ELECTRE-III,1
63,0493,0,0,"[36.671166125487986, -4.690280230877178]","[np.float64(36.78983297350138), np.float64(-4.481296075919123)]",2026-06-13 10:39:40,272.9597100770449,1,6.046600834492825,22.82489187872206,1.8837157767272779,64.88375768094048,17.442618806246042,4,4,3,1454,7,0.12430555555555556,18.56136880624604,0.518957345971564,ELECTRE-III,1
64,0311,1,0,"[36.07252395039846, -4.865134781176796]","[np.float64(37.3569628721152), np.float64(-6.357247410893716)]",2026-06-13 10:39:50,73.24469784449248,1,5.383424303635184,195.1552548920002,15.706170824551386,63.3184285873353,19.43526070780384,1,1,1,903,8,0.12465277777777778,18.313385707803842,0.6125592417061612,ELECTRE-III,1
64,0311,1,0,"[36.07252395039846, -4.865134781176796]","[np.float64(37.3569628721152), np.float64(-6.357247410893716)]",2026-06-13 10:39:50,73.24469784449248,1,5.383424303635184,195.1552548920002,15.706170824551386,63.3184285873353,19.43526070780384,1,1,1,903,8,0.12465277777777778,18.313385707803842,0.6125592417061612,ELECTRE-III,1
65,0357,1,0,"[36.07252395039846, -4.865134781176796]","[np.float64(37.76131249306622), np.float64(-5.011013629053059)]",2026-06-13 10:39:50,836.4187543620312,1,2.674798615768187,188.23219005620564,15.175130150170311,64.10444675702037,9.188019994719667,2,2,2,652,4,0.12465277777777778,9.811283883608557,0.19312796208530805,ELECTRE-III,1
65,0357,1,0,"[36.07252395039846, -4.865134781176796]","[np.float64(37.76131249306622), np.float64(-5.011013629053059)]",2026-06-13 10:39:50,836.4187543620312,1,2.674798615768187,188.23219005620564,15.175130150170311,64.10444675702037,9.188019994719667,2,2,2,652,4,0.12465277777777778,9.811283883608557,0.19312796208530805,ELECTRE-III,1
66,0493,0,0,"[36.07252395039846, -4.865134781176796]","[np.float64(36.78983297350138), np.float64(-4.481296075919123)]",2026-06-13 10:39:50,272.9597100770449,1,6.046600834492825,86.8391569374125,7.1322636791534775,64.91378319253185,13.442618806246042,4,4,3,1454,7,0.12465277777777778,12.694702139579375,0.518957345971564,ELECTRE-III,1
67,0311,1,0,"[35.473748586620125, -5.037975279444908]","[np.float64(37.3569628721152), np.float64(-6.357247410893716)]",2026-06-13 10:40:00,73.24469784449248,1,5.383424303635184,240.3805745279086,19.1045356385788,63.34856338195339,25.43526070780384,1,1,1,903,8,0.125,25.18526070780384,0.6125592417061612,ELECTRE-III,1
68,0357,1,0,"[35.473748586620125, -5.037975279444908]","[np.float64(37.76131249306622), np.float64(-5.011013629053059)]",2026-06-13 10:40:00,836.4187543620312,1,2.674798615768187,254.37723764445,20.12979499435215,64.13378924969474,17.188019994719667,2,2,2,652,4,0.125,16.188019994719667,0.19312796208530805,ELECTRE-III,1
69,0493,0,0,"[35.473748586620125, -5.037975279444908]","[np.float64(36.78983297350138), np.float64(-4.481296075919123)]",2026-06-13 10:40:00,272.9597100770449,1,6.046600834492825,154.64525215374138,12.562084715331892,64.94380187393406,11.442618806246042,4,4,3,1454,7,0.125,12.067618806246042,0.518957345971564,ELECTRE-III,1
70,0311,1,0,"[34.874836619058385, -5.20887515021509]","[np.float64(37.3569628721152), np.float64(-6.357247410893716)]",2026-06-13 10:40:10,73.24469784449248,1,5.383424303635184,294.639513407726,23.00377680193976,63.37867768600398,21.43526070780384,1,1,1,903,8,0.12534722222222222,22.563385707803842,0.6125592417061612,ELECTRE-III,1
71,0357,1,0,"[34.874836619058385, -5.20887515021509]","[np.float64(37.76131249306622), np.float64(-5.011013629053059)]",2026-06-13 10:40:10,836.4187543620312,1,2.674798615768187,321.4508378661415,24.852895003954966,64.16311808199077,16.188019994719667,2,2,2,652,4,0.12534722222222222,14.934547772497446,0.19312796208530805,ELECTRE-III,1
72,0493,0,0,"[34.874836619058385, -5.20887515021509]","[np.float64(36.78983297350138), np.float64(-4.481296075919123)]",2026-06-13 10:40:10,272.9597100770449,1,6.046600834492825,222.80887503438996,17.79924043981621,64.97380006476875,16.442618806246042,4,4,3,1454,7,0.12534722222222222,17.570743806246043,0.518957345971564,ELECTRE-III,1
73,0311,1,0,"[34.275798292997, -5.377903976039511]","[np.float64(37.3569628721152), np.float64(-6.357247410893716)]",2026-06-13 10:40:20,73.24469784449248,1,5.383424303635184,353.8004712794268,27.012439256849763,63.408785159865396,19.43526070780384,1,1,1,903,8,0.12569444444444444,19.058177374470507,0.6125592417061612,ELECTRE-III,1
74,0357,1,0,"[34.275798292997, -5.377903976039511]","[np.float64(37.76131249306622), np.float64(-5.011013629053059)]",2026-06-13 10:40:20,836.4187543620312,1,2.674798615768187,388.9730520978665,29.269754124903155,64.19243325390846,12.188019994719667,2,2,2,652,4,0.12569444444444444,11.559547772497446,0.19312796208530805,ELECTRE-III,1
75,0493,0,0,"[34.275798292997, -5.377903976039511]","[np.float64(36.78983297350138), np.float64(-4.481296075919123)]",2026-06-13 10:40:20,272.9597100770449,1,6.046600834492825,291.07914627567243,22.754268353998697,65.00378459522511,16.442618806246042,4,4,3,1454,7,0.12569444444444444,17.573868806246043,0.518957345971564,ELECTRE-III,1
76,0496,0,0,"[34.275798292997, -5.377903976039511]","[np.float64(31.61402405519459), np.float64(-7.961106265620023)]",2026-06-13 10:40:20,367.5182664858514,1,3.6723931547170823,381.68083757131484,28.80957912124692,63.951115840342744,17.188019994719667,4,4,3,626,3,0.12569444444444444,17.81649221694189,0.10781990521327015,ELECTRE-III,1
77,0493,0,0,"[33.67663360843598, -5.545128778149403]","[np.float64(36.78983297350138), np.float64(-4.481296075919123)]",2026-06-13 10:40:30,272.9597100770449,1,6.046600834492825,359.39607704778274,27.377912388017737,65.03375546530313,17.442618806246042,4,4,3,1454,7,0.12604166666666666,16.43428547291271,0.518957345971564,ELECTRE-III,1
78,0496,0,0,"[33.67663360843598, -5.545128778149403]","[np.float64(31.61402405519459), np.float64(-7.961106265620023)]",2026-06-13 10:40:30,367.5182664858514,1,3.6723931547170823,322.1132216834156,24.897904336778495,63.98583369189392,23.188019994719667,4,4,3,626,3,0.12604166666666666,24.070311661386334,0.10781990521327015,ELECTRE-III,1
79,0496,0,0,"[33.07735281065906, -5.710614443341879]","[np.float64(31.61402405519459), np.float64(-7.961106265620023)]",2026-06-13 10:40:40,367.5182664858514,1,3.6723931547170823,266.7683125869589,21.02637958231579,64.02054471325593,16.188019994719667,4,4,3,626,3,0.12638888888888888,15.050519994719668,0.10781990521327015,ELECTRE-III,1
80,0066,0,0,"[32.47795931476083, -5.8744228702062955]","[np.float64(30.7477137956541), np.float64(-9.500422258138515)]",2026-06-13 10:40:50,40.441813478611415,1,4.582096987582565,393.5532033851413,29.556685315983703,62.91714131321871,20.311640351261754,4,4,3,1404,6,0.1267361111111111,19.297751462372865,0.3744075829383886,ELECTRE-III,1
81,0496,0,0,"[32.47795931476083, -5.8744228702062955]","[np.float64(31.61402405519459), np.float64(-7.961106265620023)]",2026-06-13 10:40:50,367.5182664858514,1,3.6723931547170823,218.87438700787388,17.504282293798386,64.05524890442877,23.188019994719667,4,4,3,626,3,0.1267361111111111,22.30086721694189,0.10781990521327015,ELECTRE-III,1
82,0066,0,0,"[31.8784531207413, -6.036613396011065]","[np.float64(30.7477137956541), np.float64(-9.500422258138515)]",2026-06-13 10:41:00,40.441813478611415,1,4.582096987582565,352.23640546609107,26.9098552625391,62.952501202551865,15.311640351261754,4,4,3,1404,6,0.12708333333333333,14.422057017928422,0.3744075829383886,ELECTRE-III,1
83,0496,0,0,"[31.8784531207413, -6.036613396011065]","[np.float64(31.61402405519459), np.float64(-7.961106265620023)]",2026-06-13 10:41:00,367.5182664858514,1,3.6723931547170823,184.33522910165118,14.875024888396023,64.0899530956016,15.188019994719667,4,4,3,626,3,0.12708333333333333,15.569269994719667,0.10781990521327015,ELECTRE-III,1
84,0066,0,0,"[31.278844473884224, -6.1972440773641315]","[np.float64(30.7477137956541), np.float64(-9.500422258138515)]",2026-06-13 10:41:10,40.441813478611415,1,4.582096987582565,320.26982397082384,24.772563172217286,62.98785426169585,19.311640351261754,4,4,3,1404,6,0.12743055555555555,19.948793129039533,0.3744075829383886,ELECTRE-III,1
85,0496,0,0,"[31.278844473884224, -6.1972440773641315]","[np.float64(31.61402405519459), np.float64(-7.961106265620023)]",2026-06-13 10:41:10,367.5182664858514,1,3.6723931547170823,171.42474515091644,13.874878153901678,64.12465045658526,18.188019994719667,4,4,3,626,3,0.12743055555555555,17.805728328053,0.10781990521327015,ELECTRE-III,1
86,0066,0,0,"[30.679133374189593, -6.356370409552504]","[np.float64(30.7477137956541), np.float64(-9.500422258138515)]",2026-06-13 10:41:20,40.441813478611415,1,4.582096987582565,300.6520524346366,23.423042983450603,63.02320732083984,21.311640351261754,4,4,3,1404,6,0.12777777777777777,20.289418129039532,0.3744075829383886,ELECTRE-III,1
87,0496,0,0,"[30.679133374189593, -6.356370409552504]","[np.float64(31.61402405519459), np.float64(-7.961106265620023)]",2026-06-13 10:41:20,367.5182664858514,1,3.6723931547170823,184.73616456027196,14.905939823353307,64.15934098737975,15.188019994719667,4,4,3,626,3,0.12777777777777777,13.910242216941889,0.10781990521327015,ELECTRE-III,1
88,0066,0,0,"[30.079326651846582, -6.514044899655425]","[np.float64(30.7477137956541), np.float64(-9.500422258138515)]",2026-06-13 10:41:30,40.441813478611415,1,4.582096987582565,295.85137787275795,23.088494090169444,63.058560379983824,17.311640351261754,4,4,3,1404,6,0.128125,17.696015351261753,0.3744075829383886,ELECTRE-III,1
89,0496,0,0,"[30.079326651846582, -6.514044899655425]","[np.float64(31.61402405519459), np.float64(-7.961106265620023)]",2026-06-13 10:41:30,367.5182664858514,1,3.6723931547170823,219.5518972877213,17.555142236748566,64.19403151817426,20.188019994719667,4,4,3,626,3,0.128125,19.547394994719667,0.10781990521327015,ELECTRE-III,1
90,0066,0,0,"[29.47942772194978, -6.67032005475214]","[np.float64(30.7477137956541), np.float64(-9.500422258138515)]",2026-06-13 10:41:40,40.441813478611415,1,4.582096987582565,306.5657728977956,23.832841785880184,63.09390660893864,17.311640351261754,4,4,3,1404,6,0.1284722222222222,16.926223684595087,0.3744075829383886,ELECTRE-III,1
91,0496,0,0,"[29.47942772194978, -6.67032005475214]","[np.float64(31.61402405519459), np.float64(-7.961106265620023)]",2026-06-13 10:41:40,367.5182664858514,1,3.6723931547170823,267.60729626077983,21.086703643589196,64.22871521877957,16.188019994719667,4,4,3,626,3,0.1284722222222222,14.903297772497446,0.10781990521327015,ELECTRE-III,1
92,0066,0,0,"[28.879436584499178, -6.825244539940485]","[np.float64(30.7477137956541), np.float64(-9.500422258138515)]",2026-06-13 10:41:50,40.441813478611415,1,4.582096987582565,331.29473408137295,25.518406479030073,63.12924600770428,15.311640351261754,4,4,3,1404,6,0.12881944444444443,14.538723684595087,0.3744075829383886,ELECTRE-III,1
93,0496,0,0,"[28.879436584499178, -6.825244539940485]","[np.float64(31.61402405519459), np.float64(-7.961106265620023)]",2026-06-13 10:41:50,367.5182664858514,1,3.6723931547170823,323.04811635728515,24.96137510929452,64.26339208919573,17.188019994719667,4,4,3,626,3,0.12881944444444443,16.286283883608554,0.10781990521327015,ELECTRE-III,1
94,0066,0,0,"[28.279360069683953, -6.978866593431473]","[np.float64(30.7477137956541), np.float64(-9.500422258138515)]",2026-06-13 10:42:00,40.441813478611415,1,4.582096987582565,367.21867661682006,27.88481829650886,63.16458540646993,17.311640351261754,4,4,3,1404,6,0.12916666666666668,18.086640351261753,0.3744075829383886,ELECTRE-III,1
95,0496,0,0,"[28.279360069683953, -6.978866593431473]","[np.float64(31.61402405519459), np.float64(-7.961106265620023)]",2026-06-13 10:42:00,367.5182664858514,1,3.6723931547170823,382.6782380924836,28.872762303986633,64.29806212942272,15.188019994719667,4,4,3,626,3,0.12916666666666668,15.317186661386334,0.10781990521327015,ELECTRE-III,1
96,0188,1,0,"[19.269999044978633, -9.155109577630576]","[np.float64(16.51776549961032), np.float64(-7.265073856058398)]",2026-06-13 10:44:30,973.9304811700555,1,6.1350905536594516,365.57556495186645,27.77873401226993,64.55311505340933,20.809800826651205,3,3,3,597,7,0.134375,20.137925826651205,0.518957345971564,ELECTRE-III,1
97,0188,1,0,"[18.66894922820668, -9.293290280955457]","[np.float64(16.51776549961032), np.float64(-7.265073856058398)]",2026-06-13 10:44:40,973.9304811700555,1,6.1350905536594516,321.59838390215396,24.862923673782966,64.5907493957361,18.809800826651205,3,3,3,597,7,0.13472222222222222,18.54035638220676,0.518957345971564,ELECTRE-III,1
98,0188,1,0,"[18.06785843029971, -9.43078711158969]","[np.float64(16.51776549961032), np.float64(-7.265073856058398)]",2026-06-13 10:44:50,973.9304811700555,1,6.1350905536594516,287.35446197621195,22.4922656487322,64.6283769078737,20.809800826651205,3,3,3,597,7,0.13506944444444444,21.62021749331787,0.518957345971564,ELECTRE-III,1
99,0188,1,0,"[17.466731773899596, -9.56762909783725]","[np.float64(16.51776549961032), np.float64(-7.265073856058398)]",2026-06-13 10:45:00,973.9304811700555,1,6.1350905536594516,266.6202145696848,21.01572605802862,64.6660044200113,20.809800826651205,3,3,3,597,7,0.13541666666666666,19.726467493317873,0.518957345971564,ELECTRE-III,1
99,0188,1,0,"[17.466731773899596, -9.56762909783725]","[np.float64(16.51776549961032), np.float64(-7.265073856058398)]",2026-06-13 10:45:00,973.9304811700555,1,6.1350905536594516,266.6202145696848,21.01572605802862,64.6660044200113,20.809800826651205,3,3,3,597,7,0.13541666666666666,19.726467493317873,0.518957345971564,ELECTRE-III,1
100,0188,1,0,"[16.86556925900634, -9.703843560454814]","[np.float64(16.51776549961032), np.float64(-7.265073856058398)]",2026-06-13 10:45:10,973.9304811700555,1,6.1350905536594516,262.6140384038993,20.72696306758182,64.70362510195973,16.809800826651205,3,3,3,597,7,0.13576388888888888,18.031675826651206,0.518957345971564,ELECTRE-III,1
100,0188,1,0,"[16.86556925900634, -9.703843560454814]","[np.float64(16.51776549961032), np.float64(-7.265073856058398)]",2026-06-13 10:45:10,973.9304811700555,1,6.1350905536594516,262.6140384038993,20.72696306758182,64.70362510195973,16.809800826651205,3,3,3,597,7,0.13576388888888888,18.031675826651206,0.518957345971564,ELECTRE-III,1
101,0188,1,0,"[16.26437259316723, -9.83945611265177]","[np.float64(16.51776549961032), np.float64(-7.265073856058398)]",2026-06-13 10:45:20,973.9304811700555,1,6.1350905536594516,276.0640331311408,21.69200929985929,64.74124578390816,20.809800826651205,3,3,3,597,7,0.1361111111111111,19.448689715540095,0.518957345971564,ELECTRE-III,1
101,0188,1,0,"[16.26437259316723, -9.83945611265177]","[np.float64(16.51776549961032), np.float64(-7.265073856058398)]",2026-06-13 10:45:20,973.9304811700555,1,6.1350905536594516,276.0640331311408,21.69200929985929,64.74124578390816,20.809800826651205,3,3,3,597,7,0.1361111111111111,19.448689715540095,0.518957345971564,ELECTRE-III,1
102,0188,1,0,"[15.663145191476858, -9.974494928958448]","[np.float64(16.51776549961032), np.float64(-7.265073856058398)]",2026-06-13 10:45:30,973.9304811700555,1,6.1350905536594516,304.66622512210995,23.701489888742568,64.77885963566742,18.809800826651205,3,3,3,597,7,0.13645833333333332,19.765009159984537,0.518957345971564,ELECTRE-III,1
103,0188,1,0,"[15.061887053935221, -10.108983061263292]","[np.float64(16.51776549961032), np.float64(-7.265073856058398)]",2026-06-13 10:45:40,973.9304811700555,1,6.1350905536594516,344.66776700342115,26.410807198767113,64.81647348742668,24.809800826651205,3,3,3,597,7,0.13680555555555557,24.67299527109565,0.518957345971564,ELECTRE-III,1
104,0188,1,0,"[14.460601595636904, -10.242947830322983]","[np.float64(16.51776549961032), np.float64(-7.265073856058398)]",2026-06-13 10:45:50,973.9304811700555,1,6.1350905536594516,392.5989099211289,29.49703564142305,64.85408050899677,21.809800826651205,3,3,3,597,7,0.1371527777777778,20.712578604428984,0.518957345971564,ELECTRE-III,1
105,0065,0,0,"[13.257954693185752, -10.509401193807996]","[np.float64(10.22615855566197), np.float64(-9.42958483369425)]",2026-06-13 10:46:10,449.20395472897263,1,2.6301683886807936,357.02463595607526,27.223315877967572,60.37719886656607,18.686180470109115,4,4,3,554,9,0.13784722222222223,19.09972213677578,0.6528436018957346,ELECTRE-III,1
106,0065,0,0,"[12.65659751790115, -10.641938453331154]","[np.float64(10.22615855566197), np.float64(-9.42958483369425)]",2026-06-13 10:46:20,449.20395472897263,1,2.6301683886807936,300.8183632158237,23.434602708732278,60.41284562384436,18.686180470109115,4,4,3,554,9,0.13819444444444445,19.653541581220225,0.6528436018957346,ELECTRE-III,1
107,0404,1,0,"[12.65659751790115, -10.641938453331154]","[np.float64(9.919447044330399), np.float64(-13.04980515197564)]",2026-06-13 10:46:20,190.17508322771002,1,2.1514093135208125,401.94300255935445,30.078075127909877,57.13956625657496,24.060720588956478,2,2,2,782,7,0.13819444444444445,22.81697058895648,0.518957345971564,ELECTRE-III,1
108,0065,0,0,"[12.05521899827539, -10.774046264710249]","[np.float64(10.22615855566197), np.float64(-9.42958483369425)]",2026-06-13 10:46:30,449.20395472897263,1,2.6301683886807936,250.75385189594317,19.865638745617538,60.44847872074432,20.686180470109115,4,4,3,554,9,0.13854166666666667,19.439305470109115,0.6528436018957346,ELECTRE-III,1
109,0404,1,0,"[12.05521899827539, -10.774046264710249]","[np.float64(9.919447044330399), np.float64(-13.04980515197564)]",2026-06-13 10:46:30,190.17508322771002,1,2.1514093135208125,343.6594045425098,26.343990302712232,57.17583797616231,28.060720588956478,2,2,2,782,7,0.13854166666666667,28.89197058895648,0.518957345971564,ELECTRE-III,1
110,0065,0,0,"[11.453821695629413, -10.905748533607373]","[np.float64(10.22615855566197), np.float64(-9.42958483369425)]",2026-06-13 10:46:40,449.20395472897263,1,2.6301683886807936,211.24289384562425,16.929440012209806,60.484104987455105,18.686180470109115,4,4,3,554,9,0.1388888888888889,17.297291581220225,0.6528436018957346,ELECTRE-III,1
111,0404,1,0,"[11.453821695629413, -10.905748533607373]","[np.float64(9.919447044330399), np.float64(-13.04980515197564)]",2026-06-13 10:46:40,190.17508322771002,1,2.1514093135208125,289.80981119348854,22.665092655262697,57.212099450465914,27.060720588956478,2,2,2,782,7,0.1388888888888889,27.060720588956478,0.518957345971564,ELECTRE-III,1
112,0065,0,0,"[10.852407317510512, -11.037066604363684]","[np.float64(10.22615855566197), np.float64(-9.42958483369425)]",2026-06-13 10:46:50,449.20395472897263,1,2.6301683886807936,189.02190223814114,15.235842748645599,60.519717593787554,16.686180470109115,4,4,3,554,9,0.13923611111111112,17.38236102566467,0.6528436018957346,ELECTRE-III,1
113,0404,1,0,"[10.852407317510512, -11.037066604363684]","[np.float64(9.919447044330399), np.float64(-13.04980515197564)]",2026-06-13 10:46:50,190.17508322771002,1,2.1514093135208125,243.35626775018258,19.323597377403022,57.248357509674925,25.060720588956478,2,2,2,782,7,0.13923611111111112,24.921484477845368,0.518957345971564,ELECTRE-III,1
113,0404,1,0,"[10.852407317510512, -11.037066604363684]","[np.float64(9.919447044330399), np.float64(-13.04980515197564)]",2026-06-13 10:46:50,190.17508322771002,1,2.1514093135208125,243.35626775018258,19.323597377403022,57.248357509674925,25.060720588956478,2,2,2,782,7,0.13923611111111112,24.921484477845368,0.518957345971564,ELECTRE-III,1
114,0065,0,0,"[10.25097757146598, -11.168022675093985]","[np.float64(10.22615855566197), np.float64(-9.42958483369425)]",2026-06-13 10:47:00,449.20395472897263,1,2.6301683886807936,190.24736144966505,15.329985934479327,60.555323369930825,17.686180470109115,4,4,3,554,9,0.13958333333333334,16.569513803442447,0.6528436018957346,ELECTRE-III,1
115,0404,1,0,"[10.25097757146598, -11.168022675093985]","[np.float64(9.919447044330399), np.float64(-13.04980515197564)]",2026-06-13 10:47:00,190.17508322771002,1,2.1514093135208125,209.28355902027397,16.781279832924017,57.28460532360018,20.060720588956478,2,2,2,782,7,0.13958333333333334,20.339887255623143,0.518957345971564,ELECTRE-III,1
115,0404,1,0,"[10.25097757146598, -11.168022675093985]","[np.float64(9.919447044330399), np.float64(-13.04980515197564)]",2026-06-13 10:47:00,190.17508322771002,1,2.1514093135208125,209.28355902027397,16.781279832924017,57.28460532360018,20.060720588956478,2,2,2,782,7,0.13958333333333334,20.339887255623143,0.518957345971564,ELECTRE-III,1
116,0065,0,0,"[9.649533311269458, -11.298639797686723]","[np.float64(10.22615855566197), np.float64(-9.42958483369425)]",2026-06-13 10:47:10,449.20395472897263,1,2.6301683886807936,214.51653695879358,17.176464742083503,60.59092231588493,20.686180470109115,4,4,3,554,9,0.13993055555555556,20.12645824788689,0.6528436018957346,ELECTRE-III,1
117,0404,1,0,"[9.649533311269458, -11.298639797686723]","[np.float64(9.919447044330399), np.float64(-13.04980515197564)]",2026-06-13 10:47:10,190.17508322771002,1,2.1514093135208125,194.2211251186099,15.634676641240771,57.32084630733627,27.060720588956478,2,2,2,782,7,0.13993055555555556,26.08120670006759,0.518957345971564,ELECTRE-III,1
117,0404,1,0,"[9.649533311269458, -11.298639797686723]","[np.float64(9.919447044330399), np.float64(-13.04980515197564)]",2026-06-13 10:47:10,190.17508322771002,1,2.1514093135208125,194.2211251186099,15.634676641240771,57.32084630733627,27.060720588956478,2,2,2,782,7,0.13993055555555556,26.08120670006759,0.518957345971564,ELECTRE-III,1
118,0065,0,0,"[9.048077952015536, -11.428937608935765]","[np.float64(10.22615855566197), np.float64(-9.42958483369425)]",2026-06-13 10:47:20,449.20395472897263,1,2.6301683886807936,255.3397754279712,20.199817731360447,60.6265076014607,14.686180470109115,4,4,3,554,9,0.14027777777777778,13.283402692331336,0.6528436018957346,ELECTRE-III,1
119,0404,1,0,"[9.048077952015536, -11.428937608935765]","[np.float64(9.919447044330399), np.float64(-13.04980515197564)]",2026-06-13 10:47:20,190.17508322771002,1,2.1514093135208125,202.45790499523267,16.26334232398314,57.35708046088319,26.060720588956478,2,2,2,782,7,0.14027777777777778,26.481553922289812,0.518957345971564,ELECTRE-III,1
119,0404,1,0,"[9.048077952015536, -11.428937608935765]","[np.float64(9.919447044330399), np.float64(-13.04980515197564)]",2026-06-13 10:47:20,190.17508322771002,1,2.1514093135208125,202.45790499523267,16.26334232398314,57.35708046088319,26.060720588956478,2,2,2,782,7,0.14027777777777778,26.481553922289812,0.518957345971564,ELECTRE-III,1
120,0065,0,0,"[8.446611493704214, -11.55893830695591]","[np.float64(10.22615855566197), np.float64(-9.42958483369425)]",2026-06-13 10:47:30,449.20395472897263,1,2.6301683886807936,306.16438935737057,23.80510860532384,60.66207922665813,13.686180470109115,4,4,3,554,9,0.140625,14.248680470109115,0.6528436018957346,ELECTRE-III,1
121,0404,1,0,"[8.446611493704214, -11.55893830695591]","[np.float64(9.919447044330399), np.float64(-13.04980515197564)]",2026-06-13 10:47:30,190.17508322771002,1,2.1514093135208125,231.52055865311596,18.448859078083544,57.39330095405177,20.060720588956478,2,2,2,782,7,0.140625,18.795095588956478,0.518957345971564,ELECTRE-III,1
121,0404,1,0,"[8.446611493704214, -11.55893830695591]","[np.float64(9.919447044330399), np.float64(-13.04980515197564)]",2026-06-13 10:47:30,190.17508322771002,1,2.1514093135208125,231.52055865311596,18.448859078083544,57.39330095405177,20.060720588956478,2,2,2,782,7,0.140625,18.795095588956478,0.518957345971564,ELECTRE-III,1
122,0065,0,0,"[7.845135643882782, -11.688663236088315]","[np.float64(10.22615855566197), np.float64(-9.42958483369425)]",2026-06-13 10:47:40,449.20395472897263,1,2.6301683886807936,362.8104178923446,27.599739722239477,60.697644021666385,17.686180470109115,4,4,3,554,9,0.14097222222222222,18.81395824788689,0.6528436018957346,ELECTRE-III,1
123,0404,1,0,"[7.845135643882782, -11.688663236088315]","[np.float64(9.919447044330399), np.float64(-13.04980515197564)]",2026-06-13 10:47:40,190.17508322771002,1,2.1514093135208125,274.88114759682696,21.60764408120243,57.429521447220345,27.060720588956478,2,2,2,782,7,0.14097222222222222,27.906553922289813,0.518957345971564,ELECTRE-III,1
124,0404,1,0,"[7.243652110098534, -11.8181311793532]","[np.float64(9.919447044330399), np.float64(-13.04980515197564)]",2026-06-13 10:47:50,190.17508322771002,1,2.1514093135208125,326.89903179378933,25.222126942476496,57.46572828001058,22.060720588956478,2,2,2,782,7,0.14131944444444444,21.919401144512033,0.518957345971564,ELECTRE-III,1
125,0404,1,0,"[6.642163026785585, -11.947363481091719]","[np.float64(9.919447044330399), np.float64(-13.04980515197564)]",2026-06-13 10:48:00,190.17508322771002,1,2.1514093135208125,384.0725765339539,28.960962011222783,57.501935112800815,24.060720588956478,2,2,2,782,7,0.14166666666666666,24.627387255623145,0.518957345971564,ELECTRE-III,1
126,0381,0,0,"[-4.988246806532161, -39.12197460347196]","[np.float64(-4.793908467388751), np.float64(-42.76470313767426)]",2026-06-13 12:30:00,160.76947027984139,1,4.586092934058506,404.1559671647215,30.2146948709181,45.61991605149861,18.06807868739868,4,4,3,1498,14,0.3541666666666667,18.06807868739868,1.0,ELECTRE-III,1
127,0381,0,0,"[-5.589539948793295, -39.250631461772905]","[np.float64(-4.793908467388751), np.float64(-42.76470313767426)]",2026-06-13 12:30:10,160.76947027984139,1,4.586092934058506,399.07081022177425,29.900192994157962,45.65138956319403,17.06807868739868,4,4,3,1498,14,0.3545138888888889,13.522939798509789,1.0,ELECTRE-III,1
128,0381,0,0,"[-6.1908087585055105, -39.37946590499227]","[np.float64(-4.793908467388751), np.float64(-42.76470313767426)]",2026-06-13 12:30:20,160.76947027984139,1,4.586092934058506,405.60409116300826,30.303891544916326,45.68284599941652,20.06807868739868,4,4,3,1498,14,0.3548611111111111,20.42293979850979,1.0,ELECTRE-III,1
129,0132,0,0,"[-17.007611580533215, -41.75250584908648]","[np.float64(-19.82547323691054), np.float64(-43.24791686704562)]",2026-06-13 12:33:20,472.67019480324586,1,6.7590512401053005,350.7998124357348,26.815467386804993,35.116782410027746,12.442618806246042,3,3,3,1089,7,0.3611111111111111,10.998174361801597,0.518957345971564,ELECTRE-III,1
130,0132,0,0,"[-17.60810473688781, -41.888761292839064]","[np.float64(-19.82547323691054), np.float64(-43.24791686704562)]",2026-06-13 12:33:30,472.67019480324586,1,6.7590512401053005,285.0917617566294,22.33261559160198,35.14195507221383,11.442618806246042,3,3,3,1089,7,0.3614583333333333,9.635327139579376,0.518957345971564,ELECTRE-III,1
131,0132,0,0,"[-18.208541544181756, -42.02564511399529]","[np.float64(-19.82547323691054), np.float64(-43.24791686704562)]",2026-06-13 12:33:40,472.67019480324586,1,6.7590512401053005,220.9865465236353,17.662745456925414,35.16711065892699,11.442618806246042,3,3,3,1089,7,0.36180555555555555,12.889841028468265,0.518957345971564,ELECTRE-III,1
132,0237,1,0,"[-18.208541544181756, -42.02564511399529]","[np.float64(-20.9452415423945), np.float64(-39.87658613409322)]",2026-06-13 12:33:40,818.0316041497487,1,2.9161852738138903,378.52616883568624,28.609232538772464,36.24298839660906,13.442618806246042,3,3,3,745,5,0.36180555555555555,12.357202139579375,0.33175355450236965,ELECTRE-III,1
133,0106,0,0,"[-18.808918587320463, -42.163188048406425]","[np.float64(-20.36284793492202), np.float64(-45.1790639650761)]",2026-06-13 12:33:50,54.19004377692197,1,3.926833501675378,360.09408860709897,27.423334379387782,33.60519665990681,16.188019994719667,2,2,2,1122,5,0.36215277777777777,17.998783883608557,0.33175355450236965,ELECTRE-III,1
134,0132,0,0,"[-18.808918587320463, -42.163188048406425]","[np.float64(-19.82547323691054), np.float64(-43.24791686704562)]",2026-06-13 12:33:50,472.67019480324586,1,6.7590512401053005,160.41497062711076,13.015083199625073,35.19224575507263,9.442618806246042,3,3,3,1089,7,0.36215277777777777,9.080466028468264,0.518957345971564,ELECTRE-III,1
135,0237,1,0,"[-18.808918587320463, -42.163188048406425]","[np.float64(-20.9452415423945), np.float64(-39.87658613409322)]",2026-06-13 12:33:50,818.0316041497487,1,2.9161852738138903,337.03622526339564,25.90320206367758,36.26610175676038,13.442618806246042,3,3,3,745,5,0.36215277777777777,15.615535472912708,0.33175355450236965,ELECTRE-III,1
136,0106,0,0,"[-19.409232451209345, -42.30141400173456]","[np.float64(-20.36284793492202), np.float64(-45.1790639650761)]",2026-06-13 12:34:00,54.19004377692197,1,3.926833501675378,319.029574713505,24.688090139897035,33.63093281269942,20.188019994719667,2,2,2,1122,5,0.3625,23.088019994719666,0.33175355450236965,ELECTRE-III,1
137,0132,0,0,"[-19.409232451209345, -42.30141400173456]","[np.float64(-19.82547323691054), np.float64(-43.24791686704562)]",2026-06-13 12:34:00,472.67019480324586,1,6.7590512401053005,109.40916340344401,8.958949903856503,35.21736036065077,17.442618806246042,3,3,3,1089,7,0.3625,15.267618806246041,0.518957345971564,ELECTRE-III,1
138,0237,1,0,"[-19.409232451209345, -42.30141400173456]","[np.float64(-20.9452415423945), np.float64(-39.87658613409322)]",2026-06-13 12:34:00,818.0316041497487,1,2.9161852738138903,305.31195749374655,23.746171410625895,36.28919121124961,20.442618806246042,3,3,3,745,5,0.3625,19.71761880624604,0.33175355450236965,ELECTRE-III,1
139,0287,0,0,"[-19.409232451209345, -42.30141400173456]","[np.float64(-22.55121870780887), np.float64(-43.45574144926327)]",2026-06-13 12:34:00,346.3699787817411,1,3.9868414335513886,369.3502728221399,28.022131475783116,32.98948584208143,16.191699043940766,2,2,2,605,5,0.3625,12.566699043940766,0.33175355450236965,ELECTRE-III,1
140,0106,0,0,"[-20.00948142830111, -42.44035370983096]","[np.float64(-20.36284793492202), np.float64(-45.1790639650761)]",2026-06-13 12:34:10,54.19004377692197,1,3.926833501675378,288.5100179346485,22.57365687279587,33.656648474924516,22.188019994719667,2,2,2,1122,5,0.3628472222222222,18.559547772497446,0.33175355450236965,ELECTRE-III,1
141,0132,0,0,"[-20.00948142830111, -42.44035370983096]","[np.float64(-19.82547323691054), np.float64(-43.24791686704562)]",2026-06-13 12:34:10,472.67019480324586,1,6.7590512401053005,86.86963730723942,7.134741294718529,35.24246130585057,9.442618806246042,3,3,3,1089,7,0.3628472222222222,11.256854917357153,0.518957345971564,ELECTRE-III,1
142,0237,1,0,"[-20.00948142830111, -42.44035370983096]","[np.float64(-20.9452415423945), np.float64(-39.87658613409322)]",2026-06-13 12:34:10,818.0316041497487,1,2.9161852738138903,286.6120813344559,22.439925715243447,36.31226359026591,19.442618806246042,3,3,3,745,5,0.3628472222222222,18.354077139579374,0.33175355450236965,ELECTRE-III,1
142,0237,1,0,"[-20.00948142830111, -42.44035370983096]","[np.float64(-20.9452415423945), np.float64(-39.87658613409322)]",2026-06-13 12:34:10,818.0316041497487,1,2.9161852738138903,286.6120813344559,22.439925715243447,36.31226359026591,19.442618806246042,3,3,3,745,5,0.3628472222222222,18.354077139579374,0.33175355450236965,ELECTRE-III,1
143,0287,0,0,"[-20.00948142830111, -42.44035370983096]","[np.float64(-22.55121870780887), np.float64(-43.45574144926327)]",2026-06-13 12:34:10,346.3699787817411,1,3.9868414335513886,301.5708171713073,23.48687808404266,33.01360665513533,16.191699043940766,2,2,2,605,5,0.3628472222222222,12.563226821718544,0.33175355450236965,ELECTRE-III,1
144,0106,0,0,"[-20.609665518595765, -42.5800344934523]","[np.float64(-20.36284793492202), np.float64(-45.1790639650761)]",2026-06-13 12:34:20,54.19004377692197,1,3.926833501675378,272.10633249014114,21.40935371354468,33.682350476771276,19.188019994719667,2,2,2,1122,5,0.36319444444444443,17.008853328053,0.33175355450236965,ELECTRE-III,1
145,0132,0,0,"[-20.609665518595765, -42.5800344934523]","[np.float64(-19.82547323691054), np.float64(-43.24791686704562)]",2026-06-13 12:34:20,472.67019480324586,1,6.7590512401053005,111.62466938444535,9.137335447914708,35.26753834538827,13.442618806246042,3,3,3,1089,7,0.36319444444444443,10.537063250690487,0.518957345971564,ELECTRE-III,1
146,0237,1,0,"[-20.609665518595765, -42.5800344934523]","[np.float64(-20.9452415423945), np.float64(-39.87658613409322)]",2026-06-13 12:34:20,818.0316041497487,1,2.9161852738138903,283.5224320506635,22.221672682352477,36.335312063620115,20.442618806246042,3,3,3,745,5,0.36319444444444443,22.258591028468263,0.33175355450236965,ELECTRE-III,1
146,0237,1,0,"[-20.609665518595765, -42.5800344934523]","[np.float64(-20.9452415423945), np.float64(-39.87658613409322)]",2026-06-13 12:34:20,818.0316041497487,1,2.9161852738138903,283.5224320506635,22.221672682352477,36.335312063620115,20.442618806246042,3,3,3,745,5,0.36319444444444443,22.258591028468263,0.33175355450236965,ELECTRE-III,1
147,0287,0,0,"[-20.609665518595765, -42.5800344934523]","[np.float64(-22.55121870780887), np.float64(-43.45574144926327)]",2026-06-13 12:34:20,346.3699787817411,1,3.9868414335513886,234.10866414112104,18.640915917045977,33.0377103927163,14.191699043940766,2,2,2,605,5,0.36319444444444443,12.012532377274098,0.33175355450236965,ELECTRE-III,1
148,0106,0,0,"[-21.209779599451426, -42.72049050354444]","[np.float64(-20.36284793492202), np.float64(-45.1790639650761)]",2026-06-13 12:34:30,54.19004377692197,1,3.926833501675378,272.3795565256851,21.428902499676568,33.70803540314511,18.188019994719667,2,2,2,1122,5,0.36354166666666665,19.278644994719667,0.33175355450236965,ELECTRE-III,1
149,0132,0,0,"[-21.209779599451426, -42.72049050354444]","[np.float64(-19.82547323691054), np.float64(-43.24791686704562)]",2026-06-13 12:34:30,472.67019480324586,1,6.7590512401053005,163.43378251963117,13.25144510180488,35.29260172454763,12.442618806246042,3,3,3,1089,7,0.36354166666666665,13.896785472912708,0.518957345971564,ELECTRE-III,1
150,0237,1,0,"[-21.209779599451426, -42.72049050354444]","[np.float64(-20.9452415423945), np.float64(-39.87658613409322)]",2026-06-13 12:34:30,818.0316041497487,1,2.9161852738138903,296.52915636383466,23.13582876041873,36.358340046406816,11.442618806246042,3,3,3,745,5,0.36354166666666665,12.533243806246041,0.33175355450236965,ELECTRE-III,1
150,0237,1,0,"[-21.209779599451426, -42.72049050354444]","[np.float64(-20.9452415423945), np.float64(-39.87658613409322)]",2026-06-13 12:34:30,818.0316041497487,1,2.9161852738138903,296.52915636383466,23.13582876041873,36.358340046406816,11.442618806246042,3,3,3,745,5,0.36354166666666665,12.533243806246041,0.33175355450236965,ELECTRE-III,1
151,0287,0,0,"[-21.209779599451426, -42.72049050354444]","[np.float64(-22.55121870780887), np.float64(-43.45574144926327)]",2026-06-13 12:34:30,346.3699787817411,1,3.9868414335513886,167.34547307351613,13.557033401017376,33.061793639729764,15.191699043940766,2,2,2,605,5,0.36354166666666665,13.010449043940765,0.33175355450236965,ELECTRE-III,1
152,0106,0,0,"[-21.809823670868095, -42.861752475958646]","[np.float64(-20.36284793492202), np.float64(-45.1790639650761)]",2026-06-13 12:34:40,54.19004377692197,1,3.926833501675378,289.2816260089049,22.62795139378055,33.73370325404601,22.188019994719667,2,2,2,1122,5,0.3638888888888889,24.00746443916411,0.33175355450236965,ELECTRE-III,1
153,0132,0,0,"[-21.809823670868095, -42.861752475958646]","[np.float64(-19.82547323691054), np.float64(-43.24791686704562)]",2026-06-13 12:34:40,472.67019480324586,1,6.7590512401053005,224.2701964567019,17.90854491695187,35.317644613139485,12.442618806246042,3,3,3,1089,7,0.3638888888888889,10.987063250690486,0.518957345971564,ELECTRE-III,1
154,0237,1,0,"[-21.809823670868095, -42.861752475958646]","[np.float64(-20.9452415423945), np.float64(-39.87658613409322)]",2026-06-13 12:34:40,818.0316041497487,1,2.9161852738138903,323.6952025130608,25.00526803347841,36.381347538626,14.442618806246042,3,3,3,745,5,0.3638888888888889,10.803729917357153,0.33175355450236965,ELECTRE-III,1
155,0287,0,0,"[-21.809823670868095, -42.861752475958646]","[np.float64(-22.55121870780887), np.float64(-43.45574144926327)]",2026-06-13 12:34:40,346.3699787817411,1,3.9868414335513886,102.6491677214657,8.413586644596489,33.0858598112703,16.191699043940766,2,2,2,605,5,0.3638888888888889,15.827810155051877,0.33175355450236965,ELECTRE-III,1
156,0106,0,0,"[-22.40979431775118, -43.00384773145159]","[np.float64(-20.36284793492202), np.float64(-45.1790639650761)]",2026-06-13 12:34:50,54.19004377692197,1,3.926833501675378,320.1893758714841,24.767087354551563,33.759350614379414,18.188019994719667,2,2,2,1122,5,0.3642361111111111,16.002603328053,0.33175355450236965,ELECTRE-III,1
157,0132,0,0,"[-22.40979431775118, -43.00384773145159]","[np.float64(-19.82547323691054), np.float64(-43.24791686704562)]",2026-06-13 12:34:50,472.67019480324586,1,6.7590512401053005,288.47656774779654,22.571302168036347,35.342667011163826,11.442618806246042,3,3,3,1089,7,0.3642361111111111,8.164493806246043,0.518957345971564,ELECTRE-III,1
158,0237,1,0,"[-22.40979431775118, -43.00384773145159]","[np.float64(-20.9452415423945), np.float64(-39.87658613409322)]",2026-06-13 12:34:50,818.0316041497487,1,2.9161852738138903,361.842774174483,27.536963349337878,36.40433454027768,14.442618806246042,3,3,3,745,5,0.3642361111111111,14.07838269513493,0.33175355450236965,ELECTRE-III,1
159,0287,0,0,"[-22.40979431775118, -43.00384773145159]","[np.float64(-22.55121870780887), np.float64(-43.45574144926327)]",2026-06-13 12:34:50,346.3699787817411,1,3.9868414335513886,49.020775537600066,4.040383774762577,33.109908907337925,21.191699043940766,2,2,2,605,5,0.3642361111111111,24.105587932829653,0.33175355450236965,ELECTRE-III,1
160,0106,0,0,"[-23.009689832553402, -43.146813836063714]","[np.float64(-20.36284793492202), np.float64(-45.1790639650761)]",2026-06-13 12:35:00,54.19004377692197,1,3.926833501675378,361.5273057945785,27.51648165729363,33.78498089923988,22.188019994719667,2,2,2,1122,5,0.3645833333333333,18.542186661386335,0.33175355450236965,ELECTRE-III,1
161,0132,0,0,"[-23.009689832553402, -43.146813836063714]","[np.float64(-19.82547323691054), np.float64(-43.24791686704562)]",2026-06-13 12:35:00,472.67019480324586,1,6.7590512401053005,354.22381690567494,27.04017352301855,35.36767233371524,15.442618806246042,3,3,3,1089,7,0.3645833333333333,13.255118806246042,0.518957345971564,ELECTRE-III,1
162,0237,1,0,"[-23.009689832553402, -43.146813836063714]","[np.float64(-20.9452415423945), np.float64(-39.87658613409322)]",2026-06-13 12:35:00,818.0316041497487,1,2.9161852738138903,407.9008043832317,30.445024526927355,36.42730105136185,14.442618806246042,3,3,3,745,5,0.3645833333333333,16.26553547291271,0.33175355450236965,ELECTRE-III,1
163,0287,0,0,"[-23.009689832553402, -43.146813836063714]","[np.float64(-22.55121870780887), np.float64(-43.45574144926327)]",2026-06-13 12:35:00,346.3699787817411,1,3.9868414335513886,60.01682914960664,4.942617995367053,33.133937512838024,19.191699043940766,2,2,2,605,5,0.3645833333333333,21.014615710607433,0.33175355450236965,ELECTRE-III,1
164,0287,0,0,"[-23.609506800180167, -43.29068152564628]","[np.float64(-22.55121870780887), np.float64(-43.45574144926327)]",2026-06-13 12:35:10,346.3699787817411,1,3.9868414335513886,118.88155704377556,9.720370536898628,33.15794562777062,18.191699043940766,2,2,2,605,5,0.36493055555555554,14.907324043940765,0.33175355450236965,ELECTRE-III,1
165,0287,0,0,"[-24.209245220631477, -43.435484951145135]","[np.float64(-22.55121870780887), np.float64(-43.45574144926327)]",2026-06-13 12:35:20,346.3699787817411,1,3.9868414335513886,184.37598774417444,14.878168070483524,33.18193666723029,12.191699043940766,2,2,2,605,5,0.36527777777777776,15.479199043940765,0.33175355450236965,ELECTRE-III,1
166,0287,0,0,"[-24.808898263718163, -43.5812650936953]","[np.float64(-22.55121870780887), np.float64(-43.45574144926327)]",2026-06-13 12:35:30,346.3699787817411,1,3.9868414335513886,251.3680130388062,19.910475368101636,33.20591063121704,19.191699043940766,2,2,2,605,5,0.365625,19.557324043940767,0.33175355450236965,ELECTRE-III,1
167,0287,0,0,"[-25.408467636987513, -43.72805268914804]","[np.float64(-22.55121870780887), np.float64(-43.45574144926327)]",2026-06-13 12:35:40,346.3699787817411,1,3.9868414335513886,318.913940351636,24.68020847016906,33.22986410463627,13.191699043940766,2,2,2,605,5,0.3659722222222222,10.263921266162988,0.33175355450236965,ELECTRE-III,1
168,0287,0,0,"[-26.007948217797654, -43.875888718638386]","[np.float64(-22.55121870780887), np.float64(-43.45574144926327)]",2026-06-13 12:35:50,346.3699787817411,1,3.9868414335513886,386.722126513372,29.12814745317112,33.25380050258258,12.191699043940766,2,2,2,605,5,0.3663194444444444,8.528504599496321,0.33175355450236965,ELECTRE-III,1
169,0297,0,0,"[-18.411206917234374, -66.76654030678951]","[np.float64(-21.4902902963777), np.float64(-64.83707616408573)]",2026-06-13 14:12:30,304.30935286120587,1,4.829404780188357,397.3417761672051,29.792802190062417,35.66052693966329,11.817158925093404,1,1,1,1104,13,0.5677083333333334,11.817158925093404,0.8566350710900474,ELECTRE-III,1
170,0297,0,0,"[-19.011561762258278, -66.90431205253785]","[np.float64(-21.4902902963777), np.float64(-64.83707616408573)]",2026-06-13 14:12:40,304.30935286120587,1,4.829404780188357,349.950044251928,26.759561296900458,35.68354809226082,13.817158925093404,1,1,1,1104,13,0.5680555555555555,14.385214480648958,0.8566350710900474,ELECTRE-III,1
171,0297,0,0,"[-19.61185513557965, -67.04277364739234]","[np.float64(-21.4902902963777), np.float64(-64.83707616408573)]",2026-06-13 14:12:50,304.30935286120587,1,4.829404780188357,310.4211961507843,24.098623691838988,35.706552169385425,11.817158925093404,1,1,1,1104,13,0.5684027777777778,6.133131147315625,0.8566350710900474,ELECTRE-III,1
172,0297,0,0,"[-20.212083622103908, -67.18195924229886]","[np.float64(-21.4902902963777), np.float64(-64.83707616408573)]",2026-06-13 14:13:00,304.30935286120587,1,4.829404780188357,282.0782889496711,22.119424437434223,35.72953234084793,9.817158925093404,1,1,1,1104,13,0.56875,8.110908925093405,0.8566350710900474,ELECTRE-III,1
173,0297,0,0,"[-20.812243806736465, -67.32190298820325]","[np.float64(-21.4902902963777), np.float64(-64.83707616408573)]",2026-06-13 14:13:10,304.30935286120587,1,4.829404780188357,268.4851939178956,21.14977327287057,35.75249202174293,18.817158925093402,1,1,1,1104,13,0.5690972222222223,18.817158925093402,0.8566350710900474,ELECTRE-III,1
174,0297,0,0,"[-21.412335689477324, -67.46262537567303]","[np.float64(-21.4902902963777), np.float64(-64.83707616408573)]",2026-06-13 14:13:20,304.30935286120587,1,4.829404780188357,271.8595409019404,21.391691633889835,35.775434627165005,10.817158925093404,1,1,1,1104,13,0.5694444444444444,15.372714480648959,0.8566350710900474,ELECTRE-III,1
175,0297,0,0,"[-22.012355855231895, -67.6041673858432]","[np.float64(-21.4902902963777), np.float64(-64.83707616408573)]",2026-06-13 14:13:30,304.30935286120587,1,4.829404780188357,291.61119600102273,22.791612333758348,35.79835332692498,10.817158925093404,1,1,1,1104,13,0.5697916666666667,6.25882559176007,0.8566350710900474,ELECTRE-III,1
176,0297,0,0,"[-22.612302596452892, -67.74654950928128]","[np.float64(-21.4902902963777), np.float64(-64.83707616408573)]",2026-06-13 14:13:40,304.30935286120587,1,4.829404780188357,324.76219779634835,25.07757562527901,35.82125153611745,15.817158925093404,1,1,1,1104,13,0.5701388888888889,19.237992258426736,0.8566350710900474,ELECTRE-III,1
177,0297,0,0,"[-23.212172498045724, -67.88981955731147]","[np.float64(-21.4902902963777), np.float64(-64.83707616408573)]",2026-06-13 14:13:50,304.30935286120587,1,4.829404780188357,367.7051387094929,27.91618597158369,35.84413266983699,18.817158925093402,1,1,1,1104,13,0.5704861111111111,17.10570059176007,0.8566350710900474,ELECTRE-III,1
178,0399,0,0,"[-29.804951122698, -69.53437201509963]","[np.float64(-33.13217557972659), np.float64(-68.94243257995237)]",2026-06-13 14:15:40,100.97823539776887,1,3.468435066242505,374.2036670615841,28.333473708565815,24.5127890726306,25.311640351261754,1,1,1,1488,8,0.5743055555555555,24.7373347957062,0.6125592417061612,ELECTRE-III,1
179,0210,0,0,"[-30.40369233553049, -69.69117949806478]","[np.float64(-33.0491248747741), np.float64(-71.6499149451426)]",2026-06-13 14:15:50,326.145420214933,1,6.669076920294665,347.613453593636,26.605553624111987,23.2506025574108,24.315319400482853,4,4,3,1344,13,0.5746527777777778,19.143444400482853,0.8566350710900474,ELECTRE-III,1
180,0399,0,0,"[-30.40369233553049, -69.69117949806478]","[np.float64(-33.13217557972659), np.float64(-68.94243257995237)]",2026-06-13 14:15:50,100.97823539776887,1,3.468435066242505,311.5384347253159,24.17543787736829,24.532972281627988,18.311640351261754,1,1,1,1488,8,0.5746527777777778,17.162334795706197,0.6125592417061612,ELECTRE-III,1
181,0210,0,0,"[-31.002317435147088, -69.84941449056647]","[np.float64(-33.0491248747741), np.float64(-71.6499149451426)]",2026-06-13 14:16:00,326.145420214933,1,6.669076920294665,283.9064814409884,22.248839107811094,23.27191104007395,21.315319400482853,4,4,3,1344,13,0.575,17.290319400482854,0.8566350710900474,ELECTRE-III,1
182,0399,0,0,"[-31.002317435147088, -69.84941449056647]","[np.float64(-33.13217557972659), np.float64(-68.94243257995237)]",2026-06-13 14:16:00,100.97823539776887,1,3.468435066242505,251.77497756080763,19.940171681527975,24.55313670760516,25.311640351261754,1,1,1,1488,8,0.575,29.336640351261753,0.6125592417061612,ELECTRE-III,1
183,0210,0,0,"[-31.600823006453208, -70.0091179737397]","[np.float64(-33.0491248747741), np.float64(-71.6499149451426)]",2026-06-13 14:16:10,326.145420214933,1,6.669076920294665,222.9386619598654,17.808953724234513,23.29320244726417,22.315319400482853,4,4,3,1344,13,0.5753472222222222,18.287888844927295,0.8566350710900474,ELECTRE-III,1
184,0399,0,0,"[-31.600823006453208, -70.0091179737397]","[np.float64(-33.13217557972659), np.float64(-68.94243257995237)]",2026-06-13 14:16:10,100.97823539776887,1,3.468435066242505,197.56045579326428,15.890023167447078,24.573285765656696,24.311640351261754,1,1,1,1488,8,0.5753472222222222,20.284209795706197,0.6125592417061612,ELECTRE-III,1
185,0210,0,0,"[-32.19920563435427, -70.17034458909785]","[np.float64(-33.0491248747741), np.float64(-71.6499149451426)]",2026-06-13 14:16:20,326.145420214933,1,6.669076920294665,167.72101545829548,13.586330426888205,23.31447848652876,24.315319400482853,4,4,3,1344,13,0.5756944444444444,20.861152733816187,0.8566350710900474,ELECTRE-III,1
186,0399,0,0,"[-32.19920563435427, -70.17034458909785]","[np.float64(-33.13217557972659), np.float64(-68.94243257995237)]",2026-06-13 14:16:20,100.97823539776887,1,3.468435066242505,154.83292877012977,12.576845254459517,24.593416040688016,24.311640351261754,1,1,1,1488,8,0.5756944444444444,19.7060847957062,0.6125592417061612,ELECTRE-III,1
187,0210,0,0,"[-32.79746531885027, -70.33314897815428]","[np.float64(-33.0491248747741), np.float64(-71.6499149451426)]",2026-06-13 14:16:30,326.145420214933,1,6.669076920294665,126.0474903569489,10.294111042548831,23.335737450320423,15.315319400482853,4,4,3,1344,13,0.5760416666666667,10.706986067149519,0.8566350710900474,ELECTRE-III,1
188,0399,0,0,"[-32.79746531885027, -70.33314897815428]","[np.float64(-33.13217557972659), np.float64(-68.94243257995237)]",2026-06-13 14:16:30,100.97823539776887,1,3.468435066242505,134.97572195352313,11.006028989213709,24.613527532699116,19.311640351261754,1,1,1,1488,8,0.5760416666666667,23.34393201792842,0.6125592417061612,ELECTRE-III,1
189,0210,0,0,"[-33.39559181465746, -70.49759261261151]","[np.float64(-33.0491248747741), np.float64(-71.6499149451426)]",2026-06-13 14:16:40,326.145420214933,1,6.669076920294665,113.9016037412738,9.320481007869146,23.356979338639164,15.315319400482853,4,4,3,1344,13,0.5763888888888888,13.009763844927297,0.8566350710900474,ELECTRE-III,1
190,0399,0,0,"[-33.39559181465746, -70.49759261261151]","[np.float64(-33.13217557972659), np.float64(-68.94243257995237)]",2026-06-13 14:16:40,100.97823539776887,1,3.468435066242505,147.5280858554681,12.001092589299763,24.633621949237295,23.311640351261754,1,1,1,1488,8,0.5763888888888888,19.853307017928422,0.6125592417061612,ELECTRE-III,1
191,0210,0,0,"[-33.99358512177583, -70.66373696417207]","[np.float64(-33.0491248747741), np.float64(-71.6499149451426)]",2026-06-13 14:16:50,326.145420214933,1,6.669076920294665,139.23412168316494,11.344390390025508,23.37820585903227,15.315319400482853,4,4,3,1344,13,0.5767361111111111,16.468791622705076,0.8566350710900474,ELECTRE-III,1
192,0399,0,0,"[-33.99358512177583, -70.66373696417207]","[np.float64(-33.13217557972659), np.float64(-68.94243257995237)]",2026-06-13 14:16:50,100.97823539776887,1,3.468435066242505,186.03789654116184,15.006251208327313,24.653699290302548,22.311640351261754,1,1,1,1488,8,0.5767361111111111,17.697751462372864,0.6125592417061612,ELECTRE-III,1
193,0210,0,0,"[-34.59143841001622, -70.83164350453849]","[np.float64(-33.0491248747741), np.float64(-71.6499149451426)]",2026-06-13 14:17:00,326.145420214933,1,6.669076920294665,187.41581970939458,15.112331383299043,23.39941359640516,23.315319400482853,4,4,3,1344,13,0.5770833333333333,26.77781940048285,0.8566350710900474,ELECTRE-III,1
194,0399,0,0,"[-34.59143841001622, -70.83164350453849]","[np.float64(-33.13217557972659), np.float64(-68.94243257995237)]",2026-06-13 14:17:00,100.97823539776887,1,3.468435066242505,238.23027927753125,18.945874945048185,24.673759555894875,16.311640351261754,1,1,1,1488,8,0.5770833333333333,21.505390351261752,0.6125592417061612,ELECTRE-III,1
195,0210,0,0,"[-35.18914484918945, -71.00137370541331]","[np.float64(-33.0491248747741), np.float64(-71.6499149451426)]",2026-06-13 14:17:10,326.145420214933,1,6.669076920294665,245.33266938988626,19.468770717117184,23.420605965852417,23.315319400482853,4,4,3,1344,13,0.5774305555555556,24.470180511593963,0.8566350710900474,ELECTRE-III,1
196,0399,0,0,"[-35.18914484918945, -71.00137370541331]","[np.float64(-33.13217557972659), np.float64(-68.94243257995237)]",2026-06-13 14:17:10,100.97823539776887,1,3.468435066242505,296.97395242649014,23.166874265516306,24.693801038466983,18.311640351261754,1,1,1,1488,8,0.5774305555555556,21.776223684595088,0.6125592417061612,ELECTRE-III,1
197,0210,0,0,"[-35.78670443929553, -71.17300269887738]","[np.float64(-33.0491248747741), np.float64(-71.6499149451426)]",2026-06-13 14:17:20,326.145420214933,1,6.669076920294665,307.5313466393446,23.899508534758155,23.441782967374042,18.315319400482853,4,4,3,1344,13,0.5777777777777777,18.893097178260632,0.8566350710900474,ELECTRE-III,1
198,0399,0,0,"[-35.78670443929553, -71.17300269887738]","[np.float64(-33.13217557972659), np.float64(-68.94243257995237)]",2026-06-13 14:17:20,100.97823539776887,1,3.468435066242505,359.0663865127968,27.35644532182989,24.713823738018878,24.311640351261754,1,1,1,1488,8,0.5777777777777777,28.933862573483978,0.6125592417061612,ELECTRE-III,1
199,0210,0,0,"[-36.38411035014527, -71.34659878682244]","[np.float64(-33.0491248747741), np.float64(-71.6499149451426)]",2026-06-13 14:17:30,326.145420214933,1,6.669076920294665,371.8681051599908,28.183875118669633,23.46294118587545,23.315319400482853,4,4,3,1344,13,0.578125,21.002819400482853,0.8566350710900474,ELECTRE-III,1
200,0079,0,0,"[54.46677663056557, 89.50902118618097]","[np.float64(56.88911993583032), np.float64(84.62325407926258)]",2026-06-13 15:12:00,989.1963429990627,2,2.155232635355786,407.7265308382204,30.43432970831567,0.017945616680434352,16.06439963817758,4,4,3,715,7,0.6916666666666667,21.597732971510915,0.518957345971564,ELECTRE-III,1
201,0079,0,0,"[55.05634489934273, 89.20791912681013]","[np.float64(56.88911993583032), np.float64(84.62325407926258)]",2026-06-13 15:12:10,989.1963429990627,2,2.155232635355786,350.47263145978314,26.79394873270587,0.005281073167913767,22.06439963817758,4,4,3,715,7,0.6920138888888889,24.832455193733136,0.518957345971564,ELECTRE-III,1
202,0149,0,0,"[48.59665934085732, -74.70987272659592]","[np.float64(45.14600795418758), np.float64(-74.22434035818429)]",2026-06-13 15:32:40,427.23138280533135,1,3.5030292147617503,385.4642046202691,29.04884068820336,62.18081959993465,15.068078687398678,4,4,3,963,10,0.7347222222222223,10.659745354065345,0.6907582938388626,ELECTRE-III,1
203,0149,0,0,"[48.00239531702578, -74.94670270587694]","[np.float64(45.14600795418758), np.float64(-74.22434035818429)]",2026-06-13 15:32:50,427.23138280533135,1,3.5030292147617503,322.3756077597876,24.915724542148592,62.201610695768174,13.068078687398678,4,4,3,963,10,0.7350694444444444,13.803148131843123,0.6907582938388626,ELECTRE-III,1
204,0149,0,0,"[47.407810274303245, -75.17907940181912]","[np.float64(45.14600795418758), np.float64(-74.22434035818429)]",2026-06-13 15:33:00,427.23138280533135,1,3.5030292147617503,261.9808547709015,20.68122213878909,62.22238130103418,19.06807868739868,4,4,3,963,10,0.7354166666666667,25.68682868739868,0.6907582938388626,ELECTRE-III,1
205,0149,0,0,"[46.81292128816264, -75.40720088990838]","[np.float64(45.14600795418758), np.float64(-74.22434035818429)]",2026-06-13 15:33:10,427.23138280533135,1,3.5030292147617503,206.656971374954,16.582300787887593,62.24312458554351,15.068078687398678,4,4,3,963,10,0.7357638888888889,9.917731465176455,0.6907582938388626,ELECTRE-III,1
206,0149,0,0,"[46.217742018982314, -75.63123792487396]","[np.float64(45.14600795418758), np.float64(-74.22434035818429)]",2026-06-13 15:33:20,427.23138280533135,1,3.5030292147617503,161.69610263179837,13.11544669191413,62.26384737948533,15.068078687398678,4,4,3,963,10,0.7361111111111112,18.748634242954235,0.6907582938388626,ELECTRE-III,1
207,0149,0,0,"[45.62228271204602, -75.85136126144513]","[np.float64(45.14600795418758), np.float64(-74.22434035818429)]",2026-06-13 15:33:30,427.23138280533135,1,3.5030292147617503,137.65812736569134,11.21925810056421,62.2845360224813,19.06807868739868,4,4,3,963,10,0.7364583333333333,16.122245354065345,0.6907582938388626,ELECTRE-III,1
208,0149,0,0,"[45.026557027732096, -76.0677279939728]","[np.float64(45.14600795418758), np.float64(-74.22434035818429)]",2026-06-13 15:33:40,427.23138280533135,1,3.5030292147617503,145.32625553316842,11.827059723551749,62.305211005098926,15.068078687398678,4,4,3,963,10,0.7368055555555556,14.331273131843123,0.6907582938388626,ELECTRE-III,1
209,0149,0,0,"[44.43057521132429, -76.28049521680786]","[np.float64(45.14600795418758), np.float64(-74.22434035818429)]",2026-06-13 15:33:50,427.23138280533135,1,3.5030292147617503,180.70925533787766,14.595036060993685,62.3258518367707,20.06807868739868,4,4,3,963,10,0.7371527777777778,17.11946757628757,0.6907582938388626,ELECTRE-III,1
210,0448,0,0,"[44.43057521132429, -76.28049521680786]","[np.float64(42.04516368060606), np.float64(-72.70264486012896)]",2026-06-13 15:33:50,902.4668737394572,2,6.849102575195936,392.81181017664414,29.51034941661375,65.28436876632924,18.311640351261754,2,2,2,1139,4,0.7371527777777778,13.888723684595089,0.19312796208530805,ELECTRE-III,1
211,0055,0,0,"[43.83434750810637, -76.48980636392291]","[np.float64(40.51946326865131), np.float64(-76.8377454519946)]",2026-06-13 15:34:00,455.9527058673055,1,3.611156814116467,369.71118490929246,28.04534613348689,63.84515911574834,18.562560113567027,4,4,3,925,12,0.7375,18.562560113567027,0.7902843601895735,ELECTRE-III,1
212,0149,0,0,"[43.83434750810637, -76.48980636392291]","[np.float64(45.14600795418758), np.float64(-74.22434035818429)]",2026-06-13 15:34:00,427.23138280533135,1,3.5030292147617503,231.42673821519563,18.441888794785463,62.34647217787497,12.068078687398678,4,4,3,963,10,0.7375,15.018078687398678,0.6907582938388626,ELECTRE-III,1
213,0448,0,0,"[43.83434750810637, -76.48980636392291]","[np.float64(42.04516368060606), np.float64(-72.70264486012896)]",2026-06-13 15:34:00,902.4668737394572,2,6.849102575195936,366.8463122979586,27.860795499626388,65.30679227737438,17.311640351261754,2,2,2,1139,4,0.7375,16.574140351261754,0.19312796208530805,ELECTRE-III,1
214,0055,0,0,"[43.237887578456665, -76.69580486929048]","[np.float64(40.51946326865131), np.float64(-76.8377454519946)]",2026-06-13 15:34:10,455.9527058673055,1,3.611156814116467,302.50361519097254,23.55162503469987,63.87131874026949,25.562560113567027,4,4,3,925,12,0.7378472222222222,26.30040733578925,0.7902843601895735,ELECTRE-III,1
215,0149,0,0,"[43.237887578456665, -76.69580486929048]","[np.float64(45.14600795418758), np.float64(-74.22434035818429)]",2026-06-13 15:34:10,427.23138280533135,1,3.5030292147617503,289.5297633103928,22.645402572298774,62.36706519822256,11.068078687398678,4,4,3,963,10,0.7378472222222222,7.378842576287568,0.6907582938388626,ELECTRE-III,1
216,0448,0,0,"[43.237887578456665, -76.69580486929048]","[np.float64(42.04516368060606), np.float64(-72.70264486012896)]",2026-06-13 15:34:10,902.4668737394572,2,6.849102575195936,352.47552579585175,26.925550792430766,65.3291816374737,15.311640351261754,2,2,2,1139,4,0.7378472222222222,17.525182017928422,0.19312796208530805,ELECTRE-III,1
217,0485,2,0,"[43.237887578456665, -76.69580486929048]","[np.float64(40.31208734352321), np.float64(-74.64876167859748)]",2026-06-13 15:34:10,334.34484249126996,1,7.100691594538089,366.9275598420824,27.86603803095041,65.34290348751624,17.686180470109115,2,2,2,662,12,0.7378472222222222,16.948333247886893,0.7902843601895735,ELECTRE-III,1
218,0055,0,0,"[42.641198837469766, -76.89860684612651]","[np.float64(40.51946326865131), np.float64(-76.8377454519946)]",2026-06-13 15:34:20,455.9527058673055,1,3.611156814116467,235.98084731230486,18.779575990909255,63.8974647044123,24.562560113567027,4,4,3,925,12,0.7381944444444445,29.729921224678137,0.7902843601895735,ELECTRE-III,1
219,0149,0,0,"[42.641198837469766, -76.89860684612651]","[np.float64(45.14600795418758), np.float64(-74.22434035818429)]",2026-06-13 15:34:20,427.23138280533135,1,3.5030292147617503,351.3734347946703,26.853174749035286,62.387630897813466,20.06807868739868,4,4,3,963,10,0.7381944444444445,13.424328687398678,0.6907582938388626,ELECTRE-III,1
220,0321,0,0,"[42.641198837469766, -76.89860684612651]","[np.float64(40.11636173112846), np.float64(-73.39155605102516)]",2026-06-13 15:34:20,48.92581229113027,1,5.485057257942185,405.44464729281776,30.294078594814575,66.24175638228992,14.689859519330216,4,4,3,1163,11,0.7381944444444445,10.26069285266355,0.7097156398104265,ELECTRE-III,1
221,0448,0,0,"[42.641198837469766, -76.89860684612651]","[np.float64(42.04516368060606), np.float64(-72.70264486012896)]",2026-06-13 15:34:20,902.4668737394572,2,6.849102575195936,351.12445978694876,26.836811332142748,65.3515436768163,14.311640351261754,2,2,2,1139,4,0.7381944444444445,20.21719590681731,0.19312796208530805,ELECTRE-III,1
222,0485,2,0,"[42.641198837469766, -76.89860684612651]","[np.float64(40.31208734352321), np.float64(-74.64876167859748)]",2026-06-13 15:34:20,334.34484249126996,1,7.100691594538089,319.6675987208905,24.731560106531923,65.36810688555359,17.686180470109115,2,2,2,662,12,0.7381944444444445,21.377152692331336,0.7902843601895735,ELECTRE-III,1
223,0055,0,0,"[42.04429494552401, -77.09834889821437]","[np.float64(40.51946326865131), np.float64(-76.8377454519946)]",2026-06-13 15:34:30,455.9527058673055,1,3.611156814116467,170.94615950700216,13.837632855040017,63.92358334779843,16.562560113567027,4,4,3,925,12,0.7385416666666667,23.209435113567025,0.7902843601895735,ELECTRE-III,1
224,0321,0,0,"[42.04429494552401, -77.09834889821437]","[np.float64(40.11636173112846), np.float64(-73.39155605102516)]",2026-06-13 15:34:30,48.92581229113027,1,5.485057257942185,377.4176662071833,28.538651631532417,66.26639287462616,10.689859519330216,4,4,3,1163,11,0.7385416666666667,7.73569285266355,0.7097156398104265,ELECTRE-III,1
225,0448,0,0,"[42.04429494552401, -77.09834889821437]","[np.float64(42.04516368060606), np.float64(-72.70264486012896)]",2026-06-13 15:34:30,902.4668737394572,2,6.849102575195936,362.9394708179231,27.608106667335445,65.37387839540226,17.311640351261754,2,2,2,1139,4,0.7385416666666667,18.788723684595087,0.19312796208530805,ELECTRE-III,1
226,0485,2,0,"[42.04429494552401, -77.09834889821437]","[np.float64(40.31208734352321), np.float64(-74.64876167859748)]",2026-06-13 15:34:30,334.34484249126996,1,7.100691594538089,281.2767219248278,22.062607747359174,65.3932966232126,13.686180470109115,2,2,2,662,12,0.7385416666666667,8.516388803442448,0.7902843601895735,ELECTRE-III,1
227,0055,0,0,"[41.44718273280857, -77.29514713876993]","[np.float64(40.51946326865131), np.float64(-76.8377454519946)]",2026-06-13 15:34:40,455.9527058673055,1,3.611156814116467,110.07087391177974,9.012247247551468,63.94968833080622,21.562560113567027,4,4,3,925,12,0.7388888888888889,27.47367122467814,0.7902843601895735,ELECTRE-III,1
228,0321,0,0,"[41.44718273280857, -77.29514713876993]","[np.float64(40.11636173112846), np.float64(-73.39155605102516)]",2026-06-13 15:34:40,48.92581229113027,1,5.485057257942185,360.4022593477621,27.443376219577015,66.29100204620572,15.689859519330216,4,4,3,1163,11,0.7388888888888889,12.73430396377466,0.7097156398104265,ELECTRE-III,1
229,0448,0,0,"[41.44718273280857, -77.29514713876993]","[np.float64(42.04516368060606), np.float64(-72.70264486012896)]",2026-06-13 15:34:40,902.4668737394572,2,6.849102575195936,386.71532955129396,29.127719261075026,65.39619262342069,18.311640351261754,2,2,2,1139,4,0.7388888888888889,24.222751462372866,0.19312796208530805,ELECTRE-III,1
230,0485,2,0,"[41.44718273280857, -77.29514713876993]","[np.float64(40.31208734352321), np.float64(-74.64876167859748)]",2026-06-13 15:34:40,334.34484249126996,1,7.100691594538089,255.7799611634233,20.231819423170627,65.41845904011493,16.686180470109115,2,2,2,662,12,0.7388888888888889,10.775069358998003,0.7902843601895735,ELECTRE-III,1
230,0485,2,0,"[41.44718273280857, -77.29514713876993]","[np.float64(40.31208734352321), np.float64(-74.64876167859748)]",2026-06-13 15:34:40,334.34484249126996,1,7.100691594538089,255.7799611634233,20.231819423170627,65.41845904011493,16.686180470109115,2,2,2,662,12,0.7388888888888889,10.775069358998003,0.7902843601895735,ELECTRE-III,1
231,0043,0,0,"[40.8498724446072, -77.48911085081996]","[np.float64(38.89179125886753), np.float64(-73.82283052086814)]",2026-06-13 15:34:50,578.7430772438584,1,6.6416718031890225,381.12964109517225,28.774629086805277,66.80813615883488,11.43893975702494,2,2,2,1278,4,0.7392361111111111,18.09206475702494,0.19312796208530805,ELECTRE-III,1
232,0055,0,0,"[40.8498724446072, -77.48911085081996]","[np.float64(40.51946326865131), np.float64(-76.8377454519946)]",2026-06-13 15:34:50,455.9527058673055,1,3.611156814116467,66.07831088677743,5.438947100176993,63.975772823246494,23.562560113567027,4,4,3,925,12,0.7392361111111111,22.084087891344804,0.7902843601895735,ELECTRE-III,1
233,0321,0,0,"[40.8498724446072, -77.48911085081996]","[np.float64(40.11636173112846), np.float64(-73.39155605102516)]",2026-06-13 15:34:50,48.92581229113027,1,5.485057257942185,355.98056308709147,27.15511528930484,66.31559072721777,16.689859519330216,4,4,3,1163,11,0.7392361111111111,9.297498408219106,0.7097156398104265,ELECTRE-III,1
234,0485,2,0,"[40.8498724446072, -77.48911085081996]","[np.float64(40.31208734352321), np.float64(-74.64876167859748)]",2026-06-13 15:34:50,334.34484249126996,1,7.100691594538089,247.1997336793092,19.605674428924353,65.44359413626057,12.686180470109115,2,2,2,662,12,0.7392361111111111,14.164652692331337,0.7902843601895735,ELECTRE-III,1
234,0485,2,0,"[40.8498724446072, -77.48911085081996]","[np.float64(40.31208734352321), np.float64(-74.64876167859748)]",2026-06-13 15:34:50,334.34484249126996,1,7.100691594538089,247.1997336793092,19.605674428924353,65.44359413626057,12.686180470109115,2,2,2,662,12,0.7392361111111111,14.164652692331337,0.7902843601895735,ELECTRE-III,1
235,0043,0,0,"[40.25237432620366, -77.68035614758031]","[np.float64(38.89179125886753), np.float64(-73.82283052086814)]",2026-06-13 15:35:00,578.7430772438584,1,6.6416718031890225,363.5603362233269,27.64834164558749,66.83417283995098,18.43893975702494,2,2,2,1278,4,0.7395833333333334,22.87643975702494,0.19312796208530805,ELECTRE-III,1
236,0055,0,0,"[40.25237432620366, -77.68035614758031]","[np.float64(40.51946326865131), np.float64(-76.8377454519946)]",2026-06-13 15:35:00,455.9527058673055,1,3.611156814116467,77.29913189051246,6.355524750050206,64.00183682511926,24.562560113567027,4,4,3,925,12,0.7395833333333334,17.166726780233695,0.7902843601895735,ELECTRE-III,1
237,0321,0,0,"[40.25237432620366, -77.68035614758031]","[np.float64(40.11636173112846), np.float64(-73.39155605102516)]",2026-06-13 15:35:00,48.92581229113027,1,5.485057257942185,364.6114273995496,27.716389829696013,66.34014525728395,15.689859519330216,4,4,3,1163,11,0.7395833333333334,11.991942852663549,0.7097156398104265,ELECTRE-III,1
238,0366,1,0,"[40.25237432620366, -77.68035614758031]","[np.float64(36.98439248990215), np.float64(-76.73374625290286)]",2026-06-13 15:35:00,830.9545088778011,1,3.2096800654880937,372.5663328788276,28.22864235329129,65.92023205730074,19.43893975702494,4,4,3,645,14,0.7395833333333334,20.178523090358272,1.0,ELECTRE-III,1
239,0485,2,0,"[40.25237432620366, -77.68035614758031]","[np.float64(40.31208734352321), np.float64(-74.64876167859748)]",2026-06-13 15:35:00,334.34484249126996,1,7.100691594538089,257.2350095614967,20.337508284153486,65.46870874183871,14.686180470109115,2,2,2,662,12,0.7395833333333334,18.384097136775782,0.7902843601895735,ELECTRE-III,1
239,0485,2,0,"[40.25237432620366, -77.68035614758031]","[np.float64(40.31208734352321), np.float64(-74.64876167859748)]",2026-06-13 15:35:00,334.34484249126996,1,7.100691594538089,257.2350095614967,20.337508284153486,65.46870874183871,14.686180470109115,2,2,2,662,12,0.7395833333333334,18.384097136775782,0.7902843601895735,ELECTRE-III,1
240,0043,0,0,"[39.654688377597935, -77.8689786516994]","[np.float64(38.89179125886753), np.float64(-73.82283052086814)]",2026-06-13 15:35:10,578.7430772438584,1,6.6416718031890225,358.4390278481495,27.315573262631922,66.86018220031039,15.43893975702494,2,2,2,1278,4,0.7399305555555555,15.43893975702494,0.19312796208530805,ELECTRE-III,1
241,0055,0,0,"[39.654688377597935, -77.8689786516994]","[np.float64(40.51946326865131), np.float64(-76.8377454519946)]",2026-06-13 15:35:10,455.9527058673055,1,3.611156814116467,130.16252549865052,10.622648088395659,64.02788033642452,20.562560113567027,4,4,3,925,12,0.7399305555555555,15.38304622467814,0.7902843601895735,ELECTRE-III,1
242,0321,0,0,"[39.654688377597935, -77.8689786516994]","[np.float64(40.11636173112846), np.float64(-73.39155605102516)]",2026-06-13 15:35:10,48.92581229113027,1,5.485057257942185,385.4181275609567,29.045933401626616,66.36467929678264,12.689859519330216,4,4,3,1163,11,0.7399305555555555,18.60930396377466,0.7097156398104265,ELECTRE-III,1
243,0366,1,0,"[39.654688377597935, -77.8689786516994]","[np.float64(36.98439248990215), np.float64(-76.73374625290286)]",2026-06-13 15:35:10,830.9545088778011,1,3.2096800654880937,312.9966617283399,24.275557307343004,65.94950624808342,13.43893975702494,4,4,3,645,14,0.7399305555555555,18.618453645913828,1.0,ELECTRE-III,1
244,0485,2,0,"[39.654688377597935, -77.8689786516994]","[np.float64(40.31208734352321), np.float64(-74.64876167859748)]",2026-06-13 15:35:10,334.34484249126996,1,7.100691594538089,283.9181227814326,22.249662414525805,65.49379602666016,18.686180470109115,2,2,2,662,12,0.7399305555555555,23.125763803442446,0.7902843601895735,ELECTRE-III,1
245,0043,0,0,"[39.05682825916838, -78.05508081601472]","[np.float64(38.89179125886753), np.float64(-73.82283052086814)]",2026-06-13 15:35:20,578.7430772438584,1,6.6416718031890225,366.2885671353042,27.824793072449484,66.88616423991311,10.43893975702494,2,2,2,1278,4,0.7402777777777778,4.5167175348027175,0.19312796208530805,ELECTRE-III,1
246,0055,0,0,"[39.05682825916838, -78.05508081601472]","[np.float64(40.51946326865131), np.float64(-76.8377454519946)]",2026-06-13 15:35:20,455.9527058673055,1,3.611156814116467,193.04925866894513,15.544916498018985,64.05390335716227,22.562560113567027,4,4,3,925,12,0.7402777777777778,22.562560113567027,0.7902843601895735,ELECTRE-III,1
247,0366,1,0,"[39.05682825916838, -78.05508081601472]","[np.float64(36.98439248990215), np.float64(-76.73374625290286)]",2026-06-13 15:35:20,830.9545088778011,1,3.2096800654880937,257.87141563214857,20.38368891824526,65.97876677848775,19.43893975702494,4,4,3,645,14,0.7402777777777778,23.14032864591383,1.0,ELECTRE-III,1
248,0485,2,0,"[39.05682825916838, -78.05508081601472]","[np.float64(40.31208734352321), np.float64(-74.64876167859748)]",2026-06-13 15:35:20,334.34484249126996,1,7.100691594538089,323.1513680430883,24.968380942885865,65.51886282091411,17.686180470109115,2,2,2,662,12,0.7402777777777778,13.984791581220225,0.7902843601895735,ELECTRE-III,1
249,0043,0,0,"[38.45879738600957, -78.23875143298554]","[np.float64(38.89179125886753), np.float64(-73.82283052086814)]",2026-06-13 15:35:30,578.7430772438584,1,6.6416718031890225,386.31834654736656,29.102704109542675,66.91211895875917,17.43893975702494,2,2,2,1278,4,0.740625,15.21706475702494,0.19312796208530805,ELECTRE-III,1
250,0055,0,0,"[38.45879738600957, -78.23875143298554]","[np.float64(40.51946326865131), np.float64(-76.8377454519946)]",2026-06-13 15:35:30,455.9527058673055,1,3.611156814116467,258.75202598726077,20.44754457093952,64.0799058873325,25.562560113567027,4,4,3,925,12,0.740625,20.378185113567028,0.7902843601895735,ELECTRE-III,1
251,0366,1,0,"[38.45879738600957, -78.23875143298554]","[np.float64(36.98439248990215), np.float64(-76.73374625290286)]",2026-06-13 15:35:30,830.9545088778011,1,3.2096800654880937,210.7077437436142,16.888996306055105,66.00801364851375,19.43893975702494,4,4,3,645,14,0.740625,17.21706475702494,1.0,ELECTRE-III,1
251,0366,1,0,"[38.45879738600957, -78.23875143298554]","[np.float64(36.98439248990215), np.float64(-76.73374625290286)]",2026-06-13 15:35:30,830.9545088778011,1,3.2096800654880937,210.7077437436142,16.888996306055105,66.00801364851375,19.43893975702494,4,4,3,645,14,0.740625,17.21706475702494,1.0,ELECTRE-III,1
251,0366,1,0,"[38.45879738600957, -78.23875143298554]","[np.float64(36.98439248990215), np.float64(-76.73374625290286)]",2026-06-13 15:35:30,830.9545088778011,1,3.2096800654880937,210.7077437436142,16.888996306055105,66.00801364851375,19.43893975702494,4,4,3,645,14,0.740625,17.21706475702494,1.0,ELECTRE-III,1
252,0485,2,0,"[38.45879738600957, -78.23875143298554]","[np.float64(40.31208734352321), np.float64(-74.64876167859748)]",2026-06-13 15:35:30,334.34484249126996,1,7.100691594538089,370.97377414008855,28.126479818319172,65.54390912460055,19.686180470109115,2,2,2,662,12,0.740625,24.870555470109114,0.7902843601895735,ELECTRE-III,1
253,0055,0,0,"[37.86060600340527, -78.42009295544938]","[np.float64(40.51946326865131), np.float64(-76.8377454519946)]",2026-06-13 15:35:40,455.9527058673055,1,3.611156814116467,325.5708830178522,25.13232137027497,64.10588792693524,20.562560113567027,4,4,3,925,12,0.7409722222222223,19.080615669122583,0.7902843601895735,ELECTRE-III,1
254,0366,1,0,"[37.86060600340527, -78.42009295544938]","[np.float64(36.98439248990215), np.float64(-76.73374625290286)]",2026-06-13 15:35:40,830.9545088778011,1,3.2096800654880937,177.95427967986473,14.381825433568613,66.03724002797223,13.43893975702494,4,4,3,645,14,0.7409722222222223,17.884773090358273,1.0,ELECTRE-III,1
254,0366,1,0,"[37.86060600340527, -78.42009295544938]","[np.float64(36.98439248990215), np.float64(-76.73374625290286)]",2026-06-13 15:35:40,830.9545088778011,1,3.2096800654880937,177.95427967986473,14.381825433568613,66.03724002797223,13.43893975702494,4,4,3,645,14,0.7409722222222223,17.884773090358273,1.0,ELECTRE-III,1
254,0366,1,0,"[37.86060600340527, -78.42009295544938]","[np.float64(36.98439248990215), np.float64(-76.73374625290286)]",2026-06-13 15:35:40,830.9545088778011,1,3.2096800654880937,177.95427967986473,14.381825433568613,66.03724002797223,13.43893975702494,4,4,3,645,14,0.7409722222222223,17.884773090358273,1.0,ELECTRE-III,1
254,0366,1,0,"[37.86060600340527, -78.42009295544938]","[np.float64(36.98439248990215), np.float64(-76.73374625290286)]",2026-06-13 15:35:40,830.9545088778011,1,3.2096800654880937,177.95427967986473,14.381825433568613,66.03724002797223,13.43893975702494,4,4,3,645,14,0.7409722222222223,17.884773090358273,1.0,ELECTRE-III,1
255,0055,0,0,"[37.26225752645006, -78.59918051548712]","[np.float64(40.51946326865131), np.float64(-76.8377454519946)]",2026-06-13 15:35:50,455.9527058673055,1,3.611156814116467,392.937065985933,29.518180686717862,64.13184947597045,24.562560113567027,4,4,3,925,12,0.7413194444444444,17.14936566912258,0.7902843601895735,ELECTRE-III,1
256,0366,1,0,"[37.26225752645006, -78.59918051548712]","[np.float64(36.98439248990215), np.float64(-76.73374625290286)]",2026-06-13 15:35:50,830.9545088778011,1,3.2096800654880937,168.24781657669644,13.627415332557186,66.06645274705238,14.43893975702494,4,4,3,645,14,0.7413194444444444,21.11081475702494,1.0,ELECTRE-III,1
256,0366,1,0,"[37.26225752645006, -78.59918051548712]","[np.float64(36.98439248990215), np.float64(-76.73374625290286)]",2026-06-13 15:35:50,830.9545088778011,1,3.2096800654880937,168.24781657669644,13.627415332557186,66.06645274705238,14.43893975702494,4,4,3,645,14,0.7413194444444444,21.11081475702494,1.0,ELECTRE-III,1
256,0366,1,0,"[37.26225752645006, -78.59918051548712]","[np.float64(36.98439248990215), np.float64(-76.73374625290286)]",2026-06-13 15:35:50,830.9545088778011,1,3.2096800654880937,168.24781657669644,13.627415332557186,66.06645274705238,14.43893975702494,4,4,3,645,14,0.7413194444444444,21.11081475702494,1.0,ELECTRE-III,1
256,0366,1,0,"[37.26225752645006, -78.59918051548712]","[np.float64(36.98439248990215), np.float64(-76.73374625290286)]",2026-06-13 15:35:50,830.9545088778011,1,3.2096800654880937,168.24781657669644,13.627415332557186,66.06645274705238,14.43893975702494,4,4,3,645,14,0.7413194444444444,21.11081475702494,1.0,ELECTRE-III,1
256,0366,1,0,"[37.26225752645006, -78.59918051548712]","[np.float64(36.98439248990215), np.float64(-76.73374625290286)]",2026-06-13 15:35:50,830.9545088778011,1,3.2096800654880937,168.24781657669644,13.627415332557186,66.06645274705238,14.43893975702494,4,4,3,645,14,0.7413194444444444,21.11081475702494,1.0,ELECTRE-III,1
257,0432,1,0,"[37.26225752645006, -78.59918051548712]","[np.float64(34.96653568748317), np.float64(-81.95412306879736)]",2026-06-13 15:35:50,337.53254742901896,1,4.7795663966012985,394.900412037291,29.640775037592356,62.98373565762633,11.689859519330216,3,3,3,1075,14,0.7413194444444444,7.983262297107994,1.0,ELECTRE-III,1
257,0432,1,0,"[37.26225752645006, -78.59918051548712]","[np.float64(34.96653568748317), np.float64(-81.95412306879736)]",2026-06-13 15:35:50,337.53254742901896,1,4.7795663966012985,394.900412037291,29.640775037592356,62.98373565762633,11.689859519330216,3,3,3,1075,14,0.7413194444444444,7.983262297107994,1.0,ELECTRE-III,1
257,0432,1,0,"[37.26225752645006, -78.59918051548712]","[np.float64(34.96653568748317), np.float64(-81.95412306879736)]",2026-06-13 15:35:50,337.53254742901896,1,4.7795663966012985,394.900412037291,29.640775037592356,62.98373565762633,11.689859519330216,3,3,3,1075,14,0.7413194444444444,7.983262297107994,1.0,ELECTRE-III,1
257,0432,1,0,"[37.26225752645006, -78.59918051548712]","[np.float64(34.96653568748317), np.float64(-81.95412306879736)]",2026-06-13 15:35:50,337.53254742901896,1,4.7795663966012985,394.900412037291,29.640775037592356,62.98373565762633,11.689859519330216,3,3,3,1075,14,0.7413194444444444,7.983262297107994,1.0,ELECTRE-III,1
258,0171,0,0,"[36.66375878533311, -78.77609607536878]","[np.float64(34.89600267667592), np.float64(-82.3344915581176)]",2026-06-13 15:36:00,40.91519342496955,1,7.374456609192537,376.35986896266513,28.47121095550514,62.74128443265839,7.1916990439407655,4,4,3,1105,2,0.7416666666666667,13.125032377274099,0.0485781990521327,ELECTRE-III,1
259,0366,1,0,"[36.66375878533311, -78.77609607536878]","[np.float64(36.98439248990215), np.float64(-76.73374625290286)]",2026-06-13 15:36:00,830.9545088778011,1,3.2096800654880937,185.2474950896472,14.945354109208292,66.09564497556501,14.43893975702494,4,4,3,645,14,0.7416666666666667,17.40560642369161,1.0,ELECTRE-III,1
259,0366,1,0,"[36.66375878533311, -78.77609607536878]","[np.float64(36.98439248990215), np.float64(-76.73374625290286)]",2026-06-13 15:36:00,830.9545088778011,1,3.2096800654880937,185.2474950896472,14.945354109208292,66.09564497556501,14.43893975702494,4,4,3,645,14,0.7416666666666667,17.40560642369161,1.0,ELECTRE-III,1
259,0366,1,0,"[36.66375878533311, -78.77609607536878]","[np.float64(36.98439248990215), np.float64(-76.73374625290286)]",2026-06-13 15:36:00,830.9545088778011,1,3.2096800654880937,185.2474950896472,14.945354109208292,66.09564497556501,14.43893975702494,4,4,3,645,14,0.7416666666666667,17.40560642369161,1.0,ELECTRE-III,1
259,0366,1,0,"[36.66375878533311, -78.77609607536878]","[np.float64(36.98439248990215), np.float64(-76.73374625290286)]",2026-06-13 15:36:00,830.9545088778011,1,3.2096800654880937,185.2474950896472,14.945354109208292,66.09564497556501,14.43893975702494,4,4,3,645,14,0.7416666666666667,17.40560642369161,1.0,ELECTRE-III,1
260,0432,1,0,"[36.66375878533311, -78.77609607536878]","[np.float64(34.96653568748317), np.float64(-81.95412306879736)]",2026-06-13 15:36:00,337.53254742901896,1,4.7795663966012985,343.0893179788728,26.306180594450574,63.01616539580555,17.689859519330216,3,3,3,1075,14,0.7416666666666667,11.014859519330216,1.0,ELECTRE-III,1
260,0432,1,0,"[36.66375878533311, -78.77609607536878]","[np.float64(34.96653568748317), np.float64(-81.95412306879736)]",2026-06-13 15:36:00,337.53254742901896,1,4.7795663966012985,343.0893179788728,26.306180594450574,63.01616539580555,17.689859519330216,3,3,3,1075,14,0.7416666666666667,11.014859519330216,1.0,ELECTRE-III,1
260,0432,1,0,"[36.66375878533311, -78.77609607536878]","[np.float64(34.96653568748317), np.float64(-81.95412306879736)]",2026-06-13 15:36:00,337.53254742901896,1,4.7795663966012985,343.0893179788728,26.306180594450574,63.01616539580555,17.689859519330216,3,3,3,1075,14,0.7416666666666667,11.014859519330216,1.0,ELECTRE-III,1
261,0171,0,0,"[36.065116610243585, -78.9509284275536]","[np.float64(34.89600267667592), np.float64(-82.3344915581176)]",2026-06-13 15:36:10,40.91519342496955,1,7.374456609192537,332.78692730525285,25.618652754796177,62.7738302840535,15.191699043940766,4,4,3,1105,2,0.7420138888888889,20.385796266162988,0.0485781990521327,ELECTRE-III,1
262,0366,1,0,"[36.065116610243585, -78.9509284275536]","[np.float64(36.98439248990215), np.float64(-76.73374625290286)]",2026-06-13 15:36:10,830.9545088778011,1,3.2096800654880937,222.92601667013417,17.80800739424482,66.1248235436993,14.43893975702494,4,4,3,645,14,0.7420138888888889,7.018800868136052,1.0,ELECTRE-III,1
262,0366,1,0,"[36.065116610243585, -78.9509284275536]","[np.float64(36.98439248990215), np.float64(-76.73374625290286)]",2026-06-13 15:36:10,830.9545088778011,1,3.2096800654880937,222.92601667013417,17.80800739424482,66.1248235436993,14.43893975702494,4,4,3,645,14,0.7420138888888889,7.018800868136052,1.0,ELECTRE-III,1
262,0366,1,0,"[36.065116610243585, -78.9509284275536]","[np.float64(36.98439248990215), np.float64(-76.73374625290286)]",2026-06-13 15:36:10,830.9545088778011,1,3.2096800654880937,222.92601667013417,17.80800739424482,66.1248235436993,14.43893975702494,4,4,3,645,14,0.7420138888888889,7.018800868136052,1.0,ELECTRE-III,1
263,0432,1,0,"[36.065116610243585, -78.9509284275536]","[np.float64(34.96653568748317), np.float64(-81.95412306879736)]",2026-06-13 15:36:10,337.53254742901896,1,4.7795663966012985,297.98139965386906,23.237138007784825,63.04858147360643,14.689859519330216,3,3,3,1075,14,0.7420138888888889,7.269720630441328,1.0,ELECTRE-III,1
264,0171,0,0,"[35.46633441627608, -79.12374587393326]","[np.float64(34.89600267667592), np.float64(-82.3344915581176)]",2026-06-13 15:36:20,40.91519342496955,1,7.374456609192537,298.6005220264067,23.280281624729405,62.80636930525944,7.1916990439407655,4,4,3,1105,2,0.7423611111111111,10.16114348838521,0.0485781990521327,ELECTRE-III,1
265,0366,1,0,"[35.46633441627608, -79.12374587393326]","[np.float64(36.98439248990215), np.float64(-76.73374625290286)]",2026-06-13 15:36:20,830.9545088778011,1,3.2096800654880937,272.8466853954652,21.462312771808037,66.15398162126608,10.43893975702494,4,4,3,645,14,0.7423611111111111,10.43893975702494,1.0,ELECTRE-III,1
266,0432,1,0,"[35.46633441627608, -79.12374587393326]","[np.float64(34.96653568748317), np.float64(-81.95412306879736)]",2026-06-13 15:36:20,337.53254742901896,1,4.7795663966012985,263.0501136937897,20.758448910785045,63.080997551407314,13.689859519330216,3,3,3,1075,14,0.7423611111111111,18.144026185996882,1.0,ELECTRE-III,1
266,0432,1,0,"[35.46633441627608, -79.12374587393326]","[np.float64(34.96653568748317), np.float64(-81.95412306879736)]",2026-06-13 15:36:20,337.53254742901896,1,4.7795663966012985,263.0501136937897,20.758448910785045,63.080997551407314,13.689859519330216,3,3,3,1075,14,0.7423611111111111,18.144026185996882,1.0,ELECTRE-III,1
267,0171,0,0,"[34.867419033619754, -79.29461671639947]","[np.float64(34.89600267667592), np.float64(-82.3344915581176)]",2026-06-13 15:36:30,40.91519342496955,1,7.374456609192537,277.296318970226,21.779792838328056,62.83890149627621,6.1916990439407655,4,4,3,1105,2,0.7427083333333333,0.0,0.0485781990521327,ELECTRE-III,1
268,0366,1,0,"[34.867419033619754, -79.29461671639947]","[np.float64(36.98439248990215), np.float64(-76.73374625290286)]",2026-06-13 15:36:30,830.9545088778011,1,3.2096800654880937,329.4910715220838,25.397011650984094,66.18312603845453,18.43893975702494,4,4,3,645,14,0.7427083333333333,12.497273090358274,1.0,ELECTRE-III,1
269,0432,1,0,"[34.867419033619754, -79.29461671639947]","[np.float64(34.96653568748317), np.float64(-81.95412306879736)]",2026-06-13 15:36:30,337.53254742901896,1,4.7795663966012985,242.73160709936673,19.277660151706083,63.11339996882985,9.689859519330216,3,3,3,1075,14,0.7427083333333333,13.403401185996882,1.0,ELECTRE-III,1
269,0432,1,0,"[34.867419033619754, -79.29461671639947]","[np.float64(34.96653568748317), np.float64(-81.95412306879736)]",2026-06-13 15:36:30,337.53254742901896,1,4.7795663966012985,242.73160709936673,19.277660151706083,63.11339996882985,9.689859519330216,3,3,3,1075,14,0.7427083333333333,13.403401185996882,1.0,ELECTRE-III,1
270,0171,0,0,"[34.26837729246378, -79.46362974741143]","[np.float64(34.89600267667592), np.float64(-82.3344915581176)]",2026-06-13 15:36:40,40.91519342496955,1,7.374456609192537,271.918901873118,21.395940297310112,62.87142685710381,12.191699043940766,4,4,3,1105,2,0.7430555555555556,8.476421266162987,0.0485781990521327,ELECTRE-III,1
271,0366,1,0,"[34.26837729246378, -79.46362974741143]","[np.float64(36.98439248990215), np.float64(-76.73374625290286)]",2026-06-13 15:36:40,830.9545088778011,1,3.2096800654880937,389.94083235489177,29.33051732736783,66.21224996507547,10.43893975702494,4,4,3,645,14,0.7430555555555556,5.980606423691606,1.0,ELECTRE-III,1
272,0432,1,0,"[34.26837729246378, -79.46362974741143]","[np.float64(34.96653568748317), np.float64(-81.95412306879736)]",2026-06-13 15:36:40,337.53254742901896,1,4.7795663966012985,240.75424444981493,19.13207613750227,63.14579555606323,13.689859519330216,3,3,3,1075,14,0.7430555555555556,9.974581741552438,1.0,ELECTRE-III,1
272,0432,1,0,"[34.26837729246378, -79.46362974741143]","[np.float64(34.96653568748317), np.float64(-81.95412306879736)]",2026-06-13 15:36:40,337.53254742901896,1,4.7795663966012985,240.75424444981493,19.13207613750227,63.14579555606323,13.689859519330216,3,3,3,1075,14,0.7430555555555556,9.974581741552438,1.0,ELECTRE-III,1
273,0171,0,0,"[33.66920919280817, -79.63083277829335]","[np.float64(34.89600267667592), np.float64(-82.3344915581176)]",2026-06-13 15:36:50,40.91519342496955,1,7.374456609192537,283.37966230006083,22.211570922037208,62.903938557553076,8.191699043940766,4,4,3,1105,2,0.7434027777777777,3.7312823772740993,0.0485781990521327,ELECTRE-III,1
274,0432,1,0,"[33.66920919280817, -79.63083277829335]","[np.float64(34.96653568748317), np.float64(-81.95412306879736)]",2026-06-13 15:36:50,337.53254742901896,1,4.7795663966012985,257.54406897423684,20.35993854721326,63.17818431310742,13.689859519330216,3,3,3,1075,14,0.7434027777777777,9.22944285266355,1.0,ELECTRE-III,1
274,0432,1,0,"[33.66920919280817, -79.63083277829335]","[np.float64(34.96653568748317), np.float64(-81.95412306879736)]",2026-06-13 15:36:50,337.53254742901896,1,4.7795663966012985,257.54406897423684,20.35993854721326,63.17818431310742,13.689859519330216,3,3,3,1075,14,0.7434027777777777,9.22944285266355,1.0,ELECTRE-III,1
275,0171,0,0,"[33.069924979936665, -79.79629411093691]","[np.float64(34.89600267667592), np.float64(-82.3344915581176)]",2026-06-13 15:37:00,40.91519342496955,1,7.374456609192537,309.8162770659646,24.05699482346147,62.93644342781316,15.191699043940766,4,4,3,1105,2,0.74375,14.447949043940765,0.0485781990521327,ELECTRE-III,1
276,0422,0,0,"[33.069924979936665, -79.79629411093691]","[np.float64(29.7478931171751), np.float64(-80.98193319510803)]",2026-06-13 15:37:00,277.4708168091523,1,5.239523612905863,386.1405819574643,29.091498658562774,65.2511467262063,9.442618806246042,1,1,1,1032,5,0.74375,13.905118806246042,0.33175355450236965,ELECTRE-III,1
277,0432,1,0,"[33.069924979936665, -79.79629411093691]","[np.float64(34.96653568748317), np.float64(-81.95412306879736)]",2026-06-13 15:37:00,337.53254742901896,1,4.7795663966012985,289.85868934380295,22.668528684370802,63.21055940977328,13.689859519330216,3,3,3,1075,14,0.74375,15.921109519330216,1.0,ELECTRE-III,1
278,0171,0,0,"[32.47052806894386, -79.96008204723381]","[np.float64(34.89600267667592), np.float64(-82.3344915581176)]",2026-06-13 15:37:10,40.91519342496955,1,7.374456609192537,347.8312947445593,26.619929397068415,62.968941467884086,14.191699043940766,4,4,3,1105,2,0.7440972222222222,16.423990710607434,0.0485781990521327,ELECTRE-III,1
279,0422,0,0,"[32.47052806894386, -79.96008204723381]","[np.float64(29.7478931171751), np.float64(-80.98193319510803)]",2026-06-13 15:37:10,277.4708168091523,1,5.239523612905863,317.98433375361975,24.616810029907015,65.28687544575463,7.442618806246042,1,1,1,1032,5,0.7440972222222222,13.39539658402382,0.33175355450236965,ELECTRE-III,1
280,0432,1,0,"[32.47052806894386, -79.96008204723381]","[np.float64(34.96653568748317), np.float64(-81.95412306879736)]",2026-06-13 15:37:10,337.53254742901896,1,4.7795663966012985,333.2122006434419,25.64719208590852,63.24292767624998,12.689859519330216,3,3,3,1075,14,0.7440972222222222,5.248887297107995,1.0,ELECTRE-III,1
281,0171,0,0,"[31.871021874924327, -80.12225122869742]","[np.float64(34.89600267667592), np.float64(-82.3344915581176)]",2026-06-13 15:37:20,40.91519342496955,1,7.374456609192537,394.0894048493565,29.590170597443834,63.001432677765834,6.1916990439407655,4,4,3,1105,2,0.7444444444444445,3.958365710607432,0.0485781990521327,ELECTRE-III,1
282,0422,0,0,"[31.871021874924327, -80.12225122869742]","[np.float64(29.7478931171751), np.float64(-80.98193319510803)]",2026-06-13 15:37:20,277.4708168091523,1,5.239523612905863,249.94713492117862,19.80670610936576,65.3225973351138,8.442618806246042,1,1,1,1032,5,0.7444444444444445,6.2092854729127085,0.33175355450236965,ELECTRE-III,1
283,0432,1,0,"[31.871021874924327, -80.12225122869742]","[np.float64(34.96653568748317), np.float64(-81.95412306879736)]",2026-06-13 15:37:20,337.53254742901896,1,4.7795663966012985,383.88379118050204,28.94902906168119,63.27528911253749,15.689859519330216,3,3,3,1075,14,0.7444444444444445,8.989859519330217,1.0,ELECTRE-III,1
283,0432,1,0,"[31.871021874924327, -80.12225122869742]","[np.float64(34.96653568748317), np.float64(-81.95412306879736)]",2026-06-13 15:37:20,337.53254742901896,1,4.7795663966012985,383.88379118050204,28.94902906168119,63.27528911253749,15.689859519330216,3,3,3,1075,14,0.7444444444444445,8.989859519330217,1.0,ELECTRE-III,1
284,0422,0,0,"[31.271409812972664, -80.28286312703028]","[np.float64(29.7478931171751), np.float64(-80.98193319510803)]",2026-06-13 15:37:30,277.4708168091523,1,5.239523612905863,182.16316417653348,14.707389736253846,65.35831922447296,12.442618806246042,1,1,1,1032,5,0.7447916666666666,6.484285472912709,0.33175355450236965,ELECTRE-III,1
285,0422,0,0,"[30.67169529818345, -80.44197238374572]","[np.float64(29.7478931171751), np.float64(-80.98193319510803)]",2026-06-13 15:37:40,277.4708168091523,1,5.239523612905863,115.08247013627496,9.41538879880335,65.39403428364297,8.442618806246042,1,1,1,1032,5,0.7451388888888889,9.18775769513493,0.33175355450236965,ELECTRE-III,1
286,0427,0,0,"[30.67169529818345, -80.44197238374572]","[np.float64(27.32515845053345), np.float64(-80.26028845491872)]",2026-06-13 15:37:40,725.9821093405315,2,3.7031886038891164,372.53749204922076,28.226793951362573,66.3022103866337,16.06439963817758,1,1,1,1024,3,0.7451388888888889,16.80953852706647,0.10781990521327015,ELECTRE-III,1
287,0422,0,0,"[30.071885160745854, -80.59963364035713]","[np.float64(29.7478931171751), np.float64(-80.98193319510803)]",2026-06-13 15:37:50,277.4708168091523,1,5.239523612905863,51.53310392430979,4.246715380364476,65.42974934281295,11.442618806246042,1,1,1,1032,5,0.7454861111111111,15.915535472912708,0.33175355450236965,ELECTRE-III,1
288,0427,0,0,"[30.071885160745854, -80.59963364035713]","[np.float64(27.32515845053345), np.float64(-80.26028845491872)]",2026-06-13 15:37:50,725.9821093405315,2,3.7031886038891164,307.21003266412345,23.877331461252716,66.33911389871929,22.06439963817758,1,1,1,1024,3,0.7454861111111111,25.046344082622024,0.10781990521327015,ELECTRE-III,1
289,0422,0,0,"[29.471982815754465, -80.75588787799951]","[np.float64(29.7478931171751), np.float64(-80.98193319510803)]",2026-06-13 15:38:00,277.4708168091523,1,5.239523612905863,37.666874619401725,3.106682324572659,65.46546440198296,11.442618806246042,1,1,1,1032,5,0.7458333333333333,13.680118806246043,0.33175355450236965,ELECTRE-III,1
290,0427,0,0,"[29.471982815754465, -80.75588787799951]","[np.float64(27.32515845053345), np.float64(-80.26028845491872)]",2026-06-13 15:38:00,725.9821093405315,2,3.7031886038891164,243.58762837841385,19.340604970636804,66.37601741080486,17.06439963817758,1,1,1,1024,3,0.7458333333333333,17.06439963817758,0.10781990521327015,ELECTRE-III,1
291,0422,0,0,"[28.87198826320928, -80.9107965683754]","[np.float64(29.7478931171751), np.float64(-80.98193319510803)]",2026-06-13 15:38:10,277.4708168091523,1,5.239523612905863,97.64023088429883,8.008491812120978,65.50117263096378,9.442618806246042,1,1,1,1032,5,0.7461805555555555,6.457896584023819,0.33175355450236965,ELECTRE-III,1
292,0427,0,0,"[28.87198826320928, -80.9107965683754]","[np.float64(27.32515845053345), np.float64(-80.26028845491872)]",2026-06-13 15:38:10,725.9821093405315,2,3.7031886038891164,183.452848785908,14.806955979782785,66.41292092289045,21.06439963817758,1,1,1,1024,3,0.7461805555555555,14.34877463817758,0.10781990521327015,ELECTRE-III,1
293,0422,0,0,"[28.271908333299468, -81.06440752280899]","[np.float64(29.7478931171751), np.float64(-80.98193319510803)]",2026-06-13 15:38:20,277.4708168091523,1,5.239523612905863,164.3180735703719,13.320595350304282,65.53687402975544,12.442618806246042,1,1,1,1032,5,0.7465277777777778,17.66831325069049,0.33175355450236965,ELECTRE-III,1
294,0427,0,0,"[28.271908333299468, -81.06440752280899]","[np.float64(27.32515845053345), np.float64(-80.26028845491872)]",2026-06-13 15:38:20,725.9821093405315,2,3.7031886038891164,131.67515797041082,10.743237743902998,66.44982443497602,17.06439963817758,1,1,1,1024,3,0.7465277777777778,22.290094082622026,0.10781990521327015,ELECTRE-III,1
295,0422,0,0,"[27.67174814866691, -81.21675489224612]","[np.float64(29.7478931171751), np.float64(-80.98193319510803)]",2026-06-13 15:38:30,277.4708168091523,1,5.239523612905863,231.98998871812202,18.483726354247132,65.5725754285471,9.442618806246042,1,1,1,1032,5,0.746875,2.720743806246042,0.33175355450236965,ELECTRE-III,1
296,0427,0,0,"[27.67174814866691, -81.21675489224612]","[np.float64(27.32515845053345), np.float64(-80.26028845491872)]",2026-06-13 15:38:30,725.9821093405315,2,3.7031886038891164,101.90670191818343,8.353592619331588,66.48672111687243,19.06439963817758,1,1,1,1024,3,0.746875,15.33002463817758,0.10781990521327015,ELECTRE-III,1
297,0422,0,0,"[27.071506001764313, -81.36789331820016]","[np.float64(29.7478931171751), np.float64(-80.98193319510803)]",2026-06-13 15:38:40,277.4708168091523,1,5.239523612905863,299.9847582524807,23.376641201014387,65.60826999714958,7.442618806246042,1,1,1,1032,5,0.7472222222222222,10.43150769513493,0.33175355450236965,ELECTRE-III,1
298,0427,0,0,"[27.071506001764313, -81.36789331820016]","[np.float64(27.32515845053345), np.float64(-80.26028845491872)]",2026-06-13 15:38:40,725.9821093405315,2,3.7031886038891164,113.11467682782923,9.257205955329134,66.523624628958,22.06439963817758,1,1,1,1024,3,0.7472222222222222,21.317177415955356,0.10781990521327015,ELECTRE-III,1
299,0422,0,0,"[26.47119043032814, -81.5178706119953]","[np.float64(29.7478931171751), np.float64(-80.98193319510803)]",2026-06-13 15:38:50,277.4708168091523,1,5.239523612905863,368.12347723074123,27.943146409974467,65.64396456575207,9.442618806246042,1,1,1,1032,5,0.7475694444444444,13.928035472912708,0.33175355450236965,ELECTRE-III,1
300,0427,0,0,"[26.47119043032814, -81.5178706119953]","[np.float64(27.32515845053345), np.float64(-80.26028845491872)]",2026-06-13 15:38:50,725.9821093405315,2,3.7031886038891164,156.74295494697293,12.726969722563648,66.56052131085441,20.06439963817758,1,1,1,1024,3,0.7475694444444444,14.83141352706647,0.10781990521327015,ELECTRE-III,1
301,0427,0,0,"[25.870799726811093, -81.66671409438823]","[np.float64(27.32515845053345), np.float64(-80.26028845491872)]",2026-06-13 15:39:00,725.9821093405315,2,3.7031886038891164,213.78715184442316,17.121482939953736,66.59741799275083,25.06439963817758,1,1,1,1024,3,0.7479166666666667,29.55189963817758,0.10781990521327015,ELECTRE-III,1
302,0427,0,0,"[25.270340721402345, -81.81447840689228]","[np.float64(27.32515845053345), np.float64(-80.26028845491872)]",2026-06-13 15:39:10,725.9821093405315,2,3.7031886038891164,276.0524199904045,21.691181512265498,66.63431467464724,25.06439963817758,1,1,1,1024,3,0.7482638888888888,29.553982971510912,0.10781990521327015,ELECTRE-III,1
303,0427,0,0,"[24.669815121649194, -81.96119087026415]","[np.float64(27.32515845053345), np.float64(-80.26028845491872)]",2026-06-13 15:39:20,725.9821093405315,2,3.7031886038891164,340.6874452726674,26.146610799635447,66.67120452635447,19.06439963817758,1,1,1,1024,3,0.7486111111111111,14.572732971510913,0.10781990521327015,ELECTRE-III,1
304,0454,0,0,"[24.669815121649194, -81.96119087026415]","[np.float64(21.9617985715757), np.float64(-79.56607577016823)]",2026-06-13 15:39:20,403.47211027755793,1,6.263595148050509,387.905823513557,29.202663094092213,67.13877878636603,14.06439963817758,4,4,3,1223,14,0.7486111111111111,10.321344082622025,1.0,ELECTRE-III,1
305,0427,0,0,"[24.069224635098923, -82.10689929582803]","[np.float64(27.32515845053345), np.float64(-80.26028845491872)]",2026-06-13 15:39:30,725.9821093405315,2,3.7031886038891164,406.56394707419526,30.362924237680858,66.70810120825088,20.06439963817758,1,1,1,1024,3,0.7489583333333333,13.32377463817758,0.10781990521327015,ELECTRE-III,1
306,0454,0,0,"[24.069224635098923, -82.10689929582803]","[np.float64(21.9617985715757), np.float64(-79.56607577016823)]",2026-06-13 15:39:30,403.47211027755793,1,6.263595148050509,350.02746343242956,26.76465697066778,67.17703467590728,15.06439963817758,4,4,3,1223,14,0.7489583333333333,18.060232971510914,1.0,ELECTRE-III,1
307,0454,0,0,"[23.468572676846126, -82.25163783452977]","[np.float64(21.9617985715757), np.float64(-79.56607577016823)]",2026-06-13 15:39:40,403.47211027755793,1,6.263595148050509,322.3980754025869,24.917250214696875,67.21529056544853,21.06439963817758,4,4,3,1223,14,0.7493055555555556,24.81092741595536,1.0,ELECTRE-III,1
308,0454,0,0,"[22.86786095443809, -82.39544063731522]","[np.float64(21.9617985715757), np.float64(-79.56607577016823)]",2026-06-13 15:39:50,403.47211027755793,1,6.263595148050509,307.7893009835491,23.91730702663687,67.25354645498976,18.06439963817758,4,4,3,1223,14,0.7496527777777777,21.81266352706647,1.0,ELECTRE-III,1
309,0454,0,0,"[22.26709459051669, -82.53833502494106]","[np.float64(21.9617985715757), np.float64(-79.56607577016823)]",2026-06-13 15:40:00,403.47211027755793,1,6.263595148050509,308.05770012938007,23.935820990672198,67.291802344531,20.06439963817758,4,4,3,1223,14,0.75,14.81439963817758,1.0,ELECTRE-III,1
310,0454,0,0,"[21.666275292629226, -82.68036880873147]","[np.float64(21.9617985715757), np.float64(-79.56607577016823)]",2026-06-13 15:40:10,403.47211027755793,1,6.263595148050509,323.1666699723818,24.969419141557285,67.33005823407224,20.06439963817758,4,4,3,1223,14,0.7503472222222223,14.811969082622024,1.0,ELECTRE-III,1
311,0454,0,0,"[21.065403060775697, -82.82156930944315]","[np.float64(21.9617985715757), np.float64(-79.56607577016823)]",2026-06-13 15:40:20,403.47211027755793,1,6.263595148050509,351.20491207025594,26.842099425371828,67.36831412361349,20.06439963817758,4,4,3,1223,14,0.7506944444444444,14.058844082622024,1.0,ELECTRE-III,1
312,0454,0,0,"[20.464484725145265, -82.96196384783276]","[np.float64(21.9617985715757), np.float64(-79.56607577016823)]",2026-06-13 15:40:30,403.47211027755793,1,6.263595148050509,389.3882001698043,29.29582853478138,67.40657001315473,15.06439963817758,4,4,3,1223,14,0.7510416666666667,20.321691304844247,1.0,ELECTRE-III,1
313,0130,0,0,"[17.459233933738215, -83.65296725597378]","[np.float64(15.66681142700058), np.float64(-86.92981242009621)]",2026-06-13 15:41:20,633.8796153251394,1,2.55261426285107,402.0998982423012,30.087773713647042,59.31495418646734,17.817158925093402,3,3,3,914,2,0.7527777777777778,23.839381147315624,0.0485781990521327,ELECTRE-III,1
314,0130,0,0,"[16.858068003750372, -83.78917488840217]","[np.float64(15.66681142700058), np.float64(-86.92981242009621)]",2026-06-13 15:41:30,633.8796153251394,1,2.55261426285107,360.4606639793378,27.447173736047336,59.352800264658384,10.817158925093404,3,3,3,914,2,0.753125,6.298408925093403,0.0485781990521327,ELECTRE-III,1
315,0130,0,0,"[16.256869630363973, -83.92478146418361]","[np.float64(15.66681142700058), np.float64(-86.92981242009621)]",2026-06-13 15:41:40,633.8796153251394,1,2.55261426285107,327.88879022895196,25.28896544327443,59.39064634284942,9.817158925093404,3,3,3,914,2,0.7534722222222222,9.063686702871182,0.0485781990521327,ELECTRE-III,1
316,0130,0,0,"[15.655638813579014, -84.05981430407476]","[np.float64(15.66681142700058), np.float64(-86.92981242009621)]",2026-06-13 15:41:50,633.8796153251394,1,2.55261426285107,307.2820504081289,23.882302783224258,59.42849242104047,13.817158925093404,3,3,3,914,2,0.7538194444444445,10.04806170287118,0.0485781990521327,ELECTRE-III,1
317,0130,0,0,"[15.054378968490084, -84.19429389864314]","[np.float64(15.66681142700058), np.float64(-86.92981242009621)]",2026-06-13 15:42:00,633.8796153251394,1,2.55261426285107,301.1085536361162,23.45476806650844,59.46633166904233,8.817158925093404,3,3,3,914,2,0.7541666666666667,4.292158925093403,0.0485781990521327,ELECTRE-III,1
318,0130,0,0,"[14.453091802644474, -84.3282543988346]","[np.float64(15.66681142700058), np.float64(-86.92981242009621)]",2026-06-13 15:42:10,633.8796153251394,1,2.55261426285107,310.23098816912363,24.085537015076387,59.504170917044206,16.817158925093402,3,3,3,914,2,0.7545138888888889,17.57167281398229,0.0485781990521327,ELECTRE-III,1
319,0130,0,0,"[13.85177816981583, -84.46170946502748]","[np.float64(15.66681142700058), np.float64(-86.92981242009621)]",2026-06-13 15:42:20,633.8796153251394,1,2.55261426285107,333.397875478327,25.659648112401445,59.54200333485691,17.817158925093402,3,3,3,914,2,0.7548611111111111,20.081742258426736,0.0485781990521327,ELECTRE-III,1
320,0130,0,0,"[13.250440631325091, -84.59469324816763]","[np.float64(15.66681142700058), np.float64(-86.92981242009621)]",2026-06-13 15:42:30,633.8796153251394,1,2.55261426285107,367.96580242471606,27.93298640574448,59.57983575266961,9.817158925093404,3,3,3,914,2,0.7552083333333334,14.348408925093404,0.0485781990521327,ELECTRE-III,1
321,0010,0,0,"[12.64908089471955, -84.72722623882255]","[np.float64(9.278166332601291), np.float64(-84.83392999348334)]",2026-06-13 15:42:40,599.3030986900742,1,2.0134742508659316,375.01002056734535,28.385025140423846,58.79896754561873,25.188019994719667,4,4,3,891,5,0.7555555555555555,26.69913110583078,0.33175355450236965,ELECTRE-III,1
322,0010,0,0,"[12.047700667546499, -84.85932892755977]","[np.float64(9.278166332601291), np.float64(-84.83392999348334)]",2026-06-13 15:42:50,599.3030986900742,1,2.0134742508659316,307.9711062306923,23.92984839107921,58.83451185005948,24.188019994719667,4,4,3,891,5,0.7559027777777778,27.21163110583078,0.33175355450236965,ELECTRE-III,1
323,0010,0,0,"[11.446300803579584, -84.99102863513596]","[np.float64(9.278166332601291), np.float64(-84.83392999348334)]",2026-06-13 15:43:00,599.3030986900742,1,2.0134742508659316,241.69743204669197,19.201550797243176,58.870049324311054,24.188019994719667,4,4,3,891,5,0.75625,27.213019994719666,0.33175355450236965,ELECTRE-III,1
324,0010,0,0,"[10.84488471791339, -85.12233902192945]","[np.float64(9.278166332601291), np.float64(-84.83392999348334)]",2026-06-13 15:43:10,599.3030986900742,1,2.0134742508659316,177.04973946092795,14.311732931479144,58.90557313818429,23.188019994719667,4,4,3,891,5,0.7565972222222223,23.188019994719667,0.33175355450236965,ELECTRE-III,1
325,0010,0,0,"[10.243452410547917, -85.2532942388861]","[np.float64(9.278166332601291), np.float64(-84.83392999348334)]",2026-06-13 15:43:20,599.3030986900742,1,2.0134742508659316,116.75930491127458,9.550068572464884,58.941090121868356,16.188019994719667,4,4,3,891,5,0.7569444444444444,10.889408883608557,0.33175355450236965,ELECTRE-III,1
326,0010,0,0,"[9.642006442804105, -85.38390794638426]","[np.float64(9.278166332601291), np.float64(-84.83392999348334)]",2026-06-13 15:43:30,599.3030986900742,1,2.0134742508659316,72.63371896885894,5.974797918817679,58.97659344517408,16.188019994719667,4,4,3,891,5,0.7572916666666667,13.916144994719668,0.33175355450236965,ELECTRE-III,1
327,0010,0,0,"[9.040548522229244, -85.51420063499143]","[np.float64(9.278166332601291), np.float64(-84.83392999348334)]",2026-06-13 15:43:40,599.3030986900742,1,2.0134742508659316,79.2145891490666,6.511676913840315,59.012089938290636,16.188019994719667,4,4,3,891,5,0.7576388888888889,10.126908883608557,0.33175355450236965,ELECTRE-III,1
328,0010,0,0,"[8.439079502596982, -85.64419962546428]","[np.float64(9.278166332601291), np.float64(-84.83392999348334)]",2026-06-13 15:43:50,599.3030986900742,1,2.0134742508659316,128.95855499968044,10.526597349174171,59.047579601218025,19.188019994719667,4,4,3,891,5,0.7579861111111111,22.219964439164112,0.33175355450236965,ELECTRE-III,1
329,0010,0,0,"[7.837601945228258, -85.77391857818115]","[np.float64(9.278166332601291), np.float64(-84.83392999348334)]",2026-06-13 15:44:00,599.3030986900742,1,2.0134742508659316,190.63356361337796,15.359637518134384,59.08305560376707,23.188019994719667,4,4,3,891,5,0.7583333333333333,25.463019994719666,0.33175355450236965,ELECTRE-III,1
330,0010,0,0,"[7.236116703896718, -85.90338481389875]","[np.float64(9.278166332601291), np.float64(-84.83392999348334)]",2026-06-13 15:44:10,599.3030986900742,1,2.0134742508659316,255.74829199518723,20.22951750058156,59.118517945937775,25.188019994719667,4,4,3,891,5,0.7586805555555556,27.464061661386335,0.33175355450236965,ELECTRE-III,1
331,0010,0,0,"[6.634625913036476, -86.03261882318456]","[np.float64(9.278166332601291), np.float64(-84.83392999348334)]",2026-06-13 15:44:20,599.3030986900742,1,2.0134742508659316,322.22342183030054,24.90538931375345,59.153973457919314,23.188019994719667,4,4,3,891,5,0.7590277777777777,16.356769994719667,0.33175355450236965,ELECTRE-III,1
332,0010,0,0,"[6.033130426421181, -86.16163426641693]","[np.float64(9.278166332601291), np.float64(-84.83392999348334)]",2026-06-13 15:44:30,599.3030986900742,1,2.0134742508659316,389.3619725463902,29.294181637326503,59.18942213971168,25.188019994719667,4,4,3,891,5,0.759375,27.466144994719667,0.33175355450236965,ELECTRE-III,1
333,0263,0,0,"[43.0365301866301, -101.45914747879196]","[np.float64(40.33709396384561), np.float64(-104.2016485672987)]",2026-06-13 17:13:00,155.87932703640388,1,3.1390346628492587,376.72976718647163,28.494803904236942,62.259161869714696,20.311640351261754,1,1,1,1486,5,0.94375,27.861640351261755,0.33175355450236965,ELECTRE-III,1
334,0263,0,0,"[42.43976972865692, -101.66090443668497]","[np.float64(40.33709396384561), np.float64(-104.2016485672987)]",2026-06-13 17:13:10,155.87932703640388,1,3.1390346628492587,315.5501627659726,24.45049676719851,62.28660556979981,19.311640351261754,1,1,1,1486,5,0.9440972222222223,11.758862573483977,0.33175355450236965,ELECTRE-III,1
335,0263,0,0,"[41.84279411972488, -101.85963562077566]","[np.float64(40.33709396384561), np.float64(-104.2016485672987)]",2026-06-13 17:13:20,155.87932703640388,1,3.1390346628492587,257.96360354939105,20.390376218011586,62.31403560950658,19.311640351261754,1,1,1,1486,5,0.9444444444444444,22.144973684595087,0.33175355450236965,ELECTRE-III,1
336,0333,0,0,"[41.84279411972488, -101.85963562077566]","[np.float64(39.80394266104254), np.float64(-105.3320988949999)]",2026-06-13 17:13:20,888.6050453254903,2,3.1172633748303724,369.77208410783464,28.049262315907004,61.81715300776649,15.93710023241439,1,1,1,614,9,0.9444444444444444,11.21487801019217,0.6528436018957346,ELECTRE-III,1
337,0263,0,0,"[41.24561360511774, -102.05546397446909]","[np.float64(40.33709396384561), np.float64(-104.2016485672987)]",2026-06-13 17:13:30,155.87932703640388,1,3.1390346628492587,206.99245337081533,16.607738515489224,62.34144515864584,15.311640351261754,1,1,1,1486,5,0.9447916666666667,22.869973684595088,0.33175355450236965,ELECTRE-III,1
338,0333,0,0,"[41.24561360511774, -102.05546397446909]","[np.float64(39.80394266104254), np.float64(-105.3320988949999)]",2026-06-13 17:13:30,888.6050453254903,2,3.1172633748303724,319.9638276314285,24.751732508435655,61.84542999093035,22.93710023241439,1,1,1,614,9,0.9447916666666667,17.26835023241439,0.6528436018957346,ELECTRE-III,1
339,0263,0,0,"[40.64823843011926, -102.24850561098117]","[np.float64(40.33709396384561), np.float64(-104.2016485672987)]",2026-06-13 17:13:40,155.87932703640388,1,3.1390346628492587,168.74380708863484,13.666084286858611,62.36884104740676,22.311640351261754,1,1,1,1486,5,0.9451388888888889,18.5310847957062,0.33175355450236965,ELECTRE-III,1
340,0333,0,0,"[40.64823843011926, -102.24850561098117]","[np.float64(39.80394266104254), np.float64(-105.3320988949999)]",2026-06-13 17:13:40,888.6050453254903,2,3.1172633748303724,278.09510721197364,21.83663826165428,61.873700143905026,22.93710023241439,1,1,1,614,9,0.9451388888888889,28.607933565747725,0.6528436018957346,ELECTRE-III,1
341,0263,0,0,"[40.050672009824005, -102.43884932277108]","[np.float64(40.33709396384561), np.float64(-104.2016485672987)]",2026-06-13 17:13:50,155.87932703640388,1,3.1390346628492587,153.0755922841862,12.438566657098814,62.396223275789346,19.311640351261754,1,1,1,1486,5,0.9454861111111111,20.257126462372867,0.33175355450236965,ELECTRE-III,1
342,0333,0,0,"[40.050672009824005, -102.43884932277108]","[np.float64(39.80394266104254), np.float64(-105.3320988949999)]",2026-06-13 17:13:50,888.6050453254903,2,3.1172633748303724,248.21968778922266,19.68036503545787,61.9019498063122,22.93710023241439,1,1,1,614,9,0.9454861111111111,28.610016899081057,0.6528436018957346,ELECTRE-III,1
343,0263,0,0,"[39.45292800461034, -102.62661122305472]","[np.float64(40.33709396384561), np.float64(-104.2016485672987)]",2026-06-13 17:14:00,155.87932703640388,1,3.1390346628492587,166.4905175259938,13.490309191141199,62.423585013604416,16.311640351261754,1,1,1,1486,5,0.9458333333333333,9.690807017928421,0.33175355450236965,ELECTRE-III,1
344,0333,0,0,"[39.45292800461034, -102.62661122305472]","[np.float64(39.80394266104254), np.float64(-105.3320988949999)]",2026-06-13 17:14:00,888.6050453254903,2,3.1172633748303724,234.95836216456996,18.70387552976596,61.93018580834104,23.93710023241439,1,1,1,614,9,0.9458333333333333,16.370433565747724,0.6528436018957346,ELECTRE-III,1
345,0263,0,0,"[38.85500982957284, -102.81188010429132]","[np.float64(40.33709396384561), np.float64(-104.2016485672987)]",2026-06-13 17:14:10,155.87932703640388,1,3.1390346628492587,203.31295621786242,16.328376234539043,62.45093309104114,21.311640351261754,1,1,1,1486,5,0.9461805555555556,23.204001462372865,0.33175355450236965,ELECTRE-III,1
346,0333,0,0,"[38.85500982957284, -102.81188010429132]","[np.float64(39.80394266104254), np.float64(-105.3320988949999)]",2026-06-13 17:14:10,888.6050453254903,2,3.1172633748303724,241.0709430217051,19.15541050332161,61.95840814999153,15.93710023241439,1,1,1,614,9,0.9461805555555556,19.721822454636612,0.6528436018957346,ELECTRE-III,1
347,0263,0,0,"[38.25692431490067, -102.99475841931842]","[np.float64(40.33709396384561), np.float64(-104.2016485672987)]",2026-06-13 17:14:20,155.87932703640388,1,3.1390346628492587,253.54242416237867,20.069013100198404,62.47826067791037,16.311640351261754,1,1,1,1486,5,0.9465277777777777,20.097751462372866,0.33175355450236965,ELECTRE-III,1
348,0333,0,0,"[38.25692431490067, -102.99475841931842]","[np.float64(39.80394266104254), np.float64(-105.3320988949999)]",2026-06-13 17:14:20,888.6050453254903,2,3.1172633748303724,265.2220290475032,20.915071731115052,61.98661683126368,19.93710023241439,1,1,1,614,9,0.9465277777777777,11.418350232414392,0.6528436018957346,ELECTRE-III,1
349,0263,0,0,"[37.658674875688426, -103.17532813040604]","[np.float64(40.33709396384561), np.float64(-104.2016485672987)]",2026-06-13 17:14:30,155.87932703640388,1,3.1390346628492587,310.7456650661651,24.12094160997554,62.50557460440125,20.311640351261754,1,1,1,1486,5,0.946875,17.471015351261755,0.33175355450236965,ELECTRE-III,1
350,0333,0,0,"[37.658674875688426, -103.17532813040604]","[np.float64(39.80394266104254), np.float64(-105.3320988949999)]",2026-06-13 17:14:30,888.6050453254903,2,3.1172633748303724,303.13230424136964,23.59522736999847,62.01480502196832,14.93710023241439,1,1,1,614,9,0.946875,15.883975232414391,0.6528436018957346,ELECTRE-III,1
351,0263,0,0,"[37.06027517231444, -103.35367119982425]","[np.float64(40.33709396384561), np.float64(-104.2016485672987)]",2026-06-13 17:14:40,155.87932703640388,1,3.1390346628492587,371.7171576466097,28.174192107836376,62.53287487051379,15.311640351261754,1,1,1,1486,5,0.9472222222222222,14.364418129039532,0.33175355450236965,ELECTRE-III,1
352,0333,0,0,"[37.06027517231444, -103.35367119982425]","[np.float64(39.80394266104254), np.float64(-105.3320988949999)]",2026-06-13 17:14:40,888.6050453254903,2,3.1172633748303724,350.3641856641336,26.78681446363149,62.0429863824838,22.93710023241439,1,1,1,614,9,0.9472222222222222,17.253766899081057,0.6528436018957346,ELECTRE-III,1
353,0333,0,0,"[36.4617286198733, -103.52987642003224]","[np.float64(39.80394266104254), np.float64(-105.3320988949999)]",2026-06-13 17:14:50,888.6050453254903,2,3.1172633748303724,403.6593184120018,30.1840666580838,62.07114725243176,19.93710023241439,1,1,1,614,9,0.9475694444444445,28.46522523241439,0.6528436018957346,ELECTRE-III,1
354,0214,0,0,"[35.264208628167886, -103.87617384114105]","[np.float64(32.26335503153177), np.float64(-102.2535479307044)]",2026-06-13 17:15:10,396.82651739244295,1,3.108426450142871,365.8262421704489,27.79493190154479,67.40606457915615,20.311640351261754,4,4,3,705,11,0.9482638888888889,11.777265351261754,0.7097156398104265,ELECTRE-III,1
355,0214,0,0,"[34.66524884928196, -104.04640947601445]","[np.float64(32.26335503153177), np.float64(-102.2535479307044)]",2026-06-13 17:15:20,396.82651739244295,1,3.108426450142871,314.6108509634723,24.386201097849014,67.43963495892676,18.311640351261754,4,4,3,705,11,0.9486111111111111,20.208862573483977,0.7097156398104265,ELECTRE-III,1
356,0214,0,0,"[34.06616271189639, -104.21480095981194]","[np.float64(32.26335503153177), np.float64(-102.2535479307044)]",2026-06-13 17:15:30,396.82651739244295,1,3.108426450142871,271.1183230501453,21.33861941458958,67.47319167831903,16.311640351261754,4,4,3,705,11,0.9489583333333333,10.617890351261755,0.7097156398104265,ELECTRE-III,1
357,0214,0,0,"[33.466957046200335, -104.38140976423607]","[np.float64(32.26335503153177), np.float64(-102.2535479307044)]",2026-06-13 17:15:40,396.82651739244295,1,3.108426450142871,239.59168062985532,19.046361875198066,67.50674156752214,19.311640351261754,4,4,3,705,11,0.9493055555555555,9.8185847957062,0.7097156398104265,ELECTRE-III,1
358,0214,0,0,"[32.86763185219382, -104.5463041911785]","[np.float64(32.26335503153177), np.float64(-102.2535479307044)]",2026-06-13 17:15:50,396.82651739244295,1,3.108426450142871,225.11557538242897,17.971716468890534,67.54028462653606,15.311640351261754,4,4,3,705,11,0.9496527777777778,10.563376462372865,0.7097156398104265,ELECTRE-III,1
359,0214,0,0,"[32.26819737516057, -104.70953888215264]","[np.float64(32.26335503153177), np.float64(-102.2535479307044)]",2026-06-13 17:16:00,396.82651739244295,1,3.108426450142871,230.91874909271536,18.404138499438208,67.57381402517166,16.311640351261754,4,4,3,705,11,0.95,21.061640351261754,0.7097156398104265,ELECTRE-III,1
360,0214,0,0,"[31.668653615100606, -104.87118213905016]","[np.float64(32.26335503153177), np.float64(-102.2535479307044)]",2026-06-13 17:16:10,396.82651739244295,1,3.108426450142871,255.624226910422,20.22049898102554,67.60733659361809,14.311640351261754,4,4,3,705,11,0.9503472222222222,14.311640351261754,0.7097156398104265,ELECTRE-III,1
361,0214,0,0,"[31.06900740220309, -105.0312749430061]","[np.float64(32.26335503153177), np.float64(-102.2535479307044)]",2026-06-13 17:16:20,396.82651739244295,1,3.108426450142871,294.51143025444253,22.994816722457823,67.64084550168617,18.311640351261754,4,4,3,705,11,0.9506944444444444,16.410251462372866,0.7097156398104265,ELECTRE-III,1
362,0214,0,0,"[30.469258736468028, -105.18989242610131]","[np.float64(32.26335503153177), np.float64(-102.2535479307044)]",2026-06-13 17:16:30,396.82651739244295,1,3.108426450142871,342.7887885784104,26.28623872098284,67.67435440975424,17.311640351261754,4,4,3,705,11,0.9510416666666667,9.70330701792842,0.7097156398104265,ELECTRE-III,1
363,0283,1,0,"[30.469258736468028, -105.18989242610131]","[np.float64(26.87769369263977), np.float64(-105.8612376757188)]",2026-06-13 17:16:30,603.807125989499,1,2.7072967064909133,404.6960937744483,30.247982719840486,65.53328135025201,15.435260707803842,3,3,3,1496,12,0.9510416666666667,12.582135707803841,0.7902843601895735,ELECTRE-III,1
364,0214,0,0,"[29.869414448084584, -105.34706873928164]","[np.float64(32.26335503153177), np.float64(-102.2535479307044)]",2026-06-13 17:16:40,396.82651739244295,1,3.108426450142871,397.0442121620717,29.77429710702008,67.70784965744399,15.311640351261754,4,4,3,705,11,0.9513888888888888,8.651918129039533,0.7097156398104265,ELECTRE-III,1
365,0283,1,0,"[29.869414448084584, -105.34706873928164]","[np.float64(26.87769369263977), np.float64(-105.8612376757188)]",2026-06-13 17:16:40,603.807125989499,1,2.7072967064909133,336.44501466024303,25.8636940431368,65.57039659820187,20.43526070780384,3,3,3,1496,12,0.9513888888888888,15.678316263359397,0.7902843601895735,ELECTRE-III,1
366,0283,1,0,"[29.269481367241927, -105.50286535424962]","[np.float64(26.87769369263977), np.float64(-105.8612376757188)]",2026-06-13 17:16:50,603.807125989499,1,2.7072967064909133,268.26856307397094,21.134215137033028,65.60750501596254,14.435260707803842,3,3,3,1496,12,0.9517361111111111,23.000885707803842,0.7902843601895735,ELECTRE-III,1
366,0283,1,0,"[29.269481367241927, -105.50286535424962]","[np.float64(26.87769369263977), np.float64(-105.8612376757188)]",2026-06-13 17:16:50,603.807125989499,1,2.7072967064909133,268.26856307397094,21.134215137033028,65.60750501596254,14.435260707803842,3,3,3,1496,12,0.9517361111111111,23.000885707803842,0.7902843601895735,ELECTRE-III,1
367,0283,1,0,"[28.66945949394006, -105.65733008232947]","[np.float64(26.87769369263977), np.float64(-105.8612376757188)]",2026-06-13 17:17:00,603.807125989499,1,2.7072967064909133,200.24286484680889,16.094669576558353,65.64461343372322,16.43526070780384,3,3,3,1496,12,0.9520833333333333,20.243594041137175,0.7902843601895735,ELECTRE-III,1
367,0283,1,0,"[28.66945949394006, -105.65733008232947]","[np.float64(26.87769369263977), np.float64(-105.8612376757188)]",2026-06-13 17:17:00,603.807125989499,1,2.7072967064909133,200.24286484680889,16.094669576558353,65.64461343372322,16.43526070780384,3,3,3,1496,12,0.9520833333333333,20.243594041137175,0.7902843601895735,ELECTRE-III,1
368,0075,0,0,"[28.06935053572628, -105.81051073484534]","[np.float64(27.09116414667865), np.float64(-109.4127318698908)]",2026-06-13 17:17:10,481.43675823274424,1,2.1213887702306735,371.3006189399701,28.147462806330218,62.51239796338209,14.93710023241439,4,4,3,819,13,0.9524305555555556,20.651683565747724,0.8566350710900474,ELECTRE-III,1
369,0283,1,0,"[28.06935053572628, -105.81051073484534]","[np.float64(26.87769369263977), np.float64(-105.8612376757188)]",2026-06-13 17:17:10,603.807125989499,1,2.7072967064909133,132.60084620686257,10.816987792703879,65.6817218514839,20.43526070780384,3,3,3,1496,12,0.9524305555555556,15.673107930026063,0.7902843601895735,ELECTRE-III,1
369,0283,1,0,"[28.06935053572628, -105.81051073484534]","[np.float64(26.87769369263977), np.float64(-105.8612376757188)]",2026-06-13 17:17:10,603.807125989499,1,2.7072967064909133,132.60084620686257,10.816987792703879,65.6817218514839,20.43526070780384,3,3,3,1496,12,0.9524305555555556,15.673107930026063,0.7902843601895735,ELECTRE-III,1
370,0075,0,0,"[27.46916132278975, -105.96244829293228]","[np.float64(27.09116414667865), np.float64(-109.4127318698908)]",2026-06-13 17:17:20,481.43675823274424,1,2.1213887702306735,343.55186294325284,26.33685973772592,62.54946540000775,11.93710023241439,4,4,3,819,13,0.9527777777777777,3.3621002324143916,0.8566350710900474,ELECTRE-III,1
371,0283,1,0,"[27.46916132278975, -105.96244829293228]","[np.float64(26.87769369263977), np.float64(-105.8612376757188)]",2026-06-13 17:17:20,603.807125989499,1,2.7072967064909133,66.52598427186219,5.475572175186381,65.71883026924458,20.43526070780384,3,3,3,1496,12,0.9527777777777777,28.05748293002606,0.7902843601895735,ELECTRE-III,1
371,0283,1,0,"[27.46916132278975, -105.96244829293228]","[np.float64(26.87769369263977), np.float64(-105.8612376757188)]",2026-06-13 17:17:20,603.807125989499,1,2.7072967064909133,66.52598427186219,5.475572175186381,65.71883026924458,20.43526070780384,3,3,3,1496,12,0.9527777777777777,28.05748293002606,0.7902843601895735,ELECTRE-III,1
372,0075,0,0,"[26.868893562677762, -106.11319056791446]","[np.float64(27.09116414667865), np.float64(-109.4127318698908)]",2026-06-13 17:17:30,481.43675823274424,1,2.1213887702306735,327.88505396105984,25.288713271020697,62.58653283663341,13.93710023241439,4,4,3,819,13,0.953125,9.17147523241439,0.8566350710900474,ELECTRE-III,1
373,0283,1,0,"[26.868893562677762, -106.11319056791446]","[np.float64(26.87769369263977), np.float64(-105.8612376757188)]",2026-06-13 17:17:30,603.807125989499,1,2.7072967064909133,25.009582629515563,2.0638670244349826,65.75593868700525,22.43526070780384,3,3,3,1496,12,0.953125,15.763385707803842,0.7902843601895735,ELECTRE-III,1
373,0283,1,0,"[26.868893562677762, -106.11319056791446]","[np.float64(26.87769369263977), np.float64(-105.8612376757188)]",2026-06-13 17:17:30,603.807125989499,1,2.7072967064909133,25.009582629515563,2.0638670244349826,65.75593868700525,22.43526070780384,3,3,3,1496,12,0.953125,15.763385707803842,0.7902843601895735,ELECTRE-III,1
374,0075,0,0,"[26.268550670484906, -106.2627785409269]","[np.float64(27.09116414667865), np.float64(-109.4127318698908)]",2026-06-13 17:17:40,481.43675823274424,1,2.1213887702306735,326.0479349377902,25.164593468354738,62.623607103448236,11.93710023241439,4,4,3,819,13,0.9534722222222223,20.51835023241439,0.8566350710900474,ELECTRE-III,1
375,0283,1,0,"[26.268550670484906, -106.2627785409269]","[np.float64(26.87769369263977), np.float64(-105.8612376757188)]",2026-06-13 17:17:40,603.807125989499,1,2.7072967064909133,78.62859595124277,6.463915702690637,65.79304710476593,13.435260707803842,3,3,3,1496,12,0.9534722222222223,22.016510707803842,0.7902843601895735,ELECTRE-III,1
375,0283,1,0,"[26.268550670484906, -106.2627785409269]","[np.float64(26.87769369263977), np.float64(-105.8612376757188)]",2026-06-13 17:17:40,603.807125989499,1,2.7072967064909133,78.62859595124277,6.463915702690637,65.79304710476593,13.435260707803842,3,3,3,1496,12,0.9534722222222223,22.016510707803842,0.7902843601895735,ELECTRE-III,1
376,0075,0,0,"[25.668136061305766, -106.41125319310464]","[np.float64(27.09116414667865), np.float64(-109.4127318698908)]",2026-06-13 17:17:50,481.43675823274424,1,2.1213887702306735,338.2670727515595,25.985369377565227,62.6606745400739,9.93710023241439,4,4,3,819,13,0.9538194444444444,10.890919676858836,0.8566350710900474,ELECTRE-III,1
377,0283,1,0,"[25.668136061305766, -106.41125319310464]","[np.float64(26.87769369263977), np.float64(-105.8612376757188)]",2026-06-13 17:17:50,603.807125989499,1,2.7072967064909133,145.24719384243073,11.820806541062572,65.83015552252661,13.435260707803842,3,3,3,1496,12,0.9538194444444444,16.296719041137173,0.7902843601895735,ELECTRE-III,1
377,0283,1,0,"[25.668136061305766, -106.41125319310464]","[np.float64(26.87769369263977), np.float64(-105.8612376757188)]",2026-06-13 17:17:50,603.807125989499,1,2.7072967064909133,145.24719384243073,11.820806541062572,65.83015552252661,13.435260707803842,3,3,3,1496,12,0.9538194444444444,16.296719041137173,0.7902843601895735,ELECTRE-III,1
378,0075,0,0,"[25.067653150234925, -106.55865550558269]","[np.float64(27.09116414667865), np.float64(-109.4127318698908)]",2026-06-13 17:18:00,481.43675823274424,1,2.1213887702306735,363.12716996731524,27.62027356815491,62.69774197669956,14.93710023241439,4,4,3,819,13,0.9541666666666667,9.21210023241439,0.8566350710900474,ELECTRE-III,1
379,0283,1,0,"[25.067653150234925, -106.55865550558269]","[np.float64(26.87769369263977), np.float64(-105.8612376757188)]",2026-06-13 17:18:00,603.807125989499,1,2.7072967064909133,212.99866591924078,17.062009474444924,65.86725711009812,16.43526070780384,3,3,3,1496,12,0.9541666666666667,18.343594041137177,0.7902843601895735,ELECTRE-III,1
380,0075,0,0,"[24.467105352366968, -106.70502645949607]","[np.float64(27.09116414667865), np.float64(-109.4127318698908)]",2026-06-13 17:18:10,481.43675823274424,1,2.1213887702306735,398.26874740065904,29.85040536374031,62.734809413325216,11.93710023241439,4,4,3,819,13,0.9545138888888889,2.3919613435255016,0.8566350710900474,ELECTRE-III,1
381,0283,1,0,"[24.467105352366968, -106.70502645949607]","[np.float64(26.87769369263977), np.float64(-105.8612376757188)]",2026-06-13 17:18:10,603.807125989499,1,2.7072967064909133,281.06506096959913,22.047597160744132,65.9043655278588,18.43526070780384,3,3,3,1496,12,0.9545138888888889,25.116857930026065,0.7902843601895735,ELECTRE-III,1
382,0283,1,0,"[23.8664926677019, -106.85040703597979]","[np.float64(26.87769369263977), np.float64(-105.8612376757188)]",2026-06-13 17:18:20,603.807125989499,1,2.7072967064909133,349.2627426082398,26.71430356723125,65.94146711543031,20.43526070780384,3,3,3,1496,12,0.9548611111111112,19.48039959669273,0.7902843601895735,ELECTRE-III,1
383,0167,0,1,"[58.000661865616806, 1.0378779802347025]","[np.float64(55.14931047733401), np.float64(-1.225701160577773)]",2026-06-13 10:29:30,465.83258539996734,1,4.254321407838318,345.9980547001063,26.49883747946155,53.50665693893688,17.43893975702494,1,1,1,1260,7,0.103125,17.33581475702494,0.518957345971564,ELECTRE-III,1
384,0167,0,1,"[57.41278748375381, 0.6967407136829779]","[np.float64(55.14931047733401), np.float64(-1.225701160577773)]",2026-06-13 10:29:40,465.83258539996734,1,4.254321407838318,278.2320639329021,21.84638019408824,53.52152626076,14.43893975702494,1,1,1,1260,7,0.10347222222222222,14.645884201469384,0.518957345971564,ELECTRE-III,1
385,0167,0,1,"[56.82422325278464, 0.36507262396140305]","[np.float64(55.14931047733401), np.float64(-1.225701160577773)]",2026-06-13 10:29:50,465.83258539996734,1,4.254321407838318,210.88141335223685,16.902123203684155,53.53637850711019,20.43893975702494,1,1,1,1260,7,0.10381944444444445,19.50456475702494,0.518957345971564,ELECTRE-III,1
386,0194,0,1,"[56.82422325278464, 0.36507262396140305]","[np.float64(53.82691247916946), np.float64(-2.496038888896625)]",2026-06-13 10:29:50,431.93693110526704,1,6.879279714096848,379.18317535532026,28.65102094714576,54.07364460231798,9.817158925093404,1,1,1,504,8,0.10381944444444445,8.778964480648959,0.6125592417061612,ELECTRE-III,1
387,0391,0,1,"[56.82422325278464, 0.36507262396140305]","[np.float64(53.74478430611913), np.float64(-0.9365127738544263)]",2026-06-13 10:29:50,958.6987571018185,2,5.521670865885921,352.1818570460021,26.90627416762552,54.7337174988026,21.060720588956478,2,2,2,1033,4,0.10381944444444445,20.85308170006759,0.19312796208530805,ELECTRE-III,1
388,0167,0,1,"[56.23501356893891, 0.04238319809988691]","[np.float64(55.14931047733401), np.float64(-1.225701160577773)]",2026-06-13 10:30:00,465.83258539996734,1,4.254321407838318,144.5313310196208,11.764174211549918,53.55121026289287,13.43893975702494,1,1,1,1260,7,0.10416666666666667,13.230606423691606,0.518957345971564,ELECTRE-III,1
389,0194,0,1,"[56.23501356893891, 0.04238319809988691]","[np.float64(53.82691247916946), np.float64(-2.496038888896625)]",2026-06-13 10:30:00,431.93693110526704,1,6.879279714096848,312.7943475615977,24.261676162612986,54.08993801858304,13.817158925093404,1,1,1,504,8,0.10416666666666667,13.29632559176007,0.6125592417061612,ELECTRE-III,1
390,0391,0,1,"[56.23501356893891, 0.04238319809988691]","[np.float64(53.74478430611913), np.float64(-0.9365127738544263)]",2026-06-13 10:30:00,958.6987571018185,2,5.521670865885921,283.84802249440713,22.24470458849769,54.749338141434414,23.060720588956478,2,2,2,1033,4,0.10416666666666667,22.227387255623146,0.19312796208530805,ELECTRE-III,1
391,0167,0,1,"[55.645192583162455, -0.27178590027736893]","[np.float64(55.14931047733401), np.float64(-1.225701160577773)]",2026-06-13 10:30:10,465.83258539996734,1,4.254321407838318,81.6609233468791,6.710965816541297,53.566021528108045,13.43893975702494,1,1,1,1260,7,0.10451388888888889,12.811856423691607,0.518957345971564,ELECTRE-III,1
392,0194,0,1,"[55.645192583162455, -0.27178590027736893]","[np.float64(53.82691247916946), np.float64(-2.496038888896625)]",2026-06-13 10:30:10,431.93693110526704,1,6.879279714096848,247.49587998057305,19.627368198455038,54.10621435937518,7.817158925093404,1,1,1,504,8,0.10451388888888889,8.130700591760071,0.6125592417061612,ELECTRE-III,1
393,0391,0,1,"[55.645192583162455, -0.27178590027736893]","[np.float64(53.74478430611913), np.float64(-0.9365127738544263)]",2026-06-13 10:30:10,958.6987571018185,2,5.521670865885921,215.5877039650225,17.257151306111094,54.76493487840414,21.060720588956478,2,2,2,1033,4,0.10451388888888889,21.060720588956478,0.19312796208530805,ELECTRE-III,1
394,0167,0,1,"[55.054784201117386, -0.5778634589738744]","[np.float64(55.14931047733401), np.float64(-1.225701160577773)]",2026-06-13 10:30:20,465.83258539996734,1,4.254321407838318,42.53223456575563,3.5070222295793414,53.58081571785029,21.43893975702494,1,1,1,1260,7,0.10486111111111111,20.49518975702494,0.518957345971564,ELECTRE-III,1
395,0194,0,1,"[55.054784201117386, -0.5778634589738744]","[np.float64(53.82691247916946), np.float64(-2.496038888896625)]",2026-06-13 10:30:20,431.93693110526704,1,6.879279714096848,184.45012165033248,14.883884816142613,54.12247020959981,8.817158925093404,1,1,1,504,8,0.10486111111111111,7.978270036204515,0.6125592417061612,ELECTRE-III,1
396,0391,0,1,"[55.054784201117386, -0.5778634589738744]","[np.float64(53.74478430611913), np.float64(-0.9365127738544263)]",2026-06-13 10:30:20,958.6987571018185,2,5.521670865885921,147.50334158116013,11.99913804148223,54.780514539900935,17.060720588956478,2,2,2,1033,4,0.10486111111111111,16.746137255623143,0.19312796208530805,ELECTRE-III,1
397,0167,0,1,"[54.46382598884413, -0.8762509983973125]","[np.float64(55.14931047733401), np.float64(-1.225701160577773)]",2026-06-13 10:30:30,465.83258539996734,1,4.254321407838318,79.44405220926751,6.530376763872629,53.59558941702503,18.43893975702494,1,1,1,1260,7,0.10520833333333333,18.12331475702494,0.518957345971564,ELECTRE-III,1
398,0194,0,1,"[54.46382598884413, -0.8762509983973125]","[np.float64(53.82691247916946), np.float64(-2.496038888896625)]",2026-06-13 10:30:30,431.93693110526704,1,6.879279714096848,127.05962289226743,10.374982234090188,54.13870898435152,14.817158925093404,1,1,1,504,8,0.10520833333333333,14.185908925093404,0.6125592417061612,ELECTRE-III,1
399,0391,0,1,"[54.46382598884413, -0.8762509983973125]","[np.float64(53.74478430611913), np.float64(-0.9365127738544263)]",2026-06-13 10:30:30,958.6987571018185,2,5.521670865885921,80.05035892474937,6.579780356777264,54.79607029573564,19.060720588956478,2,2,2,1033,4,0.10520833333333333,18.429470588956477,0.19312796208530805,ELECTRE-III,1
400,0167,0,1,"[53.87234185200478, -1.1673248993235479]","[np.float64(55.14931047733401), np.float64(-1.225701160577773)]",2026-06-13 10:30:40,465.83258539996734,1,4.254321407838318,142.04261655129392,11.567109665669241,53.610342625632256,17.43893975702494,1,1,1,1260,7,0.10555555555555556,18.283384201469385,0.518957345971564,ELECTRE-III,1
401,0194,0,1,"[53.87234185200478, -1.1673248993235479]","[np.float64(53.82691247916946), np.float64(-2.496038888896625)]",2026-06-13 10:30:40,431.93693110526704,1,6.879279714096848,87.30157970827743,7.169849110480835,54.154927268535715,15.817158925093404,1,1,1,504,8,0.10555555555555556,15.078270036204515,0.6125592417061612,ELECTRE-III,1
402,0391,0,1,"[53.87234185200478, -1.1673248993235479]","[np.float64(53.74478430611913), np.float64(-0.9365127738544263)]",2026-06-13 10:30:40,958.6987571018185,2,5.521670865885921,20.756916903950238,1.7131546083409706,54.81160897609742,25.060720588956478,2,2,2,1033,4,0.10555555555555556,25.27183170006759,0.19312796208530805,ELECTRE-III,1
403,0167,0,1,"[53.28035911135602, -1.4514381437944526]","[np.float64(55.14931047733401), np.float64(-1.225701160577773)]",2026-06-13 10:30:50,465.83258539996734,1,4.254321407838318,208.33557027511822,16.709512043138368,53.62507875876656,22.43893975702494,1,1,1,1260,7,0.10590277777777778,23.180259201469383,0.518957345971564,ELECTRE-III,1
404,0194,0,1,"[53.28035911135602, -1.4514381437944526]","[np.float64(53.82691247916946), np.float64(-2.496038888896625)]",2026-06-13 10:30:50,431.93693110526704,1,6.879279714096848,91.94944890805944,7.547275389163971,54.1711250621524,13.817158925093404,1,1,1,504,8,0.10590277777777778,13.49945059176007,0.6125592417061612,ELECTRE-III,1
405,0391,0,1,"[53.28035911135602, -1.4514381437944526]","[np.float64(53.74478430611913), np.float64(-0.9365127738544263)]",2026-06-13 10:30:50,958.6987571018185,2,5.521670865885921,61.85531295488525,5.09323962594183,54.82712716589169,23.060720588956478,2,2,2,1033,4,0.10590277777777778,22.743012255623146,0.19312796208530805,ELECTRE-III,1
406,0167,0,1,"[52.687898257465356, -1.7289225829541541]","[np.float64(55.14931047733401), np.float64(-1.225701160577773)]",2026-06-13 10:31:00,465.83258539996734,1,4.254321407838318,275.6716896795468,21.664037691870227,53.639794401333354,15.43893975702494,1,1,1,1260,7,0.10625,14.90768975702494,0.518957345971564,ELECTRE-III,1
407,0194,0,1,"[52.687898257465356, -1.7289225829541541]","[np.float64(53.82691247916946), np.float64(-2.496038888896625)]",2026-06-13 10:31:00,431.93693110526704,1,6.879279714096848,136.54380528909925,11.130716554170844,54.18730578029616,6.817158925093404,1,1,1,504,8,0.10625,7.2421589250934035,0.6125592417061612,ELECTRE-III,1
408,0391,0,1,"[52.687898257465356, -1.7289225829541541]","[np.float64(53.74478430611913), np.float64(-0.9365127738544263)]",2026-06-13 10:31:00,958.6987571018185,2,5.521670865885921,128.81877549179717,10.515442086692582,54.842624865118445,17.060720588956478,2,2,2,1033,4,0.10625,17.698220588956477,0.19312796208530805,ELECTRE-III,1
409,0167,0,1,"[52.09499002618406, -2.000089630740123]","[np.float64(55.14931047733401), np.float64(-1.225701160577773)]",2026-06-13 10:31:10,465.83258539996734,1,4.254321407838318,343.43799553091213,26.329308780819503,53.65449296842722,13.43893975702494,1,1,1,1260,7,0.10659722222222222,13.865328645913829,0.518957345971564,ELECTRE-III,1
410,0194,0,1,"[52.09499002618406, -2.000089630740123]","[np.float64(53.82691247916946), np.float64(-2.496038888896625)]",2026-06-13 10:31:10,431.93693110526704,1,6.879279714096848,195.42382603951208,15.726716806332705,54.203469422967,12.817158925093404,1,1,1,504,8,0.10659722222222222,11.857783925093404,0.6125592417061612,ELECTRE-III,1
411,0391,0,1,"[52.09499002618406, -2.000089630740123]","[np.float64(53.74478430611913), np.float64(-0.9365127738544263)]",2026-06-13 10:31:10,958.6987571018185,2,5.521670865885921,196.81388373683487,15.832991324840844,54.858102073777694,21.060720588956478,2,2,2,1033,4,0.10659722222222222,20.74092892228981,0.19312796208530805,ELECTRE-III,1
412,0194,0,1,"[51.501648077890465, -2.265232665121552]","[np.float64(53.82691247916946), np.float64(-2.496038888896625)]",2026-06-13 10:31:20,431.93693110526704,1,6.879279714096848,259.0256587607214,20.467375696422522,54.21960915997573,13.817158925093404,1,1,1,504,8,0.10694444444444444,14.67271448064896,0.6125592417061612,ELECTRE-III,1
413,0391,0,1,"[51.501648077890465, -2.265232665121552]","[np.float64(53.74478430611913), np.float64(-0.9365127738544263)]",2026-06-13 10:31:20,958.6987571018185,2,5.521670865885921,265.0491117552745,20.902614134370488,54.873558791869435,23.060720588956478,2,2,2,1033,4,0.10694444444444444,23.916276144512032,0.19312796208530805,ELECTRE-III,1
414,0194,0,1,"[50.90789631824667, -2.5246278818730037]","[np.float64(53.82691247916946), np.float64(-2.496038888896625)]",2026-06-13 10:31:30,431.93693110526704,1,6.879279714096848,324.58604272236096,25.065643915080777,54.23573182151155,11.817158925093404,1,1,1,504,8,0.10729166666666666,11.28070059176007,0.6125592417061612,ELECTRE-III,1
415,0391,0,1,"[50.90789631824667, -2.5246278818730037]","[np.float64(53.74478430611913), np.float64(-0.9365127738544263)]",2026-06-13 10:31:30,958.6987571018185,2,5.521670865885921,333.3775159873973,25.658282419611417,54.88899501939366,19.060720588956478,2,2,2,1033,4,0.10729166666666666,18.63155392228981,0.19312796208530805,ELECTRE-III,1
416,0194,0,1,"[50.31375523782019, -2.7785354685131733]","[np.float64(53.82691247916946), np.float64(-2.496038888896625)]",2026-06-13 10:31:40,431.93693110526704,1,6.879279714096848,391.12183627180644,29.404570035569524,54.25183740757444,8.817158925093404,1,1,1,504,8,0.1076388888888889,8.494242258426738,0.6125592417061612,ELECTRE-III,1
417,0391,0,1,"[50.31375523782019, -2.7785354685131733]","[np.float64(53.74478430611913), np.float64(-0.9365127738544263)]",2026-06-13 10:31:40,958.6987571018185,2,5.521670865885921,401.75189850757533,30.066259365329145,54.90441075635038,26.060720588956478,2,2,2,1033,4,0.1076388888888889,27.029470588956478,0.19312796208530805,ELECTRE-III,1
418,0114,0,1,"[44.35434346999778, -5.0636742930839045]","[np.float64(42.38827091628898), np.float64(-8.49349688780998)]",2026-06-13 10:33:20,830.6518427611081,2,2.598140219444228,353.00506122607106,26.960293228971025,58.503145222476306,14.315319400482853,4,4,3,848,3,0.1111111111111111,15.315319400482853,0.10781990521327015,ELECTRE-III,1
419,0114,0,1,"[43.756896578013006, -5.270809171174649]","[np.float64(42.38827091628898), np.float64(-8.49349688780998)]",2026-06-13 10:33:30,830.6518427611081,2,2.598140219444228,302.75845990089704,23.569303119752586,58.53033620556213,20.315319400482853,4,4,3,848,3,0.11145833333333334,19.53511106714952,0.10781990521327015,ELECTRE-III,1
420,0114,0,1,"[43.159220874691044, -5.474670254218844]","[np.float64(42.38827091628898), np.float64(-8.49349688780998)]",2026-06-13 10:33:40,830.6518427611081,2,2.598140219444228,260.86988603310647,20.600899565012668,58.55750669808044,19.315319400482853,4,4,3,848,3,0.11180555555555556,18.197263844927296,0.10781990521327015,ELECTRE-III,1
421,0114,0,1,"[42.56132319022105, -5.675387315810716]","[np.float64(42.38827091628898), np.float64(-8.49349688780998)]",2026-06-13 10:33:50,830.6518427611081,2,2.598140219444228,231.91502171348978,18.478159073787012,58.58467036040958,18.315319400482853,4,4,3,848,3,0.11215277777777778,17.193791622705074,0.10781990521327015,ELECTRE-III,1
422,0114,0,1,"[41.963217184981374, -5.873082872468504]","[np.float64(42.38827091628898), np.float64(-8.49349688780998)]",2026-06-13 10:34:00,830.6518427611081,2,2.598140219444228,221.03843271312502,17.66663467953382,58.611820362360376,17.315319400482853,4,4,3,848,3,0.1125,16.302819400482853,0.10781990521327015,ELECTRE-III,1
423,0114,0,1,"[41.3649062740666, -6.067874318068567]","[np.float64(42.38827091628898), np.float64(-8.49349688780998)]",2026-06-13 10:34:10,830.6518427611081,2,2.598140219444228,230.81189562198287,18.3961957678551,58.63895670393284,23.315319400482853,4,4,3,848,3,0.11284722222222222,22.63823606714952,0.10781990521327015,ELECTRE-III,1
424,0114,0,1,"[40.76640411785506, -6.259873923845387]","[np.float64(42.38827091628898), np.float64(-8.49349688780998)]",2026-06-13 10:34:20,830.6518427611081,2,2.598140219444228,258.90856967442426,20.458890467064162,58.66607938512696,23.315319400482853,4,4,3,848,3,0.11319444444444444,22.18337495603841,0.10781990521327015,ELECTRE-III,1
425,0311,1,1,"[40.76640411785506, -6.259873923845387]","[np.float64(37.3569628721152), np.float64(-6.357247410893716)]",2026-06-13 10:34:20,73.24469784449248,1,5.383424303635184,379.20622970049044,28.65248669720011,62.31734142106487,24.43526070780384,1,1,1,903,8,0.11319444444444444,23.86928848558162,0.6125592417061612,ELECTRE-III,1
425,0311,1,1,"[40.76640411785506, -6.259873923845387]","[np.float64(37.3569628721152), np.float64(-6.357247410893716)]",2026-06-13 10:34:20,73.24469784449248,1,5.383424303635184,379.20622970049044,28.65248669720011,62.31734142106487,24.43526070780384,1,1,1,903,8,0.11319444444444444,23.86928848558162,0.6125592417061612,ELECTRE-III,1
425,0311,1,1,"[40.76640411785506, -6.259873923845387]","[np.float64(37.3569628721152), np.float64(-6.357247410893716)]",2026-06-13 10:34:20,73.24469784449248,1,5.383424303635184,379.20622970049044,28.65248669720011,62.31734142106487,24.43526070780384,1,1,1,903,8,0.11319444444444444,23.86928848558162,0.6125592417061612,ELECTRE-III,1
426,0357,1,1,"[40.76640411785506, -6.259873923845387]","[np.float64(37.76131249306622), np.float64(-5.011013629053059)]",2026-06-13 10:34:20,836.4187543620312,1,2.674798615768187,351.0111152365496,26.829360406570746,63.12815317743708,12.188019994719667,2,2,2,652,4,0.11319444444444444,12.414408883608557,0.19312796208530805,ELECTRE-III,1
426,0357,1,1,"[40.76640411785506, -6.259873923845387]","[np.float64(37.76131249306622), np.float64(-5.011013629053059)]",2026-06-13 10:34:20,836.4187543620312,1,2.674798615768187,351.0111152365496,26.829360406570746,63.12815317743708,12.188019994719667,2,2,2,652,4,0.11319444444444444,12.414408883608557,0.19312796208530805,ELECTRE-III,1
426,0357,1,1,"[40.76640411785506, -6.259873923845387]","[np.float64(37.76131249306622), np.float64(-5.011013629053059)]",2026-06-13 10:34:20,836.4187543620312,1,2.674798615768187,351.0111152365496,26.829360406570746,63.12815317743708,12.188019994719667,2,2,2,652,4,0.11319444444444444,12.414408883608557,0.19312796208530805,ELECTRE-III,1
427,0114,0,1,"[40.16771413144135, -6.4491879846179225]","[np.float64(42.38827091628898), np.float64(-8.49349688780998)]",2026-06-13 10:34:30,830.6518427611081,2,2.598140219444228,300.2289368014099,23.393624471507696,58.69318840594274,21.315319400482853,4,4,3,848,3,0.11354166666666667,22.337194400482854,0.10781990521327015,ELECTRE-III,1
428,0311,1,1,"[40.16771413144135, -6.4491879846179225]","[np.float64(37.3569628721152), np.float64(-6.357247410893716)]",2026-06-13 10:34:30,73.24469784449248,1,5.383424303635184,312.64330710867983,24.25131102421155,62.34785870627648,26.43526070780384,1,1,1,903,8,0.11354166666666667,26.889427374470507,0.6125592417061612,ELECTRE-III,1
428,0311,1,1,"[40.16771413144135, -6.4491879846179225]","[np.float64(37.3569628721152), np.float64(-6.357247410893716)]",2026-06-13 10:34:30,73.24469784449248,1,5.383424303635184,312.64330710867983,24.25131102421155,62.34785870627648,26.43526070780384,1,1,1,903,8,0.11354166666666667,26.889427374470507,0.6125592417061612,ELECTRE-III,1
428,0311,1,1,"[40.16771413144135, -6.4491879846179225]","[np.float64(37.3569628721152), np.float64(-6.357247410893716)]",2026-06-13 10:34:30,73.24469784449248,1,5.383424303635184,312.64330710867983,24.25131102421155,62.34785870627648,26.43526070780384,1,1,1,903,8,0.11354166666666667,26.889427374470507,0.6125592417061612,ELECTRE-III,1
429,0357,1,1,"[40.16771413144135, -6.4491879846179225]","[np.float64(37.76131249306622), np.float64(-5.011013629053059)]",2026-06-13 10:34:30,836.4187543620312,1,2.674798615768187,295.04731891434244,23.032296983271827,63.15796012297502,16.188019994719667,2,2,2,652,4,0.11354166666666667,15.506769994719667,0.19312796208530805,ELECTRE-III,1
429,0357,1,1,"[40.16771413144135, -6.4491879846179225]","[np.float64(37.76131249306622), np.float64(-5.011013629053059)]",2026-06-13 10:34:30,836.4187543620312,1,2.674798615768187,295.04731891434244,23.032296983271827,63.15796012297502,16.188019994719667,2,2,2,652,4,0.11354166666666667,15.506769994719667,0.19312796208530805,ELECTRE-III,1
430,0114,0,1,"[39.568846560109215, -6.635918953223724]","[np.float64(42.38827091628898), np.float64(-8.49349688780998)]",2026-06-13 10:34:40,830.6518427611081,2,2.598140219444228,350.12285894769525,26.770935204992377,58.720283766380184,17.315319400482853,4,4,3,848,3,0.11388888888888889,17.42920828937174,0.10781990521327015,ELECTRE-III,1
431,0311,1,1,"[39.568846560109215, -6.635918953223724]","[np.float64(37.3569628721152), np.float64(-6.357247410893716)]",2026-06-13 10:34:40,73.24469784449248,1,5.383424303635184,247.14404530744682,19.60159440376805,62.378369161298934,20.43526070780384,1,1,1,903,8,0.11388888888888889,21.346371818914953,0.6125592417061612,ELECTRE-III,1
432,0357,1,1,"[39.568846560109215, -6.635918953223724]","[np.float64(37.76131249306622), np.float64(-5.011013629053059)]",2026-06-13 10:34:40,836.4187543620312,1,2.674798615768187,245.5488564376812,19.48463465203831,63.18774657794544,11.188019994719667,2,2,2,652,4,0.11388888888888889,10.390797772497445,0.19312796208530805,ELECTRE-III,1
433,0493,0,1,"[39.568846560109215, -6.635918953223724]","[np.float64(36.78983297350138), np.float64(-4.481296075919123)]",2026-06-13 10:34:40,272.9597100770449,1,6.046600834492825,361.8510842758299,27.537502777065626,63.976571955379384,12.442618806246042,4,4,3,1454,7,0.11388888888888889,12.442618806246042,0.518957345971564,ELECTRE-III,1
434,0114,0,1,"[38.96980481895324, -6.820163306084819]","[np.float64(42.38827091628898), np.float64(-8.49349688780998)]",2026-06-13 10:34:50,830.6518427611081,2,2.598140219444228,405.4385835739617,30.29370536533984,58.747365466439284,18.315319400482853,4,4,3,848,3,0.11423611111111111,19.343444400482852,0.10781990521327015,ELECTRE-III,1
435,0311,1,1,"[38.96980481895324, -6.820163306084819]","[np.float64(37.3569628721152), np.float64(-6.357247410893716)]",2026-06-13 10:34:50,73.24469784449248,1,5.383424303635184,183.84912549718265,14.837531005565873,62.40887278613221,28.43526070780384,1,1,1,903,8,0.11423611111111111,28.092552374470507,0.6125592417061612,ELECTRE-III,1
435,0311,1,1,"[38.96980481895324, -6.820163306084819]","[np.float64(37.3569628721152), np.float64(-6.357247410893716)]",2026-06-13 10:34:50,73.24469784449248,1,5.383424303635184,183.84912549718265,14.837531005565873,62.40887278613221,28.43526070780384,1,1,1,903,8,0.11423611111111111,28.092552374470507,0.6125592417061612,ELECTRE-III,1
436,0357,1,1,"[38.96980481895324, -6.820163306084819]","[np.float64(37.76131249306622), np.float64(-5.011013629053059)]",2026-06-13 10:34:50,836.4187543620312,1,2.674798615768187,207.202117123941,16.62363272844909,63.21751937253753,14.188019994719667,2,2,2,652,4,0.11423611111111111,13.616839439164112,0.19312796208530805,ELECTRE-III,1
436,0357,1,1,"[38.96980481895324, -6.820163306084819]","[np.float64(37.76131249306622), np.float64(-5.011013629053059)]",2026-06-13 10:34:50,836.4187543620312,1,2.674798615768187,207.202117123941,16.62363272844909,63.21751937253753,14.188019994719667,2,2,2,652,4,0.11423611111111111,13.616839439164112,0.19312796208530805,ELECTRE-III,1
437,0493,0,1,"[38.96980481895324, -6.820163306084819]","[np.float64(36.78983297350138), np.float64(-4.481296075919123)]",2026-06-13 10:34:50,272.9597100770449,1,6.046600834492825,317.61550480887706,24.59163835149669,64.00700044813179,16.442618806246042,4,4,3,1454,7,0.11423611111111111,16.899563250690488,0.518957345971564,ELECTRE-III,1
438,0311,1,1,"[38.370602568351785, -7.002014531415469]","[np.float64(37.3569628721152), np.float64(-6.357247410893716)]",2026-06-13 10:35:00,73.24469784449248,1,5.383424303635184,126.12447089181991,10.300263385641564,62.43935592039797,28.43526070780384,1,1,1,903,8,0.11458333333333333,28.77901070780384,0.6125592417061612,ELECTRE-III,1
438,0311,1,1,"[38.370602568351785, -7.002014531415469]","[np.float64(37.3569628721152), np.float64(-6.357247410893716)]",2026-06-13 10:35:00,73.24469784449248,1,5.383424303635184,126.12447089181991,10.300263385641564,62.43935592039797,28.43526070780384,1,1,1,903,8,0.11458333333333333,28.77901070780384,0.6125592417061612,ELECTRE-III,1
439,0357,1,1,"[38.370602568351785, -7.002014531415469]","[np.float64(37.76131249306622), np.float64(-5.011013629053059)]",2026-06-13 10:35:00,836.4187543620312,1,2.674798615768187,186.99916574604296,15.080266199259816,63.24727850675127,18.188019994719667,2,2,2,652,4,0.11458333333333333,18.417186661386335,0.19312796208530805,ELECTRE-III,1
439,0357,1,1,"[38.370602568351785, -7.002014531415469]","[np.float64(37.76131249306622), np.float64(-5.011013629053059)]",2026-06-13 10:35:00,836.4187543620312,1,2.674798615768187,186.99916574604296,15.080266199259816,63.24727850675127,18.188019994719667,2,2,2,652,4,0.11458333333333333,18.417186661386335,0.19312796208530805,ELECTRE-III,1
440,0493,0,1,"[38.370602568351785, -7.002014531415469]","[np.float64(36.78983297350138), np.float64(-4.481296075919123)]",2026-06-13 10:35:00,272.9597100770449,1,6.046600834492825,283.2437097687944,22.201950166041723,64.03741528050585,16.442618806246042,4,4,3,1454,7,0.11458333333333333,17.244702139579374,0.518957345971564,ELECTRE-III,1
441,0311,1,1,"[37.77123639321024, -7.181561421674887]","[np.float64(37.3569628721152), np.float64(-6.357247410893716)]",2026-06-13 10:35:10,73.24469784449248,1,5.383424303635184,86.02791368982999,7.0663114482907945,62.469839054663744,27.43526070780384,1,1,1,903,8,0.11493055555555555,26.285955152248285,0.6125592417061612,ELECTRE-III,1
441,0311,1,1,"[37.77123639321024, -7.181561421674887]","[np.float64(37.3569628721152), np.float64(-6.357247410893716)]",2026-06-13 10:35:10,73.24469784449248,1,5.383424303635184,86.02791368982999,7.0663114482907945,62.469839054663744,27.43526070780384,1,1,1,903,8,0.11493055555555555,26.285955152248285,0.6125592417061612,ELECTRE-III,1
442,0357,1,1,"[37.77123639321024, -7.181561421674887]","[np.float64(37.76131249306622), np.float64(-5.011013629053059)]",2026-06-13 10:35:10,836.4187543620312,1,2.674798615768187,190.7932165274176,15.371892786397277,63.27703081077585,16.188019994719667,2,2,2,652,4,0.11493055555555555,16.188019994719667,0.19312796208530805,ELECTRE-III,1
442,0357,1,1,"[37.77123639321024, -7.181561421674887]","[np.float64(37.76131249306622), np.float64(-5.011013629053059)]",2026-06-13 10:35:10,836.4187543620312,1,2.674798615768187,190.7932165274176,15.371892786397277,63.27703081077585,16.188019994719667,2,2,2,652,4,0.11493055555555555,16.188019994719667,0.19312796208530805,ELECTRE-III,1
443,0493,0,1,"[37.77123639321024, -7.181561421674887]","[np.float64(36.78983297350138), np.float64(-4.481296075919123)]",2026-06-13 10:35:10,272.9597100770449,1,6.046600834492825,262.63649867890695,20.728585081700842,64.06782328269075,12.442618806246042,4,4,3,1454,7,0.11493055555555555,13.01727158402382,0.518957345971564,ELECTRE-III,1
444,0311,1,1,"[37.17172336900154, -7.358890208001343]","[np.float64(37.3569628721152), np.float64(-6.357247410893716)]",2026-06-13 10:35:20,73.24469784449248,1,5.383424303635184,91.00126431329178,7.470331250849646,62.500301698362,22.43526070780384,1,1,1,903,8,0.11527777777777778,21.743594041137175,0.6125592417061612,ELECTRE-III,1
444,0311,1,1,"[37.17172336900154, -7.358890208001343]","[np.float64(37.3569628721152), np.float64(-6.357247410893716)]",2026-06-13 10:35:20,73.24469784449248,1,5.383424303635184,91.00126431329178,7.470331250849646,62.500301698362,22.43526070780384,1,1,1,903,8,0.11527777777777778,21.743594041137175,0.6125592417061612,ELECTRE-III,1
445,0357,1,1,"[37.17172336900154, -7.358890208001343]","[np.float64(37.76131249306622), np.float64(-5.011013629053059)]",2026-06-13 10:35:20,836.4187543620312,1,2.674798615768187,217.3315618266884,17.388357894445846,63.30676262423292,16.188019994719667,2,2,2,652,4,0.11527777777777778,15.496353328053,0.19312796208530805,ELECTRE-III,1
445,0357,1,1,"[37.17172336900154, -7.358890208001343]","[np.float64(37.76131249306622), np.float64(-5.011013629053059)]",2026-06-13 10:35:20,836.4187543620312,1,2.674798615768187,217.3315618266884,17.388357894445846,63.30676262423292,16.188019994719667,2,2,2,652,4,0.11527777777777778,15.496353328053,0.19312796208530805,ELECTRE-III,1
446,0493,0,1,"[37.17172336900154, -7.358890208001343]","[np.float64(36.78983297350138), np.float64(-4.481296075919123)]",2026-06-13 10:35:20,272.9597100770449,1,6.046600834492825,259.0999053750182,20.472755725211133,64.09821762449731,16.442618806246042,4,4,3,1454,7,0.11527777777777778,16.327341028468265,0.518957345971564,ELECTRE-III,1
447,0311,1,1,"[36.5720600806311, -7.534080291343939]","[np.float64(37.3569628721152), np.float64(-6.357247410893716)]",2026-06-13 10:35:30,73.24469784449248,1,5.383424303635184,136.1940554796283,11.102915088610638,62.53075751187109,19.43526070780384,1,1,1,903,8,0.115625,19.204010707803842,0.6125592417061612,ELECTRE-III,1
447,0311,1,1,"[36.5720600806311, -7.534080291343939]","[np.float64(37.3569628721152), np.float64(-6.357247410893716)]",2026-06-13 10:35:30,73.24469784449248,1,5.383424303635184,136.1940554796283,11.102915088610638,62.53075751187109,19.43526070780384,1,1,1,903,8,0.115625,19.204010707803842,0.6125592417061612,ELECTRE-III,1
448,0357,1,1,"[36.5720600806311, -7.534080291343939]","[np.float64(37.76131249306622), np.float64(-5.011013629053059)]",2026-06-13 10:35:30,836.4187543620312,1,2.674798615768187,259.7336800877025,20.518664700509348,63.33648760750081,14.188019994719667,2,2,2,652,4,0.115625,15.113019994719668,0.19312796208530805,ELECTRE-III,1
449,0493,0,1,"[36.5720600806311, -7.534080291343939]","[np.float64(36.78983297350138), np.float64(-4.481296075919123)]",2026-06-13 10:35:30,272.9597100770449,1,6.046600834492825,273.2968483534056,21.49449511015941,64.12859147573636,16.442618806246042,4,4,3,1454,7,0.115625,16.211368806246043,0.518957345971564,ELECTRE-III,1
450,0311,1,1,"[35.972256773382675, -7.707211926425422]","[np.float64(37.3569628721152), np.float64(-6.357247410893716)]",2026-06-13 10:35:40,73.24469784449248,1,5.383424303635184,195.45806375838265,15.729335730614814,62.56119966500183,24.43526070780384,1,1,1,903,8,0.11597222222222223,24.43526070780384,0.6125592417061612,ELECTRE-III,1
450,0311,1,1,"[35.972256773382675, -7.707211926425422]","[np.float64(37.3569628721152), np.float64(-6.357247410893716)]",2026-06-13 10:35:40,73.24469784449248,1,5.383424303635184,195.45806375838265,15.729335730614814,62.56119966500183,24.43526070780384,1,1,1,903,8,0.11597222222222223,24.43526070780384,0.6125592417061612,ELECTRE-III,1
451,0357,1,1,"[35.972256773382675, -7.707211926425422]","[np.float64(37.76131249306622), np.float64(-5.011013629053059)]",2026-06-13 10:35:40,836.4187543620312,1,2.674798615768187,311.5892812695642,24.178931564661024,63.36619893039037,15.188019994719667,2,2,2,652,4,0.11597222222222223,14.028297772497446,0.19312796208530805,ELECTRE-III,1
452,0493,0,1,"[35.972256773382675, -7.707211926425422]","[np.float64(36.78983297350138), np.float64(-4.481296075919123)]",2026-06-13 10:35:40,272.9597100770449,1,6.046600834492825,302.74290108544443,23.568223971143897,64.15895849678624,13.442618806246042,4,4,3,1454,7,0.11597222222222223,13.790535472912708,0.518957345971564,ELECTRE-III,1
453,0311,1,1,"[35.37232027744543, -7.878359391553016]","[np.float64(37.3569628721152), np.float64(-6.357247410893716)]",2026-06-13 10:35:50,73.24469784449248,1,5.383424303635184,259.31918299096645,20.48864273089138,62.591628157754236,22.43526070780384,1,1,1,903,8,0.11631944444444445,21.2720662633594,0.6125592417061612,ELECTRE-III,1
454,0357,1,1,"[35.37232027744543, -7.878359391553016]","[np.float64(37.76131249306622), np.float64(-5.011013629053059)]",2026-06-13 10:35:50,836.4187543620312,1,2.674798615768187,368.93331951471595,27.99529965411138,63.39588976271241,14.188019994719667,2,2,2,652,4,0.11631944444444445,15.118575550275223,0.19312796208530805,ELECTRE-III,1
455,0493,0,1,"[35.37232027744543, -7.878359391553016]","[np.float64(36.78983297350138), np.float64(-4.481296075919123)]",2026-06-13 10:35:50,272.9597100770449,1,6.046600834492825,343.53874166772107,26.335989669055976,64.18931185745777,16.442618806246042,4,4,3,1454,7,0.11631944444444445,16.90789658402382,0.518957345971564,ELECTRE-III,1
456,0311,1,1,"[34.77225059281938, -8.047594403713008]","[np.float64(37.3569628721152), np.float64(-6.357247410893716)]",2026-06-13 10:36:00,73.24469784449248,1,5.383424303635184,325.08000616669386,25.099096216330317,62.62204982031748,23.43526070780384,1,1,1,903,8,0.11666666666666667,23.901927374470507,0.6125592417061612,ELECTRE-III,1
457,0493,0,1,"[34.77225059281938, -8.047594403713008]","[np.float64(36.78983297350138), np.float64(-4.481296075919123)]",2026-06-13 10:36:00,272.9597100770449,1,6.046600834492825,392.1581948245632,29.469464278166278,64.21965155775096,17.442618806246042,4,4,3,1454,7,0.11666666666666667,17.209285472912708,0.518957345971564,ELECTRE-III,1
458,0496,0,1,"[34.77225059281938, -8.047594403713008]","[np.float64(31.61402405519459), np.float64(-7.961106265620023)]",2026-06-13 10:36:00,367.5182664858514,1,3.6723931547170823,351.27141345912196,26.84647015955932,63.0469490583948,24.188019994719667,4,4,3,626,3,0.11666666666666667,25.238019994719668,0.10781990521327015,ELECTRE-III,1
459,0066,0,1,"[34.172057964788266, -8.21498611857074]","[np.float64(30.7477137956541), np.float64(-9.500422258138515)]",2026-06-13 10:36:10,40.441813478611415,1,4.582096987582565,399.4012306895183,29.920689215673246,61.925903279731436,23.311640351261754,4,4,3,1404,6,0.11701388888888889,23.077612573483975,0.3744075829383886,ELECTRE-III,1
460,0311,1,1,"[34.172057964788266, -8.21498611857074]","[np.float64(37.3569628721152), np.float64(-6.357247410893716)]",2026-06-13 10:36:10,73.24469784449248,1,5.383424303635184,391.7849961755062,29.446105047606515,62.65245782250237,21.43526070780384,1,1,1,903,8,0.11701388888888889,22.488385707803843,0.6125592417061612,ELECTRE-III,1
461,0496,0,1,"[34.172057964788266, -8.21498611857074]","[np.float64(31.61402405519459), np.float64(-7.961106265620023)]",2026-06-13 10:36:10,367.5182664858514,1,3.6723931547170823,285.42644918319945,22.35625335313314,63.0817761929727,23.188019994719667,4,4,3,626,3,0.11701388888888889,23.188019994719667,0.10781990521327015,ELECTRE-III,1
462,0066,0,1,"[33.57174580844667, -8.38060027669698]","[np.float64(30.7477137956541), np.float64(-9.500422258138515)]",2026-06-13 10:36:20,40.441813478611415,1,4.582096987582565,331.23192340809334,25.514183146871108,61.96133830114546,20.311640351261754,4,4,3,1404,6,0.11736111111111111,19.255390351261756,0.3744075829383886,ELECTRE-III,1
463,0496,0,1,"[33.57174580844667, -8.38060027669698]","[np.float64(31.61402405519459), np.float64(-7.961106265620023)]",2026-06-13 10:36:20,367.5182664858514,1,3.6723931547170823,221.20727728724188,17.679289564024714,63.11660332755059,21.188019994719667,4,4,3,626,3,0.11736111111111111,22.009547772497445,0.10781990521327015,ELECTRE-III,1
464,0066,0,1,"[32.971317538889195, -8.54450091111519]","[np.float64(30.7477137956541), np.float64(-9.500422258138515)]",2026-06-13 10:36:30,40.441813478611415,1,4.582096987582565,263.2160154671493,20.770424035887803,61.996780152748656,16.311640351261754,4,4,3,1404,6,0.11770833333333333,17.017890351261755,0.3744075829383886,ELECTRE-III,1
465,0496,0,1,"[32.971317538889195, -8.54450091111519]","[np.float64(31.61402405519459), np.float64(-7.961106265620023)]",2026-06-13 10:36:30,367.5182664858514,1,3.6723931547170823,160.57693819632922,13.027776192145948,63.151423631939316,17.188019994719667,4,4,3,626,3,0.11770833333333333,16.717186661386332,0.10781990521327015,ELECTRE-III,1
466,0066,0,1,"[32.37077998630499, -8.70675034730155]","[np.float64(30.7477137956541), np.float64(-9.500422258138515)]",2026-06-13 10:36:40,40.441813478611415,1,4.582096987582565,195.51502311200778,15.733692537203082,62.032208343973515,18.311640351261754,4,4,3,1404,6,0.11805555555555555,17.721362573483976,0.3744075829383886,ELECTRE-III,1
467,0496,0,1,"[32.37077998630499, -8.70675034730155]","[np.float64(31.61402405519459), np.float64(-7.961106265620023)]",2026-06-13 10:36:40,367.5182664858514,1,3.6723931547170823,109.66045729101016,8.979192167128629,63.18623710613887,19.188019994719667,4,4,3,626,3,0.11805555555555555,18.00746443916411,0.10781990521327015,ELECTRE-III,1
468,0066,0,1,"[31.770136565788654, -8.867405788090359]","[np.float64(30.7477137956541), np.float64(-9.500422258138515)]",2026-06-13 10:36:50,40.441813478611415,1,4.582096987582565,128.6284581977494,10.500252302553523,62.06764336538754,15.311640351261754,4,4,3,1404,6,0.11840277777777777,15.311640351261754,0.3744075829383886,ELECTRE-III,1
469,0496,0,1,"[31.770136565788654, -8.867405788090359]","[np.float64(31.61402405519459), np.float64(-7.961106265620023)]",2026-06-13 10:36:50,367.5182664858514,1,3.6723931547170823,87.48783288067649,7.184985900554777,63.22105058033843,20.188019994719667,4,4,3,626,3,0.11840277777777777,21.016839439164112,0.10781990521327015,ELECTRE-III,1
470,0066,0,1,"[31.169387277340185, -9.026524436315915]","[np.float64(30.7477137956541), np.float64(-9.500422258138515)]",2026-06-13 10:37:00,40.441813478611415,1,4.582096987582565,65.11860324763929,5.360416468285738,62.1030715566124,19.311640351261754,4,4,3,1404,6,0.11875,20.024140351261753,0.3744075829383886,ELECTRE-III,1
471,0496,0,1,"[31.169387277340185, -9.026524436315915]","[np.float64(31.61402405519459), np.float64(-7.961106265620023)]",2026-06-13 10:37:00,367.5182664858514,1,3.6723931547170823,112.56657045102166,9.213120462269538,63.25585722434881,21.188019994719667,4,4,3,626,3,0.11875,21.900519994719666,0.10781990521327015,ELECTRE-III,1
472,0066,0,1,"[30.56854236624333, -9.184161787265225]","[np.float64(30.7477137956541), np.float64(-9.500422258138515)]",2026-06-13 10:37:10,40.441813478611415,1,4.582096987582565,36.222345256799166,2.987760824547519,62.13849974783725,18.311640351261754,4,4,3,1404,6,0.11909722222222222,18.07344590681731,0.3744075829383886,ELECTRE-III,1
473,0496,0,1,"[30.56854236624333, -9.184161787265225]","[np.float64(31.61402405519459), np.float64(-7.961106265620023)]",2026-06-13 10:37:10,367.5182664858514,1,3.6723931547170823,164.55056317209025,13.338769141860435,63.290663868359196,15.188019994719667,4,4,3,626,3,0.11909722222222222,16.259894994719666,0.10781990521327015,ELECTRE-III,1
474,0066,0,1,"[29.9676018324981, -9.340369067357063]","[np.float64(30.7477137956541), np.float64(-9.500422258138515)]",2026-06-13 10:37:20,40.441813478611415,1,4.582096987582565,88.09344880451009,7.234197310557951,62.17392110887294,20.311640351261754,4,4,3,1404,6,0.11944444444444445,19.95330701792842,0.3744075829383886,ELECTRE-III,1
475,0496,0,1,"[29.9676018324981, -9.340369067357063]","[np.float64(31.61402405519459), np.float64(-7.961106265620023)]",2026-06-13 10:37:20,367.5182664858514,1,3.6723931547170823,225.54644023963712,18.003895792599693,63.32546368218041,15.188019994719667,4,4,3,626,3,0.11944444444444445,14.71024221694189,0.10781990521327015,ELECTRE-III,1
476,0066,0,1,"[29.36656909119907, -9.49519835678385]","[np.float64(30.7477137956541), np.float64(-9.500422258138515)]",2026-06-13 10:37:30,40.441813478611415,1,4.582096987582565,153.57732390260188,12.478061236913307,62.20934246990863,15.311640351261754,4,4,3,1404,6,0.11979166666666667,15.551223684595088,0.3744075829383886,ELECTRE-III,1
477,0496,0,1,"[29.36656909119907, -9.49519835678385]","[np.float64(31.61402405519459), np.float64(-7.961106265620023)]",2026-06-13 10:37:30,367.5182664858514,1,3.6723931547170823,289.9212689522809,22.672927645340124,63.36026349600162,21.188019994719667,4,4,3,626,3,0.11979166666666667,22.146353328053,0.10781990521327015,ELECTRE-III,1
478,0066,0,1,"[28.765450972535422, -9.648698320643424]","[np.float64(30.7477137956541), np.float64(-9.500422258138515)]",2026-06-13 10:37:40,40.441813478611415,1,4.582096987582565,220.88204823398655,17.654912089492868,62.24475700075514,22.311640351261754,4,4,3,1404,6,0.12013888888888889,23.272751462372867,0.3744075829383886,ELECTRE-III,1
479,0496,0,1,"[28.765450972535422, -9.648698320643424]","[np.float64(31.61402405519459), np.float64(-7.961106265620023)]",2026-06-13 10:37:40,367.5182664858514,1,3.6723931547170823,355.8457816009136,27.146305059134136,63.3950496494445,15.188019994719667,4,4,3,626,3,0.12013888888888889,15.428297772497444,0.10781990521327015,ELECTRE-III,1
480,0066,0,1,"[28.164247476507143, -9.800915916486328]","[np.float64(30.7477137956541), np.float64(-9.500422258138515)]",2026-06-13 10:37:50,40.441813478611415,1,4.582096987582565,288.73781812879423,22.589690583582986,62.28017153160166,22.311640351261754,4,4,3,1404,6,0.12048611111111111,23.275529240150643,0.3744075829383886,ELECTRE-III,1
481,0066,0,1,"[27.56296543330341, -9.951896394315813]","[np.float64(30.7477137956541), np.float64(-9.500422258138515)]",2026-06-13 10:38:00,40.441813478611415,1,4.582096987582565,356.8304807542095,27.21063964806826,62.315586062448176,16.311640351261754,4,4,3,1404,6,0.12083333333333333,15.10330701792842,0.3744075829383886,ELECTRE-III,1
482,0212,0,1,"[16.127092621039143, -12.636823266480317]","[np.float64(14.76959823779747), np.float64(-16.1333381560169)]",2026-06-13 10:41:10,208.7002759955932,1,6.247098492371849,403.99277104721904,30.20463270665363,55.16654317141172,21.184340945498565,2,2,2,634,13,0.12743055555555555,21.69406316772079,0.8566350710900474,ELECTRE-III,1
483,0212,0,1,"[15.524770681534278, -12.770764983651558]","[np.float64(14.76959823779747), np.float64(-16.1333381560169)]",2026-06-13 10:41:20,208.7002759955932,1,6.247098492371849,370.544752238376,28.098924726548745,55.204484872251136,20.184340945498565,2,2,2,634,13,0.12777777777777777,19.034340945498567,0.8566350710900474,ELECTRE-III,1
484,0212,0,1,"[14.922418006178145, -12.904167969652017]","[np.float64(14.76959823779747), np.float64(-16.1333381560169)]",2026-06-13 10:41:30,208.7002759955932,1,6.247098492371849,347.4940205689249,26.59767046610865,55.24242315799597,24.184340945498565,2,2,2,634,13,0.128125,24.953090945498566,0.8566350710900474,ELECTRE-III,1
485,0212,0,1,"[14.320039717612627, -13.03705698391743]","[np.float64(14.76959823779747), np.float64(-16.1333381560169)]",2026-06-13 10:41:40,208.7002759955932,1,6.247098492371849,336.9819813769587,25.899578283432454,55.280358028646226,20.184340945498565,2,2,2,634,13,0.1284722222222222,19.541979834387455,0.8566350710900474,ELECTRE-III,1
486,0212,0,1,"[13.717636669611364, -13.169455932109896]","[np.float64(14.76959823779747), np.float64(-16.1333381560169)]",2026-06-13 10:41:50,208.7002759955932,1,6.247098492371849,340.17388125949736,26.11243507995189,55.31829289929647,21.184340945498565,2,2,2,634,13,0.12881944444444443,20.282604834387456,0.8566350710900474,ELECTRE-III,1
487,0212,0,1,"[13.115209715948009, -13.301389573665155]","[np.float64(14.76959823779747), np.float64(-16.1333381560169)]",2026-06-13 10:42:00,208.7002759955932,1,6.247098492371849,356.7027432078271,27.202298197816692,55.356224354852145,19.184340945498565,2,2,2,634,13,0.12916666666666668,18.796840945498566,0.8566350710900474,ELECTRE-III,1
488,0404,1,1,"[13.115209715948009, -13.301389573665155]","[np.float64(9.919447044330399), np.float64(-13.04980515197564)]",2026-06-13 10:42:00,190.17508322771002,1,2.1514093135208125,356.40847909245485,27.183077566007498,56.193967547121716,25.060720588956478,2,2,2,782,7,0.12916666666666668,24.544053922289812,0.518957345971564,ELECTRE-III,1
489,0212,0,1,"[12.51276056416985, -13.432879252924364]","[np.float64(14.76959823779747), np.float64(-16.1333381560169)]",2026-06-13 10:42:10,208.7002759955932,1,6.247098492371849,384.85488103336417,29.01038145161875,55.39415239531322,21.184340945498565,2,2,2,634,13,0.1295138888888889,21.05482705660968,0.8566350710900474,ELECTRE-III,1
490,0404,1,1,"[12.51276056416985, -13.432879252924364]","[np.float64(9.919447044330399), np.float64(-13.04980515197564)]",2026-06-13 10:42:10,190.17508322771002,1,2.1514093135208125,291.3744441631081,22.774997508608063,56.23042368181666,28.060720588956478,2,2,2,782,7,0.1295138888888889,29.09683170006759,0.518957345971564,ELECTRE-III,1
491,0404,1,1,"[11.910292629371474, -13.563950583096908]","[np.float64(9.919447044330399), np.float64(-13.04980515197564)]",2026-06-13 10:42:20,190.17508322771002,1,2.1514093135208125,228.37817320878762,18.215092125189916,56.266876401417015,20.060720588956478,2,2,2,782,7,0.12986111111111112,18.762109477845367,0.518957345971564,ELECTRE-III,1
492,0404,1,1,"[11.307805911552881, -13.6946240547503]","[np.float64(9.919447044330399), np.float64(-13.04980515197564)]",2026-06-13 10:42:30,190.17508322771002,1,2.1514093135208125,169.70295248582892,13.740826213945873,56.30331887573362,25.060720588956478,2,2,2,782,7,0.13020833333333334,25.97217892228981,0.518957345971564,ELECTRE-III,1
492,0404,1,1,"[11.307805911552881, -13.6946240547503]","[np.float64(9.919447044330399), np.float64(-13.04980515197564)]",2026-06-13 10:42:30,190.17508322771002,1,2.1514093135208125,169.70295248582892,13.740826213945873,56.30331887573362,25.060720588956478,2,2,2,782,7,0.13020833333333334,25.97217892228981,0.518957345971564,ELECTRE-III,1
493,0404,1,1,"[10.705302118261363, -13.824922719772987]","[np.float64(9.919447044330399), np.float64(-13.04980515197564)]",2026-06-13 10:42:40,190.17508322771002,1,2.1514093135208125,121.76300885007952,9.951317324265352,56.33975451986105,25.060720588956478,2,2,2,782,7,0.13055555555555556,24.669053922289812,0.518957345971564,ELECTRE-III,1
493,0404,1,1,"[10.705302118261363, -13.824922719772987]","[np.float64(9.919447044330399), np.float64(-13.04980515197564)]",2026-06-13 10:42:40,190.17508322771002,1,2.1514093135208125,121.76300885007952,9.951317324265352,56.33975451986105,25.060720588956478,2,2,2,782,7,0.13055555555555556,24.669053922289812,0.518957345971564,ELECTRE-III,1
494,0404,1,1,"[10.102784664591503, -13.954867922506125]","[np.float64(9.919447044330399), np.float64(-13.04980515197564)]",2026-06-13 10:42:50,190.17508322771002,1,2.1514093135208125,101.18114918756946,8.294947404335067,56.3761867488939,19.060720588956478,2,2,2,782,7,0.13090277777777778,18.013498366734257,0.518957345971564,ELECTRE-III,1
494,0404,1,1,"[10.102784664591503, -13.954867922506125]","[np.float64(9.919447044330399), np.float64(-13.04980515197564)]",2026-06-13 10:42:50,190.17508322771002,1,2.1514093135208125,101.18114918756946,8.294947404335067,56.3761867488939,19.060720588956478,2,2,2,782,7,0.13090277777777778,18.013498366734257,0.518957345971564,ELECTRE-III,1
495,0404,1,1,"[9.500253550543306, -14.08448186106452]","[np.float64(9.919447044330399), np.float64(-13.04980515197564)]",2026-06-13 10:43:00,190.17508322771002,1,2.1514093135208125,122.60842109047171,10.019015065420001,56.412608732642994,26.060720588956478,2,2,2,782,7,0.13125,25.666970588956477,0.518957345971564,ELECTRE-III,1
495,0404,1,1,"[9.500253550543306, -14.08448186106452]","[np.float64(9.919447044330399), np.float64(-13.04980515197564)]",2026-06-13 10:43:00,190.17508322771002,1,2.1514093135208125,122.60842109047171,10.019015065420001,56.412608732642994,26.060720588956478,2,2,2,782,7,0.13125,25.666970588956477,0.518957345971564,ELECTRE-III,1
496,0404,1,1,"[8.89771048366406, -14.213785026015676]","[np.float64(9.919447044330399), np.float64(-13.04980515197564)]",2026-06-13 10:43:10,190.17508322771002,1,2.1514093135208125,170.9133621023745,13.835080002985487,56.449023886202916,24.060720588956478,2,2,2,782,7,0.13159722222222223,24.587109477845367,0.518957345971564,ELECTRE-III,1
496,0404,1,1,"[8.89771048366406, -14.213785026015676]","[np.float64(9.919447044330399), np.float64(-13.04980515197564)]",2026-06-13 10:43:10,190.17508322771002,1,2.1514093135208125,170.9133621023745,13.835080002985487,56.449023886202916,24.060720588956478,2,2,2,782,7,0.13159722222222223,24.587109477845367,0.518957345971564,ELECTRE-III,1
497,0404,1,1,"[8.295157171501058, -14.342799615474402]","[np.float64(9.919447044330399), np.float64(-13.04980515197564)]",2026-06-13 10:43:20,190.17508322771002,1,2.1514093135208125,229.72342272893022,18.315244690613547,56.485435624668256,23.060720588956478,2,2,2,782,7,0.13194444444444445,22.00516503340092,0.518957345971564,ELECTRE-III,1
498,0404,1,1,"[7.692595321601595, -14.471543558687264]","[np.float64(9.919447044330399), np.float64(-13.04980515197564)]",2026-06-13 10:43:30,190.17508322771002,1,2.1514093135208125,292.7740770614334,22.873162472539306,56.52183711784984,21.060720588956478,2,2,2,782,7,0.13229166666666667,19.73780392228981,0.518957345971564,ELECTRE-III,1
499,0404,1,1,"[7.090026641512961, -14.600039907542714]","[np.float64(9.919447044330399), np.float64(-13.04980515197564)]",2026-06-13 10:43:40,190.17508322771002,1,2.1514093135208125,357.83006023820036,27.27587054292573,56.55823178084225,26.060720588956478,2,2,2,782,7,0.1326388888888889,24.866970588956477,0.518957345971564,ELECTRE-III,1
500,0381,0,1,"[-2.094044859189172, -41.19917173385624]","[np.float64(-4.793908467388751), np.float64(-42.76470313767426)]",2026-06-13 12:24:50,160.76947027984139,1,4.586092934058506,346.865398702102,26.556160474398222,44.63713379220382,15.068078687398678,4,4,3,1498,14,0.3434027777777778,16.098287020732013,1.0,ELECTRE-III,1
501,0381,0,1,"[-2.6965251737054188, -41.32635327129646]","[np.float64(-4.793908467388751), np.float64(-42.76470313767426)]",2026-06-13 12:25:00,160.76947027984139,1,4.586092934058506,282.593208746304,22.155898854830948,44.6690478511007,20.06807868739868,4,4,3,1498,14,0.34375,21.09932868739868,1.0,ELECTRE-III,1
502,0381,0,1,"[-3.2989879858619173, -41.45362018610131]","[np.float64(-4.793908467388751), np.float64(-42.76470313767426)]",2026-06-13 12:25:10,160.76947027984139,1,4.586092934058506,220.85783347356093,17.65309681304724,44.70094483452466,16.06807868739868,4,4,3,1498,14,0.3440972222222222,19.16495368739868,1.0,ELECTRE-III,1
503,0381,0,1,"[-3.9014318015547866, -41.580989553743706]","[np.float64(-4.793908467388751), np.float64(-42.76470313767426)]",2026-06-13 12:25:20,160.76947027984139,1,4.586092934058506,164.53908425389974,13.33787189502388,44.732831572664864,17.06807868739868,4,4,3,1498,14,0.34444444444444444,18.101412020732013,1.0,ELECTRE-III,1
504,0381,0,1,"[-4.503854913236735, -41.70847844969658]","[np.float64(-4.793908467388751), np.float64(-42.76470313767426)]",2026-06-13 12:25:30,160.76947027984139,1,4.586092934058506,121.42231277718717,9.924027592017628,44.76470123533215,19.06807868739868,4,4,3,1498,14,0.34479166666666666,20.79203702073201,1.0,ELECTRE-III,1
505,0381,0,1,"[-5.106256253690702, -41.836107364527436]","[np.float64(-4.793908467388751), np.float64(-42.76470313767426)]",2026-06-13 12:25:40,160.76947027984139,1,4.586092934058506,108.57496402887236,8.891737206942594,44.79656065271567,14.068078687398678,4,4,3,1498,14,0.3451388888888889,12.687523131843122,1.0,ELECTRE-III,1
506,0381,0,1,"[-5.708634115369399, -41.963896788803794]","[np.float64(-4.793908467388751), np.float64(-42.76470313767426)]",2026-06-13 12:25:50,160.76947027984139,1,4.586092934058506,134.93733259174024,11.002975095361606,44.828406409720856,22.06807868739868,4,4,3,1498,14,0.3454861111111111,20.686134242954235,1.0,ELECTRE-III,1
507,0381,0,1,"[-6.310987217612354, -42.09186721309315]","[np.float64(-4.793908467388751), np.float64(-42.76470313767426)]",2026-06-13 12:26:00,160.76947027984139,1,4.586092934058506,184.39521055174254,14.879650442928783,44.86023509125311,13.068078687398678,4,4,3,1498,14,0.3458333333333333,15.834745354065344,1.0,ELECTRE-III,1
508,0381,0,1,"[-6.9133138528722755, -42.22003571286844]","[np.float64(-4.793908467388751), np.float64(-42.76470313767426)]",2026-06-13 12:26:10,160.76947027984139,1,4.586092934058506,243.24598808288044,19.315489342301568,44.892050112407034,15.068078687398678,4,4,3,1498,14,0.34618055555555555,12.64481479850979,1.0,ELECTRE-III,1
509,0381,0,1,"[-7.515613167375517, -42.34842619379175]","[np.float64(-4.793908467388751), np.float64(-42.76470313767426)]",2026-06-13 12:26:20,160.76947027984139,1,4.586092934058506,306.1186257495085,23.801945863568147,44.9238548882772,14.068078687398678,4,4,3,1498,14,0.34652777777777777,10.949328687398678,1.0,ELECTRE-III,1
510,0381,0,1,"[-8.117883026687963, -42.47705231624143]","[np.float64(-4.793908467388751), np.float64(-42.76470313767426)]",2026-06-13 12:26:30,160.76947027984139,1,4.586092934058506,370.97319718951917,28.12644277161689,44.955642588674436,13.068078687398678,4,4,3,1498,14,0.346875,14.455578687398678,1.0,ELECTRE-III,1
511,0132,0,1,"[-16.545735405836737, -44.31480691998716]","[np.float64(-19.82547323691054), np.float64(-43.24791686704562)]",2026-06-13 12:28:50,472.67019480324586,1,6.7590512401053005,381.70358230692364,28.811020806445843,34.43025619088767,12.442618806246042,3,3,3,1089,7,0.35173611111111114,15.608243806246042,0.518957345971564,ELECTRE-III,1
512,0106,0,1,"[-17.147377741519186, -44.44962460891946]","[np.float64(-20.36284793492202), np.float64(-45.1790639650761)]",2026-06-13 12:29:00,54.19004377692197,1,3.926833501675378,365.69755154626114,27.786616964195968,32.85138966234752,22.188019994719667,2,2,2,1122,5,0.35208333333333336,19.019269994719668,0.33175355450236965,ELECTRE-III,1
513,0132,0,1,"[-17.147377741519186, -44.44962460891946]","[np.float64(-19.82547323691054), np.float64(-43.24791686704562)]",2026-06-13 12:29:00,472.67019480324586,1,6.7590512401053005,323.62902339951114,25.00078043336747,34.455917211599406,10.442618806246042,3,3,3,1089,7,0.35208333333333336,10.794702139579375,0.518957345971564,ELECTRE-III,1
514,0106,0,1,"[-17.748965435688277, -44.585043354498715]","[np.float64(-20.36284793492202), np.float64(-45.1790639650761)]",2026-06-13 12:29:10,54.19004377692197,1,3.926833501675378,297.27905496941736,23.18816123849505,32.877621003854955,16.188019994719667,2,2,2,1122,5,0.3524305555555556,14.073436661386333,0.33175355450236965,ELECTRE-III,1
515,0132,0,1,"[-17.748965435688277, -44.585043354498715]","[np.float64(-19.82547323691054), np.float64(-43.24791686704562)]",2026-06-13 12:29:10,472.67019480324586,1,6.7590512401053005,270.4146445070672,21.288199493930996,34.481561156838225,12.442618806246042,3,3,3,1089,7,0.3524305555555556,10.680466028468263,0.518957345971564,ELECTRE-III,1
516,0106,0,1,"[-18.350496780796714, -44.7210938925762]","[np.float64(-20.36284793492202), np.float64(-45.1790639650761)]",2026-06-13 12:29:20,54.19004377692197,1,3.926833501675378,228.86277332406803,18.251183463305907,32.90383526988947,21.188019994719667,2,2,2,1122,5,0.3527777777777778,18.013019994719667,0.33175355450236965,ELECTRE-III,1
517,0132,0,1,"[-18.350496780796714, -44.7210938925762]","[np.float64(-19.82547323691054), np.float64(-43.24791686704562)]",2026-06-13 12:29:20,472.67019480324586,1,6.7590512401053005,225.52486026220905,18.002284362108913,34.50718461150952,12.442618806246042,3,3,3,1089,7,0.3527777777777778,12.79539658402382,0.518957345971564,ELECTRE-III,1
518,0106,0,1,"[-18.95196665420262, -44.857800128814006]","[np.float64(-20.36284793492202), np.float64(-45.1790639650761)]",2026-06-13 12:29:30,54.19004377692197,1,3.926833501675378,160.4491709060849,13.017763498095162,32.93003246045105,15.188019994719667,2,2,2,1122,5,0.353125,18.36614499471967,0.33175355450236965,ELECTRE-III,1
519,0132,0,1,"[-18.95196665420262, -44.857800128814006]","[np.float64(-19.82547323691054), np.float64(-43.24791686704562)]",2026-06-13 12:29:30,472.67019480324586,1,6.7590512401053005,194.79880659836118,15.678895746754895,34.5327909907079,17.442618806246042,3,3,3,1089,7,0.353125,17.79574380624604,0.518957345971564,ELECTRE-III,1
520,0106,0,1,"[-19.553375055906002, -44.995192799063396]","[np.float64(-20.36284793492202), np.float64(-45.1790639650761)]",2026-06-13 12:29:40,54.19004377692197,1,3.926833501675378,92.03805020463393,7.5544638927913175,32.95620916044513,20.188019994719667,2,2,2,1122,5,0.35347222222222224,22.308853328053,0.33175355450236965,ELECTRE-III,1
521,0132,0,1,"[-19.553375055906002, -44.995192799063396]","[np.float64(-19.82547323691054), np.float64(-43.24791686704562)]",2026-06-13 12:29:40,472.67019480324586,1,6.7590512401053005,185.41319942277528,14.958123797295709,34.558380294433356,17.442618806246042,3,3,3,1089,7,0.35347222222222224,18.503035472912707,0.518957345971564,ELECTRE-III,1
522,0287,0,1,"[-19.553375055906002, -44.995192799063396]","[np.float64(-22.55121870780887), np.float64(-43.45574144926327)]",2026-06-13 12:29:40,346.3699787817411,1,3.9868414335513886,369.6374454195116,28.04060386184777,32.35592090976563,18.191699043940766,2,2,2,605,5,0.35347222222222224,20.3125323772741,0.33175355450236965,ELECTRE-III,1
523,0106,0,1,"[-20.15472198590685, -45.13330263917564]","[np.float64(-20.36284793492202), np.float64(-45.1790639650761)]",2026-06-13 12:29:50,54.19004377692197,1,3.926833501675378,23.629787634632123,1.9500926122756308,32.98237220006086,14.188019994719667,2,2,2,1122,5,0.35381944444444446,17.018575550275223,0.33175355450236965,ELECTRE-III,1
524,0132,0,1,"[-20.15472198590685, -45.13330263917564]","[np.float64(-19.82547323691054), np.float64(-43.24791686704562)]",2026-06-13 12:29:50,472.67019480324586,1,6.7590512401053005,200.3862327808407,16.105595590505185,34.583952522685884,8.442618806246042,3,3,3,1089,7,0.35381944444444446,9.504077139579376,0.518957345971564,ELECTRE-III,1
525,0287,0,1,"[-20.15472198590685, -45.13330263917564]","[np.float64(-22.55121870780887), np.float64(-43.45574144926327)]",2026-06-13 12:29:50,346.3699787817411,1,3.9868414335513886,318.09887017074135,24.624624800662303,32.38051300587226,20.191699043940766,2,2,2,605,5,0.35381944444444446,19.13024071060743,0.33175355450236965,ELECTRE-III,1
526,0106,0,1,"[-20.756002321563287, -45.272153554812824]","[np.float64(-20.36284793492202), np.float64(-45.1790639650761)]",2026-06-13 12:30:00,54.19004377692197,1,3.926833501675378,44.77826079875875,3.691720381609257,33.008521579298254,14.188019994719667,2,2,2,1122,5,0.3541666666666667,14.896353328053001,0.33175355450236965,ELECTRE-III,1
527,0132,0,1,"[-20.756002321563287, -45.272153554812824]","[np.float64(-19.82547323691054), np.float64(-43.24791686704562)]",2026-06-13 12:30:00,472.67019480324586,1,6.7590512401053005,235.10584487635762,18.714798711362242,34.60950767546549,16.442618806246042,3,3,3,1089,7,0.3541666666666667,15.025952139579376,0.518957345971564,ELECTRE-III,1
528,0258,0,1,"[-20.756002321563287, -45.272153554812824]","[np.float64(-22.67427372028422), np.float64(-48.26651845266137)]",2026-06-13 12:30:00,784.9910554389648,2,5.973763485595834,375.7218211587112,28.430490043596038,29.365090355243765,22.813479875872304,4,4,3,1027,6,0.3541666666666667,22.813479875872304,0.3744075829383886,ELECTRE-III,1
529,0287,0,1,"[-20.756002321563287, -45.272153554812824]","[np.float64(-22.55121870780887), np.float64(-43.45574144926327)]",2026-06-13 12:30:00,346.3699787817411,1,3.9868414335513886,274.01296622111164,21.545661346586755,32.405091441600554,15.191699043940766,2,2,2,605,5,0.3541666666666667,15.9000323772741,0.33175355450236965,ELECTRE-III,1
530,0106,0,1,"[-21.35721435532803, -45.41177628182623]","[np.float64(-20.36284793492202), np.float64(-45.1790639650761)]",2026-06-13 12:30:10,54.19004377692197,1,3.926833501675378,113.18169390397394,9.262595539864897,33.034650467968135,14.188019994719667,2,2,2,1122,5,0.3545138888888889,12.060936661386334,0.33175355450236965,ELECTRE-III,1
531,0132,0,1,"[-21.35721435532803, -45.41177628182623]","[np.float64(-19.82547323691054), np.float64(-43.24791686704562)]",2026-06-13 12:30:10,472.67019480324586,1,6.7590512401053005,282.37736539007824,22.140611859753175,34.635042337677575,13.442618806246042,3,3,3,1089,7,0.3545138888888889,15.924216028468264,0.518957345971564,ELECTRE-III,1
532,0258,0,1,"[-21.35721435532803, -45.41177628182623]","[np.float64(-22.67427372028422), np.float64(-48.26651845266137)]",2026-06-13 12:30:10,784.9910554389648,2,5.973763485595834,328.70047701473476,25.34372382278281,29.391519772237128,18.813479875872304,4,4,3,1027,6,0.3545138888888889,18.458965986983415,0.3744075829383886,ELECTRE-III,1
533,0287,0,1,"[-21.35721435532803, -45.41177628182623]","[np.float64(-22.55121870780887), np.float64(-43.45574144926327)]",2026-06-13 12:30:10,346.3699787817411,1,3.9868414335513886,241.49323908047612,19.186515027850398,32.429649386761334,15.191699043940766,2,2,2,605,5,0.3545138888888889,14.482671266162988,0.33175355450236965,ELECTRE-III,1
534,0106,0,1,"[-21.958356379653775, -45.552208386256275]","[np.float64(-20.36284793492202), np.float64(-45.1790639650761)]",2026-06-13 12:30:20,54.19004377692197,1,3.926833501675378,181.58292515384605,14.66256443651835,33.0607622811651,18.188019994719667,2,2,2,1122,5,0.3548611111111111,14.994269994719668,0.33175355450236965,ELECTRE-III,1
535,0132,0,1,"[-21.958356379653775, -45.552208386256275]","[np.float64(-19.82547323691054), np.float64(-43.24791686704562)]",2026-06-13 12:30:20,472.67019480324586,1,6.7590512401053005,336.95724937870375,25.89792598046979,34.660559924416745,8.442618806246042,3,3,3,1089,7,0.3548611111111111,6.3134521395793755,0.518957345971564,ELECTRE-III,1
536,0258,0,1,"[-21.958356379653775, -45.552208386256275]","[np.float64(-22.67427372028422), np.float64(-48.26651845266137)]",2026-06-13 12:30:20,784.9910554389648,2,5.973763485595834,290.3326567521497,22.70183864794951,29.41793211375757,22.813479875872304,4,4,3,1027,6,0.3548611111111111,21.039174320316747,0.3744075829383886,ELECTRE-III,1
537,0287,0,1,"[-21.958356379653775, -45.552208386256275]","[np.float64(-22.55121870780887), np.float64(-43.45574144926327)]",2026-06-13 12:30:20,346.3699787817411,1,3.9868414335513886,225.59545598239663,18.00755581035805,32.454186841354606,21.191699043940766,2,2,2,605,5,0.3548611111111111,21.54656015505188,0.33175355450236965,ELECTRE-III,1
538,0106,0,1,"[-22.559426686993238, -45.693473773765064]","[np.float64(-20.36284793492202), np.float64(-45.1790639650761)]",2026-06-13 12:30:30,54.19004377692197,1,3.926833501675378,249.98159568817886,19.80922444611104,33.08685701888913,19.188019994719667,2,2,2,1122,5,0.35520833333333335,18.832811661386334,0.33175355450236965,ELECTRE-III,1
539,0132,0,1,"[-22.559426686993238, -45.693473773765064]","[np.float64(-19.82547323691054), np.float64(-43.24791686704562)]",2026-06-13 12:30:30,472.67019480324586,1,6.7590512401053005,395.83154385028564,29.69881223741878,34.68606043568299,13.442618806246042,3,3,3,1089,7,0.35520833333333335,11.666577139579376,0.518957345971564,ELECTRE-III,1
540,0258,0,1,"[-22.559426686993238, -45.693473773765064]","[np.float64(-22.67427372028422), np.float64(-48.26651845266137)]",2026-06-13 12:30:30,784.9910554389648,2,5.973763485595834,264.41247200611053,20.85673043996964,29.444330794899667,21.813479875872304,4,4,3,1027,6,0.35520833333333335,18.616604875872305,0.3744075829383886,ELECTRE-III,1
541,0287,0,1,"[-22.559426686993238, -45.693473773765064]","[np.float64(-22.55121870780887), np.float64(-43.45574144926327)]",2026-06-13 12:30:30,346.3699787817411,1,3.9868414335513886,229.79178451095964,18.320331073770525,32.478710635569534,20.191699043940766,2,2,2,605,5,0.35520833333333335,18.77086571060743,0.33175355450236965,ELECTRE-III,1
542,0106,0,1,"[-23.16042186225183, -45.835610010393026]","[np.float64(-20.36284793492202), np.float64(-45.1790639650761)]",2026-06-13 12:30:40,54.19004377692197,1,3.926833501675378,318.37763314201,24.643640596226284,33.11293809623482,22.188019994719667,2,2,2,1122,5,0.35555555555555557,22.89913110583078,0.33175355450236965,ELECTRE-III,1
543,0258,0,1,"[-23.16042186225183, -45.835610010393026]","[np.float64(-22.67427372028422), np.float64(-48.26651845266137)]",2026-06-13 12:30:40,784.9910554389648,2,5.973763485595834,254.7663314421731,20.158108373379203,29.47071581566343,14.813479875872304,4,4,3,1027,6,0.35555555555555557,15.88014654253897,0.3744075829383886,ELECTRE-III,1
544,0287,0,1,"[-23.16042186225183, -45.835610010393026]","[np.float64(-22.55121870780887), np.float64(-43.45574144926327)]",2026-06-13 12:30:40,346.3699787817411,1,3.9868414335513886,253.08214459438116,20.03548045733456,32.503213939216955,13.191699043940766,2,2,2,605,5,0.35555555555555557,13.191699043940766,0.33175355450236965,ELECTRE-III,1
545,0106,0,1,"[-23.76134019788226, -45.97865124708602]","[np.float64(-20.36284793492202), np.float64(-45.1790639650761)]",2026-06-13 12:30:50,54.19004377692197,1,3.926833501675378,386.7710822891465,29.131231442745975,33.13899868301301,13.188019994719667,2,2,2,1122,5,0.3559027777777778,16.03524221694189,0.33175355450236965,ELECTRE-III,1
546,0258,0,1,"[-23.76134019788226, -45.97865124708602]","[np.float64(-22.67427372028422), np.float64(-48.26651845266137)]",2026-06-13 12:30:50,784.9910554389648,2,5.973763485595834,263.1886034809406,20.76844551424987,29.497080345859676,18.813479875872304,4,4,3,1027,6,0.3559027777777778,16.32216043142786,0.3744075829383886,ELECTRE-III,1
547,0287,0,1,"[-23.76134019788226, -45.97865124708602]","[np.float64(-22.55121870780887), np.float64(-43.45574144926327)]",2026-06-13 12:30:50,346.3699787817411,1,3.9868414335513886,290.91364910674395,22.742648125175656,32.52770016739145,14.191699043940766,2,2,2,605,5,0.3559027777777778,14.191699043940766,0.33175355450236965,ELECTRE-III,1
548,0258,0,1,"[-24.36217998633723, -46.12263163478989]","[np.float64(-22.67427372028422), np.float64(-48.26651845266137)]",2026-06-13 12:31:00,784.9910554389648,2,5.973763485595834,288.098090041185,22.54465386497004,29.523434630772172,21.813479875872304,4,4,3,1027,6,0.35625,21.813479875872304,0.3744075829383886,ELECTRE-III,1
549,0287,0,1,"[-24.36217998633723, -46.12263163478989]","[np.float64(-22.55121870780887), np.float64(-43.45574144926327)]",2026-06-13 12:31:00,346.3699787817411,1,3.9868414335513886,338.4424577615858,25.99706816688775,32.55216932009302,15.191699043940766,2,2,2,605,5,0.35625,17.329199043940765,0.33175355450236965,ELECTRE-III,1
550,0258,0,1,"[-24.962936104974876, -46.267585324450486]","[np.float64(-22.67427372028422), np.float64(-48.26651845266137)]",2026-06-13 12:31:10,784.9910554389648,2,5.973763485595834,325.73309335068933,25.143296656402548,29.549768425117154,20.813479875872304,4,4,3,1027,6,0.35659722222222223,19.743688209205636,0.3744075829383886,ELECTRE-III,1
551,0287,0,1,"[-24.962936104974876, -46.267585324450486]","[np.float64(-22.55121870780887), np.float64(-43.45574144926327)]",2026-06-13 12:31:10,346.3699787817411,1,3.9868414335513886,392.15617892861655,29.46933812820932,32.576617982227084,14.191699043940766,2,2,2,605,5,0.35659722222222223,10.982324043940766,0.33175355450236965,ELECTRE-III,1
552,0258,0,1,"[-25.563608553795184, -46.41354646701366]","[np.float64(-22.67427372028422), np.float64(-48.26651845266137)]",2026-06-13 12:31:20,784.9910554389648,2,5.973763485595834,372.2531897775654,28.208569660161935,29.576091974178386,20.813479875872304,4,4,3,1027,6,0.35694444444444445,22.24125765365008,0.3744075829383886,ELECTRE-III,1
553,0491,0,1,"[-26.764688781605464, -46.708661865576985]","[np.float64(-27.8229481425834), np.float64(-50.46078225104222)]",2026-06-13 12:31:40,317.3884851567317,1,3.926526555845207,388.970326850885,29.269582915002516,24.520855526040386,23.809800826651205,1,1,1,802,6,0.3576388888888889,21.663967493317873,0.3744075829383886,ELECTRE-III,1
554,0491,0,1,"[-27.365091437953556, -46.857891253658]","[np.float64(-27.8229481425834), np.float64(-50.46078225104222)]",2026-06-13 12:31:50,317.3884851567317,1,3.926526555845207,358.6709987098919,27.330689544226917,24.54597013161852,23.809800826651205,1,1,1,802,6,0.3579861111111111,20.229939715540095,0.3744075829383886,ELECTRE-III,1
555,0491,0,1,"[-27.96539676410598, -47.00829201918169]","[np.float64(-27.8229481425834), np.float64(-50.46078225104222)]",2026-06-13 12:32:00,317.3884851567317,1,3.926526555845207,339.6539792375739,26.07781722261678,24.571069369271026,25.809800826651205,1,1,1,802,6,0.35833333333333334,23.301467493317872,0.3744075829383886,ELECTRE-III,1
556,0491,0,1,"[-28.565604760062726, -47.15990855837763]","[np.float64(-27.8229481425834), np.float64(-50.46078225104222)]",2026-06-13 12:32:10,317.3884851567317,1,3.926526555845207,333.8519818049438,25.690100947895527,24.596153238997896,19.809800826651205,1,1,1,802,6,0.35868055555555556,22.67924527109565,0.3744075829383886,ELECTRE-III,1
557,0491,0,1,"[-29.165710303181925, -47.31278185238086]","[np.float64(-27.8229481425834), np.float64(-50.46078225104222)]",2026-06-13 12:32:20,317.3884851567317,1,3.926526555845207,341.9379641884404,26.22974438262574,24.621221740799136,18.809800826651205,1,1,1,802,6,0.3590277777777778,22.041050826651205,0.3744075829383886,ELECTRE-III,1
558,0491,0,1,"[-29.765708270821694, -47.46695971251555]","[np.float64(-27.8229481425834), np.float64(-50.46078225104222)]",2026-06-13 12:32:30,317.3884851567317,1,3.926526555845207,362.98395791796656,27.61099062291219,24.646276582222036,16.809800826651205,1,1,1,802,6,0.359375,17.528550826651205,0.3744075829383886,ELECTRE-III,1
559,0491,0,1,"[-30.365596955434743, -47.6224933652005]","[np.float64(-27.8229481425834), np.float64(-50.46078225104222)]",2026-06-13 12:32:40,317.3884851567317,1,3.926526555845207,394.9224790715757,29.642151244903086,24.671316055719302,17.809800826651205,1,1,1,802,6,0.3597222222222222,17.09035638220676,0.3744075829383886,ELECTRE-III,1
560,0210,0,1,"[-29.91083271521154, -72.16188431710101]","[np.float64(-33.0491248747741), np.float64(-71.6499149451426)]",2026-06-13 14:11:10,326.145420214933,1,6.669076920294665,352.32197429245633,26.915472384361696,22.6472868253817,24.315319400482853,4,4,3,1344,13,0.5649305555555556,19.23094440048285,0.8566350710900474,ELECTRE-III,1
561,0210,0,1,"[-30.510697494162493, -72.3177492339607]","[np.float64(-33.0491248747741), np.float64(-71.6499149451426)]",2026-06-13 14:11:20,326.145420214933,1,6.669076920294665,289.2311033851589,22.6243976592311,22.669052930719236,19.315319400482853,4,4,3,1344,13,0.5652777777777778,18.184763844927296,0.8566350710900474,ELECTRE-III,1
562,0210,0,1,"[-31.110449574992142, -72.47503483016774]","[np.float64(-33.0491248747741), np.float64(-71.6499149451426)]",2026-06-13 14:11:30,326.145420214933,1,6.669076920294665,229.15747966428273,18.273124842928578,22.69080366813114,23.315319400482853,4,4,3,1344,13,0.565625,21.618444400482854,0.8566350710900474,ELECTRE-III,1
563,0399,0,1,"[-31.110449574992142, -72.47503483016774]","[np.float64(-33.13217557972659), np.float64(-68.94243257995237)]",2026-06-13 14:11:30,100.97823539776887,1,3.468435066242505,401.46955928051426,30.04879746359797,24.002519300117285,16.311640351261754,1,1,1,1488,8,0.565625,10.655390351261754,0.6125592417061612,ELECTRE-III,1
564,0210,0,1,"[-31.710082127511317, -72.63378891704636]","[np.float64(-33.0491248747741), np.float64(-71.6499149451426)]",2026-06-13 14:11:40,326.145420214933,1,6.669076920294665,175.2286313221439,14.170483284951079,22.712539037617415,23.315319400482853,4,4,3,1344,13,0.5659722222222222,23.315319400482853,0.8566350710900474,ELECTRE-III,1
565,0399,0,1,"[-31.710082127511317, -72.63378891704636]","[np.float64(-33.13217557972659), np.float64(-68.94243257995237)]",2026-06-13 14:11:40,100.97823539776887,1,3.468435066242505,380.82731580561693,28.7554494210936,24.023137933674263,23.311640351261754,1,1,1,1488,8,0.5659722222222222,22.745668129039533,0.6125592417061612,ELECTRE-III,1
566,0210,0,1,"[-32.30959515172002, -72.79405930592071]","[np.float64(-33.0491248747741), np.float64(-71.6499149451426)]",2026-06-13 14:11:50,326.145420214933,1,6.669076920294665,135.01381504431234,11.009059251969678,22.73425733163076,23.315319400482853,4,4,3,1344,13,0.5663194444444445,21.050041622705074,0.8566350710900474,ELECTRE-III,1
567,0399,0,1,"[-32.30959515172002, -72.79405930592071]","[np.float64(-33.13217557972659), np.float64(-68.94243257995237)]",2026-06-13 14:11:50,100.97823539776887,1,3.468435066242505,371.7217615465399,28.174487465639263,24.043741199305607,18.311640351261754,1,1,1,1488,8,0.5663194444444445,13.7810847957062,0.6125592417061612,ELECTRE-III,1
568,0210,0,1,"[-32.90898181742907, -72.95590746849332]","[np.float64(-33.0491248747741), np.float64(-71.6499149451426)]",2026-06-13 14:12:00,326.145420214933,1,6.669076920294665,122.81241381169387,10.035345885418858,22.755958550171183,16.315319400482853,4,4,3,1344,13,0.5666666666666667,12.915319400482852,0.8566350710900474,ELECTRE-III,1
569,0399,0,1,"[-32.90898181742907, -72.95590746849332]","[np.float64(-33.13217557972659), np.float64(-68.94243257995237)]",2026-06-13 14:12:00,100.97823539776887,1,3.468435066242505,374.9923706360342,28.38389728894321,24.06432568191673,18.311640351261754,1,1,1,1488,8,0.5666666666666667,15.478307017928422,0.6125592417061612,ELECTRE-III,1
570,0210,0,1,"[-33.50824212463848, -73.11939487646676]","[np.float64(-33.0491248747741), np.float64(-71.6499149451426)]",2026-06-13 14:12:10,326.145420214933,1,6.669076920294665,145.82941322923185,11.866848993587887,22.777644400785974,16.315319400482853,4,4,3,1344,13,0.5670138888888889,16.882333289371743,0.8566350710900474,ELECTRE-III,1
571,0399,0,1,"[-33.50824212463848, -73.11939487646676]","[np.float64(-33.13217557972659), np.float64(-68.94243257995237)]",2026-06-13 14:12:10,100.97823539776887,1,3.468435066242505,390.3260726578497,29.354684959374357,24.084893089054933,18.311640351261754,1,1,1,1488,8,0.5670138888888889,14.909557017928421,0.6125592417061612,ELECTRE-III,1
572,0210,0,1,"[-34.10736924315907, -73.28457617135435]","[np.float64(-33.0491248747741), np.float64(-71.6499149451426)]",2026-06-13 14:12:20,326.145420214933,1,6.669076920294665,191.77388714753172,15.447139324862663,22.799314883475134,15.315319400482853,4,4,3,1344,13,0.5673611111111111,18.719486067149518,0.8566350710900474,ELECTRE-III,1
573,0210,0,1,"[-34.70635634280168, -73.45151282485863]","[np.float64(-33.0491248747741), np.float64(-71.6499149451426)]",2026-06-13 14:12:30,326.145420214933,1,6.669076920294665,248.22234728904968,19.680559698091734,22.820968290691365,24.315319400482853,4,4,3,1344,13,0.5677083333333334,27.721569400482853,0.8566350710900474,ELECTRE-III,1
574,0210,0,1,"[-35.305203423566304, -73.62027996906046]","[np.float64(-33.0491248747741), np.float64(-71.6499149451426)]",2026-06-13 14:12:40,326.145420214933,1,6.669076920294665,309.4778952611707,24.033696531088083,22.842604622434674,22.315319400482853,4,4,3,1344,13,0.5680555555555555,26.859763844927297,0.8566350710900474,ELECTRE-III,1
575,0210,0,1,"[-35.903900240169186, -73.79093907566241]","[np.float64(-33.0491248747741), np.float64(-71.6499149451426)]",2026-06-13 14:12:50,326.145420214933,1,6.669076920294665,373.17826578916237,28.267845897440417,22.86422558625235,22.315319400482853,4,4,3,1344,13,0.5684027777777778,25.72573606714952,0.8566350710900474,ELECTRE-III,1
576,0079,0,1,"[53.70646729291643, 87.38921050556499]","[np.float64(56.88911993583032), np.float64(84.62325407926258)]",2026-06-13 15:07:10,989.1963429990627,2,2.155232635355786,394.7656260314901,29.632368311743512,0.39646275932418007,19.06439963817758,4,4,3,715,7,0.6815972222222222,14.974816304844246,0.518957345971564,ELECTRE-III,1
577,0079,0,1,"[54.29802314674207, 87.10015689989004]","[np.float64(56.88911993583032), np.float64(84.62325407926258)]",2026-06-13 15:07:20,989.1963429990627,2,2.155232635355786,327.41201650231176,25.256778042132694,0.3830814849251995,18.06439963817758,4,4,3,715,7,0.6819444444444445,21.4741218603998,0.518957345971564,ELECTRE-III,1
578,0079,0,1,"[54.88905990619078, 86.8038837842624]","[np.float64(56.88911993583032), np.float64(84.62325407926258)]",2026-06-13 15:07:30,989.1963429990627,2,2.155232635355786,260.64353093922455,20.58452378876024,0.36972328909509417,18.06439963817758,4,4,3,715,7,0.6822916666666666,16.01752463817758,0.518957345971564,ELECTRE-III,1
579,0079,0,1,"[55.47955366560048, 86.50003598884521]","[np.float64(56.88911993583032), np.float64(84.62325407926258)]",2026-06-13 15:07:40,989.1963429990627,2,2.155232635355786,195.06128858261886,15.698981321873067,0.35638817183386406,21.06439963817758,4,4,3,715,7,0.6826388888888889,25.842871860399804,0.518957345971564,ELECTRE-III,1
580,0079,0,1,"[56.069473689119896, 86.18821053247746]","[np.float64(56.88911993583032), np.float64(84.62325407926258)]",2026-06-13 15:07:50,989.1963429990627,2,2.155232635355786,132.43793588714757,10.80401126817342,0.3430762131827886,21.06439963817758,4,4,3,715,7,0.6829861111111111,21.74738574928869,0.518957345971564,ELECTRE-III,1
581,0079,0,1,"[56.65878924089776, 85.86799760380892]","[np.float64(56.88911993583032), np.float64(84.62325407926258)]",2026-06-13 15:08:00,989.1963429990627,2,2.155232635355786,80.04698422231961,6.579505403566103,0.32978749318314693,22.06439963817758,4,4,3,715,7,0.6833333333333333,20.697732971510913,0.518957345971564,ELECTRE-III,1
582,0079,0,1,"[57.247466169988236, 85.53893274997604]","[np.float64(56.88911993583032), np.float64(84.62325407926258)]",2026-06-13 15:08:10,989.1963429990627,2,2.155232635355786,68.20213808313994,5.612661650810626,0.3165220651957921,22.06439963817758,4,4,3,715,7,0.6836805555555555,24.7991218603998,0.518957345971564,ELECTRE-III,1
583,0079,0,1,"[57.83547374054005, 85.20053785773693]","[np.float64(56.88911993583032), np.float64(84.62325407926258)]",2026-06-13 15:08:20,989.1963429990627,2,2.155232635355786,110.777398598135,9.069136783317823,0.30327992922072416,22.06439963817758,4,4,3,715,7,0.6840277777777778,25.48453852706647,0.518957345971564,ELECTRE-III,1
584,0079,0,1,"[58.4227675563236, 84.852307493093]","[np.float64(56.88911993583032), np.float64(84.62325407926258)]",2026-06-13 15:08:30,989.1963429990627,2,2.155232635355786,171.07732962209766,13.847842184900992,0.29006121866007517,19.06439963817758,4,4,3,715,7,0.684375,23.17064963817758,0.518957345971564,ELECTRE-III,1
585,0079,0,1,"[59.00931005129844, 84.49368158053231]","[np.float64(56.88911993583032), np.float64(84.62325407926258)]",2026-06-13 15:08:40,989.1963429990627,2,2.155232635355786,235.8785438689992,18.772004934778618,0.27686593351384525,19.06439963817758,4,4,3,715,7,0.6847222222222222,16.32551074928869,0.518957345971564,ELECTRE-III,1
586,0079,0,1,"[59.595053414140395, 84.12406589359706]","[np.float64(56.88911993583032), np.float64(84.62325407926258)]",2026-06-13 15:08:50,989.1963429990627,2,2.155232635355786,302.2992057430735,23.537442108774147,0.2636941538233136,17.06439963817758,4,4,3,715,7,0.6850694444444444,14.324121860399803,0.518957345971564,ELECTRE-III,1
587,0079,0,1,"[60.17994983352527, 83.74283205488364]","[np.float64(56.88911993583032), np.float64(84.62325407926258)]",2026-06-13 15:09:00,989.1963429990627,2,2.155232635355786,369.4662542371463,28.029592747235363,0.2505459062689069,21.06439963817758,4,4,3,715,7,0.6854166666666667,26.547732971510914,0.518957345971564,ELECTRE-III,1
588,0149,0,1,"[47.50151705462123, -77.88345182255064]","[np.float64(45.14600795418758), np.float64(-74.22434035818429)]",2026-06-13 15:28:20,427.23138280533135,1,3.5030292147617503,384.04575537834916,28.9592668381087,61.63159042839559,18.06807868739868,4,4,3,963,10,0.7256944444444444,23.14793979850979,0.6907582938388626,ELECTRE-III,1
589,0149,0,1,"[46.905453275943394, -78.1102755746976]","[np.float64(45.14600795418758), np.float64(-74.22434035818429)]",2026-06-13 15:28:30,427.23138280533135,1,3.5030292147617503,358.1061094298062,27.293871576248,61.65300990163275,17.06807868739868,4,4,3,963,10,0.7260416666666667,22.150370354065345,0.6907582938388626,ELECTRE-III,1
590,0149,0,1,"[46.30910262932041, -78.33302170391006]","[np.float64(45.14600795418758), np.float64(-74.22434035818429)]",2026-06-13 15:28:40,427.23138280533135,1,3.5030292147617503,344.09622684071326,26.372944848732995,61.674408884302395,14.068078687398678,4,4,3,963,10,0.7263888888888889,11.162523131843123,0.6907582938388626,ELECTRE-III,1
591,0149,0,1,"[45.71247536003604, -78.55186779510643]","[np.float64(45.14600795418758), np.float64(-74.22434035818429)]",2026-06-13 15:28:50,427.23138280533135,1,3.5030292147617503,343.4795083041197,26.33206175594659,61.69578737640454,13.068078687398678,4,4,3,963,10,0.7267361111111111,18.155231465176456,0.6907582938388626,ELECTRE-III,1
592,0149,0,1,"[45.115585128468624, -78.76696411244848]","[np.float64(45.14600795418758), np.float64(-74.22434035818429)]",2026-06-13 15:29:00,427.23138280533135,1,3.5030292147617503,356.32481481926385,27.177611605168355,61.71713854775,20.06807868739868,4,4,3,963,10,0.7270833333333333,17.159745354065343,0.6907582938388626,ELECTRE-III,1
593,0149,0,1,"[44.518438764807335, -78.97847458047626]","[np.float64(45.14600795418758), np.float64(-74.22434035818429)]",2026-06-13 15:29:10,427.23138280533135,1,3.5030292147617503,381.2747841745946,28.78383453097672,61.73846922852795,11.068078687398678,4,4,3,963,10,0.7274305555555556,13.250370354065346,0.6907582938388626,ELECTRE-III,1
594,0055,0,1,"[43.32343911290566, -79.3912775535335]","[np.float64(40.51946326865131), np.float64(-76.8377454519946)]",2026-06-13 15:29:30,455.9527058673055,1,3.611156814116467,376.58037948387425,28.485276886367924,63.1315204606979,23.562560113567027,4,4,3,925,12,0.728125,17.737560113567028,0.7902843601895735,ELECTRE-III,1
595,0055,0,1,"[42.72559948504361, -79.59285009631891]","[np.float64(40.51946326865131), np.float64(-76.8377454519946)]",2026-06-13 15:29:40,455.9527058673055,1,3.611156814116467,335.55548557510383,25.8042009038002,63.15819917959597,17.562560113567027,4,4,3,925,12,0.7284722222222222,11.73478233578925,0.7902843601895735,ELECTRE-III,1
596,0055,0,1,"[42.1275481213173, -79.79136271435615]","[np.float64(40.51946326865131), np.float64(-76.8377454519946)]",2026-06-13 15:29:50,455.9527058673055,1,3.611156814116467,304.61293654116974,23.697801211798552,63.18485057773736,20.562560113567027,4,4,3,925,12,0.7288194444444445,20.562560113567027,0.7902843601895735,ELECTRE-III,1
597,0055,0,1,"[41.52929185191588, -79.9869383510503]","[np.float64(40.51946326865131), np.float64(-76.8377454519946)]",2026-06-13 15:30:00,455.9527058673055,1,3.611156814116467,287.0322161201143,22.469551262153193,63.211488315500404,23.562560113567027,4,4,3,925,12,0.7291666666666666,24.291726780233695,0.7902843601895735,ELECTRE-III,1
598,0055,0,1,"[40.930837507028535, -80.17969311961724]","[np.float64(40.51946326865131), np.float64(-76.8377454519946)]",2026-06-13 15:30:10,455.9527058673055,1,3.611156814116467,285.29452359131386,22.346936883310697,63.23810556269595,22.562560113567027,4,4,3,925,12,0.7295138888888889,25.48061566912258,0.7902843601895735,ELECTRE-III,1
599,0055,0,1,"[40.33219533193901, -80.36973630308367]","[np.float64(40.51946326865131), np.float64(-76.8377454519946)]",2026-06-13 15:30:20,455.9527058673055,1,3.611156814116467,299.67579478894476,23.355145727997616,63.264709149513145,23.562560113567027,4,4,3,925,12,0.7298611111111111,27.941726780233694,0.7902843601895735,ELECTRE-III,1
600,0055,0,1,"[39.73337557193106, -80.55717035428715]","[np.float64(40.51946326865131), np.float64(-76.8377454519946)]",2026-06-13 15:30:30,455.9527058673055,1,3.611156814116467,328.0628200979306,25.300710094225185,63.29128541557367,19.562560113567027,4,4,3,925,12,0.7302083333333333,21.022976780233694,0.7902843601895735,ELECTRE-III,1
601,0055,0,1,"[39.1343782270047, -80.74209089587609]","[np.float64(40.51946326865131), np.float64(-76.8377454519946)]",2026-06-13 15:30:40,455.9527058673055,1,3.611156814116467,367.2216931741634,27.88501286387591,63.31784802125585,17.562560113567027,4,4,3,925,12,0.7305555555555555,10.257004558011472,0.7902843601895735,ELECTRE-III,1
602,0366,1,1,"[38.53521695753826, -80.92458672030965]","[np.float64(36.98439248990215), np.float64(-76.73374625290286)]",2026-06-13 15:30:50,830.9545088778011,1,3.2096800654880937,406.71775705269476,30.372377183710604,65.1830429099921,19.43893975702494,4,4,3,645,14,0.7309027777777778,20.16984253480272,1.0,ELECTRE-III,1
602,0366,1,1,"[38.53521695753826, -80.92458672030965]","[np.float64(36.98439248990215), np.float64(-76.73374625290286)]",2026-06-13 15:30:50,830.9545088778011,1,3.2096800654880937,406.71775705269476,30.372377183710604,65.1830429099921,19.43893975702494,4,4,3,645,14,0.7309027777777778,20.16984253480272,1.0,ELECTRE-III,1
602,0366,1,1,"[38.53521695753826, -80.92458672030965]","[np.float64(36.98439248990215), np.float64(-76.73374625290286)]",2026-06-13 15:30:50,830.9545088778011,1,3.2096800654880937,406.71775705269476,30.372377183710604,65.1830429099921,19.43893975702494,4,4,3,645,14,0.7309027777777778,20.16984253480272,1.0,ELECTRE-III,1
603,0432,1,1,"[38.53521695753826, -80.92458672030965]","[np.float64(34.96653568748317), np.float64(-81.95412306879736)]",2026-06-13 15:30:50,337.53254742901896,1,4.7795663966012985,407.2741928393814,30.406559682896855,62.00716204028708,10.689859519330216,3,3,3,1075,14,0.7309027777777778,4.842637297107994,1.0,ELECTRE-III,1
603,0432,1,1,"[38.53521695753826, -80.92458672030965]","[np.float64(34.96653568748317), np.float64(-81.95412306879736)]",2026-06-13 15:30:50,337.53254742901896,1,4.7795663966012985,407.2741928393814,30.406559682896855,62.00716204028708,10.689859519330216,3,3,3,1075,14,0.7309027777777778,4.842637297107994,1.0,ELECTRE-III,1
604,0171,0,1,"[37.935891763531735, -81.10476028042542]","[np.float64(34.89600267667592), np.float64(-82.3344915581176)]",2026-06-13 15:31:00,40.91519342496955,1,7.374456609192537,355.4699275080056,27.121729352085705,61.761329871679976,15.191699043940766,4,4,3,1105,2,0.73125,8.610449043940765,0.0485781990521327,ELECTRE-III,1
605,0366,1,1,"[37.935891763531735, -81.10476028042542]","[np.float64(36.98439248990215), np.float64(-76.73374625290286)]",2026-06-13 15:31:00,830.9545088778011,1,3.2096800654880937,400.002761332352,29.957980940428943,65.2127200819358,16.43893975702494,4,4,3,645,14,0.73125,17.90143975702494,1.0,ELECTRE-III,1
605,0366,1,1,"[37.935891763531735, -81.10476028042542]","[np.float64(36.98439248990215), np.float64(-76.73374625290286)]",2026-06-13 15:31:00,830.9545088778011,1,3.2096800654880937,400.002761332352,29.957980940428943,65.2127200819358,16.43893975702494,4,4,3,645,14,0.73125,17.90143975702494,1.0,ELECTRE-III,1
605,0366,1,1,"[37.935891763531735, -81.10476028042542]","[np.float64(36.98439248990215), np.float64(-76.73374625290286)]",2026-06-13 15:31:00,830.9545088778011,1,3.2096800654880937,400.002761332352,29.957980940428943,65.2127200819358,16.43893975702494,4,4,3,645,14,0.73125,17.90143975702494,1.0,ELECTRE-III,1
606,0432,1,1,"[37.935891763531735, -81.10476028042542]","[np.float64(34.96653568748317), np.float64(-81.95412306879736)]",2026-06-13 15:31:00,337.53254742901896,1,4.7795663966012985,338.79946496491016,26.020874590514588,62.03982400489808,10.689859519330216,3,3,3,1075,14,0.73125,4.839859519330217,1.0,ELECTRE-III,1
606,0432,1,1,"[37.935891763531735, -81.10476028042542]","[np.float64(34.96653568748317), np.float64(-81.95412306879736)]",2026-06-13 15:31:00,337.53254742901896,1,4.7795663966012985,338.79946496491016,26.020874590514588,62.03982400489808,10.689859519330216,3,3,3,1075,14,0.73125,4.839859519330217,1.0,ELECTRE-III,1
607,0171,0,1,"[37.33641630536347, -81.28268670830425]","[np.float64(34.89600267667592), np.float64(-82.3344915581176)]",2026-06-13 15:31:10,40.91519342496955,1,7.374456609192537,287.33272637059457,22.490733789125958,61.7941011193177,12.191699043940766,4,4,3,1105,2,0.7315972222222222,14.386490710607433,0.0485781990521327,ELECTRE-III,1
608,0366,1,1,"[37.33641630536347, -81.28268670830425]","[np.float64(36.98439248990215), np.float64(-76.73374625290286)]",2026-06-13 15:31:10,830.9545088778011,1,3.2096800654880937,404.9676844936133,30.264712262045474,65.242376763312,13.43893975702494,4,4,3,645,14,0.7315972222222222,17.828523090358274,1.0,ELECTRE-III,1
608,0366,1,1,"[37.33641630536347, -81.28268670830425]","[np.float64(36.98439248990215), np.float64(-76.73374625290286)]",2026-06-13 15:31:10,830.9545088778011,1,3.2096800654880937,404.9676844936133,30.264712262045474,65.242376763312,13.43893975702494,4,4,3,645,14,0.7315972222222222,17.828523090358274,1.0,ELECTRE-III,1
608,0366,1,1,"[37.33641630536347, -81.28268670830425]","[np.float64(36.98439248990215), np.float64(-76.73374625290286)]",2026-06-13 15:31:10,830.9545088778011,1,3.2096800654880937,404.9676844936133,30.264712262045474,65.242376763312,13.43893975702494,4,4,3,645,14,0.7315972222222222,17.828523090358274,1.0,ELECTRE-III,1
609,0432,1,1,"[37.33641630536347, -81.28268670830425]","[np.float64(34.96653568748317), np.float64(-81.95412306879736)]",2026-06-13 15:31:10,337.53254742901896,1,4.7795663966012985,270.3243599831011,21.281727928825994,62.07248596950908,13.689859519330216,3,3,3,1075,14,0.7315972222222222,14.421456741552438,1.0,ELECTRE-III,1
609,0432,1,1,"[37.33641630536347, -81.28268670830425]","[np.float64(34.96653568748317), np.float64(-81.95412306879736)]",2026-06-13 15:31:10,337.53254742901896,1,4.7795663966012985,270.3243599831011,21.281727928825994,62.07248596950908,13.689859519330216,3,3,3,1075,14,0.7315972222222222,14.421456741552438,1.0,ELECTRE-III,1
609,0432,1,1,"[37.33641630536347, -81.28268670830425]","[np.float64(34.96653568748317), np.float64(-81.95412306879736)]",2026-06-13 15:31:10,337.53254742901896,1,4.7795663966012985,270.3243599831011,21.281727928825994,62.07248596950908,13.689859519330216,3,3,3,1075,14,0.7315972222222222,14.421456741552438,1.0,ELECTRE-III,1
610,0171,0,1,"[36.73679058303347, -81.45846162659453]","[np.float64(34.89600267667592), np.float64(-82.3344915581176)]",2026-06-13 15:31:20,40.91519342496955,1,7.374456609192537,219.3958283803532,17.543428846239323,61.82686553676625,14.191699043940766,4,4,3,1105,2,0.7319444444444444,17.851421266162987,0.0485781990521327,ELECTRE-III,1
611,0432,1,1,"[36.73679058303347, -81.45846162659453]","[np.float64(34.96653568748317), np.float64(-81.95412306879736)]",2026-06-13 15:31:20,337.53254742901896,1,4.7795663966012985,201.84812442597251,16.216936996560605,62.10513427374174,16.689859519330216,3,3,3,1075,14,0.7319444444444444,17.42180396377466,1.0,ELECTRE-III,1
611,0432,1,1,"[36.73679058303347, -81.45846162659453]","[np.float64(34.96653568748317), np.float64(-81.95412306879736)]",2026-06-13 15:31:20,337.53254742901896,1,4.7795663966012985,201.84812442597251,16.216936996560605,62.10513427374174,16.689859519330216,3,3,3,1075,14,0.7319444444444444,17.42180396377466,1.0,ELECTRE-III,1
611,0432,1,1,"[36.73679058303347, -81.45846162659453]","[np.float64(34.96653568748317), np.float64(-81.95412306879736)]",2026-06-13 15:31:20,337.53254742901896,1,4.7795663966012985,201.84812442597251,16.216936996560605,62.10513427374174,16.689859519330216,3,3,3,1075,14,0.7319444444444444,17.42180396377466,1.0,ELECTRE-III,1
612,0171,0,1,"[36.13702484182548, -81.63215333718796]","[np.float64(34.89600267667592), np.float64(-82.3344915581176)]",2026-06-13 15:31:30,40.91519342496955,1,7.374456609192537,151.93111857368586,12.348432736420929,61.85962312402563,14.191699043940766,4,4,3,1105,2,0.7322916666666667,13.459407377274099,0.0485781990521327,ELECTRE-III,1
613,0432,1,1,"[36.13702484182548, -81.63215333718796]","[np.float64(34.96653568748317), np.float64(-81.95412306879736)]",2026-06-13 15:31:30,337.53254742901896,1,4.7795663966012985,133.37187846745334,10.87838865352672,62.137775747785234,17.689859519330216,3,3,3,1075,14,0.7322916666666667,14.76069285266355,1.0,ELECTRE-III,1
613,0432,1,1,"[36.13702484182548, -81.63215333718796]","[np.float64(34.96653568748317), np.float64(-81.95412306879736)]",2026-06-13 15:31:30,337.53254742901896,1,4.7795663966012985,133.37187846745334,10.87838865352672,62.137775747785234,17.689859519330216,3,3,3,1075,14,0.7322916666666667,14.76069285266355,1.0,ELECTRE-III,1
614,0171,0,1,"[35.53712249683409, -81.8038369721654]","[np.float64(34.89600267667592), np.float64(-82.3344915581176)]",2026-06-13 15:31:40,40.91519342496955,1,7.374456609192537,86.0581246011584,7.06876786519868,61.89236705090667,9.191699043940766,4,4,3,1105,2,0.7326388888888888,4.7958657106074325,0.0485781990521327,ELECTRE-III,1
615,0432,1,1,"[35.53712249683409, -81.8038369721654]","[np.float64(34.96653568748317), np.float64(-81.95412306879736)]",2026-06-13 15:31:40,337.53254742901896,1,4.7795663966012985,64.89744953391661,5.342317102233218,62.170403561450385,9.689859519330216,3,3,3,1075,14,0.7326388888888888,14.085692852663549,1.0,ELECTRE-III,1
615,0432,1,1,"[35.53712249683409, -81.8038369721654]","[np.float64(34.96653568748317), np.float64(-81.95412306879736)]",2026-06-13 15:31:40,337.53254742901896,1,4.7795663966012985,64.89744953391661,5.342317102233218,62.170403561450385,9.689859519330216,3,3,3,1075,14,0.7326388888888888,14.085692852663549,1.0,ELECTRE-III,1
616,0171,0,1,"[34.93708696315388, -81.97358766360772]","[np.float64(34.89600267667592), np.float64(-82.3344915581176)]",2026-06-13 15:31:50,40.91519342496955,1,7.374456609192537,33.2222455359267,2.7406951504727606,61.92511097778772,8.191699043940766,4,4,3,1105,2,0.7329861111111111,9.657671266162987,0.0485781990521327,ELECTRE-III,1
617,0432,1,1,"[34.93708696315388, -81.97358766360772]","[np.float64(34.96653568748317), np.float64(-81.95412306879736)]",2026-06-13 15:31:50,337.53254742901896,1,4.7795663966012985,3.7242096797889346,0.3074631822051191,62.203031375115536,16.689859519330216,3,3,3,1075,14,0.7329861111111111,21.820762297107994,1.0,ELECTRE-III,1
617,0432,1,1,"[34.93708696315388, -81.97358766360772]","[np.float64(34.96653568748317), np.float64(-81.95412306879736)]",2026-06-13 15:31:50,337.53254742901896,1,4.7795663966012985,3.7242096797889346,0.3074631822051191,62.203031375115536,16.689859519330216,3,3,3,1075,14,0.7329861111111111,21.820762297107994,1.0,ELECTRE-III,1
618,0171,0,1,"[34.33692507097403, -82.1414805435958]","[np.float64(34.89600267667592), np.float64(-82.3344915581176)]",2026-06-13 15:32:00,40.91519342496955,1,7.374456609192537,64.62705114608438,5.320186066810847,61.957848074479585,9.191699043940766,4,4,3,1105,2,0.7333333333333333,14.325032377274098,0.0485781990521327,ELECTRE-III,1
619,0432,1,1,"[34.33692507097403, -82.1414805435958]","[np.float64(34.96653568748317), np.float64(-81.95412306879736)]",2026-06-13 15:32:00,337.53254742901896,1,4.7795663966012985,72.07666205528555,5.929302517707923,62.235652358591516,13.689859519330216,3,3,3,1075,14,0.7333333333333333,17.356526185996884,1.0,ELECTRE-III,1
619,0432,1,1,"[34.33692507097403, -82.1414805435958]","[np.float64(34.96653568748317), np.float64(-81.95412306879736)]",2026-06-13 15:32:00,337.53254742901896,1,4.7795663966012985,72.07666205528555,5.929302517707923,62.235652358591516,13.689859519330216,3,3,3,1075,14,0.7333333333333333,17.356526185996884,1.0,ELECTRE-III,1
620,0171,0,1,"[33.73664365048371, -82.30757708383217]","[np.float64(34.89600267667592), np.float64(-82.3344915581176)]",2026-06-13 15:32:10,40.91519342496955,1,7.374456609192537,128.93871745006408,10.52501424010848,61.99057834098229,6.1916990439407655,4,4,3,1105,2,0.7336805555555556,8.392740710607432,0.0485781990521327,ELECTRE-III,1
621,0432,1,1,"[33.73664365048371, -82.30757708383217]","[np.float64(34.96653568748317), np.float64(-81.95412306879736)]",2026-06-13 15:32:10,337.53254742901896,1,4.7795663966012985,140.55421750742508,11.449120332382472,62.26825968168916,17.689859519330216,3,3,3,1075,14,0.7336805555555556,20.62458174155244,1.0,ELECTRE-III,1
621,0432,1,1,"[33.73664365048371, -82.30757708383217]","[np.float64(34.96653568748317), np.float64(-81.95412306879736)]",2026-06-13 15:32:10,337.53254742901896,1,4.7795663966012985,140.55421750742508,11.449120332382472,62.26825968168916,17.689859519330216,3,3,3,1075,14,0.7336805555555556,20.62458174155244,1.0,ELECTRE-III,1
622,0171,0,1,"[33.13624611677749, -82.47194558620853]","[np.float64(34.89600267667592), np.float64(-82.3344915581176)]",2026-06-13 15:32:20,40.91519342496955,1,7.374456609192537,196.08588396132,15.777347223342701,62.02330177729582,6.1916990439407655,4,4,3,1105,2,0.7340277777777777,1.0535045994963212,0.0485781990521327,ELECTRE-III,1
623,0422,0,1,"[33.13624611677749, -82.47194558620853]","[np.float64(29.7478931171751), np.float64(-80.98193319510803)]",2026-06-13 15:32:20,277.4708168091523,1,5.239523612905863,402.3962488875447,30.10608758897017,64.24956095612646,16.442618806246042,1,1,1,1032,5,0.7340277777777777,12.038452139579375,0.33175355450236965,ELECTRE-III,1
624,0432,1,1,"[33.13624611677749, -82.47194558620853]","[np.float64(34.96653568748317), np.float64(-81.95412306879736)]",2026-06-13 15:32:20,337.53254742901896,1,4.7795663966012985,209.0347195730772,16.762446600728445,62.300867004786795,13.689859519330216,3,3,3,1075,14,0.7340277777777777,13.689859519330216,1.0,ELECTRE-III,1
625,0171,0,1,"[32.53573246985538, -82.63464069223824]","[np.float64(34.89600267667592), np.float64(-82.3344915581176)]",2026-06-13 15:32:30,40.91519342496955,1,7.374456609192537,263.9141469614744,20.820795769194234,62.05601155323101,11.191699043940766,4,4,3,1105,2,0.734375,8.254199043940766,0.0485781990521327,ELECTRE-III,1
626,0422,0,1,"[32.53573246985538, -82.63464069223824]","[np.float64(29.7478931171751), np.float64(-80.98193319510803)]",2026-06-13 15:32:30,277.4708168091523,1,5.239523612905863,347.59972734577343,26.60464768053388,64.28537163794483,14.442618806246042,1,1,1,1032,5,0.734375,16.645743806246042,0.33175355450236965,ELECTRE-III,1
627,0432,1,1,"[32.53573246985538, -82.63464069223824]","[np.float64(34.96653568748317), np.float64(-81.95412306879736)]",2026-06-13 15:32:30,337.53254742901896,1,4.7795663966012985,277.51685687956467,21.795491834204864,62.333460667506095,16.689859519330216,3,3,3,1075,14,0.734375,16.689859519330216,1.0,ELECTRE-III,1
627,0432,1,1,"[32.53573246985538, -82.63464069223824]","[np.float64(34.96653568748317), np.float64(-81.95412306879736)]",2026-06-13 15:32:30,337.53254742901896,1,4.7795663966012985,277.51685687956467,21.795491834204864,62.333460667506095,16.689859519330216,3,3,3,1075,14,0.734375,16.689859519330216,1.0,ELECTRE-III,1
628,0171,0,1,"[31.935116370095727, -82.79573070381299]","[np.float64(34.89600267667592), np.float64(-82.3344915581176)]",2026-06-13 15:32:40,40.91519342496955,1,7.374456609192537,332.0061196987526,25.56621864865237,62.0887213291662,7.1916990439407655,4,4,3,1105,2,0.7347222222222223,4.252810155051876,0.0485781990521327,ELECTRE-III,1
629,0422,0,1,"[31.935116370095727, -82.79573070381299]","[np.float64(29.7478931171751), np.float64(-80.98193319510803)]",2026-06-13 15:32:40,277.4708168091523,1,5.239523612905863,298.5434794554051,23.276307774416228,64.32117548957403,10.442618806246042,1,1,1,1032,5,0.7347222222222223,5.299563250690486,0.33175355450236965,ELECTRE-III,1
630,0432,1,1,"[31.935116370095727, -82.79573070381299]","[np.float64(34.96653568748317), np.float64(-81.95412306879736)]",2026-06-13 15:32:40,337.53254742901896,1,4.7795663966012985,345.9994346205133,26.49892872423722,62.36604750003623,16.689859519330216,3,3,3,1075,14,0.7347222222222223,23.302359519330217,1.0,ELECTRE-III,1
631,0171,0,1,"[31.334394402403937, -82.95526343225697]","[np.float64(34.89600267667592), np.float64(-82.3344915581176)]",2026-06-13 15:32:50,40.91519342496955,1,7.374456609192537,400.2280791427693,29.97194225779851,62.12141744472305,11.191699043940766,4,4,3,1105,2,0.7350694444444444,17.072254599496322,0.0485781990521327,ELECTRE-III,1
632,0422,0,1,"[31.334394402403937, -82.95526343225697]","[np.float64(29.7478931171751), np.float64(-80.98193319510803)]",2026-06-13 15:32:50,277.4708168091523,1,5.239523612905863,258.5145054846576,20.430326477378692,64.35697934120324,16.442618806246042,1,1,1,1032,5,0.7350694444444444,16.442618806246042,0.33175355450236965,ELECTRE-III,1
633,0422,0,1,"[30.733569981874595, -83.11330034927273]","[np.float64(29.7478931171751), np.float64(-80.98193319510803)]",2026-06-13 15:33:00,277.4708168091523,1,5.239523612905863,232.22916777085283,18.50148610892673,64.39278319283245,8.442618806246042,1,1,1,1032,5,0.7354166666666667,6.971785472912709,0.33175355450236965,ELECTRE-III,1
634,0422,0,1,"[30.132653353791458, -83.26989609637361]","[np.float64(29.7478931171751), np.float64(-80.98193319510803)]",2026-06-13 15:33:10,277.4708168091523,1,5.239523612905863,224.5668465683458,17.930717446895535,64.42858021427249,7.442618806246042,1,1,1,1032,5,0.7357638888888889,1.5565076951349308,0.33175355450236965,ELECTRE-III,1
635,0422,0,1,"[29.531644518154526, -83.42510531507298]","[np.float64(29.7478931171751), np.float64(-80.98193319510803)]",2026-06-13 15:33:20,277.4708168091523,1,5.239523612905863,237.33796834757842,18.87994648715587,64.46437723571252,14.442618806246042,1,1,1,1032,5,0.7361111111111112,10.762063250690487,0.33175355450236965,ELECTRE-III,1
636,0427,0,1,"[29.531644518154526, -83.42510531507298]","[np.float64(27.32515845053345), np.float64(-80.26028845491872)]",2026-06-13 15:33:20,725.9821093405315,2,3.7031886038891164,394.89798308965175,29.640623554335818,65.34228877049094,20.06439963817758,1,1,1,1024,3,0.7361111111111112,15.647732971510912,0.10781990521327015,ELECTRE-III,1
637,0422,0,1,"[28.930546890058384, -83.57896215631669]","[np.float64(29.7478931171751), np.float64(-80.98193319510803)]",2026-06-13 15:33:30,277.4708168091523,1,5.239523612905863,267.63163258620943,21.08845272826581,64.50017425715257,12.442618806246042,1,1,1,1032,5,0.7364583333333333,15.388452139579375,0.33175355450236965,ELECTRE-III,1
638,0427,0,1,"[28.930546890058384, -83.57896215631669]","[np.float64(27.32515845053345), np.float64(-80.26028845491872)]",2026-06-13 15:33:30,725.9821093405315,2,3.7031886038891164,371.1560167034355,28.13818055475763,65.3792196033332,22.06439963817758,1,1,1,1024,3,0.7364583333333333,26.48314963817758,0.10781990521327015,ELECTRE-III,1
639,0422,0,1,"[28.32936559214491, -83.73152809180726]","[np.float64(29.7478931171751), np.float64(-80.98193319510803)]",2026-06-13 15:33:40,277.4708168091523,1,5.239523612905863,310.3591886601548,24.094357750320153,64.53596444840343,15.442618806246042,1,1,1,1032,5,0.7368055555555556,9.548174361801596,0.33175355450236965,ELECTRE-III,1
640,0427,0,1,"[28.32936559214491, -83.73152809180726]","[np.float64(27.32515845053345), np.float64(-80.26028845491872)]",2026-06-13 15:33:40,725.9821093405315,2,3.7031886038891164,359.1302924089875,27.360607062741327,65.41615043617546,19.06439963817758,1,1,1,1024,3,0.7368055555555556,23.485232971510914,0.10781990521327015,ELECTRE-III,1
641,0422,0,1,"[27.728102331961395, -83.88284410267973]","[np.float64(29.7478931171751), np.float64(-80.98193319510803)]",2026-06-13 15:33:50,277.4708168091523,1,5.239523612905863,361.1333826582615,27.490895599643025,64.57174780946512,16.442618806246042,1,1,1,1032,5,0.7371527777777778,10.54539658402382,0.33175355450236965,ELECTRE-III,1
642,0427,0,1,"[27.728102331961395, -83.88284410267973]","[np.float64(27.32515845053345), np.float64(-80.26028845491872)]",2026-06-13 15:33:50,725.9821093405315,2,3.7031886038891164,359.99577349017346,27.41693893846567,65.45308126901772,17.06439963817758,1,1,1,1024,3,0.7371527777777778,22.224469082622022,0.10781990521327015,ELECTRE-III,1
643,0427,0,1,"[27.126760524602425, -84.03295800025826]","[np.float64(27.32515845053345), np.float64(-80.26028845491872)]",2026-06-13 15:34:00,725.9821093405315,2,3.7031886038891164,373.66265853746006,28.298858127710663,65.49001210185997,16.06439963817758,1,1,1,1024,3,0.7375,10.16439963817758,0.10781990521327015,ELECTRE-III,1
644,0427,0,1,"[26.525343585162585, -84.18190393548873]","[np.float64(27.32515845053345), np.float64(-80.26028845491872)]",2026-06-13 15:34:10,725.9821093405315,2,3.7031886038891164,398.8156705916744,29.884360725878217,65.52694293470223,18.06439963817758,1,1,1,1024,3,0.7378472222222222,14.37516352706647,0.10781990521327015,ELECTRE-III,1
645,0130,0,1,"[18.701394334311534, -86.02988674751656]","[np.float64(15.66681142700058), np.float64(-86.92981242009621)]",2026-06-13 15:36:20,633.8796153251394,1,2.55261426285107,350.70805113471766,26.809433080905777,58.178376557631374,15.817158925093404,3,3,3,914,2,0.7423611111111111,18.786603369537847,0.0485781990521327,ELECTRE-III,1
646,0130,0,1,"[18.099214121231945, -86.16642222902512]","[np.float64(15.66681142700058), np.float64(-86.92981242009621)]",2026-06-13 15:36:30,633.8796153251394,1,2.55261426285107,282.40251183151486,22.1423930144561,58.21629093771411,16.817158925093402,3,3,3,914,2,0.7427083333333333,15.331742258426736,0.0485781990521327,ELECTRE-III,1
647,0130,0,1,"[17.49699634211192, -86.30230884256251]","[np.float64(15.66681142700058), np.float64(-86.92981242009621)]",2026-06-13 15:36:40,633.8796153251394,1,2.55261426285107,214.2123142811253,17.153536081456128,58.254212147986024,11.817158925093404,3,3,3,914,2,0.7430555555555556,14.04632559176007,0.0485781990521327,ELECTRE-III,1
648,0130,0,1,"[16.894742704498753, -86.43757390888544]","[np.float64(15.66681142700058), np.float64(-86.92981242009621)]",2026-06-13 15:36:50,633.8796153251394,1,2.55261426285107,146.2991022770584,11.903981116426824,58.29212652806876,12.817158925093404,3,3,3,914,2,0.7434027777777777,6.126533925093404,0.0485781990521327,ELECTRE-III,1
649,0130,0,1,"[16.29245662348703, -86.57223791856141]","[np.float64(15.66681142700058), np.float64(-86.92981242009621)]",2026-06-13 15:37:00,633.8796153251394,1,2.55261426285107,79.37800793767079,6.524994698657302,58.3300409081515,16.817158925093402,3,3,3,914,2,0.74375,10.867158925093403,0.0485781990521327,ELECTRE-III,1
650,0103,0,1,"[15.69013980662404, -86.70633502253628]","[np.float64(13.06524529227469), np.float64(-88.86347709068579)]",2026-06-13 15:37:10,25.08756325407013,1,2.6913549278575806,373.0503161766398,28.259651175901936,55.69834170018891,22.188019994719667,2,2,2,1350,14,0.7440972222222222,16.23524221694189,1.0,ELECTRE-III,1
651,0130,0,1,"[15.69013980662404, -86.70633502253628]","[np.float64(15.66681142700058), np.float64(-86.92981242009621)]",2026-06-13 15:37:10,633.8796153251394,1,2.55261426285107,24.065229034076207,1.985999714937699,58.36794845804508,16.817158925093402,3,3,3,914,2,0.7440972222222222,10.120283925093403,0.0485781990521327,ELECTRE-III,1
652,0103,0,1,"[15.087793961457079, -86.83988571137753]","[np.float64(13.06524529227469), np.float64(-88.86347709068579)]",2026-06-13 15:37:20,25.08756325407013,1,2.6913549278575806,313.3826212840476,24.302030285644417,55.735890665151054,23.188019994719667,2,2,2,1350,14,0.7444444444444445,21.69913110583078,1.0,ELECTRE-III,1
653,0130,0,1,"[15.087793961457079, -86.83988571137753]","[np.float64(15.66681142700058), np.float64(-86.92981242009621)]",2026-06-13 15:37:20,633.8796153251394,1,2.55261426285107,65.10178409270306,5.359040015183432,58.405856007938645,15.817158925093404,3,3,3,914,2,0.7444444444444445,11.350492258426737,0.0485781990521327,ELECTRE-III,1
654,0103,0,1,"[14.485420795533438, -86.97291047565271]","[np.float64(13.06524529227469), np.float64(-88.86347709068579)]",2026-06-13 15:37:30,25.08756325407013,1,2.6913549278575806,258.1130794439087,20.40121794726661,55.77343621501861,15.188019994719667,2,2,2,1350,14,0.7447916666666666,18.167186661386335,1.0,ELECTRE-III,1
655,0130,0,1,"[14.485420795533438, -86.97291047565271]","[np.float64(15.66681142700058), np.float64(-86.92981242009621)]",2026-06-13 15:37:30,633.8796153251394,1,2.55261426285107,131.44630090176923,10.724999020810575,58.44376355783221,13.817158925093404,3,3,3,914,2,0.7447916666666666,11.582783925093404,0.0485781990521327,ELECTRE-III,1
656,0103,0,1,"[13.883021162626761, -87.10544346630763]","[np.float64(13.06524529227469), np.float64(-88.86347709068579)]",2026-06-13 15:37:40,25.08756325407013,1,2.6913549278575806,210.73066645549218,16.89072903447611,55.81097493469701,18.188019994719667,2,2,2,1350,14,0.7451388888888889,21.91371443916411,1.0,ELECTRE-III,1
657,0130,0,1,"[13.883021162626761, -87.10544346630763]","[np.float64(15.66681142700058), np.float64(-86.92981242009621)]",2026-06-13 15:37:40,633.8796153251394,1,2.55261426285107,199.24548789955065,16.018626623412302,58.48167110772579,17.817158925093402,3,3,3,914,2,0.7451388888888889,23.033131147315625,0.0485781990521327,ELECTRE-III,1
658,0103,0,1,"[13.280597624057991, -87.23749834372066]","[np.float64(13.06524529227469), np.float64(-88.86347709068579)]",2026-06-13 15:37:50,25.08756325407013,1,2.6913549278575806,177.6641139871808,14.359345376081329,55.848513654375395,19.188019994719667,2,2,2,1350,14,0.7454861111111111,14.715103328053,1.0,ELECTRE-III,1
659,0130,0,1,"[13.280597624057991, -87.23749834372066]","[np.float64(15.66681142700058), np.float64(-86.92981242009621)]",2026-06-13 15:37:50,633.8796153251394,1,2.55261426285107,267.39487715189875,21.071435046309485,58.51957182743019,12.817158925093404,3,3,3,914,2,0.7454861111111111,14.308131147315626,0.0485781990521327,ELECTRE-III,1
660,0103,0,1,"[12.678152741148063, -87.36910925883764]","[np.float64(13.06524529227469), np.float64(-88.86347709068579)]",2026-06-13 15:38:00,25.08756325407013,1,2.6913549278575806,167.61121101898388,13.57776504888466,55.8860489589592,14.188019994719667,2,2,2,1350,14,0.7458333333333333,19.408853328053,1.0,ELECTRE-III,1
661,0130,0,1,"[12.678152741148063, -87.36910925883764]","[np.float64(15.66681142700058), np.float64(-86.92981242009621)]",2026-06-13 15:38:00,633.8796153251394,1,2.55261426285107,335.6810814904059,25.81260458744594,58.55747254713459,15.817158925093404,3,3,3,914,2,0.7458333333333333,17.30882559176007,0.0485781990521327,ELECTRE-III,1
662,0103,0,1,"[12.07568651389698, -87.50029670222607]","[np.float64(13.06524529227469), np.float64(-88.86347709068579)]",2026-06-13 15:38:10,25.08756325407013,1,2.6913549278575806,184.37647567479064,14.878205697648218,55.923577433353834,16.188019994719667,2,2,2,1350,14,0.7461805555555555,10.218575550275222,1.0,ELECTRE-III,1
663,0130,0,1,"[12.07568651389698, -87.50029670222607]","[np.float64(15.66681142700058), np.float64(-86.92981242009621)]",2026-06-13 15:38:10,633.8796153251394,1,2.55261426285107,404.03473729597397,30.207220411371523,58.59536643664982,15.817158925093404,3,3,3,914,2,0.7461805555555555,13.578617258426737,0.0485781990521327,ELECTRE-III,1
664,0010,0,1,"[11.473202357399325, -87.6310743342643]","[np.float64(9.278166332601291), np.float64(-84.83392999348334)]",2026-06-13 15:38:20,599.3030986900742,1,2.0134742508659316,391.35847073024684,29.419394815903086,57.871421026141824,17.188019994719667,4,4,3,891,5,0.7465277777777778,14.948436661386333,0.33175355450236965,ELECTRE-III,1
665,0103,0,1,"[11.473202357399325, -87.6310743342643]","[np.float64(13.06524529227469), np.float64(-88.86347709068579)]",2026-06-13 15:38:20,25.08756325407013,1,2.6913549278575806,221.96501110249747,17.73605968987548,55.96110590774847,14.188019994719667,2,2,2,1350,14,0.7465277777777778,10.455381105830778,1.0,ELECTRE-III,1
666,0010,0,1,"[10.87070197920239, -87.76147630589819]","[np.float64(9.278166332601291), np.float64(-84.83392999348334)]",2026-06-13 15:38:30,599.3030986900742,1,2.0134742508659316,366.1646100451948,27.816788401702656,57.90721121739269,23.188019994719667,4,4,3,891,5,0.746875,29.16301999471967,0.33175355450236965,ELECTRE-III,1
667,0103,0,1,"[10.87070197920239, -87.76147630589819]","[np.float64(13.06524529227469), np.float64(-88.86347709068579)]",2026-06-13 15:38:30,25.08756325407013,1,2.6913549278575806,271.8724027959304,21.392612223647095,55.99862755195394,21.188019994719667,2,2,2,1350,14,0.746875,13.719269994719667,1.0,ELECTRE-III,1
668,0010,0,1,"[10.268185379306178, -87.89151627750606]","[np.float64(9.278166332601291), np.float64(-84.83392999348334)]",2026-06-13 15:38:40,599.3030986900742,1,2.0134742508659316,352.670457044839,26.938342581315496,57.94299457845439,24.188019994719667,4,4,3,891,5,0.7472222222222222,25.68246443916411,0.33175355450236965,ELECTRE-III,1
669,0103,0,1,"[10.268185379306178, -87.89151627750606]","[np.float64(13.06524529227469), np.float64(-88.86347709068579)]",2026-06-13 15:38:40,25.08756325407013,1,2.6913549278575806,328.5323971972696,25.332388811528645,56.0361491961594,22.188019994719667,2,2,2,1350,14,0.7472222222222222,21.440797772497444,1.0,ELECTRE-III,1
670,0010,0,1,"[9.665655119031626, -88.0212215698446]","[np.float64(9.278166332601291), np.float64(-84.83392999348334)]",2026-06-13 15:38:50,599.3030986900742,1,2.0134742508659316,352.222617323822,26.908950094695054,57.97876427913775,19.188019994719667,4,4,3,891,5,0.7475694444444444,15.450172772497446,0.33175355450236965,ELECTRE-III,1
671,0103,0,1,"[9.665655119031626, -88.0212215698446]","[np.float64(13.06524529227469), np.float64(-88.86347709068579)]",2026-06-13 15:38:50,25.08756325407013,1,2.6913549278575806,389.00537319024266,29.27178460943104,56.0736640101757,20.188019994719667,2,2,2,1350,14,0.7475694444444444,15.702603328053002,1.0,ELECTRE-III,1
672,0010,0,1,"[9.063112905926028, -88.15060584329215]","[np.float64(9.278166332601291), np.float64(-84.83392999348334)]",2026-06-13 15:39:00,599.3030986900742,1,2.0134742508659316,364.86702582578533,27.732924584673277,58.01452714963194,25.188019994719667,4,4,3,891,5,0.7479166666666667,31.171353328053,0.33175355450236965,ELECTRE-III,1
673,0010,0,1,"[8.460559593763026, -88.2796964186054]","[np.float64(9.278166332601291), np.float64(-84.83392999348334)]",2026-06-13 15:39:10,599.3030986900742,1,2.0134742508659316,389.3295313800455,29.292144502630627,58.05028318993695,22.188019994719667,4,4,3,891,5,0.7482638888888888,21.439756105830778,0.33175355450236965,ELECTRE-III,1
674,0466,0,1,"[53.84952902017693, 62.662539181717314]","[np.float64(57.09960681636306), np.float64(60.62345453503075)]",2026-06-13 16:45:50,5.533175697574648,1,6.62192560419607,383.5168967611748,28.925830135256977,0.3187447848425288,23.06439963817758,4,4,3,996,10,0.8871527777777778,23.06439963817758,0.6907582938388626,ELECTRE-III,1
675,0466,0,1,"[54.44096193059751, 62.3717711985607]","[np.float64(57.09960681636306), np.float64(60.62345453503075)]",2026-06-13 16:46:00,5.533175697574648,1,6.62192560419607,315.1790453507838,24.425101697436883,0.305660036703062,18.06439963817758,4,4,3,996,10,0.8875,14.51439963817758,0.6907582938388626,ELECTRE-III,1
676,0059,0,1,"[55.03186891645199, 62.07370857337051]","[np.float64(54.82297473956941), np.float64(55.77283698318541)]",2026-06-13 16:46:10,296.4150594536251,1,6.966572981909802,403.12146532117356,30.150875888061478,0.5571287655618611,9.068078687398678,2,2,2,1184,12,0.8878472222222222,2.853148131843122,0.7902843601895735,ELECTRE-III,1
677,0466,0,1,"[55.03186891645199, 62.07370857337051]","[np.float64(57.09960681636306), np.float64(60.62345453503075)]",2026-06-13 16:46:10,5.533175697574648,1,6.62192560419607,246.90347361623984,19.58396646950308,0.29259831377161755,15.06439963817758,4,4,3,996,10,0.8878472222222222,17.727941304844247,0.6907582938388626,ELECTRE-III,1
678,0059,0,1,"[55.62222607207829, 61.76796881555323]","[np.float64(54.82297473956941), np.float64(55.77283698318541)]",2026-06-13 16:46:20,296.4150594536251,1,6.966572981909802,390.35069582975285,29.356229277628447,0.5419762043315993,14.068078687398678,2,2,2,1184,12,0.8881944444444444,6.074328687398679,0.7902843601895735,ELECTRE-III,1
679,0466,0,1,"[55.62222607207829, 61.76796881555323]","[np.float64(57.09960681636306), np.float64(60.62345453503075)]",2026-06-13 16:46:20,5.533175697574648,1,6.62192560419607,178.75957628626426,14.44419060964771,0.2795597227699012,14.06439963817758,4,4,3,996,10,0.8881944444444444,12.288010749288691,0.6907582938388626,ELECTRE-III,1
680,0059,0,1,"[56.212002661625135, 61.45414894394783]","[np.float64(54.82297473956941), np.float64(55.77283698318541)]",2026-06-13 16:46:30,296.4150594536251,1,6.966572981909802,389.43354125897525,29.298675488815746,0.5268489361456078,8.068078687398678,2,2,2,1184,12,0.8885416666666667,5.402453687398678,0.7902843601895735,ELECTRE-III,1
681,0466,0,1,"[56.212002661625135, 61.45414894394783]","[np.float64(57.09960681636306), np.float64(60.62345453503075)]",2026-06-13 16:46:30,5.533175697574648,1,6.62192560419607,110.98885902758367,9.086160126940925,0.2665442370174866,15.06439963817758,4,4,3,996,10,0.8885416666666667,16.841482971510914,0.6907582938388626,ELECTRE-III,1
682,0059,0,1,"[56.80116794924126, 61.1318391472041]","[np.float64(54.82297473956941), np.float64(55.77283698318541)]",2026-06-13 16:46:40,296.4150594536251,1,6.966572981909802,400.45252527298993,29.98584566346615,0.5117471210864452,10.068078687398678,2,2,2,1184,12,0.8888888888888888,14.512523131843123,0.7902843601895735,ELECTRE-III,1
683,0466,0,1,"[56.80116794924126, 61.1318391472041]","[np.float64(57.09960681636306), np.float64(60.62345453503075)]",2026-06-13 16:46:40,5.533175697574648,1,6.62192560419607,45.295374340937144,3.734233596538833,0.2535519632360794,19.06439963817758,4,4,3,996,10,0.8888888888888888,26.17551074928869,0.6907582938388626,ELECTRE-III,1
684,0466,0,1,"[57.389687783980825, 60.800561312080134]","[np.float64(57.09960681636306), np.float64(60.62345453503075)]",2026-06-13 16:46:50,5.533175697574648,1,6.62192560419607,33.96988342442906,2.8022748918861984,0.24058295478653258,20.06439963817758,4,4,3,996,10,0.8892361111111111,19.17516352706647,0.6907582938388626,ELECTRE-III,1
685,0466,0,1,"[57.977521184708806, 60.45984415552322]","[np.float64(57.09960681636306), np.float64(60.62345453503075)]",2026-06-13 16:47:00,5.533175697574648,1,6.62192560419607,98.10682570141607,8.046262089750533,0.2276372116688461,22.06439963817758,4,4,3,996,10,0.8895833333333333,14.05814963817758,0.6907582938388626,ELECTRE-III,1
686,0466,0,1,"[58.564637415573934, 60.10914809258892]","[np.float64(57.09960681636306), np.float64(60.62345453503075)]",2026-06-13 16:47:10,5.533175697574648,1,6.62192560419607,165.723779437945,13.430438098173388,0.21471482726451255,18.06439963817758,4,4,3,996,10,0.8899305555555556,11.834885749288691,0.6907582938388626,ELECTRE-III,1
687,0466,0,1,"[59.15099549544119, 59.74791987795445]","[np.float64(57.09960681636306), np.float64(60.62345453503075)]",2026-06-13 16:47:20,5.533175697574648,1,6.62192560419607,233.82051707032215,18.61955462915342,0.20181584159417157,17.06439963817758,4,4,3,996,10,0.8902777777777777,10.832455193733136,0.6907582938388626,ELECTRE-III,1
688,0466,0,1,"[59.73653395260804, 59.37555845497287]","[np.float64(57.09960681636306), np.float64(60.62345453503075)]",2026-06-13 16:47:30,5.533175697574648,1,6.62192560419607,302.07059307136143,23.521576220991456,0.18894029467846285,15.06439963817758,4,4,3,996,10,0.890625,8.83002463817758,0.6907582938388626,ELECTRE-III,1
689,0466,0,1,"[60.32122546631781, 58.99141495567301]","[np.float64(57.09960681636306), np.float64(60.62345453503075)]",2026-06-13 16:47:40,5.533175697574648,1,6.62192560419607,370.39026724039417,28.08899904266954,0.17608825321845248,14.06439963817758,4,4,3,996,10,0.8909722222222223,14.955371860399802,0.6907582938388626,ELECTRE-III,1
690,0263,0,1,"[43.7765538624443, -103.89377523863217]","[np.float64(40.33709396384561), np.float64(-104.2016485672987)]",2026-06-13 17:08:00,155.87932703640388,1,3.1390346628492587,383.2938846973713,28.91172389023904,61.428651847776166,18.311640351261754,1,1,1,1486,5,0.9333333333333333,23.911640351261752,0.33175355450236965,ELECTRE-III,1
691,0263,0,1,"[43.17888157421692, -104.0977383476271]","[np.float64(40.33709396384561), np.float64(-104.2016485672987)]",2026-06-13 17:08:10,155.87932703640388,1,3.1390346628492587,316.11025612728844,24.488803834747806,61.4565463403465,22.311640351261754,1,1,1,1486,5,0.9336805555555555,12.9748347957062,0.33175355450236965,ELECTRE-III,1
692,0333,0,1,"[43.17888157421692, -104.0977383476271]","[np.float64(39.80394266104254), np.float64(-105.3320988949999)]",2026-06-13 17:08:10,888.6050453254903,2,3.1172633748303724,389.0916535359597,29.27720454188713,60.93366120843618,19.93710023241439,1,1,1,614,9,0.9336805555555555,26.47286412130328,0.6528436018957346,ELECTRE-III,1
693,0263,0,1,"[42.580987304841514, -104.29855956960381]","[np.float64(40.33709396384561), np.float64(-104.2016485672987)]",2026-06-13 17:08:20,155.87932703640388,1,3.1390346628492587,249.64051344897723,19.78429520118469,61.48443400272766,14.311640351261754,1,1,1,1486,5,0.9340277777777778,17.113723684595087,0.33175355450236965,ELECTRE-III,1
694,0333,0,1,"[42.580987304841514, -104.29855956960381]","[np.float64(39.80394266104254), np.float64(-105.3320988949999)]",2026-06-13 17:08:20,888.6050453254903,2,3.1172633748303724,320.6673938495827,24.799617256202467,60.962361663328565,17.93710023241439,1,1,1,614,9,0.9340277777777778,10.46487801019217,0.6528436018957346,ELECTRE-III,1
695,0263,0,1,"[41.982884714696425, -104.49635501777821]","[np.float64(40.33709396384561), np.float64(-104.2016485672987)]",2026-06-13 17:08:30,155.87932703640388,1,3.1390346628492587,184.65902835977138,14.899992770739072,61.512308004730485,16.311640351261754,1,1,1,1486,5,0.934375,17.246015351261754,0.33175355450236965,ELECTRE-III,1
696,0333,0,1,"[41.982884714696425, -104.49635501777821]","[np.float64(39.80394266104254), np.float64(-105.3320988949999)]",2026-06-13 17:08:30,888.6050453254903,2,3.1172633748303724,252.26224910065974,19.975713334080925,60.99104845784262,20.93710023241439,1,1,1,614,9,0.934375,20.93710023241439,0.6528436018957346,ELECTRE-III,1
697,0263,0,1,"[41.38458063397082, -104.69124080536618]","[np.float64(40.33709396384561), np.float64(-104.2016485672987)]",2026-06-13 17:08:40,155.87932703640388,1,3.1390346628492587,123.53779413059192,10.093403496775217,61.540161516165796,13.311640351261754,1,1,1,1486,5,0.9347222222222222,8.638029240150644,0.33175355450236965,ELECTRE-III,1
698,0333,0,1,"[41.38458063397082, -104.69124080536618]","[np.float64(39.80394266104254), np.float64(-105.3320988949999)]",2026-06-13 17:08:40,888.6050453254903,2,3.1172633748303724,183.89841567399677,14.841333421952005,61.01972159197833,16.93710023241439,1,1,1,614,9,0.9347222222222222,16.93710023241439,0.6528436018957346,ELECTRE-III,1
699,0263,0,1,"[40.78607847775928, -104.88332621539445]","[np.float64(40.33709396384561), np.float64(-104.2016485672987)]",2026-06-13 17:08:50,155.87932703640388,1,3.1390346628492587,76.21338041058021,6.266969704411611,61.56800819741194,22.311640351261754,1,1,1,1486,5,0.9350694444444444,13.896015351261754,0.33175355450236965,ELECTRE-III,1
700,0333,0,1,"[40.78607847775928, -104.88332621539445]","[np.float64(39.80394266104254), np.float64(-105.3320988949999)]",2026-06-13 17:08:50,888.6050453254903,2,3.1172633748303724,115.65057901856905,9.461029923544288,61.04838106573571,15.93710023241439,1,1,1,614,9,0.9350694444444444,9.39161412130328,0.6528436018957346,ELECTRE-III,1
701,0263,0,1,"[40.187391906440155, -105.0727273610789]","[np.float64(40.33709396384561), np.float64(-104.2016485672987)]",2026-06-13 17:09:00,155.87932703640388,1,3.1390346628492587,75.76399585639508,6.230308599953692,61.59583438809057,13.311640351261754,1,1,1,1486,5,0.9354166666666667,5.828307017928421,0.33175355450236965,ELECTRE-III,1
702,0333,0,1,"[40.187391906440155, -105.0727273610789]","[np.float64(39.80394266104254), np.float64(-105.3320988949999)]",2026-06-13 17:09:00,888.6050453254903,2,3.1172633748303724,48.02232481830718,3.958353914903773,61.07702687911474,22.93710023241439,1,1,1,614,9,0.9354166666666667,19.195433565747724,0.6528436018957346,ELECTRE-III,1
703,0263,0,1,"[39.58852775020261, -105.2595466952571]","[np.float64(40.33709396384561), np.float64(-104.2016485672987)]",2026-06-13 17:09:10,155.87932703640388,1,3.1390346628492587,122.70684451998761,10.026894646723685,61.62364691839086,19.311640351261754,1,1,1,1486,5,0.9357638888888888,19.311640351261754,0.33175355450236965,ELECTRE-III,1
704,0333,0,1,"[39.58852775020261, -105.2595466952571]","[np.float64(39.80394266104254), np.float64(-105.3320988949999)]",2026-06-13 17:09:10,888.6050453254903,2,3.1172633748303724,24.7443333859833,2.041996477906299,61.105665862304605,17.93710023241439,1,1,1,614,9,0.9357638888888888,9.51522523241439,0.6528436018957346,ELECTRE-III,1
705,0263,0,1,"[38.989489424141226, -105.44387301038823]","[np.float64(40.33709396384561), np.float64(-104.2016485672987)]",2026-06-13 17:09:20,155.87932703640388,1,3.1390346628492587,183.7364222712313,14.82883618276705,61.65144578831281,16.311640351261754,1,1,1,1486,5,0.9361111111111111,16.311640351261754,0.33175355450236965,ELECTRE-III,1
706,0333,0,1,"[38.989489424141226, -105.44387301038823]","[np.float64(39.80394266104254), np.float64(-105.3320988949999)]",2026-06-13 17:09:20,888.6050453254903,2,3.1172633748303724,91.07104441976543,7.475994757131153,61.13428435492696,16.93710023241439,1,1,1,614,9,0.9361111111111111,22.553766899081058,0.6528436018957346,ELECTRE-III,1
707,0263,0,1,"[38.39028717353976, -105.62580192912068]","[np.float64(40.33709396384561), np.float64(-104.2016485672987)]",2026-06-13 17:09:30,155.87932703640388,1,3.1390346628492587,248.6900059699801,19.714782712364784,61.67923099785643,20.311640351261754,1,1,1,1486,5,0.9364583333333333,24.057473684595088,0.33175355450236965,ELECTRE-III,1
708,0333,0,1,"[38.39028717353976, -105.62580192912068]","[np.float64(39.80394266104254), np.float64(-105.3320988949999)]",2026-06-13 17:09:30,888.6050453254903,2,3.1172633748303724,159.22145872982222,12.921510645099405,61.16289601736014,18.93710023241439,1,1,1,614,9,0.9364583333333333,27.36522523241439,0.6528436018957346,ELECTRE-III,1
709,0263,0,1,"[37.790927828587385, -105.80542224391368]","[np.float64(40.33709396384561), np.float64(-104.2016485672987)]",2026-06-13 17:09:40,155.87932703640388,1,3.1390346628492587,315.1508705582237,24.423173316198053,61.70699571683253,18.311640351261754,1,1,1,1486,5,0.9368055555555556,25.806084795706198,0.33175355450236965,ELECTRE-III,1
710,0333,0,1,"[37.790927828587385, -105.80542224391368]","[np.float64(39.80394266104254), np.float64(-105.3320988949999)]",2026-06-13 17:09:40,888.6050453254903,2,3.1172633748303724,227.56363003928834,18.154394055271997,61.19148718922582,22.93710023241439,1,1,1,614,9,0.9368055555555556,17.316266899081057,0.6528436018957346,ELECTRE-III,1
711,0263,0,1,"[37.1914113892841, -105.98282274722642]","[np.float64(40.33709396384561), np.float64(-104.2016485672987)]",2026-06-13 17:09:50,155.87932703640388,1,3.1390346628492587,382.33475622881224,28.85101212823141,61.73474677543029,15.311640351261754,1,1,1,1486,5,0.9371527777777777,5.940112573483978,0.33175355450236965,ELECTRE-III,1
712,0333,0,1,"[37.1914113892841, -105.98282274722642]","[np.float64(39.80394266104254), np.float64(-105.3320988949999)]",2026-06-13 17:09:50,888.6050453254903,2,3.1172633748303724,295.9659854693874,23.096500396121385,61.22007153090232,23.93710023241439,1,1,1,614,9,0.9371527777777777,19.2513363435255,0.6528436018957346,ELECTRE-III,1
713,0333,0,1,"[36.591751516008244, -106.15808540132895]","[np.float64(39.80394266104254), np.float64(-105.3320988949999)]",2026-06-13 17:10:00,888.6050453254903,2,3.1172633748303724,364.39459916153226,27.702359200287834,61.24864221220048,15.93710023241439,1,1,1,614,9,0.9375,8.43710023241439,0.6528436018957346,ELECTRE-III,1
714,0288,0,1,"[32.9910192195501, -107.1688714362208]","[np.float64(32.87905166861539), np.float64(-111.5128156663038)]",2026-06-13 17:11:00,372.0694883031392,1,4.227052981208375,405.5593718012467,30.301139496401063,58.82294833979464,8.93710023241439,3,3,3,746,10,0.9395833333333333,9.876683565747724,0.6907582938388626,ELECTRE-III,1
715,0288,0,1,"[32.39047825187131, -107.33117722146781]","[np.float64(32.87905166861539), np.float64(-111.5128156663038)]",2026-06-13 17:11:10,372.0694883031392,1,4.227052981208375,395.2925246417448,29.665223476962243,58.85746811585989,9.93710023241439,3,3,3,746,10,0.9399305555555556,13.696822454636614,0.6907582938388626,ELECTRE-III,1
716,0288,0,1,"[31.789834831354973, -107.49188474244905]","[np.float64(32.87905166861539), np.float64(-111.5128156663038)]",2026-06-13 17:11:20,372.0694883031392,1,4.227052981208375,396.6863319177307,29.752031980946473,58.89198789192513,15.93710023241439,3,3,3,746,10,0.9402777777777778,18.757933565747724,0.6907582938388626,ELECTRE-III,1
717,0075,0,1,"[29.987300098064416, -107.96499145568832]","[np.float64(27.09116414667865), np.float64(-109.4127318698908)]",2026-06-13 17:11:50,481.43675823274424,1,2.1213887702306735,351.7083876874222,26.875181438095357,61.32604191587507,17.93710023241439,4,4,3,819,13,0.9413194444444445,23.585016899081058,0.8566350710900474,ELECTRE-III,1
718,0283,1,1,"[29.987300098064416, -107.96499145568832]","[np.float64(26.87769369263977), np.float64(-105.8612376757188)]",2026-06-13 17:11:50,603.807125989499,1,2.7072967064909133,402.3122275597858,30.100895928705643,64.493924634062,17.43526070780384,3,3,3,1496,12,0.9413194444444445,14.611302374470508,0.7902843601895735,ELECTRE-III,1
718,0283,1,1,"[29.987300098064416, -107.96499145568832]","[np.float64(26.87769369263977), np.float64(-105.8612376757188)]",2026-06-13 17:11:50,603.807125989499,1,2.7072967064909133,402.3122275597858,30.100895928705643,64.493924634062,17.43526070780384,3,3,3,1496,12,0.9413194444444445,14.611302374470508,0.7902843601895735,ELECTRE-III,1
719,0075,0,1,"[29.38626735676539, -108.11986599511836]","[np.float64(27.09116414667865), np.float64(-109.4127318698908)]",2026-06-13 17:12:00,481.43675823274424,1,2.1213887702306735,284.8953957740597,22.318743242067367,61.36311618268989,10.93710023241439,4,4,3,819,13,0.9416666666666667,19.41210023241439,0.8566350710900474,ELECTRE-III,1
720,0283,1,1,"[29.38626735676539, -108.11986599511836]","[np.float64(26.87769369263977), np.float64(-105.8612376757188)]",2026-06-13 17:12:00,603.807125989499,1,2.7072967064909133,356.15297272549674,27.166383124540783,64.5310535423902,19.43526070780384,3,3,3,1496,12,0.9416666666666667,11.901927374470509,0.7902843601895735,ELECTRE-III,1
721,0075,0,1,"[28.785149238101738, -108.27340864766025]","[np.float64(27.09116414667865), np.float64(-109.4127318698908)]",2026-06-13 17:12:10,481.43675823274424,1,2.1213887702306735,219.10126412359955,17.52131688239761,61.40019044950473,13.93710023241439,4,4,3,819,13,0.9420138888888889,6.4009891213032795,0.8566350710900474,ELECTRE-III,1
722,0283,1,1,"[28.785149238101738, -108.27340864766025]","[np.float64(26.87769369263977), np.float64(-105.8612376757188)]",2026-06-13 17:12:10,603.807125989499,1,2.7072967064909133,318.1766951020867,24.629934204998264,64.5681756205292,16.43526070780384,3,3,3,1496,12,0.9420138888888889,19.26130237447051,0.7902843601895735,ELECTRE-III,1
723,0075,0,1,"[28.183947449620753, -108.42566722463816]","[np.float64(27.09116414667865), np.float64(-109.4127318698908)]",2026-06-13 17:12:20,481.43675823274424,1,2.1213887702306735,155.62445547862663,12.639079187998918,61.437271546508725,17.93710023241439,4,4,3,819,13,0.9423611111111111,20.764183565747725,0.8566350710900474,ELECTRE-III,1
724,0283,1,1,"[28.183947449620753, -108.42566722463816]","[np.float64(26.87769369263977), np.float64(-105.8612376757188)]",2026-06-13 17:12:20,603.807125989499,1,2.7072967064909133,291.5975996325723,22.790658274221006,64.6053045288574,19.43526070780384,3,3,3,1496,12,0.9423611111111111,25.08942737447051,0.7902843601895735,ELECTRE-III,1
724,0283,1,1,"[28.183947449620753, -108.42566722463816]","[np.float64(26.87769369263977), np.float64(-105.8612376757188)]",2026-06-13 17:12:20,603.807125989499,1,2.7072967064909133,291.5975996325723,22.790658274221006,64.6053045288574,19.43526070780384,3,3,3,1496,12,0.9423611111111111,25.08942737447051,0.7902843601895735,ELECTRE-III,1
725,0075,0,1,"[27.582663698869727, -108.57668953737631]","[np.float64(27.09116414667865), np.float64(-109.4127318698908)]",2026-06-13 17:12:30,481.43675823274424,1,2.1213887702306735,99.02788143253296,8.12079973142832,61.47434581332355,12.93710023241439,4,4,3,819,13,0.9427083333333334,6.338141899081057,0.8566350710900474,ELECTRE-III,1
726,0283,1,1,"[27.582663698869727, -108.57668953737631]","[np.float64(26.87769369263977), np.float64(-105.8612376757188)]",2026-06-13 17:12:30,603.807125989499,1,2.7072967064909133,279.68373985721956,21.949558338439193,64.64243343718559,21.43526070780384,3,3,3,1496,12,0.9427083333333334,16.721719041137174,0.7902843601895735,ELECTRE-III,1
726,0283,1,1,"[27.582663698869727, -108.57668953737631]","[np.float64(26.87769369263977), np.float64(-105.8612376757188)]",2026-06-13 17:12:30,603.807125989499,1,2.7072967064909133,279.68373985721956,21.949558338439193,64.64243343718559,21.43526070780384,3,3,3,1496,12,0.9427083333333334,16.721719041137174,0.7902843601895735,ELECTRE-III,1
727,0075,0,1,"[26.98130310849054, -108.72651656700971]","[np.float64(27.09116414667865), np.float64(-109.4127318698908)]",2026-06-13 17:12:40,481.43675823274424,1,2.1213887702306735,69.05425418930669,5.682330017523867,61.511420080138386,17.93710023241439,4,4,3,819,13,0.9430555555555555,9.44960023241439,0.8566350710900474,ELECTRE-III,1
728,0283,1,1,"[26.98130310849054, -108.72651656700971]","[np.float64(26.87769369263977), np.float64(-105.8612376757188)]",2026-06-13 17:12:40,603.807125989499,1,2.7072967064909133,284.2842358377631,22.275549968549317,64.67955551532461,20.43526070780384,3,3,3,1496,12,0.9430555555555555,17.606094041137176,0.7902843601895735,ELECTRE-III,1
728,0283,1,1,"[26.98130310849054, -108.72651656700971]","[np.float64(26.87769369263977), np.float64(-105.8612376757188)]",2026-06-13 17:12:40,603.807125989499,1,2.7072967064909133,284.2842358377631,22.275549968549317,64.67955551532461,20.43526070780384,3,3,3,1496,12,0.9430555555555555,17.606094041137176,0.7902843601895735,ELECTRE-III,1
729,0075,0,1,"[26.379869093577774, -108.87518929467339]","[np.float64(27.09116414667865), np.float64(-109.4127318698908)]",2026-06-13 17:12:50,481.43675823274424,1,2.1213887702306735,95.42115484916317,7.82876494938083,61.54849434695321,9.93710023241439,4,4,3,819,13,0.9434027777777778,7.106891899081058,0.8566350710900474,ELECTRE-III,1
730,0283,1,1,"[26.379869093577774, -108.87518929467339]","[np.float64(26.87769369263977), np.float64(-105.8612376757188)]",2026-06-13 17:12:50,603.807125989499,1,2.7072967064909133,304.65112069804616,23.700444369954564,64.71667759346363,17.43526070780384,3,3,3,1496,12,0.9434027777777778,24.039080152248285,0.7902843601895735,ELECTRE-III,1
731,0075,0,1,"[25.77836165413143, -109.02275553169152]","[np.float64(27.09116414667865), np.float64(-109.4127318698908)]",2026-06-13 17:13:00,481.43675823274424,1,2.1213887702306735,151.0527986851651,12.279217813686964,61.58557544395721,10.93710023241439,4,4,3,819,13,0.94375,13.768350232414392,0.8566350710900474,ELECTRE-III,1
732,0283,1,1,"[25.77836165413143, -109.02275553169152]","[np.float64(26.87769369263977), np.float64(-105.8612376757188)]",2026-06-13 17:13:00,603.807125989499,1,2.7072967064909133,337.94589341719137,25.96393956275783,64.75380650179181,18.43526070780384,3,3,3,1496,12,0.94375,18.43526070780384,0.7902843601895735,ELECTRE-III,1
733,0075,0,1,"[25.176787620340683, -109.16925625919912]","[np.float64(27.09116414667865), np.float64(-109.4127318698908)]",2026-06-13 17:13:10,481.43675823274424,1,2.1213887702306735,214.2521488822914,17.156538658919953,61.62264971077204,17.93710023241439,4,4,3,819,13,0.9440972222222223,8.496128010192168,0.8566350710900474,ELECTRE-III,1
734,0283,1,1,"[25.176787620340683, -109.16925625919912]","[np.float64(26.87769369263977), np.float64(-105.8612376757188)]",2026-06-13 17:13:10,603.807125989499,1,2.7072967064909133,380.79203117744885,28.75321048749934,64.79092857993083,18.43526070780384,3,3,3,1496,12,0.9440972222222223,16.547066263359397,0.7902843601895735,ELECTRE-III,1
735,0075,0,1,"[24.575148699752816, -109.31471879795288]","[np.float64(27.09116414667865), np.float64(-109.4127318698908)]",2026-06-13 17:13:20,481.43675823274424,1,2.1213887702306735,279.9404211880151,21.967786464595047,61.65972397758687,16.93710023241439,4,4,3,819,13,0.9444444444444444,16.93710023241439,0.8566350710900474,ELECTRE-III,1
736,0075,0,1,"[23.97344659991513, -109.45919095927698]","[np.float64(27.09116414667865), np.float64(-109.4127318698908)]",2026-06-13 17:13:30,481.43675823274424,1,2.1213887702306735,346.70618948223336,26.545642585464307,61.6967982444017,14.93710023241439,4,4,3,819,13,0.9447916666666667,22.495433565747724,0.8566350710900474,ELECTRE-III,1
