ID,acquired,reachable,request location,day,area,stereo,strips,duration,priority,priority mod,customer type mod,price,waiting time
0001,0,0,"[np.float64(15.44710738380311), np.float64(44.26004359952731)]",0,109.91413755877365,0,1,5.02172918653239,1,1,1,530,4
0002,0,0,"[np.float64(28.5374291168838), np.float64(121.4051091053946)]",0,684.513545731206,0,1,3.655392901531087,2,2,2,630,4
0003,0,0,"[np.float64(15.25554538800106), np.float64(44.20906438490839)]",0,143.85455364424334,0,1,3.1598839834712873,1,1,1,1227,8
0004,0,0,"[np.float64(23.14121532982099), np.float64(109.4723082068887)]",0,668.030063944765,0,1,6.167146980713458,4,4,3,1026,11
0005,0,0,"[np.float64(46.64604914512537), np.float64(-96.85205387171732)]",0,648.3163406005037,0,1,5.218287714664618,2,2,2,937,7
0006,0,0,"[np.float64(33.29993996705694), np.float64(120.0653702399933)]",0,810.4381959795929,0,2,5.623993573972649,4,4,3,825,8
0007,0,0,"[np.float64(42.51535800509554), np.float64(-88.11404510604852)]",0,140.4150499590008,0,1,6.530760736004787,2,2,2,766,7
0008,0,0,"[np.float64(37.49501624267489), np.float64(126.9636998961576)]",0,783.696668360302,0,2,6.355420785589358,3,3,3,785,10
0009,0,0,"[np.float64(-37.98511373976093), np.float64(144.8023654266634)]",0,999.2772494202908,0,2,2.260179801009362,2,2,2,790,3
0010,0,0,"[np.float64(-20.9452415423945), np.float64(-39.87658613409322)]",0,851.1914061373162,0,2,6.815431431770169,2,2,2,867,9
0011,0,0,"[np.float64(15.47525884532039), np.float64(45.32755468956115)]",0,752.0602642513386,0,2,5.196219842310269,2,2,2,985,12
0012,0,0,"[np.float64(41.70645915018596), np.float64(124.027445781214)]",0,662.5031893400129,1,1,4.350251184888636,2,2,2,1054,7
0013,0,0,"[np.float64(8.199430916173435), np.float64(3.862258611990478)]",0,422.359703200744,0,1,5.225116557608422,2,2,2,1456,5
0014,0,0,"[np.float64(-22.62510280287139), np.float64(-44.23792260937919)]",0,730.7696677237107,0,2,5.67470869074395,3,3,3,667,7
0015,0,0,"[np.float64(-23.56518405801522), np.float64(-51.98307639178967)]",0,724.4538571053127,0,2,2.897037859242782,2,2,2,1360,7
0016,0,0,"[np.float64(43.91490960717124), np.float64(42.64983607990089)]",0,631.8667844046009,0,1,4.50449237195867,4,4,3,970,13
0017,0,0,"[np.float64(30.24142858877975), np.float64(-92.09430456274008)]",0,796.4820999195306,0,2,4.013517261129103,2,2,2,1437,11
0018,0,0,"[np.float64(15.41616124374659), np.float64(44.13402438967724)]",0,449.3151245384079,0,1,4.102453668908231,2,2,2,1266,4
0019,0,0,"[np.float64(15.50102070048514), np.float64(45.41931108805838)]",0,122.13145942025825,0,1,2.5480096304438495,4,4,3,669,9
0020,0,0,"[np.float64(-20.36284793492202), np.float64(-45.1790639650761)]",0,559.5086598816282,1,1,2.9590609280013824,1,1,1,1386,6
0021,0,0,"[np.float64(15.2923887388045), np.float64(44.23330739673958)]",0,265.7784851826313,0,1,2.970992405517328,1,1,1,1270,12
0022,0,0,"[np.float64(15.33773021701839), np.float64(45.35980875740124)]",0,385.04866433172106,0,1,4.239348459329887,3,3,3,845,11
0023,0,0,"[np.float64(15.44841794852723), np.float64(44.23955214470566)]",0,18.397489037284796,0,1,7.3669492692487495,2,2,2,577,12
0024,0,0,"[np.float64(29.85373050090917), np.float64(76.57066264344505)]",0,383.40779732996543,0,1,3.236164231525656,2,2,2,1350,5
0025,0,0,"[np.float64(38.0981298496823), np.float64(114.7840926234124)]",0,808.9923050293191,0,2,4.497155046048827,1,1,1,584,14
0026,0,0,"[np.float64(38.3827005829648), np.float64(68.18890027972762)]",0,543.1796445713165,0,1,3.869656491794827,2,2,2,1391,3
0027,0,0,"[np.float64(36.97413957507529), np.float64(-121.5050836286777)]",0,10.790726407037072,0,1,6.724299875308029,3,3,3,1160,11
0028,0,0,"[np.float64(32.80192602877609), np.float64(-114.3971291144874)]",0,470.3739764196074,0,1,2.300758593924897,4,4,3,700,2
0029,0,0,"[np.float64(36.99985015043436), np.float64(140.8774749195777)]",0,292.160195997762,0,1,3.1792603732153424,2,2,2,1088,14
0030,0,0,"[np.float64(-26.8592693289089), np.float64(28.26396085930078)]",0,478.07310474177393,0,1,3.2638492541287665,4,4,3,860,8
0031,0,0,"[np.float64(15.33116269973506), np.float64(45.33285451124696)]",0,405.28802872642916,1,1,7.957776801879388,3,3,3,1261,11
0032,0,0,"[np.float64(15.43738534112601), np.float64(45.3554338857392)]",0,932.0472403378241,0,2,5.424650107797822,1,1,1,1064,12
0033,0,0,"[np.float64(-0.7488865785869772), np.float64(8.806672166017098)]",0,42.136121664052794,0,1,2.833749586301109,3,3,3,1311,4
0034,0,0,"[np.float64(49.39746626958091), np.float64(25.67417751512134)]",0,683.9044232706503,0,1,3.633194835659393,3,3,3,801,4
0035,0,0,"[np.float64(15.44551533720978), np.float64(45.29543178188873)]",0,851.1755697054398,0,2,3.0069325647375456,3,3,3,792,4
0036,0,0,"[np.float64(-41.26103039007214), np.float64(174.6567039077751)]",0,959.2793460658249,0,2,2.747627417716688,3,3,3,793,11
0037,0,0,"[np.float64(-7.883129472432925), np.float64(111.0066871960472)]",0,178.4585903177516,1,1,6.783092170447356,4,4,3,608,13
0038,0,0,"[np.float64(0.3419872878764226), np.float64(109.0756993326132)]",0,531.7734971642277,1,1,4.974515771962129,3,3,3,864,14
0039,0,0,"[np.float64(31.61508998319566), np.float64(76.36301714772586)]",0,44.5459877398947,0,1,5.787260821092688,3,3,3,1099,4
0040,0,0,"[np.float64(35.82731604889249), np.float64(119.2532324457184)]",0,499.6843409306334,0,1,3.987507481951976,3,3,3,1177,3
0041,0,0,"[np.float64(15.33382363567857), np.float64(45.34996871934877)]",0,126.33263145144093,0,1,5.322170516403976,3,3,3,993,7
0042,0,0,"[np.float64(15.39400762021195), np.float64(44.19416528213512)]",0,838.0587780240147,0,2,3.5454141951421825,4,4,3,766,11
0043,0,0,"[np.float64(51.77756094121269), np.float64(55.04334076693798)]",0,114.75613260275948,0,1,3.848217649569409,3,3,3,592,4
0044,0,0,"[np.float64(36.50951659811625), np.float64(116.3066865668232)]",0,513.7750720261088,0,1,5.913427666200398,1,1,1,1184,2
0045,0,0,"[np.float64(3.492816268199014), np.float64(-74.44485014416901)]",0,521.574972923761,1,1,2.9021007555153817,3,3,3,563,11
0046,0,0,"[np.float64(15.39795142050328), np.float64(45.43363535125201)]",0,971.6788474336738,0,2,5.703331155004771,3,3,3,927,14
0047,0,0,"[np.float64(22.46236005476032), np.float64(110.704439921955)]",0,655.3257133448493,0,1,7.113408898538763,2,2,2,1137,14
0048,0,0,"[np.float64(15.4623409172149), np.float64(45.27498769000361)]",0,288.55245278372513,0,1,2.7225393570846146,2,2,2,867,10
0049,0,0,"[np.float64(44.41139282978252), np.float64(39.91154998747761)]",0,241.55851062820034,0,1,7.384767683419874,2,2,2,1241,7
0050,0,0,"[np.float64(15.42347600650044), np.float64(44.18917617642466)]",0,129.11995743941984,0,1,2.47667408179337,3,3,3,604,7
0051,0,0,"[np.float64(15.39682058421973), np.float64(45.25249442884906)]",0,756.7582093250104,0,2,4.093455361735238,1,1,1,708,11
0052,0,0,"[np.float64(27.28931004978625), np.float64(94.66322673795577)]",0,691.0658995261563,0,1,5.663055891427968,1,1,1,1073,10
0053,0,0,"[np.float64(51.79838485479233), np.float64(7.007195754073346)]",0,610.2672501807979,0,1,5.356488560711221,2,2,2,1251,3
0054,0,0,"[np.float64(18.15513185517254), np.float64(105.7144859139117)]",0,41.79960250703835,0,1,2.5783464349666008,2,2,2,973,11
0055,0,0,"[np.float64(-16.76925776354785), np.float64(-44.07095890846345)]",0,763.0660375279002,0,2,6.793479006715119,3,3,3,560,10
0056,0,0,"[np.float64(38.08296012724056), np.float64(-121.809664023644)]",0,642.2456895713308,0,1,7.8389197588715165,1,1,1,845,13
0057,0,0,"[np.float64(55.02482225295105), np.float64(25.63956112566773)]",0,963.9249792423778,0,2,3.0873697351026204,1,1,1,511,4
0058,0,0,"[np.float64(34.22243599491631), np.float64(43.17629408823728)]",0,587.6149277469352,0,1,7.370785818892777,2,2,2,965,4
0059,0,0,"[np.float64(15.46311853036712), np.float64(45.27631853897353)]",0,304.64795475504644,0,1,5.340856652670503,1,1,1,1148,4
0060,0,0,"[np.float64(15.29172730173509), np.float64(44.20194770326404)]",0,382.1390316371309,0,1,7.615602627471964,2,2,2,694,2
0061,0,0,"[np.float64(22.00904801168815), np.float64(95.63600872125764)]",0,176.66486467285426,0,1,3.0565157505005667,2,2,2,573,11
0062,0,0,"[np.float64(15.36247669629258), np.float64(44.26976039011241)]",0,723.1912680191838,0,2,6.752128359076547,4,4,3,1374,8
0063,0,0,"[np.float64(-23.09589110424265), np.float64(-45.52362922911657)]",0,708.0139383617036,1,1,2.358689452671987,4,4,3,885,11
0064,0,0,"[np.float64(42.8970345492855), np.float64(-85.37987074196229)]",0,201.44936546219856,0,1,7.299178680816359,3,3,3,635,14
0065,0,0,"[np.float64(55.64321798038925), np.float64(12.16354832122793)]",0,159.33083385909632,0,1,6.0449565331978015,2,2,2,1383,8
0066,0,0,"[np.float64(50.18898985293143), np.float64(127.7501741483934)]",0,77.9279282689924,0,1,4.22152870353458,3,3,3,1054,3
0067,0,0,"[np.float64(-10.99600687603598), np.float64(27.61659912843299)]",0,912.0637679380768,0,2,3.142800940987101,4,4,3,1413,7
0068,0,0,"[np.float64(55.6916650213985), np.float64(73.82550891603077)]",0,233.83676386115627,0,1,6.899198591403229,1,1,1,935,5
0069,0,0,"[np.float64(38.89179125886753), np.float64(-73.82283052086814)]",0,344.81936322505214,0,1,5.619447928368869,4,4,3,538,12
0070,0,0,"[np.float64(15.30828002369227), np.float64(44.12723827269749)]",0,281.2240038691131,0,1,4.1624951176880085,4,4,3,1042,8
0071,0,0,"[np.float64(37.48327852593592), np.float64(-120.5383181473012)]",0,414.21097800818023,0,1,4.663014948815098,4,4,3,1153,8
0072,0,0,"[np.float64(23.90026569267277), np.float64(113.3390769456514)]",0,714.3347505831008,1,1,6.959255936434259,1,1,1,819,5
0073,0,0,"[np.float64(15.41434906562974), np.float64(44.25071440543049)]",0,870.7250380925582,0,2,4.033563160141206,4,4,3,1370,4
0074,0,0,"[np.float64(54.22715210850667), np.float64(53.2318476915534)]",0,183.41615077901162,0,1,2.5377960686595724,2,2,2,1364,8
0075,0,0,"[np.float64(36.09162021653922), np.float64(103.4635373339338)]",0,686.7259313974239,0,1,7.467693033220836,2,2,2,1488,10
0076,0,0,"[np.float64(61.88599621454934), np.float64(34.29573543686479)]",0,353.2095801002427,0,1,4.324062437948207,4,4,3,1055,5
0077,0,0,"[np.float64(-23.18056725063686), np.float64(-42.70330211205196)]",0,980.5466411289955,0,2,4.090325066691281,3,3,3,1199,7
0078,0,0,"[np.float64(17.65213607451746), np.float64(102.6669995678322)]",0,299.62024012479276,2,1,3.2263977132556363,3,3,3,852,8
0079,0,0,"[np.float64(-2.369268512506268), np.float64(104.0362639244141)]",0,8.185763051852103,0,1,7.384535427370073,1,1,1,1494,11
0080,0,0,"[np.float64(37.96387513344127), np.float64(-122.2152978804014)]",0,516.1243340458253,0,1,3.305032002127003,1,1,1,1013,4
0081,0,0,"[np.float64(15.26476666846275), np.float64(44.17025253344568)]",0,151.5803531916618,0,1,5.820037208008302,2,2,2,982,6
0082,0,0,"[np.float64(45.58912544425474), np.float64(4.286918855322799)]",0,45.4499323915807,0,1,7.284590069648617,2,2,2,915,13
0083,0,0,"[np.float64(23.89789253008878), np.float64(92.9068398127934)]",0,698.5709627157609,0,1,2.2094816876193044,4,4,3,1303,2
0084,0,0,"[np.float64(-25.07627411660518), np.float64(33.7321418934602)]",0,732.527023225948,0,2,6.972750231801174,3,3,3,1322,7
0085,0,0,"[np.float64(15.28101838547158), np.float64(44.11405310446448)]",0,461.238314103386,0,1,4.463596530138647,2,2,2,869,6
0086,0,0,"[np.float64(9.327999614295983), np.float64(-79.79432138199263)]",0,677.2086312398206,0,1,5.947847451591271,3,3,3,842,8
0087,0,0,"[np.float64(52.56086921316749), np.float64(10.02700097620163)]",0,538.7012087988868,0,1,4.234427379353324,1,1,1,1458,10
0088,0,0,"[np.float64(15.2948568596464), np.float64(44.15542867319083)]",0,630.1713066142097,0,1,6.1730975380849635,1,1,1,824,12
0089,0,0,"[np.float64(44.26200167255317), np.float64(125.3850799247808)]",0,597.1072692147733,1,1,3.525769487346195,4,4,3,866,5
0090,0,0,"[np.float64(36.69618111977547), np.float64(113.8564654257519)]",0,666.1569412915368,0,1,2.1315832546123774,4,4,3,835,10
0091,0,0,"[np.float64(29.27507257923314), np.float64(116.4343897648193)]",0,200.4310180244981,0,1,7.686725088727721,2,2,2,795,14
0092,0,0,"[np.float64(15.45339157258791), np.float64(44.2907873728432)]",0,269.4379134166635,0,1,2.0982065842404967,3,3,3,523,7
0093,0,0,"[np.float64(30.6291229233971), np.float64(-97.41965608906601)]",0,440.5231863581843,0,1,6.944595737801043,2,2,2,1384,6
0094,0,0,"[np.float64(55.14931047733401), np.float64(-1.225701160577773)]",0,446.6818814097672,0,1,3.0148255599348426,2,2,2,941,3
0095,0,0,"[np.float64(44.92658566264259), np.float64(-123.0066149884628)]",0,774.6372998753174,0,2,4.353321371612167,3,3,3,603,2
0096,0,0,"[np.float64(15.3985574153336), np.float64(44.14326956697845)]",0,368.0262655703025,0,1,6.934954259036335,2,2,2,911,9
0097,0,0,"[np.float64(10.63195197898269), np.float64(78.9167914142179)]",0,163.34265090312317,1,1,3.235592901874072,4,4,3,1073,13
0098,0,0,"[np.float64(-7.881543301858406), np.float64(112.3303904579622)]",0,252.2145045205848,1,1,7.1942456331502145,3,3,3,1164,13
0099,0,0,"[np.float64(36.00791372870079), np.float64(126.9302299144268)]",0,215.51876888184415,0,1,4.9865536346114085,3,3,3,1274,7
0100,0,0,"[np.float64(45.23236546562094), np.float64(27.9980149249)]",0,731.9283592367659,1,1,4.196920776303659,2,2,2,793,8
0101,0,0,"[np.float64(38.44610500679656), np.float64(125.4308827044795)]",0,470.8692750113561,0,1,5.974626480418017,3,3,3,1466,7
0102,0,0,"[np.float64(50.1189422399863), np.float64(15.55883485367527)]",0,708.9220672730124,0,1,4.048338331885745,4,4,3,1386,11
0103,0,0,"[np.float64(13.13403942517939), np.float64(-16.47274389980051)]",0,416.8034610768693,1,1,4.083730153978142,4,4,3,742,14
0104,0,0,"[np.float64(15.52039174071747), np.float64(45.34890724523489)]",0,889.8458669014012,0,2,6.401158345629819,1,1,1,841,8
0105,0,0,"[np.float64(15.35958252326206), np.float64(44.15336171965833)]",0,983.5367874150119,0,2,3.858993347234647,1,1,1,1353,10
0106,0,0,"[np.float64(13.21915457271215), np.float64(1.662502816400866)]",0,670.172666193909,1,1,3.204635890126551,1,1,1,1358,6
0107,0,0,"[np.float64(15.31028818778458), np.float64(44.22907013678215)]",0,863.9487446789826,0,2,6.845876767979433,1,1,1,1132,2
0108,0,0,"[np.float64(3.006216817858911), np.float64(113.2501840663102)]",0,508.4253339048906,0,1,6.83222620236339,2,2,2,1364,2
0109,0,0,"[np.float64(15.40784146127796), np.float64(44.19355823951757)]",0,934.686219513554,0,2,4.985514222241216,1,1,1,672,10
0110,0,0,"[np.float64(25.24491213164131), np.float64(82.96245616846963)]",0,831.7548991871552,0,2,5.15993369697773,1,1,1,915,6
0111,0,0,"[np.float64(15.30491132088474), np.float64(44.23463378468236)]",0,991.7867931942731,0,2,6.1764597546058315,1,1,1,602,14
0112,0,0,"[np.float64(1.512076687874904), np.float64(-75.65391733294877)]",0,623.4706415924528,0,1,5.055645750574601,1,1,1,659,14
0113,0,0,"[np.float64(13.66832618040448), np.float64(-6.126414619072909)]",0,779.4275335279603,0,2,4.502239753815395,2,2,2,756,12
0114,0,0,"[np.float64(37.8798823714036), np.float64(14.59517617890074)]",0,543.3252718382353,0,1,7.969365159780475,1,1,1,1213,14
0115,0,0,"[np.float64(26.6900983085824), np.float64(82.02390902942602)]",0,259.8609841671514,0,1,2.8858425671153536,3,3,3,1056,3
0116,0,0,"[np.float64(-19.82547323691054), np.float64(-43.24791686704562)]",0,355.400415958628,0,1,5.556367875439164,4,4,3,1075,4
0117,0,0,"[np.float64(-12.18679298318225), np.float64(-38.80341622107851)]",0,894.1114093165849,0,2,7.315178156453961,3,3,3,695,2
0118,0,0,"[np.float64(27.09116414667865), np.float64(-109.4127318698908)]",0,56.89199865202195,0,1,6.123290247086689,2,2,2,1488,7
0119,0,0,"[np.float64(15.38169027466278), np.float64(45.32118427775776)]",0,591.8884061883338,0,1,7.285539794529431,2,2,2,890,13
0120,0,0,"[np.float64(15.37334136395665), np.float64(45.41621112146088)]",0,373.1115484716046,0,1,4.018008322128035,2,2,2,1433,7
0121,0,0,"[np.float64(38.83818552755183), np.float64(-121.4029984303302)]",0,387.3058454675501,0,1,3.631957857561435,4,4,3,569,4
0122,0,0,"[np.float64(15.48301775269872), np.float64(74.25989105671438)]",0,884.6866352073536,0,2,7.107634321412628,1,1,1,1192,4
0123,0,0,"[np.float64(16.80390824277828), np.float64(82.23888283903709)]",0,853.9685521716804,0,2,4.364687457112764,2,2,2,1342,8
0124,0,0,"[np.float64(8.393387796179182), np.float64(125.2863501989723)]",0,599.2435331968962,0,1,6.258093938343867,1,1,1,746,2
0125,0,0,"[np.float64(15.45058864625564), np.float64(45.41256118734638)]",0,273.64592855692956,0,1,2.8864914704846854,2,2,2,828,6
0126,0,0,"[np.float64(15.57339131473214), np.float64(120.5051961950007)]",0,475.980889815862,1,1,6.5350287522600485,4,4,3,657,14
0127,0,0,"[np.float64(15.30576421984179), np.float64(44.13745461746743)]",0,408.88510039542683,0,1,5.293895894149216,3,3,3,1417,4
0128,0,0,"[np.float64(31.89826814435668), np.float64(35.54336482597846)]",0,354.2644111732928,0,1,3.611669839462765,3,3,3,1197,6
0129,0,0,"[np.float64(23.00288310135915), np.float64(87.69145921718217)]",0,103.68279297873913,0,1,4.96702378375343,4,4,3,1242,12
0130,0,0,"[np.float64(33.66885305719617), np.float64(72.986141167743)]",0,543.5707728286051,0,1,6.1816617550382205,1,1,1,1084,5
0131,0,0,"[np.float64(-24.10514475424264), np.float64(-42.74953765731617)]",0,302.52946657660914,0,1,2.0713184530843023,2,2,2,554,7
0132,0,0,"[np.float64(48.0544157086422), np.float64(33.23745700324086)]",0,661.1471349846009,0,1,5.8248023528847765,3,3,3,985,13
0133,0,0,"[np.float64(25.56539114408521), np.float64(56.00579791249965)]",0,319.8847318897052,0,1,5.249544669639646,4,4,3,742,10
0134,0,0,"[np.float64(34.19273216470663), np.float64(-117.5594519262509)]",0,431.7323296416669,0,1,3.3217170064803954,1,1,1,1313,3
0135,0,0,"[np.float64(45.50549700332417), np.float64(26.95675704549197)]",0,53.30801382021313,0,1,6.51788644385718,3,3,3,852,11
0136,0,0,"[np.float64(39.98850283481501), np.float64(66.48062609197798)]",0,992.5455318355722,0,2,3.820765907799207,4,4,3,909,9
0137,0,0,"[np.float64(47.98382771932608), np.float64(17.05600542347425)]",0,508.10277289190066,1,1,3.6611655892793884,2,2,2,1459,14
0138,0,0,"[np.float64(24.06850013242735), np.float64(59.08742500385519)]",0,25.213356570008642,0,1,4.827310093995936,4,4,3,1475,3
0139,0,0,"[np.float64(47.40861819957853), np.float64(-1.747276927815309)]",0,541.689428102383,0,1,6.056898070534189,1,1,1,1404,5
0140,0,0,"[np.float64(45.55946504710128), np.float64(27.22398804412659)]",0,870.4836453063441,0,2,7.573075855257526,3,3,3,1226,10
0141,0,0,"[np.float64(15.51116139476085), np.float64(45.26130611765783)]",0,772.7795821319364,0,2,2.8481434587926238,2,2,2,514,5
0142,0,0,"[np.float64(55.41665780311256), np.float64(42.25938559018832)]",0,701.2057774453247,0,1,4.378808724510402,1,1,1,646,8
0143,0,0,"[np.float64(44.37625569604269), np.float64(26.02236380417737)]",0,140.32518994443586,0,1,2.4019375550757793,4,4,3,989,12
0144,0,0,"[np.float64(-5.392278215409139), np.float64(26.86737230121577)]",0,658.0793419084849,0,1,6.551304484830455,3,3,3,1155,6
0145,0,0,"[np.float64(15.33478037590123), np.float64(44.27929967563492)]",0,766.532079634248,0,2,4.686397338088164,3,3,3,524,14
0146,0,0,"[np.float64(15.39117977665373), np.float64(45.2916135229267)]",0,572.8466449015311,0,1,6.2415748111291105,1,1,1,1110,3
0147,0,0,"[np.float64(-3.656058762301151), np.float64(-40.57412831742484)]",0,892.8562555158312,0,2,3.9331665438577237,2,2,2,1190,9
0148,0,0,"[np.float64(27.06741442169512), np.float64(78.35165022550932)]",0,277.71279200310056,0,1,7.065903448437941,1,1,1,832,12
0149,0,0,"[np.float64(39.71967261628562), np.float64(41.49451366401794)]",0,242.90255503951133,0,1,5.208968469440688,3,3,3,673,11
0150,0,0,"[np.float64(31.73452153908606), np.float64(49.35452842347775)]",0,869.7001751977034,1,1,7.661646930941931,3,3,3,1274,11
0151,0,0,"[np.float64(40.11636173112846), np.float64(-73.39155605102516)]",0,625.772844748461,0,1,2.4728878348642054,3,3,3,789,3
0152,0,0,"[np.float64(24.6988664783715), np.float64(68.01263175734364)]",0,2.4457733004783266,0,1,5.085660947252446,2,2,2,1069,4
0153,0,0,"[np.float64(15.41825378203711), np.float64(45.31706913317753)]",0,353.77827710254144,0,1,6.598731475986192,3,3,3,1345,11
0154,0,0,"[np.float64(34.97029016195511), np.float64(138.8514232184133)]",0,857.9981298288598,0,2,5.600915888441688,3,3,3,1290,8
0155,0,0,"[np.float64(-7.985804986697689), np.float64(-35.40014694922745)]",0,28.292192130101544,0,1,2.1391648425610565,1,1,1,1418,6
0156,0,0,"[np.float64(13.68346767139189), np.float64(25.58183916451892)]",0,4.244680333247372,0,1,7.834032070063285,3,3,3,644,11
0157,0,0,"[np.float64(53.35925657293087), np.float64(8.215070372464094)]",0,281.97803123460466,0,1,3.7895821584553904,4,4,3,1408,12
0158,0,0,"[np.float64(15.43148559882204), np.float64(45.38809601524527)]",0,914.0860369722686,0,2,3.4956671981982925,1,1,1,621,4
0159,0,0,"[np.float64(47.46773403328909), np.float64(-121.9569001150466)]",0,901.5761038885463,0,2,4.913959253639478,3,3,3,526,13
0160,0,0,"[np.float64(41.64583969615961), np.float64(20.29136254546829)]",0,519.2431838557064,0,1,5.252948645140093,1,1,1,565,3
0161,0,0,"[np.float64(3.856172959214615), np.float64(8.988247715924201)]",0,553.6836342684829,0,1,6.597728825538953,1,1,1,600,12
0162,0,0,"[np.float64(15.44233494522652), np.float64(44.18018081454147)]",0,332.67600330587163,0,1,4.359641945953935,4,4,3,1425,7
0163,0,0,"[np.float64(37.62852006744855), np.float64(36.76254208980883)]",0,244.49292536578204,0,1,4.639762258773273,1,1,1,887,11
0164,0,0,"[np.float64(-2.005659528145357), np.float64(106.0159523857019)]",0,815.4066323579061,0,2,5.209759495602986,1,1,1,593,2
0165,0,0,"[np.float64(36.86410708680913), np.float64(-122.2726859615226)]",0,107.18856563914179,0,1,4.366322598449844,2,2,2,566,9
0166,0,0,"[np.float64(55.55205209359613), np.float64(12.98404244187165)]",0,487.8670165077571,0,1,7.487288474606936,3,3,3,749,6
0167,0,0,"[np.float64(15.40889431721086), np.float64(45.31328925753915)]",0,634.7628622375873,0,1,7.107511799805513,2,2,2,641,6
0168,0,0,"[np.float64(15.51269110007709), np.float64(45.39512733482763)]",0,104.57661008065818,0,1,4.72984217046727,3,3,3,766,3
0169,0,0,"[np.float64(15.39831968764732), np.float64(45.40678327546777)]",0,520.0874883768738,0,1,2.001169174023903,1,1,1,1051,8
0170,0,0,"[np.float64(38.37321480652541), np.float64(39.95706928390032)]",0,577.9437666245308,0,1,7.405606973175684,3,3,3,714,6
0171,0,0,"[np.float64(6.415880411355559), np.float64(2.243665212134469)]",0,742.7535644468575,0,2,2.7460194406367915,1,1,1,988,9
0172,0,0,"[np.float64(64.37631688325476), np.float64(40.37562777966092)]",0,235.60121309838533,1,1,3.4670744911642775,3,3,3,995,6
0173,0,0,"[np.float64(35.10963770620737), np.float64(117.5985679886567)]",0,294.0341757874675,0,1,2.914167706192389,1,1,1,979,10
0174,0,0,"[np.float64(15.48105098674899), np.float64(45.40381106232464)]",0,569.9516254864004,0,1,3.0788934198861426,3,3,3,1142,6
0175,0,0,"[np.float64(-33.62663745246321), np.float64(18.88245320482721)]",0,983.1432835716325,0,2,6.817265227339009,3,3,3,989,14
0176,0,0,"[np.float64(15.285965884814), np.float64(44.30615259447944)]",0,218.2756896372943,0,1,5.477008649995545,3,3,3,500,4
0177,0,0,"[np.float64(37.35732842408139), np.float64(42.50593162649037)]",0,985.9179232963405,0,2,7.736570978752091,1,1,1,508,14
0178,0,0,"[np.float64(32.26335503153177), np.float64(-102.2535479307044)]",0,714.6281905214267,0,2,3.388721073942299,3,3,3,1379,3
0179,0,0,"[np.float64(-35.29853993199097), np.float64(-58.90379117809103)]",0,826.2559875603931,0,2,4.913809448787404,1,1,1,1340,6
0180,0,0,"[np.float64(49.82081668597988), np.float64(6.311168394824471)]",0,90.55162696810288,0,1,7.86457021449482,2,2,2,879,11
0181,0,0,"[np.float64(35.79672414530867), np.float64(37.54407833356552)]",0,301.11976724320164,0,1,6.958661085648618,3,3,3,1343,14
0182,0,0,"[np.float64(21.8760375451437), np.float64(110.1444775448311)]",0,58.678543371330065,0,1,6.371694074722947,4,4,3,1396,11
0183,0,0,"[np.float64(15.45581231131253), np.float64(45.36894274303858)]",0,372.17544800817205,0,1,3.1338512082247516,4,4,3,643,6
0184,0,0,"[np.float64(33.27893894963736), np.float64(135.9399414540354)]",0,981.3083702601318,0,2,6.616432405458297,1,1,1,1361,7
0185,0,0,"[np.float64(43.12998184182367), np.float64(142.0646043662063)]",0,106.16778914413213,0,1,4.085390735575507,4,4,3,1339,3
0186,0,0,"[np.float64(15.25538535059762), np.float64(44.17104619478905)]",0,562.8104095888283,0,1,5.183221382280546,1,1,1,801,6
0187,0,0,"[np.float64(15.44982911303559), np.float64(44.16705825149808)]",0,7.0645521909985085,0,1,5.654967278237241,1,1,1,1149,2
0188,0,0,"[np.float64(7.648212856320096), np.float64(4.003901260143608)]",0,712.9701332280187,0,2,5.656182269145525,4,4,3,916,4
0189,0,0,"[np.float64(43.33128344011893), np.float64(124.9060921550125)]",0,197.99549967966902,0,1,6.359140831481098,4,4,3,1369,4
0190,0,0,"[np.float64(28.91431087792866), np.float64(111.5837970862351)]",0,130.45495258763816,0,1,5.970212555853234,2,2,2,1308,4
0191,0,0,"[np.float64(35.08390783955726), np.float64(108.6983962120102)]",0,337.6807943486268,0,1,2.4102252758635387,1,1,1,678,4
0192,0,0,"[np.float64(37.93709765445801), np.float64(23.47270840715874)]",0,771.2732536410425,0,2,4.7440821556946435,4,4,3,777,9
0193,0,0,"[np.float64(59.21917227616074), np.float64(24.95195592026564)]",0,107.5064732248996,0,1,5.984129640319876,2,2,2,643,2
0194,0,0,"[np.float64(33.90563682584364), np.float64(68.79965941294364)]",0,230.60915680289668,0,1,3.775957892994372,2,2,2,838,7
0195,0,0,"[np.float64(43.72445183481355), np.float64(-87.3078308908022)]",0,9.455957195692227,0,1,3.8783401232983383,1,1,1,958,7
0196,0,0,"[np.float64(15.43612326121614), np.float64(45.43250553526382)]",0,968.4464478329224,0,2,2.7474052865276932,3,3,3,1201,2
0197,0,0,"[np.float64(15.34703285185936), np.float64(44.23620779422956)]",0,592.553454388875,0,1,4.511689915849132,4,4,3,1448,14
0198,0,0,"[np.float64(-24.82906173347018), np.float64(-56.92573454679966)]",0,720.1797367483148,0,2,7.9209826058370485,4,4,3,830,2
0199,0,0,"[np.float64(25.27089012124074), np.float64(49.3385061940633)]",0,651.7317879848586,0,1,3.711916167728224,4,4,3,769,4
0200,0,0,"[np.float64(38.67095578523463), np.float64(117.4329344527677)]",0,145.2201943108047,0,1,5.188621356116588,4,4,3,1498,9
0201,0,0,"[np.float64(24.20045769327871), np.float64(54.69813255673586)]",0,595.3449990550001,1,1,6.459423516674506,4,4,3,686,7
0202,0,0,"[np.float64(6.617883144492648), np.float64(-75.97902890325719)]",0,132.28417954612084,0,1,2.080983625305624,4,4,3,1165,5
0203,0,0,"[np.float64(42.91473730034324), np.float64(-79.59129028307485)]",0,401.83521750916475,0,1,7.402637357589794,2,2,2,671,6
0204,0,0,"[np.float64(15.30681101972933), np.float64(44.14052911817674)]",0,569.3941727893678,0,1,4.319301108349631,1,1,1,903,11
0205,0,0,"[np.float64(38.79362786384549), np.float64(115.961478267299)]",0,559.3222329880538,0,1,7.214695920265894,2,2,2,967,4
0206,0,0,"[np.float64(25.25841864911798), np.float64(81.64485425652497)]",0,119.95435255675821,0,1,2.2336859533968685,4,4,3,746,12
0207,0,0,"[np.float64(-12.63808402563791), np.float64(15.99883018057644)]",0,35.40153367687566,0,1,2.873981311182055,1,1,1,1400,12
0208,0,0,"[np.float64(15.40647901909199), np.float64(44.16479699560372)]",0,798.43607955994,0,2,3.9351767268653552,4,4,3,1460,7
0209,0,0,"[np.float64(10.03600417371398), np.float64(-67.13644884475553)]",0,726.1965145590093,0,2,4.072770638379673,1,1,1,1022,7
0210,0,0,"[np.float64(15.27147706763919), np.float64(44.25414446088497)]",0,82.73708566017332,0,1,7.0867653381680995,2,2,2,1058,7
0211,0,0,"[np.float64(28.10243289381832), np.float64(106.664718585556)]",0,128.28810328275188,0,1,2.0672066923294112,1,1,1,1277,10
0212,0,0,"[np.float64(47.43201384411275), np.float64(16.49871748024867)]",0,892.6911926132307,0,2,5.846670658818077,2,2,2,1328,11
0213,0,0,"[np.float64(12.41447905735783), np.float64(6.825227374065964)]",0,769.3597727201582,0,2,2.7878746170713016,4,4,3,610,14
0214,0,0,"[np.float64(46.15678262645505), np.float64(-119.1337429232063)]",0,996.1641359204574,1,1,6.939293904266297,1,1,1,1487,12
0215,0,0,"[np.float64(41.5051939799817), np.float64(-90.43209675069673)]",0,254.73346175581668,0,1,6.671439595747474,3,3,3,1312,9
0216,0,0,"[np.float64(30.89536804216555), np.float64(75.20427772566245)]",0,488.3151858799461,0,1,4.999526164467204,3,3,3,802,7
0217,0,0,"[np.float64(15.28513252850008), np.float64(44.27978347872376)]",0,237.22311648629332,0,1,3.276123353074251,2,2,2,1429,3
0218,0,0,"[np.float64(34.62241574600343), np.float64(-86.86407475237093)]",0,623.1773383388324,0,1,5.806972345793338,2,2,2,1385,5
0219,0,0,"[np.float64(4.050883341734679), np.float64(98.64490216070004)]",0,116.29882485222666,0,1,2.9375499059458736,2,2,2,1408,7
0220,0,0,"[np.float64(26.67499654102241), np.float64(-101.5875922229849)]",0,128.11592957029006,0,1,3.140142755555921,2,2,2,972,10
0221,0,0,"[np.float64(52.28969137768817), np.float64(26.09225234242703)]",0,72.81600351371752,0,1,5.760139413352146,4,4,3,1290,12
0222,0,0,"[np.float64(31.90554499096895), np.float64(-106.7358690341176)]",0,693.8924961819027,0,1,7.9473706765317464,3,3,3,791,3
0223,0,0,"[np.float64(10.35367370803403), np.float64(-73.48580117222873)]",0,494.57850485577353,0,1,7.346365023515277,2,2,2,1458,7
0224,0,0,"[np.float64(54.82297473956941), np.float64(55.77283698318541)]",0,618.1134851382753,0,1,5.558644146102062,1,1,1,751,11
0225,0,0,"[np.float64(15.26315743647319), np.float64(44.18117806320505)]",0,879.4217455427696,0,2,5.231220612604543,1,1,1,1087,12
0226,0,0,"[np.float64(7.751039883416031), np.float64(28.09515092603401)]",0,740.5881562706032,0,2,7.990309280048651,4,4,3,674,11
0227,0,0,"[np.float64(35.66488832137083), np.float64(-118.6909386298781)]",0,462.2611952485243,0,1,5.284382885803362,2,2,2,608,11
0228,0,0,"[np.float64(20.46920567810864), np.float64(-100.0054566433772)]",0,984.3716324058322,0,2,4.520699131756664,1,1,1,1461,8
0229,0,0,"[np.float64(49.11832800995569), np.float64(8.89064888647059)]",0,456.79984504083126,0,1,7.457333214652048,2,2,2,839,9
0230,0,0,"[np.float64(15.38248254803329), np.float64(45.29758856584814)]",0,113.33822256029966,0,1,3.4051057752157297,1,1,1,1347,14
0231,0,0,"[np.float64(2.66227049203064), np.float64(101.682748990391)]",0,992.6620925054632,0,2,2.5851559417808536,4,4,3,513,10
0232,0,0,"[np.float64(17.66549407358648), np.float64(33.83065866981885)]",0,23.797909284832453,0,1,5.804540206170982,1,1,1,1192,6
0233,0,0,"[np.float64(34.17292040735364), np.float64(113.5782364892366)]",0,550.3336759282644,0,1,2.575097802612494,2,2,2,821,10
0234,0,0,"[np.float64(15.40376451468216), np.float64(45.37740676975337)]",0,309.78639321100957,0,1,4.238891221717761,2,2,2,1444,10
0235,0,0,"[np.float64(15.46161318048849), np.float64(45.25974247633102)]",0,504.04859886596785,0,1,4.541464313490323,4,4,3,1283,14
0236,0,0,"[np.float64(55.23524104763229), np.float64(60.14537012990487)]",0,559.154239641927,0,1,5.285228402295399,3,3,3,1463,12
0237,0,0,"[np.float64(20.0646253218958), np.float64(93.11579684855515)]",0,240.8558003822091,1,1,7.949957274487774,2,2,2,542,8
0238,0,0,"[np.float64(15.44986555972772), np.float64(44.26576459796122)]",0,557.3018969815246,1,1,3.3258903399990847,3,3,3,960,3
0239,0,0,"[np.float64(35.24120499512526), np.float64(112.8878025543762)]",0,756.305050893532,1,1,4.254538271041472,2,2,2,601,9
0240,0,0,"[np.float64(15.40006476827556), np.float64(44.25264083197042)]",0,267.24332740675436,0,1,2.793440746463948,4,4,3,1124,13
0241,0,0,"[np.float64(55.2699656675811), np.float64(37.59426837426859)]",0,384.04270718059314,0,1,5.645681156199409,1,1,1,1204,6
0242,0,0,"[np.float64(17.77965634832593), np.float64(95.89268931119982)]",0,268.9744504708938,0,1,6.366039093847001,3,3,3,508,14
0243,0,0,"[np.float64(36.07661015360819), np.float64(-79.6780081485772)]",0,820.7391712572143,0,2,4.892460939415273,1,1,1,648,12
0244,0,0,"[np.float64(25.68481308088697), np.float64(-80.31496110407862)]",0,725.2572769503871,0,2,3.4749876097398262,4,4,3,837,9
0245,0,0,"[np.float64(15.35034327150385), np.float64(44.25436438484474)]",0,871.3252407811889,0,2,5.7253296150904855,4,4,3,723,3
0246,0,0,"[np.float64(-2.394222185634411), np.float64(30.17999503944243)]",0,170.87984300875763,0,1,5.234946340213097,4,4,3,609,8
0247,0,0,"[np.float64(15.36583509130317), np.float64(45.32598804304732)]",0,74.5060585215918,0,1,3.0271143404223064,2,2,2,853,6
0248,0,0,"[np.float64(15.38272265361263), np.float64(45.25542046900671)]",0,120.26412035481468,0,1,4.434091403012782,2,2,2,583,5
0249,0,0,"[np.float64(10.55117857150735), np.float64(78.24214783314801)]",0,161.85731449141215,0,1,4.611182549811169,2,2,2,1054,11
0250,0,0,"[np.float64(12.21876806658948), np.float64(109.0047877295477)]",0,533.5495780141275,0,1,7.895706522628597,2,2,2,565,14
0251,0,0,"[np.float64(15.32990527675897), np.float64(44.28759755949845)]",0,970.9411582924021,0,2,7.0957149929331305,3,3,3,887,7
0252,0,0,"[np.float64(15.33619727680601), np.float64(45.31020149761281)]",0,357.8781812001653,0,1,6.406224729641563,4,4,3,1390,6
0253,0,0,"[np.float64(15.41158803410696), np.float64(45.24775055026569)]",0,958.549761090845,0,2,7.332662153017685,3,3,3,1120,7
0254,0,0,"[np.float64(-2.82684952190483), np.float64(-78.98843899594699)]",0,39.16259419419054,0,1,6.41290643497229,2,2,2,1113,10
0255,0,0,"[np.float64(11.10174186580531), np.float64(-74.05360302280175)]",0,926.9453306118437,0,2,7.4204111307544,1,1,1,634,2
0256,0,0,"[np.float64(15.37109610652911), np.float64(45.41932383335745)]",0,181.97145469766622,0,1,2.327318689277048,3,3,3,585,14
0257,0,0,"[np.float64(36.93357370722224), np.float64(69.09473768370674)]",0,912.5625107336294,0,2,4.736397255601499,1,1,1,583,12
0258,0,0,"[np.float64(15.41964821435122), np.float64(44.17262373380788)]",0,57.171202685345705,0,1,6.481390011451001,2,2,2,1453,2
0259,0,0,"[np.float64(15.3914585733074), np.float64(45.33037013245077)]",0,948.2712280475375,0,2,5.499774779660081,3,3,3,726,14
0260,0,0,"[np.float64(-4.905719933116239), np.float64(18.94653473654736)]",0,201.59746605454197,0,1,3.05099698490472,3,3,3,759,7
0261,0,0,"[np.float64(24.21493301147505), np.float64(121.406110470601)]",0,303.41134601308755,0,1,4.042952519171205,3,3,3,1391,3
0262,0,0,"[np.float64(41.53989375438895), np.float64(-91.38142717435181)]",0,491.4514017588552,0,1,3.9066462501601475,1,1,1,519,9
0263,0,0,"[np.float64(43.75501325900639), np.float64(141.4670105056896)]",0,381.34016035423974,0,1,3.568081479106016,2,2,2,534,8
0264,0,0,"[np.float64(40.80923050790108), np.float64(126.4438689717955)]",0,667.8604412938868,0,1,4.058813321083797,4,4,3,1364,7
0265,0,0,"[np.float64(3.116330347782829), np.float64(-76.76246630010793)]",0,974.8329594828273,0,2,5.0891197307667255,4,4,3,1254,5
0266,0,0,"[np.float64(15.44511184816659), np.float64(45.35800860920094)]",0,606.8200643141357,0,1,7.129214148699656,2,2,2,942,10
0267,0,0,"[np.float64(15.43445531437137), np.float64(45.26326388605779)]",0,721.7639240271127,0,2,6.452195974362538,3,3,3,1480,8
0268,0,0,"[np.float64(50.94514176179118), np.float64(12.49247470997162)]",0,88.9172450553958,0,1,7.0114982240974015,4,4,3,1440,8
0269,0,0,"[np.float64(33.87540108283081), np.float64(51.4068242035708)]",0,628.1846166409354,0,1,7.301622467378518,3,3,3,769,6
0270,0,0,"[np.float64(15.46983573134391), np.float64(45.27435543263383)]",0,454.3959272693667,0,1,4.4969027365856435,2,2,2,1234,2
0271,0,0,"[np.float64(22.11599825460848), np.float64(87.34284304626705)]",0,885.8965755617087,0,2,4.076157704160483,1,1,1,905,3
0272,0,0,"[np.float64(-32.26897613728945), np.float64(-60.89548075630535)]",0,388.8228885434589,0,1,2.345740290104971,3,3,3,1007,9
0273,0,0,"[np.float64(48.5160509629626), np.float64(6.342250567355422)]",0,679.7746899058692,0,1,7.582949731258606,1,1,1,803,12
0274,0,0,"[np.float64(27.09421786188543), np.float64(-82.12130791802556)]",0,228.92557453082,0,1,2.394938107628864,1,1,1,1169,6
0275,0,0,"[np.float64(10.22974759910089), np.float64(106.2799577317402)]",0,260.11316099067176,0,1,6.446813092222822,2,2,2,784,3
0276,0,0,"[np.float64(-22.67427372028422), np.float64(-48.26651845266137)]",0,376.74630849135133,0,1,4.268649826793523,2,2,2,1047,13
0277,0,0,"[np.float64(15.37932175137599), np.float64(45.31920279587598)]",0,304.75947396899625,0,1,7.692684646995118,1,1,1,1309,6
0278,0,0,"[np.float64(4.761960279385424), np.float64(9.800747467096977)]",0,254.62496055068476,0,1,4.517612125604774,1,1,1,528,9
0279,0,0,"[np.float64(5.497936677667374), np.float64(-72.78926745824654)]",0,50.619037194908486,0,1,6.899650108128299,4,4,3,890,5
0280,0,0,"[np.float64(53.07230810866586), np.float64(-1.970399301287497)]",0,836.9095854207065,1,1,3.6959289929820596,4,4,3,915,4
0281,0,0,"[np.float64(46.85485102164615), np.float64(29.29316760966188)]",0,65.23722936039303,1,1,3.79453230346308,2,2,2,1408,6
0282,0,0,"[np.float64(15.46243216511813), np.float64(45.3161314608173)]",0,887.4781500873646,0,2,5.573116459270605,3,3,3,1266,14
0283,0,0,"[np.float64(-17.75025465688937), np.float64(-66.64460688094775)]",0,126.3399236789922,0,1,7.987895802244843,1,1,1,1408,8
0284,0,0,"[np.float64(-15.50091911811069), np.float64(46.46302837561331)]",0,66.19647532559637,0,1,5.105434507875177,3,3,3,1449,3
0285,0,0,"[np.float64(0.8892574000650014), np.float64(101.5601575941312)]",0,563.4417592167164,0,1,7.6178518183597435,1,1,1,641,2
0286,0,0,"[np.float64(55.85040109816477), np.float64(38.76299719116687)]",0,502.9393507821471,0,1,6.717498969492366,2,2,2,1145,14
0287,0,0,"[np.float64(15.42371873459363), np.float64(45.32912268194586)]",0,491.7433342630532,0,1,6.77518588506341,3,3,3,1155,12
0288,0,0,"[np.float64(23.02545790442481), np.float64(89.89504344437627)]",0,574.9298231738964,0,1,4.615759934772584,2,2,2,1308,6
0289,0,0,"[np.float64(15.40467380463255), np.float64(45.38696261466016)]",0,287.76954951303657,1,1,4.319253501036804,1,1,1,1447,14
0290,0,0,"[np.float64(16.51776549961032), np.float64(-7.265073856058398)]",0,663.2863241561815,0,1,3.1515308485448923,2,2,2,1379,14
0291,0,0,"[np.float64(27.58561587985542), np.float64(-99.46464222012094)]",0,502.89981748747607,0,1,7.783647601901921,3,3,3,840,8
0292,0,0,"[np.float64(5.846966254407015), np.float64(101.0359862015639)]",0,335.40872349036795,0,1,7.75636167466292,4,4,3,744,14
0293,0,0,"[np.float64(23.57540772824339), np.float64(103.2724082519711)]",0,826.6741663137474,0,2,6.482406405861097,2,2,2,1265,9
0294,0,0,"[np.float64(15.38821729893628), np.float64(44.1615661145147)]",0,727.9933752303834,0,2,3.777514699116017,3,3,3,1375,12
0295,0,0,"[np.float64(0.6293316218054639), np.float64(123.1522794338821)]",0,394.2167316026773,0,1,3.471077242053693,2,2,2,1411,9
0296,0,0,"[np.float64(-3.903405509120721), np.float64(39.51616563930035)]",0,847.7701674436439,0,2,7.931661454321778,2,2,2,504,11
0297,0,0,"[np.float64(27.54606200544789), np.float64(113.3996903395856)]",0,920.3379918616624,0,2,2.399256890649065,4,4,3,1419,10
0298,0,0,"[np.float64(15.40791800674413), np.float64(44.2519148176212)]",0,537.3294008172782,0,1,7.061385752847854,3,3,3,1438,12
0299,0,0,"[np.float64(51.88619054975261), np.float64(47.9505370662124)]",0,215.73749770676386,0,1,4.132748002894848,3,3,3,948,12
0300,0,0,"[np.float64(18.33090693730339), np.float64(73.70117286861432)]",0,915.8763643904399,0,2,4.513218318363323,3,3,3,765,13
0301,0,0,"[np.float64(15.35939525595544), np.float64(45.27885704175652)]",0,190.2901404754217,0,1,6.991865892493023,1,1,1,990,2
0302,0,0,"[np.float64(15.3674145191904), np.float64(45.40516408833947)]",0,49.37480319085188,0,1,2.543618096032148,2,2,2,738,8
0303,0,0,"[np.float64(51.08968389897639), np.float64(58.48733728972557)]",0,328.1595218642577,0,1,4.125018071121543,4,4,3,749,11
0304,0,0,"[np.float64(-33.0491248747741), np.float64(-71.6499149451426)]",0,727.2393781165788,0,2,7.712145663017438,3,3,3,1454,9
0305,0,0,"[np.float64(33.57320925446322), np.float64(-78.89079433950931)]",0,923.3508122671959,0,2,6.194395476627538,4,4,3,790,7
0306,0,0,"[np.float64(12.41263637865455), np.float64(-69.03309388410017)]",0,637.6483611676255,0,1,6.529634988835342,1,1,1,1042,11
0307,0,0,"[np.float64(32.3724013309903), np.float64(34.84851466648656)]",0,951.8867084196934,0,2,6.545031805732858,1,1,1,1131,13
0308,0,0,"[np.float64(45.87394543363387), np.float64(6.262217182689668)]",0,93.27846843662073,0,1,2.3634204989836674,4,4,3,578,5
0309,0,0,"[np.float64(27.35734379800816), np.float64(85.29206795841348)]",0,61.692975858432035,0,1,3.219245559562587,3,3,3,1406,8
0310,0,0,"[np.float64(7.380622097818022), np.float64(3.91321598597536)]",0,604.5877587929203,0,1,4.947579536487271,4,4,3,1020,4
0311,0,0,"[np.float64(34.96235132495958), np.float64(116.0690476724744)]",0,966.1502061702621,0,2,4.208901394852251,3,3,3,949,3
0312,0,0,"[np.float64(25.17333278863511), np.float64(97.25333445606441)]",0,503.2185876457693,0,1,4.4654737587971205,3,3,3,1055,7
0313,0,0,"[np.float64(-24.64141463657782), np.float64(-65.03942095316634)]",0,52.46371071336583,0,1,6.688684271754036,1,1,1,1383,3
0314,0,0,"[np.float64(37.9944519060266), np.float64(-121.9147938624178)]",0,221.99743742137872,0,1,2.088075410406412,4,4,3,1233,7
0315,0,0,"[np.float64(-17.76647674126767), np.float64(-149.5947121545428)]",0,245.5481135093549,0,1,5.962951557927433,1,1,1,643,11
0316,0,0,"[np.float64(38.35668524947302), np.float64(118.052547599693)]",0,338.519272007813,0,1,2.0006613908109347,2,2,2,619,4
0317,0,0,"[np.float64(47.98645485430904), np.float64(12.22518445348442)]",0,44.55978020262641,0,1,2.378351153457462,1,1,1,1443,3
0318,0,0,"[np.float64(21.59073611701598), np.float64(113.702256435359)]",0,904.9878077974183,0,2,4.449716719025744,3,3,3,1064,14
0319,0,0,"[np.float64(15.43737047926708), np.float64(45.26702857714688)]",0,516.0483807767738,1,1,7.045691118828929,4,4,3,1076,9
0320,0,0,"[np.float64(6.793233517974094), np.float64(5.845103826830999)]",0,671.259862161155,0,1,2.869974593386763,2,2,2,675,5
0321,0,0,"[np.float64(31.03278181291179), np.float64(104.4029732396626)]",0,68.10566405811396,0,1,5.32772845477167,2,2,2,569,13
0322,0,0,"[np.float64(9.53208137087383), np.float64(-63.25683105758648)]",0,55.06135233584575,0,1,6.071031360960465,2,2,2,1313,5
0323,0,0,"[np.float64(29.73082302405159), np.float64(67.37384195488153)]",0,586.8813042685067,0,1,3.377197305032963,2,2,2,1132,8
0324,0,0,"[np.float64(32.75045497784467), np.float64(113.3896982348645)]",0,887.4087144937038,0,2,5.073981531617498,4,4,3,1388,9
0325,0,0,"[np.float64(-1.034603247929284), np.float64(-80.30864494752522)]",0,528.9535189585874,0,1,7.468443698829153,3,3,3,702,13
0326,0,0,"[np.float64(43.29431774872545), np.float64(124.6581667974773)]",0,877.9413533975014,1,1,5.073371152193197,2,2,2,1300,14
0327,0,0,"[np.float64(15.32438799514143), np.float64(44.17272614096689)]",0,811.1802817821841,0,2,2.943938370725888,3,3,3,679,10
0328,0,0,"[np.float64(53.54114048670896), np.float64(87.60726181031926)]",0,76.77793200912582,0,1,5.766885780125269,1,1,1,1092,11
0329,0,0,"[np.float64(31.20424691988397), np.float64(33.8172340915129)]",0,202.7555169113042,0,1,5.5532010800510845,3,3,3,1066,9
0330,0,0,"[np.float64(40.96549131835525), np.float64(129.1030546412447)]",0,658.0529584861871,0,1,2.1617285587887873,2,2,2,1190,5
0331,0,0,"[np.float64(31.75169061163032), np.float64(-98.0728980653454)]",0,444.05788116749153,0,1,2.5435664344854,1,1,1,1109,3
0332,0,0,"[np.float64(23.51596130746474), np.float64(114.6046505667156)]",0,291.40911383327364,0,1,2.9406881308460644,1,1,1,609,11
0333,0,0,"[np.float64(15.48433118588256), np.float64(45.33704425610848)]",0,419.2152221919311,0,1,2.8177344653712195,1,1,1,923,6
0334,0,0,"[np.float64(32.87905166861539), np.float64(-111.5128156663038)]",0,445.7544466243637,0,1,3.5567946233655987,2,2,2,1164,8
0335,0,0,"[np.float64(15.47756969465248), np.float64(45.36831127753246)]",0,910.6416985707749,0,2,4.724631939413408,3,3,3,1458,3
0336,0,0,"[np.float64(15.34060107621651), np.float64(44.28679178168452)]",0,104.35482542124807,0,1,4.230297787393907,4,4,3,1002,5
0337,0,0,"[np.float64(34.61739668939556), np.float64(116.3428955214736)]",0,280.4510160608074,0,1,7.343899348427581,3,3,3,905,7
0338,0,0,"[np.float64(15.0039151073774), np.float64(121.2842322726206)]",0,538.0272517661313,0,1,5.672656456438022,2,2,2,1485,9
0339,0,0,"[np.float64(37.63349883259237), np.float64(62.07852203269452)]",0,698.5886397039611,0,1,7.256866099771059,2,2,2,1136,11
0340,0,0,"[np.float64(36.97291179604664), np.float64(-76.79462076709507)]",0,631.0066516702844,0,1,5.162235949505593,1,1,1,590,14
0341,0,0,"[np.float64(15.38517737661829), np.float64(45.331775411077)]",0,941.7010949996571,0,2,2.53922282413604,3,3,3,793,7
0342,0,0,"[np.float64(56.37599540038676), np.float64(90.7047273741157)]",0,795.8133158946538,0,2,4.779724694398609,2,2,2,892,7
0343,0,0,"[np.float64(18.03968156655883), np.float64(102.6065237617614)]",0,557.5197651324559,0,1,6.93219528105419,2,2,2,536,7
0344,0,0,"[np.float64(21.18856060878463), np.float64(95.00106675541865)]",0,215.468008981834,0,1,3.1646226030026483,4,4,3,1016,5
0345,0,0,"[np.float64(5.887890719177084), np.float64(-74.83241822394581)]",0,451.42335717083756,0,1,2.5472856725158985,3,3,3,1349,14
0346,0,0,"[np.float64(18.86558823158955), np.float64(74.93665799934794)]",0,693.6888619502829,1,1,3.9766084300295605,1,1,1,1161,4
0347,0,0,"[np.float64(15.34621750773069), np.float64(45.36507326471443)]",0,838.1242126612489,0,2,4.333386983840837,1,1,1,1377,2
0348,0,0,"[np.float64(24.62864655028081), np.float64(67.67428835904232)]",0,959.776488197965,0,2,3.8375460584354264,1,1,1,1407,3
0349,0,0,"[np.float64(44.02340682401092), np.float64(28.74784066372694)]",0,605.8473133717797,0,1,2.8114447137473357,3,3,3,815,3
0350,0,0,"[np.float64(50.25593713507166), np.float64(30.04798114027199)]",0,527.392447937128,0,1,3.505039158330287,2,2,2,671,11
0351,0,0,"[np.float64(49.11673616384866), np.float64(28.52971161095022)]",0,18.674231198027165,0,1,6.093694427612662,2,2,2,905,8
0352,0,0,"[np.float64(41.18261785965785), np.float64(121.342385281399)]",0,73.02697008102976,1,1,4.315571097758983,4,4,3,761,12
0353,0,0,"[np.float64(39.02690133784861), np.float64(115.6374539933984)]",0,156.94889263976287,0,1,5.795296667711335,4,4,3,983,7
0354,0,0,"[np.float64(1.479528061284925), np.float64(99.28973826486337)]",0,55.70517125843845,0,1,5.217822679512395,2,2,2,526,9
0355,0,0,"[np.float64(41.29855340154394), np.float64(-82.11865261300181)]",0,401.4623755661215,0,1,5.294317639146014,2,2,2,994,10
0356,0,0,"[np.float64(10.41656831244132), np.float64(-69.55242460702596)]",0,337.5416665937333,0,1,3.4912973476867757,3,3,3,554,6
0357,0,0,"[np.float64(15.46183591099658), np.float64(45.35437897644412)]",0,637.7168037105245,0,1,5.12925819660909,4,4,3,1410,12
0358,0,0,"[np.float64(15.46732069425616), np.float64(45.41373700195285)]",0,536.1294428254694,0,1,2.1415682831792107,1,1,1,1331,4
0359,0,0,"[np.float64(-25.70128578474945), np.float64(32.0841088916068)]",0,596.3747886284718,0,1,4.5904624539495575,1,1,1,748,5
0360,0,0,"[np.float64(25.99896248326894), np.float64(68.28894418952811)]",0,472.5052257347165,0,1,5.43573693913949,1,1,1,772,12
0361,0,0,"[np.float64(28.51788880067156), np.float64(112.5141108918525)]",0,278.4594114057029,0,1,3.091973728124656,1,1,1,758,9
0362,0,0,"[np.float64(33.37960566356249), np.float64(131.6024973648121)]",0,952.8724896315306,0,2,3.5393510374937085,2,2,2,1277,4
0363,0,0,"[np.float64(15.38087507728814), np.float64(44.1771823835355)]",0,87.32275060037882,0,1,3.3171861188937166,2,2,2,690,3
0364,0,0,"[np.float64(15.4230021411276), np.float64(44.19253461592577)]",0,938.9521084658419,0,2,2.4233477315925454,3,3,3,1074,8
0365,0,0,"[np.float64(29.02656216438505), np.float64(105.5797562117447)]",0,311.9268088178699,0,1,4.0871439268405405,1,1,1,1356,5
0366,0,0,"[np.float64(27.92146177036109), np.float64(113.4330506197421)]",0,513.1487839219301,0,1,7.873794598711637,2,2,2,945,14
0367,0,0,"[np.float64(15.329765559942), np.float64(44.22789901422311)]",0,109.73348050471859,1,1,4.1232824387816605,2,2,2,1352,9
0368,0,0,"[np.float64(15.39183417660515), np.float64(45.41569001378899)]",0,71.86013730263825,1,1,4.763219731021854,2,2,2,1001,2
0369,0,0,"[np.float64(-12.44690323496491), np.float64(13.42845223934489)]",0,430.1159032698843,0,1,5.918523505738252,1,1,1,1115,9
0370,0,0,"[np.float64(28.58922832668654), np.float64(76.09552897412738)]",0,741.9556790032984,0,2,5.8909865070146425,2,2,2,892,6
0371,0,0,"[np.float64(43.21815205247485), np.float64(-3.67149105858976)]",0,270.0954127710004,0,1,7.699369880111745,4,4,3,907,13
0372,0,0,"[np.float64(10.74288008693636), np.float64(-67.84064183877187)]",0,562.7855410463848,0,1,7.145384842394751,1,1,1,1299,3
0373,0,0,"[np.float64(32.03152290944963), np.float64(117.6013326805834)]",0,279.37169018229554,0,1,6.763704122630914,1,1,1,1270,2
0374,0,0,"[np.float64(41.15083827745396), np.float64(-73.66912015939977)]",0,389.2244478321478,0,1,7.709763354669864,4,4,3,1172,14
0375,0,0,"[np.float64(44.05926213034748), np.float64(9.299632921162962)]",0,906.5398721553508,1,1,3.38459231289903,3,3,3,1182,7
0376,0,0,"[np.float64(-30.23359101496126), np.float64(-51.37792901184078)]",0,855.9837858694247,0,2,5.702325167730756,3,3,3,608,10
0377,0,0,"[np.float64(15.42495416396144), np.float64(44.11304862046906)]",0,516.5015258742122,0,1,7.323180600332938,1,1,1,1151,10
0378,0,0,"[np.float64(15.51484783302308), np.float64(45.39329884679204)]",0,238.86752184460667,0,1,5.7448289496686105,1,1,1,1104,10
0379,0,0,"[np.float64(49.47091865971385), np.float64(10.96718678634422)]",0,193.9907288202898,0,1,7.864522847641217,1,1,1,1480,12
0380,0,0,"[np.float64(16.07220717673091), np.float64(96.57807100328357)]",0,954.1332656826785,0,2,2.6021162834382743,4,4,3,602,5
0381,0,0,"[np.float64(-35.5199463062986), np.float64(-71.81780208617532)]",0,203.51387991417684,0,1,4.6359830167592015,2,2,2,725,7
0382,0,0,"[np.float64(15.34847739666193), np.float64(45.35579706025067)]",0,808.3601426016266,0,2,7.864177447451818,4,4,3,852,13
0383,0,0,"[np.float64(-9.495983297619347), np.float64(-35.69704458204912)]",0,369.60123932600175,0,1,4.277408171419554,2,2,2,659,11
0384,0,0,"[np.float64(15.42906837855042), np.float64(45.41088053556382)]",0,985.67418771068,0,2,6.437338250595826,2,2,2,903,7
0385,0,0,"[np.float64(21.79882518921955), np.float64(69.91294017269729)]",0,368.7875846224251,0,1,2.1824174064718953,3,3,3,1206,6
0386,0,0,"[np.float64(38.0343083109528), np.float64(15.55815279855586)]",0,352.1651082858154,0,1,6.169022687781879,4,4,3,823,3
0387,0,0,"[np.float64(-6.867367358974652), np.float64(107.0394318343555)]",0,637.8261652487455,0,1,7.607760395165471,4,4,3,644,8
0388,0,0,"[np.float64(40.87143086772144), np.float64(-8.647342329978498)]",0,961.5552898201925,0,2,4.296237711140016,1,1,1,1253,14
0389,0,0,"[np.float64(15.34959558750117), np.float64(45.36079909356824)]",0,976.2333961906364,0,2,2.1277990275615766,4,4,3,964,2
0390,0,0,"[np.float64(15.50110076700893), np.float64(45.36567287112793)]",0,707.4989403205183,0,1,2.1674588263729033,2,2,2,1414,7
0391,0,0,"[np.float64(-26.0076833401347), np.float64(32.96959499334744)]",0,754.8517592707173,0,2,7.352139834266534,2,2,2,631,6
0392,0,0,"[np.float64(40.51946326865131), np.float64(-76.8377454519946)]",0,563.8387737970546,0,1,6.335096642577571,4,4,3,592,6
0393,0,0,"[np.float64(40.00166744662464), np.float64(94.48029641888745)]",0,756.0199633931995,0,2,2.6401183053594792,3,3,3,772,9
0394,0,0,"[np.float64(34.25441000075915), np.float64(130.0519068059138)]",0,859.919875315526,0,2,2.3275416623071794,3,3,3,1203,10
0395,0,0,"[np.float64(15.37705812502612), np.float64(44.19470686855086)]",0,486.60920789182825,0,1,6.828952181692877,1,1,1,1033,8
0396,0,0,"[np.float64(15.40946668482909), np.float64(44.17361158876797)]",0,620.242400567273,0,1,6.859163796832155,1,1,1,693,11
0397,0,0,"[np.float64(15.47448862204193), np.float64(45.38623024194935)]",0,537.7793785378146,1,1,2.7231310387522942,2,2,2,669,14
0398,0,0,"[np.float64(15.33507778733724), np.float64(45.32282073798315)]",0,562.9081429151486,0,1,3.8091224233318206,4,4,3,959,9
0399,0,0,"[np.float64(15.39087795295792), np.float64(44.18702255028052)]",0,890.1578619640669,2,1,6.680156387443337,2,2,2,1440,3
0400,0,0,"[np.float64(33.52130367124232), np.float64(116.8063769611798)]",0,356.26121337536466,0,1,5.152472425724038,2,2,2,510,3
0401,0,0,"[np.float64(47.58148945003139), np.float64(39.64844766119001)]",0,208.9758415750236,0,1,7.739509164351796,4,4,3,680,13
0402,0,0,"[np.float64(25.5681359721398), np.float64(49.99023958788518)]",0,456.8238301633555,0,1,4.88637587207603,2,2,2,731,9
0403,0,0,"[np.float64(34.36960338151402), np.float64(137.7275359936436)]",0,208.8771052907839,0,1,6.0617476253930755,2,2,2,1455,7
0404,0,0,"[np.float64(56.31925212803888), np.float64(43.86724838651402)]",0,498.90202523635713,0,1,5.058700194449505,3,3,3,528,9
0405,0,0,"[np.float64(29.12874201837262), np.float64(119.062491031035)]",0,903.6045972517015,0,2,7.657792974110274,1,1,1,1031,10
0406,0,0,"[np.float64(24.15984963480089), np.float64(47.43786063180791)]",0,617.8160869619953,0,1,4.391954552405653,3,3,3,504,10
0407,0,0,"[np.float64(-20.64181227958433), np.float64(-54.78016247486147)]",0,855.5774204497746,1,1,3.3787787310716,1,1,1,1420,12
0408,0,0,"[np.float64(13.87597420978777), np.float64(75.20111858554544)]",0,167.0247286958963,0,1,3.959803161685959,1,1,1,1045,7
0409,0,0,"[np.float64(15.33310848517748), np.float64(45.40967240472202)]",0,900.9727189446396,1,1,7.116651224991376,1,1,1,639,9
0410,0,0,"[np.float64(-0.08274350425851434), np.float64(42.62340966456847)]",0,602.1853772427087,0,1,4.9876313810728,3,3,3,527,3
0411,0,0,"[np.float64(-12.47866829567535), np.float64(28.19447239551011)]",0,32.72802895173932,0,1,4.125513821013434,4,4,3,597,9
0412,0,0,"[np.float64(15.51217303671807), np.float64(45.37840950707145)]",0,633.4858363297518,0,1,5.265560130856898,2,2,2,761,4
0413,0,0,"[np.float64(12.46675841203052), np.float64(9.033932853527597)]",0,951.445559304657,0,2,2.799378243661054,4,4,3,1257,2
0414,0,0,"[np.float64(11.69188452162589), np.float64(7.380593921469059)]",0,80.08783347488671,0,1,2.0321558277535763,4,4,3,518,8
0415,0,0,"[np.float64(42.38827091628898), np.float64(-8.49349688780998)]",0,582.8736743391025,0,1,3.6835081021609444,1,1,1,511,2
0416,0,0,"[np.float64(15.37816809558605), np.float64(44.20283973371306)]",0,915.563124266845,0,2,5.630034318701254,1,1,1,1036,12
0417,0,0,"[np.float64(29.05765467525716), np.float64(47.95104132555415)]",0,10.685473166040186,0,1,6.270084617968323,3,3,3,1024,2
0418,0,0,"[np.float64(15.37386492174669), np.float64(44.29122360398457)]",0,631.2820135393574,0,1,6.9596657981118,3,3,3,964,2
0419,0,0,"[np.float64(35.71389378659219), np.float64(36.70207253342981)]",0,475.4273895391317,0,1,7.5599813563668175,2,2,2,1087,5
0420,0,0,"[np.float64(30.63757178492814), np.float64(29.93743929627551)]",0,347.64232932996197,0,1,4.472674081788608,4,4,3,758,14
0421,0,0,"[np.float64(-6.684827323273152), np.float64(106.7514587769013)]",0,627.9089534554306,1,1,6.443100797344728,4,4,3,523,13
0422,0,0,"[np.float64(29.39265168830394), np.float64(52.20801322468928)]",0,53.649392492829506,0,1,2.448037581188375,2,2,2,507,14
0423,0,0,"[np.float64(6.19828061791453), np.float64(1.76859340685918)]",0,753.3099832411127,0,2,2.3451799926324806,1,1,1,1379,13
0424,0,0,"[np.float64(47.21736651362233), np.float64(8.004322246917148)]",0,5.4749974427879184,0,1,2.7487879519169396,3,3,3,727,5
0425,0,0,"[np.float64(45.2726880434257), np.float64(8.593853627347501)]",0,307.62880804855985,0,1,4.691414586984575,2,2,2,875,11
0426,0,0,"[np.float64(15.44077589328972), np.float64(45.38932963215217)]",0,504.45467904699376,0,1,3.2676886309924997,4,4,3,622,12
0427,0,0,"[np.float64(48.69846624542061), np.float64(24.70575120887448)]",0,377.64522831598515,0,1,3.721549651626895,2,2,2,589,7
0428,0,0,"[np.float64(37.19809220202403), np.float64(121.8662995432437)]",0,308.1684592703769,0,1,5.887281041073816,2,2,2,1312,13
0429,0,0,"[np.float64(40.06059410538438), np.float64(68.92319584327073)]",0,831.004310322628,0,2,4.151133072817076,4,4,3,955,11
0430,0,0,"[np.float64(51.20454035012334), np.float64(31.89348294743634)]",0,934.897741697637,0,2,5.344229346308133,4,4,3,723,13
0431,0,0,"[np.float64(34.90085176593495), np.float64(135.0445482737043)]",0,873.8389722209828,0,2,4.474422540419553,3,3,3,1235,4
0432,0,0,"[np.float64(23.07831030332737), np.float64(87.67816332226231)]",0,522.9088817369496,0,1,3.013815533118917,3,3,3,756,11
0433,0,0,"[np.float64(25.89609392996558), np.float64(32.67214232458478)]",0,884.2800110182895,1,1,2.444119941535365,4,4,3,1014,7
0434,0,0,"[np.float64(-4.33049508362691), np.float64(-39.17296921522781)]",0,920.9407036163622,1,1,3.417388971859327,3,3,3,1332,14
0435,0,0,"[np.float64(22.6597954908626), np.float64(110.2994169835011)]",0,409.82915865041457,0,1,2.346202816946266,3,3,3,1282,8
0436,0,0,"[np.float64(15.38949348628883), np.float64(44.19098308246343)]",0,284.16241364594,0,1,5.7116717593388415,3,3,3,1317,12
0437,0,0,"[np.float64(15.41380871664341), np.float64(44.20993564497944)]",0,99.166940607507,0,1,6.7743056087966025,4,4,3,647,2
0438,0,0,"[np.float64(32.13279157221999), np.float64(50.9884940251326)]",0,479.61282912817984,0,1,4.038444609424405,1,1,1,886,7
0439,0,0,"[np.float64(15.3427596288542), np.float64(44.2346711001931)]",0,946.350623518003,0,2,4.322666332114149,1,1,1,1200,11
0440,0,0,"[np.float64(56.39574564915846), np.float64(47.93145060156018)]",0,561.3466205423007,0,1,6.89714637655584,3,3,3,1410,2
0441,0,0,"[np.float64(15.4451249774595), np.float64(45.31578553659408)]",0,667.8945396843854,0,1,3.3356774742413617,1,1,1,1198,8
0442,0,0,"[np.float64(49.18866442374592), np.float64(9.325408692768589)]",0,113.77093467335574,0,1,2.7149615911692453,3,3,3,937,11
0443,0,0,"[np.float64(12.84586547950183), np.float64(77.27338702512498)]",0,144.37614447811399,0,1,5.006708703986519,1,1,1,1199,6
0444,0,0,"[np.float64(15.35191914535631), np.float64(45.37223784869551)]",0,465.0087886977129,0,1,5.877141017199423,1,1,1,1135,11
0445,0,0,"[np.float64(10.22615855566197), np.float64(-9.42958483369425)]",0,951.313534184742,0,2,5.597926550278876,2,2,2,536,5
0446,0,0,"[np.float64(32.61662002150712), np.float64(35.51348908138998)]",0,361.4238569499374,0,1,6.283238271645085,3,3,3,1160,2
0447,0,0,"[np.float64(13.65081366225565), np.float64(75.1479098617938)]",0,877.606557276216,1,1,2.340507093038143,1,1,1,605,10
0448,0,0,"[np.float64(15.33418495405879), np.float64(44.26813185045549)]",0,121.16830483228581,0,1,4.569209676550237,1,1,1,1114,8
0449,0,0,"[np.float64(43.78405226444441), np.float64(4.455884107373477)]",0,617.4001897267764,0,1,3.4314231436741585,2,2,2,1418,3
0450,0,0,"[np.float64(15.31876657155901), np.float64(44.2473736591224)]",0,601.0123639336076,0,1,6.554727557276145,1,1,1,1388,5
0451,0,0,"[np.float64(15.44316418901406), np.float64(45.3237756993755)]",0,860.0148753201983,0,2,7.236382904362097,2,2,2,731,5
0452,0,0,"[np.float64(-2.406371886311463), np.float64(30.14223621504588)]",0,4.3133877004966035,0,1,3.6880144448384895,1,1,1,1366,9
0453,0,0,"[np.float64(15.45444055731951), np.float64(44.12267217953321)]",0,190.74173553037457,0,1,2.5713084744164494,2,2,2,645,3
0454,0,0,"[np.float64(15.28281058476333), np.float64(44.22276394729764)]",0,220.46793780405224,0,1,3.520567771948381,2,2,2,516,12
0455,0,0,"[np.float64(6.076829685665134), np.float64(-75.0822984203359)]",0,950.0161220026466,0,2,2.624050934353518,4,4,3,658,6
0456,0,0,"[np.float64(15.30683053261572), np.float64(44.23638087245664)]",0,154.53996261362505,0,1,3.9345329966807228,3,3,3,1459,11
0457,0,0,"[np.float64(27.97584181699425), np.float64(107.0408370254501)]",0,37.92538787033982,0,1,5.229191469930955,4,4,3,1315,9
0458,0,0,"[np.float64(38.43475702118933), np.float64(117.3375322457961)]",0,534.9270332470662,0,1,7.8420857263892385,3,3,3,781,7
0459,0,0,"[np.float64(53.74478430611913), np.float64(-0.9365127738544263)]",0,529.029903971248,1,1,4.396221526108151,1,1,1,777,5
0460,0,0,"[np.float64(34.73341817363701), np.float64(36.09631707755306)]",0,844.2029184024964,0,2,3.3202395431277267,3,3,3,624,6
0461,0,0,"[np.float64(15.35965592207014), np.float64(44.24051213561143)]",0,948.9107905276243,0,2,3.0008104422250104,4,4,3,1184,3
0462,0,0,"[np.float64(4.798961880918575), np.float64(-3.705102394681378)]",0,539.0068966979909,0,1,3.038238596832056,3,3,3,919,6
0463,0,0,"[np.float64(-29.2912219349268), np.float64(-66.86192049173229)]",0,930.0641882372358,0,2,3.1555860995687555,4,4,3,819,4
0464,0,0,"[np.float64(9.919447044330399), np.float64(-13.04980515197564)]",0,725.4339921485298,0,2,6.573602135224682,3,3,3,1174,13
0465,0,0,"[np.float64(55.46514899939226), np.float64(-1.153104120291097)]",0,265.2945688675894,0,1,2.3661662685945197,1,1,1,1214,4
0466,0,0,"[np.float64(21.78273894922823), np.float64(92.03330910709894)]",0,928.4922902329823,0,2,7.984416241658205,1,1,1,1486,8
0467,0,0,"[np.float64(8.92715929259334), np.float64(11.31856908276034)]",0,667.7757330056929,0,1,5.136118346997566,3,3,3,981,4
0468,0,0,"[np.float64(28.2526205265435), np.float64(30.78863292207927)]",0,414.68183680989114,0,1,5.265631365804954,3,3,3,1349,5
0469,0,0,"[np.float64(56.88911993583032), np.float64(84.62325407926258)]",0,680.5618424324138,0,1,4.145383272197629,1,1,1,1166,8
0470,0,0,"[np.float64(27.01997852084376), np.float64(79.18184992959758)]",0,401.91151491600715,0,1,6.1415321564727225,3,3,3,823,4
0471,0,0,"[np.float64(15.40661244178639), np.float64(45.41271035967593)]",0,115.0695842199713,0,1,4.828738045284786,2,2,2,1412,11
0472,0,0,"[np.float64(29.31512962306458), np.float64(77.12278224092861)]",0,719.259768429723,0,2,3.9743677097872987,1,1,1,1465,11
0473,0,0,"[np.float64(22.89150045911441), np.float64(101.1162537189631)]",0,824.2635245585731,0,2,3.590830422248257,1,1,1,894,14
0474,0,0,"[np.float64(35.62987324961326), np.float64(0.1246188727070945)]",0,729.0773928203683,1,1,7.553907241599557,4,4,3,1272,3
0475,0,0,"[np.float64(47.70519829963357), np.float64(15.9914290787696)]",0,229.88555308891986,0,1,3.7459370903145213,4,4,3,685,11
0476,0,0,"[np.float64(-6.92430568171854), np.float64(106.7399302311254)]",0,956.6783784641353,0,2,4.618359556579052,2,2,2,1388,8
0477,0,0,"[np.float64(15.24572845110774), np.float64(-92.82357415085035)]",0,26.229307129464765,0,1,4.102048412698809,3,3,3,965,6
0478,0,0,"[np.float64(51.10415893324215), np.float64(7.198515609926799)]",0,333.35261207826494,1,1,2.5170729645682157,2,2,2,556,2
0479,0,0,"[np.float64(42.14242356977655), np.float64(123.8121349951431)]",0,260.8323421003606,0,1,3.1156063668936027,3,3,3,1228,13
0480,0,0,"[np.float64(22.47418902128172), np.float64(108.9583905063728)]",0,49.07810138723612,0,1,3.137011851958292,4,4,3,957,11
0481,0,0,"[np.float64(57.18838571215052), np.float64(24.49488870720127)]",0,406.3239632956798,0,1,6.1618970863379285,3,3,3,707,14
0482,0,0,"[np.float64(34.949326165267), np.float64(137.7578744940241)]",0,623.4917253226117,0,1,4.439512459794855,4,4,3,1213,9
0483,0,0,"[np.float64(0.9817362435928193), np.float64(-77.43743689759033)]",0,882.6703106216162,0,2,6.691805378423952,1,1,1,573,4
0484,0,0,"[np.float64(26.28761116473606), np.float64(43.91414242372121)]",0,989.7000264752786,0,2,6.253705546004942,1,1,1,983,12
0485,0,0,"[np.float64(9.085938915330281), np.float64(-67.65021901464037)]",0,808.2814968179937,0,2,3.152298598376226,3,3,3,584,8
0486,0,0,"[np.float64(51.14840104719617), np.float64(6.877240018678448)]",0,469.211838194112,0,1,5.377501520720604,4,4,3,1131,7
0487,0,0,"[np.float64(21.8514221414111), np.float64(88.29735443881738)]",0,723.9807215410636,0,2,6.457453076292817,2,2,2,513,11
0488,0,0,"[np.float64(22.72030692974466), np.float64(80.26534786698726)]",0,843.7801648010511,1,1,5.798257540854338,4,4,3,1339,13
0489,0,0,"[np.float64(15.39933520632134), np.float64(44.14980389326286)]",0,465.84188922226264,1,1,5.600099048527886,4,4,3,1140,14
0490,0,0,"[np.float64(46.35833364612128), np.float64(44.26168157016319)]",0,785.2693795914744,0,2,6.437665324404608,4,4,3,1411,7
0491,0,0,"[np.float64(47.43565191853211), np.float64(11.2379568769589)]",0,483.16976589456385,0,1,2.3406844355378413,1,1,1,1293,14
0492,0,0,"[np.float64(61.65214368505916), np.float64(51.0143270598955)]",0,387.109494885846,0,1,6.388531684168597,4,4,3,548,14
0493,0,0,"[np.float64(55.43789680579429), np.float64(30.23622721920142)]",0,526.5647469459774,0,1,3.6359315789205704,3,3,3,925,9
0494,0,0,"[np.float64(15.32971004086122), np.float64(44.13274008188931)]",0,676.1788828895177,0,1,5.431233527056125,1,1,1,1465,14
0495,0,0,"[np.float64(35.89748198130876), np.float64(4.560494933910888)]",0,727.1551742622788,0,2,3.4538299681790448,1,1,1,858,14
0496,0,0,"[np.float64(33.6976966851902), np.float64(48.80815284545793)]",0,357.37953262321577,0,1,7.032905433241026,1,1,1,741,13
0497,0,0,"[np.float64(15.33606916721178), np.float64(45.3035397383348)]",0,571.7489313044788,0,1,4.883356125804536,4,4,3,1333,14
0498,0,0,"[np.float64(15.34915290429341), np.float64(44.17763276924671)]",0,909.9610032063666,1,1,5.857647272149901,2,2,2,552,5
0499,0,0,"[np.float64(-6.236855974632872), np.float64(20.52624852280738)]",0,976.3365872105292,0,2,6.764492260860369,4,4,3,1276,5
0500,0,0,"[np.float64(37.93154518815347), np.float64(113.3465769922843)]",0,228.02084309277055,0,1,7.3718915304281865,4,4,3,568,13
0501,0,0,"[np.float64(-12.72006153814115), np.float64(15.18340056438472)]",0,193.63833454762812,0,1,6.392372582416046,2,2,2,1051,4
0502,0,0,"[np.float64(15.42059225325639), np.float64(45.29997066802991)]",0,677.0089477952199,0,1,2.8926114571424346,4,4,3,1195,2
0503,0,0,"[np.float64(6.920718146079881), np.float64(2.544965298477592)]",0,415.2692019376204,0,1,7.1271942175147185,3,3,3,1144,11
0504,0,0,"[np.float64(15.48070332949718), np.float64(45.28359009426529)]",0,25.198116079718897,0,1,5.711467495193037,2,2,2,555,4
0505,0,0,"[np.float64(37.4314040693389), np.float64(126.8372393730017)]",0,347.5150087766369,0,1,5.656698550281641,3,3,3,1378,2
0506,0,0,"[np.float64(20.03487105912876), np.float64(-100.1958634372711)]",0,806.9379987287799,0,2,7.52804335882953,3,3,3,955,7
0507,0,0,"[np.float64(53.50952670953282), np.float64(87.20801262662437)]",0,797.6295034527994,0,2,3.4929893339952987,1,1,1,754,9
0508,0,0,"[np.float64(15.35350401331961), np.float64(45.36504471564225)]",0,495.1904636677653,0,1,3.4375257109642,1,1,1,504,4
0509,0,0,"[np.float64(52.2726841411041), np.float64(11.82266424092056)]",0,473.10535695264775,0,1,5.079161328169771,2,2,2,1080,13
0510,0,0,"[np.float64(47.13803792370443), np.float64(39.85157614431118)]",0,579.9279349919431,0,1,6.505178399209191,4,4,3,551,5
0511,0,0,"[np.float64(41.41150784013216), np.float64(36.78299708442093)]",0,220.17731385301244,0,1,4.683444249371055,3,3,3,1476,6
0512,0,0,"[np.float64(-20.18844606478522), np.float64(57.33062170362393)]",0,526.5175812660646,0,1,5.803348339354414,4,4,3,828,8
0513,0,0,"[np.float64(27.5134234541848), np.float64(115.4201670087972)]",0,12.035313696591738,0,1,4.715148345336313,3,3,3,597,13
0514,0,0,"[np.float64(10.20112807235489), np.float64(7.14673740686678)]",0,476.0839952283506,1,1,5.662323082921812,1,1,1,660,12
0515,0,0,"[np.float64(27.32515845053345), np.float64(-80.26028845491872)]",0,336.71499520434196,2,1,6.933573815682267,1,1,1,905,7
0516,0,0,"[np.float64(15.25690656568701), np.float64(44.13755127650374)]",0,675.194736297756,0,1,3.08286017654554,1,1,1,1480,3
0517,0,0,"[np.float64(35.28555991126415), np.float64(130.0139427660055)]",0,638.7152305684749,0,1,6.172271204035904,2,2,2,1282,8
0518,0,0,"[np.float64(38.95097140340685), np.float64(-1.854129262952509)]",0,381.4550443026262,0,1,6.724554436029099,3,3,3,1076,9
0519,0,0,"[np.float64(15.4110937526177), np.float64(44.24364969064708)]",0,8.265708497112975,0,1,4.682668444890695,4,4,3,826,13
0520,0,0,"[np.float64(30.7477137956541), np.float64(-9.500422258138515)]",0,253.0213557655655,0,1,3.9394014624071256,3,3,3,1418,2
0521,0,0,"[np.float64(8.890929153223404), np.float64(78.31236587070501)]",0,633.7145023389731,1,1,2.0812659435464127,4,4,3,742,7
0522,0,0,"[np.float64(34.76221704961231), np.float64(52.29005615423787)]",0,73.30096967448702,0,1,6.782630134004561,4,4,3,1003,12
0523,0,0,"[np.float64(17.32331531731089), np.float64(74.29979175448142)]",0,108.53477941163038,0,1,3.9676319542159284,4,4,3,866,10
0524,0,0,"[np.float64(15.3157908226724), np.float64(44.21751631596171)]",0,647.3879895425201,0,1,4.143856816448301,3,3,3,1273,8
0525,0,0,"[np.float64(15.26535553924531), np.float64(44.12608951675087)]",0,756.011633548343,0,2,4.016036978592874,1,1,1,1223,6
0526,0,0,"[np.float64(34.55784217130976), np.float64(108.4980001147001)]",0,322.2281583046994,0,1,4.992435984874029,2,2,2,941,14
0527,0,0,"[np.float64(15.42495226389465), np.float64(44.18953098119557)]",0,490.1833924510453,1,1,6.2149974393144625,2,2,2,653,11
0528,0,0,"[np.float64(15.51160321751433), np.float64(45.24017741284241)]",0,945.765653618675,0,2,6.6311787860030655,1,1,1,733,12
0529,0,0,"[np.float64(36.51902058184984), np.float64(59.72325204619496)]",0,945.5980186137934,0,2,4.3554243224189495,2,2,2,1151,11
0530,0,0,"[np.float64(49.43245674210306), np.float64(9.546188210445235)]",0,308.19527168896667,0,1,5.978612210271015,4,4,3,832,10
0531,0,0,"[np.float64(-0.8667319710046275), np.float64(-80.47261276392771)]",0,810.1778871420731,0,2,6.3241055016278915,2,2,2,994,3
0532,0,0,"[np.float64(40.92292604039056), np.float64(30.10895442999562)]",0,594.3501087540519,0,1,3.781503990064289,3,3,3,614,8
0533,0,0,"[np.float64(38.49767913185075), np.float64(-8.74174169186016)]",0,975.5090088570296,0,2,2.5797288172225596,1,1,1,868,10
0534,0,0,"[np.float64(27.95761673091935), np.float64(30.83684409046323)]",0,478.1359561413854,0,1,7.367994323866775,1,1,1,832,3
0535,0,0,"[np.float64(52.29306129984754), np.float64(30.93439279270108)]",0,774.932161147546,0,2,6.062695830689558,1,1,1,629,14
0536,0,0,"[np.float64(40.11362793536901), np.float64(-0.1788855911624436)]",0,768.3689924852562,1,1,5.888662453257749,1,1,1,1427,12
0537,0,0,"[np.float64(12.93313653837265), np.float64(44.95323196831671)]",0,497.93543476544306,0,1,2.353415091271868,3,3,3,677,11
0538,0,0,"[np.float64(48.45757613802337), np.float64(12.03646682992148)]",0,795.8344841830104,0,2,6.907238345023559,4,4,3,594,7
0539,0,0,"[np.float64(21.35189980622122), np.float64(38.55443862621567)]",0,261.7792929736895,0,1,5.396324936516319,4,4,3,816,10
0540,0,0,"[np.float64(34.15044350830812), np.float64(118.1417911633013)]",0,123.13078325393865,0,1,7.087306503905397,4,4,3,1406,4
0541,0,0,"[np.float64(15.42750224499109), np.float64(44.21855778761622)]",0,425.7385809106609,0,1,7.847367102420569,2,2,2,600,9
0542,0,0,"[np.float64(53.82691247916946), np.float64(-2.496038888896625)]",0,943.6870259769511,0,2,7.742601925281453,4,4,3,695,6
0543,0,0,"[np.float64(-25.42735377732895), np.float64(-57.59639409429197)]",0,501.2438635943262,0,1,7.136536078341245,2,2,2,1301,8
0544,0,0,"[np.float64(15.27846547778807), np.float64(44.15029749531616)]",0,635.6238795082801,1,1,2.0656842429882136,3,3,3,707,14
0545,0,0,"[np.float64(29.7478931171751), np.float64(-80.98193319510803)]",0,624.5382934519674,0,1,7.3143632494217385,2,2,2,1106,13
0546,0,0,"[np.float64(34.58853567456506), np.float64(126.2543861934381)]",0,133.44029440226092,0,1,2.4503738829658728,4,4,3,972,4
0547,0,0,"[np.float64(26.29228253840057), np.float64(50.19762412881822)]",0,390.90658549483305,0,1,7.107163821060603,1,1,1,1114,9
0548,0,0,"[np.float64(38.80209662848438), np.float64(27.37218789709722)]",0,707.2320339489529,1,1,3.681044411669742,3,3,3,507,3
0549,0,0,"[np.float64(26.38587471476617), np.float64(111.5711588775728)]",0,972.0181084821455,0,2,5.660410031200206,4,4,3,635,14
0550,0,0,"[np.float64(42.47926432830641), np.float64(123.9219831027428)]",0,168.84972055872913,1,1,2.228409386899278,4,4,3,1109,9
0551,0,0,"[np.float64(15.35987064211601), np.float64(44.27154282020742)]",0,411.03144844877716,0,1,6.627090176709368,4,4,3,1410,3
0552,0,0,"[np.float64(56.13766847153499), np.float64(44.619884707889)]",0,95.99870600292664,0,1,2.6702367333978287,3,3,3,760,8
0553,0,0,"[np.float64(15.28996458071628), np.float64(44.12211448415103)]",0,243.13408318960677,0,1,4.4641290300546315,1,1,1,646,3
0554,0,0,"[np.float64(15.26895448119724), np.float64(44.12319450402241)]",0,377.3825839828241,0,1,6.904676013951809,1,1,1,957,8
0555,0,0,"[np.float64(-22.55121870780887), np.float64(-43.45574144926327)]",0,541.1026047043981,0,1,6.172093979050011,1,1,1,1404,2
0556,0,0,"[np.float64(26.5069454295743), np.float64(119.0507284542764)]",0,231.33631535684188,0,1,2.0362561811484015,4,4,3,1196,7
0557,0,0,"[np.float64(15.40184661341237), np.float64(45.40937181350731)]",0,228.33509851750705,0,1,4.418194007255293,2,2,2,937,11
0558,0,0,"[np.float64(15.4071728923311), np.float64(45.27157900694723)]",0,778.0521491610635,0,2,2.2515651017870484,4,4,3,912,8
0559,0,0,"[np.float64(41.88636042561298), np.float64(124.1238637797563)]",0,962.6790212839344,0,2,6.040999164910815,1,1,1,999,5
0560,0,0,"[np.float64(36.98439248990215), np.float64(-76.73374625290286)]",0,324.28935478370477,0,1,7.813690950519929,3,3,3,731,12
0561,0,0,"[np.float64(51.47204811570061), np.float64(-4.163952437703571)]",0,688.3040266170444,0,1,5.931567573804555,2,2,2,600,12
0562,0,0,"[np.float64(40.96887992103576), np.float64(-2.978396861987505)]",0,258.82238089656283,0,1,3.346234586705335,2,2,2,646,2
0563,0,0,"[np.float64(15.35570185213174), np.float64(44.30376128459798)]",0,928.0243027106665,0,2,4.13139819239924,4,4,3,1216,13
0564,0,0,"[np.float64(15.29831329540874), np.float64(44.18709607759311)]",0,673.2294578052329,0,1,7.859903333950806,3,3,3,1006,7
0565,0,0,"[np.float64(15.43529290832991), np.float64(44.14410430439714)]",0,802.8741777829324,0,2,3.3443144721941005,2,2,2,1057,5
0566,0,0,"[np.float64(35.27406137128568), np.float64(126.6168339676702)]",0,50.30468915596565,1,1,5.369174438326656,1,1,1,603,4
0567,0,0,"[np.float64(28.31846527934425), np.float64(115.7072606622298)]",0,598.907462272384,1,1,4.402722852090468,4,4,3,835,5
0568,0,0,"[np.float64(14.76959823779747), np.float64(-16.1333381560169)]",0,528.0847190270239,0,1,6.60989178756933,4,4,3,945,7
0569,0,0,"[np.float64(15.33542420597953), np.float64(45.43101993676022)]",0,293.70391000462047,0,1,7.204335631879323,1,1,1,1233,6
0570,0,0,"[np.float64(-6.837426168229269), np.float64(23.87670005565305)]",0,263.16755507226077,0,1,4.045023646101781,1,1,1,943,3
0571,0,0,"[np.float64(13.06524529227469), np.float64(-88.86347709068579)]",0,580.4447775146527,0,1,5.962378182196296,1,1,1,617,3
0572,0,0,"[np.float64(23.05921045742065), np.float64(87.20746592957302)]",0,706.779149372218,0,1,5.294286185106364,2,2,2,1016,4
0573,0,0,"[np.float64(15.39926209997388), np.float64(45.37329599933501)]",0,34.13958427815377,0,1,3.6706669403326,3,3,3,1428,12
0574,0,0,"[np.float64(1.758943722478996), np.float64(44.74749947413336)]",0,567.8341803417807,0,1,3.63164481687801,2,2,2,1222,7
0575,0,0,"[np.float64(47.87091741424424), np.float64(11.63849979781954)]",0,171.28906941768201,0,1,5.231789885193824,3,3,3,1066,13
0576,0,0,"[np.float64(34.30941684294969), np.float64(-117.4451351517523)]",0,141.22236865471447,0,1,2.924017241193799,4,4,3,1030,2
0577,0,0,"[np.float64(54.7054295479516), np.float64(86.11549523190655)]",0,623.4963686065898,0,1,6.864859378894829,3,3,3,1412,12
0578,0,0,"[np.float64(15.25895239159232), np.float64(44.16154222417713)]",0,311.55924710025556,0,1,2.414029035202412,1,1,1,587,8
0579,0,0,"[np.float64(40.44234051592937), np.float64(33.33123206441388)]",0,441.43935290172914,0,1,2.5674469172498977,2,2,2,1258,9
0580,0,0,"[np.float64(45.14600795418758), np.float64(-74.22434035818429)]",0,360.6388106303331,1,1,4.053357853563606,1,1,1,1128,8
0581,0,0,"[np.float64(15.51337284639263), np.float64(45.30124076505505)]",0,648.6879838323712,0,1,2.7085505491828004,4,4,3,975,12
0582,0,0,"[np.float64(42.5876613111998), np.float64(-71.83768924472187)]",0,470.6496463004024,1,1,4.854200127532955,2,2,2,1181,4
0583,0,0,"[np.float64(38.30149751873748), np.float64(67.93598187574099)]",0,963.4952033759096,0,2,4.398055342651222,2,2,2,984,7
0584,0,0,"[np.float64(15.27195092001394), np.float64(44.26818963219309)]",0,353.03037634735887,0,1,6.330858775314303,1,1,1,1161,5
0585,0,0,"[np.float64(39.88162047861731), np.float64(139.914406654097)]",0,740.5440559225724,0,2,7.718024931258322,2,2,2,794,6
0586,0,0,"[np.float64(27.23273465917707), np.float64(84.8995652894349)]",0,258.0352750154615,0,1,6.521351508434756,1,1,1,1219,4
0587,0,0,"[np.float64(-4.793908467388751), np.float64(-42.76470313767426)]",0,509.2443395335207,0,1,3.076691977283626,3,3,3,880,6
0588,0,0,"[np.float64(9.515838710085152), np.float64(-83.83785504081678)]",0,553.0171821500551,0,1,7.613127712786419,4,4,3,1494,7
0589,0,0,"[np.float64(22.91154459974009), np.float64(89.61785624601754)]",0,329.7801717816694,0,1,4.352800595318403,1,1,1,782,9
0590,0,0,"[np.float64(-26.06402310465986), np.float64(29.07291463633288)]",0,472.3087483837165,0,1,4.8451361655614775,4,4,3,1343,13
0591,0,0,"[np.float64(15.27394936609552), np.float64(44.26862707639062)]",0,279.9993592605937,0,1,4.529457424223813,2,2,2,1185,7
0592,0,0,"[np.float64(30.70957724471974), np.float64(107.9200964613234)]",0,6.99478089230801,0,1,3.683282139726314,4,4,3,1138,10
0593,0,0,"[np.float64(53.79760782049146), np.float64(-113.8441968893092)]",0,216.43265333624086,0,1,7.370265726784903,4,4,3,655,11
0594,0,0,"[np.float64(27.06543720001891), np.float64(56.14235632273806)]",0,700.3641083207075,1,1,3.993433195379697,4,4,3,679,11
0595,0,0,"[np.float64(23.33588925796901), np.float64(113.9363072185249)]",0,771.1920614608916,0,2,5.471578818077278,2,2,2,1460,11
0596,0,0,"[np.float64(30.69210323202982), np.float64(110.9256160389678)]",0,280.92266427178106,0,1,3.440201506245981,3,3,3,1434,11
0597,0,0,"[np.float64(15.34340617476058), np.float64(45.3190865022759)]",0,408.6349558192539,0,1,6.784252248621082,3,3,3,1389,5
0598,0,0,"[np.float64(28.19128554769927), np.float64(107.3508499153849)]",0,38.32829447847248,0,1,6.645191957175119,3,3,3,1413,3
0599,0,0,"[np.float64(-1.972953676705992), np.float64(113.8324436194136)]",0,237.8258381965829,0,1,3.7778728306822638,1,1,1,586,13
0600,0,0,"[np.float64(25.98672611657681), np.float64(117.7402995713744)]",0,779.4400640889269,1,1,6.0893244388607215,1,1,1,905,10
0601,0,0,"[np.float64(19.84752323943015), np.float64(73.68351849617888)]",0,606.3802839947922,0,1,6.223241198569698,2,2,2,1335,12
0602,0,0,"[np.float64(9.837640631105694), np.float64(80.24877918686546)]",0,206.56475143241704,0,1,5.375068496628597,3,3,3,995,4
0603,0,0,"[np.float64(33.40296446410138), np.float64(-6.005855237891437)]",0,258.1845531273097,0,1,5.603590293630021,4,4,3,766,12
0604,0,0,"[np.float64(15.26803503680543), np.float64(44.24125868909628)]",0,816.9852209665706,0,2,5.446727829744775,3,3,3,1093,8
0605,0,0,"[np.float64(40.4798660265514), np.float64(117.4175026610486)]",0,209.87511874195593,1,1,2.491186423969074,1,1,1,563,5
0606,0,0,"[np.float64(30.56737940626862), np.float64(120.2174397074376)]",0,334.8235681212841,1,1,6.021592068282709,2,2,2,618,13
0607,0,0,"[np.float64(-8.807639740315384), np.float64(-36.61539432253027)]",0,664.6943329629897,0,1,4.818650059032148,3,3,3,1466,13
0608,0,0,"[np.float64(-17.06430554534382), np.float64(-66.04567811801935)]",0,561.5512733223705,0,1,4.630743683248481,1,1,1,840,2
0609,0,0,"[np.float64(15.35953915479219), np.float64(44.22982980866063)]",0,461.4093350285805,0,1,7.159995312690804,1,1,1,812,9
0610,0,0,"[np.float64(21.82114997296643), np.float64(92.1370955837542)]",0,899.8413498887645,0,2,2.1393602807667063,4,4,3,662,14
0611,0,0,"[np.float64(45.53623997727154), np.float64(28.07232004593707)]",0,220.49075225233662,0,1,3.507889507752531,3,3,3,1004,13
0612,0,0,"[np.float64(24.20961065696279), np.float64(38.18214818567313)]",0,741.6784709721369,0,2,2.7284209990564783,4,4,3,792,5
0613,0,0,"[np.float64(7.368212139299181), np.float64(5.223914968087037)]",0,159.90477677756516,0,1,2.2120462676583545,3,3,3,1189,12
0614,0,0,"[np.float64(15.32250085596733), np.float64(45.24482869515325)]",0,616.118099648663,0,1,3.6540619860556856,2,2,2,876,7
0615,0,0,"[np.float64(8.435278924915844), np.float64(4.313604183204617)]",0,870.7529398479019,0,2,7.930857636768065,3,3,3,1041,8
0616,0,0,"[np.float64(53.55485840947912), np.float64(14.41239788047519)]",0,458.4438836926597,0,1,3.621375039245443,4,4,3,900,9
0617,0,0,"[np.float64(15.27231005591689), np.float64(44.13790751339681)]",0,724.5702126841376,0,2,5.982234918774628,4,4,3,1172,11
0618,0,0,"[np.float64(9.278166332601291), np.float64(-84.83392999348334)]",0,820.5729596459892,0,2,2.709793340244329,1,1,1,899,3
0619,0,0,"[np.float64(35.27156978308712), np.float64(44.9526913487673)]",0,136.89039845272515,0,1,5.61108578028338,3,3,3,898,10
0620,0,0,"[np.float64(25.70459256864993), np.float64(-100.5590950585143)]",0,706.1210683868279,0,1,7.90688889882988,3,3,3,1408,11
0621,0,0,"[np.float64(26.38810088974979), np.float64(32.06764196557161)]",0,919.9211829646877,0,2,3.751025140762792,2,2,2,986,14
0622,0,0,"[np.float64(-27.8229481425834), np.float64(-50.46078225104222)]",0,576.7942392456887,0,1,7.088453698253497,1,1,1,1014,4
0623,0,0,"[np.float64(11.02226965288752), np.float64(-4.347585311532843)]",0,186.93612228422728,0,1,7.985428282199213,4,4,3,523,2
0624,0,0,"[np.float64(21.88392138236661), np.float64(114.688063911565)]",0,127.81558905735403,0,1,5.531324532324464,3,3,3,1418,3
0625,0,0,"[np.float64(15.42485477292705), np.float64(44.12079793747954)]",0,260.47559513628113,0,1,3.856406602568212,1,1,1,558,9
0626,0,0,"[np.float64(53.90033850330105), np.float64(23.98352188543916)]",0,104.40975574766588,0,1,6.041187559394937,2,2,2,1248,11
0627,0,0,"[np.float64(33.78107097887163), np.float64(36.29501273481434)]",0,513.8806775134624,0,1,7.0690892376117125,1,1,1,739,7
0628,0,0,"[np.float64(15.40405130175025), np.float64(45.2990583496326)]",0,70.63497802402784,0,1,3.0281014577718697,3,3,3,810,12
0629,0,0,"[np.float64(15.41636838849375), np.float64(45.3136644721064)]",0,224.18122001159023,0,1,4.71509458304872,3,3,3,820,2
0630,0,0,"[np.float64(10.3828610022561), np.float64(76.32792630536534)]",0,440.4705334683021,0,1,3.9151262607430457,2,2,2,1171,12
0631,0,0,"[np.float64(34.20654701424958), np.float64(131.1176548214416)]",0,474.44083565161947,0,1,3.700153981774279,2,2,2,980,10
0632,0,0,"[np.float64(-27.53519100272969), np.float64(153.4859157881229)]",0,565.8330866618174,0,1,7.164927564441036,2,2,2,1071,8
0633,0,0,"[np.float64(-15.77524241875701), np.float64(28.86805818199495)]",0,705.9093477879758,0,1,4.529924040931031,4,4,3,1251,11
0634,0,0,"[np.float64(14.41403343990046), np.float64(-91.18626713012792)]",0,48.18141102580206,0,1,4.034458050823477,1,1,1,913,12
0635,0,0,"[np.float64(-29.55880448537012), np.float64(27.5044892976184)]",0,81.54033122360747,0,1,5.621063248556082,1,1,1,821,4
0636,0,0,"[np.float64(23.65893118248709), np.float64(115.5983440182765)]",0,61.79829265297596,0,1,3.316409477824288,1,1,1,901,14
0637,0,0,"[np.float64(46.60438717065352), np.float64(23.38616091597898)]",0,423.7271651494454,0,1,3.3793609434084737,4,4,3,558,8
0638,0,0,"[np.float64(15.33268459438334), np.float64(45.40338037821193)]",0,42.806096938051375,0,1,5.121732385229028,1,1,1,552,7
0639,0,0,"[np.float64(30.93981866719556), np.float64(75.54881005986964)]",0,746.335185564495,1,1,4.455636371877105,2,2,2,563,4
0640,0,0,"[np.float64(-26.71200415470183), np.float64(26.56248539226278)]",0,223.77718085743936,0,1,3.7698943035339467,1,1,1,1132,9
0641,0,0,"[np.float64(4.692466357721659), np.float64(97.78737978848821)]",0,939.2732807966687,0,2,2.323706793644613,4,4,3,618,2
0642,0,0,"[np.float64(8.67085002369178), np.float64(77.10043284384746)]",0,486.9173513420143,0,1,5.124645431831129,4,4,3,785,6
0643,0,0,"[np.float64(15.16804195423713), np.float64(104.723740023503)]",0,446.87942668975944,0,1,6.899655233606451,1,1,1,517,9
0644,0,0,"[np.float64(14.68523872168375), np.float64(-91.87816349786021)]",0,780.7581539468607,0,2,7.108263231716347,4,4,3,504,4
0645,0,0,"[np.float64(15.28715958187683), np.float64(44.26235717323168)]",0,713.4408299090982,0,2,3.4126398783564813,4,4,3,1336,12
0646,0,0,"[np.float64(15.43433695783027), np.float64(44.20165785070647)]",0,607.7017319071947,0,1,5.59784722368493,1,1,1,891,14
0647,0,0,"[np.float64(26.44557671341688), np.float64(77.81246291901397)]",0,935.2115595441196,0,2,7.1352878567776425,4,4,3,1404,11
0648,0,0,"[np.float64(6.296566495982711), np.float64(6.856630045874748)]",0,422.8370017260899,0,1,4.4523555696575885,4,4,3,659,12
0649,0,0,"[np.float64(40.41672616723248), np.float64(17.08258724973445)]",0,808.7231440965141,0,2,7.592820903845171,1,1,1,1387,13
0650,0,0,"[np.float64(3.032421522656612), np.float64(43.42920881212658)]",0,380.7128528000727,0,1,7.417871174777318,2,2,2,641,7
0651,0,0,"[np.float64(-6.544349846000468), np.float64(-59.90760943238583)]",0,838.5073286218087,0,2,3.2488033845128563,2,2,2,896,11
0652,0,0,"[np.float64(30.81225420696683), np.float64(46.26444809149082)]",0,260.2151543370027,0,1,3.553788997401223,4,4,3,517,12
0653,0,0,"[np.float64(31.36543275023828), np.float64(35.40223510540356)]",0,289.97780576319644,0,1,3.0826519918758133,3,3,3,1079,3
0654,0,0,"[np.float64(-5.99238331348251), np.float64(29.36275774448988)]",0,678.1916644834365,0,1,3.1763261087282135,3,3,3,613,10
0655,0,0,"[np.float64(15.3421562647789), np.float64(45.25170730142338)]",0,213.50058165684456,0,1,7.447172523040988,1,1,1,1033,3
0656,0,0,"[np.float64(17.98897657903611), np.float64(102.9374378968968)]",0,229.92503283840335,0,1,7.5868274551557375,1,1,1,1031,6
0657,0,0,"[np.float64(33.7993104143677), np.float64(115.9053827743634)]",0,305.95716658839734,0,1,2.311383447110786,2,2,2,1410,4
0658,0,0,"[np.float64(-5.544187967574298), np.float64(15.76288157046671)]",0,679.2498408907155,0,1,5.5616201340332285,3,3,3,1274,11
0659,0,0,"[np.float64(15.26394836162435), np.float64(44.17725840073803)]",0,889.4987043308087,0,2,5.3853893771454295,1,1,1,960,13
0660,0,0,"[np.float64(36.69852797009901), np.float64(128.9259535500014)]",0,674.8930834758597,0,1,4.343285880346759,3,3,3,1109,10
0661,0,0,"[np.float64(57.73168061754825), np.float64(56.03924441548581)]",0,827.986430099781,0,2,5.790185556938642,3,3,3,1116,10
0662,0,0,"[np.float64(17.86960809883119), np.float64(-72.09750244367702)]",0,544.0170291047752,0,1,7.6842069530651,4,4,3,785,8
0663,0,0,"[np.float64(15.38660056234074), np.float64(44.21210558919728)]",0,69.85429812380013,0,1,3.021529296332877,4,4,3,504,11
0664,0,0,"[np.float64(20.1222268429035), np.float64(86.13558982806936)]",0,101.36574529699216,0,1,2.7224654582987338,3,3,3,628,6
0665,0,0,"[np.float64(-7.200831996576626), np.float64(-60.44463174082212)]",0,554.8375863885485,0,1,2.200343424973854,2,2,2,1455,10
0666,0,0,"[np.float64(57.09960681636306), np.float64(60.62345453503075)]",0,328.4731676734675,0,1,4.182999847040861,1,1,1,1170,8
0667,0,0,"[np.float64(15.50971145900244), np.float64(45.42539172845743)]",0,221.3475055633057,0,1,4.025770862467196,1,1,1,1262,3
0668,0,0,"[np.float64(60.38358141677607), np.float64(5.086849104259948)]",0,466.7906703753182,0,1,4.5849181289518635,2,2,2,998,11
0669,0,0,"[np.float64(15.33588543553952), np.float64(44.26436664310038)]",0,666.8302441633972,0,1,5.019860185285694,4,4,3,775,2
0670,0,0,"[np.float64(25.3434923222493), np.float64(56.1451305277499)]",0,385.60695578812255,0,1,6.546943964182728,4,4,3,582,11
0671,0,0,"[np.float64(22.16028430771621), np.float64(92.16391278129542)]",0,802.7397149001843,0,2,4.35268034274511,2,2,2,1331,11
0672,0,0,"[np.float64(15.30122458061312), np.float64(44.20769730291694)]",0,738.7847233248223,0,2,3.9836786561674016,2,2,2,617,5
0673,0,0,"[np.float64(15.36732980019783), np.float64(44.13197120651051)]",0,735.1799672774072,0,2,6.961272921557761,4,4,3,1459,11
0674,0,0,"[np.float64(15.41835552732536), np.float64(44.26315470680714)]",0,985.2044999877111,0,2,7.098780023921938,3,3,3,528,9
0675,0,0,"[np.float64(36.95816467351622), np.float64(127.2170073667046)]",0,295.9347473942632,0,1,3.396595785760119,4,4,3,857,7
0676,0,0,"[np.float64(12.53026569121863), np.float64(8.700910491170207)]",0,645.0808607545542,0,1,3.88803093626785,3,3,3,1149,3
0677,0,0,"[np.float64(-33.13217557972659), np.float64(-68.94243257995237)]",0,855.6228618201533,0,2,6.950698225460529,1,1,1,656,6
0678,0,0,"[np.float64(40.41150928358038), np.float64(34.88042992026906)]",0,579.944909479997,0,1,2.476449465786589,1,1,1,530,10
0679,0,0,"[np.float64(15.4764160657426), np.float64(45.23881511288025)]",0,789.7126739392772,0,2,3.9550806823444273,3,3,3,1342,7
0680,0,0,"[np.float64(-2.687309414576798), np.float64(28.80439733525386)]",0,415.0377336540724,0,1,4.690100642245167,3,3,3,1482,7
0681,0,0,"[np.float64(41.4578170946094), np.float64(120.3535723628824)]",0,590.9008543091498,0,1,3.1224296912034264,4,4,3,785,8
0682,0,0,"[np.float64(-8.098305418918972), np.float64(-34.79260792979458)]",0,56.61072641152395,0,1,3.0794851796641893,2,2,2,1164,14
0683,0,0,"[np.float64(52.03901784781369), np.float64(7.170614397729004)]",0,985.7818382189886,0,2,4.549172348081172,3,3,3,835,12
0684,0,0,"[np.float64(51.23999565447085), np.float64(7.31328020746024)]",0,800.2184629669688,1,1,6.527130348409134,1,1,1,1069,6
0685,0,0,"[np.float64(15.44449246163084), np.float64(44.26321092655403)]",0,868.940262559818,0,2,7.041397877285765,4,4,3,812,4
0686,0,0,"[np.float64(-3.750953939086656), np.float64(-80.34786527957839)]",0,694.5999838648031,0,1,7.87541055521704,1,1,1,1098,4
0687,0,0,"[np.float64(15.39939381182075), np.float64(44.10900115960337)]",0,186.86398277589078,0,1,2.4439043005503143,4,4,3,622,6
0688,0,0,"[np.float64(15.50487283533895), np.float64(45.39279189099457)]",0,31.997413975614233,0,1,3.300093206875956,2,2,2,1202,5
0689,0,0,"[np.float64(13.00402657722696), np.float64(32.89808202689971)]",0,864.7919511282776,0,2,6.539779054305186,2,2,2,1364,6
0690,0,0,"[np.float64(40.23704223296568), np.float64(14.597170146754)]",0,396.934323082387,0,1,5.243592236333971,1,1,1,870,10
0691,0,0,"[np.float64(-22.86359250402419), np.float64(-42.8706713430586)]",0,264.60101116388,0,1,3.9660786437745092,3,3,3,1304,6
0692,0,0,"[np.float64(41.53267235996247), np.float64(-4.669994470976921)]",0,562.1112858801055,1,1,3.2335379674834615,3,3,3,813,5
0693,0,0,"[np.float64(-11.40985657897148), np.float64(33.88372723576106)]",0,421.4776239532436,0,1,3.682865309854688,1,1,1,527,14
0694,0,0,"[np.float64(10.52595772763286), np.float64(-73.11054866539862)]",0,652.0143296918694,0,1,4.575733701805712,3,3,3,654,5
0695,0,0,"[np.float64(52.97961726105453), np.float64(13.50692628806709)]",0,484.3094398214591,0,1,3.0629073170361965,3,3,3,1465,2
0696,0,0,"[np.float64(6.066196077799744), np.float64(-75.64376743287606)]",0,697.5359072998303,0,1,7.785355735260504,1,1,1,729,11
0697,0,0,"[np.float64(15.43870226555908), np.float64(44.28741841135957)]",0,853.5698462396338,0,2,2.645530667599246,1,1,1,1048,5
0698,0,0,"[np.float64(51.30323519662657), np.float64(22.45073340318432)]",0,196.36145394483324,0,1,7.913464606935315,2,2,2,505,13
0699,0,0,"[np.float64(7.716099276197342), np.float64(125.2329603302509)]",0,330.1034476849213,0,1,7.051359716004035,1,1,1,972,5
0700,0,0,"[np.float64(15.47160806218905), np.float64(45.34297061144142)]",0,437.37877098406824,0,1,4.5389097050824345,2,2,2,1472,10
0701,0,0,"[np.float64(41.96364907577028), np.float64(83.0258750159262)]",0,962.0963895796106,0,2,6.438898006329261,2,2,2,817,12
0702,0,0,"[np.float64(15.36898260367811), np.float64(44.29367027540404)]",0,365.9682799339378,0,1,6.029091462178316,4,4,3,724,5
0703,0,0,"[np.float64(23.268489807959), np.float64(-102.62084087089)]",0,381.71874974303694,0,1,3.2797215076935857,3,3,3,532,8
0704,0,0,"[np.float64(4.5268354720804), np.float64(7.494782834987832)]",0,653.8190504366016,0,1,4.034420516713679,1,1,1,588,2
0705,0,0,"[np.float64(41.16003280154683), np.float64(23.00680669057957)]",0,419.7805101800593,0,1,5.078735376832747,3,3,3,833,8
0706,0,0,"[np.float64(35.3214214798437), np.float64(-119.533899383446)]",0,951.2725218939656,0,2,5.827065079326362,4,4,3,539,3
0707,0,0,"[np.float64(15.32594201289743), np.float64(44.18445239523339)]",0,894.5742917149685,0,2,5.2573698881397295,1,1,1,1180,13
0708,0,0,"[np.float64(15.44908788660603), np.float64(44.21896586894604)]",0,513.8953689978973,0,1,4.837924766038843,1,1,1,874,12
0709,0,0,"[np.float64(-7.423117489018576), np.float64(110.2741339135725)]",0,645.130458713902,0,1,4.658913640729401,4,4,3,797,9
0710,0,0,"[np.float64(40.33738995414572), np.float64(-76.70408721036215)]",0,58.97253132173692,1,1,4.989586995770107,3,3,3,1497,2
0711,0,0,"[np.float64(34.73662381879044), np.float64(128.8013889108951)]",0,696.0347975043657,0,1,4.606109119075822,2,2,2,892,11
0712,0,0,"[np.float64(-21.4902902963777), np.float64(-64.83707616408573)]",0,707.4936720760832,0,1,5.247980465274296,4,4,3,517,4
0713,0,0,"[np.float64(15.35346315118163), np.float64(45.24627122619385)]",0,359.84009634756484,0,1,7.32791179428,4,4,3,1026,9
0714,0,0,"[np.float64(24.60431228843975), np.float64(54.75734952573463)]",0,220.4632007416474,0,1,5.79697587832767,1,1,1,631,11
0715,0,0,"[np.float64(-8.428564684848784), np.float64(112.9242470339305)]",0,915.1633234151997,0,2,6.33572524993124,2,2,2,789,9
0716,0,0,"[np.float64(0.5833799135181874), np.float64(24.89668450582083)]",0,427.27819590432256,0,1,5.584898802384659,4,4,3,1329,12
0717,0,0,"[np.float64(40.33709396384561), np.float64(-104.2016485672987)]",0,654.052398696909,0,1,5.858106094484014,3,3,3,1305,14
0718,0,0,"[np.float64(-15.60252703795235), np.float64(46.19011829468223)]",0,34.29546618127971,0,1,5.470098970689081,4,4,3,708,6
0719,0,0,"[np.float64(35.08020700577351), np.float64(108.0991195646698)]",0,414.6530994102595,0,1,2.1611991331749394,3,3,3,826,6
0720,0,0,"[np.float64(27.40653010941213), np.float64(120.5966384457788)]",0,817.4415522028661,0,2,7.997590293200119,1,1,1,1491,9
0721,0,0,"[np.float64(48.54539894304915), np.float64(135.0391574110673)]",0,388.1884244003143,0,1,2.20165544127738,4,4,3,1002,11
0722,0,0,"[np.float64(15.26868854406622), np.float64(44.25731175068778)]",0,603.5579989767399,2,1,4.370888049401922,3,3,3,778,6
0723,0,0,"[np.float64(15.31597753041549), np.float64(44.24138562824983)]",0,210.6459446840549,0,1,2.6306940697936003,1,1,1,881,10
0724,0,0,"[np.float64(30.90595106297373), np.float64(120.8976466157844)]",0,417.10912319072,0,1,2.5815707026455947,1,1,1,1287,2
0725,0,0,"[np.float64(15.29807894405803), np.float64(44.26844852779197)]",0,927.7100803351334,0,2,6.761161710046902,1,1,1,1451,6
0726,0,0,"[np.float64(48.16866482387579), np.float64(128.5904446444003)]",0,566.8852979513362,0,1,4.5555546761484615,4,4,3,808,4
0727,0,0,"[np.float64(36.61430335455329), np.float64(94.74643418142394)]",0,902.0295276338386,0,2,6.806832249792589,1,1,1,1397,4
0728,0,0,"[np.float64(15.30857804891421), np.float64(44.21878667494061)]",0,902.1172801900537,0,2,3.636718824084989,1,1,1,776,3
0729,0,0,"[np.float64(15.28415924045739), np.float64(44.12075204017849)]",0,944.203652624055,0,2,3.5387767508374086,3,3,3,575,4
0730,0,0,"[np.float64(39.45601143270014), np.float64(-95.22022490013352)]",0,895.4962684200252,0,2,3.507388290886773,1,1,1,797,8
0731,0,0,"[np.float64(49.22689962913111), np.float64(9.615341491960898)]",0,4.277847881290342,0,1,5.6968737584475155,4,4,3,1324,9
0732,0,0,"[np.float64(31.19385095447937), np.float64(74.48654668575372)]",0,934.0808766900153,0,2,6.8899963390736,2,2,2,877,13
0733,0,0,"[np.float64(32.71206621206638), np.float64(-80.19923483589305)]",0,138.32197964629103,0,1,4.713566060451443,1,1,1,932,9
0734,0,0,"[np.float64(19.68166244369), np.float64(-76.22386729724018)]",0,40.88632486003941,0,1,4.275493343846494,4,4,3,1358,12
0735,0,0,"[np.float64(15.36298395998675), np.float64(45.32029422441961)]",0,56.33314604347476,0,1,7.841477325209896,1,1,1,611,9
0736,0,0,"[np.float64(10.86906205496359), np.float64(107.1900815224596)]",0,349.5672789812571,0,1,2.700524216069833,4,4,3,1277,2
0737,0,0,"[np.float64(28.51818437328035), np.float64(77.54031996874973)]",0,621.1832811835249,0,1,4.919796092269355,1,1,1,571,12
0738,0,0,"[np.float64(23.94505604598608), np.float64(120.1582600274836)]",0,402.9088853224785,3,1,4.450926519088606,3,3,3,816,8
0739,0,0,"[np.float64(28.15200181819092), np.float64(-15.21598445962647)]",0,26.528730364730098,0,1,2.5887595795213425,2,2,2,520,3
0740,0,0,"[np.float64(31.11486680459071), np.float64(113.5417245977886)]",0,477.00615154054,0,1,3.609202172529315,2,2,2,687,12
0741,0,0,"[np.float64(29.3019010851111), np.float64(116.0992678465271)]",0,442.6886115281097,0,1,2.170647275474672,4,4,3,620,11
0742,0,0,"[np.float64(35.78334880271958), np.float64(113.0968741963182)]",0,757.0924162361453,0,2,7.261725733897742,4,4,3,841,5
0743,0,0,"[np.float64(15.43969031359667), np.float64(44.18788882883521)]",0,280.3332855270129,0,1,5.647097173942407,2,2,2,1152,6
0744,0,0,"[np.float64(15.35866056180893), np.float64(44.22999813439686)]",0,218.31364262057278,0,1,6.8901109872215045,3,3,3,803,13
0745,0,0,"[np.float64(33.47467958716247), np.float64(6.933338225262241)]",0,256.6830187189496,0,1,5.129326714417939,3,3,3,1435,2
0746,0,0,"[np.float64(17.44335053413444), np.float64(76.83479555317345)]",0,304.43608280721816,0,1,5.5970589765313665,1,1,1,946,5
0747,0,0,"[np.float64(26.87769369263977), np.float64(-105.8612376757188)]",0,599.5657084937993,0,1,6.2051268668549895,3,3,3,1215,5
0748,0,0,"[np.float64(37.40795292923215), np.float64(-121.947039670811)]",0,472.05395996662776,1,1,7.44806976478529,2,2,2,1220,10
0749,0,0,"[np.float64(5.380223861353773), np.float64(100.1231666341664)]",0,337.5576706138789,1,1,2.5505113269550748,2,2,2,995,10
0750,0,0,"[np.float64(32.6248076270756), np.float64(129.7175613618049)]",0,374.93984412539476,0,1,3.985690368414361,3,3,3,1020,14
0751,0,0,"[np.float64(41.91969639369898), np.float64(120.8825147099991)]",0,371.5527364988172,0,1,6.254157144200003,3,3,3,684,14
0752,0,0,"[np.float64(48.55567619481609), np.float64(37.51325150803306)]",0,972.4342880156071,0,2,7.750103378008356,2,2,2,1446,12
0753,0,0,"[np.float64(51.76155186408769), np.float64(39.23110515623688)]",0,233.76399106489959,0,1,7.884844570940032,2,2,2,1380,11
0754,0,0,"[np.float64(-36.86353851171096), np.float64(-64.36400965231732)]",0,818.2434987119864,0,2,5.828618054823574,2,2,2,1387,2
0755,0,0,"[np.float64(36.63721793324635), np.float64(118.4206836360745)]",0,708.5026267505989,0,1,3.1615908665292034,2,2,2,1307,9
0756,0,0,"[np.float64(-35.20341737725595), np.float64(-58.18029357746592)]",0,6.564435597947037,0,1,2.7152534684837404,2,2,2,831,5
0757,0,0,"[np.float64(-33.12404956107525), np.float64(-60.10381275976403)]",0,993.1830419073625,0,2,7.6762618656825525,3,3,3,1212,5
0758,0,0,"[np.float64(15.44462660066319), np.float64(45.36479432857512)]",0,756.68293126294,0,2,4.603566136775045,3,3,3,1075,6
0759,0,0,"[np.float64(-25.67172260461924), np.float64(28.49177885621045)]",0,682.7671367644406,0,1,3.1688961995761087,1,1,1,849,3
0760,0,0,"[np.float64(47.57478213986294), np.float64(-116.7416785746037)]",0,405.9193829689607,0,1,7.6033550946656066,1,1,1,1337,2
0761,0,0,"[np.float64(40.91596440505024), np.float64(80.40301807772518)]",0,555.6478858253753,0,1,2.627145629385871,4,4,3,819,6
0762,0,0,"[np.float64(41.01530165103067), np.float64(36.68108950893681)]",0,254.01762477180273,0,1,6.37742658114245,1,1,1,1036,8
0763,0,0,"[np.float64(37.24493014260311), np.float64(-76.69208872012382)]",0,36.44792174055178,0,1,5.751578165260005,3,3,3,911,11
0764,0,0,"[np.float64(15.26526348311893), np.float64(44.16857853246938)]",0,836.1856367875268,0,2,2.526407986285351,1,1,1,1405,10
0765,0,0,"[np.float64(15.40220552851947), np.float64(44.29222225171446)]",0,896.5880091874905,0,2,4.032492773836653,1,1,1,655,13
0766,0,0,"[np.float64(15.38307987432332), np.float64(45.39550992361619)]",0,163.30816597762563,0,1,2.8995841372400637,3,3,3,1232,13
0767,0,0,"[np.float64(24.75191788347719), np.float64(90.16818951863868)]",0,787.2690397498873,0,2,5.626991555198968,2,2,2,1303,14
0768,0,0,"[np.float64(15.30926374936608), np.float64(44.27936390253243)]",0,741.411520612373,0,2,4.862678190064573,3,3,3,1150,3
0769,0,0,"[np.float64(49.72838247897641), np.float64(9.913153801761451)]",0,179.19662693415438,0,1,2.0256507479629455,3,3,3,1032,13
0770,0,0,"[np.float64(40.47249529466539), np.float64(-111.7445856979948)]",0,422.40697377221903,0,1,7.854263397703448,4,4,3,1001,9
0771,0,0,"[np.float64(21.39224816169694), np.float64(-105.0597606537757)]",0,423.33516291326924,0,1,4.097507899337242,4,4,3,985,8
0772,0,0,"[np.float64(36.89536425576142), np.float64(54.41412768160019)]",0,760.2042940469432,0,2,3.5492263570222997,4,4,3,653,3
0773,0,0,"[np.float64(7.973946415485226), np.float64(124.149349039821)]",0,837.8232448702794,0,2,3.3346577347646162,2,2,2,1413,6
0774,0,0,"[np.float64(32.69628746891861), np.float64(119.6963530809259)]",0,95.68034626997964,0,1,2.952895377041407,1,1,1,567,8
0775,0,0,"[np.float64(35.40048901728815), np.float64(-89.94105847160465)]",0,563.4062656692987,0,1,7.994822457299059,4,4,3,991,4
0776,0,0,"[np.float64(15.51288196486727), np.float64(45.29347114966385)]",0,761.9867484319564,0,2,3.770656807289629,3,3,3,540,3
0777,0,0,"[np.float64(15.4253428840452), np.float64(45.2462463868612)]",0,786.4044034710932,0,2,4.43308098334569,4,4,3,1026,7
0778,0,0,"[np.float64(32.38286526110915), np.float64(114.5146323834331)]",0,148.8455309059785,0,1,7.228135497068534,3,3,3,1290,11
0779,0,0,"[np.float64(17.39103690109519), np.float64(79.45515424972086)]",0,525.9796380076433,0,1,5.851325021257269,2,2,2,668,14
0780,0,0,"[np.float64(14.90088626864345), np.float64(-16.35612595423526)]",0,857.7011476563403,0,2,4.212166470471635,4,4,3,1145,7
0781,0,0,"[np.float64(15.45372889946995), np.float64(45.36084723393049)]",0,319.2000580086989,0,1,7.389970615543119,3,3,3,1210,12
0782,0,0,"[np.float64(15.34701217024411), np.float64(44.11854191958126)]",0,425.69178201288537,0,1,6.498345213281601,1,1,1,1249,5
0783,0,0,"[np.float64(35.96504807152824), np.float64(127.1952122014496)]",0,804.5541528249961,0,2,3.3674030452501977,2,2,2,1455,2
0784,0,0,"[np.float64(15.32476196553891), np.float64(45.43003211744391)]",0,90.23020166257854,0,1,5.8624339675995225,3,3,3,611,6
0785,0,0,"[np.float64(15.34875014735141), np.float64(44.24807944268345)]",0,859.6337965990892,0,2,7.534390989754409,1,1,1,962,2
0786,0,0,"[np.float64(37.58599367139291), np.float64(-122.026930210142)]",0,311.8455600140782,0,1,4.978765270702475,1,1,1,551,12
0787,0,0,"[np.float64(35.28727051853969), np.float64(60.64861696025564)]",0,2.448866274536027,0,1,6.401674416990003,3,3,3,1148,12
0788,0,0,"[np.float64(3.815871908597007), np.float64(9.72901333172137)]",0,234.92498591130192,0,1,7.826622463934955,4,4,3,754,9
0789,0,0,"[np.float64(50.63738836139568), np.float64(31.02019388892899)]",0,90.41114025461096,0,1,6.1424848453712775,1,1,1,1126,3
0790,0,0,"[np.float64(15.50564334346546), np.float64(45.39069633393365)]",0,93.29252208924788,0,1,2.614632138596484,2,2,2,657,10
0791,0,0,"[np.float64(37.72511891624357), np.float64(-122.6328111862009)]",0,693.1428984084489,0,1,3.4673573055877362,1,1,1,799,10
0792,0,0,"[np.float64(15.35682379766438), np.float64(45.37803425405775)]",0,214.76235930342574,0,1,5.570578624055893,4,4,3,1457,4
0793,0,0,"[np.float64(20.75268402495047), np.float64(-97.1956368655359)]",0,934.8076206140055,0,2,3.6533348922314364,2,2,2,926,7
0794,0,0,"[np.float64(36.06777302094315), np.float64(-95.94175108393925)]",0,516.9281020447127,0,1,7.745250232334839,2,2,2,1423,10
0795,0,0,"[np.float64(15.34994037093855), np.float64(45.33883161512468)]",0,460.6381596969636,0,1,4.432112204133043,2,2,2,1489,8
0796,0,0,"[np.float64(21.9617985715757), np.float64(-79.56607577016823)]",0,434.8492347019315,0,1,4.74338243439419,3,3,3,1275,5
0797,0,0,"[np.float64(54.14850767742229), np.float64(56.59502917643014)]",0,692.8950520319602,0,1,6.209612560820704,1,1,1,1366,4
0798,0,0,"[np.float64(15.66681142700058), np.float64(-86.92981242009621)]",0,452.8104997610848,0,1,5.145498388051244,4,4,3,806,3
0799,0,0,"[np.float64(30.74927626066766), np.float64(105.2489264295708)]",0,129.47175586896665,0,1,4.29287580133261,3,3,3,598,11
0800,0,0,"[np.float64(2.780625641193455), np.float64(101.262132160286)]",0,880.2920084601158,0,2,2.4598272509274723,3,3,3,620,11
0801,0,0,"[np.float64(46.23470201402048), np.float64(4.87862046771545)]",0,428.96695357673303,0,1,5.578673537047183,2,2,2,1101,2
0802,0,0,"[np.float64(39.80394266104254), np.float64(-105.3320988949999)]",0,74.93057112380298,0,1,7.205480184764208,3,3,3,529,12
0803,0,0,"[np.float64(38.43286023136803), np.float64(15.62649685768616)]",0,529.8366215102633,0,1,6.114574650560337,1,1,1,1494,11
0804,0,0,"[np.float64(15.36823636311411), np.float64(44.23357836659586)]",0,647.6995115972477,0,1,4.288970060281713,3,3,3,729,12
0805,0,0,"[np.float64(14.24980042801736), np.float64(33.58714391359199)]",0,276.3068816936008,0,1,2.7663563877387762,3,3,3,1150,2
0806,0,0,"[np.float64(34.89600267667592), np.float64(-82.3344915581176)]",0,800.5400672661684,0,2,6.898029121425463,2,2,2,753,13
0807,0,0,"[np.float64(15.4679750174847), np.float64(45.35600152927002)]",0,670.1060701913264,0,1,7.650490173387229,2,2,2,903,5
0808,0,0,"[np.float64(11.08469086642429), np.float64(39.40749123387835)]",0,650.690828095169,1,1,4.329637944777589,3,3,3,993,5
0809,0,0,"[np.float64(52.7327491300933), np.float64(9.258476930323436)]",0,421.4041279149264,0,1,6.371853135104369,2,2,2,530,10
0810,0,0,"[np.float64(15.43617640418931), np.float64(44.2320289529854)]",0,961.9533861098765,0,2,4.464580639344534,4,4,3,661,11
0811,0,0,"[np.float64(34.42824367371551), np.float64(-118.4887640902941)]",0,274.9149787812984,0,1,5.013601633113197,4,4,3,1407,2
0812,0,0,"[np.float64(35.77240637304256), np.float64(-86.56602314428727)]",0,578.1277955144371,1,1,7.018858283698458,4,4,3,931,12
0813,0,0,"[np.float64(19.10908281336659), np.float64(-99.66055696116423)]",0,309.746102315145,0,1,2.5005460532669215,3,3,3,655,5
0814,0,0,"[np.float64(17.40919319602953), np.float64(79.62608259559241)]",0,745.0599482185825,0,2,5.18201209272023,1,1,1,822,4
0815,0,0,"[np.float64(15.32690273889364), np.float64(44.13657879128296)]",0,48.74369238625132,1,1,3.287721648027335,1,1,1,1128,10
0816,0,0,"[np.float64(38.82155197269543), np.float64(-85.850434204752)]",0,46.84797400717418,0,1,4.0388356729745745,2,2,2,690,14
0817,0,0,"[np.float64(34.62513784384307), np.float64(109.2612493917191)]",0,811.0501085492726,0,2,5.866572947853646,1,1,1,675,6
0818,0,0,"[np.float64(15.31716648716571), np.float64(44.29704468547757)]",0,434.8338929026074,0,1,2.1633704740210904,1,1,1,1437,10
0819,0,0,"[np.float64(39.84415909216952), np.float64(-121.7828407550018)]",0,341.83887454575535,0,1,5.562950593838976,3,3,3,1447,11
0820,0,0,"[np.float64(15.33819991779283), np.float64(45.31446153203321)]",0,607.9193353131632,0,1,3.700653436722498,2,2,2,1016,7
0821,0,0,"[np.float64(39.78192937595332), np.float64(116.5988584284825)]",0,702.1974445251046,0,1,6.016906164848433,1,1,1,1344,12
0822,0,0,"[np.float64(-1.931237912193162), np.float64(-43.65402719724668)]",0,202.0001454975622,1,1,2.8494881114783253,4,4,3,1023,10
0823,0,0,"[np.float64(15.36146073841911), np.float64(45.4029399151952)]",0,186.2458101633268,0,1,6.414869622897072,2,2,2,1070,2
0824,0,0,"[np.float64(22.44477907087294), np.float64(82.07061950940755)]",0,958.1925970121216,0,2,5.873838318577869,2,2,2,1332,14
0825,0,0,"[np.float64(21.03858191057018), np.float64(74.37119471296346)]",0,590.0746420781848,0,1,7.8274509972821065,2,2,2,1319,5
0826,0,0,"[np.float64(29.11799783394254), np.float64(105.153099770934)]",0,390.72636081697385,0,1,7.467412179548888,4,4,3,1310,5
0827,0,0,"[np.float64(40.10312856931193), np.float64(-88.30311797064273)]",0,801.6402529748369,0,2,3.699817179198214,1,1,1,1261,11
0828,0,0,"[np.float64(15.30776578926898), np.float64(44.23542304201472)]",0,525.6337998191393,1,1,2.163899436352622,4,4,3,838,11
0829,0,0,"[np.float64(39.09537393106385), np.float64(106.6765177722966)]",0,242.4211475642068,0,1,5.932211366670547,2,2,2,1104,7
0830,0,0,"[np.float64(24.34775895179228), np.float64(47.55551762857881)]",0,207.52857033593224,0,1,5.617324334028035,2,2,2,818,11
0831,0,0,"[np.float64(42.31104942253206), np.float64(123.8981086472852)]",0,397.46240690365187,0,1,2.1645726125986764,3,3,3,610,14
0832,0,0,"[np.float64(6.8003150193718), np.float64(2.633177158776507)]",0,860.0359643996197,0,2,2.736065175215556,3,3,3,1317,2
0833,0,0,"[np.float64(15.38027475808304), np.float64(44.20467821618219)]",0,62.38646812821466,0,1,5.508210227215914,3,3,3,1379,11
0834,0,0,"[np.float64(-24.35739991703869), np.float64(-47.35934700715942)]",0,219.30747475400838,0,1,7.470963584260952,3,3,3,1306,6
0835,0,0,"[np.float64(39.10441299254001), np.float64(-94.62244468847423)]",0,893.2586670337388,0,2,7.439001659080441,2,2,2,1437,4
0836,0,0,"[np.float64(15.48524429714819), np.float64(45.28260547665889)]",0,122.61283440028124,0,1,2.908910327672449,4,4,3,972,2
0837,0,0,"[np.float64(40.16710283184663), np.float64(117.3064200020068)]",0,629.9960925459042,0,1,4.307443678431497,3,3,3,1347,7
0838,0,0,"[np.float64(24.29101905219664), np.float64(121.12986307617)]",0,214.2978567529041,0,1,2.259217186113044,4,4,3,516,4
0839,0,0,"[np.float64(39.3547228231108), np.float64(115.7853521894979)]",0,606.2609806643765,0,1,4.815631078177574,3,3,3,719,5
0840,0,0,"[np.float64(52.00787857002857), np.float64(7.13592130906005)]",0,383.72106267738786,1,1,6.5185007580392345,1,1,1,986,13
0841,0,0,"[np.float64(49.43370209015913), np.float64(9.371792086257077)]",0,102.57521953456087,1,1,6.7398362681936685,3,3,3,1310,10
0842,0,0,"[np.float64(50.18472650544881), np.float64(36.11773059865531)]",0,582.8925924865523,0,1,4.993936799579438,4,4,3,804,3
0843,0,0,"[np.float64(5.615831434716668), np.float64(-10.0931941724835)]",0,683.3597043375014,0,1,2.5752180482493103,3,3,3,1016,2
0844,0,0,"[np.float64(37.3119208747503), np.float64(121.9479263981902)]",0,680.5923463468371,1,1,4.288183851089398,1,1,1,628,11
0845,0,0,"[np.float64(15.34038522057796), np.float64(44.14917350214408)]",0,637.3973746636369,0,1,7.592611759846187,4,4,3,1334,7
0846,0,0,"[np.float64(37.76131249306622), np.float64(-5.011013629053059)]",0,500.72455615461024,0,1,3.377675339118288,4,4,3,1123,13
0847,0,0,"[np.float64(44.87794131221349), np.float64(-72.93612358916735)]",0,519.9531442424664,0,1,3.918526699476359,4,4,3,523,2
0848,0,0,"[np.float64(15.38433076249326), np.float64(45.33135707200177)]",0,636.0044696981516,0,1,6.480963052778425,2,2,2,1040,2
0849,0,0,"[np.float64(29.57166545746831), np.float64(32.32016892409456)]",0,690.5691023848944,1,1,6.401484733315629,4,4,3,1410,8
0850,0,0,"[np.float64(14.23205713145524), np.float64(78.1642658125473)]",0,655.2218620925537,0,1,7.473213728149594,2,2,2,631,3
0851,0,0,"[np.float64(34.78482164280463), np.float64(133.6376967714313)]",0,587.3586193485382,0,1,4.328712144322252,1,1,1,1055,5
0852,0,0,"[np.float64(13.33321456266133), np.float64(22.34233699357445)]",0,156.6831458193143,0,1,5.087592343245747,4,4,3,820,5
0853,0,0,"[np.float64(51.23110964035691), np.float64(6.530698714847926)]",0,211.40592195436892,0,1,4.804354767322866,4,4,3,996,3
0854,0,0,"[np.float64(12.81713207770769), np.float64(-16.0590064914073)]",0,260.963797014313,0,1,7.566513026134719,4,4,3,1387,7
0855,0,0,"[np.float64(23.51514908717352), np.float64(76.27951622456803)]",0,919.7419954304147,0,2,6.6159835329478085,1,1,1,1218,11
0856,0,0,"[np.float64(7.518232547110135), np.float64(3.723616875121727)]",0,759.6356967051695,0,2,6.98865067900309,2,2,2,881,3
0857,0,0,"[np.float64(-34.72402898068509), np.float64(-68.1909061684908)]",0,553.3139527173413,0,1,2.7985896129764654,3,3,3,715,13
0858,0,0,"[np.float64(15.38944924160432), np.float64(45.41177518061794)]",0,252.80487161550278,0,1,6.75108015720896,1,1,1,1255,9
0859,0,0,"[np.float64(5.581417152317939), np.float64(-0.02463048057301243)]",0,111.780631720927,0,1,4.597872596344982,1,1,1,1042,5
0860,0,0,"[np.float64(25.29391949362621), np.float64(113.3369474416112)]",0,898.8604667539947,0,2,2.140032096983883,1,1,1,1415,2
0861,0,0,"[np.float64(15.32048749040011), np.float64(44.25920351917017)]",0,892.7733498070942,0,2,2.3605301164597075,2,2,2,1277,8
0862,0,0,"[np.float64(38.18300521625489), np.float64(-75.73259286359264)]",0,111.58490009999585,0,1,6.067447638409067,2,2,2,510,7
0863,0,0,"[np.float64(37.3569628721152), np.float64(-6.357247410893716)]",0,797.4194494303996,0,2,4.2320746468758195,2,2,2,581,13
0864,0,0,"[np.float64(42.81707373285452), np.float64(-5.677602660119014)]",0,447.1984242406027,0,1,7.208693439340882,2,2,2,1493,7
0865,0,0,"[np.float64(37.19276942880283), np.float64(79.82078676598965)]",0,324.6429658977096,0,1,6.405638803255199,2,2,2,655,12
0866,0,0,"[np.float64(31.06709157337984), np.float64(103.97696234631)]",0,739.3654316724985,0,2,2.1300800700017706,4,4,3,665,4
0867,0,0,"[np.float64(21.69028209580383), np.float64(92.00812507453246)]",0,614.7152115196699,1,1,6.121329871016012,3,3,3,707,11
0868,0,0,"[np.float64(15.38636624254002), np.float64(45.40891079457504)]",0,780.250077485744,0,2,3.1541148363941374,3,3,3,523,8
0869,0,0,"[np.float64(-7.577792672650324), np.float64(110.3448360237169)]",0,75.25453177230415,0,1,4.535495412223472,2,2,2,1306,7
0870,0,0,"[np.float64(-0.870748593227754), np.float64(100.1774219125444)]",0,319.26843293749897,0,1,5.748411212737777,2,2,2,1386,11
0871,0,0,"[np.float64(15.32955382715569), np.float64(45.36060206586485)]",0,319.997533566319,0,1,7.236307047774157,4,4,3,1190,11
0872,0,0,"[np.float64(36.56122680840813), np.float64(140.2475607497445)]",0,330.42333919547775,0,1,4.736587330351635,2,2,2,831,10
0873,0,0,"[np.float64(15.43422215056081), np.float64(44.30263871743544)]",0,502.97739277116165,0,1,6.8509427251468065,4,4,3,1061,4
0874,0,0,"[np.float64(51.26298891686045), np.float64(31.68708054527626)]",0,283.7307892778664,0,1,6.697793976803797,4,4,3,1018,4
0875,0,0,"[np.float64(15.30419163389215), np.float64(44.21738563644873)]",0,444.93922647743216,0,1,4.48723107710755,1,1,1,1010,5
0876,0,0,"[np.float64(28.85641623077434), np.float64(105.0656868227143)]",0,368.4098155223004,0,1,5.005880980597417,1,1,1,1111,4
0877,0,0,"[np.float64(15.29599382089294), np.float64(44.19804048427816)]",0,735.5607519724908,0,2,6.202910060298879,2,2,2,1092,5
0878,0,0,"[np.float64(14.46788384507577), np.float64(108.0873925492409)]",0,603.8972948793751,0,1,2.1868906078816384,4,4,3,740,7
0879,0,0,"[np.float64(-4.948784914940367), np.float64(11.84792509201659)]",0,653.9758028849981,0,1,7.344868482795476,2,2,2,1335,2
0880,0,0,"[np.float64(19.92824858601777), np.float64(-98.9236178818782)]",0,211.3733101885618,0,1,6.618896956626161,1,1,1,680,3
0881,0,0,"[np.float64(38.86063557537279), np.float64(-121.5557159411081)]",0,326.1766631615625,0,1,3.4964952884139824,1,1,1,792,11
0882,0,0,"[np.float64(15.34119789763081), np.float64(45.2978365238551)]",0,22.14428216446221,0,1,7.887079719133853,1,1,1,1492,7
0883,0,0,"[np.float64(15.32955747498152), np.float64(44.18928204890114)]",0,109.26633258587673,0,1,3.0763421155377126,1,1,1,582,13
0884,0,0,"[np.float64(40.61602579774949), np.float64(69.89670588863581)]",0,265.7891777568984,0,1,7.484520042226411,1,1,1,1065,14
0885,0,0,"[np.float64(-34.25618239505599), np.float64(150.5248025779267)]",0,66.39825758071903,2,1,3.9468407499386666,2,2,2,589,7
0886,0,0,"[np.float64(15.2971101057901), np.float64(44.18925682152405)]",0,603.0297679543478,0,1,6.578880260984815,2,2,2,938,13
0887,0,0,"[np.float64(15.38791494447915), np.float64(44.23271076972372)]",0,998.1319858079014,0,2,4.738259559487671,1,1,1,1214,2
0888,0,0,"[np.float64(28.42297852979693), np.float64(121.1100962099711)]",0,101.71439885132312,0,1,6.418804324700013,2,2,2,1042,7
0889,0,0,"[np.float64(-7.198540843564811), np.float64(39.42124925728999)]",0,821.4089824565958,0,2,2.9346982876361976,1,1,1,692,12
0890,0,0,"[np.float64(15.49992967104126), np.float64(45.28482275186808)]",0,119.69743101788202,0,1,3.6170387503188968,1,1,1,987,13
0891,0,0,"[np.float64(15.37508649221408), np.float64(45.2648417033465)]",0,670.2441047776397,0,1,2.5991469468321537,1,1,1,1111,10
0892,0,0,"[np.float64(26.11230133436835), np.float64(63.2993664708302)]",0,643.5144454559581,0,1,7.190863888626819,2,2,2,848,9
0893,0,0,"[np.float64(15.29198254091358), np.float64(44.26475332105333)]",0,902.814217876388,0,2,3.777757926616996,2,2,2,588,11
0894,0,0,"[np.float64(10.66575478290597), np.float64(79.16246012099437)]",0,114.83166806683185,0,1,6.166857376499981,4,4,3,1454,6
0895,0,0,"[np.float64(15.42040539553416), np.float64(44.18306680829682)]",0,316.12902161581593,0,1,6.921327186449169,2,2,2,622,14
0896,0,0,"[np.float64(36.47495482666341), np.float64(42.50902192299633)]",0,91.68898059433103,0,1,7.408509418276076,2,2,2,873,5
0897,0,0,"[np.float64(15.39570333154585), np.float64(45.26798884186234)]",0,407.9759424786294,0,1,2.637782691870307,3,3,3,546,7
0898,0,0,"[np.float64(15.40097554812284), np.float64(44.20927759626986)]",0,911.6815803838874,0,2,7.358089601075675,1,1,1,932,12
0899,0,0,"[np.float64(44.85431848939386), np.float64(-91.68898951118011)]",0,781.7416279107943,0,2,3.1835166663843166,1,1,1,645,13
0900,0,0,"[np.float64(23.37939922921787), np.float64(104.4188690596225)]",0,723.1772003448739,0,2,6.421412069545769,2,2,2,502,6
0901,0,0,"[np.float64(22.56750332776332), np.float64(89.71098574144327)]",0,533.4944773578393,0,1,6.3730941161876675,2,2,2,1029,14
0902,0,0,"[np.float64(15.44345798059543), np.float64(44.16250655485742)]",0,883.6022565931873,0,2,2.0510188504457254,4,4,3,813,7
0903,0,0,"[np.float64(33.11833620208781), np.float64(-96.86104818817235)]",0,449.99235644308703,0,1,3.3237434498615253,3,3,3,826,11
0904,0,0,"[np.float64(50.06723925632738), np.float64(-97.48180044457159)]",0,150.53598143353761,0,1,4.951451087989204,1,1,1,1487,12
0905,0,0,"[np.float64(30.58592505610543), np.float64(-87.41012103576065)]",0,837.7476378976585,0,2,4.520208239979693,1,1,1,580,4
0906,0,0,"[np.float64(40.81262398931596), np.float64(109.8750581943191)]",0,280.3586897236751,0,1,7.511440879307657,2,2,2,652,8
0907,0,0,"[np.float64(15.32669069639493), np.float64(44.17452666674495)]",0,54.57990748342361,0,1,4.158445217015139,2,2,2,901,9
0908,0,0,"[np.float64(56.85498003448757), np.float64(10.09099112855863)]",0,126.91199263812258,0,1,7.6219022890157735,3,3,3,1319,6
0909,0,0,"[np.float64(15.50262118305326), np.float64(45.28293757812266)]",0,609.449857277954,0,1,4.756575910355187,1,1,1,987,6
0910,0,0,"[np.float64(7.257431164626644), np.float64(38.79297444451961)]",0,607.4748819572513,0,1,7.786117379840995,3,3,3,1310,13
0911,0,0,"[np.float64(12.6703914164964), np.float64(76.73416482409996)]",0,260.92298791095243,0,1,6.424128860149167,1,1,1,566,5
0912,0,0,"[np.float64(39.58149652932372), np.float64(-83.3938974081428)]",0,727.4529677980331,0,2,6.976007549792936,2,2,2,588,11
0913,0,0,"[np.float64(15.38220590550723), np.float64(45.25659779436278)]",0,773.8665152441348,0,2,2.629261330094006,3,3,3,634,6
0914,0,0,"[np.float64(2.940419745799746), np.float64(98.846245779196)]",0,920.5821235074847,0,2,5.516848599454207,4,4,3,1378,13
0915,0,0,"[np.float64(15.32890060326895), np.float64(45.274815232019)]",0,585.3525611795587,0,1,2.856202158976105,2,2,2,701,11
0916,0,0,"[np.float64(15.26134073001157), np.float64(44.14575301012404)]",0,779.6439407834253,0,2,3.7857260123058447,4,4,3,927,12
0917,0,0,"[np.float64(54.75206188267887), np.float64(-6.076832177141757)]",0,753.346580091862,0,2,5.741392437003609,4,4,3,1439,9
0918,0,0,"[np.float64(5.9798984879773), np.float64(117.9985704068207)]",0,258.5512394187257,0,1,6.357354228163345,4,4,3,678,6
0919,0,0,"[np.float64(15.334515231857), np.float64(44.11218754360325)]",0,310.9157020097217,0,1,2.235102692067505,1,1,1,838,10
0920,0,0,"[np.float64(8.892971899473904), np.float64(125.331806408378)]",0,479.00391335711856,0,1,5.185662386434188,4,4,3,578,14
0921,0,0,"[np.float64(25.65684064861116), np.float64(-103.1691937063162)]",0,20.019928561719247,0,1,5.391883917739318,1,1,1,1096,13
0922,0,0,"[np.float64(15.49362315116386), np.float64(45.36681210314649)]",0,298.10037538456584,0,1,2.472967982661207,3,3,3,1032,14
0923,0,0,"[np.float64(15.44196903440522), np.float64(45.3642071211996)]",0,474.40899047089374,0,1,5.004128205204582,2,2,2,877,2
0924,0,0,"[np.float64(38.34862831299824), np.float64(125.6305856917838)]",0,108.96122598586258,0,1,6.283053680298959,1,1,1,664,8
0925,0,0,"[np.float64(22.63641784254333), np.float64(120.5805227631811)]",0,127.14961188735032,1,1,2.319363709253186,1,1,1,1039,6
0926,0,0,"[np.float64(11.64931035885412), np.float64(75.3454645023892)]",0,463.7734990016038,0,1,6.561606657943772,3,3,3,1248,5
0927,0,0,"[np.float64(10.17652061879784), np.float64(105.8991741130898)]",0,731.2340665543453,0,2,5.458559029424821,3,3,3,1299,4
0928,0,0,"[np.float64(15.29309579809587), np.float64(44.2064660682908)]",0,833.9151819897625,0,2,6.999363249630745,2,2,2,1196,13
0929,0,0,"[np.float64(15.34798205713934), np.float64(44.26709886600003)]",0,546.7675836072439,0,1,3.3083754371244196,3,3,3,1436,11
0930,0,0,"[np.float64(34.96653568748317), np.float64(-81.95412306879736)]",0,475.27423855918437,0,1,6.999642105278711,1,1,1,1321,8
0931,0,0,"[np.float64(19.20901148707504), np.float64(77.34785769653445)]",0,384.89628789129546,0,1,2.5673658516048077,2,2,2,654,13
0932,0,0,"[np.float64(32.96764896585764), np.float64(106.8046809372893)]",0,193.75604344516861,0,1,4.4229781786680284,2,2,2,622,3
0933,0,0,"[np.float64(15.39577421805864), np.float64(44.19968681214924)]",0,147.41544081155035,0,1,3.196908749147891,2,2,2,1098,6
0934,0,0,"[np.float64(15.41347928742369), np.float64(44.18270013506211)]",0,792.1045552101463,0,2,7.256124993745245,4,4,3,701,3
0935,0,0,"[np.float64(-5.151626166824222), np.float64(-49.3556325007579)]",0,465.5416255801238,0,1,6.229518897810642,4,4,3,539,8
0936,0,0,"[np.float64(22.06822447769551), np.float64(88.26285570727256)]",0,790.5299252342749,0,2,2.152170662964369,1,1,1,668,7
0937,0,0,"[np.float64(15.50611722429484), np.float64(45.3234254157688)]",0,704.3789528647291,0,1,2.0571401336837365,4,4,3,569,14
0938,0,0,"[np.float64(56.66880133711218), np.float64(53.806526183696)]",0,194.70201846899545,1,1,3.7474955268900185,3,3,3,1291,11
0939,0,0,"[np.float64(15.32315062707691), np.float64(45.4084540435262)]",0,510.7969569470145,0,1,2.8596986856833926,2,2,2,1413,8
0940,0,0,"[np.float64(52.73948727309736), np.float64(-1.363106448569343)]",0,444.57261379225804,0,1,5.781826865361175,1,1,1,829,13
0941,0,0,"[np.float64(20.04548487276527), np.float64(95.76968864807657)]",0,424.44963258460604,0,1,5.982781603295359,3,3,3,939,10
0942,0,0,"[np.float64(15.40213287302873), np.float64(45.36219283882739)]",0,543.02847815461,1,1,7.651705421968205,2,2,2,898,14
0943,0,0,"[np.float64(11.99003758206099), np.float64(78.10334361938055)]",0,982.0998191743624,0,2,7.712239547275045,3,3,3,992,3
0944,0,0,"[np.float64(15.41390892577562), np.float64(45.41020055544551)]",0,813.0876970730745,1,1,5.953380232468073,4,4,3,853,10
0945,0,0,"[np.float64(37.0036963394655), np.float64(-113.5027979475106)]",0,903.8087191987612,0,2,2.0340506771162525,3,3,3,827,8
0946,0,0,"[np.float64(42.04516368060606), np.float64(-72.70264486012896)]",0,30.609943592861505,0,1,4.153987499417686,4,4,3,997,3
0947,0,0,"[np.float64(49.44825181637029), np.float64(119.8540814117664)]",0,141.19603042571345,0,1,5.078849079483597,3,3,3,918,11
0948,0,0,"[np.float64(15.48955918416705), np.float64(45.33155634758603)]",0,85.67889656433893,0,1,4.9950785390507955,1,1,1,1002,3
0949,0,0,"[np.float64(23.79890765609858), np.float64(113.5057576730601)]",0,263.96777406021135,0,1,5.62004377701336,4,4,3,1038,5
0950,0,0,"[np.float64(17.73778874401928), np.float64(77.62397099064269)]",0,442.4505994746838,0,1,7.763308896828563,4,4,3,844,3
0951,0,0,"[np.float64(54.03852202634058), np.float64(49.45117747027247)]",0,642.4111944082337,0,1,7.311156151730923,2,2,2,1142,2
0952,0,0,"[np.float64(-33.2886574797973), np.float64(152.2115358271796)]",0,501.3304350203154,0,1,2.65344820070293,4,4,3,1288,7
0953,0,0,"[np.float64(-22.28518634998811), np.float64(-42.36685620541314)]",0,903.2807309982267,0,2,3.5958823483603597,2,2,2,876,11
0954,0,0,"[np.float64(24.83169282220214), np.float64(90.1288426660259)]",0,939.9161029349699,0,2,6.998656504517818,4,4,3,794,12
0955,0,0,"[np.float64(25.49995629039098), np.float64(100.0174542262549)]",0,164.35743024626146,0,1,6.945841452915242,4,4,3,787,6
0956,0,0,"[np.float64(15.43392485301), np.float64(45.3460413915903)]",0,853.0600073445203,0,2,3.6522243447300258,4,4,3,753,13
0957,0,0,"[np.float64(22.6449614889553), np.float64(113.2515469786561)]",0,482.2404818092877,0,1,6.3835281841167175,4,4,3,933,4
0958,0,0,"[np.float64(15.40635659156281), np.float64(45.40198117480449)]",0,453.87614184606696,0,1,6.032224272307143,2,2,2,1000,12
0959,0,0,"[np.float64(31.4627076246721), np.float64(35.33620938257084)]",0,785.1544091360836,0,2,4.841143789819769,1,1,1,584,2
0960,0,0,"[np.float64(30.55167708433899), np.float64(-89.08157968423853)]",0,94.04736853583171,0,1,3.208729716074176,3,3,3,1020,10
0961,0,0,"[np.float64(40.19689524157579), np.float64(65.12025794943278)]",0,882.6106342917274,0,2,7.331859085364517,4,4,3,1061,9
0962,0,0,"[np.float64(43.54440981664251), np.float64(-79.63040160234651)]",0,671.1924911930671,0,1,6.067107105841009,4,4,3,1012,7
0963,0,0,"[np.float64(22.60718850527739), np.float64(96.40235550029888)]",0,875.3863460503399,0,2,3.0139575492702484,1,1,1,1015,7
0964,0,0,"[np.float64(15.46489481756535), np.float64(45.3785104472537)]",0,994.4831001299152,0,2,6.228814069045165,2,2,2,1015,13
0965,0,0,"[np.float64(15.44602880745204), np.float64(45.30131363174533)]",0,518.4864479048961,0,1,6.448602317461879,3,3,3,996,5
0966,0,0,"[np.float64(24.06090817264873), np.float64(40.08587003901336)]",0,94.16893571102005,0,1,7.321281710726244,1,1,1,1101,14
0967,0,0,"[np.float64(43.23519177457409), np.float64(128.3445043792948)]",0,167.35733906795562,0,1,3.3370355314516096,1,1,1,661,3
0968,0,0,"[np.float64(15.48522212346789), np.float64(45.29969589800463)]",0,324.2946243117556,1,1,7.9325246324804395,1,1,1,1166,13
0969,0,0,"[np.float64(54.85922225367985), np.float64(36.43583153325513)]",0,104.44938919257484,0,1,2.920360535161527,1,1,1,1026,5
0970,0,0,"[np.float64(15.37635783300071), np.float64(44.1495292499775)]",0,815.5264843116321,0,2,5.604133351157499,4,4,3,864,3
0971,0,0,"[np.float64(29.65446609155945), np.float64(29.76954665526145)]",0,297.5709831817357,0,1,5.943059031640871,3,3,3,1043,14
0972,0,0,"[np.float64(15.37178556834018), np.float64(44.20441905536235)]",0,975.9103018318453,1,1,4.513717371595163,4,4,3,924,8
0973,0,0,"[np.float64(36.60144897403407), np.float64(-119.5650015585268)]",0,702.8888404999238,1,1,4.850226252622319,1,1,1,1466,10
0974,0,0,"[np.float64(32.87748912512983), np.float64(-96.71701081434058)]",0,174.25693988530207,0,1,7.345460580332825,3,3,3,1456,14
0975,0,0,"[np.float64(31.23676733409421), np.float64(73.66858471504852)]",0,476.56660429699633,0,1,5.871645377992771,1,1,1,1074,3
0976,0,0,"[np.float64(15.45305560512812), np.float64(44.17983116540816)]",0,467.4173374116878,0,1,4.982005749408118,2,2,2,1456,10
0977,0,0,"[np.float64(27.48204793482477), np.float64(85.494121278619)]",0,493.01914667530025,0,1,2.770097374601148,1,1,1,863,10
0978,0,0,"[np.float64(47.72787662898534), np.float64(67.74428874484721)]",0,536.1554794722927,0,1,2.0440257513388076,1,1,1,607,9
0979,0,0,"[np.float64(-31.98670807394361), np.float64(-52.26642948327169)]",0,32.14190923541313,0,1,2.749811708911001,2,2,2,513,2
0980,0,0,"[np.float64(15.26130015191826), np.float64(44.11934021566995)]",0,686.6148246178798,0,1,7.7371074048590325,4,4,3,522,6
0981,0,0,"[np.float64(49.5315546699447), np.float64(-123.4898797386901)]",0,487.70458351315483,0,1,6.584520697947984,3,3,3,1122,11
0982,0,0,"[np.float64(0.3954420060619518), np.float64(32.99950460058438)]",0,791.1744334698303,0,2,7.802697965061487,1,1,1,820,14
0983,0,0,"[np.float64(41.1218506086303), np.float64(19.36098867627598)]",0,815.5342236871701,0,2,2.214252258249031,1,1,1,1009,14
0984,0,0,"[np.float64(24.95132726412128), np.float64(121.5155137560773)]",0,231.3045868697257,0,1,6.0813224231518355,2,2,2,1171,12
0985,0,0,"[np.float64(40.31208734352321), np.float64(-74.64876167859748)]",0,49.37452348035102,0,1,2.265761158420508,3,3,3,540,5
0986,0,0,"[np.float64(2.244931100036841), np.float64(22.27361903955985)]",0,703.5306222562102,0,1,6.692338813212939,2,2,2,1293,8
0987,0,0,"[np.float64(15.32064830309848), np.float64(44.13437019501083)]",0,977.7850256754105,0,2,4.285701036411165,1,1,1,803,14
0988,0,0,"[np.float64(39.03213132770595), np.float64(9.050710290117197)]",0,447.21132859432015,0,1,2.574592160638969,4,4,3,1468,12
0989,0,0,"[np.float64(15.39257347825773), np.float64(45.32592150168193)]",0,260.3531967840022,0,1,5.4082798507250915,4,4,3,1155,9
0990,0,0,"[np.float64(15.39585525313556), np.float64(44.14000961873513)]",0,157.5152226888975,1,1,3.6807211796083283,3,3,3,914,11
0991,0,0,"[np.float64(12.86945853410859), np.float64(77.64814311235988)]",0,288.15815179319446,0,1,5.957443651230911,1,1,1,949,12
0992,0,0,"[np.float64(15.42008091571955), np.float64(45.29575240763283)]",0,328.59163182007836,0,1,5.949048557082742,2,2,2,1299,14
0993,0,0,"[np.float64(36.78983297350138), np.float64(-4.481296075919123)]",0,424.45086869103005,0,1,6.230044844724517,1,1,1,893,9
0994,0,0,"[np.float64(-5.954239495798185), np.float64(28.98622442258662)]",0,655.7517160913719,0,1,7.954790472666554,2,2,2,1164,3
0995,0,0,"[np.float64(35.99990467485198), np.float64(6.986120917825636)]",0,273.88989302414683,0,1,4.320186259684432,2,2,2,1093,4
0996,0,0,"[np.float64(31.61402405519459), np.float64(-7.961106265620023)]",0,51.925786705207294,0,1,4.7918928469106055,3,3,3,864,14
0997,0,0,"[np.float64(12.91627088423925), np.float64(10.34081977854713)]",0,373.9053329611469,0,1,6.827670206152045,2,2,2,1237,11
0998,0,0,"[np.float64(15.48328220709005), np.float64(45.39916616724443)]",0,855.7739865429166,0,2,5.470220138131312,3,3,3,1488,11
0999,0,0,"[np.float64(15.33953345882342), np.float64(45.33144585229135)]",0,498.8531593410319,0,1,2.223543264126798,4,4,3,928,8
1000,0,0,"[np.float64(28.05199619459493), np.float64(84.00460268817112)]",0,964.8189739876644,0,2,7.058471121559139,3,3,3,651,5
