index,ID,stereo,satellite,satellite location,request location,time,area,strips,duration,distance,angle,sun elevation,cloud cover estimate,priority,priority mod,customer type mod,price,waiting time,uncertainty,cloud cover real,score_scenario,score_method,score_alpha
0,0064,0,0,"[57.46718311030379, 3.6317802019909142]","[np.float64(55.14931047733401), np.float64(-1.225701160577773)]",2026-06-13 10:33:50,821.6296518567882,2,2.7287735725883193,395.0561138900931,29.650484556748697,53.88696528701777,15.817158925093404,1,1,1,1314,4,0.11215277777777778,15.368547813982293,0.15953947368421054,ELECTRE-III,1
1,0064,0,0,"[56.88007712472242, 3.296180351226219]","[np.float64(55.14931047733401), np.float64(-1.225701160577773)]",2026-06-13 10:34:00,821.6296518567882,2,2.7287735725883193,340.5286145390034,26.136043358333545,53.90132575974773,15.817158925093404,1,1,1,1314,4,0.1125,15.592158925093404,0.15953947368421054,ELECTRE-III,1
2,0064,0,0,"[56.29230861079156, 2.969677885549157]","[np.float64(55.14931047733401), np.float64(-1.225701160577773)]",2026-06-13 10:34:10,821.6296518567882,2,2.7287735725883193,291.8076942361302,22.805399158229456,53.91566574191017,12.817158925093404,1,1,1,1314,4,0.11284722222222222,12.591464480648959,0.15953947368421054,ELECTRE-III,1
3,0064,0,0,"[55.703911719457054, 2.6518092058698146]","[np.float64(55.14931047733401), np.float64(-1.225701160577773)]",2026-06-13 10:34:20,821.6296518567882,2,2.7287735725883193,252.28147088178514,19.977115045071088,53.92998864859968,13.817158925093404,1,1,1,1314,4,0.11319444444444444,13.930353369537848,0.15953947368421054,ELECTRE-III,1
4,0064,0,0,"[55.11491377147559, 2.3421405951758953]","[np.float64(55.14931047733401), np.float64(-1.225701160577773)]",2026-06-13 10:34:30,821.6296518567882,2,2.7287735725883193,226.81056826763478,18.098239908248352,53.94429106472169,7.817158925093404,1,1,1,1314,4,0.11354166666666667,6.681742258426737,0.15953947368421054,ELECTRE-III,1
5,0064,0,0,"[54.52534891779302, 2.0402656572117843]","[np.float64(55.14931047733401), np.float64(-1.225701160577773)]",2026-06-13 10:34:40,821.6296518567882,2,2.7287735725883193,220.32660156505813,17.61326343539334,53.958569575181606,12.817158925093404,1,1,1,1314,4,0.11388888888888889,12.13382559176007,0.15953947368421054,ELECTRE-III,1
6,0064,0,0,"[53.93524789426059, 1.7458030753227234]","[np.float64(55.14931047733401), np.float64(-1.225701160577773)]",2026-06-13 10:34:50,821.6296518567882,2,2.7287735725883193,234.41179053915687,18.663381873726994,53.97283101016859,8.817158925093404,1,1,1,1314,4,0.11423611111111111,8.931395036204515,0.15953947368421054,ELECTRE-III,1
7,0064,0,0,"[53.344631191445835, 1.4583957586811684]","[np.float64(55.14931047733401), np.float64(-1.225701160577773)]",2026-06-13 10:35:00,821.6296518567882,2,2.7287735725883193,265.8178693439424,20.95798239507553,53.98707195458807,13.817158925093404,1,1,1,1314,4,0.11458333333333333,12.900492258426738,0.15953947368421054,ELECTRE-III,1
8,0064,0,0,"[52.75352954520001, 1.1777079608007308]","[np.float64(55.14931047733401), np.float64(-1.225701160577773)]",2026-06-13 10:35:10,821.6296518567882,2,2.7287735725883193,309.3138701431604,24.022400018106808,54.00129582353462,6.817158925093404,1,1,1,1314,4,0.11493055555555555,5.897714480648959,0.15953947368421054,ELECTRE-III,1
9,0064,0,0,"[52.16196344609062, 0.9034238921540033]","[np.float64(55.14931047733401), np.float64(-1.225701160577773)]",2026-06-13 10:35:20,821.6296518567882,2,2.7287735725883193,360.55164189287433,27.45308867288395,54.01549578681907,10.817158925093404,1,1,1,1314,4,0.11527777777777778,11.278270036204514,0.15953947368421054,ELECTRE-III,1
10,0201,0,0,"[40.8572524640054, -3.4030924485307823]","[np.float64(37.76131249306622), np.float64(-5.011013629053059)]",2026-06-13 10:38:30,962.7190168905337,2,2.4770214992368285,370.9898064268096,28.127509260831058,63.869160400491765,8.191699043940766,3,3,3,831,5,0.121875,6.9729490439407655,0.26973684210526316,ELECTRE-III,1
11,0201,0,0,"[40.25975776069644, -3.5943678408121698]","[np.float64(37.76131249306622), np.float64(-5.011013629053059)]",2026-06-13 10:38:40,962.7190168905337,2,2.4770214992368285,303.5716076102036,23.62567778865137,63.89861900638203,10.191699043940766,3,3,3,831,5,0.12222222222222222,10.558365710607433,0.26973684210526316,ELECTRE-III,1
12,0243,0,0,"[40.25975776069644, -3.5943678408121698]","[np.float64(36.78983297350138), np.float64(-4.481296075919123)]",2026-06-13 10:38:40,247.7379327933208,1,2.3760576094088206,393.4705917522022,29.551524321995867,64.7032904226904,14.93710023241439,1,1,1,1153,13,0.12222222222222222,14.692655787969947,0.9638157894736842,ELECTRE-III,1
13,0201,0,0,"[39.662075227185305, -3.783021934556153]","[np.float64(37.76131249306622), np.float64(-5.011013629053059)]",2026-06-13 10:38:50,962.7190168905337,2,2.4770214992368285,236.68615215138271,18.831754172942965,63.928070782083125,15.191699043940766,3,3,3,831,5,0.12256944444444444,15.069129599496321,0.26973684210526316,ELECTRE-III,1
14,0243,0,0,"[39.662075227185305, -3.783021934556153]","[np.float64(36.78983297350138), np.float64(-4.481296075919123)]",2026-06-13 10:38:50,247.7379327933208,1,2.3760576094088206,325.14816403714127,25.103710583079984,64.73340472674099,10.93710023241439,1,1,1,1153,13,0.12256944444444444,10.446822454636614,0.9638157894736842,ELECTRE-III,1
15,0201,0,0,"[39.06421852385033, -3.969153554062286]","[np.float64(37.76131249306622), np.float64(-5.011013629053059)]",2026-06-13 10:39:00,962.7190168905337,2,2.4770214992368285,170.962546833039,13.838908374579173,63.95750206721671,6.1916990439407655,3,3,3,831,5,0.12291666666666666,7.297949043940766,0.26973684210526316,ELECTRE-III,1
16,0243,0,0,"[39.06421852385033, -3.969153554062286]","[np.float64(36.78983297350138), np.float64(-4.481296075919123)]",2026-06-13 10:39:00,247.7379327933208,1,2.3760576094088206,256.85738479242946,20.310092991039422,64.76350537041323,11.93710023241439,1,1,1,1153,13,0.12291666666666666,11.19960023241439,0.9638157894736842,ELECTRE-III,1
17,0201,0,0,"[38.466194480880695, -4.152857041318479]","[np.float64(37.76131249306622), np.float64(-5.011013629053059)]",2026-06-13 10:39:10,962.7190168905337,2,2.4770214992368285,108.53435415873366,8.888464577342356,63.986919691971956,12.191699043940766,3,3,3,831,5,0.1232638888888889,11.69864348838521,0.26973684210526316,ELECTRE-III,1
18,0243,0,0,"[38.466194480880695, -4.152857041318479]","[np.float64(36.78983297350138), np.float64(-4.481296075919123)]",2026-06-13 10:39:10,247.7379327933208,1,2.3760576094088206,188.63344706221943,15.205982918190312,64.79358552351798,11.93710023241439,1,1,1,1153,13,0.1232638888888889,12.18362801019217,0.9638157894736842,ELECTRE-III,1
19,0201,0,0,"[37.8680030982764, -4.33422204255759]","[np.float64(37.76131249306622), np.float64(-5.011013629053059)]",2026-06-13 10:39:20,962.7190168905337,2,2.4770214992368285,60.62397702875783,4.992367532224644,64.01632365634886,12.191699043940766,3,3,3,831,5,0.12361111111111112,13.180587932829654,0.26973684210526316,ELECTRE-III,1
20,0243,0,0,"[37.8680030982764, -4.33422204255759]","[np.float64(36.78983297350138), np.float64(-4.481296075919123)]",2026-06-13 10:39:20,247.7379327933208,1,2.3760576094088206,120.5903714990871,9.857370058456944,64.82365884643353,13.93710023241439,1,1,1,1153,13,0.12361111111111112,12.82460023241439,0.9638157894736842,ELECTRE-III,1
21,0201,0,0,"[37.26966145151035, -4.513335642691535]","[np.float64(37.76131249306622), np.float64(-5.011013629053059)]",2026-06-13 10:39:30,962.7190168905337,2,2.4770214992368285,70.11000736509797,5.768624197625896,64.04571396034743,15.191699043940766,3,3,3,831,5,0.12395833333333334,15.439615710607432,0.26973684210526316,ELECTRE-III,1
22,0243,0,0,"[37.26966145151035, -4.513335642691535]","[np.float64(36.78983297350138), np.float64(-4.481296075919123)]",2026-06-13 10:39:30,247.7379327933208,1,2.3760576094088206,53.43031819849986,4.402456308644528,64.85371850897076,16.93710023241439,1,1,1,1153,13,0.12395833333333334,16.317308565747723,0.9638157894736842,ELECTRE-III,1
23,0201,0,0,"[36.671166125487986, -4.690280230877178]","[np.float64(37.76131249306622), np.float64(-5.011013629053059)]",2026-06-13 10:39:40,962.7190168905337,2,2.4770214992368285,124.5013777503436,10.17049390279718,64.07508377377847,9.191699043940766,3,3,3,831,5,0.12430555555555556,9.191699043940766,0.26973684210526316,ELECTRE-III,1
24,0243,0,0,"[36.671166125487986, -4.690280230877178]","[np.float64(36.78983297350138), np.float64(-4.481296075919123)]",2026-06-13 10:39:40,247.7379327933208,1,2.3760576094088206,22.82489187872206,1.8837157767272779,64.88375768094048,17.93710023241439,1,1,1,1153,13,0.12430555555555556,17.439878010192167,0.9638157894736842,ELECTRE-III,1
25,0201,0,0,"[36.07252395039846, -4.865134781176796]","[np.float64(37.76131249306622), np.float64(-5.011013629053059)]",2026-06-13 10:39:50,962.7190168905337,2,2.4770214992368285,188.23219005620564,15.175130150170311,64.10444675702037,6.1916990439407655,3,3,3,831,5,0.12465277777777778,4.945171266162988,0.26973684210526316,ELECTRE-III,1
26,0243,0,0,"[36.07252395039846, -4.865134781176796]","[np.float64(36.78983297350138), np.float64(-4.481296075919123)]",2026-06-13 10:39:50,247.7379327933208,1,2.3760576094088206,86.8391569374125,7.1322636791534775,64.91378319253185,16.93710023241439,1,1,1,1153,13,0.12465277777777778,18.05897523241439,0.9638157894736842,ELECTRE-III,1
27,0201,0,0,"[35.473748586620125, -5.037975279444908]","[np.float64(37.76131249306622), np.float64(-5.011013629053059)]",2026-06-13 10:40:00,962.7190168905337,2,2.4770214992368285,254.37723764445,20.12979499435215,64.13378924969474,14.191699043940766,3,3,3,831,5,0.125,13.191699043940766,0.26973684210526316,ELECTRE-III,1
28,0243,0,0,"[35.473748586620125, -5.037975279444908]","[np.float64(36.78983297350138), np.float64(-4.481296075919123)]",2026-06-13 10:40:00,247.7379327933208,1,2.3760576094088206,154.64525215374138,12.562084715331892,64.94380187393406,14.93710023241439,1,1,1,1153,13,0.125,14.31210023241439,0.9638157894736842,ELECTRE-III,1
29,0201,0,0,"[34.874836619058385, -5.20887515021509]","[np.float64(37.76131249306622), np.float64(-5.011013629053059)]",2026-06-13 10:40:10,962.7190168905337,2,2.4770214992368285,321.4508378661415,24.852895003954966,64.16311808199077,13.191699043940766,3,3,3,831,5,0.12534722222222222,12.94100459949632,0.26973684210526316,ELECTRE-III,1
30,0243,0,0,"[34.874836619058385, -5.20887515021509]","[np.float64(36.78983297350138), np.float64(-4.481296075919123)]",2026-06-13 10:40:10,247.7379327933208,1,2.3760576094088206,222.80887503438996,17.79924043981621,64.97380006476875,12.93710023241439,1,1,1,1153,13,0.12534722222222222,11.68362801019217,0.9638157894736842,ELECTRE-III,1
31,0201,0,0,"[34.275798292997, -5.377903976039511]","[np.float64(37.76131249306622), np.float64(-5.011013629053059)]",2026-06-13 10:40:20,962.7190168905337,2,2.4770214992368285,388.9730520978665,29.269754124903155,64.19243325390846,8.191699043940766,3,3,3,831,5,0.12569444444444444,8.06600459949632,0.26973684210526316,ELECTRE-III,1
32,0243,0,0,"[34.275798292997, -5.377903976039511]","[np.float64(36.78983297350138), np.float64(-4.481296075919123)]",2026-06-13 10:40:20,247.7379327933208,1,2.3760576094088206,291.07914627567243,22.754268353998697,65.00378459522511,15.93710023241439,1,1,1,1153,13,0.12569444444444444,16.439878010192167,0.9638157894736842,ELECTRE-III,1
33,0243,0,0,"[33.67663360843598, -5.545128778149403]","[np.float64(36.78983297350138), np.float64(-4.481296075919123)]",2026-06-13 10:40:30,247.7379327933208,1,2.3760576094088206,359.39607704778274,27.377912388017737,65.03375546530313,13.93710023241439,1,1,1,1153,13,0.12604166666666666,13.685016899081058,0.9638157894736842,ELECTRE-III,1
34,0111,0,0,"[-4.988246806532161, -39.12197460347196]","[np.float64(-4.793908467388751), np.float64(-42.76470313767426)]",2026-06-13 12:30:00,921.7825213289591,2,7.835665009404557,404.1559671647215,30.2146948709181,45.61991605149861,12.817158925093404,4,4,3,872,12,0.3541666666666667,14.942158925093404,0.837171052631579,ELECTRE-III,1
35,0111,0,0,"[-5.589539948793295, -39.250631461772905]","[np.float64(-4.793908467388751), np.float64(-42.76470313767426)]",2026-06-13 12:30:10,921.7825213289591,2,7.835665009404557,399.07081022177425,29.900192994157962,45.65138956319403,9.817158925093404,4,4,3,872,12,0.3545138888888889,13.007783925093404,0.837171052631579,ELECTRE-III,1
36,0111,0,0,"[-6.1908087585055105, -39.37946590499227]","[np.float64(-4.793908467388751), np.float64(-42.76470313767426)]",2026-06-13 12:30:20,921.7825213289591,2,7.835665009404557,405.60409116300826,30.303891544916326,45.68284599941652,15.817158925093404,4,4,3,872,12,0.3548611111111111,12.623408925093404,0.837171052631579,ELECTRE-III,1
37,0136,0,0,"[-19.409232451209345, -42.30141400173456]","[np.float64(-22.55121870780887), np.float64(-43.45574144926327)]",2026-06-13 12:34:00,904.0518045168965,2,6.5952788947026795,369.3502728221399,28.022131475783116,32.98948584208143,16.813479875872304,3,3,3,1044,5,0.3625,18.988479875872304,0.26973684210526316,ELECTRE-III,1
38,0136,0,0,"[-20.00948142830111, -42.44035370983096]","[np.float64(-22.55121870780887), np.float64(-43.45574144926327)]",2026-06-13 12:34:10,904.0518045168965,2,6.5952788947026795,301.5708171713073,23.48687808404266,33.01360665513533,18.813479875872304,3,3,3,1044,5,0.3628472222222222,20.990563209205636,0.26973684210526316,ELECTRE-III,1
39,0136,0,0,"[-20.609665518595765, -42.5800344934523]","[np.float64(-22.55121870780887), np.float64(-43.45574144926327)]",2026-06-13 12:34:20,904.0518045168965,2,6.5952788947026795,234.10866414112104,18.640915917045977,33.0377103927163,21.813479875872304,3,3,3,1044,5,0.36319444444444443,23.99264654253897,0.26973684210526316,ELECTRE-III,1
40,0136,0,0,"[-21.209779599451426, -42.72049050354444]","[np.float64(-22.55121870780887), np.float64(-43.45574144926327)]",2026-06-13 12:34:30,904.0518045168965,2,6.5952788947026795,167.34547307351613,13.557033401017376,33.061793639729764,14.813479875872304,3,3,3,1044,5,0.36354166666666665,11.541604875872304,0.26973684210526316,ELECTRE-III,1
41,0136,0,0,"[-21.809823670868095, -42.861752475958646]","[np.float64(-22.55121870780887), np.float64(-43.45574144926327)]",2026-06-13 12:34:40,904.0518045168965,2,6.5952788947026795,102.6491677214657,8.413586644596489,33.0858598112703,15.813479875872304,3,3,3,1044,5,0.3638888888888889,13.63014654253897,0.26973684210526316,ELECTRE-III,1
42,0136,0,0,"[-22.40979431775118, -43.00384773145159]","[np.float64(-22.55121870780887), np.float64(-43.45574144926327)]",2026-06-13 12:34:50,904.0518045168965,2,6.5952788947026795,49.020775537600066,4.040383774762577,33.109908907337925,14.813479875872304,3,3,3,1044,5,0.3642361111111111,11.171118764761193,0.26973684210526316,ELECTRE-III,1
43,0136,0,0,"[-23.009689832553402, -43.146813836063714]","[np.float64(-22.55121870780887), np.float64(-43.45574144926327)]",2026-06-13 12:35:00,904.0518045168965,2,6.5952788947026795,60.01682914960664,4.942617995367053,33.133937512838024,16.813479875872304,3,3,3,1044,5,0.3645833333333333,13.532229875872304,0.26973684210526316,ELECTRE-III,1
44,0136,0,0,"[-23.609506800180167, -43.29068152564628]","[np.float64(-22.55121870780887), np.float64(-43.45574144926327)]",2026-06-13 12:35:10,904.0518045168965,2,6.5952788947026795,118.88155704377556,9.720370536898628,33.15794562777062,18.813479875872304,3,3,3,1044,5,0.36493055555555554,19.17841043142786,0.26973684210526316,ELECTRE-III,1
45,0136,0,0,"[-24.209245220631477, -43.435484951145135]","[np.float64(-22.55121870780887), np.float64(-43.45574144926327)]",2026-06-13 12:35:20,904.0518045168965,2,6.5952788947026795,184.37598774417444,14.878168070483524,33.18193666723029,23.813479875872304,3,3,3,1044,5,0.36527777777777776,21.987090986983414,0.26973684210526316,ELECTRE-III,1
46,0136,0,0,"[-24.808898263718163, -43.5812650936953]","[np.float64(-22.55121870780887), np.float64(-43.45574144926327)]",2026-06-13 12:35:30,904.0518045168965,2,6.5952788947026795,251.3680130388062,19.910475368101636,33.20591063121704,20.813479875872304,3,3,3,1044,5,0.365625,18.254104875872304,0.26973684210526316,ELECTRE-III,1
47,0136,0,0,"[-25.408467636987513, -43.72805268914804]","[np.float64(-22.55121870780887), np.float64(-43.45574144926327)]",2026-06-13 12:35:40,904.0518045168965,2,6.5952788947026795,318.913940351636,24.68020847016906,33.22986410463627,20.813479875872304,3,3,3,1044,5,0.3659722222222222,20.813479875872304,0.26973684210526316,ELECTRE-III,1
48,0136,0,0,"[-26.007948217797654, -43.875888718638386]","[np.float64(-22.55121870780887), np.float64(-43.45574144926327)]",2026-06-13 12:35:50,904.0518045168965,2,6.5952788947026795,386.722126513372,29.12814745317112,33.25380050258258,21.813479875872304,3,3,3,1044,5,0.3663194444444444,24.01139654253897,0.26973684210526316,ELECTRE-III,1
49,0055,1,0,"[-18.411206917234374, -66.76654030678951]","[np.float64(-21.4902902963777), np.float64(-64.83707616408573)]",2026-06-13 14:12:30,738.9748240893007,1,2.0653552069419545,397.3417761672051,29.792802190062417,35.66052693966329,17.191699043940766,2,2,2,891,12,0.5677083333333334,13.785449043940766,0.837171052631579,ELECTRE-III,1
50,0055,1,0,"[-19.011561762258278, -66.90431205253785]","[np.float64(-21.4902902963777), np.float64(-64.83707616408573)]",2026-06-13 14:12:40,738.9748240893007,1,2.0653552069419545,349.950044251928,26.759561296900458,35.68354809226082,15.191699043940766,2,2,2,891,12,0.5680555555555555,10.079199043940765,0.837171052631579,ELECTRE-III,1
51,0055,1,0,"[-19.61185513557965, -67.04277364739234]","[np.float64(-21.4902902963777), np.float64(-64.83707616408573)]",2026-06-13 14:12:50,738.9748240893007,1,2.0653552069419545,310.4211961507843,24.098623691838988,35.706552169385425,17.191699043940766,2,2,2,891,12,0.5684027777777778,17.191699043940766,0.837171052631579,ELECTRE-III,1
52,0055,1,0,"[-20.212083622103908, -67.18195924229886]","[np.float64(-21.4902902963777), np.float64(-64.83707616408573)]",2026-06-13 14:13:00,738.9748240893007,1,2.0653552069419545,282.0782889496711,22.119424437434223,35.72953234084793,12.191699043940766,2,2,2,891,12,0.56875,11.054199043940766,0.837171052631579,ELECTRE-III,1
52,0055,1,0,"[-20.212083622103908, -67.18195924229886]","[np.float64(-21.4902902963777), np.float64(-64.83707616408573)]",2026-06-13 14:13:00,738.9748240893007,1,2.0653552069419545,282.0782889496711,22.119424437434223,35.72953234084793,12.191699043940766,2,2,2,891,12,0.56875,11.054199043940766,0.837171052631579,ELECTRE-III,1
53,0055,1,0,"[-20.812243806736465, -67.32190298820325]","[np.float64(-21.4902902963777), np.float64(-64.83707616408573)]",2026-06-13 14:13:10,738.9748240893007,1,2.0653552069419545,268.4851939178956,21.14977327287057,35.75249202174293,17.191699043940766,2,2,2,891,12,0.5690972222222223,20.037185155051876,0.837171052631579,ELECTRE-III,1
53,0055,1,0,"[-20.812243806736465, -67.32190298820325]","[np.float64(-21.4902902963777), np.float64(-64.83707616408573)]",2026-06-13 14:13:10,738.9748240893007,1,2.0653552069419545,268.4851939178956,21.14977327287057,35.75249202174293,17.191699043940766,2,2,2,891,12,0.5690972222222223,20.037185155051876,0.837171052631579,ELECTRE-III,1
54,0055,1,0,"[-21.412335689477324, -67.46262537567303]","[np.float64(-21.4902902963777), np.float64(-64.83707616408573)]",2026-06-13 14:13:20,738.9748240893007,1,2.0653552069419545,271.8595409019404,21.391691633889835,35.775434627165005,14.191699043940766,2,2,2,891,12,0.5694444444444444,19.316699043940766,0.837171052631579,ELECTRE-III,1
54,0055,1,0,"[-21.412335689477324, -67.46262537567303]","[np.float64(-21.4902902963777), np.float64(-64.83707616408573)]",2026-06-13 14:13:20,738.9748240893007,1,2.0653552069419545,271.8595409019404,21.391691633889835,35.775434627165005,14.191699043940766,2,2,2,891,12,0.5694444444444444,19.316699043940766,0.837171052631579,ELECTRE-III,1
55,0055,1,0,"[-22.012355855231895, -67.6041673858432]","[np.float64(-21.4902902963777), np.float64(-64.83707616408573)]",2026-06-13 14:13:30,738.9748240893007,1,2.0653552069419545,291.61119600102273,22.791612333758348,35.79835332692498,15.191699043940766,2,2,2,891,12,0.5697916666666667,19.7500323772741,0.837171052631579,ELECTRE-III,1
56,0055,1,0,"[-22.612302596452892, -67.74654950928128]","[np.float64(-21.4902902963777), np.float64(-64.83707616408573)]",2026-06-13 14:13:40,738.9748240893007,1,2.0653552069419545,324.76219779634835,25.07757562527901,35.82125153611745,21.191699043940766,2,2,2,891,12,0.5701388888888889,16.630587932829656,0.837171052631579,ELECTRE-III,1
57,0055,1,0,"[-23.212172498045724, -67.88981955731147]","[np.float64(-21.4902902963777), np.float64(-64.83707616408573)]",2026-06-13 14:13:50,738.9748240893007,1,2.0653552069419545,367.7051387094929,27.91618597158369,35.84413266983699,14.191699043940766,2,2,2,891,12,0.5704861111111111,19.326074043940764,0.837171052631579,ELECTRE-III,1
58,0039,0,0,"[-29.804951122698, -69.53437201509963]","[np.float64(-33.13217557972659), np.float64(-68.94243257995237)]",2026-06-13 14:15:40,948.451775170079,2,5.382646537200879,374.2036670615841,28.333473708565815,24.5127890726306,22.311640351261754,4,4,3,1292,12,0.5743055555555555,27.480390351261754,0.837171052631579,ELECTRE-III,1
59,0023,0,0,"[-30.40369233553049, -69.69117949806478]","[np.float64(-33.0491248747741), np.float64(-71.6499149451426)]",2026-06-13 14:15:50,383.58526495773083,1,4.448552817828192,347.613453593636,26.605553624111987,23.2506025574108,23.315319400482853,1,1,1,1278,7,0.5746527777777778,17.568791622705074,0.48355263157894735,ELECTRE-III,1
60,0039,0,0,"[-30.40369233553049, -69.69117949806478]","[np.float64(-33.13217557972659), np.float64(-68.94243257995237)]",2026-06-13 14:15:50,948.451775170079,2,5.382646537200879,311.5384347253159,24.17543787736829,24.532972281627988,23.311640351261754,4,4,3,1292,12,0.5746527777777778,21.013029240150644,0.837171052631579,ELECTRE-III,1
61,0023,0,0,"[-31.002317435147088, -69.84941449056647]","[np.float64(-33.0491248747741), np.float64(-71.6499149451426)]",2026-06-13 14:16:00,383.58526495773083,1,4.448552817828192,283.9064814409884,22.248839107811094,23.27191104007395,16.315319400482853,1,1,1,1278,7,0.575,14.590319400482853,0.48355263157894735,ELECTRE-III,1
62,0039,0,0,"[-31.002317435147088, -69.84941449056647]","[np.float64(-33.13217557972659), np.float64(-68.94243257995237)]",2026-06-13 14:16:00,948.451775170079,2,5.382646537200879,251.77497756080763,19.940171681527975,24.55313670760516,16.311640351261754,4,4,3,1292,12,0.575,16.311640351261754,0.837171052631579,ELECTRE-III,1
63,0023,0,0,"[-31.600823006453208, -70.0091179737397]","[np.float64(-33.0491248747741), np.float64(-71.6499149451426)]",2026-06-13 14:16:10,383.58526495773083,1,4.448552817828192,222.9386619598654,17.808953724234513,23.29320244726417,23.315319400482853,1,1,1,1278,7,0.5753472222222222,27.34274995603841,0.48355263157894735,ELECTRE-III,1
64,0039,0,0,"[-31.600823006453208, -70.0091179737397]","[np.float64(-33.13217557972659), np.float64(-68.94243257995237)]",2026-06-13 14:16:10,948.451775170079,2,5.382646537200879,197.56045579326428,15.890023167447078,24.573285765656696,22.311640351261754,4,4,3,1292,12,0.5753472222222222,21.73629312903953,0.837171052631579,ELECTRE-III,1
65,0023,0,0,"[-32.19920563435427, -70.17034458909785]","[np.float64(-33.0491248747741), np.float64(-71.6499149451426)]",2026-06-13 14:16:20,383.58526495773083,1,4.448552817828192,167.72101545829548,13.586330426888205,23.31447848652876,17.315319400482853,1,1,1,1278,7,0.5756944444444444,15.012541622705076,0.48355263157894735,ELECTRE-III,1
66,0039,0,0,"[-32.19920563435427, -70.17034458909785]","[np.float64(-33.13217557972659), np.float64(-68.94243257995237)]",2026-06-13 14:16:20,948.451775170079,2,5.382646537200879,154.83292877012977,12.576845254459517,24.593416040688016,25.311640351261754,4,4,3,1292,12,0.5756944444444444,28.190112573483976,0.837171052631579,ELECTRE-III,1
67,0023,0,0,"[-32.79746531885027, -70.33314897815428]","[np.float64(-33.0491248747741), np.float64(-71.6499149451426)]",2026-06-13 14:16:30,383.58526495773083,1,4.448552817828192,126.0474903569489,10.294111042548831,23.335737450320423,23.315319400482853,1,1,1,1278,7,0.5760416666666667,28.499694400482852,0.48355263157894735,ELECTRE-III,1
68,0039,0,0,"[-32.79746531885027, -70.33314897815428]","[np.float64(-33.13217557972659), np.float64(-68.94243257995237)]",2026-06-13 14:16:30,948.451775170079,2,5.382646537200879,134.97572195352313,11.006028989213709,24.613527532699116,16.311640351261754,4,4,3,1292,12,0.5760416666666667,11.127265351261755,0.837171052631579,ELECTRE-III,1
69,0023,0,0,"[-33.39559181465746, -70.49759261261151]","[np.float64(-33.0491248747741), np.float64(-71.6499149451426)]",2026-06-13 14:16:40,383.58526495773083,1,4.448552817828192,113.9016037412738,9.320481007869146,23.356979338639164,15.315319400482853,1,1,1,1278,7,0.5763888888888888,18.197263844927296,0.48355263157894735,ELECTRE-III,1
70,0039,0,0,"[-33.39559181465746, -70.49759261261151]","[np.float64(-33.13217557972659), np.float64(-68.94243257995237)]",2026-06-13 14:16:40,948.451775170079,2,5.382646537200879,147.5280858554681,12.001092589299763,24.633621949237295,20.311640351261754,4,4,3,1292,12,0.5763888888888888,16.853307017928422,0.837171052631579,ELECTRE-III,1
71,0023,0,0,"[-33.99358512177583, -70.66373696417207]","[np.float64(-33.0491248747741), np.float64(-71.6499149451426)]",2026-06-13 14:16:50,383.58526495773083,1,4.448552817828192,139.23412168316494,11.344390390025508,23.37820585903227,21.315319400482853,1,1,1,1278,7,0.5767361111111111,20.16184717826063,0.48355263157894735,ELECTRE-III,1
72,0039,0,0,"[-33.99358512177583, -70.66373696417207]","[np.float64(-33.13217557972659), np.float64(-68.94243257995237)]",2026-06-13 14:16:50,948.451775170079,2,5.382646537200879,186.03789654116184,15.006251208327313,24.653699290302548,24.311640351261754,4,4,3,1292,12,0.5767361111111111,19.697751462372864,0.837171052631579,ELECTRE-III,1
73,0023,0,0,"[-34.59143841001622, -70.83164350453849]","[np.float64(-33.0491248747741), np.float64(-71.6499149451426)]",2026-06-13 14:17:00,383.58526495773083,1,4.448552817828192,187.41581970939458,15.112331383299043,23.39941359640516,17.315319400482853,1,1,1,1278,7,0.5770833333333333,20.20073606714952,0.48355263157894735,ELECTRE-III,1
74,0039,0,0,"[-34.59143841001622, -70.83164350453849]","[np.float64(-33.13217557972659), np.float64(-68.94243257995237)]",2026-06-13 14:17:00,948.451775170079,2,5.382646537200879,238.23027927753125,18.945874945048185,24.673759555894875,18.311640351261754,4,4,3,1292,12,0.5770833333333333,23.505390351261752,0.837171052631579,ELECTRE-III,1
75,0023,0,0,"[-35.18914484918945, -71.00137370541331]","[np.float64(-33.0491248747741), np.float64(-71.6499149451426)]",2026-06-13 14:17:10,383.58526495773083,1,4.448552817828192,245.33266938988626,19.468770717117184,23.420605965852417,22.315319400482853,1,1,1,1278,7,0.5774305555555556,16.5410138449273,0.48355263157894735,ELECTRE-III,1
76,0039,0,0,"[-35.18914484918945, -71.00137370541331]","[np.float64(-33.13217557972659), np.float64(-68.94243257995237)]",2026-06-13 14:17:10,948.451775170079,2,5.382646537200879,296.97395242649014,23.166874265516306,24.693801038466983,23.311640351261754,4,4,3,1292,12,0.5774305555555556,28.508515351261757,0.837171052631579,ELECTRE-III,1
77,0023,0,0,"[-35.78670443929553, -71.17300269887738]","[np.float64(-33.0491248747741), np.float64(-71.6499149451426)]",2026-06-13 14:17:20,383.58526495773083,1,4.448552817828192,307.5313466393446,23.899508534758155,23.441782967374042,15.315319400482853,1,1,1,1278,7,0.5777777777777777,13.58198606714952,0.48355263157894735,ELECTRE-III,1
78,0039,0,0,"[-35.78670443929553, -71.17300269887738]","[np.float64(-33.13217557972659), np.float64(-68.94243257995237)]",2026-06-13 14:17:20,948.451775170079,2,5.382646537200879,359.0663865127968,27.35644532182989,24.713823738018878,19.311640351261754,4,4,3,1292,12,0.5777777777777777,16.422751462372865,0.837171052631579,ELECTRE-III,1
79,0023,0,0,"[-36.38411035014527, -71.34659878682244]","[np.float64(-33.0491248747741), np.float64(-71.6499149451426)]",2026-06-13 14:17:30,383.58526495773083,1,4.448552817828192,371.8681051599908,28.183875118669633,23.46294118587545,22.315319400482853,1,1,1,1278,7,0.578125,27.518444400482853,0.48355263157894735,ELECTRE-III,1
80,0160,0,0,"[48.59665934085732, -74.70987272659592]","[np.float64(45.14600795418758), np.float64(-74.22434035818429)]",2026-06-13 15:32:40,890.2916008291153,2,7.485572037056226,385.4642046202691,29.04884068820336,62.18081959993465,17.93710023241439,3,3,3,1172,6,0.7347222222222223,21.6107113435255,0.42598684210526316,ELECTRE-III,1
81,0160,0,0,"[48.00239531702578, -74.94670270587694]","[np.float64(45.14600795418758), np.float64(-74.22434035818429)]",2026-06-13 15:32:50,890.2916008291153,2,7.485572037056226,322.3756077597876,24.915724542148592,62.201610695768174,23.93710023241439,3,3,3,1172,6,0.7350694444444444,18.056544676858834,0.42598684210526316,ELECTRE-III,1
82,0160,0,0,"[47.407810274303245, -75.17907940181912]","[np.float64(45.14600795418758), np.float64(-74.22434035818429)]",2026-06-13 15:33:00,890.2916008291153,2,7.485572037056226,261.9808547709015,20.68122213878909,62.22238130103418,23.93710023241439,3,3,3,1172,6,0.7354166666666667,29.085016899081058,0.42598684210526316,ELECTRE-III,1
83,0160,0,0,"[46.81292128816264, -75.40720088990838]","[np.float64(45.14600795418758), np.float64(-74.22434035818429)]",2026-06-13 15:33:10,890.2916008291153,2,7.485572037056226,206.656971374954,16.582300787887593,62.24312458554351,16.93710023241439,3,3,3,1172,6,0.7357638888888889,10.315225232414392,0.42598684210526316,ELECTRE-III,1
84,0160,0,0,"[46.217742018982314, -75.63123792487396]","[np.float64(45.14600795418758), np.float64(-74.22434035818429)]",2026-06-13 15:33:20,890.2916008291153,2,7.485572037056226,161.69610263179837,13.11544669191413,62.26384737948533,20.93710023241439,3,3,3,1172,6,0.7361111111111112,15.048211343525502,0.42598684210526316,ELECTRE-III,1
85,0160,0,0,"[45.62228271204602, -75.85136126144513]","[np.float64(45.14600795418758), np.float64(-74.22434035818429)]",2026-06-13 15:33:30,890.2916008291153,2,7.485572037056226,137.65812736569134,11.21925810056421,62.2845360224813,23.93710023241439,3,3,3,1172,6,0.7364583333333333,18.781891899081057,0.42598684210526316,ELECTRE-III,1
86,0160,0,0,"[45.026557027732096, -76.0677279939728]","[np.float64(45.14600795418758), np.float64(-74.22434035818429)]",2026-06-13 15:33:40,890.2916008291153,2,7.485572037056226,145.32625553316842,11.827059723551749,62.305211005098926,15.93710023241439,3,3,3,1172,6,0.7368055555555556,10.779461343525501,0.42598684210526316,ELECTRE-III,1
87,0160,0,0,"[44.43057521132429, -76.28049521680786]","[np.float64(45.14600795418758), np.float64(-74.22434035818429)]",2026-06-13 15:33:50,890.2916008291153,2,7.485572037056226,180.70925533787766,14.595036060993685,62.3258518367707,15.93710023241439,3,3,3,1172,6,0.7371527777777778,18.148558565747724,0.42598684210526316,ELECTRE-III,1
88,0160,0,0,"[43.83434750810637, -76.48980636392291]","[np.float64(45.14600795418758), np.float64(-74.22434035818429)]",2026-06-13 15:34:00,890.2916008291153,2,7.485572037056226,231.42673821519563,18.441888794785463,62.34647217787497,19.93710023241439,3,3,3,1172,6,0.7375,23.62460023241439,0.42598684210526316,ELECTRE-III,1
89,0160,0,0,"[43.237887578456665, -76.69580486929048]","[np.float64(45.14600795418758), np.float64(-74.22434035818429)]",2026-06-13 15:34:10,890.2916008291153,2,7.485572037056226,289.5297633103928,22.645402572298774,62.36706519822256,18.93710023241439,3,3,3,1172,6,0.7378472222222222,16.723558565747723,0.42598684210526316,ELECTRE-III,1
90,0235,0,0,"[43.237887578456665, -76.69580486929048]","[np.float64(40.31208734352321), np.float64(-74.64876167859748)]",2026-06-13 15:34:10,568.4645561859485,1,3.5844442237745024,366.9275598420824,27.86603803095041,65.34290348751624,16.43893975702494,4,4,3,1292,11,0.7378472222222222,10.536161979247161,0.7516447368421053,ELECTRE-III,1
91,0160,0,0,"[42.641198837469766, -76.89860684612651]","[np.float64(45.14600795418758), np.float64(-74.22434035818429)]",2026-06-13 15:34:20,890.2916008291153,2,7.485572037056226,351.3734347946703,26.853174749035286,62.387630897813466,15.93710023241439,3,3,3,1172,6,0.7381944444444445,8.555155787969946,0.42598684210526316,ELECTRE-III,1
92,0235,0,0,"[42.641198837469766, -76.89860684612651]","[np.float64(40.31208734352321), np.float64(-74.64876167859748)]",2026-06-13 15:34:20,568.4645561859485,1,3.5844442237745024,319.6675987208905,24.731560106531923,65.36810688555359,12.43893975702494,4,4,3,1292,11,0.7381944444444445,14.653523090358274,0.7516447368421053,ELECTRE-III,1
93,0235,0,0,"[42.04429494552401, -77.09834889821437]","[np.float64(40.31208734352321), np.float64(-74.64876167859748)]",2026-06-13 15:34:30,568.4645561859485,1,3.5844442237745024,281.2767219248278,22.062607747359174,65.3932966232126,15.43893975702494,4,4,3,1292,11,0.7385416666666667,11.746231423691608,0.7516447368421053,ELECTRE-III,1
94,0235,0,0,"[41.44718273280857, -77.29514713876993]","[np.float64(40.31208734352321), np.float64(-74.64876167859748)]",2026-06-13 15:34:40,568.4645561859485,1,3.5844442237745024,255.7799611634233,20.231819423170627,65.41845904011493,12.43893975702494,4,4,3,1292,11,0.7388888888888889,10.222273090358273,0.7516447368421053,ELECTRE-III,1
95,008,0,0,"[40.8498724446072, -77.48911085081996]","[np.float64(38.89179125886753), np.float64(-73.82283052086814)]",2026-06-13 15:34:50,147.45181514929322,1,2.1234873577015243,381.12964109517225,28.774629086805277,66.80813615883488,10.689859519330216,3,3,3,704,13,0.7392361111111111,3.2974984082191057,0.9638157894736842,ELECTRE-III,1
96,0235,0,0,"[40.8498724446072, -77.48911085081996]","[np.float64(40.31208734352321), np.float64(-74.64876167859748)]",2026-06-13 15:34:50,568.4645561859485,1,3.5844442237745024,247.1997336793092,19.605674428924353,65.44359413626057,10.43893975702494,4,4,3,1292,11,0.7392361111111111,6.003523090358273,0.7516447368421053,ELECTRE-III,1
97,008,0,0,"[40.25237432620366, -77.68035614758031]","[np.float64(38.89179125886753), np.float64(-73.82283052086814)]",2026-06-13 15:35:00,147.45181514929322,1,2.1234873577015243,363.5603362233269,27.64834164558749,66.83417283995098,11.689859519330216,3,3,3,704,13,0.7395833333333334,6.5127761859968825,0.9638157894736842,ELECTRE-III,1
98,0235,0,0,"[40.25237432620366, -77.68035614758031]","[np.float64(40.31208734352321), np.float64(-74.64876167859748)]",2026-06-13 15:35:00,568.4645561859485,1,3.5844442237745024,257.2350095614967,20.337508284153486,65.46870874183871,12.43893975702494,4,4,3,1292,11,0.7395833333333334,16.87643975702494,0.7516447368421053,ELECTRE-III,1
99,008,0,0,"[39.654688377597935, -77.8689786516994]","[np.float64(38.89179125886753), np.float64(-73.82283052086814)]",2026-06-13 15:35:10,147.45181514929322,1,2.1234873577015243,358.4390278481495,27.315573262631922,66.86018220031039,9.689859519330216,3,3,3,704,13,0.7399305555555555,10.429790074885773,0.9638157894736842,ELECTRE-III,1
100,0235,0,0,"[39.654688377597935, -77.8689786516994]","[np.float64(40.31208734352321), np.float64(-74.64876167859748)]",2026-06-13 15:35:10,568.4645561859485,1,3.5844442237745024,283.9181227814326,22.249662414525805,65.49379602666016,14.43893975702494,4,4,3,1292,11,0.7399305555555555,10.739286979247161,0.7516447368421053,ELECTRE-III,1
101,008,0,0,"[39.05682825916838, -78.05508081601472]","[np.float64(38.89179125886753), np.float64(-73.82283052086814)]",2026-06-13 15:35:20,147.45181514929322,1,2.1234873577015243,366.2885671353042,27.824793072449484,66.88616423991311,11.689859519330216,3,3,3,704,13,0.7402777777777778,10.20930396377466,0.9638157894736842,ELECTRE-III,1
102,0235,0,0,"[39.05682825916838, -78.05508081601472]","[np.float64(40.31208734352321), np.float64(-74.64876167859748)]",2026-06-13 15:35:20,568.4645561859485,1,3.5844442237745024,323.1513680430883,24.968380942885865,65.51886282091411,14.43893975702494,4,4,3,1292,11,0.7402777777777778,18.880606423691606,0.7516447368421053,ELECTRE-III,1
103,008,0,0,"[38.45879738600957, -78.23875143298554]","[np.float64(38.89179125886753), np.float64(-73.82283052086814)]",2026-06-13 15:35:30,147.45181514929322,1,2.1234873577015243,386.31834654736656,29.102704109542675,66.91211895875917,13.689859519330216,3,3,3,704,13,0.740625,7.764859519330217,0.9638157894736842,ELECTRE-III,1
104,0235,0,0,"[38.45879738600957, -78.23875143298554]","[np.float64(40.31208734352321), np.float64(-74.64876167859748)]",2026-06-13 15:35:30,568.4645561859485,1,3.5844442237745024,370.97377414008855,28.126479818319172,65.54390912460055,10.43893975702494,4,4,3,1292,11,0.740625,17.10456475702494,0.7516447368421053,ELECTRE-III,1
105,0179,1,0,"[33.069924979936665, -79.79629411093691]","[np.float64(29.7478931171751), np.float64(-80.98193319510803)]",2026-06-13 15:37:00,927.8929809486823,1,5.319718495885655,386.1405819574643,29.091498658562774,65.2511467262063,17.43526070780384,4,4,3,873,6,0.74375,9.997760707803842,0.42598684210526316,ELECTRE-III,1
105,0179,1,0,"[33.069924979936665, -79.79629411093691]","[np.float64(29.7478931171751), np.float64(-80.98193319510803)]",2026-06-13 15:37:00,927.8929809486823,1,5.319718495885655,386.1405819574643,29.091498658562774,65.2511467262063,17.43526070780384,4,4,3,873,6,0.74375,9.997760707803842,0.42598684210526316,ELECTRE-III,1
106,0179,1,0,"[32.47052806894386, -79.96008204723381]","[np.float64(29.7478931171751), np.float64(-80.98193319510803)]",2026-06-13 15:37:10,927.8929809486823,1,5.319718495885655,317.98433375361975,24.616810029907015,65.28687544575463,15.435260707803842,4,4,3,873,6,0.7440972222222222,20.643941263359398,0.42598684210526316,ELECTRE-III,1
106,0179,1,0,"[32.47052806894386, -79.96008204723381]","[np.float64(29.7478931171751), np.float64(-80.98193319510803)]",2026-06-13 15:37:10,927.8929809486823,1,5.319718495885655,317.98433375361975,24.616810029907015,65.28687544575463,15.435260707803842,4,4,3,873,6,0.7440972222222222,20.643941263359398,0.42598684210526316,ELECTRE-III,1
107,0179,1,0,"[31.871021874924327, -80.12225122869742]","[np.float64(29.7478931171751), np.float64(-80.98193319510803)]",2026-06-13 15:37:20,927.8929809486823,1,5.319718495885655,249.94713492117862,19.80670610936576,65.3225973351138,21.43526070780384,4,4,3,873,6,0.7444444444444445,20.690816263359398,0.42598684210526316,ELECTRE-III,1
108,0179,1,0,"[31.271409812972664, -80.28286312703028]","[np.float64(29.7478931171751), np.float64(-80.98193319510803)]",2026-06-13 15:37:30,927.8929809486823,1,5.319718495885655,182.16316417653348,14.707389736253846,65.35831922447296,18.43526070780384,4,4,3,873,6,0.7447916666666666,12.47692737447051,0.42598684210526316,ELECTRE-III,1
108,0179,1,0,"[31.271409812972664, -80.28286312703028]","[np.float64(29.7478931171751), np.float64(-80.98193319510803)]",2026-06-13 15:37:30,927.8929809486823,1,5.319718495885655,182.16316417653348,14.707389736253846,65.35831922447296,18.43526070780384,4,4,3,873,6,0.7447916666666666,12.47692737447051,0.42598684210526316,ELECTRE-III,1
109,0179,1,0,"[30.67169529818345, -80.44197238374572]","[np.float64(29.7478931171751), np.float64(-80.98193319510803)]",2026-06-13 15:37:40,927.8929809486823,1,5.319718495885655,115.08247013627496,9.41538879880335,65.39403428364297,20.43526070780384,4,4,3,873,6,0.7451388888888889,22.670677374470507,0.42598684210526316,ELECTRE-III,1
109,0179,1,0,"[30.67169529818345, -80.44197238374572]","[np.float64(29.7478931171751), np.float64(-80.98193319510803)]",2026-06-13 15:37:40,927.8929809486823,1,5.319718495885655,115.08247013627496,9.41538879880335,65.39403428364297,20.43526070780384,4,4,3,873,6,0.7451388888888889,22.670677374470507,0.42598684210526316,ELECTRE-III,1
110,0184,2,0,"[30.67169529818345, -80.44197238374572]","[np.float64(27.32515845053345), np.float64(-80.26028845491872)]",2026-06-13 15:37:40,330.5918992225013,1,6.925575150920803,372.53749204922076,28.226793951362573,66.3022103866337,20.06439963817758,4,4,3,1496,4,0.7451388888888889,25.280371860399804,0.15953947368421054,ELECTRE-III,1
111,0179,1,0,"[30.071885160745854, -80.59963364035713]","[np.float64(29.7478931171751), np.float64(-80.98193319510803)]",2026-06-13 15:37:50,927.8929809486823,1,5.319718495885655,51.53310392430979,4.246715380364476,65.42974934281295,18.43526070780384,4,4,3,873,6,0.7454861111111111,11.725885707803842,0.42598684210526316,ELECTRE-III,1
111,0179,1,0,"[30.071885160745854, -80.59963364035713]","[np.float64(29.7478931171751), np.float64(-80.98193319510803)]",2026-06-13 15:37:50,927.8929809486823,1,5.319718495885655,51.53310392430979,4.246715380364476,65.42974934281295,18.43526070780384,4,4,3,873,6,0.7454861111111111,11.725885707803842,0.42598684210526316,ELECTRE-III,1
112,0184,2,0,"[30.071885160745854, -80.59963364035713]","[np.float64(27.32515845053345), np.float64(-80.26028845491872)]",2026-06-13 15:37:50,330.5918992225013,1,6.925575150920803,307.21003266412345,23.877331461252716,66.33911389871929,22.06439963817758,4,4,3,1496,4,0.7454861111111111,15.35502463817758,0.15953947368421054,ELECTRE-III,1
113,0179,1,0,"[29.471982815754465, -80.75588787799951]","[np.float64(29.7478931171751), np.float64(-80.98193319510803)]",2026-06-13 15:38:00,927.8929809486823,1,5.319718495885655,37.666874619401725,3.106682324572659,65.46546440198296,22.43526070780384,4,4,3,873,6,0.7458333333333333,26.910260707803843,0.42598684210526316,ELECTRE-III,1
113,0179,1,0,"[29.471982815754465, -80.75588787799951]","[np.float64(29.7478931171751), np.float64(-80.98193319510803)]",2026-06-13 15:38:00,927.8929809486823,1,5.319718495885655,37.666874619401725,3.106682324572659,65.46546440198296,22.43526070780384,4,4,3,873,6,0.7458333333333333,26.910260707803843,0.42598684210526316,ELECTRE-III,1
114,0184,2,0,"[29.471982815754465, -80.75588787799951]","[np.float64(27.32515845053345), np.float64(-80.26028845491872)]",2026-06-13 15:38:00,330.5918992225013,1,6.925575150920803,243.58762837841385,19.340604970636804,66.37601741080486,20.06439963817758,4,4,3,1496,4,0.7458333333333333,12.606066304844246,0.15953947368421054,ELECTRE-III,1
115,0179,1,0,"[28.87198826320928, -80.9107965683754]","[np.float64(29.7478931171751), np.float64(-80.98193319510803)]",2026-06-13 15:38:10,927.8929809486823,1,5.319718495885655,97.64023088429883,8.008491812120978,65.50117263096378,21.43526070780384,4,4,3,873,6,0.7461805555555555,21.43526070780384,0.42598684210526316,ELECTRE-III,1
115,0179,1,0,"[28.87198826320928, -80.9107965683754]","[np.float64(29.7478931171751), np.float64(-80.98193319510803)]",2026-06-13 15:38:10,927.8929809486823,1,5.319718495885655,97.64023088429883,8.008491812120978,65.50117263096378,21.43526070780384,4,4,3,873,6,0.7461805555555555,21.43526070780384,0.42598684210526316,ELECTRE-III,1
116,0184,2,0,"[28.87198826320928, -80.9107965683754]","[np.float64(27.32515845053345), np.float64(-80.26028845491872)]",2026-06-13 15:38:10,330.5918992225013,1,6.925575150920803,183.452848785908,14.806955979782785,66.41292092289045,18.06439963817758,4,4,3,1496,4,0.7461805555555555,21.79530241595536,0.15953947368421054,ELECTRE-III,1
116,0184,2,0,"[28.87198826320928, -80.9107965683754]","[np.float64(27.32515845053345), np.float64(-80.26028845491872)]",2026-06-13 15:38:10,330.5918992225013,1,6.925575150920803,183.452848785908,14.806955979782785,66.41292092289045,18.06439963817758,4,4,3,1496,4,0.7461805555555555,21.79530241595536,0.15953947368421054,ELECTRE-III,1
117,0179,1,0,"[28.271908333299468, -81.06440752280899]","[np.float64(29.7478931171751), np.float64(-80.98193319510803)]",2026-06-13 15:38:20,927.8929809486823,1,5.319718495885655,164.3180735703719,13.320595350304282,65.53687402975544,19.43526070780384,4,4,3,873,6,0.7465277777777778,18.688732930026063,0.42598684210526316,ELECTRE-III,1
117,0179,1,0,"[28.271908333299468, -81.06440752280899]","[np.float64(29.7478931171751), np.float64(-80.98193319510803)]",2026-06-13 15:38:20,927.8929809486823,1,5.319718495885655,164.3180735703719,13.320595350304282,65.53687402975544,19.43526070780384,4,4,3,873,6,0.7465277777777778,18.688732930026063,0.42598684210526316,ELECTRE-III,1
118,0184,2,0,"[28.271908333299468, -81.06440752280899]","[np.float64(27.32515845053345), np.float64(-80.26028845491872)]",2026-06-13 15:38:20,330.5918992225013,1,6.925575150920803,131.67515797041082,10.743237743902998,66.44982443497602,19.06439963817758,4,4,3,1496,4,0.7465277777777778,13.092177415955359,0.15953947368421054,ELECTRE-III,1
118,0184,2,0,"[28.271908333299468, -81.06440752280899]","[np.float64(27.32515845053345), np.float64(-80.26028845491872)]",2026-06-13 15:38:20,330.5918992225013,1,6.925575150920803,131.67515797041082,10.743237743902998,66.44982443497602,19.06439963817758,4,4,3,1496,4,0.7465277777777778,13.092177415955359,0.15953947368421054,ELECTRE-III,1
119,0179,1,0,"[27.67174814866691, -81.21675489224612]","[np.float64(29.7478931171751), np.float64(-80.98193319510803)]",2026-06-13 15:38:30,927.8929809486823,1,5.319718495885655,231.98998871812202,18.483726354247132,65.5725754285471,14.435260707803842,4,4,3,873,6,0.746875,15.929010707803842,0.42598684210526316,ELECTRE-III,1
120,0184,2,0,"[27.67174814866691, -81.21675489224612]","[np.float64(27.32515845053345), np.float64(-80.26028845491872)]",2026-06-13 15:38:30,330.5918992225013,1,6.925575150920803,101.90670191818343,8.353592619331588,66.48672111687243,22.06439963817758,4,4,3,1496,4,0.746875,19.07689963817758,0.15953947368421054,ELECTRE-III,1
120,0184,2,0,"[27.67174814866691, -81.21675489224612]","[np.float64(27.32515845053345), np.float64(-80.26028845491872)]",2026-06-13 15:38:30,330.5918992225013,1,6.925575150920803,101.90670191818343,8.353592619331588,66.48672111687243,22.06439963817758,4,4,3,1496,4,0.746875,19.07689963817758,0.15953947368421054,ELECTRE-III,1
121,0179,1,0,"[27.071506001764313, -81.36789331820016]","[np.float64(29.7478931171751), np.float64(-80.98193319510803)]",2026-06-13 15:38:40,927.8929809486823,1,5.319718495885655,299.9847582524807,23.376641201014387,65.60826999714958,21.43526070780384,4,4,3,873,6,0.7472222222222222,16.204705152248287,0.42598684210526316,ELECTRE-III,1
122,0184,2,0,"[27.071506001764313, -81.36789331820016]","[np.float64(27.32515845053345), np.float64(-80.26028845491872)]",2026-06-13 15:38:40,330.5918992225013,1,6.925575150920803,113.11467682782923,9.257205955329134,66.523624628958,16.06439963817758,4,4,3,1496,4,0.7472222222222222,8.592177415955359,0.15953947368421054,ELECTRE-III,1
122,0184,2,0,"[27.071506001764313, -81.36789331820016]","[np.float64(27.32515845053345), np.float64(-80.26028845491872)]",2026-06-13 15:38:40,330.5918992225013,1,6.925575150920803,113.11467682782923,9.257205955329134,66.523624628958,16.06439963817758,4,4,3,1496,4,0.7472222222222222,8.592177415955359,0.15953947368421054,ELECTRE-III,1
123,0179,1,0,"[26.47119043032814, -81.5178706119953]","[np.float64(29.7478931171751), np.float64(-80.98193319510803)]",2026-06-13 15:38:50,927.8929809486823,1,5.319718495885655,368.12347723074123,27.943146409974467,65.64396456575207,20.43526070780384,4,4,3,873,6,0.7475694444444444,22.677969041137175,0.42598684210526316,ELECTRE-III,1
124,0184,2,0,"[26.47119043032814, -81.5178706119953]","[np.float64(27.32515845053345), np.float64(-80.26028845491872)]",2026-06-13 15:38:50,330.5918992225013,1,6.925575150920803,156.74295494697293,12.726969722563648,66.56052131085441,15.06439963817758,4,4,3,1496,4,0.7475694444444444,18.054677415955357,0.15953947368421054,ELECTRE-III,1
124,0184,2,0,"[26.47119043032814, -81.5178706119953]","[np.float64(27.32515845053345), np.float64(-80.26028845491872)]",2026-06-13 15:38:50,330.5918992225013,1,6.925575150920803,156.74295494697293,12.726969722563648,66.56052131085441,15.06439963817758,4,4,3,1496,4,0.7475694444444444,18.054677415955357,0.15953947368421054,ELECTRE-III,1
125,0184,2,0,"[25.870799726811093, -81.66671409438823]","[np.float64(27.32515845053345), np.float64(-80.26028845491872)]",2026-06-13 15:39:00,330.5918992225013,1,6.925575150920803,213.78715184442316,17.121482939953736,66.59741799275083,14.06439963817758,4,4,3,1496,4,0.7479166666666667,7.33314963817758,0.15953947368421054,ELECTRE-III,1
125,0184,2,0,"[25.870799726811093, -81.66671409438823]","[np.float64(27.32515845053345), np.float64(-80.26028845491872)]",2026-06-13 15:39:00,330.5918992225013,1,6.925575150920803,213.78715184442316,17.121482939953736,66.59741799275083,14.06439963817758,4,4,3,1496,4,0.7479166666666667,7.33314963817758,0.15953947368421054,ELECTRE-III,1
126,0184,2,0,"[25.270340721402345, -81.81447840689228]","[np.float64(27.32515845053345), np.float64(-80.26028845491872)]",2026-06-13 15:39:10,330.5918992225013,1,6.925575150920803,276.0524199904045,21.691181512265498,66.63431467464724,19.06439963817758,4,4,3,1496,4,0.7482638888888888,25.05051074928869,0.15953947368421054,ELECTRE-III,1
127,0184,2,0,"[24.669815121649194, -81.96119087026415]","[np.float64(27.32515845053345), np.float64(-80.26028845491872)]",2026-06-13 15:39:20,330.5918992225013,1,6.925575150920803,340.6874452726674,26.146610799635447,66.67120452635447,21.06439963817758,4,4,3,1496,4,0.7486111111111111,25.556066304844247,0.15953947368421054,ELECTRE-III,1
128,0184,2,0,"[24.069224635098923, -82.10689929582803]","[np.float64(27.32515845053345), np.float64(-80.26028845491872)]",2026-06-13 15:39:30,330.5918992225013,1,6.925575150920803,406.56394707419526,30.362924237680858,66.70810120825088,16.06439963817758,4,4,3,1496,4,0.7489583333333333,15.315441304844247,0.15953947368421054,ELECTRE-III,1
129,0077,0,0,"[12.64908089471955, -84.72722623882255]","[np.float64(9.278166332601291), np.float64(-84.83392999348334)]",2026-06-13 15:42:40,318.9668679633517,1,2.9322194847258096,375.01002056734535,28.385025140423846,58.79896754561873,16.686180470109115,4,4,3,1335,13,0.7555555555555555,19.708402692331337,0.9638157894736842,ELECTRE-III,1
130,0077,0,0,"[12.047700667546499, -84.85932892755977]","[np.float64(9.278166332601291), np.float64(-84.83392999348334)]",2026-06-13 15:42:50,318.9668679633517,1,2.9322194847258096,307.9711062306923,23.92984839107921,58.83451185005948,16.686180470109115,4,4,3,1335,13,0.7559027777777778,16.686180470109115,0.9638157894736842,ELECTRE-III,1
131,0077,0,0,"[11.446300803579584, -84.99102863513596]","[np.float64(9.278166332601291), np.float64(-84.83392999348334)]",2026-06-13 15:43:00,318.9668679633517,1,2.9322194847258096,241.69743204669197,19.201550797243176,58.870049324311054,15.686180470109115,4,4,3,1335,13,0.75625,8.123680470109115,0.9638157894736842,ELECTRE-III,1
132,0077,0,0,"[10.84488471791339, -85.12233902192945]","[np.float64(9.278166332601291), np.float64(-84.83392999348334)]",2026-06-13 15:43:10,318.9668679633517,1,2.9322194847258096,177.04973946092795,14.311732931479144,58.90557313818429,18.686180470109115,4,4,3,1335,13,0.7565972222222223,19.442777692331337,0.9638157894736842,ELECTRE-III,1
133,0077,0,0,"[10.243452410547917, -85.2532942388861]","[np.float64(9.278166332601291), np.float64(-84.83392999348334)]",2026-06-13 15:43:20,318.9668679633517,1,2.9322194847258096,116.75930491127458,9.550068572464884,58.941090121868356,15.686180470109115,4,4,3,1335,13,0.7569444444444444,12.658402692331336,0.9638157894736842,ELECTRE-III,1
134,0077,0,0,"[9.642006442804105, -85.38390794638426]","[np.float64(9.278166332601291), np.float64(-84.83392999348334)]",2026-06-13 15:43:30,318.9668679633517,1,2.9322194847258096,72.63371896885894,5.974797918817679,58.97659344517408,14.686180470109115,4,4,3,1335,13,0.7572916666666667,10.89972213677578,0.9638157894736842,ELECTRE-III,1
135,0077,0,0,"[9.040548522229244, -85.51420063499143]","[np.float64(9.278166332601291), np.float64(-84.83392999348334)]",2026-06-13 15:43:40,318.9668679633517,1,2.9322194847258096,79.2145891490666,6.511676913840315,59.012089938290636,14.686180470109115,4,4,3,1335,13,0.7576388888888889,17.71673602566467,0.9638157894736842,ELECTRE-III,1
136,0077,0,0,"[8.439079502596982, -85.64419962546428]","[np.float64(9.278166332601291), np.float64(-84.83392999348334)]",2026-06-13 15:43:50,318.9668679633517,1,2.9322194847258096,128.95855499968044,10.526597349174171,59.047579601218025,13.686180470109115,4,4,3,1335,13,0.7579861111111111,11.412222136775782,0.9638157894736842,ELECTRE-III,1
137,0077,0,0,"[7.837601945228258, -85.77391857818115]","[np.float64(9.278166332601291), np.float64(-84.83392999348334)]",2026-06-13 15:44:00,318.9668679633517,1,2.9322194847258096,190.63356361337796,15.359637518134384,59.08305560376707,14.686180470109115,4,4,3,1335,13,0.7583333333333333,18.477847136775782,0.9638157894736842,ELECTRE-III,1
138,0077,0,0,"[7.236116703896718, -85.90338481389875]","[np.float64(9.278166332601291), np.float64(-84.83392999348334)]",2026-06-13 15:44:10,318.9668679633517,1,2.9322194847258096,255.74829199518723,20.22951750058156,59.118517945937775,12.686180470109115,4,4,3,1335,13,0.7586805555555556,11.92749991455356,0.9638157894736842,ELECTRE-III,1
139,0077,0,0,"[6.634625913036476, -86.03261882318456]","[np.float64(9.278166332601291), np.float64(-84.83392999348334)]",2026-06-13 15:44:20,318.9668679633517,1,2.9322194847258096,322.22342183030054,24.90538931375345,59.153973457919314,13.686180470109115,4,4,3,1335,13,0.7590277777777777,18.24034713677578,0.9638157894736842,ELECTRE-III,1
140,0077,0,0,"[6.033130426421181, -86.16163426641693]","[np.float64(9.278166332601291), np.float64(-84.83392999348334)]",2026-06-13 15:44:30,318.9668679633517,1,2.9322194847258096,389.3619725463902,29.294181637326503,59.18942213971168,18.686180470109115,4,4,3,1335,13,0.759375,24.761180470109114,0.9638157894736842,ELECTRE-III,1
141,0038,0,0,"[43.0365301866301, -101.45914747879196]","[np.float64(40.33709396384561), np.float64(-104.2016485672987)]",2026-06-13 17:13:00,419.64903174322717,1,7.676093631610172,376.72976718647163,28.494803904236942,62.259161869714696,28.43526070780384,1,1,1,1110,9,0.94375,22.77276070780384,0.5707236842105263,ELECTRE-III,1
142,0038,0,0,"[42.43976972865692, -101.66090443668497]","[np.float64(40.33709396384561), np.float64(-104.2016485672987)]",2026-06-13 17:13:10,419.64903174322717,1,7.676093631610172,315.5501627659726,24.45049676719851,62.28660556979981,28.43526070780384,1,1,1,1110,9,0.9440972222222223,26.547066263359397,0.5707236842105263,ELECTRE-III,1
143,0038,0,0,"[41.84279411972488, -101.85963562077566]","[np.float64(40.33709396384561), np.float64(-104.2016485672987)]",2026-06-13 17:13:20,419.64903174322717,1,7.676093631610172,257.96360354939105,20.390376218011586,62.31403560950658,23.43526070780384,1,1,1,1110,9,0.9444444444444444,13.990816263359397,0.5707236842105263,ELECTRE-III,1
144,0069,0,0,"[41.84279411972488, -101.85963562077566]","[np.float64(39.80394266104254), np.float64(-105.3320988949999)]",2026-06-13 17:13:20,470.4028509127045,1,7.730386383523442,369.77208410783464,28.049262315907004,61.81715300776649,18.442618806246042,1,1,1,1139,14,0.9444444444444444,8.998174361801597,1.0,ELECTRE-III,1
145,0038,0,0,"[41.24561360511774, -102.05546397446909]","[np.float64(40.33709396384561), np.float64(-104.2016485672987)]",2026-06-13 17:13:30,419.64903174322717,1,7.676093631610172,206.99245337081533,16.607738515489224,62.34144515864584,20.43526070780384,1,1,1,1110,9,0.9447916666666667,25.159219041137177,0.5707236842105263,ELECTRE-III,1
146,0069,0,0,"[41.24561360511774, -102.05546397446909]","[np.float64(39.80394266104254), np.float64(-105.3320988949999)]",2026-06-13 17:13:30,470.4028509127045,1,7.730386383523442,319.9638276314285,24.751732508435655,61.84542999093035,17.442618806246042,1,1,1,1139,14,0.9447916666666667,14.608243806246042,1.0,ELECTRE-III,1
147,0038,0,0,"[40.64823843011926, -102.24850561098117]","[np.float64(40.33709396384561), np.float64(-104.2016485672987)]",2026-06-13 17:13:40,419.64903174322717,1,7.676093631610172,168.74380708863484,13.666084286858611,62.36884104740676,23.43526070780384,1,1,1,1110,9,0.9451388888888889,13.983871818914952,0.5707236842105263,ELECTRE-III,1
148,0069,0,0,"[40.64823843011926, -102.24850561098117]","[np.float64(39.80394266104254), np.float64(-105.3320988949999)]",2026-06-13 17:13:40,470.4028509127045,1,7.730386383523442,278.09510721197364,21.83663826165428,61.873700143905026,15.442618806246042,1,1,1,1139,14,0.9451388888888889,9.771785472912708,1.0,ELECTRE-III,1
149,0038,0,0,"[40.050672009824005, -102.43884932277108]","[np.float64(40.33709396384561), np.float64(-104.2016485672987)]",2026-06-13 17:13:50,419.64903174322717,1,7.676093631610172,153.0755922841862,12.438566657098814,62.396223275789346,24.43526070780384,1,1,1,1110,9,0.9454861111111111,16.87137181891495,0.5707236842105263,ELECTRE-III,1
150,0069,0,0,"[40.050672009824005, -102.43884932277108]","[np.float64(39.80394266104254), np.float64(-105.3320988949999)]",2026-06-13 17:13:50,470.4028509127045,1,7.730386383523442,248.21968778922266,19.68036503545787,61.9019498063122,18.442618806246042,1,1,1,1139,14,0.9454861111111111,23.170049361801595,1.0,ELECTRE-III,1
151,0038,0,0,"[39.45292800461034, -102.62661122305472]","[np.float64(40.33709396384561), np.float64(-104.2016485672987)]",2026-06-13 17:14:00,419.64903174322717,1,7.676093631610172,166.4905175259938,13.490309191141199,62.423585013604416,21.43526070780384,1,1,1,1110,9,0.9458333333333333,15.760260707803841,0.5707236842105263,ELECTRE-III,1
152,0069,0,0,"[39.45292800461034, -102.62661122305472]","[np.float64(39.80394266104254), np.float64(-105.3320988949999)]",2026-06-13 17:14:00,470.4028509127045,1,7.730386383523442,234.95836216456996,18.70387552976596,61.93018580834104,14.442618806246042,1,1,1,1139,14,0.9458333333333333,17.28011880624604,1.0,ELECTRE-III,1
153,0038,0,0,"[38.85500982957284, -102.81188010429132]","[np.float64(40.33709396384561), np.float64(-104.2016485672987)]",2026-06-13 17:14:10,419.64903174322717,1,7.676093631610172,203.31295621786242,16.328376234539043,62.45093309104114,23.43526070780384,1,1,1,1110,9,0.9461805555555556,27.219982930026063,0.5707236842105263,ELECTRE-III,1
154,0069,0,0,"[38.85500982957284, -102.81188010429132]","[np.float64(39.80394266104254), np.float64(-105.3320988949999)]",2026-06-13 17:14:10,470.4028509127045,1,7.730386383523442,241.0709430217051,19.15541050332161,61.95840814999153,9.442618806246042,1,1,1,1139,14,0.9461805555555556,12.28116047291271,1.0,ELECTRE-III,1
155,0038,0,0,"[38.25692431490067, -102.99475841931842]","[np.float64(40.33709396384561), np.float64(-104.2016485672987)]",2026-06-13 17:14:20,419.64903174322717,1,7.676093631610172,253.54242416237867,20.069013100198404,62.47826067791037,22.43526070780384,1,1,1,1110,9,0.9465277777777777,16.756094041137175,0.5707236842105263,ELECTRE-III,1
156,0069,0,0,"[38.25692431490067, -102.99475841931842]","[np.float64(39.80394266104254), np.float64(-105.3320988949999)]",2026-06-13 17:14:20,470.4028509127045,1,7.730386383523442,265.2220290475032,20.915071731115052,61.98661683126368,18.442618806246042,1,1,1,1139,14,0.9465277777777777,23.17525769513493,1.0,ELECTRE-III,1
157,0038,0,0,"[37.658674875688426, -103.17532813040604]","[np.float64(40.33709396384561), np.float64(-104.2016485672987)]",2026-06-13 17:14:30,419.64903174322717,1,7.676093631610172,310.7456650661651,24.12094160997554,62.50557460440125,23.43526070780384,1,1,1,1110,9,0.946875,19.64776070780384,0.5707236842105263,ELECTRE-III,1
158,0069,0,0,"[37.658674875688426, -103.17532813040604]","[np.float64(39.80394266104254), np.float64(-105.3320988949999)]",2026-06-13 17:14:30,470.4028509127045,1,7.730386383523442,303.13230424136964,23.59522736999847,62.01480502196832,12.442618806246042,1,1,1,1139,14,0.946875,2.973868806246042,1.0,ELECTRE-III,1
159,0038,0,0,"[37.06027517231444, -103.35367119982425]","[np.float64(40.33709396384561), np.float64(-104.2016485672987)]",2026-06-13 17:14:40,419.64903174322717,1,7.676093631610172,371.7171576466097,28.174192107836376,62.53287487051379,23.43526070780384,1,1,1,1110,9,0.9472222222222222,22.48803848558162,0.5707236842105263,ELECTRE-III,1
160,0069,0,0,"[37.06027517231444, -103.35367119982425]","[np.float64(39.80394266104254), np.float64(-105.3320988949999)]",2026-06-13 17:14:40,470.4028509127045,1,7.730386383523442,350.3641856641336,26.78681446363149,62.0429863824838,14.442618806246042,1,1,1,1139,14,0.9472222222222222,8.759285472912708,1.0,ELECTRE-III,1
161,0069,0,0,"[36.4617286198733, -103.52987642003224]","[np.float64(39.80394266104254), np.float64(-105.3320988949999)]",2026-06-13 17:14:50,470.4028509127045,1,7.730386383523442,403.6593184120018,30.1840666580838,62.07114725243176,12.442618806246042,1,1,1,1139,14,0.9475694444444445,3.9144938062460426,1.0,ELECTRE-III,1
162,0071,0,0,"[35.264208628167886, -103.87617384114105]","[np.float64(32.26335503153177), np.float64(-102.2535479307044)]",2026-06-13 17:15:10,49.704124408816234,1,4.250646219909894,365.8262421704489,27.79493190154479,67.40606457915615,19.06439963817758,4,4,3,631,11,0.9482638888888889,18.11613574928869,0.7516447368421053,ELECTRE-III,1
163,0071,0,0,"[34.66524884928196, -104.04640947601445]","[np.float64(32.26335503153177), np.float64(-102.2535479307044)]",2026-06-13 17:15:20,49.704124408816234,1,4.250646219909894,314.6108509634723,24.386201097849014,67.43963495892676,25.06439963817758,4,4,3,631,11,0.9486111111111111,32.653288527066465,0.7516447368421053,ELECTRE-III,1
164,0071,0,0,"[34.06616271189639, -104.21480095981194]","[np.float64(32.26335503153177), np.float64(-102.2535479307044)]",2026-06-13 17:15:30,49.704124408816234,1,4.250646219909894,271.1183230501453,21.33861941458958,67.47319167831903,25.06439963817758,4,4,3,631,11,0.9489583333333333,15.574816304844246,0.7516447368421053,ELECTRE-III,1
165,0071,0,0,"[33.466957046200335, -104.38140976423607]","[np.float64(32.26335503153177), np.float64(-102.2535479307044)]",2026-06-13 17:15:40,49.704124408816234,1,4.250646219909894,239.59168062985532,19.046361875198066,67.50674156752214,23.06439963817758,4,4,3,631,11,0.9493055555555555,17.368566304844247,0.7516447368421053,ELECTRE-III,1
166,0071,0,0,"[32.86763185219382, -104.5463041911785]","[np.float64(32.26335503153177), np.float64(-102.2535479307044)]",2026-06-13 17:15:50,49.704124408816234,1,4.250646219909894,225.11557538242897,17.971716468890534,67.54028462653606,19.06439963817758,4,4,3,631,11,0.9496527777777778,23.81266352706647,0.7516447368421053,ELECTRE-III,1
167,0071,0,0,"[32.26819737516057, -104.70953888215264]","[np.float64(32.26335503153177), np.float64(-102.2535479307044)]",2026-06-13 17:16:00,49.704124408816234,1,4.250646219909894,230.91874909271536,18.404138499438208,67.57381402517166,23.06439963817758,4,4,3,631,11,0.95,27.81439963817758,0.7516447368421053,ELECTRE-III,1
168,0071,0,0,"[31.668653615100606, -104.87118213905016]","[np.float64(32.26335503153177), np.float64(-102.2535479307044)]",2026-06-13 17:16:10,49.704124408816234,1,4.250646219909894,255.624226910422,20.22049898102554,67.60733659361809,22.06439963817758,4,4,3,631,11,0.9503472222222222,13.51127463817758,0.7516447368421053,ELECTRE-III,1
169,0071,0,0,"[31.06900740220309, -105.0312749430061]","[np.float64(32.26335503153177), np.float64(-102.2535479307044)]",2026-06-13 17:16:20,49.704124408816234,1,4.250646219909894,294.51143025444253,22.994816722457823,67.64084550168617,16.06439963817758,4,4,3,631,11,0.9506944444444444,24.620649638177582,0.7516447368421053,ELECTRE-III,1
170,0053,0,0,"[30.469258736468028, -105.18989242610131]","[np.float64(26.87769369263977), np.float64(-105.8612376757188)]",2026-06-13 17:16:30,898.8383248360243,2,6.271612518163372,404.6960937744483,30.247982719840486,65.53328135025201,15.817158925093404,3,3,3,1312,13,0.9510416666666667,16.76820059176007,0.9638157894736842,ELECTRE-III,1
171,0071,0,0,"[30.469258736468028, -105.18989242610131]","[np.float64(32.26335503153177), np.float64(-102.2535479307044)]",2026-06-13 17:16:30,49.704124408816234,1,4.250646219909894,342.7887885784104,26.28623872098284,67.67435440975424,17.06439963817758,4,4,3,631,11,0.9510416666666667,9.456066304844246,0.7516447368421053,ELECTRE-III,1
172,0053,0,0,"[29.869414448084584, -105.34706873928164]","[np.float64(26.87769369263977), np.float64(-105.8612376757188)]",2026-06-13 17:16:40,898.8383248360243,2,6.271612518163372,336.44501466024303,25.8636940431368,65.57039659820187,8.817158925093404,3,3,3,1312,13,0.9513888888888888,0.0,0.9638157894736842,ELECTRE-III,1
173,0071,0,0,"[29.869414448084584, -105.34706873928164]","[np.float64(32.26335503153177), np.float64(-102.2535479307044)]",2026-06-13 17:16:40,49.704124408816234,1,4.250646219909894,397.0442121620717,29.77429710702008,67.70784965744399,18.06439963817758,4,4,3,631,11,0.9513888888888888,18.06439963817758,0.7516447368421053,ELECTRE-III,1
174,0053,0,0,"[29.269481367241927, -105.50286535424962]","[np.float64(26.87769369263977), np.float64(-105.8612376757188)]",2026-06-13 17:16:50,898.8383248360243,2,6.271612518163372,268.26856307397094,21.134215137033028,65.60750501596254,12.817158925093404,3,3,3,1312,13,0.9517361111111111,13.768895036204515,0.9638157894736842,ELECTRE-III,1
175,0053,0,0,"[28.66945949394006, -105.65733008232947]","[np.float64(26.87769369263977), np.float64(-105.8612376757188)]",2026-06-13 17:17:00,898.8383248360243,2,6.271612518163372,200.24286484680889,16.094669576558353,65.64461343372322,10.817158925093404,3,3,3,1312,13,0.9520833333333333,1.2963255917600716,0.9638157894736842,ELECTRE-III,1
176,007,0,0,"[28.06935053572628, -105.81051073484534]","[np.float64(27.09116414667865), np.float64(-109.4127318698908)]",2026-06-13 17:17:10,204.7583549914579,1,3.597522112006194,371.3006189399701,28.147462806330218,62.51239796338209,16.809800826651205,2,2,2,1416,11,0.9524305555555556,13.952509159984539,0.7516447368421053,ELECTRE-III,1
177,0053,0,0,"[28.06935053572628, -105.81051073484534]","[np.float64(26.87769369263977), np.float64(-105.8612376757188)]",2026-06-13 17:17:10,898.8383248360243,2,6.271612518163372,132.60084620686257,10.816987792703879,65.6817218514839,17.817158925093402,3,3,3,1312,13,0.9524305555555556,17.817158925093402,0.9638157894736842,ELECTRE-III,1
178,007,0,0,"[27.46916132278975, -105.96244829293228]","[np.float64(27.09116414667865), np.float64(-109.4127318698908)]",2026-06-13 17:17:20,204.7583549914579,1,3.597522112006194,343.55186294325284,26.33685973772592,62.54946540000775,17.809800826651205,2,2,2,1416,11,0.9527777777777777,25.432023048873425,0.7516447368421053,ELECTRE-III,1
179,0053,0,0,"[27.46916132278975, -105.96244829293228]","[np.float64(26.87769369263977), np.float64(-105.8612376757188)]",2026-06-13 17:17:20,898.8383248360243,2,6.271612518163372,66.52598427186219,5.475572175186381,65.71883026924458,9.817158925093404,3,3,3,1312,13,0.9527777777777777,2.194936702871182,0.9638157894736842,ELECTRE-III,1
180,007,0,0,"[26.868893562677762, -106.11319056791446]","[np.float64(27.09116414667865), np.float64(-109.4127318698908)]",2026-06-13 17:17:30,204.7583549914579,1,3.597522112006194,327.88505396105984,25.288713271020697,62.58653283663341,22.809800826651205,2,2,2,1416,11,0.953125,28.528550826651205,0.7516447368421053,ELECTRE-III,1
181,0053,0,0,"[26.868893562677762, -106.11319056791446]","[np.float64(26.87769369263977), np.float64(-105.8612376757188)]",2026-06-13 17:17:30,898.8383248360243,2,6.271612518163372,25.009582629515563,2.0638670244349826,65.75593868700525,17.817158925093402,3,3,3,1312,13,0.953125,14.957783925093402,0.9638157894736842,ELECTRE-III,1
182,007,0,0,"[26.268550670484906, -106.2627785409269]","[np.float64(27.09116414667865), np.float64(-109.4127318698908)]",2026-06-13 17:17:40,204.7583549914579,1,3.597522112006194,326.0479349377902,25.164593468354738,62.623607103448236,25.809800826651205,2,2,2,1416,11,0.9534722222222223,24.856328604428985,0.7516447368421053,ELECTRE-III,1
183,0053,0,0,"[26.268550670484906, -106.2627785409269]","[np.float64(26.87769369263977), np.float64(-105.8612376757188)]",2026-06-13 17:17:40,898.8383248360243,2,6.271612518163372,78.62859595124277,6.463915702690637,65.79304710476593,17.817158925093402,3,3,3,1312,13,0.9534722222222223,9.235908925093401,0.9638157894736842,ELECTRE-III,1
184,007,0,0,"[25.668136061305766, -106.41125319310464]","[np.float64(27.09116414667865), np.float64(-109.4127318698908)]",2026-06-13 17:17:50,204.7583549914579,1,3.597522112006194,338.2670727515595,25.985369377565227,62.6606745400739,18.809800826651205,2,2,2,1416,11,0.9538194444444444,16.902161937762315,0.7516447368421053,ELECTRE-III,1
185,0053,0,0,"[25.668136061305766, -106.41125319310464]","[np.float64(26.87769369263977), np.float64(-105.8612376757188)]",2026-06-13 17:17:50,898.8383248360243,2,6.271612518163372,145.24719384243073,11.820806541062572,65.83015552252661,14.817158925093404,3,3,3,1312,13,0.9538194444444444,8.140422813982292,0.9638157894736842,ELECTRE-III,1
186,007,0,0,"[25.067653150234925, -106.55865550558269]","[np.float64(27.09116414667865), np.float64(-109.4127318698908)]",2026-06-13 17:18:00,204.7583549914579,1,3.597522112006194,363.12716996731524,27.62027356815491,62.69774197669956,25.809800826651205,2,2,2,1416,11,0.9541666666666667,32.48896749331787,0.7516447368421053,ELECTRE-III,1
187,0053,0,0,"[25.067653150234925, -106.55865550558269]","[np.float64(26.87769369263977), np.float64(-105.8612376757188)]",2026-06-13 17:18:00,898.8383248360243,2,6.271612518163372,212.99866591924078,17.062009474444924,65.86725711009812,15.817158925093404,3,3,3,1312,13,0.9541666666666667,9.137992258426737,0.9638157894736842,ELECTRE-III,1
188,007,0,0,"[24.467105352366968, -106.70502645949607]","[np.float64(27.09116414667865), np.float64(-109.4127318698908)]",2026-06-13 17:18:10,204.7583549914579,1,3.597522112006194,398.26874740065904,29.85040536374031,62.734809413325216,24.809800826651205,2,2,2,1416,11,0.9545138888888889,18.128203604428982,0.7516447368421053,ELECTRE-III,1
189,0053,0,0,"[24.467105352366968, -106.70502645949607]","[np.float64(26.87769369263977), np.float64(-105.8612376757188)]",2026-06-13 17:18:10,898.8383248360243,2,6.271612518163372,281.06506096959913,22.047597160744132,65.9043655278588,17.817158925093402,3,3,3,1312,13,0.9545138888888889,12.090075591760069,0.9638157894736842,ELECTRE-III,1
190,0053,0,0,"[23.8664926677019, -106.85040703597979]","[np.float64(26.87769369263977), np.float64(-105.8612376757188)]",2026-06-13 17:18:20,898.8383248360243,2,6.271612518163372,349.2627426082398,26.71430356723125,65.94146711543031,16.817158925093402,3,3,3,1312,13,0.9548611111111112,9.178270036204513,0.9638157894736842,ELECTRE-III,1
191,0064,0,1,"[58.000661865616806, 1.0378779802347025]","[np.float64(55.14931047733401), np.float64(-1.225701160577773)]",2026-06-13 10:29:30,821.6296518567882,2,2.7287735725883193,345.9980547001063,26.49883747946155,53.50665693893688,6.817158925093404,1,1,1,1314,4,0.103125,5.9921589250934035,0.15953947368421054,ELECTRE-III,1
192,0064,0,1,"[57.41278748375381, 0.6967407136829779]","[np.float64(55.14931047733401), np.float64(-1.225701160577773)]",2026-06-13 10:29:40,821.6296518567882,2,2.7287735725883193,278.2320639329021,21.84638019408824,53.52152626076,9.817158925093404,1,1,1,1314,4,0.10347222222222222,10.541464480648958,0.15953947368421054,ELECTRE-III,1
193,0064,0,1,"[56.82422325278464, 0.36507262396140305]","[np.float64(55.14931047733401), np.float64(-1.225701160577773)]",2026-06-13 10:29:50,821.6296518567882,2,2.7287735725883193,210.88141335223685,16.902123203684155,53.53637850711019,6.817158925093404,1,1,1,1314,4,0.10381944444444445,6.401881147315626,0.15953947368421054,ELECTRE-III,1
194,0064,0,1,"[56.23501356893891, 0.04238319809988691]","[np.float64(55.14931047733401), np.float64(-1.225701160577773)]",2026-06-13 10:30:00,821.6296518567882,2,2.7287735725883193,144.5313310196208,11.764174211549918,53.55121026289287,13.817158925093404,1,1,1,1314,4,0.10416666666666667,13.192158925093404,0.15953947368421054,ELECTRE-III,1
195,0064,0,1,"[55.645192583162455, -0.27178590027736893]","[np.float64(55.14931047733401), np.float64(-1.225701160577773)]",2026-06-13 10:30:10,821.6296518567882,2,2.7287735725883193,81.6609233468791,6.710965816541297,53.566021528108045,6.817158925093404,1,1,1,1314,4,0.10451388888888889,7.026186702871182,0.15953947368421054,ELECTRE-III,1
196,0064,0,1,"[55.054784201117386, -0.5778634589738744]","[np.float64(55.14931047733401), np.float64(-1.225701160577773)]",2026-06-13 10:30:20,821.6296518567882,2,2.7287735725883193,42.53223456575563,3.5070222295793414,53.58081571785029,12.817158925093404,1,1,1,1314,4,0.10486111111111111,11.978270036204515,0.15953947368421054,ELECTRE-III,1
197,0064,0,1,"[54.46382598884413, -0.8762509983973125]","[np.float64(55.14931047733401), np.float64(-1.225701160577773)]",2026-06-13 10:30:30,821.6296518567882,2,2.7287735725883193,79.44405220926751,6.530376763872629,53.59558941702503,14.817158925093404,1,1,1,1314,4,0.10520833333333333,15.448408925093403,0.15953947368421054,ELECTRE-III,1
198,0064,0,1,"[53.87234185200478, -1.1673248993235479]","[np.float64(55.14931047733401), np.float64(-1.225701160577773)]",2026-06-13 10:30:40,821.6296518567882,2,2.7287735725883193,142.04261655129392,11.567109665669241,53.610342625632256,6.817158925093404,1,1,1,1314,4,0.10555555555555556,7.767158925093404,0.15953947368421054,ELECTRE-III,1
199,0064,0,1,"[53.28035911135602, -1.4514381437944526]","[np.float64(55.14931047733401), np.float64(-1.225701160577773)]",2026-06-13 10:30:50,821.6296518567882,2,2.7287735725883193,208.33557027511822,16.709512043138368,53.62507875876656,14.817158925093404,1,1,1,1314,4,0.10590277777777778,15.028964480648959,0.15953947368421054,ELECTRE-III,1
200,0064,0,1,"[52.687898257465356, -1.7289225829541541]","[np.float64(55.14931047733401), np.float64(-1.225701160577773)]",2026-06-13 10:31:00,821.6296518567882,2,2.7287735725883193,275.6716896795468,21.664037691870227,53.639794401333354,8.817158925093404,1,1,1,1314,4,0.10625,9.454658925093403,0.15953947368421054,ELECTRE-III,1
201,0064,0,1,"[52.09499002618406, -2.000089630740123]","[np.float64(55.14931047733401), np.float64(-1.225701160577773)]",2026-06-13 10:31:10,821.6296518567882,2,2.7287735725883193,343.43799553091213,26.329308780819503,53.65449296842722,9.817158925093404,1,1,1,1314,4,0.10659722222222222,9.923756147315625,0.15953947368421054,ELECTRE-III,1
202,0010,0,1,"[44.35434346999778, -5.0636742930839045]","[np.float64(42.38827091628898), np.float64(-8.49349688780998)]",2026-06-13 10:33:20,558.5442744959782,1,3.1095504602550132,353.00506122607106,26.960293228971025,58.503145222476306,17.188019994719667,1,1,1,1150,4,0.1111111111111111,18.076908883608557,0.15953947368421054,ELECTRE-III,1
203,0010,0,1,"[43.756896578013006, -5.270809171174649]","[np.float64(42.38827091628898), np.float64(-8.49349688780998)]",2026-06-13 10:33:30,558.5442744959782,1,3.1095504602550132,302.75845990089704,23.569303119752586,58.53033620556213,17.188019994719667,1,1,1,1150,4,0.11145833333333334,16.742186661386334,0.15953947368421054,ELECTRE-III,1
204,0010,0,1,"[43.159220874691044, -5.474670254218844]","[np.float64(42.38827091628898), np.float64(-8.49349688780998)]",2026-06-13 10:33:40,558.5442744959782,1,3.1095504602550132,260.86988603310647,20.600899565012668,58.55750669808044,12.188019994719667,1,1,1,1150,4,0.11180555555555556,13.082464439164111,0.15953947368421054,ELECTRE-III,1
205,0010,0,1,"[42.56132319022105, -5.675387315810716]","[np.float64(42.38827091628898), np.float64(-8.49349688780998)]",2026-06-13 10:33:50,558.5442744959782,1,3.1095504602550132,231.91502171348978,18.478159073787012,58.58467036040958,18.188019994719667,1,1,1,1150,4,0.11215277777777778,18.63663110583078,0.15953947368421054,ELECTRE-III,1
206,0010,0,1,"[41.963217184981374, -5.873082872468504]","[np.float64(42.38827091628898), np.float64(-8.49349688780998)]",2026-06-13 10:34:00,558.5442744959782,1,3.1095504602550132,221.03843271312502,17.66663467953382,58.611820362360376,13.188019994719667,1,1,1,1150,4,0.1125,12.513019994719667,0.15953947368421054,ELECTRE-III,1
207,0010,0,1,"[41.3649062740666, -6.067874318068567]","[np.float64(42.38827091628898), np.float64(-8.49349688780998)]",2026-06-13 10:34:10,558.5442744959782,1,3.1095504602550132,230.81189562198287,18.3961957678551,58.63895670393284,11.188019994719667,1,1,1,1150,4,0.11284722222222222,11.300867216941889,0.15953947368421054,ELECTRE-III,1
208,0010,0,1,"[40.76640411785506, -6.259873923845387]","[np.float64(42.38827091628898), np.float64(-8.49349688780998)]",2026-06-13 10:34:20,558.5442744959782,1,3.1095504602550132,258.90856967442426,20.458890467064162,58.66607938512696,17.188019994719667,1,1,1,1150,4,0.11319444444444444,18.206769994719668,0.15953947368421054,ELECTRE-III,1
209,0201,0,1,"[40.76640411785506, -6.259873923845387]","[np.float64(37.76131249306622), np.float64(-5.011013629053059)]",2026-06-13 10:34:20,962.7190168905337,2,2.4770214992368285,351.0111152365496,26.829360406570746,63.12815317743708,10.191699043940766,3,3,3,831,5,0.11319444444444444,9.399337932829654,0.26973684210526316,ELECTRE-III,1
210,0010,0,1,"[40.16771413144135, -6.4491879846179225]","[np.float64(42.38827091628898), np.float64(-8.49349688780998)]",2026-06-13 10:34:30,558.5442744959782,1,3.1095504602550132,300.2289368014099,23.393624471507696,58.69318840594274,13.188019994719667,1,1,1,1150,4,0.11354166666666667,13.755728328053001,0.15953947368421054,ELECTRE-III,1
211,0201,0,1,"[40.16771413144135, -6.4491879846179225]","[np.float64(37.76131249306622), np.float64(-5.011013629053059)]",2026-06-13 10:34:30,962.7190168905337,2,2.4770214992368285,295.04731891434244,23.032296983271827,63.15796012297502,14.191699043940766,3,3,3,831,5,0.11354166666666667,13.737532377274098,0.26973684210526316,ELECTRE-III,1
212,0010,0,1,"[39.568846560109215, -6.635918953223724]","[np.float64(42.38827091628898), np.float64(-8.49349688780998)]",2026-06-13 10:34:40,558.5442744959782,1,3.1095504602550132,350.12285894769525,26.770935204992377,58.720283766380184,13.188019994719667,1,1,1,1150,4,0.11388888888888889,13.074131105830778,0.15953947368421054,ELECTRE-III,1
213,0201,0,1,"[39.568846560109215, -6.635918953223724]","[np.float64(37.76131249306622), np.float64(-5.011013629053059)]",2026-06-13 10:34:40,962.7190168905337,2,2.4770214992368285,245.5488564376812,19.48463465203831,63.18774657794544,15.191699043940766,3,3,3,831,5,0.11388888888888889,14.73614348838521,0.26973684210526316,ELECTRE-III,1
214,0243,0,1,"[39.568846560109215, -6.635918953223724]","[np.float64(36.78983297350138), np.float64(-4.481296075919123)]",2026-06-13 10:34:40,247.7379327933208,1,2.3760576094088206,361.8510842758299,27.537502777065626,63.976571955379384,17.93710023241439,1,1,1,1153,13,0.11388888888888889,17.253766899081057,0.9638157894736842,ELECTRE-III,1
215,0010,0,1,"[38.96980481895324, -6.820163306084819]","[np.float64(42.38827091628898), np.float64(-8.49349688780998)]",2026-06-13 10:34:50,558.5442744959782,1,3.1095504602550132,405.4385835739617,30.29370536533984,58.747365466439284,11.188019994719667,1,1,1,1150,4,0.11423611111111111,11.188019994719667,0.15953947368421054,ELECTRE-III,1
216,0201,0,1,"[38.96980481895324, -6.820163306084819]","[np.float64(37.76131249306622), np.float64(-5.011013629053059)]",2026-06-13 10:34:50,962.7190168905337,2,2.4770214992368285,207.202117123941,16.62363272844909,63.21751937253753,7.1916990439407655,3,3,3,831,5,0.11423611111111111,7.64864348838521,0.26973684210526316,ELECTRE-III,1
217,0243,0,1,"[38.96980481895324, -6.820163306084819]","[np.float64(36.78983297350138), np.float64(-4.481296075919123)]",2026-06-13 10:34:50,247.7379327933208,1,2.3760576094088206,317.61550480887706,24.59163835149669,64.00700044813179,16.93710023241439,1,1,1,1153,13,0.11423611111111111,16.82286412130328,0.9638157894736842,ELECTRE-III,1
218,0201,0,1,"[38.370602568351785, -7.002014531415469]","[np.float64(37.76131249306622), np.float64(-5.011013629053059)]",2026-06-13 10:35:00,962.7190168905337,2,2.4770214992368285,186.99916574604296,15.080266199259816,63.24727850675127,15.191699043940766,3,3,3,831,5,0.11458333333333333,15.3062823772741,0.26973684210526316,ELECTRE-III,1
219,0243,0,1,"[38.370602568351785, -7.002014531415469]","[np.float64(36.78983297350138), np.float64(-4.481296075919123)]",2026-06-13 10:35:00,247.7379327933208,1,2.3760576094088206,283.2437097687944,22.201950166041723,64.03741528050585,8.93710023241439,1,1,1,1153,13,0.11458333333333333,8.364183565747725,0.9638157894736842,ELECTRE-III,1
220,0201,0,1,"[37.77123639321024, -7.181561421674887]","[np.float64(37.76131249306622), np.float64(-5.011013629053059)]",2026-06-13 10:35:10,962.7190168905337,2,2.4770214992368285,190.7932165274176,15.371892786397277,63.27703081077585,12.191699043940766,3,3,3,831,5,0.11493055555555555,12.536490710607433,0.26973684210526316,ELECTRE-III,1
221,0243,0,1,"[37.77123639321024, -7.181561421674887]","[np.float64(36.78983297350138), np.float64(-4.481296075919123)]",2026-06-13 10:35:10,247.7379327933208,1,2.3760576094088206,262.63649867890695,20.728585081700842,64.06782328269075,15.93710023241439,1,1,1,1153,13,0.11493055555555555,15.822169676858834,0.9638157894736842,ELECTRE-III,1
222,0201,0,1,"[37.17172336900154, -7.358890208001343]","[np.float64(37.76131249306622), np.float64(-5.011013629053059)]",2026-06-13 10:35:20,962.7190168905337,2,2.4770214992368285,217.3315618266884,17.388357894445846,63.30676262423292,14.191699043940766,3,3,3,831,5,0.11527777777777778,14.998643488385209,0.26973684210526316,ELECTRE-III,1
223,0243,0,1,"[37.17172336900154, -7.358890208001343]","[np.float64(36.78983297350138), np.float64(-4.481296075919123)]",2026-06-13 10:35:20,247.7379327933208,1,2.3760576094088206,259.0999053750182,20.472755725211133,64.09821762449731,17.93710023241439,1,1,1,1153,13,0.11527777777777778,16.89960023241439,0.9638157894736842,ELECTRE-III,1
224,0201,0,1,"[36.5720600806311, -7.534080291343939]","[np.float64(37.76131249306622), np.float64(-5.011013629053059)]",2026-06-13 10:35:30,962.7190168905337,2,2.4770214992368285,259.7336800877025,20.518664700509348,63.33648760750081,10.191699043940766,3,3,3,831,5,0.115625,9.497949043940766,0.26973684210526316,ELECTRE-III,1
225,0243,0,1,"[36.5720600806311, -7.534080291343939]","[np.float64(36.78983297350138), np.float64(-4.481296075919123)]",2026-06-13 10:35:30,247.7379327933208,1,2.3760576094088206,273.2968483534056,21.49449511015941,64.12859147573636,13.93710023241439,1,1,1,1153,13,0.115625,14.862100232414392,0.9638157894736842,ELECTRE-III,1
226,0201,0,1,"[35.972256773382675, -7.707211926425422]","[np.float64(37.76131249306622), np.float64(-5.011013629053059)]",2026-06-13 10:35:40,962.7190168905337,2,2.4770214992368285,311.5892812695642,24.178931564661024,63.36619893039037,13.191699043940766,3,3,3,831,5,0.11597222222222223,13.771560155051876,0.26973684210526316,ELECTRE-III,1
227,0243,0,1,"[35.972256773382675, -7.707211926425422]","[np.float64(36.78983297350138), np.float64(-4.481296075919123)]",2026-06-13 10:35:40,247.7379327933208,1,2.3760576094088206,302.74290108544443,23.568223971143897,64.15895849678624,8.93710023241439,1,1,1,1153,13,0.11597222222222223,9.98085023241439,0.9638157894736842,ELECTRE-III,1
228,0201,0,1,"[35.37232027744543, -7.878359391553016]","[np.float64(37.76131249306622), np.float64(-5.011013629053059)]",2026-06-13 10:35:50,962.7190168905337,2,2.4770214992368285,368.93331951471595,27.99529965411138,63.39588976271241,6.1916990439407655,3,3,3,831,5,0.11631944444444445,5.726421266162988,0.26973684210526316,ELECTRE-III,1
229,0243,0,1,"[35.37232027744543, -7.878359391553016]","[np.float64(36.78983297350138), np.float64(-4.481296075919123)]",2026-06-13 10:35:50,247.7379327933208,1,2.3760576094088206,343.53874166772107,26.335989669055976,64.18931185745777,16.93710023241439,1,1,1,1153,13,0.11631944444444445,17.16973912130328,0.9638157894736842,ELECTRE-III,1
230,0243,0,1,"[34.77225059281938, -8.047594403713008]","[np.float64(36.78983297350138), np.float64(-4.481296075919123)]",2026-06-13 10:36:00,247.7379327933208,1,2.3760576094088206,392.1581948245632,29.469464278166278,64.21965155775096,11.93710023241439,1,1,1,1153,13,0.11666666666666667,11.120433565747724,0.9638157894736842,ELECTRE-III,1
231,004,0,1,"[16.127092621039143, -12.636823266480317]","[np.float64(14.76959823779747), np.float64(-16.1333381560169)]",2026-06-13 10:41:10,183.231476261814,1,4.7198692185637405,403.99277104721904,30.20463270665363,55.16654317141172,24.184340945498565,2,2,2,694,11,0.12743055555555555,25.20378538994301,0.7516447368421053,ELECTRE-III,1
232,004,0,1,"[15.524770681534278, -12.770764983651558]","[np.float64(14.76959823779747), np.float64(-16.1333381560169)]",2026-06-13 10:41:20,183.231476261814,1,4.7198692185637405,370.544752238376,28.098924726548745,55.204484872251136,24.184340945498565,2,2,2,694,11,0.12777777777777777,23.673229834387456,0.7516447368421053,ELECTRE-III,1
233,004,0,1,"[14.922418006178145, -12.904167969652017]","[np.float64(14.76959823779747), np.float64(-16.1333381560169)]",2026-06-13 10:41:30,183.231476261814,1,4.7198692185637405,347.4940205689249,26.59767046610865,55.24242315799597,28.184340945498565,2,2,2,694,11,0.128125,29.209340945498564,0.7516447368421053,ELECTRE-III,1
234,004,0,1,"[14.320039717612627, -13.03705698391743]","[np.float64(14.76959823779747), np.float64(-16.1333381560169)]",2026-06-13 10:41:40,183.231476261814,1,4.7198692185637405,336.9819813769587,25.899578283432454,55.280358028646226,25.184340945498565,2,2,2,694,11,0.1284722222222222,24.156563167720787,0.7516447368421053,ELECTRE-III,1
235,004,0,1,"[13.717636669611364, -13.169455932109896]","[np.float64(14.76959823779747), np.float64(-16.1333381560169)]",2026-06-13 10:41:50,183.231476261814,1,4.7198692185637405,340.17388125949736,26.11243507995189,55.31829289929647,20.184340945498565,2,2,2,694,11,0.12881944444444443,21.343715945498566,0.7516447368421053,ELECTRE-III,1
236,004,0,1,"[13.115209715948009, -13.301389573665155]","[np.float64(14.76959823779747), np.float64(-16.1333381560169)]",2026-06-13 10:42:00,183.231476261814,1,4.7198692185637405,356.7027432078271,27.202298197816692,55.356224354852145,26.184340945498565,2,2,2,694,11,0.12916666666666668,25.926007612165233,0.7516447368421053,ELECTRE-III,1
237,004,0,1,"[12.51276056416985, -13.432879252924364]","[np.float64(14.76959823779747), np.float64(-16.1333381560169)]",2026-06-13 10:42:10,183.231476261814,1,4.7198692185637405,384.85488103336417,29.01038145161875,55.39415239531322,25.184340945498565,2,2,2,694,11,0.1295138888888889,23.889202056609676,0.7516447368421053,ELECTRE-III,1
238,0111,0,1,"[-2.094044859189172, -41.19917173385624]","[np.float64(-4.793908467388751), np.float64(-42.76470313767426)]",2026-06-13 12:24:50,921.7825213289591,2,7.835665009404557,346.865398702102,26.556160474398222,44.63713379220382,11.817158925093404,4,4,3,872,12,0.3434027777777778,12.503964480648959,0.837171052631579,ELECTRE-III,1
239,0111,0,1,"[-2.6965251737054188, -41.32635327129646]","[np.float64(-4.793908467388751), np.float64(-42.76470313767426)]",2026-06-13 12:25:00,921.7825213289591,2,7.835665009404557,282.593208746304,22.155898854830948,44.6690478511007,17.817158925093402,4,4,3,872,12,0.34375,19.879658925093402,0.837171052631579,ELECTRE-III,1
240,0111,0,1,"[-3.2989879858619173, -41.45362018610131]","[np.float64(-4.793908467388751), np.float64(-42.76470313767426)]",2026-06-13 12:25:10,921.7825213289591,2,7.835665009404557,220.85783347356093,17.65309681304724,44.70094483452466,17.817158925093402,4,4,3,872,12,0.3440972222222222,14.37618670287118,0.837171052631579,ELECTRE-III,1
241,0111,0,1,"[-3.9014318015547866, -41.580989553743706]","[np.float64(-4.793908467388751), np.float64(-42.76470313767426)]",2026-06-13 12:25:20,921.7825213289591,2,7.835665009404557,164.53908425389974,13.33787189502388,44.732831572664864,14.817158925093404,4,4,3,872,12,0.34444444444444444,13.09493670287118,0.837171052631579,ELECTRE-III,1
242,0111,0,1,"[-4.503854913236735, -41.70847844969658]","[np.float64(-4.793908467388751), np.float64(-42.76470313767426)]",2026-06-13 12:25:30,921.7825213289591,2,7.835665009404557,121.42231277718717,9.924027592017628,44.76470123533215,18.817158925093402,4,4,3,872,12,0.34479166666666666,19.161950591760068,0.837171052631579,ELECTRE-III,1
243,0111,0,1,"[-5.106256253690702, -41.836107364527436]","[np.float64(-4.793908467388751), np.float64(-42.76470313767426)]",2026-06-13 12:25:40,921.7825213289591,2,7.835665009404557,108.57496402887236,8.891737206942594,44.79656065271567,13.817158925093404,4,4,3,872,12,0.3451388888888889,15.542853369537848,0.837171052631579,ELECTRE-III,1
244,0111,0,1,"[-5.708634115369399, -41.963896788803794]","[np.float64(-4.793908467388751), np.float64(-42.76470313767426)]",2026-06-13 12:25:50,921.7825213289591,2,7.835665009404557,134.93733259174024,11.002975095361606,44.828406409720856,14.817158925093404,4,4,3,872,12,0.3454861111111111,14.817158925093404,0.837171052631579,ELECTRE-III,1
245,0111,0,1,"[-6.310987217612354, -42.09186721309315]","[np.float64(-4.793908467388751), np.float64(-42.76470313767426)]",2026-06-13 12:26:00,921.7825213289591,2,7.835665009404557,184.39521055174254,14.879650442928783,44.86023509125311,13.817158925093404,4,4,3,872,12,0.3458333333333333,11.396325591760071,0.837171052631579,ELECTRE-III,1
246,0111,0,1,"[-6.9133138528722755, -42.22003571286844]","[np.float64(-4.793908467388751), np.float64(-42.76470313767426)]",2026-06-13 12:26:10,921.7825213289591,2,7.835665009404557,243.24598808288044,19.315489342301568,44.892050112407034,11.817158925093404,4,4,3,872,12,0.34618055555555555,14.586603369537848,0.837171052631579,ELECTRE-III,1
247,0111,0,1,"[-7.515613167375517, -42.34842619379175]","[np.float64(-4.793908467388751), np.float64(-42.76470313767426)]",2026-06-13 12:26:20,921.7825213289591,2,7.835665009404557,306.1186257495085,23.801945863568147,44.9238548882772,12.817158925093404,4,4,3,872,12,0.34652777777777777,15.242853369537848,0.837171052631579,ELECTRE-III,1
248,0111,0,1,"[-8.117883026687963, -42.47705231624143]","[np.float64(-4.793908467388751), np.float64(-42.76470313767426)]",2026-06-13 12:26:30,921.7825213289591,2,7.835665009404557,370.97319718951917,28.12644277161689,44.955642588674436,17.817158925093402,4,4,3,872,12,0.346875,19.898408925093403,0.837171052631579,ELECTRE-III,1
249,0136,0,1,"[-19.553375055906002, -44.995192799063396]","[np.float64(-22.55121870780887), np.float64(-43.45574144926327)]",2026-06-13 12:29:40,904.0518045168965,2,6.5952788947026795,369.6374454195116,28.04060386184777,32.35592090976563,14.813479875872304,3,3,3,1044,5,0.35347222222222224,11.985702098094526,0.26973684210526316,ELECTRE-III,1
250,0136,0,1,"[-20.15472198590685, -45.13330263917564]","[np.float64(-22.55121870780887), np.float64(-43.45574144926327)]",2026-06-13 12:29:50,904.0518045168965,2,6.5952788947026795,318.09887017074135,24.624624800662303,32.38051300587226,20.813479875872304,3,3,3,1044,5,0.35381944444444446,20.813479875872304,0.26973684210526316,ELECTRE-III,1
251,0136,0,1,"[-20.756002321563287, -45.272153554812824]","[np.float64(-22.55121870780887), np.float64(-43.45574144926327)]",2026-06-13 12:30:00,904.0518045168965,2,6.5952788947026795,274.01296622111164,21.545661346586755,32.405091441600554,23.813479875872304,3,3,3,1044,5,0.3541666666666667,25.584313209205636,0.26973684210526316,ELECTRE-III,1
252,0136,0,1,"[-21.35721435532803, -45.41177628182623]","[np.float64(-22.55121870780887), np.float64(-43.45574144926327)]",2026-06-13 12:30:10,904.0518045168965,2,6.5952788947026795,241.49323908047612,19.186515027850398,32.429649386761334,21.813479875872304,3,3,3,1044,5,0.3545138888888889,20.04091043142786,0.26973684210526316,ELECTRE-III,1
253,0136,0,1,"[-21.958356379653775, -45.552208386256275]","[np.float64(-22.55121870780887), np.float64(-43.45574144926327)]",2026-06-13 12:30:20,904.0518045168965,2,6.5952788947026795,225.59545598239663,18.00755581035805,32.454186841354606,21.813479875872304,3,3,3,1044,5,0.3548611111111111,20.74889654253897,0.26973684210526316,ELECTRE-III,1
254,0136,0,1,"[-22.559426686993238, -45.693473773765064]","[np.float64(-22.55121870780887), np.float64(-43.45574144926327)]",2026-06-13 12:30:30,904.0518045168965,2,6.5952788947026795,229.79178451095964,18.320331073770525,32.478710635569534,23.813479875872304,3,3,3,1044,5,0.35520833333333335,21.327021542538972,0.26973684210526316,ELECTRE-III,1
255,0136,0,1,"[-23.16042186225183, -45.835610010393026]","[np.float64(-22.55121870780887), np.float64(-43.45574144926327)]",2026-06-13 12:30:40,904.0518045168965,2,6.5952788947026795,253.08214459438116,20.03548045733456,32.503213939216955,23.813479875872304,3,3,3,1044,5,0.35555555555555557,22.746813209205637,0.26973684210526316,ELECTRE-III,1
256,0136,0,1,"[-23.76134019788226, -45.97865124708602]","[np.float64(-22.55121870780887), np.float64(-43.45574144926327)]",2026-06-13 12:30:50,904.0518045168965,2,6.5952788947026795,290.91364910674395,22.742648125175656,32.52770016739145,23.813479875872304,3,3,3,1044,5,0.3559027777777778,26.304799320316747,0.26973684210526316,ELECTRE-III,1
257,0136,0,1,"[-24.36217998633723, -46.12263163478989]","[np.float64(-22.55121870780887), np.float64(-43.45574144926327)]",2026-06-13 12:31:00,904.0518045168965,2,6.5952788947026795,338.4424577615858,25.99706816688775,32.55216932009302,18.813479875872304,3,3,3,1044,5,0.35625,18.100979875872305,0.26973684210526316,ELECTRE-III,1
258,0136,0,1,"[-24.962936104974876, -46.267585324450486]","[np.float64(-22.55121870780887), np.float64(-43.45574144926327)]",2026-06-13 12:31:10,904.0518045168965,2,6.5952788947026795,392.15617892861655,29.46933812820932,32.576617982227084,17.813479875872304,3,3,3,1044,5,0.35659722222222223,19.953063209205638,0.26973684210526316,ELECTRE-III,1
259,0023,0,1,"[-29.91083271521154, -72.16188431710101]","[np.float64(-33.0491248747741), np.float64(-71.6499149451426)]",2026-06-13 14:11:10,383.58526495773083,1,4.448552817828192,352.32197429245633,26.915472384361696,22.6472868253817,23.315319400482853,1,1,1,1278,7,0.5649305555555556,17.666013844927296,0.48355263157894735,ELECTRE-III,1
260,0023,0,1,"[-30.510697494162493, -72.3177492339607]","[np.float64(-33.0491248747741), np.float64(-71.6499149451426)]",2026-06-13 14:11:20,383.58526495773083,1,4.448552817828192,289.2311033851589,22.6243976592311,22.669052930719236,19.315319400482853,1,1,1,1278,7,0.5652777777777778,24.402819400482855,0.48355263157894735,ELECTRE-III,1
261,0023,0,1,"[-31.110449574992142, -72.47503483016774]","[np.float64(-33.0491248747741), np.float64(-71.6499149451426)]",2026-06-13 14:11:30,383.58526495773083,1,4.448552817828192,229.15747966428273,18.273124842928578,22.69080366813114,17.315319400482853,1,1,1,1278,7,0.565625,14.487194400482853,0.48355263157894735,ELECTRE-III,1
262,0039,0,1,"[-31.110449574992142, -72.47503483016774]","[np.float64(-33.13217557972659), np.float64(-68.94243257995237)]",2026-06-13 14:11:30,948.451775170079,2,5.382646537200879,401.46955928051426,30.04879746359797,24.002519300117285,17.311640351261754,4,4,3,1292,12,0.565625,21.836640351261757,0.837171052631579,ELECTRE-III,1
263,0023,0,1,"[-31.710082127511317, -72.63378891704636]","[np.float64(-33.0491248747741), np.float64(-71.6499149451426)]",2026-06-13 14:11:40,383.58526495773083,1,4.448552817828192,175.2286313221439,14.170483284951079,22.712539037617415,19.315319400482853,1,1,1,1278,7,0.5659722222222222,21.579208289371742,0.48355263157894735,ELECTRE-III,1
264,0039,0,1,"[-31.710082127511317, -72.63378891704636]","[np.float64(-33.13217557972659), np.float64(-68.94243257995237)]",2026-06-13 14:11:40,948.451775170079,2,5.382646537200879,380.82731580561693,28.7554494210936,24.023137933674263,24.311640351261754,4,4,3,1292,12,0.5659722222222222,19.217890351261754,0.837171052631579,ELECTRE-III,1
265,0023,0,1,"[-32.30959515172002, -72.79405930592071]","[np.float64(-33.0491248747741), np.float64(-71.6499149451426)]",2026-06-13 14:11:50,383.58526495773083,1,4.448552817828192,135.01381504431234,11.009059251969678,22.73425733163076,24.315319400482853,1,1,1,1278,7,0.5663194444444445,28.279555511593966,0.48355263157894735,ELECTRE-III,1
266,0039,0,1,"[-32.30959515172002, -72.79405930592071]","[np.float64(-33.13217557972659), np.float64(-68.94243257995237)]",2026-06-13 14:11:50,948.451775170079,2,5.382646537200879,371.7217615465399,28.174487465639263,24.043741199305607,20.311640351261754,4,4,3,1292,12,0.5663194444444445,14.64844590681731,0.837171052631579,ELECTRE-III,1
267,0023,0,1,"[-32.90898181742907, -72.95590746849332]","[np.float64(-33.0491248747741), np.float64(-71.6499149451426)]",2026-06-13 14:12:00,383.58526495773083,1,4.448552817828192,122.81241381169387,10.035345885418858,22.755958550171183,20.315319400482853,1,1,1,1278,7,0.5666666666666667,14.648652733816187,0.48355263157894735,ELECTRE-III,1
268,0039,0,1,"[-32.90898181742907, -72.95590746849332]","[np.float64(-33.13217557972659), np.float64(-68.94243257995237)]",2026-06-13 14:12:00,948.451775170079,2,5.382646537200879,374.9923706360342,28.38389728894321,24.06432568191673,17.311640351261754,4,4,3,1292,12,0.5666666666666667,19.57830701792842,0.837171052631579,ELECTRE-III,1
269,0023,0,1,"[-33.50824212463848, -73.11939487646676]","[np.float64(-33.0491248747741), np.float64(-71.6499149451426)]",2026-06-13 14:12:10,383.58526495773083,1,4.448552817828192,145.82941322923185,11.866848993587887,22.777644400785974,15.315319400482853,1,1,1,1278,7,0.5670138888888889,15.315319400482853,0.48355263157894735,ELECTRE-III,1
270,0039,0,1,"[-33.50824212463848, -73.11939487646676]","[np.float64(-33.13217557972659), np.float64(-68.94243257995237)]",2026-06-13 14:12:10,948.451775170079,2,5.382646537200879,390.3260726578497,29.354684959374357,24.084893089054933,20.311640351261754,4,4,3,1292,12,0.5670138888888889,23.713723684595088,0.837171052631579,ELECTRE-III,1
271,0023,0,1,"[-34.10736924315907, -73.28457617135435]","[np.float64(-33.0491248747741), np.float64(-71.6499149451426)]",2026-06-13 14:12:20,383.58526495773083,1,4.448552817828192,191.77388714753172,15.447139324862663,22.799314883475134,15.315319400482853,1,1,1,1278,7,0.5673611111111111,10.209069400482853,0.48355263157894735,ELECTRE-III,1
272,0023,0,1,"[-34.70635634280168, -73.45151282485863]","[np.float64(-33.0491248747741), np.float64(-71.6499149451426)]",2026-06-13 14:12:30,383.58526495773083,1,4.448552817828192,248.22234728904968,19.680559698091734,22.820968290691365,23.315319400482853,1,1,1,1278,7,0.5677083333333334,18.773652733816185,0.48355263157894735,ELECTRE-III,1
273,0023,0,1,"[-35.305203423566304, -73.62027996906046]","[np.float64(-33.0491248747741), np.float64(-71.6499149451426)]",2026-06-13 14:12:40,383.58526495773083,1,4.448552817828192,309.4778952611707,24.033696531088083,22.842604622434674,15.315319400482853,1,1,1,1278,7,0.5680555555555555,18.15559717826063,0.48355263157894735,ELECTRE-III,1
274,0023,0,1,"[-35.903900240169186, -73.79093907566241]","[np.float64(-33.0491248747741), np.float64(-71.6499149451426)]",2026-06-13 14:12:50,383.58526495773083,1,4.448552817828192,373.17826578916237,28.267845897440417,22.86422558625235,21.315319400482853,1,1,1,1278,7,0.5684027777777778,18.473305511593964,0.48355263157894735,ELECTRE-III,1
275,0160,0,1,"[47.50151705462123, -77.88345182255064]","[np.float64(45.14600795418758), np.float64(-74.22434035818429)]",2026-06-13 15:28:20,890.2916008291153,2,7.485572037056226,384.04575537834916,28.9592668381087,61.63159042839559,15.93710023241439,3,3,3,1172,6,0.7256944444444444,11.582933565747725,0.42598684210526316,ELECTRE-III,1
276,0160,0,1,"[46.905453275943394, -78.1102755746976]","[np.float64(45.14600795418758), np.float64(-74.22434035818429)]",2026-06-13 15:28:30,890.2916008291153,2,7.485572037056226,358.1061094298062,27.293871576248,61.65300990163275,19.93710023241439,3,3,3,1172,6,0.7260416666666667,16.30689189908106,0.42598684210526316,ELECTRE-III,1
277,0160,0,1,"[46.30910262932041, -78.33302170391006]","[np.float64(45.14600795418758), np.float64(-74.22434035818429)]",2026-06-13 15:28:40,890.2916008291153,2,7.485572037056226,344.09622684071326,26.372944848732995,61.674408884302395,17.93710023241439,3,3,3,1172,6,0.7263888888888889,13.578766899081057,0.42598684210526316,ELECTRE-III,1
278,0160,0,1,"[45.71247536003604, -78.55186779510643]","[np.float64(45.14600795418758), np.float64(-74.22434035818429)]",2026-06-13 15:28:50,890.2916008291153,2,7.485572037056226,343.4795083041197,26.33206175594659,61.69578737640454,19.93710023241439,3,3,3,1172,6,0.7267361111111111,15.576683565747725,0.42598684210526316,ELECTRE-III,1
279,0160,0,1,"[45.115585128468624, -78.76696411244848]","[np.float64(45.14600795418758), np.float64(-74.22434035818429)]",2026-06-13 15:29:00,890.2916008291153,2,7.485572037056226,356.32481481926385,27.177611605168355,61.71713854775,24.93710023241439,3,3,3,1172,6,0.7270833333333333,24.210016899081058,0.42598684210526316,ELECTRE-III,1
280,0160,0,1,"[44.518438764807335, -78.97847458047626]","[np.float64(45.14600795418758), np.float64(-74.22434035818429)]",2026-06-13 15:29:10,890.2916008291153,2,7.485572037056226,381.2747841745946,28.78383453097672,61.73846922852795,17.93710023241439,3,3,3,1172,6,0.7274305555555556,22.301683565747723,0.42598684210526316,ELECTRE-III,1
281,0179,1,1,"[33.13624611677749, -82.47194558620853]","[np.float64(29.7478931171751), np.float64(-80.98193319510803)]",2026-06-13 15:32:20,927.8929809486823,1,5.319718495885655,402.3962488875447,30.10608758897017,64.24956095612646,17.43526070780384,4,4,3,873,6,0.7340277777777777,19.637344041137176,0.42598684210526316,ELECTRE-III,1
281,0179,1,1,"[33.13624611677749, -82.47194558620853]","[np.float64(29.7478931171751), np.float64(-80.98193319510803)]",2026-06-13 15:32:20,927.8929809486823,1,5.319718495885655,402.3962488875447,30.10608758897017,64.24956095612646,17.43526070780384,4,4,3,873,6,0.7340277777777777,19.637344041137176,0.42598684210526316,ELECTRE-III,1
281,0179,1,1,"[33.13624611677749, -82.47194558620853]","[np.float64(29.7478931171751), np.float64(-80.98193319510803)]",2026-06-13 15:32:20,927.8929809486823,1,5.319718495885655,402.3962488875447,30.10608758897017,64.24956095612646,17.43526070780384,4,4,3,873,6,0.7340277777777777,19.637344041137176,0.42598684210526316,ELECTRE-III,1
282,0179,1,1,"[32.53573246985538, -82.63464069223824]","[np.float64(29.7478931171751), np.float64(-80.98193319510803)]",2026-06-13 15:32:30,927.8929809486823,1,5.319718495885655,347.59972734577343,26.60464768053388,64.28537163794483,21.43526070780384,4,4,3,873,6,0.734375,23.63838570780384,0.42598684210526316,ELECTRE-III,1
283,0179,1,1,"[31.935116370095727, -82.79573070381299]","[np.float64(29.7478931171751), np.float64(-80.98193319510803)]",2026-06-13 15:32:40,927.8929809486823,1,5.319718495885655,298.5434794554051,23.276307774416228,64.32117548957403,13.435260707803842,4,4,3,873,6,0.7347222222222223,19.31303848558162,0.42598684210526316,ELECTRE-III,1
284,0179,1,1,"[31.334394402403937, -82.95526343225697]","[np.float64(29.7478931171751), np.float64(-80.98193319510803)]",2026-06-13 15:32:50,927.8929809486823,1,5.319718495885655,258.5145054846576,20.430326477378692,64.35697934120324,16.43526070780384,4,4,3,873,6,0.7350694444444444,9.084566263359397,0.42598684210526316,ELECTRE-III,1
284,0179,1,1,"[31.334394402403937, -82.95526343225697]","[np.float64(29.7478931171751), np.float64(-80.98193319510803)]",2026-06-13 15:32:50,927.8929809486823,1,5.319718495885655,258.5145054846576,20.430326477378692,64.35697934120324,16.43526070780384,4,4,3,873,6,0.7350694444444444,9.084566263359397,0.42598684210526316,ELECTRE-III,1
285,0179,1,1,"[30.733569981874595, -83.11330034927273]","[np.float64(29.7478931171751), np.float64(-80.98193319510803)]",2026-06-13 15:33:00,927.8929809486823,1,5.319718495885655,232.22916777085283,18.50148610892673,64.39278319283245,13.435260707803842,4,4,3,873,6,0.7354166666666667,11.229010707803841,0.42598684210526316,ELECTRE-III,1
285,0179,1,1,"[30.733569981874595, -83.11330034927273]","[np.float64(29.7478931171751), np.float64(-80.98193319510803)]",2026-06-13 15:33:00,927.8929809486823,1,5.319718495885655,232.22916777085283,18.50148610892673,64.39278319283245,13.435260707803842,4,4,3,873,6,0.7354166666666667,11.229010707803841,0.42598684210526316,ELECTRE-III,1
286,0179,1,1,"[30.132653353791458, -83.26989609637361]","[np.float64(29.7478931171751), np.float64(-80.98193319510803)]",2026-06-13 15:33:10,927.8929809486823,1,5.319718495885655,224.5668465683458,17.930717446895535,64.42858021427249,14.435260707803842,4,4,3,873,6,0.7357638888888889,12.227969041137175,0.42598684210526316,ELECTRE-III,1
286,0179,1,1,"[30.132653353791458, -83.26989609637361]","[np.float64(29.7478931171751), np.float64(-80.98193319510803)]",2026-06-13 15:33:10,927.8929809486823,1,5.319718495885655,224.5668465683458,17.930717446895535,64.42858021427249,14.435260707803842,4,4,3,873,6,0.7357638888888889,12.227969041137175,0.42598684210526316,ELECTRE-III,1
287,0179,1,1,"[29.531644518154526, -83.42510531507298]","[np.float64(29.7478931171751), np.float64(-80.98193319510803)]",2026-06-13 15:33:20,927.8929809486823,1,5.319718495885655,237.33796834757842,18.87994648715587,64.46437723571252,19.43526070780384,4,4,3,873,6,0.7361111111111112,12.810260707803842,0.42598684210526316,ELECTRE-III,1
287,0179,1,1,"[29.531644518154526, -83.42510531507298]","[np.float64(29.7478931171751), np.float64(-80.98193319510803)]",2026-06-13 15:33:20,927.8929809486823,1,5.319718495885655,237.33796834757842,18.87994648715587,64.46437723571252,19.43526070780384,4,4,3,873,6,0.7361111111111112,12.810260707803842,0.42598684210526316,ELECTRE-III,1
288,0184,2,1,"[29.531644518154526, -83.42510531507298]","[np.float64(27.32515845053345), np.float64(-80.26028845491872)]",2026-06-13 15:33:20,330.5918992225013,1,6.925575150920803,394.89798308965175,29.640623554335818,65.34228877049094,18.06439963817758,4,4,3,1496,4,0.7361111111111112,12.17551074928869,0.15953947368421054,ELECTRE-III,1
289,0179,1,1,"[28.930546890058384, -83.57896215631669]","[np.float64(29.7478931171751), np.float64(-80.98193319510803)]",2026-06-13 15:33:30,927.8929809486823,1,5.319718495885655,267.63163258620943,21.08845272826581,64.50017425715257,14.435260707803842,4,4,3,873,6,0.7364583333333333,15.171719041137175,0.42598684210526316,ELECTRE-III,1
290,0184,2,1,"[28.930546890058384, -83.57896215631669]","[np.float64(27.32515845053345), np.float64(-80.26028845491872)]",2026-06-13 15:33:30,330.5918992225013,1,6.925575150920803,371.1560167034355,28.13818055475763,65.3792196033332,13.06439963817758,4,4,3,1496,4,0.7364583333333333,13.800857971510913,0.15953947368421054,ELECTRE-III,1
291,0179,1,1,"[28.32936559214491, -83.73152809180726]","[np.float64(29.7478931171751), np.float64(-80.98193319510803)]",2026-06-13 15:33:40,927.8929809486823,1,5.319718495885655,310.3591886601548,24.094357750320153,64.53596444840343,17.43526070780384,4,4,3,873,6,0.7368055555555556,21.856094041137176,0.42598684210526316,ELECTRE-III,1
292,0184,2,1,"[28.32936559214491, -83.73152809180726]","[np.float64(27.32515845053345), np.float64(-80.26028845491872)]",2026-06-13 15:33:40,330.5918992225013,1,6.925575150920803,359.1302924089875,27.360607062741327,65.41615043617546,19.06439963817758,4,4,3,1496,4,0.7368055555555556,22.011621860399803,0.15953947368421054,ELECTRE-III,1
293,0179,1,1,"[27.728102331961395, -83.88284410267973]","[np.float64(29.7478931171751), np.float64(-80.98193319510803)]",2026-06-13 15:33:50,927.8929809486823,1,5.319718495885655,361.1333826582615,27.490895599643025,64.57174780946512,17.43526070780384,4,4,3,873,6,0.7371527777777778,19.646719041137175,0.42598684210526316,ELECTRE-III,1
294,0184,2,1,"[27.728102331961395, -83.88284410267973]","[np.float64(27.32515845053345), np.float64(-80.26028845491872)]",2026-06-13 15:33:50,330.5918992225013,1,6.925575150920803,359.99577349017346,27.41693893846567,65.45308126901772,14.06439963817758,4,4,3,1496,4,0.7371527777777778,14.06439963817758,0.15953947368421054,ELECTRE-III,1
295,0184,2,1,"[27.126760524602425, -84.03295800025826]","[np.float64(27.32515845053345), np.float64(-80.26028845491872)]",2026-06-13 15:34:00,330.5918992225013,1,6.925575150920803,373.66265853746006,28.298858127710663,65.49001210185997,15.06439963817758,4,4,3,1496,4,0.7375,12.11439963817758,0.15953947368421054,ELECTRE-III,1
296,0184,2,1,"[26.525343585162585, -84.18190393548873]","[np.float64(27.32515845053345), np.float64(-80.26028845491872)]",2026-06-13 15:34:10,330.5918992225013,1,6.925575150920803,398.8156705916744,29.884360725878217,65.52694293470223,18.06439963817758,4,4,3,1496,4,0.7378472222222222,11.42377463817758,0.15953947368421054,ELECTRE-III,1
297,0137,0,1,"[15.69013980662404, -86.70633502253628]","[np.float64(13.06524529227469), np.float64(-88.86347709068579)]",2026-06-13 15:37:10,165.68578471697504,1,7.567469540578493,373.0503161766398,28.259651175901936,55.69834170018891,19.188019994719667,2,2,2,876,5,0.7440972222222222,24.396700550275224,0.26973684210526316,ELECTRE-III,1
298,0137,0,1,"[15.087793961457079, -86.83988571137753]","[np.float64(13.06524529227469), np.float64(-88.86347709068579)]",2026-06-13 15:37:20,165.68578471697504,1,7.567469540578493,313.3826212840476,24.302030285644417,55.735890665151054,15.188019994719667,2,2,2,876,5,0.7444444444444445,20.39913110583078,0.26973684210526316,ELECTRE-III,1
299,0137,0,1,"[14.485420795533438, -86.97291047565271]","[np.float64(13.06524529227469), np.float64(-88.86347709068579)]",2026-06-13 15:37:30,165.68578471697504,1,7.567469540578493,258.1130794439087,20.40121794726661,55.77343621501861,16.188019994719667,2,2,2,876,5,0.7447916666666666,9.484894994719667,0.26973684210526316,ELECTRE-III,1
300,0137,0,1,"[13.883021162626761, -87.10544346630763]","[np.float64(13.06524529227469), np.float64(-88.86347709068579)]",2026-06-13 15:37:40,165.68578471697504,1,7.567469540578493,210.73066645549218,16.89072903447611,55.81097493469701,17.188019994719667,2,2,2,876,5,0.7451388888888889,13.462325550275223,0.26973684210526316,ELECTRE-III,1
301,0137,0,1,"[13.280597624057991, -87.23749834372066]","[np.float64(13.06524529227469), np.float64(-88.86347709068579)]",2026-06-13 15:37:50,165.68578471697504,1,7.567469540578493,177.6641139871808,14.359345376081329,55.848513654375395,14.188019994719667,2,2,2,876,5,0.7454861111111111,17.16996443916411,0.26973684210526316,ELECTRE-III,1
302,0137,0,1,"[12.678152741148063, -87.36910925883764]","[np.float64(13.06524529227469), np.float64(-88.86347709068579)]",2026-06-13 15:38:00,165.68578471697504,1,7.567469540578493,167.61121101898388,13.57776504888466,55.8860489589592,20.188019994719667,2,2,2,876,5,0.7458333333333333,19.442186661386334,0.26973684210526316,ELECTRE-III,1
303,0137,0,1,"[12.07568651389698, -87.50029670222607]","[np.float64(13.06524529227469), np.float64(-88.86347709068579)]",2026-06-13 15:38:10,165.68578471697504,1,7.567469540578493,184.37647567479064,14.878205697648218,55.923577433353834,16.188019994719667,2,2,2,876,5,0.7461805555555555,20.665103328053,0.26973684210526316,ELECTRE-III,1
304,0077,0,1,"[11.473202357399325, -87.6310743342643]","[np.float64(9.278166332601291), np.float64(-84.83392999348334)]",2026-06-13 15:38:20,318.9668679633517,1,2.9322194847258096,391.35847073024684,29.419394815903086,57.871421026141824,15.686180470109115,4,4,3,1335,13,0.7465277777777778,10.46048602566467,0.9638157894736842,ELECTRE-III,1
305,0137,0,1,"[11.473202357399325, -87.6310743342643]","[np.float64(13.06524529227469), np.float64(-88.86347709068579)]",2026-06-13 15:38:20,165.68578471697504,1,7.567469540578493,221.96501110249747,17.73605968987548,55.96110590774847,23.188019994719667,2,2,2,876,5,0.7465277777777778,27.667186661386335,0.26973684210526316,ELECTRE-III,1
306,0077,0,1,"[10.87070197920239, -87.76147630589819]","[np.float64(9.278166332601291), np.float64(-84.83392999348334)]",2026-06-13 15:38:30,318.9668679633517,1,2.9322194847258096,366.1646100451948,27.816788401702656,57.90721121739269,20.686180470109115,4,4,3,1335,13,0.746875,25.167430470109114,0.9638157894736842,ELECTRE-III,1
307,0137,0,1,"[10.87070197920239, -87.76147630589819]","[np.float64(13.06524529227469), np.float64(-88.86347709068579)]",2026-06-13 15:38:30,165.68578471697504,1,7.567469540578493,271.8724027959304,21.392612223647095,55.99862755195394,17.188019994719667,2,2,2,876,5,0.746875,12.706769994719668,0.26973684210526316,ELECTRE-III,1
308,0077,0,1,"[10.268185379306178, -87.89151627750606]","[np.float64(9.278166332601291), np.float64(-84.83392999348334)]",2026-06-13 15:38:40,318.9668679633517,1,2.9322194847258096,352.670457044839,26.938342581315496,57.94299457845439,12.686180470109115,4,4,3,1335,13,0.7472222222222222,8.950069358998004,0.9638157894736842,ELECTRE-III,1
309,0137,0,1,"[10.268185379306178, -87.89151627750606]","[np.float64(13.06524529227469), np.float64(-88.86347709068579)]",2026-06-13 15:38:40,165.68578471697504,1,7.567469540578493,328.5323971972696,25.332388811528645,56.0361491961594,18.188019994719667,2,2,2,876,5,0.7472222222222222,11.463019994719668,0.26973684210526316,ELECTRE-III,1
310,0077,0,1,"[9.665655119031626, -88.0212215698446]","[np.float64(9.278166332601291), np.float64(-84.83392999348334)]",2026-06-13 15:38:50,318.9668679633517,1,2.9322194847258096,352.222617323822,26.908950094695054,57.97876427913775,13.686180470109115,4,4,3,1335,13,0.7475694444444444,16.67645824788689,0.9638157894736842,ELECTRE-III,1
311,0137,0,1,"[9.665655119031626, -88.0212215698446]","[np.float64(13.06524529227469), np.float64(-88.86347709068579)]",2026-06-13 15:38:50,165.68578471697504,1,7.567469540578493,389.00537319024266,29.27178460943104,56.0736640101757,22.188019994719667,2,2,2,876,5,0.7475694444444444,25.92586721694189,0.26973684210526316,ELECTRE-III,1
312,0077,0,1,"[9.063112905926028, -88.15060584329215]","[np.float64(9.278166332601291), np.float64(-84.83392999348334)]",2026-06-13 15:39:00,318.9668679633517,1,2.9322194847258096,364.86702582578533,27.732924584673277,58.01452714963194,16.686180470109115,4,4,3,1335,13,0.7479166666666667,20.425763803442447,0.9638157894736842,ELECTRE-III,1
313,0077,0,1,"[8.460559593763026, -88.2796964186054]","[np.float64(9.278166332601291), np.float64(-84.83392999348334)]",2026-06-13 15:39:10,318.9668679633517,1,2.9322194847258096,389.3295313800455,29.292144502630627,58.05028318993695,18.686180470109115,4,4,3,1335,13,0.7482638888888888,13.448333247886893,0.9638157894736842,ELECTRE-III,1
314,0021,0,1,"[55.03186891645199, 62.07370857337051]","[np.float64(54.82297473956941), np.float64(55.77283698318541)]",2026-06-13 16:46:10,122.41952825486987,1,4.682593972926773,403.12146532117356,30.150875888061478,0.5571287655618611,24.060720588956478,1,1,1,1447,4,0.8878472222222222,17.845790033400924,0.15953947368421054,ELECTRE-III,1
315,0021,0,1,"[55.62222607207829, 61.76796881555323]","[np.float64(54.82297473956941), np.float64(55.77283698318541)]",2026-06-13 16:46:20,122.41952825486987,1,4.682593972926773,390.35069582975285,29.356229277628447,0.5419762043315993,24.060720588956478,1,1,1,1447,4,0.8881944444444444,16.955165033400924,0.15953947368421054,ELECTRE-III,1
316,0021,0,1,"[56.212002661625135, 61.45414894394783]","[np.float64(54.82297473956941), np.float64(55.77283698318541)]",2026-06-13 16:46:30,122.41952825486987,1,4.682593972926773,389.43354125897525,29.298675488815746,0.5268489361456078,19.060720588956478,1,1,1,1447,4,0.8885416666666667,25.280512255623144,0.15953947368421054,ELECTRE-III,1
317,0021,0,1,"[56.80116794924126, 61.1318391472041]","[np.float64(54.82297473956941), np.float64(55.77283698318541)]",2026-06-13 16:46:40,122.41952825486987,1,4.682593972926773,400.45252527298993,29.98584566346615,0.5117471210864452,26.060720588956478,1,1,1,1447,4,0.8888888888888888,33.171831700067585,0.15953947368421054,ELECTRE-III,1
318,0038,0,1,"[43.7765538624443, -103.89377523863217]","[np.float64(40.33709396384561), np.float64(-104.2016485672987)]",2026-06-13 17:08:00,419.64903174322717,1,7.676093631610172,383.2938846973713,28.91172389023904,61.428651847776166,21.43526070780384,1,1,1,1110,9,0.9333333333333333,15.835260707803842,0.5707236842105263,ELECTRE-III,1
319,0038,0,1,"[43.17888157421692, -104.0977383476271]","[np.float64(40.33709396384561), np.float64(-104.2016485672987)]",2026-06-13 17:08:10,419.64903174322717,1,7.676093631610172,316.11025612728844,24.488803834747806,61.4565463403465,20.43526070780384,1,1,1,1110,9,0.9336805555555555,19.501580152248287,0.5707236842105263,ELECTRE-III,1
320,0069,0,1,"[43.17888157421692, -104.0977383476271]","[np.float64(39.80394266104254), np.float64(-105.3320988949999)]",2026-06-13 17:08:10,470.4028509127045,1,7.730386383523442,389.0916535359597,29.27720454188713,60.93366120843618,14.442618806246042,1,1,1,1139,14,0.9336805555555555,9.774216028468263,1.0,ELECTRE-III,1
321,0038,0,1,"[42.580987304841514, -104.29855956960381]","[np.float64(40.33709396384561), np.float64(-104.2016485672987)]",2026-06-13 17:08:20,419.64903174322717,1,7.676093631610172,249.64051344897723,19.78429520118469,61.48443400272766,19.43526070780384,1,1,1,1110,9,0.9340277777777778,13.831094041137174,0.5707236842105263,ELECTRE-III,1
322,0069,0,1,"[42.580987304841514, -104.29855956960381]","[np.float64(39.80394266104254), np.float64(-105.3320988949999)]",2026-06-13 17:08:20,470.4028509127045,1,7.730386383523442,320.6673938495827,24.799617256202467,60.962361663328565,17.442618806246042,1,1,1,1139,14,0.9340277777777778,18.37664658402382,1.0,ELECTRE-III,1
323,0038,0,1,"[41.982884714696425, -104.49635501777821]","[np.float64(40.33709396384561), np.float64(-104.2016485672987)]",2026-06-13 17:08:30,419.64903174322717,1,7.676093631610172,184.65902835977138,14.899992770739072,61.512308004730485,28.43526070780384,1,1,1,1110,9,0.934375,31.238385707803843,0.5707236842105263,ELECTRE-III,1
324,0069,0,1,"[41.982884714696425, -104.49635501777821]","[np.float64(39.80394266104254), np.float64(-105.3320988949999)]",2026-06-13 17:08:30,470.4028509127045,1,7.730386383523442,252.26224910065974,19.975713334080925,60.99104845784262,10.442618806246042,1,1,1,1139,14,0.934375,16.04886880624604,1.0,ELECTRE-III,1
325,0038,0,1,"[41.38458063397082, -104.69124080536618]","[np.float64(40.33709396384561), np.float64(-104.2016485672987)]",2026-06-13 17:08:40,419.64903174322717,1,7.676093631610172,123.53779413059192,10.093403496775217,61.540161516165796,28.43526070780384,1,1,1,1110,9,0.9347222222222222,30.304705152248285,0.5707236842105263,ELECTRE-III,1
326,0069,0,1,"[41.38458063397082, -104.69124080536618]","[np.float64(39.80394266104254), np.float64(-105.3320988949999)]",2026-06-13 17:08:40,470.4028509127045,1,7.730386383523442,183.89841567399677,14.841333421952005,61.01972159197833,17.442618806246042,1,1,1,1139,14,0.9347222222222222,21.181507695134933,1.0,ELECTRE-III,1
327,0038,0,1,"[40.78607847775928, -104.88332621539445]","[np.float64(40.33709396384561), np.float64(-104.2016485672987)]",2026-06-13 17:08:50,419.64903174322717,1,7.676093631610172,76.21338041058021,6.266969704411611,61.56800819741194,27.43526070780384,1,1,1,1110,9,0.9350694444444444,31.17553848558162,0.5707236842105263,ELECTRE-III,1
328,0069,0,1,"[40.78607847775928, -104.88332621539445]","[np.float64(39.80394266104254), np.float64(-105.3320988949999)]",2026-06-13 17:08:50,470.4028509127045,1,7.730386383523442,115.65057901856905,9.461029923544288,61.04838106573571,16.442618806246042,1,1,1,1139,14,0.9350694444444444,16.442618806246042,1.0,ELECTRE-III,1
329,0038,0,1,"[40.187391906440155, -105.0727273610789]","[np.float64(40.33709396384561), np.float64(-104.2016485672987)]",2026-06-13 17:09:00,419.64903174322717,1,7.676093631610172,75.76399585639508,6.230308599953692,61.59583438809057,19.43526070780384,1,1,1,1110,9,0.9354166666666667,12.887344041137176,0.5707236842105263,ELECTRE-III,1
330,0069,0,1,"[40.187391906440155, -105.0727273610789]","[np.float64(39.80394266104254), np.float64(-105.3320988949999)]",2026-06-13 17:09:00,470.4028509127045,1,7.730386383523442,48.02232481830718,3.958353914903773,61.07702687911474,9.442618806246042,1,1,1,1139,14,0.9354166666666667,6.6363688062460415,1.0,ELECTRE-III,1
331,0038,0,1,"[39.58852775020261, -105.2595466952571]","[np.float64(40.33709396384561), np.float64(-104.2016485672987)]",2026-06-13 17:09:10,419.64903174322717,1,7.676093631610172,122.70684451998761,10.026894646723685,61.62364691839086,19.43526070780384,1,1,1,1110,9,0.9357638888888888,11.949149596692731,0.5707236842105263,ELECTRE-III,1
332,0069,0,1,"[39.58852775020261, -105.2595466952571]","[np.float64(39.80394266104254), np.float64(-105.3320988949999)]",2026-06-13 17:09:10,470.4028509127045,1,7.730386383523442,24.7443333859833,2.041996477906299,61.105665862304605,12.442618806246042,1,1,1,1139,14,0.9357638888888888,16.185674361801595,1.0,ELECTRE-III,1
333,0038,0,1,"[38.989489424141226, -105.44387301038823]","[np.float64(40.33709396384561), np.float64(-104.2016485672987)]",2026-06-13 17:09:20,419.64903174322717,1,7.676093631610172,183.7364222712313,14.82883618276705,61.65144578831281,26.43526070780384,1,1,1,1110,9,0.9361111111111111,29.243594041137175,0.5707236842105263,ELECTRE-III,1
334,0069,0,1,"[38.989489424141226, -105.44387301038823]","[np.float64(39.80394266104254), np.float64(-105.3320988949999)]",2026-06-13 17:09:20,470.4028509127045,1,7.730386383523442,91.07104441976543,7.475994757131153,61.13428435492696,18.442618806246042,1,1,1,1139,14,0.9361111111111111,21.250952139579375,1.0,ELECTRE-III,1
335,0038,0,1,"[38.39028717353976, -105.62580192912068]","[np.float64(40.33709396384561), np.float64(-104.2016485672987)]",2026-06-13 17:09:30,419.64903174322717,1,7.676093631610172,248.6900059699801,19.714782712364784,61.67923099785643,26.43526070780384,1,1,1,1110,9,0.9364583333333333,18.00713570780384,0.5707236842105263,ELECTRE-III,1
336,0069,0,1,"[38.39028717353976, -105.62580192912068]","[np.float64(39.80394266104254), np.float64(-105.3320988949999)]",2026-06-13 17:09:30,470.4028509127045,1,7.730386383523442,159.22145872982222,12.921510645099405,61.16289601736014,18.442618806246042,1,1,1,1139,14,0.9364583333333333,21.25199380624604,1.0,ELECTRE-III,1
337,0038,0,1,"[37.790927828587385, -105.80542224391368]","[np.float64(40.33709396384561), np.float64(-104.2016485672987)]",2026-06-13 17:09:40,419.64903174322717,1,7.676093631610172,315.1508705582237,24.423173316198053,61.70699571683253,26.43526070780384,1,1,1,1110,9,0.9368055555555556,33.92970515224829,0.5707236842105263,ELECTRE-III,1
338,0069,0,1,"[37.790927828587385, -105.80542224391368]","[np.float64(39.80394266104254), np.float64(-105.3320988949999)]",2026-06-13 17:09:40,470.4028509127045,1,7.730386383523442,227.56363003928834,18.154394055271997,61.19148718922582,15.442618806246042,1,1,1,1139,14,0.9368055555555556,7.948174361801597,1.0,ELECTRE-III,1
339,0038,0,1,"[37.1914113892841, -105.98282274722642]","[np.float64(40.33709396384561), np.float64(-104.2016485672987)]",2026-06-13 17:09:50,419.64903174322717,1,7.676093631610172,382.33475622881224,28.85101212823141,61.73474677543029,25.43526070780384,1,1,1,1110,9,0.9371527777777777,28.246719041137176,0.5707236842105263,ELECTRE-III,1
340,0069,0,1,"[37.1914113892841, -105.98282274722642]","[np.float64(39.80394266104254), np.float64(-105.3320988949999)]",2026-06-13 17:09:50,470.4028509127045,1,7.730386383523442,295.9659854693874,23.096500396121385,61.22007153090232,10.442618806246042,1,1,1,1139,14,0.9371527777777777,5.7568549173571535,1.0,ELECTRE-III,1
341,0069,0,1,"[36.591751516008244, -106.15808540132895]","[np.float64(39.80394266104254), np.float64(-105.3320988949999)]",2026-06-13 17:10:00,470.4028509127045,1,7.730386383523442,364.39459916153226,27.702359200287834,61.24864221220048,11.442618806246042,1,1,1,1139,14,0.9375,18.942618806246042,1.0,ELECTRE-III,1
342,007,0,1,"[29.987300098064416, -107.96499145568832]","[np.float64(27.09116414667865), np.float64(-109.4127318698908)]",2026-06-13 17:11:50,204.7583549914579,1,3.597522112006194,351.7083876874222,26.875181438095357,61.32604191587507,24.809800826651205,2,2,2,1416,11,0.9413194444444445,19.161884159984538,0.7516447368421053,ELECTRE-III,1
343,0053,0,1,"[29.987300098064416, -107.96499145568832]","[np.float64(26.87769369263977), np.float64(-105.8612376757188)]",2026-06-13 17:11:50,898.8383248360243,2,6.271612518163372,402.3122275597858,30.100895928705643,64.493924634062,17.817158925093402,3,3,3,1312,13,0.9413194444444445,14.051881147315624,0.9638157894736842,ELECTRE-III,1
344,007,0,1,"[29.38626735676539, -108.11986599511836]","[np.float64(27.09116414667865), np.float64(-109.4127318698908)]",2026-06-13 17:12:00,204.7583549914579,1,3.597522112006194,284.8953957740597,22.318743242067367,61.36311618268989,24.809800826651205,2,2,2,1416,11,0.9416666666666667,30.459800826651204,0.7516447368421053,ELECTRE-III,1
345,0053,0,1,"[29.38626735676539, -108.11986599511836]","[np.float64(26.87769369263977), np.float64(-105.8612376757188)]",2026-06-13 17:12:00,898.8383248360243,2,6.271612518163372,356.15297272549674,27.166383124540783,64.5310535423902,14.817158925093404,3,3,3,1312,13,0.9416666666666667,15.75882559176007,0.9638157894736842,ELECTRE-III,1
346,007,0,1,"[28.785149238101738, -108.27340864766025]","[np.float64(27.09116414667865), np.float64(-109.4127318698908)]",2026-06-13 17:12:10,204.7583549914579,1,3.597522112006194,219.10126412359955,17.52131688239761,61.40019044950473,24.809800826651205,2,2,2,1416,11,0.9420138888888889,30.46188415998454,0.7516447368421053,ELECTRE-III,1
347,0053,0,1,"[28.785149238101738, -108.27340864766025]","[np.float64(26.87769369263977), np.float64(-105.8612376757188)]",2026-06-13 17:12:10,898.8383248360243,2,6.271612518163372,318.1766951020867,24.629934204998264,64.5681756205292,11.817158925093404,3,3,3,1312,13,0.9420138888888889,5.223061702871181,0.9638157894736842,ELECTRE-III,1
348,007,0,1,"[28.183947449620753, -108.42566722463816]","[np.float64(27.09116414667865), np.float64(-109.4127318698908)]",2026-06-13 17:12:20,204.7583549914579,1,3.597522112006194,155.62445547862663,12.639079187998918,61.437271546508725,25.809800826651205,2,2,2,1416,11,0.9423611111111111,18.270911937762317,0.7516447368421053,ELECTRE-III,1
349,0053,0,1,"[28.183947449620753, -108.42566722463816]","[np.float64(26.87769369263977), np.float64(-105.8612376757188)]",2026-06-13 17:12:20,898.8383248360243,2,6.271612518163372,291.5975996325723,22.790658274221006,64.6053045288574,16.817158925093402,3,3,3,1312,13,0.9423611111111111,18.701881147315625,0.9638157894736842,ELECTRE-III,1
350,007,0,1,"[27.582663698869727, -108.57668953737631]","[np.float64(27.09116414667865), np.float64(-109.4127318698908)]",2026-06-13 17:12:30,204.7583549914579,1,3.597522112006194,99.02788143253296,8.12079973142832,61.47434581332355,17.809800826651205,2,2,2,1416,11,0.9427083333333334,21.580634159984537,0.7516447368421053,ELECTRE-III,1
351,0053,0,1,"[27.582663698869727, -108.57668953737631]","[np.float64(26.87769369263977), np.float64(-105.8612376757188)]",2026-06-13 17:12:30,898.8383248360243,2,6.271612518163372,279.68373985721956,21.949558338439193,64.64243343718559,11.817158925093404,3,3,3,1312,13,0.9427083333333334,15.587992258426738,0.9638157894736842,ELECTRE-III,1
352,007,0,1,"[26.98130310849054, -108.72651656700971]","[np.float64(27.09116414667865), np.float64(-109.4127318698908)]",2026-06-13 17:12:40,204.7583549914579,1,3.597522112006194,69.05425418930669,5.682330017523867,61.511420080138386,21.809800826651205,2,2,2,1416,11,0.9430555555555555,13.322300826651205,0.7516447368421053,ELECTRE-III,1
353,0053,0,1,"[26.98130310849054, -108.72651656700971]","[np.float64(26.87769369263977), np.float64(-105.8612376757188)]",2026-06-13 17:12:40,898.8383248360243,2,6.271612518163372,284.2842358377631,22.275549968549317,64.67955551532461,15.817158925093404,3,3,3,1312,13,0.9430555555555555,12.987992258426736,0.9638157894736842,ELECTRE-III,1
354,007,0,1,"[26.379869093577774, -108.87518929467339]","[np.float64(27.09116414667865), np.float64(-109.4127318698908)]",2026-06-13 17:12:50,204.7583549914579,1,3.597522112006194,95.42115484916317,7.82876494938083,61.54849434695321,16.809800826651205,2,2,2,1416,11,0.9434027777777778,17.753203604428982,0.7516447368421053,ELECTRE-III,1
355,0053,0,1,"[26.379869093577774, -108.87518929467339]","[np.float64(26.87769369263977), np.float64(-105.8612376757188)]",2026-06-13 17:12:50,898.8383248360243,2,6.271612518163372,304.65112069804616,23.700444369954564,64.71667759346363,10.817158925093404,3,3,3,1312,13,0.9434027777777778,9.873756147315627,0.9638157894736842,ELECTRE-III,1
356,007,0,1,"[25.77836165413143, -109.02275553169152]","[np.float64(27.09116414667865), np.float64(-109.4127318698908)]",2026-06-13 17:13:00,204.7583549914579,1,3.597522112006194,151.0527986851651,12.279217813686964,61.58557544395721,24.809800826651205,2,2,2,1416,11,0.94375,19.147300826651204,0.7516447368421053,ELECTRE-III,1
357,0053,0,1,"[25.77836165413143, -109.02275553169152]","[np.float64(26.87769369263977), np.float64(-105.8612376757188)]",2026-06-13 17:13:00,898.8383248360243,2,6.271612518163372,337.94589341719137,25.96393956275783,64.75380650179181,13.817158925093404,3,3,3,1312,13,0.94375,22.310908925093404,0.9638157894736842,ELECTRE-III,1
358,007,0,1,"[25.176787620340683, -109.16925625919912]","[np.float64(27.09116414667865), np.float64(-109.4127318698908)]",2026-06-13 17:13:10,204.7583549914579,1,3.597522112006194,214.2521488822914,17.156538658919953,61.62264971077204,25.809800826651205,2,2,2,1416,11,0.9440972222222223,17.312925826651202,0.7516447368421053,ELECTRE-III,1
359,0053,0,1,"[25.176787620340683, -109.16925625919912]","[np.float64(26.87769369263977), np.float64(-105.8612376757188)]",2026-06-13 17:13:10,898.8383248360243,2,6.271612518163372,380.79203117744885,28.75321048749934,64.79092857993083,15.817158925093404,3,3,3,1312,13,0.9440972222222223,17.70535336953785,0.9638157894736842,ELECTRE-III,1
360,007,0,1,"[24.575148699752816, -109.31471879795288]","[np.float64(27.09116414667865), np.float64(-109.4127318698908)]",2026-06-13 17:13:20,204.7583549914579,1,3.597522112006194,279.9404211880151,21.967786464595047,61.65972397758687,21.809800826651205,2,2,2,1416,11,0.9444444444444444,16.14313415998454,0.7516447368421053,ELECTRE-III,1
361,007,0,1,"[23.97344659991513, -109.45919095927698]","[np.float64(27.09116414667865), np.float64(-109.4127318698908)]",2026-06-13 17:13:30,204.7583549914579,1,3.597522112006194,346.70618948223336,26.545642585464307,61.6967982444017,24.809800826651205,2,2,2,1416,11,0.9447916666666667,15.361884159984537,0.7516447368421053,ELECTRE-III,1
362,0127,0,2,"[58.142210705976154, 15.733711290886845]","[np.float64(55.64321798038925), np.float64(12.16354832122793)]",2026-06-13 10:22:10,514.5248103633304,1,3.1792204244224944,352.36655331004744,26.918398529660283,56.33526025538718,12.068078687398678,1,1,1,1461,8,0.08784722222222222,11.628842576287568,0.5197368421052632,ELECTRE-III,1
363,0127,0,2,"[57.55615315443238, 15.385629482857363]","[np.float64(55.64321798038925), np.float64(12.16354832122793)]",2026-06-13 10:22:20,514.5248103633304,1,3.1792204244224944,290.0140871197171,22.67945167110359,56.34355893522875,13.068078687398678,1,1,1,1461,8,0.08819444444444445,13.5090509096209,0.5197368421052632,ELECTRE-III,1
364,0127,0,2,"[56.969385263214924, 15.047261911374932]","[np.float64(55.64321798038925), np.float64(12.16354832122793)]",2026-06-13 10:22:30,514.5248103633304,1,3.1792204244224944,231.02517038359827,18.412048377598733,56.351830294313636,11.068078687398678,1,1,1,1461,8,0.08854166666666667,11.068078687398678,0.5197368421052632,ELECTRE-III,1
365,0127,0,2,"[56.38194118326964, 14.718103142440969]","[np.float64(55.64321798038925), np.float64(12.16354832122793)]",2026-06-13 10:22:40,514.5248103633304,1,3.1792204244224944,178.76204344750897,14.444381622184029,56.360077747736426,15.068078687398678,1,1,1,1461,8,0.08888888888888889,14.890300909620901,0.5197368421052632,ELECTRE-III,1
366,0127,0,2,"[55.793851650447785, 14.397681893002746]","[np.float64(55.64321798038925), np.float64(12.16354832122793)]",2026-06-13 10:22:50,514.5248103633304,1,3.1792204244224944,140.9199991084069,11.478125971253046,56.36829788040254,14.068078687398678,1,1,1,1461,8,0.08923611111111111,13.35418979850979,0.5197368421052632,ELECTRE-III,1
367,0083,0,2,"[55.2051542307898, 14.085560177179735]","[np.float64(52.56086921316749), np.float64(10.02700097620163)]",2026-06-13 10:23:00,417.64182187177,1,6.509395922260685,396.37346864539194,29.732559429606933,58.7213492758907,11.813479875872304,1,1,1,1398,11,0.08958333333333333,11.544729875872303,0.7516447368421053,ELECTRE-III,1
368,0127,0,2,"[55.2051542307898, 14.085560177179735]","[np.float64(55.64321798038925), np.float64(12.16354832122793)]",2026-06-13 10:23:00,514.5248103633304,1,3.1792204244224944,130.6948394477284,10.665095983842917,56.37649069231197,12.068078687398678,1,1,1,1461,8,0.08958333333333333,11.440995354065345,0.5197368421052632,ELECTRE-III,1
369,0083,0,2,"[54.615883075241534, 13.781325622300795]","[np.float64(52.56086921316749), np.float64(10.02700097620163)]",2026-06-13 10:23:10,417.64182187177,1,6.509395922260685,336.99038035145304,25.90013939418408,58.73235954083277,16.813479875872304,1,1,1,1398,11,0.08993055555555556,16.363827098094525,0.7516447368421053,ELECTRE-III,1
370,0127,0,2,"[54.615883075241534, 13.781325622300795]","[np.float64(55.64321798038925), np.float64(12.16354832122793)]",2026-06-13 10:23:10,514.5248103633304,1,3.1792204244224944,153.7024810430187,12.487911298796435,56.3846595985593,9.068078687398678,1,1,1,1461,8,0.08993055555555556,9.877453687398678,0.5197368421052632,ELECTRE-III,1
371,0083,0,2,"[54.026058674370496, 13.484591468904176]","[np.float64(52.56086921316749), np.float64(10.02700097620163)]",2026-06-13 10:23:20,417.64182187177,1,6.509395922260685,281.6450663523117,22.08872242389154,58.74334248501815,12.813479875872304,1,1,1,1398,11,0.09027777777777778,13.174590986983414,0.7516447368421053,ELECTRE-III,1
372,0127,0,2,"[54.026058674370496, 13.484591468904176]","[np.float64(55.64321798038925), np.float64(12.16354832122793)]",2026-06-13 10:23:20,514.5248103633304,1,3.1792204244224944,198.71879584873247,15.978446659860554,56.39280459914454,13.068078687398678,1,1,1,1461,8,0.09027777777777778,13.609745354065344,0.5197368421052632,ELECTRE-III,1
373,0148,1,2,"[54.026058674370496, 13.484591468904176]","[np.float64(50.94514176179118), np.float64(12.49247470997162)]",2026-06-13 10:23:20,820.6334839857649,1,7.768170800213682,349.09797266731726,26.703448374565603,60.840087616807,23.562560113567027,1,1,1,920,6,0.09027777777777778,23.111171224678138,0.42598684210526316,ELECTRE-III,1
374,0083,0,2,"[53.43571517912254, 13.194996570737514]","[np.float64(52.56086921316749), np.float64(10.02700097620163)]",2026-06-13 10:23:30,417.64182187177,1,6.509395922260685,233.2323549894195,18.5759355877163,58.75429810844685,11.813479875872304,1,1,1,1398,11,0.090625,10.997854875872303,0.7516447368421053,ELECTRE-III,1
375,0117,0,2,"[53.43571517912254, 13.194996570737514]","[np.float64(50.1189422399863), np.float64(15.55883485367527)]",2026-06-13 10:23:30,58.72141287104622,1,3.1751046614195824,403.01687718615693,30.14441918651249,62.28654409809728,20.311640351261754,2,2,2,863,3,0.090625,21.036640351261756,0.03618421052631579,ELECTRE-III,1
376,0127,0,2,"[53.43571517912254, 13.194996570737514]","[np.float64(55.64321798038925), np.float64(12.16354832122793)]",2026-06-13 10:23:30,514.5248103633304,1,3.1792204244224944,254.31417692923532,20.125205257956846,56.400918863878516,12.068078687398678,1,1,1,1461,8,0.090625,11.614953687398678,0.5197368421052632,ELECTRE-III,1
377,0148,1,2,"[53.43571517912254, 13.194996570737514]","[np.float64(50.94514176179118), np.float64(12.49247470997162)]",2026-06-13 10:23:30,820.6334839857649,1,7.768170800213682,281.04564041531,22.046219732911283,60.85010067413024,25.562560113567027,1,1,1,920,6,0.090625,24.92818511356703,0.42598684210526316,ELECTRE-III,1
378,0083,0,2,"[52.84487649515976, 12.912199418342306]","[np.float64(52.56086921316749), np.float64(10.02700097620163)]",2026-06-13 10:23:40,417.64182187177,1,6.509395922260685,196.93467768001403,15.84222115571016,58.765219580929696,11.813479875872304,1,1,1,1398,11,0.09097222222222222,12.632229875872303,0.7516447368421053,ELECTRE-III,1
379,0117,0,2,"[52.84487649515976, 12.912199418342306]","[np.float64(50.1189422399863), np.float64(15.55883485367527)]",2026-06-13 10:23:40,58.72141287104622,1,3.1751046614195824,354.15454858610144,27.03563654627239,62.294405645831965,13.311640351261754,2,2,2,863,3,0.09097222222222222,14.130390351261754,0.03618421052631579,ELECTRE-III,1
380,0126,0,2,"[52.84487649515976, 12.912199418342306]","[np.float64(52.00787857002857), np.float64(7.13592130906005)]",2026-06-13 10:23:40,242.4525034527799,1,4.578268277974335,402.4424445999064,30.108941779976313,58.41824597109305,11.068078687398678,2,2,2,1397,10,0.09097222222222222,11.1590509096209,0.618421052631579,ELECTRE-III,1
381,0127,0,2,"[52.84487649515976, 12.912199418342306]","[np.float64(55.64321798038925), np.float64(12.16354832122793)]",2026-06-13 10:23:40,514.5248103633304,1,3.1792204244224944,314.93597136680563,24.40846292536315,56.409009222950395,8.068078687398678,1,1,1,1461,8,0.09097222222222222,8.340995354065345,0.5197368421052632,ELECTRE-III,1
382,0148,1,2,"[52.84487649515976, 12.912199418342306]","[np.float64(50.94514176179118), np.float64(12.49247470997162)]",2026-06-13 10:23:40,820.6334839857649,1,7.768170800213682,213.19447004747053,17.076782018783526,60.86007958050763,21.562560113567027,1,1,1,920,6,0.09097222222222222,21.016726780233693,0.42598684210526316,ELECTRE-III,1
383,003,0,2,"[52.25356311304966, 12.6358815541485]","[np.float64(51.23999565447085), np.float64(7.31328020746024)]",2026-06-13 10:23:50,65.50907265624426,1,6.589296243118523,383.271242730416,28.91029149693846,59.146583193237355,12.311640351261754,4,4,3,843,7,0.09131944444444444,12.494279240150643,0.48355263157894735,ELECTRE-III,1
384,0083,0,2,"[52.25356311304966, 12.6358815541485]","[np.float64(52.56086921316749), np.float64(10.02700097620163)]",2026-06-13 10:23:50,417.64182187177,1,6.509395922260685,180.22904453608854,14.557901557301612,58.77612056284504,11.813479875872304,1,1,1,1398,11,0.09131944444444444,10.900285431427859,0.7516447368421053,ELECTRE-III,1
385,0117,0,2,"[52.25356311304966, 12.6358815541485]","[np.float64(50.1189422399863), np.float64(15.55883485367527)]",2026-06-13 10:23:50,58.72141287104622,1,3.1751046614195824,312.742845892957,24.25814205479461,62.3022330426208,18.311640351261754,2,2,2,863,3,0.09131944444444444,18.950876462372864,0.03618421052631579,ELECTRE-III,1
386,0125,0,2,"[52.25356311304966, 12.6358815541485]","[np.float64(51.79838485479233), np.float64(7.007195754073346)]",2026-06-13 10:23:50,974.2804898316873,2,2.6969132005080283,388.31829889488415,29.228603671520464,58.570245000882515,21.315319400482853,4,4,3,1293,4,0.09131944444444444,21.22399995603841,0.15953947368421054,ELECTRE-III,1
387,0126,0,2,"[52.25356311304966, 12.6358815541485]","[np.float64(52.00787857002857), np.float64(7.13592130906005)]",2026-06-13 10:23:50,242.4525034527799,1,4.578268277974335,376.3200541888535,28.468670850393384,58.4313531041103,15.068078687398678,2,2,2,1397,10,0.09131944444444444,14.976759242954234,0.618421052631579,ELECTRE-III,1
388,0127,0,2,"[52.25356311304966, 12.6358815541485]","[np.float64(55.64321798038925), np.float64(12.16354832122793)]",2026-06-13 10:23:50,514.5248103633304,1,3.1792204244224944,378.175763599138,28.586931670091506,56.417075676360184,9.068078687398678,1,1,1,1461,8,0.09131944444444444,9.250717576287567,0.5197368421052632,ELECTRE-III,1
389,0148,1,2,"[52.25356311304966, 12.6358815541485]","[np.float64(50.94514176179118), np.float64(12.49247470997162)]",2026-06-13 10:23:50,820.6334839857649,1,7.768170800213682,145.82671819181425,11.866635903283045,60.870031166128335,23.562560113567027,1,1,1,920,6,0.09131944444444444,22.74068511356703,0.42598684210526316,ELECTRE-III,1
389,0148,1,2,"[52.25356311304966, 12.6358815541485]","[np.float64(50.94514176179118), np.float64(12.49247470997162)]",2026-06-13 10:23:50,820.6334839857649,1,7.768170800213682,145.82671819181425,11.866635903283045,60.870031166128335,23.562560113567027,1,1,1,920,6,0.09131944444444444,22.74068511356703,0.42598684210526316,ELECTRE-III,1
390,003,0,2,"[51.66180576864351, 12.365740742285327]","[np.float64(51.23999565447085), np.float64(7.31328020746024)]",2026-06-13 10:24:00,65.50907265624426,1,6.589296243118523,353.16532616650926,26.97080387399763,59.16003183571311,12.311640351261754,4,4,3,843,7,0.09166666666666666,11.394973684595088,0.48355263157894735,ELECTRE-III,1
391,0076,0,2,"[51.66180576864351, 12.365740742285327]","[np.float64(49.11832800995569), np.float64(8.89064888647059)]",2026-06-13 10:24:00,237.1280562849896,1,5.863806596854088,374.98971426678094,28.383727541729712,61.49962434344177,14.689859519330216,3,3,3,975,8,0.09166666666666666,14.506526185996883,0.5197368421052632,ELECTRE-III,1
392,0083,0,2,"[51.66180576864351, 12.365740742285327]","[np.float64(52.56086921316749), np.float64(10.02700097620163)]",2026-06-13 10:24:00,417.64182187177,1,6.509395922260685,188.4029307229679,15.188259552404038,58.7869942240037,9.813479875872304,1,1,1,1398,11,0.09166666666666666,9.63014654253897,0.7516447368421053,ELECTRE-III,1
393,0117,0,2,"[51.66180576864351, 12.365740742285327]","[np.float64(50.1189422399863), np.float64(15.55883485367527)]",2026-06-13 10:24:00,58.72141287104622,1,3.1751046614195824,282.0836263807299,22.11980261201467,62.31001945827462,20.311640351261754,2,2,2,863,3,0.09166666666666666,19.853307017928422,0.03618421052631579,ELECTRE-III,1
394,0125,0,2,"[51.66180576864351, 12.365740742285327]","[np.float64(51.79838485479233), np.float64(7.007195754073346)]",2026-06-13 10:24:00,974.2804898316873,2,2.6969132005080283,369.2748537863512,28.017279092596763,58.58354337919653,20.315319400482853,4,4,3,1293,4,0.09166666666666666,19.58198606714952,0.15953947368421054,ELECTRE-III,1
395,0126,0,2,"[51.66180576864351, 12.365740742285327]","[np.float64(52.00787857002857), np.float64(7.13592130906005)]",2026-06-13 10:24:00,242.4525034527799,1,4.578268277974335,361.31990223671727,27.503011884374686,58.444446576749215,11.068078687398678,2,2,2,1397,10,0.09166666666666666,10.518078687398678,0.618421052631579,ELECTRE-III,1
396,0148,1,2,"[51.66180576864351, 12.365740742285327]","[np.float64(50.94514176179118), np.float64(12.49247470997162)]",2026-06-13 10:24:00,820.6334839857649,1,7.768170800213682,80.17503108394912,6.589937782782985,60.879948600803196,17.562560113567027,1,1,1,920,6,0.09166666666666666,17.837560113567026,0.42598684210526316,ELECTRE-III,1
396,0148,1,2,"[51.66180576864351, 12.365740742285327]","[np.float64(50.94514176179118), np.float64(12.49247470997162)]",2026-06-13 10:24:00,820.6334839857649,1,7.768170800213682,80.17503108394912,6.589937782782985,60.879948600803196,17.562560113567027,1,1,1,920,6,0.09166666666666666,17.837560113567026,0.42598684210526316,ELECTRE-III,1
397,0202,0,2,"[51.66180576864351, 12.365740742285327]","[np.float64(49.18866442374592), np.float64(9.325408692768589)]",2026-06-13 10:24:00,46.860608642228364,1,4.556264620785571,349.23991833600866,26.71280000702672,61.57955804729843,14.686180470109115,3,3,3,1105,11,0.09166666666666666,14.686180470109115,0.7516447368421053,ELECTRE-III,1
398,003,0,2,"[51.069614707225064, 12.10149523744952]","[np.float64(51.23999565447085), np.float64(7.31328020746024)]",2026-06-13 10:24:10,65.50907265624426,1,6.589296243118523,334.4247629175898,25.72849003809286,59.173453157432185,17.311640351261754,4,4,3,843,7,0.0920138888888889,16.483515351261754,0.48355263157894735,ELECTRE-III,1
399,0076,0,2,"[51.069614707225064, 12.10149523744952]","[np.float64(49.11832800995569), np.float64(8.89064888647059)]",2026-06-13 10:24:10,237.1280562849896,1,5.863806596854088,315.4434478011822,24.443195452358097,61.51331204253847,12.689859519330216,3,3,3,975,8,0.0920138888888889,11.953748408219106,0.5197368421052632,ELECTRE-III,1
400,0083,0,2,"[51.069614707225064, 12.10149523744952]","[np.float64(52.56086921316749), np.float64(10.02700097620163)]",2026-06-13 10:24:10,417.64182187177,1,6.509395922260685,218.68616591091248,17.490147685646765,58.79783373421651,9.813479875872304,1,1,1,1398,11,0.0920138888888889,9.537438209205638,0.7516447368421053,ELECTRE-III,1
401,0117,0,2,"[51.069614707225064, 12.10149523744952]","[np.float64(50.1189422399863), np.float64(15.55883485367527)]",2026-06-13 10:24:10,58.72141287104622,1,3.1751046614195824,265.92165648887124,20.965454324320163,62.31777172298258,18.311640351261754,2,2,2,863,3,0.0920138888888889,18.035598684595087,0.03618421052631579,ELECTRE-III,1
402,0125,0,2,"[51.069614707225064, 12.10149523744952]","[np.float64(51.79838485479233), np.float64(7.007195754073346)]",2026-06-13 10:24:10,974.2804898316873,2,2.6969132005080283,362.23653414449103,27.562517391668084,58.59681443675386,22.315319400482853,4,4,3,1293,4,0.0920138888888889,21.76323606714952,0.15953947368421054,ELECTRE-III,1
403,0126,0,2,"[51.069614707225064, 12.10149523744952]","[np.float64(52.00787857002857), np.float64(7.13592130906005)]",2026-06-13 10:24:10,242.4525034527799,1,4.578268277974335,358.84099822859565,27.341764873147607,58.45750589844228,13.068078687398678,2,2,2,1397,10,0.0920138888888889,12.515995354065344,0.618421052631579,ELECTRE-III,1
404,0148,1,2,"[51.069614707225064, 12.10149523744952]","[np.float64(50.94514176179118), np.float64(12.49247470997162)]",2026-06-13 10:24:10,820.6334839857649,1,7.768170800213682,30.65744530945313,2.529396214818925,60.88983871472137,20.562560113567027,1,1,1,920,6,0.0920138888888889,21.298671224678138,0.42598684210526316,ELECTRE-III,1
404,0148,1,2,"[51.069614707225064, 12.10149523744952]","[np.float64(50.94514176179118), np.float64(12.49247470997162)]",2026-06-13 10:24:10,820.6334839857649,1,7.768170800213682,30.65744530945313,2.529396214818925,60.88983871472137,20.562560113567027,1,1,1,920,6,0.0920138888888889,21.298671224678138,0.42598684210526316,ELECTRE-III,1
405,0202,0,2,"[51.069614707225064, 12.10149523744952]","[np.float64(49.18866442374592), np.float64(9.325408692768589)]",2026-06-13 10:24:10,46.860608642228364,1,4.556264620785571,287.8902103604809,22.530012847955735,61.59287008599078,19.686180470109115,3,3,3,1105,11,0.0920138888888889,19.042083247886893,0.7516447368421053,ELECTRE-III,1
406,003,0,2,"[50.477020664645586, 11.84287610094251]","[np.float64(51.23999565447085), np.float64(7.31328020746024)]",2026-06-13 10:24:20,65.50907265624426,1,6.589296243118523,328.9987968331046,25.36383676367557,59.186853988583756,17.311640351261754,4,4,3,843,7,0.09236111111111112,17.496362573483978,0.48355263157894735,ELECTRE-III,1
407,0076,0,2,"[50.477020664645586, 11.84287610094251]","[np.float64(49.11832800995569), np.float64(8.89064888647059)]",2026-06-13 10:24:20,237.1280562849896,1,5.863806596854088,260.208732798392,20.553058229468167,61.52696559068933,19.689859519330216,3,3,3,975,8,0.09236111111111112,20.336387297107994,0.5197368421052632,ELECTRE-III,1
408,0083,0,2,"[50.477020664645586, 11.84287610094251]","[np.float64(52.56086921316749), np.float64(10.02700097620163)]",2026-06-13 10:24:20,417.64182187177,1,6.509395922260685,263.56547397884265,20.79564244591746,58.808645923672636,16.813479875872304,1,1,1,1398,11,0.09236111111111112,16.53639654253897,0.7516447368421053,ELECTRE-III,1
409,0117,0,2,"[50.477020664645586, 11.84287610094251]","[np.float64(50.1189422399863), np.float64(15.55883485367527)]",2026-06-13 10:24:20,58.72141287104622,1,3.1751046614195824,266.9046478861164,21.03618560199752,62.325489836744694,19.311640351261754,2,2,2,863,3,0.09236111111111112,19.03455701792842,0.03618421052631579,ELECTRE-III,1
410,0125,0,2,"[50.477020664645586, 11.84287610094251]","[np.float64(51.79838485479233), np.float64(7.007195754073346)]",2026-06-13 10:24:20,974.2804898316873,2,2.6969132005080283,367.8939767568215,27.928357581438686,58.610065003743685,16.315319400482853,4,4,3,1293,4,0.09236111111111112,15.853513844927297,0.15953947368421054,ELECTRE-III,1
411,0126,0,2,"[50.477020664645586, 11.84287610094251]","[np.float64(52.00787857002857), np.float64(7.13592130906005)]",2026-06-13 10:24:20,242.4525034527799,1,4.578268277974335,369.13656035622415,28.008380299276368,58.47053789937866,11.068078687398678,2,2,2,1397,10,0.09236111111111112,11.437523131843122,0.618421052631579,ELECTRE-III,1
412,0148,1,2,"[50.477020664645586, 11.84287610094251]","[np.float64(50.94514176179118), np.float64(12.49247470997162)]",2026-06-13 10:24:20,820.6334839857649,1,7.768170800213682,69.29307323112637,5.701852666154105,60.8996946776937,16.562560113567027,1,1,1,920,6,0.09236111111111112,17.116726780233694,0.42598684210526316,ELECTRE-III,1
412,0148,1,2,"[50.477020664645586, 11.84287610094251]","[np.float64(50.94514176179118), np.float64(12.49247470997162)]",2026-06-13 10:24:20,820.6334839857649,1,7.768170800213682,69.29307323112637,5.701852666154105,60.8996946776937,16.562560113567027,1,1,1,920,6,0.09236111111111112,17.116726780233694,0.42598684210526316,ELECTRE-III,1
413,0202,0,2,"[50.477020664645586, 11.84287610094251]","[np.float64(49.18866442374592), np.float64(9.325408692768589)]",2026-06-13 10:24:20,46.860608642228364,1,4.556264620785571,230.46678211804615,18.370537467693925,61.60615480392646,10.686180470109115,3,3,3,1105,11,0.09236111111111112,11.055624914553558,0.7516447368421053,ELECTRE-III,1
414,003,0,2,"[49.88403388618884, 11.589634030859594]","[np.float64(51.23999565447085), np.float64(7.31328020746024)]",2026-06-13 10:24:30,65.50907265624426,1,6.589296243118523,337.5317797453237,25.93629743297584,59.20022066878947,15.311640351261754,4,4,3,843,7,0.09270833333333334,14.477265351261755,0.48355263157894735,ELECTRE-III,1
415,0076,0,2,"[49.88403388618884, 11.589634030859594]","[np.float64(49.11832800995569), np.float64(8.89064888647059)]",2026-06-13 10:24:30,237.1280562849896,1,5.863806596854088,212.67292234381407,17.037428400749516,61.540584987894334,14.689859519330216,3,3,3,975,8,0.09270833333333334,14.411734519330217,0.5197368421052632,ELECTRE-III,1
416,0083,0,2,"[49.88403388618884, 11.589634030859594]","[np.float64(52.56086921316749), np.float64(10.02700097620163)]",2026-06-13 10:24:30,417.64182187177,1,6.509395922260685,316.9007409022315,24.542828629685662,58.81943079237209,16.813479875872304,1,1,1,1398,11,0.09270833333333334,17.55514654253897,0.7516447368421053,ELECTRE-III,1
417,0117,0,2,"[49.88403388618884, 11.589634030859594]","[np.float64(50.1189422399863), np.float64(15.55883485367527)]",2026-06-13 10:24:30,58.72141287104622,1,3.1751046614195824,284.8549355416058,22.3158845708275,62.33317379956096,19.311640351261754,2,2,2,863,3,0.09270833333333334,20.05330701792842,0.03618421052631579,ELECTRE-III,1
418,0125,0,2,"[49.88403388618884, 11.589634030859594]","[np.float64(51.79838485479233), np.float64(7.007195754073346)]",2026-06-13 10:24:30,974.2804898316873,2,2.6969132005080283,385.6905259304405,29.063118319931164,58.62328141978766,19.315319400482853,4,4,3,1293,4,0.09270833333333334,18.851777733816185,0.15953947368421054,ELECTRE-III,1
419,0126,0,2,"[49.88403388618884, 11.589634030859594]","[np.float64(52.00787857002857), np.float64(7.13592130906005)]",2026-06-13 10:24:30,242.4525034527799,1,4.578268277974335,391.200924663232,29.409525281309172,58.48354940974754,13.068078687398678,2,2,2,1397,10,0.09270833333333334,12.697245354065345,0.618421052631579,ELECTRE-III,1
420,0148,1,2,"[49.88403388618884, 11.589634030859594]","[np.float64(50.94514176179118), np.float64(12.49247470997162)]",2026-06-13 10:24:30,820.6334839857649,1,7.768170800213682,134.21400591682283,10.945422263949148,60.90951648972018,18.562560113567027,1,1,1,920,6,0.09270833333333334,18.284435113567028,0.42598684210526316,ELECTRE-III,1
420,0148,1,2,"[49.88403388618884, 11.589634030859594]","[np.float64(50.94514176179118), np.float64(12.49247470997162)]",2026-06-13 10:24:30,820.6334839857649,1,7.768170800213682,134.21400591682283,10.945422263949148,60.90951648972018,18.562560113567027,1,1,1,920,6,0.09270833333333334,18.284435113567028,0.42598684210526316,ELECTRE-III,1
421,0202,0,2,"[49.88403388618884, 11.589634030859594]","[np.float64(49.18866442374592), np.float64(9.325408692768589)]",2026-06-13 10:24:30,46.860608642228364,1,4.556264620785571,180.75234719126476,14.598367724031958,61.61940537091628,19.686180470109115,3,3,3,1105,11,0.09270833333333334,20.520555470109116,0.7516447368421053,ELECTRE-III,1
422,003,0,2,"[49.29067486242232, 11.341528263032528]","[np.float64(51.23999565447085), np.float64(7.31328020746024)]",2026-06-13 10:24:40,65.50907265624426,1,6.589296243118523,359.03087488832193,27.354132564630135,59.213560028238504,9.311640351261754,4,4,3,843,7,0.09305555555555556,10.149140351261755,0.48355263157894735,ELECTRE-III,1
423,0076,0,2,"[49.29067486242232, 11.341528263032528]","[np.float64(49.11832800995569), np.float64(8.89064888647059)]",2026-06-13 10:24:40,237.1280562849896,1,5.863806596854088,179.07798721897805,14.468839905972883,61.55417706434266,16.689859519330216,3,3,3,975,8,0.09305555555555556,16.038470630441328,0.5197368421052632,ELECTRE-III,1
424,0083,0,2,"[49.29067486242232, 11.341528263032528]","[np.float64(52.56086921316749), np.float64(10.02700097620163)]",2026-06-13 10:24:40,417.64182187177,1,6.509395922260685,375.1028272885745,28.390955204878722,58.830188340314855,14.813479875872304,1,1,1,1398,11,0.09305555555555556,13.882924320316748,0.7516447368421053,ELECTRE-III,1
425,0117,0,2,"[49.29067486242232, 11.341528263032528]","[np.float64(50.1189422399863), np.float64(15.55883485367527)]",2026-06-13 10:24:40,58.72141287104622,1,3.1751046614195824,316.9027959946535,24.542969022108228,62.340816781242204,17.311640351261754,2,2,2,863,3,0.09305555555555556,16.381084795706197,0.03618421052631579,ELECTRE-III,1
426,0148,1,2,"[49.29067486242232, 11.341528263032528]","[np.float64(50.94514176179118), np.float64(12.49247470997162)]",2026-06-13 10:24:40,820.6334839857649,1,7.768170800213682,201.4347591066552,16.185466757771383,60.919304150800805,19.562560113567027,1,1,1,920,6,0.09305555555555556,18.72506011356703,0.42598684210526316,ELECTRE-III,1
426,0148,1,2,"[49.29067486242232, 11.341528263032528]","[np.float64(50.94514176179118), np.float64(12.49247470997162)]",2026-06-13 10:24:40,820.6334839857649,1,7.768170800213682,201.4347591066552,16.185466757771383,60.919304150800805,19.562560113567027,1,1,1,920,6,0.09305555555555556,18.72506011356703,0.42598684210526316,ELECTRE-III,1
427,0202,0,2,"[49.29067486242232, 11.341528263032528]","[np.float64(49.18866442374592), np.float64(9.325408692768589)]",2026-06-13 10:24:40,46.860608642228364,1,4.556264620785571,146.80243764816296,11.9437619508729,61.63262861714943,19.686180470109115,3,3,3,1105,11,0.09305555555555556,19.12784713677578,0.7516447368421053,ELECTRE-III,1
428,003,0,2,"[48.69696408391354, 11.098336816313283]","[np.float64(51.23999565447085), np.float64(7.31328020746024)]",2026-06-13 10:24:50,65.50907265624426,1,6.589296243118523,391.36604263674286,29.419869112646257,59.22687206693086,18.311640351261754,4,4,3,843,7,0.09340277777777778,17.377612573483976,0.48355263157894735,ELECTRE-III,1
429,0076,0,2,"[48.69696408391354, 11.098336816313283]","[np.float64(49.11832800995569), np.float64(8.89064888647059)]",2026-06-13 10:24:50,237.1280562849896,1,5.863806596854088,168.0083817032553,13.608743717351855,61.56774182003431,15.689859519330216,3,3,3,975,8,0.09340277777777778,15.222845630441327,0.5197368421052632,ELECTRE-III,1
430,0117,0,2,"[48.69696408391354, 11.098336816313283]","[np.float64(50.1189422399863), np.float64(15.55883485367527)]",2026-06-13 10:24:50,58.72141287104622,1,3.1751046614195824,359.2953083620569,27.371351942655306,62.348425611977596,16.311640351261754,2,2,2,863,3,0.09340277777777778,16.49844590681731,0.03618421052631579,ELECTRE-III,1
431,0148,1,2,"[48.69696408391354, 11.098336816313283]","[np.float64(50.94514176179118), np.float64(12.49247470997162)]",2026-06-13 10:24:50,820.6334839857649,1,7.768170800213682,269.23858159407376,21.203855108305998,60.929057660935584,23.562560113567027,1,1,1,920,6,0.09340277777777778,24.403185113567027,0.42598684210526316,ELECTRE-III,1
432,0202,0,2,"[48.69696408391354, 11.098336816313283]","[np.float64(49.18866442374592), np.float64(9.325408692768589)]",2026-06-13 10:24:50,46.860608642228364,1,4.556264620785571,140.54992933071637,11.448780254536082,61.645817712436724,17.686180470109115,3,3,3,1105,11,0.09340277777777778,18.059791581220225,0.7516447368421053,ELECTRE-III,1
433,0076,0,2,"[48.10291521104086, 10.859846247290303]","[np.float64(49.11832800995569), np.float64(8.89064888647059)]",2026-06-13 10:25:00,237.1280562849896,1,5.863806596854088,183.5865750932493,14.817274698204939,61.5812724247801,17.689859519330216,3,3,3,975,8,0.09375,17.127359519330216,0.5197368421052632,ELECTRE-III,1
434,0148,1,2,"[48.10291521104086, 10.859846247290303]","[np.float64(50.94514176179118), np.float64(12.49247470997162)]",2026-06-13 10:25:00,820.6334839857649,1,7.768170800213682,337.2746171548789,25.919125271581546,60.93878385031368,19.562560113567027,1,1,1,920,6,0.09375,19.656310113567027,0.42598684210526316,ELECTRE-III,1
435,0202,0,2,"[48.10291521104086, 10.859846247290303]","[np.float64(49.18866442374592), np.float64(9.325408692768589)]",2026-06-13 10:25:00,46.860608642228364,1,4.556264620785571,165.17246777805966,13.387370194547271,61.65897948696734,11.686180470109115,3,3,3,1105,11,0.09375,12.436180470109115,0.7516447368421053,ELECTRE-III,1
436,0076,0,2,"[47.508538489088004, 10.625855919156713]","[np.float64(49.11832800995569), np.float64(8.89064888647059)]",2026-06-13 10:25:10,237.1280562849896,1,5.863806596854088,220.23034480745636,17.60604392883184,61.59476887858005,12.689859519330216,3,3,3,975,8,0.09409722222222222,12.03117896377466,0.5197368421052632,ELECTRE-III,1
437,0148,1,2,"[47.508538489088004, 10.625855919156713]","[np.float64(50.94514176179118), np.float64(12.49247470997162)]",2026-06-13 10:25:10,820.6334839857649,1,7.768170800213682,405.4268766451171,30.292984781200275,60.94847588874593,19.562560113567027,1,1,1,920,6,0.09409722222222222,19.562560113567027,0.42598684210526316,ELECTRE-III,1
438,0202,0,2,"[47.508538489088004, 10.625855919156713]","[np.float64(49.18866442374592), np.float64(9.325408692768589)]",2026-06-13 10:25:10,46.860608642228364,1,4.556264620785571,210.0826999029338,16.841736969651866,61.672107110552105,14.686180470109115,3,3,3,1105,11,0.09409722222222222,15.533055470109115,0.7516447368421053,ELECTRE-III,1
439,0076,0,2,"[46.913854408622505, 10.396175440389403]","[np.float64(49.11832800995569), np.float64(8.89064888647059)]",2026-06-13 10:25:20,237.1280562849896,1,5.863806596854088,269.47991122027486,21.22117055660651,61.608238011623314,19.689859519330216,3,3,3,975,8,0.09444444444444444,19.40652618599688,0.5197368421052632,ELECTRE-III,1
440,0202,0,2,"[46.913854408622505, 10.396175440389403]","[np.float64(49.18866442374592), np.float64(9.325408692768589)]",2026-06-13 10:25:20,46.860608642228364,1,4.556264620785571,265.16618356341735,20.911048643627048,61.68520058319102,15.686180470109115,3,3,3,1105,11,0.09444444444444444,15.213958247886893,0.7516447368421053,ELECTRE-III,1
441,0076,0,2,"[46.31887321492811, 10.170623810975364]","[np.float64(49.11832800995569), np.float64(8.89064888647059)]",2026-06-13 10:25:30,237.1280562849896,1,5.863806596854088,325.6667541270094,25.138808327769073,61.62167299372073,17.689859519330216,3,3,3,975,8,0.09479166666666666,18.069026185996883,0.5197368421052632,ELECTRE-III,1
442,0202,0,2,"[46.31887321492811, 10.170623810975364]","[np.float64(49.18866442374592), np.float64(9.325408692768589)]",2026-06-13 10:25:30,46.860608642228364,1,4.556264620785571,325.29640928310863,25.11374575558586,61.698266735073254,19.686180470109115,3,3,3,1105,11,0.09479166666666666,19.970555470109115,0.7516447368421053,ELECTRE-III,1
443,0207,0,2,"[46.31887321492811, 10.170623810975364]","[np.float64(46.23470201402048), np.float64(4.87862046771545)]",2026-06-13 10:25:30,202.37950515379532,1,4.299972652357903,406.75045861007135,30.37438674006712,62.46148573330882,23.93710023241439,2,2,2,1447,3,0.09479166666666666,24.126683565747726,0.03618421052631579,ELECTRE-III,1
444,0076,0,2,"[45.723608568383156, 9.949031129958993]","[np.float64(49.11832800995569), np.float64(8.89064888647059)]",2026-06-13 10:25:40,237.1280562849896,1,5.863806596854088,385.77227136598714,29.068274313729717,61.635080655061465,17.689859519330216,3,3,3,975,8,0.09513888888888888,18.35583174155244,0.5197368421052632,ELECTRE-III,1
445,0202,0,2,"[45.723608568383156, 9.949031129958993]","[np.float64(49.18866442374592), np.float64(9.325408692768589)]",2026-06-13 10:25:40,46.860608642228364,1,4.556264620785571,388.1355990345579,29.217115297613873,61.71129873600964,18.686180470109115,3,3,3,1105,11,0.09513888888888888,17.734791581220225,0.7516447368421053,ELECTRE-III,1
446,0207,0,2,"[45.723608568383156, 9.949031129958993]","[np.float64(46.23470201402048), np.float64(4.87862046771545)]",2026-06-13 10:25:40,202.37950515379532,1,4.299972652357903,395.82860575324804,29.698629211952337,62.479893093122,21.93710023241439,2,2,2,1447,3,0.09513888888888888,21.93710023241439,0.03618421052631579,ELECTRE-III,1
447,0207,0,2,"[45.12807071427141, 9.731235180347504]","[np.float64(46.23470201402048), np.float64(4.87862046771545)]",2026-06-13 10:25:50,202.37950515379532,1,4.299972652357903,396.4779690995799,29.739064359399105,62.49826630198933,17.93710023241439,2,2,2,1447,3,0.0954861111111111,18.414530787969948,0.03618421052631579,ELECTRE-III,1
448,0245,0,2,"[39.160022172243515, 7.731601678177891]","[np.float64(35.99990467485198), np.float64(6.986120917825636)]",2026-06-13 10:27:30,546.27060513076,1,6.40976410977967,357.4733374864242,27.252600185714353,71.0683163894686,18.188019994719667,1,1,1,1163,13,0.09895833333333333,17.594269994719667,0.9638157894736842,ELECTRE-III,1
449,0181,0,2,"[38.56214156324645, 7.546866405470203]","[np.float64(35.89748198130876), np.float64(4.560494933910888)]",2026-06-13 10:27:40,295.74236058329785,1,4.174575023469874,397.0624298817122,29.775430237738803,69.55894020554416,22.311640351261754,3,3,3,708,10,0.09930555555555555,21.71580701792842,0.618421052631579,ELECTRE-III,1
450,0245,0,2,"[38.56214156324645, 7.546866405470203]","[np.float64(35.99990467485198), np.float64(6.986120917825636)]",2026-06-13 10:27:40,546.27060513076,1,6.40976410977967,289.1934816448129,22.621751246626197,71.0948516743941,22.188019994719667,1,1,1,1163,13,0.09930555555555555,22.08871443916411,0.9638157894736842,ELECTRE-III,1
451,0181,0,2,"[37.9640970297093, 7.364493524441692]","[np.float64(35.89748198130876), np.float64(4.560494933910888)]",2026-06-13 10:27:50,295.74236058329785,1,4.174575023469874,338.9715103560459,26.032343700434467,69.58714888681632,15.311640351261754,3,3,3,708,10,0.09965277777777778,15.112334795706198,0.618421052631579,ELECTRE-III,1
452,0245,0,2,"[37.9640970297093, 7.364493524441692]","[np.float64(35.99990467485198), np.float64(6.986120917825636)]",2026-06-13 10:27:50,546.27060513076,1,6.40976410977967,220.9786359935156,17.662152494148085,71.12135963856292,20.188019994719667,1,1,1,1163,13,0.09965277777777778,20.985242216941888,0.9638157894736842,ELECTRE-III,1
453,0181,0,2,"[37.36589540182125, 7.184395950180442]","[np.float64(35.89748198130876), np.float64(4.560494933910888)]",2026-06-13 10:28:00,295.74236058329785,1,4.174575023469874,285.4287146970371,22.3564133308565,69.61533707752096,22.311640351261754,3,3,3,708,10,0.1,22.111640351261755,0.618421052631579,ELECTRE-III,1
454,0245,0,2,"[37.36589540182125, 7.184395950180442]","[np.float64(35.99990467485198), np.float64(6.986120917825636)]",2026-06-13 10:28:00,546.27060513076,1,6.40976410977967,152.9169262694586,12.426074514780787,71.1478334517859,20.188019994719667,1,1,1,1163,13,0.1,20.188019994719667,0.9638157894736842,ELECTRE-III,1
455,0181,0,2,"[36.76753667958228, 7.006489159095474]","[np.float64(35.89748198130876), np.float64(4.560494933910888)]",2026-06-13 10:28:10,295.74236058329785,1,4.174575023469874,239.50502655041626,19.03996943449461,69.6435047776581,21.311640351261754,3,3,3,708,10,0.10034722222222223,20.308168129039533,0.618421052631579,ELECTRE-III,1
456,0245,0,2,"[36.76753667958228, 7.006489159095474]","[np.float64(35.99990467485198), np.float64(6.986120917825636)]",2026-06-13 10:28:10,546.27060513076,1,6.40976410977967,85.37637665257063,7.013329329259957,71.17427994425218,19.188019994719667,1,1,1,1163,13,0.10034722222222223,19.489061661386334,0.9638157894736842,ELECTRE-III,1
457,0181,0,2,"[36.16903452337074, 6.830694604011332]","[np.float64(35.89748198130876), np.float64(4.560494933910888)]",2026-06-13 10:28:20,295.74236058329785,1,4.174575023469874,206.35411884824507,16.559331392599763,69.67163832684938,18.311640351261754,3,3,3,708,10,0.10069444444444445,17.30469590681731,0.618421052631579,ELECTRE-III,1
458,0245,0,2,"[36.16903452337074, 6.830694604011332]","[np.float64(35.99990467485198), np.float64(6.986120917825636)]",2026-06-13 10:28:20,546.27060513076,1,6.40976410977967,23.425552678635785,1.9332505844470516,71.20069228577262,20.188019994719667,1,1,1,1163,13,0.10069444444444445,20.993575550275224,0.9638157894736842,ELECTRE-III,1
459,0181,0,2,"[35.57039234828122, 6.656934591526207]","[np.float64(35.89748198130876), np.float64(4.560494933910888)]",2026-06-13 10:28:30,295.74236058329785,1,4.174575023469874,192.68672964729652,15.517132394135059,69.69975821566231,22.311640351261754,3,3,3,708,10,0.10104166666666667,22.71580701792842,0.618421052631579,ELECTRE-III,1
460,0245,0,2,"[35.57039234828122, 6.656934591526207]","[np.float64(35.99990467485198), np.float64(6.986120917825636)]",2026-06-13 10:28:30,546.27060513076,1,6.40976410977967,56.23776693137977,4.632797507554475,71.22707047634721,19.188019994719667,1,1,1,1163,13,0.10104166666666667,19.592186661386332,0.9638157894736842,ELECTRE-III,1
461,0181,0,2,"[34.9716135694083, 6.485135697106523]","[np.float64(35.89748198130876), np.float64(4.560494933910888)]",2026-06-13 10:28:40,295.74236058329785,1,4.174575023469874,202.489022525943,16.265709833016643,69.72784395352942,23.311640351261754,3,3,3,708,10,0.10138888888888889,23.108862573483975,0.618421052631579,ELECTRE-III,1
462,0245,0,2,"[34.9716135694083, 6.485135697106523]","[np.float64(35.99990467485198), np.float64(6.986120917825636)]",2026-06-13 10:28:40,546.27060513076,1,6.40976410977967,123.00908545505196,10.051089050355678,71.25342134616513,24.188019994719667,1,1,1,1163,13,0.10138888888888889,25.10051999471967,0.9638157894736842,ELECTRE-III,1
463,0181,0,2,"[34.37270160184656, 6.315227484426463]","[np.float64(35.89748198130876), np.float64(4.560494933910888)]",2026-06-13 10:28:50,295.74236058329785,1,4.174575023469874,232.81685172985084,18.545107738716275,69.75591603101816,23.311640351261754,3,3,3,708,10,0.10173611111111111,23.108168129039534,0.618421052631579,ELECTRE-III,1
464,0245,0,2,"[34.37270160184656, 6.315227484426463]","[np.float64(35.99990467485198), np.float64(6.986120917825636)]",2026-06-13 10:28:50,546.27060513076,1,6.40976410977967,190.9314379219865,15.382501765626623,71.27974489522634,17.188019994719667,1,1,1,1163,13,0.10173611111111111,18.103644994719666,0.9638157894736842,ELECTRE-III,1
465,0181,0,2,"[33.77366669087976, 6.1471416515943265]","[np.float64(35.89748198130876), np.float64(4.560494933910888)]",2026-06-13 10:29:00,295.74236058329785,1,4.174575023469874,277.00956509349066,21.75937511591713,69.78395395756107,23.311640351261754,3,3,3,708,10,0.10208333333333333,23.311640351261754,0.618421052631579,ELECTRE-III,1
466,0245,0,2,"[33.77366669087976, 6.1471416515943265]","[np.float64(35.99990467485198), np.float64(6.986120917825636)]",2026-06-13 10:29:00,546.27060513076,1,6.40976410977967,259.1014158921485,20.472865175791075,71.30602746315256,20.188019994719667,1,1,1,1163,13,0.10208333333333333,19.269269994719668,0.9638157894736842,ELECTRE-III,1
467,0181,0,2,"[33.174512251602486, 5.980812884926176]","[np.float64(35.89748198130876), np.float64(4.560494933910888)]",2026-06-13 10:29:10,295.74236058329785,1,4.174575023469874,329.53642246339905,25.40006697967479,69.81197139353645,21.311640351261754,3,3,3,708,10,0.10243055555555555,22.028654240150644,0.618421052631579,ELECTRE-III,1
468,0245,0,2,"[33.174512251602486, 5.980812884926176]","[np.float64(35.99990467485198), np.float64(6.986120917825636)]",2026-06-13 10:29:10,546.27060513076,1,6.40976410977967,327.3647525986591,25.253586285555816,71.33228271032209,16.188019994719667,1,1,1,1163,13,0.10243055555555555,16.802603328053,0.9638157894736842,ELECTRE-III,1
469,0181,0,2,"[32.57524169910932, 5.8161784320590115]","[np.float64(35.89748198130876), np.float64(4.560494933910888)]",2026-06-13 10:29:20,295.74236058329785,1,4.174575023469874,387.0196559649622,29.14688759079206,69.83996150875517,17.311640351261754,3,3,3,708,10,0.10277777777777777,16.900529240150643,0.618421052631579,ELECTRE-III,1
470,0245,0,2,"[32.57524169910932, 5.8161784320590115]","[np.float64(35.99990467485198), np.float64(6.986120917825636)]",2026-06-13 10:29:20,546.27060513076,1,6.40976410977967,395.6735201987662,29.68896738422373,71.35850380654577,18.188019994719667,1,1,1,1163,13,0.10277777777777777,17.674131105830778,0.9638157894736842,ELECTRE-III,1
471,0149,0,2,"[9.14929794042054, 0.23831293074370827]","[np.float64(6.19828061791453), np.float64(1.76859340685918)]",2026-06-13 10:35:50,54.11851353313545,1,7.629193492553661,368.9259006555895,27.994822113898984,64.81545578924035,23.060720588956478,3,3,3,742,3,0.11631944444444445,21.897526144512035,0.03618421052631579,ELECTRE-III,1
472,0149,0,2,"[8.54791942079478, 0.1078613668671695]","[np.float64(6.19828061791453), np.float64(1.76859340685918)]",2026-06-13 10:36:00,54.11851353313545,1,7.629193492553661,319.05452705765225,24.689790767760563,64.84496903664397,19.060720588956478,3,3,3,742,3,0.11666666666666667,19.060720588956478,0.03618421052631579,ELECTRE-III,1
473,0149,0,2,"[7.9465315096589135, -0.022308880260456014]","[np.float64(6.19828061791453), np.float64(1.76859340685918)]",2026-06-13 10:36:10,54.11851353313545,1,7.629193492553661,277.204474062225,21.773253842392133,64.87445496329092,24.060720588956478,3,3,3,742,3,0.11701388888888889,24.8798178111787,0.03618421052631579,ELECTRE-III,1
474,0149,0,2,"[7.34513591456023, -0.1522185563382562]","[np.float64(6.19828061791453), np.float64(1.76859340685918)]",2026-06-13 10:36:20,54.11851353313545,1,7.629193492553661,247.4775585939679,19.626026261667548,64.90390673899202,23.060720588956478,3,3,3,742,3,0.11736111111111111,23.764887255623144,0.03618421052631579,ELECTRE-III,1
475,0149,0,2,"[6.743734343046022, -0.28188815026621444]","[np.float64(6.19828061791453), np.float64(1.76859340685918)]",2026-06-13 10:36:30,54.11851353313545,1,7.629193492553661,234.5281600911255,18.672004924577802,64.93333119393643,25.060720588956478,3,3,3,742,3,0.11770833333333333,25.76697058895648,0.03618421052631579,ELECTRE-III,1
476,0084,1,2,"[6.14232807577676, -0.41133792416068937]","[np.float64(4.798961880918575), np.float64(-3.705102394681378)]",2026-06-13 10:36:40,327.6497448203417,1,6.565556106410491,393.9882001828548,29.58385216081265,59.99705785811984,11.442618806246042,2,2,2,887,9,0.11805555555555555,11.206507695134931,0.5707236842105263,ELECTRE-III,1
477,0149,0,2,"[6.14232807577676, -0.41133792416068937]","[np.float64(6.19828061791453), np.float64(1.76859340685918)]",2026-06-13 10:36:40,54.11851353313545,1,7.629193492553661,241.0735099933592,19.155599610955914,64.962721497935,19.060720588956478,3,3,3,742,3,0.11805555555555555,20.123220588956478,0.03618421052631579,ELECTRE-III,1
478,0084,1,2,"[5.540918820299736, -0.5405879683827943]","[np.float64(4.798961880918575), np.float64(-3.705102394681378)]",2026-06-13 10:36:50,327.6497448203417,1,6.565556106410491,360.0244696607779,27.418805713334127,60.02872944530119,13.442618806246042,2,2,2,887,9,0.11840277777777777,13.087410472912708,0.5707236842105263,ELECTRE-III,1
479,0149,0,2,"[5.540918820299736, -0.5405879683827943]","[np.float64(6.19828061791453), np.float64(1.76859340685918)]",2026-06-13 10:36:50,54.11851353313545,1,7.629193492553661,265.675055068742,20.947699572326172,64.99209131136605,19.060720588956478,3,3,3,742,3,0.11840277777777777,18.587109477845367,0.03618421052631579,ELECTRE-III,1
480,0084,1,2,"[4.939507857275419, -0.669658159850231]","[np.float64(4.798961880918575), np.float64(-3.705102394681378)]",2026-06-13 10:37:00,327.6497448203417,1,6.565556106410491,336.6708954345952,25.878791788739367,60.06038054191502,8.442618806246042,2,2,2,887,9,0.11875,8.680118806246043,0.5707236842105263,ELECTRE-III,1
481,0149,0,2,"[4.939507857275419, -0.669658159850231]","[np.float64(6.19828061791453), np.float64(1.76859340685918)]",2026-06-13 10:37:00,54.11851353313545,1,7.629193492553661,303.978588089252,23.653875110886695,65.02142697385125,25.060720588956478,3,3,3,742,3,0.11875,26.010720588956477,0.03618421052631579,ELECTRE-III,1
482,0084,1,2,"[4.33809646736428, -0.7985683221198485]","[np.float64(4.798961880918575), np.float64(-3.705102394681378)]",2026-06-13 10:37:10,327.6497448203417,1,6.565556106410491,326.2146722094241,25.175869056896605,60.09201797815052,15.442618806246042,2,2,2,887,9,0.11909722222222222,16.39539658402382,0.5707236842105263,ELECTRE-III,1
482,0084,1,2,"[4.33809646736428, -0.7985683221198485]","[np.float64(4.798961880918575), np.float64(-3.705102394681378)]",2026-06-13 10:37:10,327.6497448203417,1,6.565556106410491,326.2146722094241,25.175869056896605,60.09201797815052,15.442618806246042,2,2,2,887,9,0.11909722222222222,16.39539658402382,0.5707236842105263,ELECTRE-III,1
483,0149,0,2,"[4.33809646736428, -0.7985683221198485]","[np.float64(6.19828061791453), np.float64(1.76859340685918)]",2026-06-13 10:37:10,54.11851353313545,1,7.629193492553661,351.53208318344724,26.86359915011277,65.05072848539061,19.060720588956478,3,3,3,742,3,0.11909722222222222,19.298915033400924,0.03618421052631579,ELECTRE-III,1
484,0084,1,2,"[3.736686785000433, -0.9273379852638046]","[np.float64(4.798961880918575), np.float64(-3.705102394681378)]",2026-06-13 10:37:20,327.6497448203417,1,6.565556106410491,329.8849023003838,25.42353917862579,60.12362809362934,15.442618806246042,2,2,2,887,9,0.11944444444444445,16.398174361801598,0.5707236842105263,ELECTRE-III,1
485,0149,0,2,"[3.736686785000433, -0.9273379852638046]","[np.float64(6.19828061791453), np.float64(1.76859340685918)]",2026-06-13 10:37:20,54.11851353313545,1,7.629193492553661,405.0898168290317,30.272233555706844,65.08000950636246,20.060720588956478,3,3,3,742,3,0.11944444444444445,18.866276144512035,0.03618421052631579,ELECTRE-III,1
486,0084,1,2,"[3.1352800908443474, -1.0559866259934048]","[np.float64(4.798961880918575), np.float64(-3.705102394681378)]",2026-06-13 10:37:30,327.6497448203417,1,6.565556106410491,347.23426699855315,26.580521722151207,60.15522454872982,10.442618806246042,2,2,2,887,9,0.11979166666666667,10.921785472912708,0.5707236842105263,ELECTRE-III,1
487,0084,1,2,"[2.5338776655564934, -1.1845336676591007]","[np.float64(4.798961880918575), np.float64(-3.705102394681378)]",2026-06-13 10:37:40,327.6497448203417,1,6.565556106410491,376.3761332205146,28.472248548378985,60.18679368307362,9.442618806246042,2,2,2,887,9,0.12013888888888889,8.361368806246041,0.5707236842105263,ELECTRE-III,1
488,0113,0,2,"[-22.421426129907715, -56.08362584108016]","[np.float64(-25.42735377732895), np.float64(-57.59639409429197)]",2026-06-13 14:02:10,268.28980436508175,1,7.598968879629297,367.9028867135292,27.92893180751543,34.74220459066049,21.809800826651205,2,2,2,1469,10,0.5461805555555556,25.08688415998454,0.618421052631579,ELECTRE-III,1
489,0113,0,2,"[-23.02120894658863, -56.2270666438396]","[np.float64(-25.42735377732895), np.float64(-57.59639409429197)]",2026-06-13 14:02:20,268.28980436508175,1,7.598968879629297,301.42967933558646,23.477075943252412,34.76132229014736,17.809800826651205,2,2,2,1469,10,0.5465277777777777,15.077161937762316,0.618421052631579,ELECTRE-III,1
490,0113,0,2,"[-23.62091321609409, -56.37141586175865]","[np.float64(-25.42735377732895), np.float64(-57.59639409429197)]",2026-06-13 14:02:30,268.28980436508175,1,7.598968879629297,236.01382831578545,18.78201663402246,34.78041608397213,18.809800826651205,2,2,2,1469,10,0.546875,14.981675826651205,0.618421052631579,ELECTRE-III,1
491,0113,0,2,"[-24.22053552332951, -56.516704230688575]","[np.float64(-25.42735377732895), np.float64(-57.59639409429197)]",2026-06-13 14:02:40,268.28980436508175,1,7.598968879629297,172.85766412212598,13.98632159347786,34.7994859721348,16.809800826651205,2,2,2,1469,10,0.5472222222222223,15.168134159984538,0.618421052631579,ELECTRE-III,1
492,0113,0,2,"[-24.820074160747595, -56.6629727317644]","[np.float64(-25.42735377732895), np.float64(-57.59639409429197)]",2026-06-13 14:02:50,268.28980436508175,1,7.598968879629297,115.71722981215947,9.466383768182832,34.81853195463539,22.809800826651205,2,2,2,1469,10,0.5475694444444444,20.61952304887343,0.618421052631579,ELECTRE-III,1
493,0113,0,2,"[-25.419525713253766, -56.81025551593196]","[np.float64(-25.42735377732895), np.float64(-57.59639409429197)]",2026-06-13 14:03:00,268.28980436508175,1,7.598968879629297,78.95416243403737,6.490452025561469,34.837557446568454,18.809800826651205,2,2,2,1469,10,0.5479166666666667,18.26188415998454,0.618421052631579,ELECTRE-III,1
494,0113,0,2,"[-26.018888473300724, -56.95859014923172]","[np.float64(-25.42735377732895), np.float64(-57.59639409429197)]",2026-06-13 14:03:10,268.28980436508175,1,7.598968879629297,91.6986342746845,7.526924708926425,34.856559032839435,25.809800826651205,2,2,2,1469,10,0.5482638888888889,30.195911937762318,0.618421052631579,ELECTRE-III,1
495,0113,0,2,"[-26.618159025793886, -57.10802102789326]","[np.float64(-25.42735377732895), np.float64(-57.59639409429197)]",2026-06-13 14:03:20,268.28980436508175,1,7.598968879629297,141.11723569846157,11.493763905418806,34.87553671344831,17.809800826651205,2,2,2,1469,10,0.5486111111111112,12.323689715540095,0.618421052631579,ELECTRE-III,1
496,0113,0,2,"[-27.217332248091378, -57.258582302862436]","[np.float64(-25.42735377732895), np.float64(-57.59639409429197)]",2026-06-13 14:03:30,268.28980436508175,1,7.598968879629297,201.86391385226293,16.218138874522595,34.8944904883951,22.809800826651205,2,2,2,1469,10,0.5489583333333333,26.65250915998454,0.618421052631579,ELECTRE-III,1
497,0113,0,2,"[-27.816409847740488, -57.41032178546344]","[np.float64(-25.42735377732895), np.float64(-57.59639409429197)]",2026-06-13 14:03:40,268.28980436508175,1,7.598968879629297,266.29429675511733,20.992275593839544,34.91342377277437,22.809800826651205,2,2,2,1469,10,0.5493055555555556,21.161884159984538,0.618421052631579,ELECTRE-III,1
498,0113,0,2,"[-28.41538499455205, -57.563277041736704]","[np.float64(-25.42735377732895), np.float64(-57.59639409429197)]",2026-06-13 14:03:50,268.28980436508175,1,7.598968879629297,332.2705978531852,25.58398447842,34.932333151491555,16.809800826651205,2,2,2,1469,10,0.5496527777777778,12.412578604428983,0.618421052631579,ELECTRE-III,1
499,0113,0,2,"[-29.014254273431476, -57.71749588300642]","[np.float64(-25.42735377732895), np.float64(-57.59639409429197)]",2026-06-13 14:04:00,268.28980436508175,1,7.598968879629297,399.0253120441519,29.89737004839854,34.95122203964122,23.809800826651205,2,2,2,1469,10,0.55,22.159800826651207,0.618421052631579,ELECTRE-III,1
500,0195,0,2,"[9.269514392454642, -73.82718688958767]","[np.float64(5.887890719177084), np.float64(-74.83241822394581)]",2026-06-13 15:32:10,450.86115985181294,1,7.754280030405476,391.99993538389674,29.459559825129332,62.76120126427815,18.06807868739868,1,1,1,594,5,0.7336805555555556,21.002800909620902,0.26973684210526316,ELECTRE-III,1
501,0241,0,2,"[9.269514392454642, -73.82718688958767]","[np.float64(6.076829685665134), np.float64(-75.0822984203359)]",2026-06-13 15:32:10,148.52956060073708,1,7.830792211299233,380.99584194414246,28.76614167207595,62.70013937309823,20.188019994719667,2,2,2,1391,6,0.7336805555555556,14.318575550275224,0.42598684210526316,ELECTRE-III,1
502,0195,0,2,"[8.668135872828884, -73.95769814424827]","[np.float64(5.887890719177084), np.float64(-74.83241822394581)]",2026-06-13 15:32:20,450.86115985181294,1,7.754280030405476,323.85200403446197,25.015899422733227,62.792087379704945,15.068078687398678,1,1,1,594,5,0.7340277777777777,7.7278009096209015,0.26973684210526316,ELECTRE-III,1
503,0241,0,2,"[8.668135872828884, -73.95769814424827]","[np.float64(6.076829685665134), np.float64(-75.0822984203359)]",2026-06-13 15:32:20,148.52956060073708,1,7.830792211299233,313.6912721420344,24.323192712213892,62.73129186590266,23.188019994719667,2,2,2,1391,6,0.7340277777777777,16.581769994719668,0.42598684210526316,ELECTRE-III,1
504,0195,0,2,"[8.066747961693016, -74.08792253096374]","[np.float64(5.887890719177084), np.float64(-74.83241822394581)]",2026-06-13 15:32:30,450.86115985181294,1,7.754280030405476,255.83194676420388,20.235597929360285,62.82295300456423,15.068078687398678,1,1,1,594,5,0.734375,17.27120368739868,0.26973684210526316,ELECTRE-III,1
505,0241,0,2,"[8.066747961693016, -74.08792253096374]","[np.float64(6.076829685665134), np.float64(-75.0822984203359)]",2026-06-13 15:32:30,148.52956060073708,1,7.830792211299233,246.97999117376156,19.58957372609709,62.76241703795041,23.188019994719667,2,2,2,1391,6,0.734375,25.391144994719667,0.42598684210526316,ELECTRE-III,1
506,0195,0,2,"[7.465352366594332, -74.21788054030156]","[np.float64(5.887890719177084), np.float64(-74.83241822394581)]",2026-06-13 15:32:40,450.86115985181294,1,7.754280030405476,188.07793740452965,15.163267219244368,62.853791308666835,16.06807868739868,1,1,1,594,5,0.7347222222222223,22.68057868739868,0.26973684210526316,ELECTRE-III,1
507,0241,0,2,"[7.465352366594332, -74.21788054030156]","[np.float64(6.076829685665134), np.float64(-75.0822984203359)]",2026-06-13 15:32:40,148.52956060073708,1,7.830792211299233,181.51685750844666,14.657459336920965,62.79352171943064,20.188019994719667,2,2,2,1391,6,0.7347222222222223,22.392186661386333,0.42598684210526316,ELECTRE-III,1
508,0195,0,2,"[6.863950368193301, -74.34759949301845]","[np.float64(5.887890719177084), np.float64(-74.83241822394581)]",2026-06-13 15:32:50,450.86115985181294,1,7.754280030405476,121.03609539346772,9.893086105148814,62.88460912220194,19.06807868739868,1,1,1,594,5,0.7350694444444444,22.7434259096209,0.26973684210526316,ELECTRE-III,1
509,0241,0,2,"[6.863950368193301, -74.34759949301845]","[np.float64(6.076829685665134), np.float64(-75.0822984203359)]",2026-06-13 15:32:50,148.52956060073708,1,7.830792211299233,119.37184548639749,9.759689623564194,62.82459908015421,17.188019994719667,2,2,2,1391,6,0.7350694444444444,14.247742216941889,0.42598684210526316,ELECTRE-III,1
510,0195,0,2,"[6.262543247150393, -74.47709304949272]","[np.float64(5.887890719177084), np.float64(-74.83241822394581)]",2026-06-13 15:33:00,450.86115985181294,1,7.754280030405476,57.26340183357073,4.716910189411875,62.91540644516952,22.06807868739868,1,1,1,594,5,0.7354166666666667,19.126412020732012,0.26973684210526316,ELECTRE-III,1
511,0241,0,2,"[6.262543247150393, -74.47709304949272]","[np.float64(6.076829685665134), np.float64(-75.0822984203359)]",2026-06-13 15:33:00,148.52956060073708,1,7.830792211299233,70.02042356275996,5.761302893287843,62.85565595031025,16.188019994719667,2,2,2,1391,6,0.7354166666666667,22.071353328053,0.42598684210526316,ELECTRE-III,1
512,0195,0,2,"[5.6611327110128995, -74.60638170029189]","[np.float64(5.887890719177084), np.float64(-74.83241822394581)]",2026-06-13 15:33:10,450.86115985181294,1,7.754280030405476,35.51189047720742,2.9292628121261526,62.94616961719126,15.068078687398678,1,1,1,594,5,0.7357638888888889,9.917731465176455,0.26973684210526316,ELECTRE-III,1
513,0241,0,2,"[5.6611327110128995, -74.60638170029189]","[np.float64(6.076829685665134), np.float64(-75.0822984203359)]",2026-06-13 15:33:10,148.52956060073708,1,7.830792211299233,70.05567799976215,5.764184111489203,62.88669232989879,17.188019994719667,2,2,2,1391,6,0.7357638888888889,10.566144994719668,0.42598684210526316,ELECTRE-III,1
514,0045,0,2,"[5.0597204673281135, -74.73548593598348]","[np.float64(1.512076687874904), np.float64(-75.65391733294877)]",2026-06-13 15:33:20,180.52695921970124,1,5.8352165412807215,407.43933178029556,30.41669975789258,59.325008224925604,13.188019994719667,4,4,3,1384,6,0.7361111111111112,16.13246443916411,0.42598684210526316,ELECTRE-III,1
515,0195,0,2,"[5.0597204673281135, -74.73548593598348]","[np.float64(5.887890719177084), np.float64(-74.83241822394581)]",2026-06-13 15:33:20,450.86115985181294,1,7.754280030405476,92.71137557692798,7.609085079634835,62.97691912883466,17.06807868739868,1,1,1,594,5,0.7361111111111112,23.69307868739868,0.26973684210526316,ELECTRE-III,1
516,0241,0,2,"[5.0597204673281135, -74.73548593598348]","[np.float64(6.076829685665134), np.float64(-75.0822984203359)]",2026-06-13 15:33:20,148.52956060073708,1,7.830792211299233,119.43275439372711,9.764573616339549,62.91770138873065,25.188019994719667,2,2,2,1391,6,0.7361111111111112,18.563019994719667,0.42598684210526316,ELECTRE-III,1
517,0045,0,2,"[4.458307369869681, -74.86442624713497]","[np.float64(1.512076687874904), np.float64(-75.65391733294877)]",2026-06-13 15:33:30,180.52695921970124,1,5.8352165412807215,339.131203080257,26.04298733452747,59.35349694395372,15.188019994719667,4,4,3,1384,6,0.7364583333333333,15.924478328053,0.42598684210526316,ELECTRE-III,1
518,0195,0,2,"[4.458307369869681, -74.86442624713497]","[np.float64(5.887890719177084), np.float64(-74.83241822394581)]",2026-06-13 15:33:30,450.86115985181294,1,7.754280030405476,159.0021533650005,12.90430923580643,63.00763448953221,16.06807868739868,1,1,1,594,5,0.7364583333333333,11.649328687398679,0.26973684210526316,ELECTRE-III,1
519,0241,0,2,"[4.458307369869681, -74.86442624713497]","[np.float64(6.076829685665134), np.float64(-75.0822984203359)]",2026-06-13 15:33:30,148.52956060073708,1,7.830792211299233,181.58124736372633,14.662434795284293,62.948689956995,20.188019994719667,2,2,2,1391,6,0.7364583333333333,16.505728328053,0.42598684210526316,ELECTRE-III,1
520,0045,0,2,"[3.8568955530717184, -74.9932231243139]","[np.float64(1.512076687874904), np.float64(-75.65391733294877)]",2026-06-13 15:33:40,180.52695921970124,1,5.8352165412807215,270.86158313386846,21.32022751767241,59.38195834222517,21.188019994719667,4,4,3,1384,6,0.7368055555555556,14.556769994719666,0.42598684210526316,ELECTRE-III,1
521,0195,0,2,"[3.8568955530717184, -74.9932231243139]","[np.float64(5.887890719177084), np.float64(-74.83241822394581)]",2026-06-13 15:33:40,450.86115985181294,1,7.754280030405476,226.53826246140653,18.077925802726327,63.03832935966224,17.06807868739868,1,1,1,594,5,0.7368055555555556,17.804884242954234,0.26973684210526316,ELECTRE-III,1
522,0241,0,2,"[3.8568955530717184, -74.9932231243139]","[np.float64(6.076829685665134), np.float64(-75.0822984203359)]",2026-06-13 15:33:40,148.52956060073708,1,7.830792211299233,247.04288295177957,19.59418218424757,62.979651204502666,18.188019994719667,2,2,2,1391,6,0.7368055555555556,24.81926999471967,0.42598684210526316,ELECTRE-III,1
523,0045,0,2,"[3.2554867244815173, -75.1218902278986]","[np.float64(1.512076687874904), np.float64(-75.65391733294877)]",2026-06-13 15:33:50,180.52695921970124,1,5.8352165412807215,202.66870612661384,16.279379548740604,59.41039241973993,22.188019994719667,4,4,3,1384,6,0.7371527777777778,22.925172772497444,0.42598684210526316,ELECTRE-III,1
524,0144,0,2,"[3.2554867244815173, -75.1218902278986]","[np.float64(0.9817362435928193), np.float64(-77.43743689759033)]",2026-06-13 15:33:50,383.020093660393,1,4.247402825258243,360.7190337728591,27.46397001281247,57.79395302057554,18.442618806246042,3,3,3,1312,11,0.7371527777777778,22.865535472912708,0.7516447368421053,ELECTRE-III,1
525,0195,0,2,"[3.2554867244815173, -75.1218902278986]","[np.float64(5.887890719177084), np.float64(-74.83241822394581)]",2026-06-13 15:33:50,450.86115985181294,1,7.754280030405476,294.46334214698464,22.991452403337224,63.06900373922477,22.06807868739868,1,1,1,594,5,0.7371527777777778,24.27953702073201,0.26973684210526316,ELECTRE-III,1
526,0241,0,2,"[3.2554867244815173, -75.1218902278986]","[np.float64(6.076829685665134), np.float64(-75.0822984203359)]",2026-06-13 15:33:50,148.52956060073708,1,7.830792211299233,313.7501440026631,24.327228417373316,63.01059196144282,22.188019994719667,2,2,2,1391,6,0.7371527777777778,26.610936661386333,0.42598684210526316,ELECTRE-III,1
527,0045,0,2,"[2.654081524429313, -75.25046170883492]","[np.float64(1.512076687874904), np.float64(-75.65391733294877)]",2026-06-13 15:34:00,180.52695921970124,1,5.8352165412807215,134.66688815034604,10.981459305477868,59.438799176498016,14.188019994719667,4,4,3,1384,6,0.7375,20.088019994719666,0.42598684210526316,ELECTRE-III,1
528,0144,0,2,"[2.654081524429313, -75.25046170883492]","[np.float64(0.9817362435928193), np.float64(-77.43743689759033)]",2026-06-13 15:34:00,383.020093660393,1,4.247402825258243,306.02788245806295,23.795674101897415,57.823138418899006,11.442618806246042,3,3,3,1312,11,0.7375,13.655118806246042,0.7516447368421053,ELECTRE-III,1
529,0195,0,2,"[2.654081524429313, -75.25046170883492]","[np.float64(5.887890719177084), np.float64(-74.83241822394581)]",2026-06-13 15:34:00,450.86115985181294,1,7.754280030405476,362.558490381273,27.583402713515248,63.099650798030616,21.06807868739868,1,1,1,594,5,0.7375,18.855578687398676,0.26973684210526316,ELECTRE-III,1
530,0241,0,2,"[2.654081524429313, -75.25046170883492]","[np.float64(6.076829685665134), np.float64(-75.0822984203359)]",2026-06-13 15:34:00,148.52956060073708,1,7.830792211299233,381.04904448106953,28.769516686909178,63.0415053976263,17.188019994719667,2,2,2,1391,6,0.7375,18.66301999471967,0.42598684210526316,ELECTRE-III,1
531,0045,0,2,"[2.052682087349221, -75.37893756712286]","[np.float64(1.512076687874904), np.float64(-75.65391733294877)]",2026-06-13 15:34:10,180.52695921970124,1,5.8352165412807215,67.43542781029849,5.549961760626814,59.46717861249942,21.188019994719667,4,4,3,1384,6,0.7378472222222222,18.236631105830778,0.42598684210526316,ELECTRE-III,1
532,0144,0,2,"[2.052682087349221, -75.37893756712286]","[np.float64(0.9817362435928193), np.float64(-77.43743689759033)]",2026-06-13 15:34:10,383.020093660393,1,4.247402825258243,257.94503407853097,20.389029237622477,57.85229649646579,19.442618806246042,3,3,3,1312,11,0.7378472222222222,19.442618806246042,0.7516447368421053,ELECTRE-III,1
533,0045,0,2,"[1.451289587180005, -75.50735195370827]","[np.float64(1.512076687874904), np.float64(-75.65391733294877)]",2026-06-13 15:34:20,180.52695921970124,1,5.8352165412807215,17.63839965094666,1.4558909814394452,59.49553072774414,16.188019994719667,4,4,3,1384,6,0.7381944444444445,17.664408883608555,0.42598684210526316,ELECTRE-III,1
534,0144,0,2,"[1.451289587180005, -75.50735195370827]","[np.float64(0.9817362435928193), np.float64(-77.43743689759033)]",2026-06-13 15:34:20,383.020093660393,1,4.247402825258243,220.82817624588813,17.650873488367292,57.88143408346507,12.442618806246042,3,3,3,1312,11,0.7381944444444445,8.013452139579375,0.7516447368421053,ELECTRE-III,1
535,0045,0,2,"[0.8499055180255453, -75.63571852896949]","[np.float64(1.512076687874904), np.float64(-75.65391733294877)]",2026-06-13 15:34:30,180.52695921970124,1,5.8352165412807215,73.6579693846292,6.058429714273317,59.523862352421354,18.188019994719667,4,4,3,1384,6,0.7385416666666667,23.357811661386336,0.42598684210526316,ELECTRE-III,1
536,0144,0,2,"[0.8499055180255453, -75.63571852896949]","[np.float64(0.9817362435928193), np.float64(-77.43743689759033)]",2026-06-13 15:34:30,383.020093660393,1,4.247402825258243,200.8522315182267,16.14110085780277,57.91054434970766,15.442618806246042,3,3,3,1312,11,0.7385416666666667,14.704077139579375,0.7516447368421053,ELECTRE-III,1
537,0045,0,2,"[0.24853132062887046, -75.76405095328487]","[np.float64(1.512076687874904), np.float64(-75.65391733294877)]",2026-06-13 15:34:40,180.52695921970124,1,5.8352165412807215,141.03258505688436,11.487052578417204,59.55215982615272,16.188019994719667,4,4,3,1384,6,0.7388888888888889,14.71024221694189,0.42598684210526316,ELECTRE-III,1
538,0144,0,2,"[0.24853132062887046, -75.76405095328487]","[np.float64(0.9817362435928193), np.float64(-77.43743689759033)]",2026-06-13 15:34:40,383.020093660393,1,4.247402825258243,203.1388099050777,16.31513442876332,57.939634125382746,16.442618806246042,3,3,3,1312,11,0.7388888888888889,9.792618806246042,0.7516447368421053,ELECTRE-III,1
539,0045,0,2,"[-0.3528315109061386, -75.89237654741106]","[np.float64(1.512076687874904), np.float64(-75.65391733294877)]",2026-06-13 15:34:50,180.52695921970124,1,5.8352165412807215,209.0566507626131,16.764106596748025,59.580429979127395,13.188019994719667,4,4,3,1384,6,0.7392361111111111,8.752603328053,0.42598684210526316,ELECTRE-III,1
540,0144,0,2,"[-0.3528315109061386, -75.89237654741106]","[np.float64(0.9817362435928193), np.float64(-77.43743689759033)]",2026-06-13 15:34:50,383.020093660393,1,4.247402825258243,227.01512503715242,18.113496817063787,57.96869658030115,19.442618806246042,3,3,3,1312,11,0.7392361111111111,15.746438250690487,0.7516447368421053,ELECTRE-III,1
541,0045,0,2,"[-0.9541815891973068, -76.0207158019156]","[np.float64(1.512076687874904), np.float64(-75.65391733294877)]",2026-06-13 15:35:00,180.52695921970124,1,5.8352165412807215,277.25166960531766,21.776614053768796,59.60867964153457,22.188019994719667,4,4,3,1384,6,0.7395833333333334,22.927603328053,0.42598684210526316,ELECTRE-III,1
542,0144,0,2,"[-0.9541815891973068, -76.0207158019156]","[np.float64(0.9817362435928193), np.float64(-77.43743689759033)]",2026-06-13 15:35:00,383.020093660393,1,4.247402825258243,266.7450575191039,21.024706815107393,57.997738544652044,17.442618806246042,3,3,3,1312,11,0.7395833333333334,16.70303547291271,0.7516447368421053,ELECTRE-III,1
543,0045,0,2,"[-1.5555174201407531, -76.14908237717682]","[np.float64(1.512076687874904), np.float64(-75.65391733294877)]",2026-06-13 15:35:10,180.52695921970124,1,5.8352165412807215,345.51559144699087,26.466926577069124,59.63689515299589,18.188019994719667,4,4,3,1384,6,0.7399305555555555,14.488367216941889,0.42598684210526316,ELECTRE-III,1
544,0144,0,2,"[-1.5555174201407531, -76.14908237717682]","[np.float64(0.9817362435928193), np.float64(-77.43743689759033)]",2026-06-13 15:35:10,383.020093660393,1,4.247402825258243,316.41206590683083,24.50943616872404,58.02674635805709,18.442618806246042,3,3,3,1312,11,0.7399305555555555,11.783243806246041,0.7516447368421053,ELECTRE-III,1
545,0144,0,2,"[-2.1568375629934495, -76.27748993357307]","[np.float64(0.9817362435928193), np.float64(-77.43743689759033)]",2026-06-13 15:35:20,383.020093660393,1,4.247402825258243,372.05756167107444,28.1960259308408,58.05574051108379,19.442618806246042,3,3,3,1312,11,0.7402777777777778,16.48150769513493,0.7516447368421053,ELECTRE-III,1
546,0170,0,2,"[46.874246141625605, -88.40779661648898]","[np.float64(43.72445183481355), np.float64(-87.3078308908022)]",2026-06-13 17:00:30,642.3419040928243,1,6.451096504761524,360.64292804811487,27.459023012444998,67.18452739342679,19.43893975702494,4,4,3,634,4,0.9177083333333333,21.274356423691607,0.15953947368421054,ELECTRE-III,1
547,0170,0,2,"[46.27924104226911, -88.63307674588351]","[np.float64(43.72445183481355), np.float64(-87.3078308908022)]",2026-06-13 17:00:40,642.3419040928243,1,6.451096504761524,302.5738153333447,23.556495157613526,67.19959479073583,10.43893975702494,4,4,3,634,4,0.9180555555555555,13.193106423691606,0.15953947368421054,ELECTRE-III,1
548,0170,0,2,"[45.68395590515665, -88.85441585612695]","[np.float64(43.72445183481355), np.float64(-87.3078308908022)]",2026-06-13 17:00:50,642.3419040928243,1,6.451096504761524,249.81719384798075,19.79720951019757,67.21462803709903,11.43893975702494,4,4,3,634,4,0.9184027777777778,11.43893975702494,0.15953947368421054,ELECTRE-III,1
549,0170,0,2,"[45.08839756047739, -89.07196421138103]","[np.float64(43.72445183481355), np.float64(-87.3078308908022)]",2026-06-13 17:01:00,642.3419040928243,1,6.451096504761524,206.48534929600828,16.569285041723106,67.22961347213804,10.43893975702494,4,4,3,634,4,0.91875,17.78893975702494,0.15953947368421054,ELECTRE-III,1
550,0170,0,2,"[44.492583083704254, -89.28587890599665]","[np.float64(43.72445183481355), np.float64(-87.3078308908022)]",2026-06-13 17:01:10,642.3419040928243,1,6.451096504761524,179.53853140127234,14.504482548823171,67.24455792604202,14.43893975702494,4,4,3,634,4,0.9190972222222222,8.005259201469384,0.15953947368421054,ELECTRE-III,1
551,0170,0,2,"[43.89651930502641, -89.49631020413558]","[np.float64(43.72445183481355), np.float64(-87.3078308908022)]",2026-06-13 17:01:20,642.3419040928243,1,6.451096504761524,176.64207711017082,14.280128998682397,67.259461398811,12.43893975702494,4,4,3,634,4,0.9194444444444444,12.43893975702494,0.15953947368421054,ELECTRE-III,1
552,0170,0,2,"[43.30021305463303, -89.70339470958119]","[np.float64(43.72445183481355), np.float64(-87.3078308908022)]",2026-06-13 17:01:30,642.3419040928243,1,6.451096504761524,198.85024452213833,15.988476049323046,67.27432389044495,17.43893975702494,4,4,3,634,4,0.9197916666666667,17.43893975702494,0.15953947368421054,ELECTRE-III,1
553,0170,0,2,"[42.70368140799704, -89.90726902611691]","[np.float64(43.72445183481355), np.float64(-87.3078308908022)]",2026-06-13 17:01:40,642.3419040928243,1,6.451096504761524,239.27262799334682,19.02282304503578,67.28914540094387,13.43893975702494,4,4,3,634,4,0.9201388888888888,18.959773090358272,0.15953947368421054,ELECTRE-III,1
554,0170,0,2,"[42.10693119530761, -90.10804243676942]","[np.float64(43.72445183481355), np.float64(-87.3078308908022)]",2026-06-13 17:01:50,642.3419040928243,1,6.451096504761524,290.3995136027584,22.7065359786057,67.30392593030777,16.43893975702494,4,4,3,634,4,0.9204861111111111,13.677481423691606,0.15953947368421054,ELECTRE-III,1
555,0170,0,2,"[41.50996924675391, -90.30585837551133]","[np.float64(43.72445183481355), np.float64(-87.3078308908022)]",2026-06-13 17:02:00,642.3419040928243,1,6.451096504761524,347.53984061869255,26.600694939723788,67.3186586483475,12.43893975702494,4,4,3,634,4,0.9208333333333333,4.15143975702494,0.15953947368421054,ELECTRE-III,1
556,0170,0,2,"[40.9128058076197, -90.50081246499101]","[np.float64(43.72445183481355), np.float64(-87.3078308908022)]",2026-06-13 17:02:10,642.3419040928243,1,6.451096504761524,408.1751315063156,30.4618546801173,67.33335721544137,16.43893975702494,4,4,3,634,4,0.9211805555555556,20.123661979247164,0.15953947368421054,ELECTRE-III,1
557,0034,0,2,"[38.52229082453401, -91.25418233044341]","[np.float64(35.40048901728815), np.float64(-89.94105847160465)]",2026-06-13 17:02:50,112.08018624564565,1,2.1193221077265907,366.19831140792036,27.81896482253736,72.6468755594961,14.442618806246042,4,4,3,993,12,0.9225694444444444,8.907202139579375,0.837171052631579,ELECTRE-III,1
558,0034,0,2,"[37.924232630618526, -91.4364049473102]","[np.float64(35.40048901728815), np.float64(-89.94105847160465)]",2026-06-13 17:03:00,112.08018624564565,1,2.1193221077265907,310.6998297833748,24.117789397535567,72.67262537266704,14.442618806246042,4,4,3,993,12,0.9229166666666667,5.213452139579374,0.837171052631579,ELECTRE-III,1
559,0034,0,2,"[37.326017342352124, -91.61635311118334]","[np.float64(35.40048901728815), np.float64(-89.94105847160465)]",2026-06-13 17:03:10,112.08018624564565,1,2.1193221077265907,261.4186248395515,20.64058375322497,72.69833420470297,16.442618806246042,4,4,3,993,12,0.9232638888888889,9.979771584023819,0.837171052631579,ELECTRE-III,1
560,0034,0,2,"[36.72764837482941, -91.7941156145221]","[np.float64(35.40048901728815), np.float64(-89.94105847160465)]",2026-06-13 17:03:20,112.08018624564565,1,2.1193221077265907,222.52456081990866,17.777958601316953,72.72400888579305,10.442618806246042,4,4,3,993,12,0.9236111111111112,17.83150769513493,0.837171052631579,ELECTRE-III,1
561,0080,0,2,"[36.72764837482941, -91.7941156145221]","[np.float64(36.06777302094315), np.float64(-95.94175108393925)]",2026-06-13 17:03:20,657.9739705122594,1,5.347068950234675,378.37399310596356,28.599548769151912,68.3810672529863,13.311640351261754,1,1,1,1471,7,0.9236111111111112,21.624140351261754,0.48355263157894735,ELECTRE-III,1
562,0034,0,2,"[36.129132558239526, -91.96977441959649]","[np.float64(35.40048901728815), np.float64(-89.94105847160465)]",2026-06-13 17:03:30,112.08018624564565,1,2.1193221077265907,200.1675226645266,16.088927296395937,72.74964941593728,7.442618806246042,4,4,3,993,12,0.9239583333333333,9.290535472912708,0.837171052631579,ELECTRE-III,1
563,0080,0,2,"[36.129132558239526, -91.96977441959649]","[np.float64(36.06777302094315), np.float64(-95.94175108393925)]",2026-06-13 17:03:30,657.9739705122594,1,5.347068950234675,356.9076595344321,27.215678931185046,68.40996578336463,12.311640351261754,1,1,1,1471,7,0.9239583333333333,10.463723684595088,0.48355263157894735,ELECTRE-III,1
564,0034,0,2,"[35.53047672277167, -92.1433978282982]","[np.float64(35.40048901728815), np.float64(-89.94105847160465)]",2026-06-13 17:03:40,112.08018624564565,1,2.1193221077265907,199.97263058142786,16.074071860422453,72.77524896494648,16.442618806246042,4,4,3,993,12,0.9243055555555556,8.123868806246042,0.837171052631579,ELECTRE-III,1
565,0080,0,2,"[35.53047672277167, -92.1433978282982]","[np.float64(36.06777302094315), np.float64(-95.94175108393925)]",2026-06-13 17:03:40,657.9739705122594,1,5.347068950234675,347.7097770845065,26.61191064956243,68.43883699298627,15.311640351261754,1,1,1,1471,7,0.9243055555555556,13.463029240150643,0.48355263157894735,ELECTRE-III,1
566,0034,0,2,"[34.93168769861499, -92.31507463308648]","[np.float64(35.40048901728815), np.float64(-89.94105847160465)]",2026-06-13 17:03:50,112.08018624564565,1,2.1193221077265907,221.99942876565848,17.738637440224924,72.80081436300985,15.442618806246042,4,4,3,993,12,0.9246527777777778,12.668660472912709,0.837171052631579,ELECTRE-III,1
567,0080,0,2,"[34.93168769861499, -92.31507463308648]","[np.float64(36.06777302094315), np.float64(-95.94175108393925)]",2026-06-13 17:03:50,657.9739705122594,1,5.347068950234675,351.74398322348094,26.877519591620967,68.46769454222957,11.311640351261754,1,1,1,1471,7,0.9246527777777778,2.065112573483976,0.48355263157894735,ELECTRE-III,1
568,0034,0,2,"[34.33276548576949, -92.48485947547465]","[np.float64(35.40048901728815), np.float64(-89.94105847160465)]",2026-06-13 17:04:00,112.08018624564565,1,2.1193221077265907,260.67332788300473,20.586679665067006,72.82633877993818,15.442618806246042,4,4,3,993,12,0.925,15.442618806246042,0.837171052631579,ELECTRE-III,1
569,0080,0,2,"[34.33276548576949, -92.48485947547465]","[np.float64(36.06777302094315), np.float64(-95.94175108393925)]",2026-06-13 17:04:00,657.9739705122594,1,5.347068950234675,368.57879994733094,27.972475060751965,68.49652477071619,18.311640351261754,1,1,1,1471,7,0.925,17.386640351261754,0.48355263157894735,ELECTRE-III,1
570,0034,0,2,"[33.73372032951894, -92.6528274875436]","[np.float64(35.40048901728815), np.float64(-89.94105847160465)]",2026-06-13 17:04:10,112.08018624564565,1,2.1193221077265907,309.82212300016596,24.057397253920147,72.8518222157315,15.442618806246042,4,4,3,993,12,0.9253472222222222,11.741229917357153,0.837171052631579,ELECTRE-III,1
571,0080,0,2,"[33.73372032951894, -92.6528274875436]","[np.float64(36.06777302094315), np.float64(-95.94175108393925)]",2026-06-13 17:04:10,657.9739705122594,1,5.347068950234675,396.5877938194151,29.745899804050694,68.52533450863531,13.311640351261754,1,1,1,1471,7,0.9253472222222222,5.908862573483977,0.48355263157894735,ELECTRE-III,1
572,0034,0,2,"[33.13455564495791, -92.81904014099587]","[np.float64(35.40048901728815), np.float64(-89.94105847160465)]",2026-06-13 17:04:20,112.08018624564565,1,2.1193221077265907,365.24105203413114,27.757111435417883,72.87727150057897,8.442618806246042,4,4,3,993,12,0.9256944444444445,2.8884521395793747,0.837171052631579,ELECTRE-III,1
573,0048,0,2,"[31.336385402546995, -93.30777432705614]","[np.float64(30.6291229233971), np.float64(-97.41965608906601)]",2026-06-13 17:04:50,896.0163636893441,2,6.464256090800006,399.7701941148165,29.943566315608525,69.71854806606902,11.93710023241439,4,4,3,1383,11,0.9267361111111111,7.3034196768588355,0.7516447368421053,ELECTRE-III,1
574,0048,0,2,"[30.736783585879085, -93.46758026306692]","[np.float64(30.6291229233971), np.float64(-97.41965608906601)]",2026-06-13 17:05:00,896.0163636893441,2,6.464256090800006,378.0999563331328,28.582105816943567,69.75295855910755,10.93710023241439,4,4,3,1383,11,0.9270833333333334,11.864183565747725,0.7516447368421053,ELECTRE-III,1
575,0048,0,2,"[30.137086146562797, -93.62592453859533]","[np.float64(30.6291229233971), np.float64(-97.41965608906601)]",2026-06-13 17:05:10,896.0163636893441,2,6.464256090800006,367.98020533295403,27.93391455727609,69.78735539176773,11.93710023241439,4,4,3,1383,11,0.9274305555555555,6.372516899081058,0.7516447368421053,ELECTRE-III,1
576,0048,0,2,"[29.537293084598126, -93.78285496496554]","[np.float64(30.6291229233971), np.float64(-97.41965608906601)]",2026-06-13 17:05:20,896.0163636893441,2,6.464256090800006,370.3605724125194,28.08709093525784,69.82175222442791,9.93710023241439,4,4,3,1383,11,0.9277777777777778,15.503766899081057,0.7516447368421053,ELECTRE-III,1
577,0048,0,2,"[28.937407815079663, -93.93842618369092]","[np.float64(30.6291229233971), np.float64(-97.41965608906601)]",2026-06-13 17:05:30,896.0163636893441,2,6.464256090800006,385.01010046994577,29.020181299346305,69.85613539670976,18.93710023241439,4,4,3,1383,11,0.928125,24.50585023241439,0.7516447368421053,ELECTRE-III,1
