index,ID,stereo,satellite,satellite location,request location,time,area,strips,duration,distance,angle,sun elevation,cloud cover estimate,priority,priority mod,customer type mod,price,waiting time,uncertainty,cloud cover real,score_scenario,score_method,score_alpha
0,0064,0,0,"[57.46718311030379, 3.6317802019909142]","[np.float64(55.14931047733401), np.float64(-1.225701160577773)]",2026-06-13 10:33:50,821.6296518567882,2,2.7287735725883193,395.0561138900931,29.650484556748697,53.88696528701777,16.940779281635493,1,1,1,1314,4,0.037384259259259256,17.277237614968826,0.20241286863270777,ELECTRE-III,1
1,0064,0,0,"[56.88007712472242, 3.296180351226219]","[np.float64(55.14931047733401), np.float64(-1.225701160577773)]",2026-06-13 10:34:00,821.6296518567882,2,2.7287735725883193,340.5286145390034,26.136043358333545,53.90132575974773,16.940779281635493,1,1,1,1314,4,0.0375,16.640779281635492,0.20241286863270777,ELECTRE-III,1
2,0064,0,0,"[56.29230861079156, 2.969677885549157]","[np.float64(55.14931047733401), np.float64(-1.225701160577773)]",2026-06-13 10:34:10,821.6296518567882,2,2.7287735725883193,291.8076942361302,22.805399158229456,53.91566574191017,14.940779281635491,1,1,1,1314,4,0.03761574074074074,14.752700577931787,0.20241286863270777,ELECTRE-III,1
3,0064,0,0,"[55.703911719457054, 2.6518092058698146]","[np.float64(55.14931047733401), np.float64(-1.225701160577773)]",2026-06-13 10:34:20,821.6296518567882,2,2.7287735725883193,252.28147088178514,19.977115045071088,53.92998864859968,15.940779281635491,1,1,1,1314,4,0.037731481481481484,15.865316318672528,0.20241286863270777,ELECTRE-III,1
4,0064,0,0,"[55.11491377147559, 2.3421405951758953]","[np.float64(55.14931047733401), np.float64(-1.225701160577773)]",2026-06-13 10:34:30,821.6296518567882,2,2.7287735725883193,226.81056826763478,18.098239908248352,53.94429106472169,12.940779281635491,1,1,1,1314,4,0.03784722222222222,12.56230705941327,0.20241286863270777,ELECTRE-III,1
5,0064,0,0,"[54.52534891779302, 2.0402656572117843]","[np.float64(55.14931047733401), np.float64(-1.225701160577773)]",2026-06-13 10:34:40,821.6296518567882,2,2.7287735725883193,220.32660156505813,17.61326343539334,53.958569575181606,10.940779281635491,1,1,1,1314,4,0.03796296296296296,10.902816318672528,0.20241286863270777,ELECTRE-III,1
6,0064,0,0,"[53.93524789426059, 1.7458030753227234]","[np.float64(55.14931047733401), np.float64(-1.225701160577773)]",2026-06-13 10:34:50,821.6296518567882,2,2.7287735725883193,234.41179053915687,18.663381873726994,53.97283101016859,15.940779281635491,1,1,1,1314,4,0.038078703703703705,16.093094096450304,0.20241286863270777,ELECTRE-III,1
7,0064,0,0,"[53.344631191445835, 1.4583957586811684]","[np.float64(55.14931047733401), np.float64(-1.225701160577773)]",2026-06-13 10:35:00,821.6296518567882,2,2.7287735725883193,265.8178693439424,20.95798239507553,53.98707195458807,13.940779281635491,1,1,1,1314,4,0.03819444444444445,13.864390392746602,0.20241286863270777,ELECTRE-III,1
8,0064,0,0,"[52.75352954520001, 1.1777079608007308]","[np.float64(55.14931047733401), np.float64(-1.225701160577773)]",2026-06-13 10:35:10,821.6296518567882,2,2.7287735725883193,309.3138701431604,24.022400018106808,54.00129582353462,11.940779281635491,1,1,1,1314,4,0.03831018518518518,12.170640392746602,0.20241286863270777,ELECTRE-III,1
9,0064,0,0,"[52.16196344609062, 0.9034238921540033]","[np.float64(55.14931047733401), np.float64(-1.225701160577773)]",2026-06-13 10:35:20,821.6296518567882,2,2.7287735725883193,360.55164189287433,27.45308867288395,54.01549578681907,8.940779281635491,1,1,1,1314,4,0.038425925925925926,9.286612614968824,0.20241286863270777,ELECTRE-III,1
10,0201,0,0,"[40.8572524640054, -3.4030924485307823]","[np.float64(37.76131249306622), np.float64(-5.011013629053059)]",2026-06-13 10:38:30,962.7190168905337,2,2.4770214992368285,370.9898064268096,28.127509260831058,63.869160400491765,16.06807868739868,3,3,3,831,5,0.040625,15.702453687398679,0.2587131367292225,ELECTRE-III,1
11,0201,0,0,"[40.25975776069644, -3.5943678408121698]","[np.float64(37.76131249306622), np.float64(-5.011013629053059)]",2026-06-13 10:38:40,962.7190168905337,2,2.4770214992368285,303.5716076102036,23.62567778865137,63.89861900638203,12.068078687398678,3,3,3,831,5,0.040740740740740744,12.312523131843122,0.2587131367292225,ELECTRE-III,1
12,0243,0,0,"[40.25975776069644, -3.5943678408121698]","[np.float64(36.78983297350138), np.float64(-4.481296075919123)]",2026-06-13 10:38:40,247.7379327933208,1,2.3760576094088206,393.4705917522022,29.551524321995867,64.7032904226904,13.188019994719667,1,1,1,1153,13,0.040740740740740744,13.43246443916411,0.9638069705093834,ELECTRE-III,1
13,0201,0,0,"[39.662075227185305, -3.783021934556153]","[np.float64(37.76131249306622), np.float64(-5.011013629053059)]",2026-06-13 10:38:50,962.7190168905337,2,2.4770214992368285,236.68615215138271,18.831754172942965,63.928070782083125,17.06807868739868,3,3,3,831,5,0.04085648148148148,17.313217576287567,0.2587131367292225,ELECTRE-III,1
14,0243,0,0,"[39.662075227185305, -3.783021934556153]","[np.float64(36.78983297350138), np.float64(-4.481296075919123)]",2026-06-13 10:38:50,247.7379327933208,1,2.3760576094088206,325.14816403714127,25.103710583079984,64.73340472674099,9.188019994719667,1,1,1,1153,13,0.04085648148148148,8.820311661386334,0.9638069705093834,ELECTRE-III,1
15,0201,0,0,"[39.06421852385033, -3.969153554062286]","[np.float64(37.76131249306622), np.float64(-5.011013629053059)]",2026-06-13 10:39:00,962.7190168905337,2,2.4770214992368285,170.962546833039,13.838908374579173,63.95750206721671,11.068078687398678,3,3,3,831,5,0.04097222222222222,10.822245354065345,0.2587131367292225,ELECTRE-III,1
16,0243,0,0,"[39.06421852385033, -3.969153554062286]","[np.float64(36.78983297350138), np.float64(-4.481296075919123)]",2026-06-13 10:39:00,247.7379327933208,1,2.3760576094088206,256.85738479242946,20.310092991039422,64.76350537041323,9.188019994719667,1,1,1,1153,13,0.04097222222222222,8.778297772497446,0.9638069705093834,ELECTRE-III,1
17,0201,0,0,"[38.466194480880695, -4.152857041318479]","[np.float64(37.76131249306622), np.float64(-5.011013629053059)]",2026-06-13 10:39:10,962.7190168905337,2,2.4770214992368285,108.53435415873366,8.888464577342356,63.986919691971956,12.068078687398678,3,3,3,831,5,0.041087962962962965,11.698287020732012,0.2587131367292225,ELECTRE-III,1
18,0243,0,0,"[38.466194480880695, -4.152857041318479]","[np.float64(36.78983297350138), np.float64(-4.481296075919123)]",2026-06-13 10:39:10,247.7379327933208,1,2.3760576094088206,188.63344706221943,15.205982918190312,64.79358552351798,13.188019994719667,1,1,1,1153,13,0.041087962962962965,13.229107957682631,0.9638069705093834,ELECTRE-III,1
19,0201,0,0,"[37.8680030982764, -4.33422204255759]","[np.float64(37.76131249306622), np.float64(-5.011013629053059)]",2026-06-13 10:39:20,962.7190168905337,2,2.4770214992368285,60.62397702875783,4.992367532224644,64.01632365634886,19.06807868739868,3,3,3,831,5,0.0412037037037037,18.86206016888016,0.2587131367292225,ELECTRE-III,1
20,0243,0,0,"[37.8680030982764, -4.33422204255759]","[np.float64(36.78983297350138), np.float64(-4.481296075919123)]",2026-06-13 10:39:20,247.7379327933208,1,2.3760576094088206,120.5903714990871,9.857370058456944,64.82365884643353,15.188019994719667,1,1,1,1153,13,0.0412037037037037,14.899594068793741,0.9638069705093834,ELECTRE-III,1
21,0201,0,0,"[37.26966145151035, -4.513335642691535]","[np.float64(37.76131249306622), np.float64(-5.011013629053059)]",2026-06-13 10:39:30,962.7190168905337,2,2.4770214992368285,70.11000736509797,5.768624197625896,64.04571396034743,16.06807868739868,3,3,3,831,5,0.04131944444444444,16.06807868739868,0.2587131367292225,ELECTRE-III,1
22,0243,0,0,"[37.26966145151035, -4.513335642691535]","[np.float64(36.78983297350138), np.float64(-4.481296075919123)]",2026-06-13 10:39:30,247.7379327933208,1,2.3760576094088206,53.43031819849986,4.402456308644528,64.85371850897076,16.188019994719667,1,1,1,1153,13,0.04131944444444444,16.435936661386332,0.9638069705093834,ELECTRE-III,1
23,0201,0,0,"[36.671166125487986, -4.690280230877178]","[np.float64(37.76131249306622), np.float64(-5.011013629053059)]",2026-06-13 10:39:40,962.7190168905337,2,2.4770214992368285,124.5013777503436,10.17049390279718,64.07508377377847,15.068078687398678,3,3,3,831,5,0.041435185185185186,14.819467576287567,0.2587131367292225,ELECTRE-III,1
24,0243,0,0,"[36.671166125487986, -4.690280230877178]","[np.float64(36.78983297350138), np.float64(-4.481296075919123)]",2026-06-13 10:39:40,247.7379327933208,1,2.3760576094088206,22.82489187872206,1.8837157767272779,64.88375768094048,12.188019994719667,1,1,1,1153,13,0.041435185185185186,11.815103328053,0.9638069705093834,ELECTRE-III,1
25,0201,0,0,"[36.07252395039846, -4.865134781176796]","[np.float64(37.76131249306622), np.float64(-5.011013629053059)]",2026-06-13 10:39:50,962.7190168905337,2,2.4770214992368285,188.23219005620564,15.175130150170311,64.10444675702037,15.068078687398678,3,3,3,831,5,0.04155092592592593,15.068078687398678,0.2587131367292225,ELECTRE-III,1
26,0243,0,0,"[36.07252395039846, -4.865134781176796]","[np.float64(36.78983297350138), np.float64(-4.481296075919123)]",2026-06-13 10:39:50,247.7379327933208,1,2.3760576094088206,86.8391569374125,7.1322636791534775,64.91378319253185,9.188019994719667,1,1,1,1153,13,0.04155092592592593,9.104918142867815,0.9638069705093834,ELECTRE-III,1
27,0201,0,0,"[35.473748586620125, -5.037975279444908]","[np.float64(37.76131249306622), np.float64(-5.011013629053059)]",2026-06-13 10:40:00,962.7190168905337,2,2.4770214992368285,254.37723764445,20.12979499435215,64.13378924969474,15.068078687398678,3,3,3,831,5,0.041666666666666664,15.276412020732012,0.2587131367292225,ELECTRE-III,1
28,0243,0,0,"[35.473748586620125, -5.037975279444908]","[np.float64(36.78983297350138), np.float64(-4.481296075919123)]",2026-06-13 10:40:00,247.7379327933208,1,2.3760576094088206,154.64525215374138,12.562084715331892,64.94380187393406,11.188019994719667,1,1,1,1153,13,0.041666666666666664,11.563019994719667,0.9638069705093834,ELECTRE-III,1
29,0201,0,0,"[34.874836619058385, -5.20887515021509]","[np.float64(37.76131249306622), np.float64(-5.011013629053059)]",2026-06-13 10:40:10,962.7190168905337,2,2.4770214992368285,321.4508378661415,24.852895003954966,64.16311808199077,13.068078687398678,3,3,3,831,5,0.04178240740740741,13.402337946657937,0.2587131367292225,ELECTRE-III,1
30,0243,0,0,"[34.874836619058385, -5.20887515021509]","[np.float64(36.78983297350138), np.float64(-4.481296075919123)]",2026-06-13 10:40:10,247.7379327933208,1,2.3760576094088206,222.80887503438996,17.79924043981621,64.97380006476875,18.188019994719667,1,1,1,1153,13,0.04178240740740741,17.85376073546041,0.9638069705093834,ELECTRE-III,1
31,0201,0,0,"[34.275798292997, -5.377903976039511]","[np.float64(37.76131249306622), np.float64(-5.011013629053059)]",2026-06-13 10:40:20,962.7190168905337,2,2.4770214992368285,388.9730520978665,29.269754124903155,64.19243325390846,12.068078687398678,3,3,3,831,5,0.04189814814814815,12.445162020732011,0.2587131367292225,ELECTRE-III,1
32,0243,0,0,"[34.275798292997, -5.377903976039511]","[np.float64(36.78983297350138), np.float64(-4.481296075919123)]",2026-06-13 10:40:20,247.7379327933208,1,2.3760576094088206,291.07914627567243,22.754268353998697,65.00378459522511,15.188019994719667,1,1,1,1153,13,0.04189814814814815,15.565103328053,0.9638069705093834,ELECTRE-III,1
33,0243,0,0,"[33.67663360843598, -5.545128778149403]","[np.float64(36.78983297350138), np.float64(-4.481296075919123)]",2026-06-13 10:40:30,247.7379327933208,1,2.3760576094088206,359.39607704778274,27.377912388017737,65.03375546530313,17.188019994719667,1,1,1,1153,13,0.04201388888888889,16.767881105830778,0.9638069705093834,ELECTRE-III,1
34,0111,0,0,"[-4.988246806532161, -39.12197460347196]","[np.float64(-4.793908467388751), np.float64(-42.76470313767426)]",2026-06-13 12:30:00,921.7825213289591,2,7.835665009404557,404.1559671647215,30.2146948709181,45.61991605149861,18.442618806246042,4,4,3,872,12,0.11805555555555555,17.97039658402382,0.8605898123324397,ELECTRE-III,1
35,0111,0,0,"[-5.589539948793295, -39.250631461772905]","[np.float64(-4.793908467388751), np.float64(-42.76470313767426)]",2026-06-13 12:30:10,921.7825213289591,2,7.835665009404557,399.07081022177425,29.900192994157962,45.65138956319403,12.442618806246042,4,4,3,872,12,0.1181712962962963,12.088104917357153,0.8605898123324397,ELECTRE-III,1
36,0111,0,0,"[-6.1908087585055105, -39.37946590499227]","[np.float64(-4.793908467388751), np.float64(-42.76470313767426)]",2026-06-13 12:30:20,921.7825213289591,2,7.835665009404557,405.60409116300826,30.303891544916326,45.68284599941652,11.442618806246042,4,4,3,872,12,0.11828703703703704,11.442618806246042,0.8605898123324397,ELECTRE-III,1
37,0136,0,0,"[-19.409232451209345, -42.30141400173456]","[np.float64(-22.55121870780887), np.float64(-43.45574144926327)]",2026-06-13 12:34:00,904.0518045168965,2,6.5952788947026795,369.3502728221399,28.022131475783116,32.98948584208143,24.809800826651205,3,3,3,1044,5,0.12083333333333333,25.65563415998454,0.2587131367292225,ELECTRE-III,1
38,0136,0,0,"[-20.00948142830111, -42.44035370983096]","[np.float64(-22.55121870780887), np.float64(-43.45574144926327)]",2026-06-13 12:34:10,904.0518045168965,2,6.5952788947026795,301.5708171713073,23.48687808404266,33.01360665513533,22.809800826651205,3,3,3,1044,5,0.12094907407407407,22.688851752577133,0.2587131367292225,ELECTRE-III,1
39,0136,0,0,"[-20.609665518595765, -42.5800344934523]","[np.float64(-22.55121870780887), np.float64(-43.45574144926327)]",2026-06-13 12:34:20,904.0518045168965,2,6.5952788947026795,234.10866414112104,18.640915917045977,33.0377103927163,18.809800826651205,3,3,3,1044,5,0.12106481481481482,18.325541567391944,0.2587131367292225,ELECTRE-III,1
40,0136,0,0,"[-21.209779599451426, -42.72049050354444]","[np.float64(-22.55121870780887), np.float64(-43.45574144926327)]",2026-06-13 12:34:30,904.0518045168965,2,6.5952788947026795,167.34547307351613,13.557033401017376,33.061793639729764,25.809800826651205,3,3,3,1044,5,0.12118055555555556,26.415703604428984,0.2587131367292225,ELECTRE-III,1
41,0136,0,0,"[-21.809823670868095, -42.861752475958646]","[np.float64(-22.55121870780887), np.float64(-43.45574144926327)]",2026-06-13 12:34:40,904.0518045168965,2,6.5952788947026795,102.6491677214657,8.413586644596489,33.0858598112703,24.809800826651205,3,3,3,1044,5,0.12129629629629629,25.90146749331787,0.2587131367292225,ELECTRE-III,1
42,0136,0,0,"[-22.40979431775118, -43.00384773145159]","[np.float64(-22.55121870780887), np.float64(-43.45574144926327)]",2026-06-13 12:34:50,904.0518045168965,2,6.5952788947026795,49.020775537600066,4.040383774762577,33.109908907337925,16.809800826651205,3,3,3,1044,5,0.12141203703703704,15.717092493317871,0.2587131367292225,ELECTRE-III,1
43,0136,0,0,"[-23.009689832553402, -43.146813836063714]","[np.float64(-22.55121870780887), np.float64(-43.45574144926327)]",2026-06-13 12:35:00,904.0518045168965,2,6.5952788947026795,60.01682914960664,4.942617995367053,33.133937512838024,16.809800826651205,3,3,3,1044,5,0.12152777777777778,17.417439715540095,0.2587131367292225,ELECTRE-III,1
44,0136,0,0,"[-23.609506800180167, -43.29068152564628]","[np.float64(-22.55121870780887), np.float64(-43.45574144926327)]",2026-06-13 12:35:10,904.0518045168965,2,6.5952788947026795,118.88155704377556,9.720370536898628,33.15794562777062,20.809800826651205,3,3,3,1044,5,0.12164351851851851,20.079939715540092,0.2587131367292225,ELECTRE-III,1
45,0136,0,0,"[-24.209245220631477, -43.435484951145135]","[np.float64(-22.55121870780887), np.float64(-43.45574144926327)]",2026-06-13 12:35:20,904.0518045168965,2,6.5952788947026795,184.37598774417444,14.878168070483524,33.18193666723029,22.809800826651205,3,3,3,1044,5,0.12175925925925926,22.56628230813269,0.2587131367292225,ELECTRE-III,1
46,0136,0,0,"[-24.808898263718163, -43.5812650936953]","[np.float64(-22.55121870780887), np.float64(-43.45574144926327)]",2026-06-13 12:35:30,904.0518045168965,2,6.5952788947026795,251.3680130388062,19.910475368101636,33.20591063121704,24.809800826651205,3,3,3,1044,5,0.121875,23.834800826651204,0.2587131367292225,ELECTRE-III,1
47,0136,0,0,"[-25.408467636987513, -43.72805268914804]","[np.float64(-22.55121870780887), np.float64(-43.45574144926327)]",2026-06-13 12:35:40,904.0518045168965,2,6.5952788947026795,318.913940351636,24.68020847016906,33.22986410463627,18.809800826651205,3,3,3,1044,5,0.12199074074074075,19.419754530354908,0.2587131367292225,ELECTRE-III,1
48,0136,0,0,"[-26.007948217797654, -43.875888718638386]","[np.float64(-22.55121870780887), np.float64(-43.45574144926327)]",2026-06-13 12:35:50,904.0518045168965,2,6.5952788947026795,386.722126513372,29.12814745317112,33.25380050258258,18.809800826651205,3,3,3,1044,5,0.12210648148148148,19.908759159984537,0.2587131367292225,ELECTRE-III,1
49,0055,1,0,"[-18.411206917234374, -66.76654030678951]","[np.float64(-21.4902902963777), np.float64(-64.83707616408573)]",2026-06-13 14:12:30,738.9748240893007,1,2.0653552069419545,397.3417761672051,29.792802190062417,35.66052693966329,21.813479875872304,2,2,2,891,12,0.1892361111111111,19.921118764761193,0.8605898123324397,ELECTRE-III,1
50,0055,1,0,"[-19.011561762258278, -66.90431205253785]","[np.float64(-21.4902902963777), np.float64(-64.83707616408573)]",2026-06-13 14:12:40,738.9748240893007,1,2.0653552069419545,349.950044251928,26.759561296900458,35.68354809226082,21.813479875872304,2,2,2,891,12,0.18935185185185185,23.51764654253897,0.8605898123324397,ELECTRE-III,1
51,0055,1,0,"[-19.61185513557965, -67.04277364739234]","[np.float64(-21.4902902963777), np.float64(-64.83707616408573)]",2026-06-13 14:12:50,738.9748240893007,1,2.0653552069419545,310.4211961507843,24.098623691838988,35.706552169385425,14.813479875872304,2,2,2,891,12,0.1894675925925926,14.245077098094526,0.8605898123324397,ELECTRE-III,1
52,0055,1,0,"[-20.212083622103908, -67.18195924229886]","[np.float64(-21.4902902963777), np.float64(-64.83707616408573)]",2026-06-13 14:13:00,738.9748240893007,1,2.0653552069419545,282.0782889496711,22.119424437434223,35.72953234084793,17.813479875872304,2,2,2,891,12,0.18958333333333333,16.865563209205636,0.8605898123324397,ELECTRE-III,1
52,0055,1,0,"[-20.212083622103908, -67.18195924229886]","[np.float64(-21.4902902963777), np.float64(-64.83707616408573)]",2026-06-13 14:13:00,738.9748240893007,1,2.0653552069419545,282.0782889496711,22.119424437434223,35.72953234084793,17.813479875872304,2,2,2,891,12,0.18958333333333333,16.865563209205636,0.8605898123324397,ELECTRE-III,1
53,0055,1,0,"[-20.812243806736465, -67.32190298820325]","[np.float64(-21.4902902963777), np.float64(-64.83707616408573)]",2026-06-13 14:13:10,738.9748240893007,1,2.0653552069419545,268.4851939178956,21.14977327287057,35.75249202174293,21.813479875872304,2,2,2,891,12,0.18969907407407408,23.52077154253897,0.8605898123324397,ELECTRE-III,1
53,0055,1,0,"[-20.812243806736465, -67.32190298820325]","[np.float64(-21.4902902963777), np.float64(-64.83707616408573)]",2026-06-13 14:13:10,738.9748240893007,1,2.0653552069419545,268.4851939178956,21.14977327287057,35.75249202174293,21.813479875872304,2,2,2,891,12,0.18969907407407408,23.52077154253897,0.8605898123324397,ELECTRE-III,1
54,0055,1,0,"[-21.412335689477324, -67.46262537567303]","[np.float64(-21.4902902963777), np.float64(-64.83707616408573)]",2026-06-13 14:13:20,738.9748240893007,1,2.0653552069419545,271.8595409019404,21.391691633889835,35.775434627165005,16.813479875872304,2,2,2,891,12,0.18981481481481483,17.762553949946376,0.8605898123324397,ELECTRE-III,1
54,0055,1,0,"[-21.412335689477324, -67.46262537567303]","[np.float64(-21.4902902963777), np.float64(-64.83707616408573)]",2026-06-13 14:13:20,738.9748240893007,1,2.0653552069419545,271.8595409019404,21.391691633889835,35.775434627165005,16.813479875872304,2,2,2,891,12,0.18981481481481483,17.762553949946376,0.8605898123324397,ELECTRE-III,1
55,0055,1,0,"[-22.012355855231895, -67.6041673858432]","[np.float64(-21.4902902963777), np.float64(-64.83707616408573)]",2026-06-13 14:13:30,738.9748240893007,1,2.0653552069419545,291.61119600102273,22.791612333758348,35.79835332692498,22.813479875872304,2,2,2,891,12,0.18993055555555555,21.294035431427858,0.8605898123324397,ELECTRE-III,1
56,0055,1,0,"[-22.612302596452892, -67.74654950928128]","[np.float64(-21.4902902963777), np.float64(-64.83707616408573)]",2026-06-13 14:13:40,738.9748240893007,1,2.0653552069419545,324.76219779634835,25.07757562527901,35.82125153611745,22.813479875872304,2,2,2,891,12,0.1900462962962963,24.143803949946378,0.8605898123324397,ELECTRE-III,1
57,0055,1,0,"[-23.212172498045724, -67.88981955731147]","[np.float64(-21.4902902963777), np.float64(-64.83707616408573)]",2026-06-13 14:13:50,738.9748240893007,1,2.0653552069419545,367.7051387094929,27.91618597158369,35.84413266983699,15.813479875872304,2,2,2,891,12,0.19016203703703705,14.10202154253897,0.8605898123324397,ELECTRE-III,1
58,0039,0,0,"[-29.804951122698, -69.53437201509963]","[np.float64(-33.13217557972659), np.float64(-68.94243257995237)]",2026-06-13 14:15:40,948.451775170079,2,5.382646537200879,374.2036670615841,28.333473708565815,24.5127890726306,21.311640351261754,4,4,3,1292,12,0.19143518518518518,19.780158869780273,0.8605898123324397,ELECTRE-III,1
59,0023,0,0,"[-30.40369233553049, -69.69117949806478]","[np.float64(-33.0491248747741), np.float64(-71.6499149451426)]",2026-06-13 14:15:50,383.58526495773083,1,4.448552817828192,347.613453593636,26.605553624111987,23.2506025574108,23.315319400482853,1,1,1,1278,7,0.19155092592592593,21.974462919001372,0.48927613941018766,ELECTRE-III,1
60,0039,0,0,"[-30.40369233553049, -69.69117949806478]","[np.float64(-33.13217557972659), np.float64(-68.94243257995237)]",2026-06-13 14:15:50,948.451775170079,2,5.382646537200879,311.5384347253159,24.17543787736829,24.532972281627988,16.311640351261754,4,4,3,1292,12,0.19155092592592593,14.970783869780274,0.8605898123324397,ELECTRE-III,1
61,0023,0,0,"[-31.002317435147088, -69.84941449056647]","[np.float64(-33.0491248747741), np.float64(-71.6499149451426)]",2026-06-13 14:16:00,383.58526495773083,1,4.448552817828192,283.9064814409884,22.248839107811094,23.27191104007395,15.315319400482853,1,1,1,1278,7,0.19166666666666668,15.890319400482852,0.48927613941018766,ELECTRE-III,1
62,0039,0,0,"[-31.002317435147088, -69.84941449056647]","[np.float64(-33.13217557972659), np.float64(-68.94243257995237)]",2026-06-13 14:16:00,948.451775170079,2,5.382646537200879,251.77497756080763,19.940171681527975,24.55313670760516,20.311640351261754,4,4,3,1292,12,0.19166666666666668,21.269973684595087,0.8605898123324397,ELECTRE-III,1
63,0023,0,0,"[-31.600823006453208, -70.0091179737397]","[np.float64(-33.0491248747741), np.float64(-71.6499149451426)]",2026-06-13 14:16:10,383.58526495773083,1,4.448552817828192,222.9386619598654,17.808953724234513,23.29320244726417,18.315319400482853,1,1,1,1278,7,0.1917824074074074,17.73997217826063,0.48927613941018766,ELECTRE-III,1
64,0039,0,0,"[-31.600823006453208, -70.0091179737397]","[np.float64(-33.13217557972659), np.float64(-68.94243257995237)]",2026-06-13 14:16:10,948.451775170079,2,5.382646537200879,197.56045579326428,15.890023167447078,24.573285765656696,22.311640351261754,4,4,3,1292,12,0.1917824074074074,20.777381092002496,0.8605898123324397,ELECTRE-III,1
65,0023,0,0,"[-32.19920563435427, -70.17034458909785]","[np.float64(-33.0491248747741), np.float64(-71.6499149451426)]",2026-06-13 14:16:20,383.58526495773083,1,4.448552817828192,167.72101545829548,13.586330426888205,23.31447848652876,15.315319400482853,1,1,1,1278,7,0.19189814814814815,13.396337919001372,0.48927613941018766,ELECTRE-III,1
66,0039,0,0,"[-32.19920563435427, -70.17034458909785]","[np.float64(-33.13217557972659), np.float64(-68.94243257995237)]",2026-06-13 14:16:20,948.451775170079,2,5.382646537200879,154.83292877012977,12.576845254459517,24.593416040688016,18.311640351261754,4,4,3,1292,12,0.19189814814814815,18.8873347957062,0.8605898123324397,ELECTRE-III,1
67,0023,0,0,"[-32.79746531885027, -70.33314897815428]","[np.float64(-33.0491248747741), np.float64(-71.6499149451426)]",2026-06-13 14:16:30,383.58526495773083,1,4.448552817828192,126.0474903569489,10.294111042548831,23.335737450320423,20.315319400482853,1,1,1,1278,7,0.1920138888888889,19.35524995603841,0.48927613941018766,ELECTRE-III,1
68,0039,0,0,"[-32.79746531885027, -70.33314897815428]","[np.float64(-33.13217557972659), np.float64(-68.94243257995237)]",2026-06-13 14:16:30,948.451775170079,2,5.382646537200879,134.97572195352313,11.006028989213709,24.613527532699116,18.311640351261754,4,4,3,1292,12,0.1920138888888889,17.73559868459509,0.8605898123324397,ELECTRE-III,1
69,0023,0,0,"[-33.39559181465746, -70.49759261261151]","[np.float64(-33.0491248747741), np.float64(-71.6499149451426)]",2026-06-13 14:16:40,383.58526495773083,1,4.448552817828192,113.9016037412738,9.320481007869146,23.356979338639164,16.315319400482853,1,1,1,1278,7,0.19212962962962962,14.394023104186557,0.48927613941018766,ELECTRE-III,1
70,0039,0,0,"[-33.39559181465746, -70.49759261261151]","[np.float64(-33.13217557972659), np.float64(-68.94243257995237)]",2026-06-13 14:16:40,948.451775170079,2,5.382646537200879,147.5280858554681,12.001092589299763,24.633621949237295,16.311640351261754,4,4,3,1292,12,0.19212962962962962,15.158862573483976,0.8605898123324397,ELECTRE-III,1
71,0023,0,0,"[-33.99358512177583, -70.66373696417207]","[np.float64(-33.0491248747741), np.float64(-71.6499149451426)]",2026-06-13 14:16:50,383.58526495773083,1,4.448552817828192,139.23412168316494,11.344390390025508,23.37820585903227,17.315319400482853,1,1,1,1278,7,0.19224537037037037,15.96960180789026,0.48927613941018766,ELECTRE-III,1
72,0039,0,0,"[-33.99358512177583, -70.66373696417207]","[np.float64(-33.13217557972659), np.float64(-68.94243257995237)]",2026-06-13 14:16:50,948.451775170079,2,5.382646537200879,186.03789654116184,15.006251208327313,24.653699290302548,18.311640351261754,4,4,3,1292,12,0.19224537037037037,19.465112573483978,0.8605898123324397,ELECTRE-III,1
73,0023,0,0,"[-34.59143841001622, -70.83164350453849]","[np.float64(-33.0491248747741), np.float64(-71.6499149451426)]",2026-06-13 14:17:00,383.58526495773083,1,4.448552817828192,187.41581970939458,15.112331383299043,23.39941359640516,15.315319400482853,1,1,1,1278,7,0.19236111111111112,15.507680511593964,0.48927613941018766,ELECTRE-III,1
74,0039,0,0,"[-34.59143841001622, -70.83164350453849]","[np.float64(-33.13217557972659), np.float64(-68.94243257995237)]",2026-06-13 14:17:00,948.451775170079,2,5.382646537200879,238.23027927753125,18.945874945048185,24.673759555894875,20.311640351261754,4,4,3,1292,12,0.19236111111111112,19.349834795706197,0.8605898123324397,ELECTRE-III,1
75,0023,0,0,"[-35.18914484918945, -71.00137370541331]","[np.float64(-33.0491248747741), np.float64(-71.6499149451426)]",2026-06-13 14:17:10,383.58526495773083,1,4.448552817828192,245.33266938988626,19.468770717117184,23.420605965852417,17.315319400482853,1,1,1,1278,7,0.19247685185185184,16.93036569677915,0.48927613941018766,ELECTRE-III,1
76,0039,0,0,"[-35.18914484918945, -71.00137370541331]","[np.float64(-33.13217557972659), np.float64(-68.94243257995237)]",2026-06-13 14:17:10,948.451775170079,2,5.382646537200879,296.97395242649014,23.166874265516306,24.693801038466983,20.311640351261754,4,4,3,1292,12,0.19247685185185184,21.466501462372864,0.8605898123324397,ELECTRE-III,1
77,0023,0,0,"[-35.78670443929553, -71.17300269887738]","[np.float64(-33.0491248747741), np.float64(-71.6499149451426)]",2026-06-13 14:17:20,383.58526495773083,1,4.448552817828192,307.5313466393446,23.899508534758155,23.441782967374042,19.315319400482853,1,1,1,1278,7,0.1925925925925926,17.77457865974211,0.48927613941018766,ELECTRE-III,1
78,0039,0,0,"[-35.78670443929553, -71.17300269887738]","[np.float64(-33.13217557972659), np.float64(-68.94243257995237)]",2026-06-13 14:17:20,948.451775170079,2,5.382646537200879,359.0663865127968,27.35644532182989,24.713823738018878,16.311640351261754,4,4,3,1292,12,0.1925925925925926,18.04497368459509,0.8605898123324397,ELECTRE-III,1
79,0023,0,0,"[-36.38411035014527, -71.34659878682244]","[np.float64(-33.0491248747741), np.float64(-71.6499149451426)]",2026-06-13 14:17:30,383.58526495773083,1,4.448552817828192,371.8681051599908,28.183875118669633,23.46294118587545,19.315319400482853,1,1,1,1278,7,0.19270833333333334,17.38823606714952,0.48927613941018766,ELECTRE-III,1
80,0160,0,0,"[48.59665934085732, -74.70987272659592]","[np.float64(45.14600795418758), np.float64(-74.22434035818429)]",2026-06-13 15:32:40,890.2916008291153,2,7.485572037056226,385.4642046202691,29.04884068820336,62.18081959993465,18.06439963817758,3,3,3,1172,6,0.2449074074074074,19.778751490029432,0.3646112600536193,ELECTRE-III,1
81,0160,0,0,"[48.00239531702578, -74.94670270587694]","[np.float64(45.14600795418758), np.float64(-74.22434035818429)]",2026-06-13 15:32:50,890.2916008291153,2,7.485572037056226,322.3756077597876,24.915724542148592,62.201610695768174,24.06439963817758,3,3,3,1172,6,0.24502314814814816,23.81937649002943,0.3646112600536193,ELECTRE-III,1
82,0160,0,0,"[47.407810274303245, -75.17907940181912]","[np.float64(45.14600795418758), np.float64(-74.22434035818429)]",2026-06-13 15:33:00,890.2916008291153,2,7.485572037056226,261.9808547709015,20.68122213878909,62.22238130103418,21.06439963817758,3,3,3,1172,6,0.24513888888888888,19.103288527066468,0.3646112600536193,ELECTRE-III,1
83,0160,0,0,"[46.81292128816264, -75.40720088990838]","[np.float64(45.14600795418758), np.float64(-74.22434035818429)]",2026-06-13 15:33:10,890.2916008291153,2,7.485572037056226,206.656971374954,16.582300787887593,62.24312458554351,23.06439963817758,3,3,3,1172,6,0.24525462962962963,23.80016352706647,0.3646112600536193,ELECTRE-III,1
84,0160,0,0,"[46.217742018982314, -75.63123792487396]","[np.float64(45.14600795418758), np.float64(-74.22434035818429)]",2026-06-13 15:33:20,890.2916008291153,2,7.485572037056226,161.69610263179837,13.11544669191413,62.26384737948533,23.06439963817758,3,3,3,1172,6,0.24537037037037038,24.78199223077017,0.3646112600536193,ELECTRE-III,1
85,0160,0,0,"[45.62228271204602, -75.85136126144513]","[np.float64(45.14600795418758), np.float64(-74.22434035818429)]",2026-06-13 15:33:30,890.2916008291153,2,7.485572037056226,137.65812736569134,11.21925810056421,62.2845360224813,21.06439963817758,3,3,3,1172,6,0.2454861111111111,18.85502463817758,0.3646112600536193,ELECTRE-III,1
86,0160,0,0,"[45.026557027732096, -76.0677279939728]","[np.float64(45.14600795418758), np.float64(-74.22434035818429)]",2026-06-13 15:33:40,890.2916008291153,2,7.485572037056226,145.32625553316842,11.827059723551749,62.305211005098926,25.06439963817758,3,3,3,1172,6,0.24560185185185185,22.853982971510913,0.3646112600536193,ELECTRE-III,1
87,0160,0,0,"[44.43057521132429, -76.28049521680786]","[np.float64(45.14600795418758), np.float64(-74.22434035818429)]",2026-06-13 15:33:50,890.2916008291153,2,7.485572037056226,180.70925533787766,14.595036060993685,62.3258518367707,25.06439963817758,3,3,3,1172,6,0.2457175925925926,26.538705193733136,0.3646112600536193,ELECTRE-III,1
88,0160,0,0,"[43.83434750810637, -76.48980636392291]","[np.float64(45.14600795418758), np.float64(-74.22434035818429)]",2026-06-13 15:34:00,890.2916008291153,2,7.485572037056226,231.42673821519563,18.441888794785463,62.34647217787497,23.06439963817758,3,3,3,1172,6,0.24583333333333332,20.606066304844248,0.3646112600536193,ELECTRE-III,1
89,0160,0,0,"[43.237887578456665, -76.69580486929048]","[np.float64(45.14600795418758), np.float64(-74.22434035818429)]",2026-06-13 15:34:10,890.2916008291153,2,7.485572037056226,289.5297633103928,22.645402572298774,62.36706519822256,24.06439963817758,3,3,3,1172,6,0.24594907407407407,24.06439963817758,0.3646112600536193,ELECTRE-III,1
90,0235,0,0,"[43.237887578456665, -76.69580486929048]","[np.float64(40.31208734352321), np.float64(-74.64876167859748)]",2026-06-13 15:34:10,568.4645561859485,1,3.5844442237745024,366.9275598420824,27.86603803095041,65.34290348751624,9.817158925093404,4,4,3,1292,11,0.24594907407407407,11.046904295463774,0.7640750670241286,ELECTRE-III,1
91,0160,0,0,"[42.641198837469766, -76.89860684612651]","[np.float64(45.14600795418758), np.float64(-74.22434035818429)]",2026-06-13 15:34:20,890.2916008291153,2,7.485572037056226,351.3734347946703,26.853174749035286,62.387630897813466,22.06439963817758,3,3,3,1172,6,0.24606481481481482,21.818334823362765,0.3646112600536193,ELECTRE-III,1
92,0235,0,0,"[42.641198837469766, -76.89860684612651]","[np.float64(40.31208734352321), np.float64(-74.64876167859748)]",2026-06-13 15:34:20,568.4645561859485,1,3.5844442237745024,319.6675987208905,24.731560106531923,65.36810688555359,10.817158925093404,4,4,3,1292,11,0.24606481481481482,8.848640406574885,0.7640750670241286,ELECTRE-III,1
93,0235,0,0,"[42.04429494552401, -77.09834889821437]","[np.float64(40.31208734352321), np.float64(-74.64876167859748)]",2026-06-13 15:34:30,568.4645561859485,1,3.5844442237745024,281.2767219248278,22.062607747359174,65.3932966232126,5.817158925093404,4,4,3,1292,11,0.24618055555555557,6.309520036204515,0.7640750670241286,ELECTRE-III,1
94,0235,0,0,"[41.44718273280857, -77.29514713876993]","[np.float64(40.31208734352321), np.float64(-74.64876167859748)]",2026-06-13 15:34:40,568.4645561859485,1,3.5844442237745024,255.7799611634233,20.231819423170627,65.41845904011493,13.817158925093404,4,4,3,1292,11,0.2462962962962963,12.831973739908218,0.7640750670241286,ELECTRE-III,1
95,008,0,0,"[40.8498724446072, -77.48911085081996]","[np.float64(38.89179125886753), np.float64(-73.82283052086814)]",2026-06-13 15:34:50,147.45181514929322,1,2.1234873577015243,381.12964109517225,28.774629086805277,66.80813615883488,15.56623916278813,3,3,3,704,13,0.24641203703703704,13.84135490352887,0.9638069705093834,ELECTRE-III,1
96,0235,0,0,"[40.8498724446072, -77.48911085081996]","[np.float64(40.31208734352321), np.float64(-74.64876167859748)]",2026-06-13 15:34:50,568.4645561859485,1,3.5844442237745024,247.1997336793092,19.605674428924353,65.44359413626057,7.817158925093404,4,4,3,1292,11,0.24641203703703704,5.3530385547230335,0.7640750670241286,ELECTRE-III,1
97,008,0,0,"[40.25237432620366, -77.68035614758031]","[np.float64(38.89179125886753), np.float64(-73.82283052086814)]",2026-06-13 15:35:00,147.45181514929322,1,2.1234873577015243,363.5603362233269,27.64834164558749,66.83417283995098,14.56623916278813,3,3,3,704,13,0.2465277777777778,15.305822496121463,0.9638069705093834,ELECTRE-III,1
98,0235,0,0,"[40.25237432620366, -77.68035614758031]","[np.float64(40.31208734352321), np.float64(-74.64876167859748)]",2026-06-13 15:35:00,568.4645561859485,1,3.5844442237745024,257.2350095614967,20.337508284153486,65.46870874183871,6.817158925093404,4,4,3,1292,11,0.2465277777777778,7.803270036204514,0.7640750670241286,ELECTRE-III,1
99,008,0,0,"[39.654688377597935, -77.8689786516994]","[np.float64(38.89179125886753), np.float64(-73.82283052086814)]",2026-06-13 15:35:10,147.45181514929322,1,2.1234873577015243,358.4390278481495,27.315573262631922,66.86018220031039,8.56623916278813,3,3,3,704,13,0.2466435185185185,6.3464474961214625,0.9638069705093834,ELECTRE-III,1
100,0235,0,0,"[39.654688377597935, -77.8689786516994]","[np.float64(40.31208734352321), np.float64(-74.64876167859748)]",2026-06-13 15:35:10,568.4645561859485,1,3.5844442237745024,283.9181227814326,22.249662414525805,65.49379602666016,10.817158925093404,4,4,3,1292,11,0.2466435185185185,12.790307073241552,0.7640750670241286,ELECTRE-III,1
101,008,0,0,"[39.05682825916838, -78.05508081601472]","[np.float64(38.89179125886753), np.float64(-73.82283052086814)]",2026-06-13 15:35:20,147.45181514929322,1,2.1234873577015243,366.2885671353042,27.824793072449484,66.88616423991311,15.56623916278813,3,3,3,704,13,0.24675925925925926,17.046794718343683,0.9638069705093834,ELECTRE-III,1
102,0235,0,0,"[39.05682825916838, -78.05508081601472]","[np.float64(40.31208734352321), np.float64(-74.64876167859748)]",2026-06-13 15:35:20,568.4645561859485,1,3.5844442237745024,323.1513680430883,24.968380942885865,65.51886282091411,7.817158925093404,4,4,3,1292,11,0.24675925925925926,7.570399665834144,0.7640750670241286,ELECTRE-III,1
103,008,0,0,"[38.45879738600957, -78.23875143298554]","[np.float64(38.89179125886753), np.float64(-73.82283052086814)]",2026-06-13 15:35:30,147.45181514929322,1,2.1234873577015243,386.31834654736656,29.102704109542675,66.91211895875917,12.56623916278813,3,3,3,704,13,0.246875,13.55373916278813,0.9638069705093834,ELECTRE-III,1
104,0235,0,0,"[38.45879738600957, -78.23875143298554]","[np.float64(40.31208734352321), np.float64(-74.64876167859748)]",2026-06-13 15:35:30,568.4645561859485,1,3.5844442237745024,370.97377414008855,28.126479818319172,65.54390912460055,9.817158925093404,4,4,3,1292,11,0.246875,9.817158925093404,0.7640750670241286,ELECTRE-III,1
105,0179,1,0,"[33.069924979936665, -79.79629411093691]","[np.float64(29.7478931171751), np.float64(-80.98193319510803)]",2026-06-13 15:37:00,927.8929809486823,1,5.319718495885655,386.1405819574643,29.091498658562774,65.2511467262063,13.188019994719667,4,4,3,873,6,0.24791666666666667,10.708853328053,0.3646112600536193,ELECTRE-III,1
106,0179,1,0,"[32.47052806894386, -79.96008204723381]","[np.float64(29.7478931171751), np.float64(-80.98193319510803)]",2026-06-13 15:37:10,927.8929809486823,1,5.319718495885655,317.98433375361975,24.616810029907015,65.28687544575463,16.188019994719667,4,4,3,873,6,0.2480324074074074,16.436052402127075,0.3646112600536193,ELECTRE-III,1
107,0179,1,0,"[31.871021874924327, -80.12225122869742]","[np.float64(29.7478931171751), np.float64(-80.98193319510803)]",2026-06-13 15:37:20,927.8929809486823,1,5.319718495885655,249.94713492117862,19.80670610936576,65.3225973351138,13.188019994719667,4,4,3,873,6,0.24814814814814815,12.195427402127075,0.3646112600536193,ELECTRE-III,1
108,0179,1,0,"[31.271409812972664, -80.28286312703028]","[np.float64(29.7478931171751), np.float64(-80.98193319510803)]",2026-06-13 15:37:30,927.8929809486823,1,5.319718495885655,182.16316417653348,14.707389736253846,65.35831922447296,12.188019994719667,4,4,3,873,6,0.2482638888888889,10.946700550275223,0.3646112600536193,ELECTRE-III,1
108,0179,1,0,"[31.271409812972664, -80.28286312703028]","[np.float64(29.7478931171751), np.float64(-80.98193319510803)]",2026-06-13 15:37:30,927.8929809486823,1,5.319718495885655,182.16316417653348,14.707389736253846,65.35831922447296,12.188019994719667,4,4,3,873,6,0.2482638888888889,10.946700550275223,0.3646112600536193,ELECTRE-III,1
109,0179,1,0,"[30.67169529818345, -80.44197238374572]","[np.float64(29.7478931171751), np.float64(-80.98193319510803)]",2026-06-13 15:37:40,927.8929809486823,1,5.319718495885655,115.08247013627496,9.41538879880335,65.39403428364297,12.188019994719667,4,4,3,873,6,0.24837962962962962,13.181538513238186,0.3646112600536193,ELECTRE-III,1
109,0179,1,0,"[30.67169529818345, -80.44197238374572]","[np.float64(29.7478931171751), np.float64(-80.98193319510803)]",2026-06-13 15:37:40,927.8929809486823,1,5.319718495885655,115.08247013627496,9.41538879880335,65.39403428364297,12.188019994719667,4,4,3,873,6,0.24837962962962962,13.181538513238186,0.3646112600536193,ELECTRE-III,1
110,0184,2,0,"[30.67169529818345, -80.44197238374572]","[np.float64(27.32515845053345), np.float64(-80.26028845491872)]",2026-06-13 15:37:40,330.5918992225013,1,6.925575150920803,372.53749204922076,28.226793951362573,66.3022103866337,11.689859519330216,4,4,3,1496,4,0.24837962962962962,10.944720630441328,0.20241286863270777,ELECTRE-III,1
111,0179,1,0,"[30.071885160745854, -80.59963364035713]","[np.float64(29.7478931171751), np.float64(-80.98193319510803)]",2026-06-13 15:37:50,927.8929809486823,1,5.319718495885655,51.53310392430979,4.246715380364476,65.42974934281295,12.188019994719667,4,4,3,873,6,0.24849537037037037,13.430496846571518,0.3646112600536193,ELECTRE-III,1
111,0179,1,0,"[30.071885160745854, -80.59963364035713]","[np.float64(29.7478931171751), np.float64(-80.98193319510803)]",2026-06-13 15:37:50,927.8929809486823,1,5.319718495885655,51.53310392430979,4.246715380364476,65.42974934281295,12.188019994719667,4,4,3,873,6,0.24849537037037037,13.430496846571518,0.3646112600536193,ELECTRE-III,1
112,0184,2,0,"[30.071885160745854, -80.59963364035713]","[np.float64(27.32515845053345), np.float64(-80.26028845491872)]",2026-06-13 15:37:50,330.5918992225013,1,6.925575150920803,307.21003266412345,23.877331461252716,66.33911389871929,10.689859519330216,4,4,3,1496,4,0.24849537037037037,10.441364148959845,0.20241286863270777,ELECTRE-III,1
113,0179,1,0,"[29.471982815754465, -80.75588787799951]","[np.float64(29.7478931171751), np.float64(-80.98193319510803)]",2026-06-13 15:38:00,927.8929809486823,1,5.319718495885655,37.666874619401725,3.106682324572659,65.46546440198296,11.188019994719667,4,4,3,873,6,0.24861111111111112,12.679686661386334,0.3646112600536193,ELECTRE-III,1
113,0179,1,0,"[29.471982815754465, -80.75588787799951]","[np.float64(29.7478931171751), np.float64(-80.98193319510803)]",2026-06-13 15:38:00,927.8929809486823,1,5.319718495885655,37.666874619401725,3.106682324572659,65.46546440198296,11.188019994719667,4,4,3,873,6,0.24861111111111112,12.679686661386334,0.3646112600536193,ELECTRE-III,1
114,0184,2,0,"[29.471982815754465, -80.75588787799951]","[np.float64(27.32515845053345), np.float64(-80.26028845491872)]",2026-06-13 15:38:00,330.5918992225013,1,6.925575150920803,243.58762837841385,19.340604970636804,66.37601741080486,16.689859519330216,4,4,3,1496,4,0.24861111111111112,18.678748408219107,0.20241286863270777,ELECTRE-III,1
115,0179,1,0,"[28.87198826320928, -80.9107965683754]","[np.float64(29.7478931171751), np.float64(-80.98193319510803)]",2026-06-13 15:38:10,927.8929809486823,1,5.319718495885655,97.64023088429883,8.008491812120978,65.50117263096378,18.188019994719667,4,4,3,873,6,0.24872685185185187,16.695658883608555,0.3646112600536193,ELECTRE-III,1
115,0179,1,0,"[28.87198826320928, -80.9107965683754]","[np.float64(29.7478931171751), np.float64(-80.98193319510803)]",2026-06-13 15:38:10,927.8929809486823,1,5.319718495885655,97.64023088429883,8.008491812120978,65.50117263096378,18.188019994719667,4,4,3,873,6,0.24872685185185187,16.695658883608555,0.3646112600536193,ELECTRE-III,1
116,0184,2,0,"[28.87198826320928, -80.9107965683754]","[np.float64(27.32515845053345), np.float64(-80.26028845491872)]",2026-06-13 15:38:10,330.5918992225013,1,6.925575150920803,183.452848785908,14.806955979782785,66.41292092289045,18.689859519330216,4,4,3,1496,4,0.24872685185185187,18.19240581562651,0.20241286863270777,ELECTRE-III,1
116,0184,2,0,"[28.87198826320928, -80.9107965683754]","[np.float64(27.32515845053345), np.float64(-80.26028845491872)]",2026-06-13 15:38:10,330.5918992225013,1,6.925575150920803,183.452848785908,14.806955979782785,66.41292092289045,18.689859519330216,4,4,3,1496,4,0.24872685185185187,18.19240581562651,0.20241286863270777,ELECTRE-III,1
117,0179,1,0,"[28.271908333299468, -81.06440752280899]","[np.float64(29.7478931171751), np.float64(-80.98193319510803)]",2026-06-13 15:38:20,927.8929809486823,1,5.319718495885655,164.3180735703719,13.320595350304282,65.53687402975544,13.188019994719667,4,4,3,873,6,0.2488425925925926,10.699594068793742,0.3646112600536193,ELECTRE-III,1
117,0179,1,0,"[28.271908333299468, -81.06440752280899]","[np.float64(29.7478931171751), np.float64(-80.98193319510803)]",2026-06-13 15:38:20,927.8929809486823,1,5.319718495885655,164.3180735703719,13.320595350304282,65.53687402975544,13.188019994719667,4,4,3,873,6,0.2488425925925926,10.699594068793742,0.3646112600536193,ELECTRE-III,1
118,0184,2,0,"[28.271908333299468, -81.06440752280899]","[np.float64(27.32515845053345), np.float64(-80.26028845491872)]",2026-06-13 15:38:20,330.5918992225013,1,6.925575150920803,131.67515797041082,10.743237743902998,66.44982443497602,18.689859519330216,4,4,3,1496,4,0.2488425925925926,16.20143359340429,0.20241286863270777,ELECTRE-III,1
118,0184,2,0,"[28.271908333299468, -81.06440752280899]","[np.float64(27.32515845053345), np.float64(-80.26028845491872)]",2026-06-13 15:38:20,330.5918992225013,1,6.925575150920803,131.67515797041082,10.743237743902998,66.44982443497602,18.689859519330216,4,4,3,1496,4,0.2488425925925926,16.20143359340429,0.20241286863270777,ELECTRE-III,1
119,0179,1,0,"[27.67174814866691, -81.21675489224612]","[np.float64(29.7478931171751), np.float64(-80.98193319510803)]",2026-06-13 15:38:30,927.8929809486823,1,5.319718495885655,231.98998871812202,18.483726354247132,65.5725754285471,10.188019994719667,4,4,3,873,6,0.24895833333333334,11.432811661386333,0.3646112600536193,ELECTRE-III,1
120,0184,2,0,"[27.67174814866691, -81.21675489224612]","[np.float64(27.32515845053345), np.float64(-80.26028845491872)]",2026-06-13 15:38:30,330.5918992225013,1,6.925575150920803,101.90670191818343,8.353592619331588,66.48672111687243,17.689859519330216,4,4,3,1496,4,0.24895833333333334,16.942984519330217,0.20241286863270777,ELECTRE-III,1
120,0184,2,0,"[27.67174814866691, -81.21675489224612]","[np.float64(27.32515845053345), np.float64(-80.26028845491872)]",2026-06-13 15:38:30,330.5918992225013,1,6.925575150920803,101.90670191818343,8.353592619331588,66.48672111687243,17.689859519330216,4,4,3,1496,4,0.24895833333333334,16.942984519330217,0.20241286863270777,ELECTRE-III,1
121,0179,1,0,"[27.071506001764313, -81.36789331820016]","[np.float64(29.7478931171751), np.float64(-80.98193319510803)]",2026-06-13 15:38:40,927.8929809486823,1,5.319718495885655,299.9847582524807,23.376641201014387,65.60826999714958,13.188019994719667,4,4,3,873,6,0.2490740740740741,10.697279253978927,0.3646112600536193,ELECTRE-III,1
122,0184,2,0,"[27.071506001764313, -81.36789331820016]","[np.float64(27.32515845053345), np.float64(-80.26028845491872)]",2026-06-13 15:38:40,330.5918992225013,1,6.925575150920803,113.11467682782923,9.257205955329134,66.523624628958,15.689859519330216,4,4,3,1496,4,0.2490740740740741,14.195415074885773,0.20241286863270777,ELECTRE-III,1
122,0184,2,0,"[27.071506001764313, -81.36789331820016]","[np.float64(27.32515845053345), np.float64(-80.26028845491872)]",2026-06-13 15:38:40,330.5918992225013,1,6.925575150920803,113.11467682782923,9.257205955329134,66.523624628958,15.689859519330216,4,4,3,1496,4,0.2490740740740741,14.195415074885773,0.20241286863270777,ELECTRE-III,1
123,0179,1,0,"[26.47119043032814, -81.5178706119953]","[np.float64(29.7478931171751), np.float64(-80.98193319510803)]",2026-06-13 15:38:50,927.8929809486823,1,5.319718495885655,368.12347723074123,27.943146409974467,65.64396456575207,14.188019994719667,4,4,3,873,6,0.2491898148148148,12.194501476201149,0.3646112600536193,ELECTRE-III,1
124,0184,2,0,"[26.47119043032814, -81.5178706119953]","[np.float64(27.32515845053345), np.float64(-80.26028845491872)]",2026-06-13 15:38:50,330.5918992225013,1,6.925575150920803,156.74295494697293,12.726969722563648,66.56052131085441,18.689859519330216,4,4,3,1496,4,0.2491898148148148,19.93580859340429,0.20241286863270777,ELECTRE-III,1
124,0184,2,0,"[26.47119043032814, -81.5178706119953]","[np.float64(27.32515845053345), np.float64(-80.26028845491872)]",2026-06-13 15:38:50,330.5918992225013,1,6.925575150920803,156.74295494697293,12.726969722563648,66.56052131085441,18.689859519330216,4,4,3,1496,4,0.2491898148148148,19.93580859340429,0.20241286863270777,ELECTRE-III,1
125,0184,2,0,"[25.870799726811093, -81.66671409438823]","[np.float64(27.32515845053345), np.float64(-80.26028845491872)]",2026-06-13 15:39:00,330.5918992225013,1,6.925575150920803,213.78715184442316,17.121482939953736,66.59741799275083,11.689859519330216,4,4,3,1496,4,0.24930555555555556,10.194026185996883,0.20241286863270777,ELECTRE-III,1
125,0184,2,0,"[25.870799726811093, -81.66671409438823]","[np.float64(27.32515845053345), np.float64(-80.26028845491872)]",2026-06-13 15:39:00,330.5918992225013,1,6.925575150920803,213.78715184442316,17.121482939953736,66.59741799275083,11.689859519330216,4,4,3,1496,4,0.24930555555555556,10.194026185996883,0.20241286863270777,ELECTRE-III,1
126,0184,2,0,"[25.270340721402345, -81.81447840689228]","[np.float64(27.32515845053345), np.float64(-80.26028845491872)]",2026-06-13 15:39:10,330.5918992225013,1,6.925575150920803,276.0524199904045,21.691181512265498,66.63431467464724,14.689859519330216,4,4,3,1496,4,0.2494212962962963,15.438123408219106,0.20241286863270777,ELECTRE-III,1
127,0184,2,0,"[24.669815121649194, -81.96119087026415]","[np.float64(27.32515845053345), np.float64(-80.26028845491872)]",2026-06-13 15:39:20,330.5918992225013,1,6.925575150920803,340.6874452726674,26.146610799635447,66.67120452635447,13.689859519330216,4,4,3,1496,4,0.24953703703703703,14.688007667478365,0.20241286863270777,ELECTRE-III,1
128,0184,2,0,"[24.069224635098923, -82.10689929582803]","[np.float64(27.32515845053345), np.float64(-80.26028845491872)]",2026-06-13 15:39:30,330.5918992225013,1,6.925575150920803,406.56394707419526,30.362924237680858,66.70810120825088,9.689859519330216,4,4,3,1496,4,0.24965277777777778,10.43881785266355,0.20241286863270777,ELECTRE-III,1
129,0077,0,0,"[12.64908089471955, -84.72722623882255]","[np.float64(9.278166332601291), np.float64(-84.83392999348334)]",2026-06-13 15:42:40,318.9668679633517,1,2.9322194847258096,375.01002056734535,28.385025140423846,58.79896754561873,16.188019994719667,4,4,3,1335,13,0.2518518518518518,14.676908883608556,0.9638069705093834,ELECTRE-III,1
130,0077,0,0,"[12.047700667546499, -84.85932892755977]","[np.float64(9.278166332601291), np.float64(-84.83392999348334)]",2026-06-13 15:42:50,318.9668679633517,1,2.9322194847258096,307.9711062306923,23.92984839107921,58.83451185005948,22.188019994719667,4,4,3,1335,13,0.2519675925925926,23.44785795768263,0.9638069705093834,ELECTRE-III,1
131,0077,0,0,"[11.446300803579584, -84.99102863513596]","[np.float64(9.278166332601291), np.float64(-84.83392999348334)]",2026-06-13 15:43:00,318.9668679633517,1,2.9322194847258096,241.69743204669197,19.201550797243176,58.870049324311054,17.188019994719667,4,4,3,1335,13,0.2520833333333333,16.179686661386334,0.9638069705093834,ELECTRE-III,1
132,0077,0,0,"[10.84488471791339, -85.12233902192945]","[np.float64(9.278166332601291), np.float64(-84.83392999348334)]",2026-06-13 15:43:10,318.9668679633517,1,2.9322194847258096,177.04973946092795,14.311732931479144,58.90557313818429,16.188019994719667,4,4,3,1335,13,0.25219907407407405,13.666029253978927,0.9638069705093834,ELECTRE-III,1
133,0077,0,0,"[10.243452410547917, -85.2532942388861]","[np.float64(9.278166332601291), np.float64(-84.83392999348334)]",2026-06-13 15:43:20,318.9668679633517,1,2.9322194847258096,116.75930491127458,9.550068572464884,58.941090121868356,17.188019994719667,4,4,3,1335,13,0.2523148148148148,16.935705179904854,0.9638069705093834,ELECTRE-III,1
134,0077,0,0,"[9.642006442804105, -85.38390794638426]","[np.float64(9.278166332601291), np.float64(-84.83392999348334)]",2026-06-13 15:43:30,318.9668679633517,1,2.9322194847258096,72.63371896885894,5.974797918817679,58.97659344517408,18.188019994719667,4,4,3,1335,13,0.25243055555555555,16.673436661386333,0.9638069705093834,ELECTRE-III,1
135,0077,0,0,"[9.040548522229244, -85.51420063499143]","[np.float64(9.278166332601291), np.float64(-84.83392999348334)]",2026-06-13 15:43:40,318.9668679633517,1,2.9322194847258096,79.2145891490666,6.511676913840315,59.012089938290636,16.188019994719667,4,4,3,1335,13,0.25254629629629627,13.915103328053,0.9638069705093834,ELECTRE-III,1
136,0077,0,0,"[8.439079502596982, -85.64419962546428]","[np.float64(9.278166332601291), np.float64(-84.83392999348334)]",2026-06-13 15:43:50,318.9668679633517,1,2.9322194847258096,128.95855499968044,10.526597349174171,59.047579601218025,16.188019994719667,4,4,3,1335,13,0.25266203703703705,15.93535795768263,0.9638069705093834,ELECTRE-III,1
137,0077,0,0,"[7.837601945228258, -85.77391857818115]","[np.float64(9.278166332601291), np.float64(-84.83392999348334)]",2026-06-13 15:44:00,318.9668679633517,1,2.9322194847258096,190.63356361337796,15.359637518134384,59.08305560376707,22.188019994719667,4,4,3,1335,13,0.25277777777777777,24.21024221694189,0.9638069705093834,ELECTRE-III,1
138,0077,0,0,"[7.236116703896718, -85.90338481389875]","[np.float64(9.278166332601291), np.float64(-84.83392999348334)]",2026-06-13 15:44:10,318.9668679633517,1,2.9322194847258096,255.74829199518723,20.22951750058156,59.118517945937775,22.188019994719667,4,4,3,1335,13,0.25289351851851855,19.65908480953448,0.9638069705093834,ELECTRE-III,1
139,0077,0,0,"[6.634625913036476, -86.03261882318456]","[np.float64(9.278166332601291), np.float64(-84.83392999348334)]",2026-06-13 15:44:20,318.9668679633517,1,2.9322194847258096,322.22342183030054,24.90538931375345,59.153973457919314,20.188019994719667,4,4,3,1335,13,0.25300925925925927,18.66996443916411,0.9638069705093834,ELECTRE-III,1
140,0077,0,0,"[6.033130426421181, -86.16163426641693]","[np.float64(9.278166332601291), np.float64(-84.83392999348334)]",2026-06-13 15:44:30,318.9668679633517,1,2.9322194847258096,389.3619725463902,29.294181637326503,59.18942213971168,16.188019994719667,4,4,3,1335,13,0.253125,17.453644994719667,0.9638069705093834,ELECTRE-III,1
141,0038,0,0,"[43.0365301866301, -101.45914747879196]","[np.float64(40.33709396384561), np.float64(-104.2016485672987)]",2026-06-13 17:13:00,419.64903174322717,1,7.676093631610172,376.72976718647163,28.494803904236942,62.259161869714696,15.817158925093404,1,1,1,1110,9,0.3145833333333333,17.39007559176007,0.5978552278820375,ELECTRE-III,1
142,0038,0,0,"[42.43976972865692, -101.66090443668497]","[np.float64(40.33709396384561), np.float64(-104.2016485672987)]",2026-06-13 17:13:10,419.64903174322717,1,7.676093631610172,315.5501627659726,24.45049676719851,62.28660556979981,14.817158925093404,1,1,1,1110,9,0.31469907407407405,11.984867258426737,0.5978552278820375,ELECTRE-III,1
143,0038,0,0,"[41.84279411972488, -101.85963562077566]","[np.float64(40.33709396384561), np.float64(-104.2016485672987)]",2026-06-13 17:13:20,419.64903174322717,1,7.676093631610172,257.96360354939105,20.390376218011586,62.31403560950658,8.817158925093404,1,1,1,1110,9,0.3148148148148148,11.650492258426738,0.5978552278820375,ELECTRE-III,1
144,0069,0,0,"[41.84279411972488, -101.85963562077566]","[np.float64(39.80394266104254), np.float64(-105.3320988949999)]",2026-06-13 17:13:20,470.4028509127045,1,7.730386383523442,369.77208410783464,28.049262315907004,61.81715300776649,22.188019994719667,1,1,1,1139,14,0.3148148148148148,22.50283480953448,1.0,ELECTRE-III,1
145,0038,0,0,"[41.24561360511774, -102.05546397446909]","[np.float64(40.33709396384561), np.float64(-104.2016485672987)]",2026-06-13 17:13:30,419.64903174322717,1,7.676093631610172,206.99245337081533,16.607738515489224,62.34144515864584,9.817158925093404,1,1,1,1110,9,0.31493055555555555,7.29771448064896,0.5978552278820375,ELECTRE-III,1
146,0069,0,0,"[41.24561360511774, -102.05546397446909]","[np.float64(39.80394266104254), np.float64(-105.3320988949999)]",2026-06-13 17:13:30,470.4028509127045,1,7.730386383523442,319.9638276314285,24.751732508435655,61.84542999093035,15.188019994719667,1,1,1,1139,14,0.31493055555555555,12.038714439164112,1.0,ELECTRE-III,1
147,0038,0,0,"[40.64823843011926, -102.24850561098117]","[np.float64(40.33709396384561), np.float64(-104.2016485672987)]",2026-06-13 17:13:40,419.64903174322717,1,7.676093631610172,168.74380708863484,13.666084286858611,62.36884104740676,10.817158925093404,1,1,1,1110,9,0.31504629629629627,10.817158925093404,0.5978552278820375,ELECTRE-III,1
148,0069,0,0,"[40.64823843011926, -102.24850561098117]","[np.float64(39.80394266104254), np.float64(-105.3320988949999)]",2026-06-13 17:13:40,470.4028509127045,1,7.730386383523442,278.09510721197364,21.83663826165428,61.873700143905026,19.188019994719667,1,1,1,1139,14,0.31504629629629627,19.503066291015962,1.0,ELECTRE-III,1
149,0038,0,0,"[40.050672009824005, -102.43884932277108]","[np.float64(40.33709396384561), np.float64(-104.2016485672987)]",2026-06-13 17:13:50,419.64903174322717,1,7.676093631610172,153.0755922841862,12.438566657098814,62.396223275789346,10.817158925093404,1,1,1,1110,9,0.31516203703703705,7.6655385547230335,0.5978552278820375,ELECTRE-III,1
150,0069,0,0,"[40.050672009824005, -102.43884932277108]","[np.float64(39.80394266104254), np.float64(-105.3320988949999)]",2026-06-13 17:13:50,470.4028509127045,1,7.730386383523442,248.21968778922266,19.68036503545787,61.9019498063122,15.188019994719667,1,1,1,1139,14,0.31516203703703705,14.242533883608557,1.0,ELECTRE-III,1
151,0038,0,0,"[39.45292800461034, -102.62661122305472]","[np.float64(40.33709396384561), np.float64(-104.2016485672987)]",2026-06-13 17:14:00,419.64903174322717,1,7.676093631610172,166.4905175259938,13.490309191141199,62.423585013604416,17.817158925093402,1,1,1,1110,9,0.31527777777777777,17.817158925093402,0.5978552278820375,ELECTRE-III,1
152,0069,0,0,"[39.45292800461034, -102.62661122305472]","[np.float64(39.80394266104254), np.float64(-105.3320988949999)]",2026-06-13 17:14:00,470.4028509127045,1,7.730386383523442,234.95836216456996,18.70387552976596,61.93018580834104,16.188019994719667,1,1,1,1139,14,0.31527777777777777,18.71024221694189,1.0,ELECTRE-III,1
153,0038,0,0,"[38.85500982957284, -102.81188010429132]","[np.float64(40.33709396384561), np.float64(-104.2016485672987)]",2026-06-13 17:14:10,419.64903174322717,1,7.676093631610172,203.31295621786242,16.328376234539043,62.45093309104114,9.817158925093404,1,1,1,1110,9,0.31539351851851855,7.294010776945255,0.5978552278820375,ELECTRE-III,1
154,0069,0,0,"[38.85500982957284, -102.81188010429132]","[np.float64(39.80394266104254), np.float64(-105.3320988949999)]",2026-06-13 17:14:10,470.4028509127045,1,7.730386383523442,241.0709430217051,19.15541050332161,61.95840814999153,21.188019994719667,1,1,1,1139,14,0.31539351851851855,23.080381105830778,1.0,ELECTRE-III,1
155,0038,0,0,"[38.25692431490067, -102.99475841931842]","[np.float64(40.33709396384561), np.float64(-104.2016485672987)]",2026-06-13 17:14:20,419.64903174322717,1,7.676093631610172,253.54242416237867,20.069013100198404,62.47826067791037,17.817158925093402,1,1,1,1110,9,0.31550925925925927,16.870631147315624,0.5978552278820375,ELECTRE-III,1
156,0069,0,0,"[38.25692431490067, -102.99475841931842]","[np.float64(39.80394266104254), np.float64(-105.3320988949999)]",2026-06-13 17:14:20,470.4028509127045,1,7.730386383523442,265.2220290475032,20.915071731115052,61.98661683126368,24.188019994719667,1,1,1,1139,14,0.31550925925925927,23.87251073546041,1.0,ELECTRE-III,1
157,0038,0,0,"[37.658674875688426, -103.17532813040604]","[np.float64(40.33709396384561), np.float64(-104.2016485672987)]",2026-06-13 17:14:30,419.64903174322717,1,7.676093631610172,310.7456650661651,24.12094160997554,62.50557460440125,17.817158925093402,1,1,1,1110,9,0.315625,14.976533925093403,0.5978552278820375,ELECTRE-III,1
158,0069,0,0,"[37.658674875688426, -103.17532813040604]","[np.float64(39.80394266104254), np.float64(-105.3320988949999)]",2026-06-13 17:14:30,470.4028509127045,1,7.730386383523442,303.13230424136964,23.59522736999847,62.01480502196832,17.188019994719667,1,1,1,1139,14,0.315625,16.556769994719666,1.0,ELECTRE-III,1
159,0038,0,0,"[37.06027517231444, -103.35367119982425]","[np.float64(40.33709396384561), np.float64(-104.2016485672987)]",2026-06-13 17:14:40,419.64903174322717,1,7.676093631610172,371.7171576466097,28.174192107836376,62.53287487051379,14.817158925093404,1,1,1,1110,9,0.31574074074074077,12.606973739908218,0.5978552278820375,ELECTRE-III,1
160,0069,0,0,"[37.06027517231444, -103.35367119982425]","[np.float64(39.80394266104254), np.float64(-105.3320988949999)]",2026-06-13 17:14:40,470.4028509127045,1,7.730386383523442,350.3641856641336,26.78681446363149,62.0429863824838,24.188019994719667,1,1,1,1139,14,0.31574074074074077,26.398205179904853,1.0,ELECTRE-III,1
161,0069,0,0,"[36.4617286198733, -103.52987642003224]","[np.float64(39.80394266104254), np.float64(-105.3320988949999)]",2026-06-13 17:14:50,470.4028509127045,1,7.730386383523442,403.6593184120018,30.1840666580838,62.07114725243176,22.188019994719667,1,1,1,1139,14,0.3158564814814815,19.977024624349298,1.0,ELECTRE-III,1
162,0071,0,0,"[35.264208628167886, -103.87617384114105]","[np.float64(32.26335503153177), np.float64(-102.2535479307044)]",2026-06-13 17:15:10,49.704124408816234,1,4.250646219909894,365.8262421704489,27.79493190154479,67.40606457915615,18.686180470109115,4,4,3,631,11,0.316087962962963,16.473564729368373,0.7640750670241286,ELECTRE-III,1
163,0071,0,0,"[34.66524884928196, -104.04640947601445]","[np.float64(32.26335503153177), np.float64(-102.2535479307044)]",2026-06-13 17:15:20,49.704124408816234,1,4.250646219909894,314.6108509634723,24.386201097849014,67.43963495892676,19.686180470109115,4,4,3,631,11,0.3162037037037037,17.788958247886892,0.7640750670241286,ELECTRE-III,1
164,0071,0,0,"[34.06616271189639, -104.21480095981194]","[np.float64(32.26335503153177), np.float64(-102.2535479307044)]",2026-06-13 17:15:30,49.704124408816234,1,4.250646219909894,271.1183230501453,21.33861941458958,67.47319167831903,18.686180470109115,4,4,3,631,11,0.31631944444444443,16.15562491455356,0.7640750670241286,ELECTRE-III,1
165,0071,0,0,"[33.466957046200335, -104.38140976423607]","[np.float64(32.26335503153177), np.float64(-102.2535479307044)]",2026-06-13 17:15:40,49.704124408816234,1,4.250646219909894,239.59168062985532,19.046361875198066,67.50674156752214,10.686180470109115,4,4,3,631,11,0.3164351851851852,8.154698988627633,0.7640750670241286,ELECTRE-III,1
166,0071,0,0,"[32.86763185219382, -104.5463041911785]","[np.float64(32.26335503153177), np.float64(-102.2535479307044)]",2026-06-13 17:15:50,49.704124408816234,1,4.250646219909894,225.11557538242897,17.971716468890534,67.54028462653606,13.686180470109115,4,4,3,631,11,0.31655092592592593,15.902036951590595,0.7640750670241286,ELECTRE-III,1
167,0071,0,0,"[32.26819737516057, -104.70953888215264]","[np.float64(32.26335503153177), np.float64(-102.2535479307044)]",2026-06-13 17:16:00,49.704124408816234,1,4.250646219909894,230.91874909271536,18.404138499438208,67.57381402517166,10.686180470109115,4,4,3,631,11,0.31666666666666665,9.419513803442449,0.7640750670241286,ELECTRE-III,1
168,0071,0,0,"[31.668653615100606, -104.87118213905016]","[np.float64(32.26335503153177), np.float64(-102.2535479307044)]",2026-06-13 17:16:10,49.704124408816234,1,4.250646219909894,255.624226910422,20.22049898102554,67.60733659361809,17.686180470109115,4,4,3,631,11,0.31678240740740743,15.785486025664671,0.7640750670241286,ELECTRE-III,1
169,0071,0,0,"[31.06900740220309, -105.0312749430061]","[np.float64(32.26335503153177), np.float64(-102.2535479307044)]",2026-06-13 17:16:20,49.704124408816234,1,4.250646219909894,294.51143025444253,22.994816722457823,67.64084550168617,10.686180470109115,4,4,3,631,11,0.31689814814814815,11.31997676640541,0.7640750670241286,ELECTRE-III,1
170,0053,0,0,"[30.469258736468028, -105.18989242610131]","[np.float64(26.87769369263977), np.float64(-105.8612376757188)]",2026-06-13 17:16:30,898.8383248360243,2,6.271612518163372,404.6960937744483,30.247982719840486,65.53328135025201,21.311640351261754,3,3,3,1312,13,0.3170138888888889,18.775529240150643,0.9638069705093834,ELECTRE-III,1
171,0071,0,0,"[30.469258736468028, -105.18989242610131]","[np.float64(32.26335503153177), np.float64(-102.2535479307044)]",2026-06-13 17:16:30,49.704124408816234,1,4.250646219909894,342.7887885784104,26.28623872098284,67.67435440975424,18.686180470109115,4,4,3,631,11,0.3170138888888889,20.588263803442448,0.7640750670241286,ELECTRE-III,1
172,0053,0,0,"[29.869414448084584, -105.34706873928164]","[np.float64(26.87769369263977), np.float64(-105.8612376757188)]",2026-06-13 17:16:40,898.8383248360243,2,6.271612518163372,336.44501466024303,25.8636940431368,65.57039659820187,15.311640351261754,3,3,3,1312,13,0.31712962962962965,18.165807017928422,0.9638069705093834,ELECTRE-III,1
173,0071,0,0,"[29.869414448084584, -105.34706873928164]","[np.float64(32.26335503153177), np.float64(-102.2535479307044)]",2026-06-13 17:16:40,49.704124408816234,1,4.250646219909894,397.0442121620717,29.77429710702008,67.70784965744399,18.686180470109115,4,4,3,631,11,0.31712962962962965,19.320439729368374,0.7640750670241286,ELECTRE-III,1
174,0053,0,0,"[29.269481367241927, -105.50286535424962]","[np.float64(26.87769369263977), np.float64(-105.8612376757188)]",2026-06-13 17:16:50,898.8383248360243,2,6.271612518163372,268.26856307397094,21.134215137033028,65.60750501596254,17.311640351261754,3,3,3,1312,13,0.31724537037037037,19.215112573483978,0.9638069705093834,ELECTRE-III,1
175,0053,0,0,"[28.66945949394006, -105.65733008232947]","[np.float64(26.87769369263977), np.float64(-105.8612376757188)]",2026-06-13 17:17:00,898.8383248360243,2,6.271612518163372,200.24286484680889,16.094669576558353,65.64461343372322,18.311640351261754,3,3,3,1312,13,0.3173611111111111,18.629001462372866,0.9638069705093834,ELECTRE-III,1
176,007,0,0,"[28.06935053572628, -105.81051073484534]","[np.float64(27.09116414667865), np.float64(-109.4127318698908)]",2026-06-13 17:17:10,204.7583549914579,1,3.597522112006194,371.3006189399701,28.147462806330218,62.51239796338209,16.93710023241439,2,2,2,1416,11,0.31747685185185187,19.476915047229205,0.7640750670241286,ELECTRE-III,1
177,0053,0,0,"[28.06935053572628, -105.81051073484534]","[np.float64(26.87769369263977), np.float64(-105.8612376757188)]",2026-06-13 17:17:10,898.8383248360243,2,6.271612518163372,132.60084620686257,10.816987792703879,65.6817218514839,23.311640351261754,3,3,3,1312,13,0.31747685185185187,22.041732943854345,0.9638069705093834,ELECTRE-III,1
178,007,0,0,"[27.46916132278975, -105.96244829293228]","[np.float64(27.09116414667865), np.float64(-109.4127318698908)]",2026-06-13 17:17:20,204.7583549914579,1,3.597522112006194,343.55186294325284,26.33685973772592,62.54946540000775,11.93710023241439,2,2,2,1416,11,0.3175925925925926,14.477840973155132,0.7640750670241286,ELECTRE-III,1
179,0053,0,0,"[27.46916132278975, -105.96244829293228]","[np.float64(26.87769369263977), np.float64(-105.8612376757188)]",2026-06-13 17:17:20,898.8383248360243,2,6.271612518163372,66.52598427186219,5.475572175186381,65.71883026924458,24.311640351261754,3,3,3,1312,13,0.3175925925925926,25.582010721632123,0.9638069705093834,ELECTRE-III,1
180,007,0,0,"[26.868893562677762, -106.11319056791446]","[np.float64(27.09116414667865), np.float64(-109.4127318698908)]",2026-06-13 17:17:30,204.7583549914579,1,3.597522112006194,327.88505396105984,25.288713271020697,62.58653283663341,12.93710023241439,2,2,2,1416,11,0.3177083333333333,11.03085023241439,0.7640750670241286,ELECTRE-III,1
181,0053,0,0,"[26.868893562677762, -106.11319056791446]","[np.float64(26.87769369263977), np.float64(-105.8612376757188)]",2026-06-13 17:17:30,898.8383248360243,2,6.271612518163372,25.009582629515563,2.0638670244349826,65.75593868700525,17.311640351261754,3,3,3,1312,13,0.3177083333333333,17.629348684595087,0.9638069705093834,ELECTRE-III,1
182,007,0,0,"[26.268550670484906, -106.2627785409269]","[np.float64(27.09116414667865), np.float64(-109.4127318698908)]",2026-06-13 17:17:40,204.7583549914579,1,3.597522112006194,326.0479349377902,25.164593468354738,62.623607103448236,16.93710023241439,2,2,2,1416,11,0.3178240740740741,19.797516899081057,0.7640750670241286,ELECTRE-III,1
183,0053,0,0,"[26.268550670484906, -106.2627785409269]","[np.float64(26.87769369263977), np.float64(-105.8612376757188)]",2026-06-13 17:17:40,898.8383248360243,2,6.271612518163372,78.62859595124277,6.463915702690637,65.79304710476593,19.311640351261754,3,3,3,1312,13,0.3178240740740741,17.086871832743235,0.9638069705093834,ELECTRE-III,1
184,007,0,0,"[25.668136061305766, -106.41125319310464]","[np.float64(27.09116414667865), np.float64(-109.4127318698908)]",2026-06-13 17:17:50,204.7583549914579,1,3.597522112006194,338.2670727515595,25.985369377565227,62.6606745400739,12.93710023241439,2,2,2,1416,11,0.3179398148148148,14.526799306488465,0.7640750670241286,ELECTRE-III,1
185,0053,0,0,"[25.668136061305766, -106.41125319310464]","[np.float64(26.87769369263977), np.float64(-105.8612376757188)]",2026-06-13 17:17:50,898.8383248360243,2,6.271612518163372,145.24719384243073,11.820806541062572,65.83015552252661,23.311640351261754,3,3,3,1312,13,0.3179398148148148,22.039881092002496,0.9638069705093834,ELECTRE-III,1
186,007,0,0,"[25.067653150234925, -106.55865550558269]","[np.float64(27.09116414667865), np.float64(-109.4127318698908)]",2026-06-13 17:18:00,204.7583549914579,1,3.597522112006194,363.12716996731524,27.62027356815491,62.69774197669956,12.93710023241439,2,2,2,1416,11,0.31805555555555554,12.619044676858834,0.7640750670241286,ELECTRE-III,1
187,0053,0,0,"[25.067653150234925, -106.55865550558269]","[np.float64(26.87769369263977), np.float64(-105.8612376757188)]",2026-06-13 17:18:00,898.8383248360243,2,6.271612518163372,212.99866591924078,17.062009474444924,65.86725711009812,24.311640351261754,3,3,3,1312,13,0.31805555555555554,23.039418129039532,0.9638069705093834,ELECTRE-III,1
188,007,0,0,"[24.467105352366968, -106.70502645949607]","[np.float64(27.09116414667865), np.float64(-109.4127318698908)]",2026-06-13 17:18:10,204.7583549914579,1,3.597522112006194,398.26874740065904,29.85040536374031,62.734809413325216,17.93710023241439,2,2,2,1416,11,0.3181712962962963,16.028072454636614,0.7640750670241286,ELECTRE-III,1
189,0053,0,0,"[24.467105352366968, -106.70502645949607]","[np.float64(26.87769369263977), np.float64(-105.8612376757188)]",2026-06-13 17:18:10,898.8383248360243,2,6.271612518163372,281.06506096959913,22.047597160744132,65.9043655278588,17.311640351261754,3,3,3,1312,13,0.3181712962962963,17.311640351261754,0.9638069705093834,ELECTRE-III,1
190,0053,0,0,"[23.8664926677019, -106.85040703597979]","[np.float64(26.87769369263977), np.float64(-105.8612376757188)]",2026-06-13 17:18:20,898.8383248360243,2,6.271612518163372,349.2627426082398,26.71430356723125,65.94146711543031,16.311640351261754,3,3,3,1312,13,0.31828703703703703,17.584788499409903,0.9638069705093834,ELECTRE-III,1
191,0119,0,0,"[58.97563038850111, 37.58919819145106]","[np.float64(61.88599621454934), np.float64(34.29573543686479)]",2026-06-13 18:30:50,869.7595635561564,2,5.053374602397637,370.55199375523927,28.09938995003067,3.557543729675692,20.06807868739868,3,3,3,1276,12,0.36863425925925924,19.69944442813942,0.8605898123324397,ELECTRE-III,1
192,0119,0,0,"[59.55998039275238, 37.2167855420507]","[np.float64(61.88599621454934), np.float64(34.29573543686479)]",2026-06-13 18:31:00,869.7595635561564,2,5.053374602397637,303.4553884734332,23.617623407601936,3.5446568702591703,21.06807868739868,3,3,3,1276,12,0.36875,21.436828687398677,0.8605898123324397,ELECTRE-III,1
193,0119,0,0,"[60.1434766233574, 36.8326966842642]","[np.float64(61.88599621454934), np.float64(34.29573543686479)]",2026-06-13 18:31:10,869.7595635561564,2,5.053374602397637,237.090423530481,18.861647414324135,3.531781323343462,12.068078687398678,3,3,3,1276,12,0.36886574074074074,10.223749983694974,0.8605898123324397,ELECTRE-III,1
194,0119,0,0,"[60.72605760861364, 36.43624518407998]","[np.float64(61.88599621454934), np.float64(34.29573543686479)]",2026-06-13 18:31:20,869.7595635561564,2,5.053374602397637,172.30522658572787,13.943369211165034,3.5189166620417427,18.06807868739868,3,3,3,1276,12,0.36898148148148147,19.175023131843123,0.8605898123324397,ELECTRE-III,1
195,0119,0,0,"[61.3076755371969, 36.02669338106767]","[np.float64(61.88599621454934), np.float64(34.29573543686479)]",2026-06-13 18:31:30,869.7595635561564,2,5.053374602397637,111.87615765440785,9.157573268777838,3.5060628863540133,19.06807868739868,3,3,3,1276,12,0.36909722222222224,18.698981465176455,0.8605898123324397,ELECTRE-III,1
196,0119,0,0,"[61.888255277026325, 35.60324897328356]","[np.float64(61.88599621454934), np.float64(34.29573543686479)]",2026-06-13 18:31:40,869.7595635561564,2,5.053374602397637,68.50810289126206,5.637679028314002,3.4932202097236855,20.06807868739868,3,3,3,1276,12,0.36921296296296297,22.65256942813942,0.8605898123324397,ELECTRE-III,1
197,0119,0,0,"[62.46774901677772, 35.16505135689223]","[np.float64(61.88599621454934), np.float64(34.29573543686479)]",2026-06-13 18:31:50,869.7595635561564,2,5.053374602397637,78.86611924592039,6.483276063244371,3.4803886321507584,21.06807868739868,3,3,3,1276,12,0.3693287037037037,17.744120354065345,0.8605898123324397,ELECTRE-III,1
198,0119,0,0,"[63.04607479418104, 34.71117504126113]","[np.float64(61.88599621454934), np.float64(34.29573543686479)]",2026-06-13 18:32:00,869.7595635561564,2,5.053374602397637,130.74996240504134,10.669490934891787,3.4675679401918216,16.06807868739868,3,3,3,1276,12,0.36944444444444446,13.851412020732011,0.8605898123324397,ELECTRE-III,1
199,0119,0,0,"[63.62315747715542, 34.24061940367685]","[np.float64(61.88599621454934), np.float64(34.29573543686479)]",2026-06-13 18:32:10,869.7595635561564,2,5.053374602397637,193.18414818716812,15.555252473627647,3.4547585607336972,17.06807868739868,3,3,3,1276,12,0.3695601851851852,20.02456016888016,0.8605898123324397,ELECTRE-III,1
200,0119,0,0,"[64.19890827324164, 33.75229502896679]","[np.float64(61.88599621454934), np.float64(34.29573543686479)]",2026-06-13 18:32:20,869.7595635561564,2,5.053374602397637,258.6367583844965,20.43918919132458,3.4419600668895627,19.06807868739868,3,3,3,1276,12,0.3696759259259259,20.916458317028308,0.8605898123324397,ELECTRE-III,1
201,0119,0,0,"[64.77324522016967, 33.24503395478287]","[np.float64(61.88599621454934), np.float64(34.29573543686479)]",2026-06-13 18:32:30,869.7595635561564,2,5.053374602397637,325.2910555037451,25.113383370616297,3.429172885546241,12.068078687398678,3,3,3,1276,12,0.3697916666666667,15.396203687398678,0.8605898123324397,ELECTRE-III,1
202,0119,0,0,"[65.3460590349128, 32.717552105561126]","[np.float64(61.88599621454934), np.float64(34.29573543686479)]",2026-06-13 18:32:40,869.7595635561564,2,5.053374602397637,392.53420150177413,29.49298838908992,3.4163965898169093,12.068078687398678,3,3,3,1276,12,0.3699074074074074,10.588449057769049,0.8605898123324397,ELECTRE-III,1
203,0134,0,0,"[48.19556672713208, -124.25932296610252]","[np.float64(44.92658566264259), np.float64(-123.0066149884628)]",2026-06-13 18:50:20,909.2311431732608,2,4.256654775066016,375.8862637245078,28.440987948727283,62.654445407550845,22.93710023241439,1,1,1,1070,2,0.3821759259259259,23.701452084266244,0.028150134048257374,ELECTRE-III,1
204,0134,0,0,"[47.60108072215251, -124.49312034139206]","[np.float64(44.92658566264259), np.float64(-123.0066149884628)]",2026-06-13 18:50:30,909.2311431732608,2,4.256654775066016,318.57334996635706,24.656987946223502,62.67504525808761,17.93710023241439,1,1,1,1070,2,0.38229166666666664,15.261058565747724,0.028150134048257374,ELECTRE-III,1
205,0134,0,0,"[47.00629077375488, -124.72260103712614]","[np.float64(44.92658566264259), np.float64(-123.0066149884628)]",2026-06-13 18:50:40,909.2311431732608,2,4.256654775066016,266.5693368740335,21.01206578757103,62.695624618056854,19.93710023241439,1,1,1,1070,2,0.3824074074074074,22.99635949167365,0.028150134048257374,ELECTRE-III,1
206,0134,0,0,"[46.41120029703376, -124.94795629860154]","[np.float64(44.92658566264259), np.float64(-123.0066149884628)]",2026-06-13 18:50:50,909.2311431732608,2,4.256654775066016,223.60920492814336,17.859120460333312,62.71616982708025,19.93710023241439,1,1,1,1070,2,0.38252314814814814,18.4070076398218,0.028150134048257374,ELECTRE-III,1
207,0134,0,0,"[45.81582978255667, -125.16933638997999]","[np.float64(44.92658566264259), np.float64(-123.0066149884628)]",2026-06-13 18:51:00,909.2311431732608,2,4.256654775066016,195.7414523738942,15.751010208072808,62.73669454553614,23.93710023241439,1,1,1,1070,2,0.38263888888888886,26.9982113435255,0.028150134048257374,ELECTRE-III,1
208,0134,0,0,"[45.22018947560737, -125.38690523580158]","[np.float64(44.92658566264259), np.float64(-123.0066149884628)]",2026-06-13 18:51:10,909.2311431732608,2,4.256654775066016,189.73701801430244,15.290790205328806,62.75719194323535,20.93710023241439,1,1,1,1070,2,0.38275462962962964,17.875063195377354,0.028150134048257374,ELECTRE-III,1
209,0134,0,0,"[44.62428962146961, -125.60082676060638]","[np.float64(44.92658566264259), np.float64(-123.0066149884628)]",2026-06-13 18:51:20,909.2311431732608,2,4.256654775066016,207.50350618435888,16.646475851440776,62.77766885036705,15.93710023241439,1,1,1,1070,2,0.38287037037037036,19.382933565747724,0.028150134048257374,ELECTRE-III,1
210,0134,0,0,"[44.02813705033255, -125.81125122855613]","[np.float64(44.92658566264259), np.float64(-123.0066149884628)]",2026-06-13 18:51:30,909.2311431732608,2,4.256654775066016,243.90123465575556,19.363652881933653,62.798111606552894,21.93710023241439,1,1,1,1070,2,0.38298611111111114,21.17112801019217,0.028150134048257374,ELECTRE-III,1
211,0134,0,0,"[43.43174883766913, -126.0183015830559]","[np.float64(44.92658566264259), np.float64(-123.0066149884628)]",2026-06-13 18:51:40,909.2311431732608,2,4.256654775066016,292.0443996135252,22.8220033160224,62.81853387217123,20.93710023241439,1,1,1,1070,2,0.38310185185185186,17.106081713895872,0.028150134048257374,ELECTRE-III,1
212,0134,0,0,"[42.83513522876311, -126.22212808826743]","[np.float64(44.92658566264259), np.float64(-123.0066149884628)]",2026-06-13 18:51:50,909.2311431732608,2,4.256654775066016,347.0801915336503,26.570347343145905,62.838928817032894,16.93710023241439,1,1,1,1070,2,0.3832175925925926,17.703535417599575,0.028150134048257374,ELECTRE-III,1
213,0134,0,0,"[42.23829963870905, -126.42285368759575]","[np.float64(44.92658566264259), np.float64(-123.0066149884628)]",2026-06-13 18:52:00,909.2311431732608,2,4.256654775066016,406.21701292193836,30.341595439612654,62.85929644113787,22.93710023241439,1,1,1,1070,2,0.38333333333333336,25.23710023241439,0.028150134048257374,ELECTRE-III,1
214,0180,0,0,"[50.955246604667785, 138.11224433883066]","[np.float64(48.54539894304915), np.float64(135.0391574110673)]",2026-06-14 01:24:40,858.5518436290712,2,6.946500997485832,347.1412990956157,26.574382799534828,58.465073748042656,22.184340945498565,1,1,1,1287,11,0.6560185185185186,15.62415576031338,0.7640750670241286,ELECTRE-III,1
215,0180,0,0,"[50.36239984508902, 137.85566145246997]","[np.float64(48.54539894304915), np.float64(135.0391574110673)]",2026-06-14 01:24:50,858.5518436290712,2,6.946500997485832,286.7852242776032,22.45213631754925,58.48464224001474,19.184340945498565,1,1,1,1287,11,0.6561342592592593,15.90366964920227,0.7640750670241286,ELECTRE-III,1
216,0180,0,0,"[49.76916717982215, 137.6043787929052]","[np.float64(48.54539894304915), np.float64(135.0391574110673)]",2026-06-14 01:25:00,858.5518436290712,2,6.946500997485832,230.8790704466546,18.40118915491776,58.504190241419316,23.184340945498565,1,1,1,1287,11,0.65625,23.840590945498565,0.7640750670241286,ELECTRE-III,1
217,0180,0,0,"[49.175572514529264, 137.35817779408293]","[np.float64(48.54539894304915), np.float64(135.0391574110673)]",2026-06-14 01:25:10,858.5518436290712,2,6.946500997485832,183.53913458419046,14.81361416033856,58.52371775225639,18.184340945498565,1,1,1,1287,11,0.6563657407407407,21.466169649202268,0.7640750670241286,ELECTRE-III,1
218,0180,0,0,"[48.581626094494126, 137.11682622957136]","[np.float64(48.54539894304915), np.float64(135.0391574110673)]",2026-06-14 01:25:20,858.5518436290712,2,6.946500997485832,152.93927162347876,12.427833888831016,58.543217942336774,19.184340945498565,1,1,1,1287,11,0.6564814814814814,19.184340945498565,0.7640750670241286,ELECTRE-III,1
219,0180,0,0,"[47.98734841028424, 136.88010553331705]","[np.float64(48.54539894304915), np.float64(135.0391574110673)]",2026-06-14 01:25:30,858.5518436290712,2,6.946500997485832,149.72353452970916,12.174397574611985,58.562697641849645,18.184340945498565,1,1,1,1287,11,0.6565972222222223,13.58816038994301,0.7640750670241286,ELECTRE-III,1
220,0180,0,0,"[47.39275312227795, 136.6478381204016]","[np.float64(48.54539894304915), np.float64(135.0391574110673)]",2026-06-14 01:25:40,858.5518436290712,2,6.946500997485832,175.40757625760673,14.184370518944391,58.582156850795016,16.184340945498565,1,1,1,1287,11,0.656712962962963,21.43804464920227,0.7640750670241286,ELECTRE-III,1
221,0180,0,0,"[46.797853890853595, 136.4198190851499]","[np.float64(48.54539894304915), np.float64(135.0391574110673)]",2026-06-14 01:25:50,858.5518436290712,2,6.946500997485832,220.09714551329714,17.5960526838917,58.60159556917287,17.184340945498565,1,1,1,1287,11,0.6568287037037037,21.782141871424493,0.7640750670241286,ELECTRE-III,1
222,0180,0,0,"[46.202664376389514, 136.19588450302186]","[np.float64(48.54539894304915), np.float64(135.0391574110673)]",2026-06-14 01:26:00,858.5518436290712,2,6.946500997485832,274.6684581954357,21.592464289953316,58.62101379698322,22.184340945498565,1,1,1,1287,11,0.6569444444444444,26.126007612165232,0.7640750670241286,ELECTRE-III,1
223,0180,0,0,"[45.60719482416946, 135.97585678909905]","[np.float64(48.54539894304915), np.float64(135.0391574110673)]",2026-06-14 01:26:10,858.5518436290712,2,6.946500997485832,334.31787275723127,25.721327896791735,58.640411534226054,14.184340945498565,1,1,1,1287,11,0.6570601851851852,8.927859464017084,0.7640750670241286,ELECTRE-III,1
224,0180,0,0,"[45.01145889457178, 135.75958567921978]","[np.float64(48.54539894304915), np.float64(135.0391574110673)]",2026-06-14 01:26:20,858.5518436290712,2,6.946500997485832,396.76238279165636,29.756764230475387,58.65978195071221,20.184340945498565,1,1,1,1287,11,0.6571759259259259,20.184340945498565,0.7640750670241286,ELECTRE-III,1
225,0026,0,0,"[37.845405417407406, 133.40807449138944]","[np.float64(34.90085176593495), np.float64(135.0445482737043)]",2026-06-14 01:28:20,989.0992515162501,2,5.526239617094406,358.6887521663817,27.331846270830244,66.92000099706136,17.06807868739868,2,2,2,962,4,0.6585648148148148,20.36090276147275,0.20241286863270777,ELECTRE-III,1
226,0026,0,0,"[37.24704669516844, 133.22904157286507]","[np.float64(34.90085176593495), np.float64(135.0445482737043)]",2026-06-14 01:28:30,989.0992515162501,2,5.526239617094406,307.69194339253676,23.910590063871503,66.9511739804333,15.068078687398678,2,2,2,962,4,0.6586805555555556,11.7746759096209,0.20241286863270777,ELECTRE-III,1
227,0115,0,0,"[37.24704669516844, 133.22904157286507]","[np.float64(34.20654701424958), np.float64(131.1176548214416)]",2026-06-14 01:28:30,533.5883580169184,1,4.570586865396114,388.0806978798018,29.213662547309358,64.18239287582855,18.06807868739868,1,1,1,923,10,0.6586805555555556,16.09203702073201,0.6528150134048257,ELECTRE-III,1
228,0155,1,0,"[37.24704669516844, 133.22904157286507]","[np.float64(35.28555991126415), np.float64(130.0139427660055)]",2026-06-14 01:28:30,761.2471202040422,1,5.020704164012214,361.4250543173592,27.509841372523148,62.98141339330853,22.06439963817758,1,1,1,1429,7,0.6586805555555556,17.45363574928869,0.48927613941018766,ELECTRE-III,1
229,0026,0,0,"[36.648541123862316, 133.05218065449677]","[np.float64(34.90085176593495), np.float64(135.0445482737043)]",2026-06-14 01:28:40,989.0992515162501,2,5.526239617094406,264.6986400477744,20.877358518954274,66.98232647323772,17.06807868739868,2,2,2,962,4,0.6587962962962963,15.091689798509789,0.20241286863270777,ELECTRE-III,1
230,0115,0,0,"[36.648541123862316, 133.05218065449677]","[np.float64(34.20654701424958), np.float64(131.1176548214416)]",2026-06-14 01:28:40,533.5883580169184,1,4.570586865396114,323.1777174398208,24.970168674453156,64.21515046308794,20.06807868739868,1,1,1,923,10,0.6587962962962963,24.679652761472752,0.6528150134048257,ELECTRE-III,1
231,0155,1,0,"[36.648541123862316, 133.05218065449677]","[np.float64(35.28555991126415), np.float64(130.0139427660055)]",2026-06-14 01:28:40,761.2471202040422,1,5.020704164012214,312.5993553091846,24.248294518257573,63.01358358429929,17.06439963817758,1,1,1,1429,7,0.6587962962962963,15.746807045584987,0.48927613941018766,ELECTRE-III,1
232,0169,0,0,"[36.648541123862316, 133.05218065449677]","[np.float64(33.37960566356249), np.float64(131.6024973648121)]",2026-06-14 01:28:40,379.43114481642897,1,3.3325569866753755,386.70743841754177,29.127222134348326,64.84749620663688,17.315319400482853,2,2,2,1049,7,0.6587962962962963,21.268097178260632,0.48927613941018766,ELECTRE-III,1
233,0026,0,0,"[36.04989211858363, 132.87739611363614]","[np.float64(34.90085176593495), np.float64(135.0445482737043)]",2026-06-14 01:28:50,989.0992515162501,2,5.526239617094406,234.16035278038942,18.64474719738043,67.01346530566381,16.06807868739868,2,2,2,962,4,0.658912037037037,9.478958317028308,0.20241286863270777,ELECTRE-III,1
234,0115,0,0,"[36.04989211858363, 132.87739611363614]","[np.float64(34.20654701424958), np.float64(131.1176548214416)]",2026-06-14 01:28:50,533.5883580169184,1,4.570586865396114,260.03525442816016,20.540500293337928,64.24790122015814,15.068078687398678,1,1,1,923,10,0.658912037037037,20.99828702073201,0.6528150134048257,ELECTRE-III,1
235,0150,0,0,"[36.04989211858363, 132.87739611363614]","[np.float64(34.73662381879044), np.float64(128.8013889108951)]",2026-06-14 01:28:50,530.2362194004546,1,6.174470537166496,397.24087393472684,29.786527990057966,62.26783620996061,8.817158925093404,2,2,2,1040,12,0.658912037037037,5.522598739908219,0.8605898123324397,ELECTRE-III,1
236,0155,1,0,"[36.04989211858363, 132.87739611363614]","[np.float64(35.28555991126415), np.float64(130.0139427660055)]",2026-06-14 01:28:50,761.2471202040422,1,5.020704164012214,272.2646856382011,21.420684290718146,63.045753775290045,14.06439963817758,1,1,1,1429,7,0.658912037037037,19.335695934473875,0.48927613941018766,ELECTRE-III,1
237,0169,0,0,"[36.04989211858363, 132.87739611363614]","[np.float64(33.37960566356249), np.float64(131.6024973648121)]",2026-06-14 01:28:50,379.43114481642897,1,3.3325569866753755,318.9604871728801,24.683381234079704,64.88077288827319,18.315319400482853,2,2,2,1049,7,0.658912037037037,20.950967548631002,0.48927613941018766,ELECTRE-III,1
238,0026,0,0,"[35.45110309442695, 132.70463330876984]","[np.float64(34.90085176593495), np.float64(135.0445482737043)]",2026-06-14 01:29:00,989.0992515162501,2,5.526239617094406,221.29312424068328,17.685723101747605,67.04459047771157,16.06807868739868,2,2,2,962,4,0.6590277777777778,10.136828687398678,0.20241286863270777,ELECTRE-III,1
239,0115,0,0,"[35.45110309442695, 132.70463330876984]","[np.float64(34.20654701424958), np.float64(131.1176548214416)]",2026-06-14 01:29:00,533.5883580169184,1,4.570586865396114,200.3278375911998,16.10114546121868,64.28064514703918,20.06807868739868,1,1,1,923,10,0.6590277777777778,24.68127313184312,0.6528150134048257,ELECTRE-III,1
240,0133,0,0,"[35.45110309442695, 132.70463330876984]","[np.float64(33.27893894963736), np.float64(135.9399414540354)]",2026-06-14 01:29:00,840.496316091555,2,5.298453901363461,382.7406469413974,28.87671321948568,68.3642581574389,13.311640351261754,2,2,2,613,12,0.6590277777777778,6.721362573483977,0.8605898123324397,ELECTRE-III,1
241,0150,0,0,"[35.45110309442695, 132.70463330876984]","[np.float64(34.73662381879044), np.float64(128.8013889108951)]",2026-06-14 01:29:00,530.2362194004546,1,6.174470537166496,363.87190644373794,27.668521704500517,62.30062794816585,11.817158925093404,2,2,2,1040,12,0.6590277777777778,5.226881147315626,0.8605898123324397,ELECTRE-III,1
242,0155,1,0,"[35.45110309442695, 132.70463330876984]","[np.float64(35.28555991126415), np.float64(130.0139427660055)]",2026-06-14 01:29:00,761.2471202040422,1,5.020704164012214,244.66083941021887,19.419451613588524,63.07791030590247,14.06439963817758,1,1,1,1429,7,0.6590277777777778,16.70051074928869,0.48927613941018766,ELECTRE-III,1
242,0155,1,0,"[35.45110309442695, 132.70463330876984]","[np.float64(35.28555991126415), np.float64(130.0139427660055)]",2026-06-14 01:29:00,761.2471202040422,1,5.020704164012214,244.66083941021887,19.419451613588524,63.07791030590247,14.06439963817758,1,1,1,1429,7,0.6590277777777778,16.70051074928869,0.48927613941018766,ELECTRE-III,1
243,0169,0,0,"[35.45110309442695, 132.70463330876984]","[np.float64(33.37960566356249), np.float64(131.6024973648121)]",2026-06-14 01:29:00,379.43114481642897,1,3.3325569866753755,251.54574927281945,19.923446202608616,64.91404273972032,14.315319400482853,2,2,2,1049,7,0.6590277777777778,14.315319400482853,0.48927613941018766,ELECTRE-III,1
244,0026,0,0,"[34.852180881581454, 132.53381027762782]","[np.float64(34.90085176593495), np.float64(135.0445482737043)]",2026-06-14 01:29:10,989.0992515162501,2,5.526239617094406,229.09478631971618,18.268457683030565,67.07570198938097,12.068078687398678,2,2,2,962,4,0.6591435185185185,16.02293979850979,0.20241286863270777,ELECTRE-III,1
245,0115,0,0,"[34.852180881581454, 132.53381027762782]","[np.float64(34.20654701424958), np.float64(131.1176548214416)]",2026-06-14 01:29:10,533.5883580169184,1,4.570586865396114,148.2663407289264,12.059394213008762,64.31338224373106,11.068078687398678,1,1,1,923,10,0.6591435185185185,5.135787020732012,0.6528150134048257,ELECTRE-III,1
246,0133,0,0,"[34.852180881581454, 132.53381027762782]","[np.float64(33.27893894963736), np.float64(135.9399414540354)]",2026-06-14 01:29:10,840.496316091555,2,5.298453901363461,359.1921475123859,27.36463495202383,68.39655129183471,17.311640351261754,2,2,2,613,12,0.6591435185185185,12.038492203113606,0.8605898123324397,ELECTRE-III,1
247,0150,0,0,"[34.852180881581454, 132.53381027762782]","[np.float64(34.73662381879044), np.float64(128.8013889108951)]",2026-06-14 01:29:10,530.2362194004546,1,6.174470537166496,341.0445312505065,26.170361716162148,62.33341285618191,6.817158925093404,2,2,2,1040,12,0.6591435185185185,10.112876517685997,0.8605898123324397,ELECTRE-III,1
248,0155,1,0,"[34.852180881581454, 132.53381027762782]","[np.float64(35.28555991126415), np.float64(130.0139427660055)]",2026-06-14 01:29:10,761.2471202040422,1,5.020704164012214,234.3315960449201,18.657438905172903,63.110053176136546,19.06439963817758,1,1,1,1429,7,0.6591435185185185,15.768682045584988,0.48927613941018766,ELECTRE-III,1
248,0155,1,0,"[34.852180881581454, 132.53381027762782]","[np.float64(35.28555991126415), np.float64(130.0139427660055)]",2026-06-14 01:29:10,761.2471202040422,1,5.020704164012214,234.3315960449201,18.657438905172903,63.110053176136546,19.06439963817758,1,1,1,1429,7,0.6591435185185185,15.768682045584988,0.48927613941018766,ELECTRE-III,1
249,0169,0,0,"[34.852180881581454, 132.53381027762782]","[np.float64(33.37960566356249), np.float64(131.6024973648121)]",2026-06-14 01:29:10,379.43114481642897,1,3.3325569866753755,184.8280424779946,14.913023005175257,64.9472989307891,14.315319400482853,2,2,2,1049,7,0.6591435185185185,10.360458289371742,0.48927613941018766,ELECTRE-III,1
250,0026,0,0,"[34.25313231023632, 132.36484505794004]","[np.float64(34.90085176593495), np.float64(135.0445482737043)]",2026-06-14 01:29:20,989.0992515162501,2,5.526239617094406,255.68115659395806,20.224637434456863,67.10679984067204,12.068078687398678,2,2,2,962,4,0.6592592592592592,8.771782391102382,0.20241286863270777,ELECTRE-III,1
251,0115,0,0,"[34.25313231023632, 132.36484505794004]","[np.float64(34.20654701424958), np.float64(131.1176548214416)]",2026-06-14 01:29:20,533.5883580169184,1,4.570586865396114,114.77632678062291,9.390788637582212,64.34610568004459,13.068078687398678,1,1,1,923,10,0.6592592592592592,9.112523131843123,0.6528150134048257,ELECTRE-III,1
252,0133,0,0,"[34.25313231023632, 132.36484505794004]","[np.float64(33.27893894963736), np.float64(135.9399414540354)]",2026-06-14 01:29:20,840.496316091555,2,5.298453901363461,347.75130400805864,26.614651068422486,68.4288307658522,13.311640351261754,2,2,2,613,12,0.6592592592592592,9.356084795706199,0.8605898123324397,ELECTRE-III,1
253,0150,0,0,"[34.25313231023632, 132.36484505794004]","[np.float64(34.73662381879044), np.float64(128.8013889108951)]",2026-06-14 01:29:20,530.2362194004546,1,6.174470537166496,330.94756959544384,25.495059739011438,62.3661909340088,15.817158925093404,2,2,2,1040,12,0.6592592592592592,15.157899665834144,0.8605898123324397,ELECTRE-III,1
254,0155,1,0,"[34.25313231023632, 132.36484505794004]","[np.float64(35.28555991126415), np.float64(130.0139427660055)]",2026-06-14 01:29:20,761.2471202040422,1,5.020704164012214,243.48588447248937,19.33312609222074,63.14219604637063,15.06439963817758,1,1,1,1429,7,0.6592592592592592,19.019955193733136,0.48927613941018766,ELECTRE-III,1
254,0155,1,0,"[34.25313231023632, 132.36484505794004]","[np.float64(35.28555991126415), np.float64(130.0139427660055)]",2026-06-14 01:29:20,761.2471202040422,1,5.020704164012214,243.48588447248937,19.33312609222074,63.14219604637063,15.06439963817758,1,1,1,1429,7,0.6592592592592592,19.019955193733136,0.48927613941018766,ELECTRE-III,1
255,0169,0,0,"[34.25313231023632, 132.36484505794004]","[np.float64(33.37960566356249), np.float64(131.6024973648121)]",2026-06-14 01:29:20,379.43114481642897,1,3.3325569866753755,119.97719270185134,9.808223137522104,64.9805551218579,18.315319400482853,2,2,2,1049,7,0.6592592592592592,20.29309717826063,0.48927613941018766,ELECTRE-III,1
256,0026,0,0,"[33.653960795486114, 132.19768300819317]","[np.float64(34.90085176593495), np.float64(135.0445482737043)]",2026-06-14 01:29:30,989.0992515162501,2,5.526239617094406,296.0327020569187,23.101160672341447,67.13788403158476,16.06807868739868,2,2,2,962,4,0.659375,18.046203687398677,0.20241286863270777,ELECTRE-III,1
257,0115,0,0,"[33.653960795486114, 132.19768300819317]","[np.float64(34.20654701424958), np.float64(131.1176548214416)]",2026-06-14 01:29:30,533.5883580169184,1,4.570586865396114,117.06459483007785,9.574577390681599,64.37882228616894,11.068078687398678,1,1,1,923,10,0.659375,16.34307868739868,0.6528150134048257,ELECTRE-III,1
258,0133,0,0,"[33.653960795486114, 132.19768300819317]","[np.float64(33.27893894963736), np.float64(135.9399414540354)]",2026-06-14 01:29:30,840.496316091555,2,5.298453901363461,349.6073108645701,26.736997345828073,68.46109657949134,12.311640351261754,2,2,2,613,12,0.659375,5.7178903512617545,0.8605898123324397,ELECTRE-III,1
259,0150,0,0,"[33.653960795486114, 132.19768300819317]","[np.float64(34.73662381879044), np.float64(128.8013889108951)]",2026-06-14 01:29:30,530.2362194004546,1,6.174470537166496,334.73748778841184,25.749439114288254,62.39896218164652,6.817158925093404,2,2,2,1040,12,0.659375,4.839033925093403,0.8605898123324397,ELECTRE-III,1
260,0155,1,0,"[33.653960795486114, 132.19768300819317]","[np.float64(35.28555991126415), np.float64(130.0139427660055)]",2026-06-14 01:29:30,761.2471202040422,1,5.020704164012214,270.15256076603725,21.269411844418542,63.17432525622637,14.06439963817758,1,1,1,1429,7,0.659375,12.08627463817758,0.48927613941018766,ELECTRE-III,1
261,0169,0,0,"[33.653960795486114, 132.19768300819317]","[np.float64(33.37960566356249), np.float64(131.6024973648121)]",2026-06-14 01:29:30,379.43114481642897,1,3.3325569866753755,63.04907142722106,5.191003135491703,65.01379765254835,20.315319400482853,2,2,2,1049,7,0.659375,14.380944400482853,0.48927613941018766,ELECTRE-III,1
262,0026,0,0,"[33.05466975242544, 132.0322694868738]","[np.float64(34.90085176593495), np.float64(135.0445482737043)]",2026-06-14 01:29:40,989.0992515162501,2,5.526239617094406,345.3569161442349,26.45642766549026,67.16894773192999,13.068078687398678,2,2,2,962,4,0.6594907407407408,7.792152761472752,0.20241286863270777,ELECTRE-III,1
263,0115,0,0,"[33.05466975242544, 132.0322694868738]","[np.float64(34.20654701424958), np.float64(131.1176548214416)]",2026-06-14 01:29:40,533.5883580169184,1,4.570586865396114,153.54193834218714,12.475276202260991,64.41153206210414,12.068078687398678,1,1,1,923,10,0.6594907407407408,12.72756942813942,0.6528150134048257,ELECTRE-III,1
264,0133,0,0,"[33.05466975242544, 132.0322694868738]","[np.float64(33.27893894963736), np.float64(135.9399414540354)]",2026-06-14 01:29:40,840.496316091555,2,5.298453901363461,364.5558218947046,27.712792025150787,68.4933555629413,9.311640351261754,2,2,2,613,12,0.6594907407407408,9.971131092002496,0.8605898123324397,ELECTRE-III,1
265,0150,0,0,"[33.05466975242544, 132.0322694868738]","[np.float64(34.73662381879044), np.float64(128.8013889108951)]",2026-06-14 01:29:40,530.2362194004546,1,6.174470537166496,351.96804490094235,26.89223524467389,62.43172659909507,10.817158925093404,2,2,2,1040,12,0.6594907407407408,14.774103369537848,0.8605898123324397,ELECTRE-III,1
266,0155,1,0,"[33.05466975242544, 132.0322694868738]","[np.float64(35.28555991126415), np.float64(130.0139427660055)]",2026-06-14 01:29:40,761.2471202040422,1,5.020704164012214,309.8442778449369,24.058922356689177,63.206447635892935,19.06439963817758,1,1,1,1429,7,0.6594907407407408,21.702362601140543,0.48927613941018766,ELECTRE-III,1
267,0169,0,0,"[33.05466975242544, 132.0322694868738]","[np.float64(33.37960566356249), np.float64(131.6024973648121)]",2026-06-14 01:29:40,379.43114481642897,1,3.3325569866753755,53.887393931523796,4.439967666104334,65.04703335304963,18.315319400482853,2,2,2,1049,7,0.6594907407407408,20.293791622705076,0.48927613941018766,ELECTRE-III,1
268,0026,0,0,"[32.45526601124347, 131.8685225317119]","[np.float64(34.90085176593495), np.float64(135.0445482737043)]",2026-06-14 01:29:50,989.0992515162501,2,5.526239617094406,400.3520513600269,29.979622247799522,67.20000460208604,9.068078687398678,2,2,2,962,4,0.6596064814814815,9.068078687398678,0.20241286863270777,ELECTRE-III,1
269,0115,0,0,"[32.45526601124347, 131.8685225317119]","[np.float64(34.20654701424958), np.float64(131.1176548214416)]",2026-06-14 01:29:50,533.5883580169184,1,4.570586865396114,206.84950132042172,16.596900082320342,64.44423500785015,13.068078687398678,1,1,1,923,10,0.6596064814814815,10.429652761472752,0.6528150134048257,ELECTRE-III,1
270,0133,0,0,"[32.45526601124347, 131.8685225317119]","[np.float64(33.27893894963736), np.float64(135.9399414540354)]",2026-06-14 01:29:50,840.496316091555,2,5.298453901363461,391.0997381026379,29.4031853988883,68.52559405582377,14.311640351261754,2,2,2,613,12,0.6596064814814815,8.37518201792842,0.8605898123324397,ELECTRE-III,1
271,0150,0,0,"[32.45526601124347, 131.8685225317119]","[np.float64(34.73662381879044), np.float64(128.8013889108951)]",2026-06-14 01:29:50,530.2362194004546,1,6.174470537166496,380.81872063284584,28.754904036036486,62.464484186354454,11.817158925093404,2,2,2,1040,12,0.6596064814814815,16.434404295463775,0.8605898123324397,ELECTRE-III,1
272,0155,1,0,"[32.45526601124347, 131.8685225317119]","[np.float64(35.28555991126415), np.float64(130.0139427660055)]",2026-06-14 01:29:50,761.2471202040422,1,5.020704164012214,358.2575083844514,27.30374175086096,63.23855635518117,14.06439963817758,1,1,1,1429,7,0.6596064814814815,18.68164500854795,0.48927613941018766,ELECTRE-III,1
273,0169,0,0,"[32.45526601124347, 131.8685225317119]","[np.float64(33.37960566356249), np.float64(131.6024973648121)]",2026-06-14 01:29:50,379.43114481642897,1,3.3325569866753755,105.7389461814994,8.663051442106202,65.08026222336174,16.315319400482853,2,2,2,1049,7,0.6596064814814815,10.378861067149519,0.48927613941018766,ELECTRE-III,1
274,0115,0,0,"[31.85574957194018, 131.70638750119414]","[np.float64(34.20654701424958), np.float64(131.1176548214416)]",2026-06-14 01:30:00,533.5883580169184,1,4.570586865396114,267.094897960609,21.04986732538759,64.47692429321783,14.068078687398678,1,1,1,923,10,0.6597222222222222,10.769467576287568,0.6528150134048257,ELECTRE-III,1
275,0169,0,0,"[31.85574957194018, 131.70638750119414]","[np.float64(33.37960566356249), np.float64(131.6024973648121)]",2026-06-14 01:30:00,379.43114481642897,1,3.3325569866753755,169.72440897215017,13.742497678166739,65.1134842634847,14.315319400482853,2,2,2,1049,7,0.6597222222222222,16.954208289371742,0.48927613941018766,ELECTRE-III,1
276,0115,0,0,"[31.256130679799345, 131.54580975380713]","[np.float64(34.20654701424958), np.float64(131.1176548214416)]",2026-06-14 01:30:10,533.5883580169184,1,4.570586865396114,330.5060378981046,25.465353710907387,64.50960674839635,17.06807868739868,1,1,1,923,10,0.6598379629629629,16.408240724435714,0.6528150134048257,ELECTRE-III,1
277,0169,0,0,"[31.256130679799345, 131.54580975380713]","[np.float64(33.37960566356249), np.float64(131.6024973648121)]",2026-06-14 01:30:10,379.43114481642897,1,3.3325569866753755,236.18004496485167,18.794315835982463,65.14669264322929,16.315319400482853,2,2,2,1049,7,0.6598379629629629,20.27434717826063,0.48927613941018766,ELECTRE-III,1
278,0115,0,0,"[30.656412749915546, 131.38673464803753]","[np.float64(34.20654701424958), np.float64(131.1176548214416)]",2026-06-14 01:30:20,533.5883580169184,1,4.570586865396114,395.563859776134,29.68213442004503,64.54228237338569,15.068078687398678,1,1,1,923,10,0.6599537037037037,10.448402761472753,0.6528150134048257,ELECTRE-III,1
279,0169,0,0,"[30.656412749915546, 131.38673464803753]","[np.float64(33.37960566356249), np.float64(131.6024973648121)]",2026-06-14 01:30:20,379.43114481642897,1,3.3325569866753755,303.48789820484734,23.619876542212726,65.1799010229739,23.315319400482853,2,2,2,1049,7,0.6599537037037037,27.275041622705075,0.48927613941018766,ELECTRE-III,1
280,0169,0,0,"[30.05659578228878, 131.22912120275032]","[np.float64(33.37960566356249), np.float64(131.6024973648121)]",2026-06-14 01:30:30,379.43114481642897,1,3.3325569866753755,371.18528488144386,28.140059456326107,65.21309574234016,23.315319400482853,2,2,2,1049,7,0.6600694444444445,27.27573606714952,0.48927613941018766,ELECTRE-III,1
281,0029,0,0,"[38.241638351538185, 108.83334755581788]","[np.float64(35.08020700577351), np.float64(108.0991195646698)]",2026-06-14 03:07:00,817.7929203863263,2,2.291608044766971,357.58021860390994,27.259573462212536,65.12963766087177,16.43893975702494,3,3,3,856,14,0.7270833333333333,12.07643975702494,1.0,ELECTRE-III,1
282,0047,0,0,"[38.241638351538185, 108.83334755581788]","[np.float64(34.62513784384307), np.float64(109.2612493917191)]",2026-06-14 03:07:00,747.9433181195083,2,2.971744990636447,403.95342271639123,30.20220630325545,66.18380905737153,18.060720588956478,4,4,3,1397,11,0.7270833333333333,14.425303922289812,0.7640750670241286,ELECTRE-III,1
283,0029,0,0,"[37.64338208213677, 108.65283931643279]","[np.float64(35.08020700577351), np.float64(108.0991195646698)]",2026-06-14 03:07:10,817.7929203863263,2,2.291608044766971,289.29126711906736,22.62862952347728,65.16132973862062,17.43893975702494,3,3,3,856,14,0.727199074074074,10.894148090358275,1.0,ELECTRE-III,1
284,0047,0,0,"[37.64338208213677, 108.65283931643279]","[np.float64(34.62513784384307), np.float64(109.2612493917191)]",2026-06-14 03:07:10,747.9433181195083,2,2.971744990636447,340.02979318518135,26.102842977676374,66.21556260682293,19.060720588956478,4,4,3,1397,11,0.727199074074074,21.969516885252773,0.7640750670241286,ELECTRE-III,1
285,0204,0,0,"[37.64338208213677, 108.65283931643279]","[np.float64(34.55784217130976), np.float64(108.4980001147001)]",2026-06-14 03:07:10,775.3228656740221,2,2.7444955136938844,343.378603489366,26.325369890428735,65.6562110949339,17.813479875872304,2,2,2,720,10,0.727199074074074,21.449475246242674,0.6528150134048257,ELECTRE-III,1
286,0029,0,0,"[37.04497554857361, 108.47455088852794]","[np.float64(35.08020700577351), np.float64(108.0991195646698)]",2026-06-14 03:07:20,817.7929203863263,2,2.291608044766971,221.0629170567629,17.668469889129238,65.19301498618032,18.43893975702494,3,3,3,856,14,0.7273148148148149,22.075513831099016,1.0,ELECTRE-III,1
287,0047,0,0,"[37.04497554857361, 108.47455088852794]","[np.float64(34.62513784384307), np.float64(109.2612493917191)]",2026-06-14 03:07:20,747.9433181195083,2,2.971744990636447,278.2593788163293,21.848322982981603,66.24730932608514,24.060720588956478,4,4,3,1397,11,0.7273148148148149,18.969516885252773,0.7640750670241286,ELECTRE-III,1
288,0204,0,0,"[37.04497554857361, 108.47455088852794]","[np.float64(34.55784217130976), np.float64(108.4980001147001)]",2026-06-14 03:07:20,775.3228656740221,2,2.7444955136938844,276.5650862730134,21.727715430386606,65.68822419157375,16.813479875872304,2,2,2,720,10,0.7273148148148149,11.722276172168598,0.6528150134048257,ELECTRE-III,1
289,0029,0,0,"[36.446418750848714, 108.29839347964415]","[np.float64(35.08020700577351), np.float64(108.0991195646698)]",2026-06-14 03:07:30,817.7929203863263,2,2.291608044766971,152.97621972266757,12.4307429660196,65.22468657336167,20.43893975702494,3,3,3,856,14,0.7274305555555556,14.619495312580495,1.0,ELECTRE-III,1
290,0047,0,0,"[36.446418750848714, 108.29839347964415]","[np.float64(34.62513784384307), np.float64(109.2612493917191)]",2026-06-14 03:07:30,747.9433181195083,2,2.971744990636447,220.45928995579905,17.62321446211115,66.27904238496902,19.060720588956478,4,4,3,1397,11,0.7274305555555556,24.152734477845367,0.7640750670241286,ELECTRE-III,1
291,0204,0,0,"[36.446418750848714, 108.29839347964415]","[np.float64(34.55784217130976), np.float64(108.4980001147001)]",2026-06-14 03:07:30,775.3228656740221,2,2.7444955136938844,210.77617598910956,16.894169007067138,65.72022362783527,18.813479875872304,2,2,2,720,10,0.7274305555555556,24.632924320316747,0.6528150134048257,ELECTRE-III,1
292,0029,0,0,"[35.84772193424583, 108.12430561807886]","[np.float64(35.08020700577351), np.float64(108.0991195646698)]",2026-06-14 03:07:40,817.7929203863263,2,2.291608044766971,85.37436263188546,7.013165533058404,65.25635133035384,15.43893975702494,3,3,3,856,14,0.7275462962962963,11.073661979247163,1.0,ELECTRE-III,1
293,0047,0,0,"[35.84772193424583, 108.12430561807886]","[np.float64(34.62513784384307), np.float64(109.2612493917191)]",2026-06-14 03:07:40,747.9433181195083,2,2.971744990636447,170.71165676264584,13.819378630073746,66.31076178347456,18.060720588956478,4,4,3,1397,11,0.7275462962962963,17.333174292660182,0.7640750670241286,ELECTRE-III,1
294,0204,0,0,"[35.84772193424583, 108.12430561807886]","[np.float64(34.55784217130976), np.float64(108.4980001147001)]",2026-06-14 03:07:40,775.3228656740221,2,2.7444955136938844,147.39199962484787,11.990342800549207,65.75220940371842,14.813479875872304,2,2,2,720,10,0.7275462962962963,11.175748394390823,0.6528150134048257,ELECTRE-III,1
295,0029,0,0,"[35.248885098764966, 107.95219851137288]","[np.float64(35.08020700577351), np.float64(108.0991195646698)]",2026-06-14 03:07:50,817.7929203863263,2,2.291608044766971,23.02523537386958,1.9002378583633805,65.28800242696768,13.43893975702494,3,3,3,856,14,0.727662037037037,9.072967534802718,1.0,ELECTRE-III,1
296,0047,0,0,"[35.248885098764966, 107.95219851137288]","[np.float64(34.62513784384307), np.float64(109.2612493917191)]",2026-06-14 03:07:50,747.9433181195083,2,2.971744990636447,138.01805632488004,11.24784567987737,66.34247435179093,25.060720588956478,4,4,3,1397,11,0.727662037037037,25.788382625993513,0.7640750670241286,ELECTRE-III,1
297,0204,0,0,"[35.248885098764966, 107.95219851137288]","[np.float64(34.55784217130976), np.float64(108.4980001147001)]",2026-06-14 03:07:50,775.3228656740221,2,2.7444955136938844,91.55206542768062,7.515031472934933,65.78418834941243,18.813479875872304,2,2,2,720,10,0.727662037037037,20.996465986983416,0.6528150134048257,ELECTRE-III,1
298,0029,0,0,"[34.64992190478445, 107.78201068782367]","[np.float64(35.08020700577351), np.float64(108.0991195646698)]",2026-06-14 03:08:00,817.7929203863263,2,2.291608044766971,55.912691243924584,4.606133740648434,65.31963986320318,14.43893975702494,3,3,3,856,14,0.7277777777777777,18.805606423691607,1.0,ELECTRE-III,1
299,0047,0,0,"[34.64992190478445, 107.78201068782367]","[np.float64(34.62513784384307), np.float64(109.2612493917191)]",2026-06-14 03:08:00,747.9433181195083,2,2.971744990636447,135.35845304622094,11.036471983548488,66.37416642953978,26.060720588956478,4,4,3,1397,11,0.7277777777777777,27.516276144512034,0.7640750670241286,ELECTRE-III,1
300,0204,0,0,"[34.64992190478445, 107.78201068782367]","[np.float64(34.55784217130976), np.float64(108.4980001147001)]",2026-06-14 03:08:00,775.3228656740221,2,2.7444955136938844,66.32543623504273,5.45916548340335,65.8161536347281,17.813479875872304,2,2,2,720,10,0.7277777777777777,20.724590986983415,0.6528150134048257,ELECTRE-III,1
301,0029,0,0,"[34.05082893720971, 107.61366701535037]","[np.float64(35.08020700577351), np.float64(108.0991195646698)]",2026-06-14 03:08:10,817.7929203863263,2,2.291608044766971,122.78959075908014,10.033518847296014,65.35126363906033,21.43893975702494,3,3,3,856,14,0.7278935185185185,24.350513831099015,1.0,ELECTRE-III,1
302,0047,0,0,"[34.05082893720971, 107.61366701535037]","[np.float64(34.62513784384307), np.float64(109.2612493917191)]",2026-06-14 03:08:10,747.9433181195083,2,2.971744990636447,164.1992216504682,13.311303600347774,66.40585167709948,24.060720588956478,4,4,3,1397,11,0.7278935185185185,24.060720588956478,0.7640750670241286,ELECTRE-III,1
303,0204,0,0,"[34.05082893720971, 107.61366701535037]","[np.float64(34.55784217130976), np.float64(108.4980001147001)]",2026-06-14 03:08:10,775.3228656740221,2,2.7444955136938844,98.87570160146528,8.10848628057786,65.84811208985458,9.813479875872304,2,2,2,720,10,0.7278935185185185,4.718225246242675,0.6528150134048257,ELECTRE-III,1
304,0017,0,0,"[33.45161302622991, 107.44709919206127]","[np.float64(31.03278181291179), np.float64(104.4029732396626)]",2026-06-14 03:08:20,390.99000975370853,1,3.3837186155216323,392.7774910200328,29.50820349555711,63.51188003519757,15.93710023241439,3,3,3,724,5,0.7280092592592593,13.753072454636612,0.2587131367292225,ELECTRE-III,1
305,0029,0,0,"[33.45161302622991, 107.44709919206127]","[np.float64(35.08020700577351), np.float64(108.0991195646698)]",2026-06-14 03:08:20,817.7929203863263,2,2.291608044766971,190.74515814208632,15.368203882821255,65.38288058472833,13.43893975702494,3,3,3,856,14,0.7280092592592593,7.614865682950866,1.0,ELECTRE-III,1
306,0047,0,0,"[33.45161302622991, 107.44709919206127]","[np.float64(34.62513784384307), np.float64(109.2612493917191)]",2026-06-14 03:08:20,747.9433181195083,2,2.971744990636447,212.05581248963594,16.990842692801518,66.43752326428083,20.060720588956478,4,4,3,1397,11,0.7280092592592593,22.972757625993516,0.7640750670241286,ELECTRE-III,1
307,0204,0,0,"[33.45161302622991, 107.44709919206127]","[np.float64(34.55784217130976), np.float64(108.4980001147001)]",2026-06-14 03:08:20,775.3228656740221,2,2.7444955136938844,156.56997413534225,12.713381038186718,65.88005688460272,16.813479875872304,2,2,2,720,10,0.7280092592592593,18.997507653650082,0.6528150134048257,ELECTRE-III,1
308,0017,0,0,"[32.85228441712879, 107.28225257644301]","[np.float64(31.03278181291179), np.float64(104.4029732396626)]",2026-06-14 03:08:30,390.99000975370853,1,3.3837186155216323,338.7136010808631,26.015149783754918,63.54702135847728,24.93710023241439,3,3,3,724,5,0.728125,27.12147523241439,0.2587131367292225,ELECTRE-III,1
309,0029,0,0,"[32.85228441712879, 107.28225257644301]","[np.float64(35.08020700577351), np.float64(108.0991195646698)]",2026-06-14 03:08:30,817.7929203863263,2,2.291608044766971,258.9313673075661,20.46054264286131,65.41448387001797,20.43893975702494,3,3,3,856,14,0.728125,13.885814757024939,1.0,ELECTRE-III,1
310,0047,0,0,"[32.85228441712879, 107.28225257644301]","[np.float64(34.62513784384307), np.float64(109.2612493917191)]",2026-06-14 03:08:30,747.9433181195083,2,2.971744990636447,268.96167183203687,21.1839817748665,66.46918119108383,26.060720588956478,4,4,3,1397,11,0.728125,28.245095588956477,0.7640750670241286,ELECTRE-III,1
311,0204,0,0,"[32.85228441712879, 107.28225257644301]","[np.float64(34.55784217130976), np.float64(108.4980001147001)]",2026-06-14 03:08:30,775.3228656740221,2,2.7444955136938844,220.48170583391354,17.624895442777646,65.91198801897254,16.813479875872304,2,2,2,720,10,0.728125,22.638479875872303,0.6528150134048257,ELECTRE-III,1
312,0017,0,0,"[32.25284310990638, 107.11905203641473]","[np.float64(31.03278181291179), np.float64(104.4029732396626)]",2026-06-14 03:08:40,390.99000975370853,1,3.3837186155216323,290.69683871126784,22.727421996068674,63.582162681757,21.93710023241439,3,3,3,724,5,0.7282407407407407,16.111174306488465,0.2587131367292225,ELECTRE-III,1
313,0029,0,0,"[32.25284310990638, 107.11905203641473]","[np.float64(35.08020700577351), np.float64(108.0991195646698)]",2026-06-14 03:08:40,817.7929203863263,2,2.291608044766971,327.20492610785874,25.242791874835433,65.44608032511846,19.43893975702494,3,3,3,856,14,0.7282407407407407,21.623661979247164,1.0,ELECTRE-III,1
314,0047,0,0,"[32.25284310990638, 107.11905203641473]","[np.float64(34.62513784384307), np.float64(109.2612493917191)]",2026-06-14 03:08:40,747.9433181195083,2,2.971744990636447,330.27280812201,25.449656205879986,66.50083228769768,18.060720588956478,4,4,3,1397,11,0.7282407407407407,14.419516885252774,0.7640750670241286,ELECTRE-III,1
315,0204,0,0,"[32.25284310990638, 107.11905203641473]","[np.float64(34.55784217130976), np.float64(108.4980001147001)]",2026-06-14 03:08:40,775.3228656740221,2,2.7444955136938844,286.4803836225684,22.430636525655977,65.94391232315317,11.813479875872304,2,2,2,720,10,0.7282407407407407,17.63940580179823,0.6528150134048257,ELECTRE-III,1
316,0017,0,0,"[31.653292519657246, 106.95745659084139]","[np.float64(31.03278181291179), np.float64(104.4029732396626)]",2026-06-14 03:08:50,390.99000975370853,1,3.3837186155216323,252.20828586105387,19.971778036590305,63.61729717484754,23.93710023241439,3,3,3,724,5,0.7283564814814815,19.566961343525502,0.2587131367292225,ELECTRE-III,1
317,0025,0,0,"[31.653292519657246, 106.95745659084139]","[np.float64(28.10243289381832), np.float64(106.664718585556)]",2026-06-14 03:08:50,887.5950345511038,2,5.294179575268026,395.8450129571795,29.699651271820475,65.97039296656531,18.442618806246042,2,2,2,851,6,0.7283564814814815,15.529192880320116,0.3646112600536193,ELECTRE-III,1
318,0029,0,0,"[31.653292519657246, 106.95745659084139]","[np.float64(35.08020700577351), np.float64(108.0991195646698)]",2026-06-14 03:08:50,817.7929203863263,2,2.291608044766971,395.52066422107464,29.67944264079815,65.4776631198406,21.43893975702494,3,3,3,856,14,0.7283564814814815,25.80907864591383,1.0,ELECTRE-III,1
319,0047,0,0,"[31.653292519657246, 106.95745659084139]","[np.float64(34.62513784384307), np.float64(109.2612493917191)]",2026-06-14 03:08:50,747.9433181195083,2,2.971744990636447,393.93704572532084,29.580658171085787,66.53246289374401,23.060720588956478,4,4,3,1397,11,0.7283564814814815,23.78907707043796,0.7640750670241286,ELECTRE-III,1
320,0197,0,0,"[31.653292519657246, 106.95745659084139]","[np.float64(28.19128554769927), np.float64(107.3508499153849)]",2026-06-14 03:08:50,184.4411046548023,1,6.61753112550114,386.8194250002432,29.134276630503066,66.56267282044297,18.43893975702494,3,3,3,1402,7,0.7283564814814815,22.80907864591383,0.48927613941018766,ELECTRE-III,1
321,0204,0,0,"[31.653292519657246, 106.95745659084139]","[np.float64(34.55784217130976), np.float64(108.4980001147001)]",2026-06-14 03:08:50,775.3228656740221,2,2.7444955136938844,353.3984642783571,26.98609025231965,65.97582296695548,12.813479875872304,2,2,2,720,10,0.7283564814814815,7.714984505501933,0.6528150134048257,ELECTRE-III,1
322,0017,0,0,"[31.053636061475977, 106.79739110764214]","[np.float64(31.03278181291179), np.float64(104.4029732396626)]",2026-06-14 03:09:00,390.99000975370853,1,3.3837186155216323,228.12253749762164,18.19604723070535,63.65243166793809,24.93710023241439,3,3,3,724,5,0.7284722222222222,19.10932245463661,0.2587131367292225,ELECTRE-III,1
323,0025,0,0,"[31.053636061475977, 106.79739110764214]","[np.float64(28.10243289381832), np.float64(106.664718585556)]",2026-06-14 03:09:00,887.5950345511038,2,5.294179575268026,328.4098866919586,25.324125577637325,66.00694813900323,17.442618806246042,2,2,2,851,6,0.7284722222222222,18.899563250690488,0.3646112600536193,ELECTRE-III,1
324,0197,0,0,"[31.053636061475977, 106.79739110764214]","[np.float64(28.19128554769927), np.float64(107.3508499153849)]",2026-06-14 03:09:00,184.4411046548023,1,6.61753112550114,322.7423458000651,24.94062328666165,66.59915969098918,11.43893975702494,3,3,3,1402,7,0.7284722222222222,14.352828645913828,0.48927613941018766,ELECTRE-III,1
325,0017,0,0,"[30.453883980646328, 106.63881460568196]","[np.float64(31.03278181291179), np.float64(104.4029732396626)]",2026-06-14 03:09:10,390.99000975370853,1,3.3837186155216323,223.15595853273726,17.82521388314374,63.68755933083946,18.93710023241439,3,3,3,724,5,0.7285879629629629,21.851452084266242,0.2587131367292225,ELECTRE-III,1
326,0025,0,0,"[30.453883980646328, 106.63881460568196]","[np.float64(28.10243289381832), np.float64(106.664718585556)]",2026-06-14 03:09:10,887.5950345511038,2,5.294179575268026,261.48186782104193,20.645156086554078,66.0435101416303,14.442618806246042,2,2,2,851,6,0.7285879629629629,7.885327139579376,0.3646112600536193,ELECTRE-III,1
327,0197,0,0,"[30.453883980646328, 106.63881460568196]","[np.float64(28.19128554769927), np.float64(107.3508499153849)]",2026-06-14 03:09:10,184.4411046548023,1,6.61753112550114,260.88589396613827,20.60205753402865,66.63563973134622,17.43893975702494,3,3,3,1402,7,0.7285879629629629,15.25317586813605,0.48927613941018766,ELECTRE-III,1
328,0017,0,0,"[29.854036277168298, 106.48167244344748]","[np.float64(31.03278181291179), np.float64(104.4029732396626)]",2026-06-14 03:09:20,390.99000975370853,1,3.3837186155216323,238.50696554791506,18.96630736522894,63.72268016355167,15.93710023241439,3,3,3,724,5,0.7287037037037037,16.665803936118095,0.2587131367292225,ELECTRE-III,1
329,0025,0,0,"[29.854036277168298, 106.48167244344748]","[np.float64(28.10243289381832), np.float64(106.664718585556)]",2026-06-14 03:09:20,887.5950345511038,2,5.294179575268026,195.58175369321617,15.738796505085949,66.08006531406821,11.442618806246042,2,2,2,851,6,0.7287037037037037,10.713915102542337,0.3646112600536193,ELECTRE-III,1
330,0197,0,0,"[29.854036277168298, 106.48167244344748]","[np.float64(28.19128554769927), np.float64(107.3508499153849)]",2026-06-14 03:09:20,184.4411046548023,1,6.61753112550114,203.2866804478446,16.326378382034505,66.67211977170325,18.43893975702494,3,3,3,1402,7,0.7287037037037037,14.066717534802716,0.48927613941018766,ELECTRE-III,1
331,0017,0,0,"[29.254092951041887, 106.32590997942533]","[np.float64(31.03278181291179), np.float64(104.4029732396626)]",2026-06-14 03:09:30,390.99000975370853,1,3.3837186155216323,270.74251067590023,21.31169604290317,63.757800996263875,20.93710023241439,3,3,3,724,5,0.7288194444444445,27.49647523241439,0.2587131367292225,ELECTRE-III,1
332,0025,0,0,"[29.254092951041887, 106.32590997942533]","[np.float64(28.10243289381832), np.float64(106.664718585556)]",2026-06-14 03:09:30,887.5950345511038,2,5.294179575268026,132.25534986471484,10.789466154103867,66.11662048650612,18.442618806246042,2,2,2,851,6,0.7288194444444445,11.883243806246043,0.3646112600536193,ELECTRE-III,1
333,0197,0,0,"[29.254092951041887, 106.32590997942533]","[np.float64(28.19128554769927), np.float64(107.3508499153849)]",2026-06-14 03:09:30,184.4411046548023,1,6.61753112550114,154.77304421099828,12.572135590460617,66.7085998120603,17.43893975702494,3,3,3,1402,7,0.7288194444444445,18.896578645913827,0.48927613941018766,ELECTRE-III,1
334,0017,0,0,"[28.654064247550853, 106.17147940229135]","[np.float64(31.03278181291179), np.float64(104.4029732396626)]",2026-06-14 03:09:40,390.99000975370853,1,3.3837186155216323,314.71705471044186,24.393474003572347,63.792921828976084,20.93710023241439,3,3,3,724,5,0.7289351851851852,16.56348912130328,0.2587131367292225,ELECTRE-III,1
335,0025,0,0,"[28.654064247550853, 106.17147940229135]","[np.float64(28.10243289381832), np.float64(106.664718585556)]",2026-06-14 03:09:40,887.5950345511038,2,5.294179575268026,78.04443811724857,6.416295101427067,66.15317565894402,17.442618806246042,2,2,2,851,6,0.7289351851851852,10.15326695439419,0.3646112600536193,ELECTRE-III,1
336,0197,0,0,"[28.654064247550853, 106.17147940229135]","[np.float64(28.19128554769927), np.float64(107.3508499153849)]",2026-06-14 03:09:40,184.4411046548023,1,6.61753112550114,126.29079774538079,10.313555534682342,66.74507985241733,14.43893975702494,3,3,3,1402,7,0.7289351851851852,10.794263831099014,0.48927613941018766,ELECTRE-III,1
337,0017,0,0,"[28.053951874242486, 106.01833290072132]","[np.float64(31.03278181291179), np.float64(104.4029732396626)]",2026-06-14 03:09:50,390.99000975370853,1,3.3837186155216323,366.22685829406294,27.820808301040124,63.828035831499115,20.93710023241439,3,3,3,724,5,0.7290509259259259,24.58235486204402,0.2587131367292225,ELECTRE-III,1
338,0025,0,0,"[28.053951874242486, 106.01833290072132]","[np.float64(28.10243289381832), np.float64(106.664718585556)]",2026-06-14 03:09:50,887.5950345511038,2,5.294179575268026,63.64431315907786,5.239739499558358,66.18973083138194,12.442618806246042,2,2,2,851,6,0.7290509259259259,12.442618806246042,0.3646112600536193,ELECTRE-III,1
339,0197,0,0,"[28.053951874242486, 106.01833290072132]","[np.float64(28.19128554769927), np.float64(107.3508499153849)]",2026-06-14 03:09:50,184.4411046548023,1,6.61753112550114,131.5651344619052,10.734469714847208,66.78155989277437,17.43893975702494,3,3,3,1402,7,0.7290509259259259,15.980837905173088,0.48927613941018766,ELECTRE-III,1
340,0025,0,0,"[27.453755831116784, 105.86642949358024]","[np.float64(28.10243289381832), np.float64(106.664718585556)]",2026-06-14 03:10:00,887.5950345511038,2,5.294179575268026,106.63261344187475,8.735143764688415,66.22627917363067,15.442618806246042,2,2,2,851,6,0.7291666666666666,9.60928547291271,0.3646112600536193,ELECTRE-III,1
341,0197,0,0,"[27.453755831116784, 105.86642949358024]","[np.float64(28.19128554769927), np.float64(107.3508499153849)]",2026-06-14 03:10:00,184.4411046548023,1,6.61753112550114,167.4354319608587,13.564051983500281,66.81803310294224,12.43893975702494,3,3,3,1402,7,0.7291666666666666,10.25143975702494,0.48927613941018766,ELECTRE-III,1
342,0025,0,0,"[26.85348294836292, 105.71571453935474]","[np.float64(28.10243289381832), np.float64(106.664718585556)]",2026-06-14 03:10:10,887.5950345511038,2,5.294179575268026,167.48407496446714,13.567846932497204,66.26282751587941,13.442618806246042,2,2,2,851,6,0.7292824074074075,8.33764195439419,0.3646112600536193,ELECTRE-III,1
343,0197,0,0,"[26.85348294836292, 105.71571453935474]","[np.float64(28.19128554769927), np.float64(107.3508499153849)]",2026-06-14 03:10:10,184.4411046548023,1,6.61753112550114,219.37486231896563,17.541855171653012,66.85449948292094,17.43893975702494,3,3,3,1402,7,0.7292824074074075,13.792527719987902,0.48927613941018766,ELECTRE-III,1
344,0025,0,0,"[26.253134933528187, 105.56615388709896]","[np.float64(28.10243289381832), np.float64(106.664718585556)]",2026-06-14 03:10:20,887.5950345511038,2,5.294179575268026,232.57633595888294,18.527257823461756,66.29937585812816,10.442618806246042,2,2,2,851,6,0.7293981481481482,17.007202139579377,0.3646112600536193,ELECTRE-III,1
345,0197,0,0,"[26.253134933528187, 105.56615388709896]","[np.float64(28.19128554769927), np.float64(107.3508499153849)]",2026-06-14 03:10:20,184.4411046548023,1,6.61753112550114,278.5340659710677,21.867857348893367,66.89097269308881,13.43893975702494,3,3,3,1402,7,0.7293981481481482,16.35653234961753,0.48927613941018766,ELECTRE-III,1
346,0025,0,0,"[25.65271520170717, 105.41770655567791]","[np.float64(28.10243289381832), np.float64(106.664718585556)]",2026-06-14 03:10:30,887.5950345511038,2,5.294179575268026,299.1538558668922,23.318817118189898,66.33591737018772,14.442618806246042,2,2,2,851,6,0.7295138888888889,18.819702139579377,0.3646112600536193,ELECTRE-III,1
347,0197,0,0,"[25.65271520170717, 105.41770655567791]","[np.float64(28.19128554769927), np.float64(107.3508499153849)]",2026-06-14 03:10:30,184.4411046548023,1,6.61753112550114,341.1776548940701,26.179213715227366,66.9274390730675,17.43893975702494,3,3,3,1402,7,0.7295138888888889,13.791370312580495,0.48927613941018766,ELECTRE-III,1
348,0025,0,0,"[25.052227167994452, 105.27032473376737]","[np.float64(28.10243289381832), np.float64(106.664718585556)]",2026-06-14 03:10:40,887.5950345511038,2,5.294179575268026,366.408140184701,27.832513520331496,66.37246571243645,11.442618806246042,2,2,2,851,6,0.7296296296296296,4.8759521395793755,0.3646112600536193,ELECTRE-III,1
349,0197,0,0,"[25.052227167994452, 105.27032473376737]","[np.float64(28.19128554769927), np.float64(107.3508499153849)]",2026-06-14 03:10:40,184.4411046548023,1,6.61753112550114,405.6949499954163,30.309482560196983,66.9639054530462,17.43893975702494,3,3,3,1402,7,0.7296296296296296,23.275976794061975,0.48927613941018766,ELECTRE-III,1
350,0175,0,0,"[20.847113629996674, 104.26555609553431]","[np.float64(17.65213607451746), np.float64(102.6669995678322)]",2026-06-14 03:11:50,655.1355633326942,1,4.506605269059221,392.89320677006106,29.515438649462464,61.923717619197035,18.188019994719667,1,1,1,754,13,0.7304398148148148,14.535820920645593,0.9638069705093834,ELECTRE-III,1
351,0175,0,0,"[20.246173096251443, 104.12544159490066]","[np.float64(17.65213607451746), np.float64(102.6669995678322)]",2026-06-14 03:12:00,655.1355633326942,1,4.506605269059221,326.6815234501273,25.207428721324117,61.96176860306317,23.188019994719667,1,1,1,754,13,0.7305555555555555,18.07413110583078,0.9638069705093834,ELECTRE-III,1
352,0175,0,0,"[19.64518475118202, 103.9860852452649]","[np.float64(17.65213607451746), np.float64(102.6669995678322)]",2026-06-14 03:12:10,655.1355633326942,1,4.506605269059221,261.5827313811305,20.652447738941376,61.99981958692931,16.188019994719667,1,1,1,754,13,0.7306712962962963,22.764061661386336,0.9638069705093834,ELECTRE-III,1
353,0175,0,0,"[19.04415542497758, 103.84746655605949]","[np.float64(17.65213607451746), np.float64(102.6669995678322)]",2026-06-14 03:12:20,655.1355633326942,1,4.506605269059221,198.69561339535346,15.976677759804554,62.037863740606284,14.188019994719667,1,1,1,754,13,0.7307870370370371,20.765103328053,0.9638069705093834,ELECTRE-III,1
354,0175,0,0,"[18.44308341009082, 103.70954454614942]","[np.float64(17.65213607451746), np.float64(102.6669995678322)]",2026-06-14 03:12:30,655.1355633326942,1,4.506605269059221,141.00980661446926,11.485246588625003,62.075914724472426,14.188019994719667,1,1,1,754,13,0.7309027777777778,14.918922772497446,0.9638069705093834,ELECTRE-III,1
355,0175,0,0,"[17.841973829163635, 103.57229872496718]","[np.float64(17.65213607451746), np.float64(102.6669995678322)]",2026-06-14 03:12:40,655.1355633326942,1,4.506605269059221,98.1705064662933,8.051416424336667,62.1139588781494,14.188019994719667,1,1,1,754,13,0.7310185185185185,16.381075550275224,0.9638069705093834,ELECTRE-III,1
356,0175,0,0,"[17.24082668219601, 103.43569494156694]","[np.float64(17.65213607451746), np.float64(102.6669995678322)]",2026-06-14 03:12:50,655.1355633326942,1,4.506605269059221,93.49315265877594,7.672486579418367,62.15200303182637,19.188019994719667,1,1,1,754,13,0.7311342592592592,14.801214439164113,0.9638069705093834,ELECTRE-III,1
357,0175,0,0,"[16.63964367673524, 103.29970587519198]","[np.float64(17.65213607451746), np.float64(102.6669995678322)]",2026-06-14 03:13:00,655.1355633326942,1,4.506605269059221,131.12789939340203,10.699620411483307,62.19004035531417,17.188019994719667,1,1,1,754,13,0.73125,18.650519994719666,0.9638069705093834,ELECTRE-III,1
358,0175,0,0,"[16.03842993542321, 103.1643110352748]","[np.float64(17.65213607451746), np.float64(102.6669995678322)]",2026-06-14 03:13:10,655.1355633326942,1,4.506605269059221,187.0781803917523,15.086347814410006,62.22808450899114,16.188019994719667,1,1,1,754,13,0.7313657407407408,8.874362587312259,0.9638069705093834,ELECTRE-III,1
359,0175,0,0,"[15.437183750712618, 103.02948310105876]","[np.float64(17.65213607451746), np.float64(102.6669995678322)]",2026-06-14 03:13:20,655.1355633326942,1,4.506605269059221,249.30360143945876,19.759663089525663,62.266121832478944,19.188019994719667,1,1,1,754,13,0.7314814814814815,24.308390365090037,0.9638069705093834,ELECTRE-III,1
360,0175,0,0,"[14.835908537698057, 102.89519475178714]","[np.float64(17.65213607451746), np.float64(102.6669995678322)]",2026-06-14 03:13:30,655.1355633326942,1,4.506605269059221,314.096566234444,24.350970685375035,62.304159155966744,21.188019994719667,1,1,1,754,13,0.7315972222222222,20.456422772497444,0.9638069705093834,ELECTRE-III,1
361,0175,0,0,"[14.23460685770046, 102.76141866670326]","[np.float64(17.65213607451746), np.float64(102.6669995678322)]",2026-06-14 03:13:40,655.1355633326942,1,4.506605269059221,380.1464629224048,28.712229966347,62.34219647945454,18.188019994719667,1,1,1,754,13,0.731712962962963,17.456307031756705,0.9638069705093834,ELECTRE-III,1
362,0142,0,0,"[59.39195773917007, 93.16552197721228]","[np.float64(56.37599540038676), np.float64(90.7047273741157)]",2026-06-14 04:39:50,622.8213025145664,1,5.941794181935894,365.4910195787093,27.77326989626644,53.981027237172604,7.315319400482853,1,1,1,897,7,0.7915509259259259,8.898421252334705,0.48927613941018766,ELECTRE-III,1
363,0142,0,0,"[58.80731403678448, 92.7963229318164]","[np.float64(56.37599540038676), np.float64(90.7047273741157)]",2026-06-14 04:40:00,622.8213025145664,1,5.941794181935894,297.6673359574469,23.21524176777519,53.99298006822013,13.315319400482853,1,1,1,897,7,0.7916666666666666,6.190319400482853,0.48927613941018766,ELECTRE-III,1
364,0142,0,0,"[58.22187803245518, 92.43798388720086]","[np.float64(56.37599540038676), np.float64(90.7047273741157)]",2026-06-14 04:40:10,622.8213025145664,1,5.941794181935894,230.13504694890625,18.34586661652907,54.004915823794725,9.315319400482853,1,1,1,897,7,0.7917824074074075,1.3974953264087784,0.48927613941018766,ELECTRE-III,1
365,0142,0,0,"[57.63567704693884, 92.08993793766452]","[np.float64(56.37599540038676), np.float64(90.7047273741157)]",2026-06-14 04:40:20,622.8213025145664,1,5.941794181935894,163.25593501819117,13.23753293516172,54.016824258612644,10.315319400482853,1,1,1,897,7,0.7918981481481482,8.731523104186557,0.48927613941018766,ELECTRE-III,1
366,0142,0,0,"[57.0487691368434, 91.75163183788462]","[np.float64(56.37599540038676), np.float64(90.7047273741157)]",2026-06-14 04:40:30,622.8213025145664,1,5.941794181935894,98.37693602547782,8.068123974301415,54.02871561795764,6.315319400482853,1,1,1,897,7,0.7920138888888889,4.731291622705075,0.48927613941018766,ELECTRE-III,1
367,0142,0,0,"[56.461185038020126, 91.42256015386258]","[np.float64(56.37599540038676), np.float64(90.7047273741157)]",2026-06-14 04:40:40,622.8213025145664,1,5.941794181935894,45.15440409092886,3.722644481264979,54.040586486735116,13.315319400482853,1,1,1,897,7,0.7921296296296296,9.354671252334704,0.48927613941018766,ELECTRE-III,1
368,0142,0,0,"[55.87295890141487, 91.10225843273483]","[np.float64(56.37599540038676), np.float64(90.7047273741157)]",2026-06-14 04:40:50,622.8213025145664,1,5.941794181935894,61.12098270087207,5.033086432390291,54.052433449850504,12.315319400482853,1,1,1,897,7,0.7922453703703703,5.97735643751989,0.48927613941018766,ELECTRE-III,1
369,0142,0,0,"[55.28412487797349, 90.79027588201615]","[np.float64(56.37599540038676), np.float64(90.7047273741157)]",2026-06-14 04:41:00,622.8213025145664,1,5.941794181935894,121.52810526184405,9.932502050328084,54.06425992239838,6.315319400482853,1,1,1,897,7,0.7923611111111111,1.5611527338161864,0.48927613941018766,ELECTRE-III,1
370,0142,0,0,"[54.69471370354724, 90.48619586016719]","[np.float64(56.37599540038676), np.float64(90.7047273741157)]",2026-06-14 04:41:10,622.8213025145664,1,5.941794181935894,187.45504004018937,15.115349233706345,54.07606248928416,7.315319400482853,1,1,1,897,7,0.7924768518518519,9.692749956038408,0.48927613941018766,ELECTRE-III,1
371,0142,0,0,"[54.10475952908197, 90.18964270678357]","[np.float64(56.37599540038676), np.float64(90.7047273741157)]",2026-06-14 04:41:20,622.8213025145664,1,5.941794181935894,254.65060528442808,20.14968834387443,54.08784798069702,10.315319400482853,1,1,1,897,7,0.7925925925925926,10.315319400482853,0.48927613941018766,ELECTRE-III,1
372,0142,0,0,"[53.514282845145196, 89.90024076146096]","[np.float64(56.37599540038676), np.float64(90.7047273741157)]",2026-06-14 04:41:30,622.8213025145664,1,5.941794181935894,322.3235708364669,24.912190813106193,54.09960956644778,14.315319400482853,1,1,1,897,7,0.7927083333333333,7.180944400482852,0.48927613941018766,ELECTRE-III,1
373,0142,0,0,"[52.9233109724936, 89.61765534493003]","[np.float64(56.37599540038676), np.float64(90.7047273741157)]",2026-06-14 04:41:40,622.8213025145664,1,5.941794181935894,390.2261380872625,29.348416773564406,54.111350661631036,8.315319400482853,1,1,1,897,7,0.7928240740740741,1.9727268078902602,0.48927613941018766,ELECTRE-III,1
374,0129,0,0,"[41.02866972160521, 85.01231833477888]","[np.float64(40.91596440505024), np.float64(80.40301807772518)]",2026-06-14 04:45:00,866.3019436802718,2,2.483152116642941,387.1326898611571,29.154005332584138,60.38904241458687,11.311640351261754,2,2,2,1096,10,0.7951388888888888,8.926223684595088,0.6528150134048257,ELECTRE-III,1
375,0129,0,0,"[40.431219414525856, 84.82026707569646]","[np.float64(40.91596440505024), np.float64(80.40301807772518)]",2026-06-14 04:45:10,866.3019436802718,2,2.483152116642941,376.3622567105624,28.471363285293886,60.4168686052655,16.311640351261754,2,2,2,1096,10,0.7952546296296297,13.925876462372866,0.6528150134048257,ELECTRE-III,1
376,0129,0,0,"[39.83358469233891, 84.63087276020119]","[np.float64(40.91596440505024), np.float64(80.40301807772518)]",2026-06-14 04:45:20,866.3019436802718,2,2.483152116642941,377.7795718778397,28.561705408908534,60.444681135565794,19.311640351261754,2,2,2,1096,10,0.7953703703703704,14.539418129039532,0.6528150134048257,ELECTRE-III,1
377,0129,0,0,"[39.235768970138956, 84.44402610526632]","[np.float64(40.91596440505024), np.float64(80.40301807772518)]",2026-06-14 04:45:30,866.3019436802718,2,2.483152116642941,391.25286006937796,29.41277900682425,60.472480005487746,13.311640351261754,2,2,2,1096,10,0.7954861111111111,8.538723684595087,0.6528150134048257,ELECTRE-III,1
378,0087,0,0,"[30.251331305715016, 81.89105848786646]","[np.float64(26.6900983085824), np.float64(82.02390902942602)]",2026-06-14 04:48:00,475.8681302628163,1,4.373232486426424,396.2043366895315,29.722029539247917,66.20251011531903,11.442618806246042,1,1,1,1060,4,0.7972222222222223,17.82039658402382,0.20241286863270777,ELECTRE-III,1
379,0087,0,0,"[29.651449451291136, 81.73438760868471]","[np.float64(26.6900983085824), np.float64(82.02390902942602)]",2026-06-14 04:48:10,475.8681302628163,1,4.373232486426424,330.5078893383386,25.46547830551103,66.23968683497141,16.442618806246042,1,1,1,1060,4,0.797337962962963,10.861253065505302,0.20241286863270777,ELECTRE-III,1
380,0218,0,0,"[29.651449451291136, 81.73438760868471]","[np.float64(27.01997852084376), np.float64(79.18184992959758)]",2026-06-14 04:48:10,318.4257612573197,1,2.2257168653093258,384.71629310770766,29.00163007048116,63.6942255954694,23.188019994719667,2,2,2,1475,4,0.797337962962963,24.782695920645594,0.20241286863270777,ELECTRE-III,1
381,0087,0,0,"[29.05147538931346, 81.57907593714779]","[np.float64(26.6900983085824), np.float64(82.02390902942602)]",2026-06-14 04:48:20,475.8681302628163,1,4.373232486426424,266.1884542496353,20.98465842044646,66.27686355462379,16.442618806246042,1,1,1,1060,4,0.7974537037037037,22.02479473217197,0.20241286863270777,ELECTRE-III,1
382,0191,0,0,"[29.05147538931346, 81.57907593714779]","[np.float64(27.23273465917707), np.float64(84.8995652894349)]",2026-06-14 04:48:20,438.0207690698734,1,3.8583835993131634,383.24083346491074,28.90836766066617,68.79392486755688,13.191699043940766,2,2,2,807,14,0.7974537037037037,10.799337932829655,1.0,ELECTRE-III,1
383,0218,0,0,"[29.05147538931346, 81.57907593714779]","[np.float64(27.01997852084376), np.float64(79.18184992959758)]",2026-06-14 04:48:20,318.4257612573197,1,2.2257168653093258,326.1466905616388,25.1712720577096,63.731306692473396,21.188019994719667,2,2,2,1475,4,0.7974537037037037,18.795658883608557,0.20241286863270777,ELECTRE-III,1
384,0087,0,0,"[28.45141765751845, 81.42508249212068]","[np.float64(26.6900983085824), np.float64(82.02390902942602)]",2026-06-14 04:48:30,475.8681302628163,1,4.373232486426424,204.54996216251647,16.422384519026565,66.314033444087,9.442618806246042,1,1,1,1060,4,0.7975694444444444,5.45477158402382,0.20241286863270777,ELECTRE-III,1
385,0191,0,0,"[28.45141765751845, 81.42508249212068]","[np.float64(27.23273465917707), np.float64(84.8995652894349)]",2026-06-14 04:48:30,438.0207690698734,1,3.8583835993131634,367.49512104777165,27.902646004814127,68.83078056831827,6.1916990439407655,2,2,2,807,14,0.7975694444444444,9.381976821718544,1.0,ELECTRE-III,1
386,0218,0,0,"[28.45141765751845, 81.42508249212068]","[np.float64(27.01997852084376), np.float64(79.18184992959758)]",2026-06-14 04:48:30,318.4257612573197,1,2.2257168653093258,272.16048321626505,21.413228535754975,63.768394619666566,15.188019994719667,2,2,2,1475,4,0.7975694444444444,19.973436661386334,0.20241286863270777,ELECTRE-III,1
387,0248,0,0,"[28.45141765751845, 81.42508249212068]","[np.float64(25.24491213164131), np.float64(82.96245616846963)]",2026-06-14 04:48:30,219.64601821232012,1,5.541899218993892,387.7859439824936,29.19512140653251,67.18704090304135,13.435260707803842,3,3,3,675,3,0.7975694444444444,16.625538485581618,0.06836461126005362,ELECTRE-III,1
388,0087,0,0,"[27.85127625590611, 81.2723594622792]","[np.float64(26.6900983085824), np.float64(82.02390902942602)]",2026-06-14 04:48:40,475.8681302628163,1,4.373232486426424,148.9578828596651,12.113983846532774,66.35121016373938,13.442618806246042,1,1,1,1060,4,0.7976851851851852,6.263452139579376,0.20241286863270777,ELECTRE-III,1
389,0191,0,0,"[27.85127625590611, 81.2723594622792]","[np.float64(27.23273465917707), np.float64(84.8995652894349)]",2026-06-14 04:48:40,438.0207690698734,1,3.8583835993131634,364.1574052673911,27.68700660651644,68.86762943889049,10.191699043940766,2,2,2,807,14,0.7976851851851852,7.79864348838521,1.0,ELECTRE-III,1
390,0218,0,0,"[27.85127625590611, 81.2723594622792]","[np.float64(27.01997852084376), np.float64(79.18184992959758)]",2026-06-14 04:48:40,318.4257612573197,1,2.2257168653093258,226.06619762377414,18.042698463931888,63.805475716670564,22.188019994719667,2,2,2,1475,4,0.7976851851851852,28.569501476201147,0.20241286863270777,ELECTRE-III,1
391,0248,0,0,"[27.85127625590611, 81.2723594622792]","[np.float64(25.24491213164131), np.float64(82.96245616846963)]",2026-06-14 04:48:40,219.64601821232012,1,5.541899218993892,335.0318952932604,25.76915438138499,67.22470939631397,19.43526070780384,3,3,3,675,3,0.7976851851851852,25.81674218928532,0.06836461126005362,ELECTRE-III,1
392,0087,0,0,"[27.251052892023733, 81.12086586648832]","[np.float64(26.6900983085824), np.float64(82.02390902942602)]",2026-06-14 04:48:50,475.8681302628163,1,4.373232486426424,109.08491943040889,8.93282802280982,66.38838005320258,12.442618806246042,1,1,1,1060,4,0.7978009259259259,8.453614176616412,0.20241286863270777,ELECTRE-III,1
393,0191,0,0,"[27.251052892023733, 81.12086586648832]","[np.float64(27.23273465917707), np.float64(84.8995652894349)]",2026-06-14 04:48:50,438.0207690698734,1,3.8583835993131634,373.5593955744414,28.292248447964727,68.90447830946272,8.191699043940766,2,2,2,807,14,0.7978009259259259,5.000495340237062,1.0,ELECTRE-III,1
394,0218,0,0,"[27.251052892023733, 81.12086586648832]","[np.float64(27.01997852084376), np.float64(79.18184992959758)]",2026-06-14 04:48:50,318.4257612573197,1,2.2257168653093258,193.58761501880545,15.586162120382735,63.842563643863734,17.188019994719667,2,2,2,1475,4,0.7978009259259259,14.794617216941889,0.20241286863270777,ELECTRE-III,1
395,0248,0,0,"[27.251052892023733, 81.12086586648832]","[np.float64(25.24491213164131), np.float64(82.96245616846963)]",2026-06-14 04:48:50,219.64601821232012,1,5.541899218993892,288.9401278213597,22.60392701660092,67.26238471977575,22.43526070780384,3,3,3,675,3,0.7978009259259259,29.615469041137175,0.06836461126005362,ELECTRE-III,1
396,0087,0,0,"[26.65075439606048, 80.97054706323468]","[np.float64(26.6900983085824), np.float64(82.02390902942602)]",2026-06-14 04:49:00,475.8681302628163,1,4.373232486426424,104.75764449139935,8.583857787573718,66.4255499426658,7.442618806246042,1,1,1,1060,4,0.7979166666666667,14.623868806246042,0.20241286863270777,ELECTRE-III,1
397,0191,0,0,"[26.65075439606048, 80.97054706323468]","[np.float64(27.23273465917707), np.float64(84.8995652894349)]",2026-06-14 04:49:00,438.0207690698734,1,3.8583835993131634,394.79237831392174,29.634036987584544,68.94132718003493,12.191699043940766,2,2,2,807,14,0.7979166666666667,6.606282377274098,1.0,ELECTRE-III,1
398,0218,0,0,"[26.65075439606048, 80.97054706323468]","[np.float64(27.01997852084376), np.float64(79.18184992959758)]",2026-06-14 04:49:00,318.4257612573197,1,2.2257168653093258,182.15982632903854,14.707131929561925,63.87964474086773,20.188019994719667,2,2,2,1475,4,0.7979166666666667,12.208853328053,0.20241286863270777,ELECTRE-III,1
399,0248,0,0,"[26.65075439606048, 80.97054706323468]","[np.float64(25.24491213164131), np.float64(82.96245616846963)]",2026-06-14 04:49:00,219.64601821232012,1,5.541899218993892,253.17661668469012,20.042364179453056,67.30005321304839,17.43526070780384,3,3,3,675,3,0.7979166666666667,9.456094041137174,0.06836461126005362,ELECTRE-III,1
400,0087,0,0,"[26.05038076801636, 80.82136207138325]","[np.float64(26.6900983085824), np.float64(82.02390902942602)]",2026-06-14 04:49:10,475.8681302628163,1,4.373232486426424,139.3282841416113,11.351863331940939,66.46271983212901,10.442618806246042,1,1,1,1060,4,0.7980324074074074,3.260327139579375,0.20241286863270777,ELECTRE-III,1
401,0218,0,0,"[26.05038076801636, 80.82136207138325]","[np.float64(27.01997852084376), np.float64(79.18184992959758)]",2026-06-14 04:49:10,318.4257612573197,1,2.2257168653093258,195.51123559286057,15.73340283661191,63.91672583787173,24.188019994719667,2,2,2,1475,4,0.7980324074074074,19.399825550275224,0.20241286863270777,ELECTRE-III,1
402,0248,0,0,"[26.05038076801636, 80.82136207138325]","[np.float64(25.24491213164131), np.float64(82.96245616846963)]",2026-06-14 04:49:10,219.64601821232012,1,5.541899218993892,232.5553812080471,18.525702486795858,67.33772853651017,22.43526070780384,3,3,3,675,3,0.7980324074074074,14.454936633729767,0.06836461126005362,ELECTRE-III,1
403,0042,0,0,"[25.449937130533247, 80.67328357017738]","[np.float64(22.44477907087294), np.float64(82.07061950940755)]",2026-06-14 04:49:20,412.40718330777054,1,5.536524837242601,363.06901213422725,27.616503991458654,66.3836603924861,13.817158925093404,3,3,3,1340,11,0.7981481481481482,9.826418184352663,0.7640750670241286,ELECTRE-III,1
404,0087,0,0,"[25.449937130533247, 80.67328357017738]","[np.float64(26.6900983085824), np.float64(82.02390902942602)]",2026-06-14 04:49:20,475.8681302628163,1,4.373232486426424,192.90874735923757,15.534148646687289,66.49988972159221,10.442618806246042,1,1,1,1060,4,0.7981481481481482,12.038915102542338,0.20241286863270777,ELECTRE-III,1
405,0218,0,0,"[25.449937130533247, 80.67328357017738]","[np.float64(27.01997852084376), np.float64(79.18184992959758)]",2026-06-14 04:49:20,318.4257612573197,1,2.2257168653093258,229.35650169959595,18.287939228185195,63.95380693487573,22.188019994719667,2,2,2,1475,4,0.7981481481481482,29.371353328053,0.20241286863270777,ELECTRE-III,1
406,0248,0,0,"[25.449937130533247, 80.67328357017738]","[np.float64(25.24491213164131), np.float64(82.96245616846963)]",2026-06-14 04:49:20,219.64601821232012,1,5.541899218993892,231.16325463481311,18.42231055612517,67.37539702978279,20.43526070780384,3,3,3,675,3,0.7981481481481482,23.627853300396435,0.06836461126005362,ELECTRE-III,1
407,0042,0,0,"[24.84942519115843, 80.52625691810368]","[np.float64(22.44477907087294), np.float64(82.07061950940755)]",2026-06-14 04:49:30,412.40718330777054,1,5.536524837242601,310.21598136451087,24.084504404147403,66.42186847070316,15.817158925093404,3,3,3,1340,11,0.7982638888888889,11.02757559176007,0.7640750670241286,ELECTRE-III,1
408,0087,0,0,"[24.84942519115843, 80.52625691810368]","[np.float64(26.6900983085824), np.float64(82.02390902942602)]",2026-06-14 04:49:30,475.8681302628163,1,4.373232486426424,253.729680408681,20.08265113596775,66.53705961105543,10.442618806246042,1,1,1,1060,4,0.7982638888888889,11.24088269513493,0.20241286863270777,ELECTRE-III,1
409,0218,0,0,"[24.84942519115843, 80.52625691810368]","[np.float64(27.01997852084376), np.float64(79.18184992959758)]",2026-06-14 04:49:30,318.4257612573197,1,2.2257168653093258,276.26349605202046,21.706225581773197,63.990888031879734,16.188019994719667,2,2,2,1475,4,0.7982638888888889,22.57413110583078,0.20241286863270777,ELECTRE-III,1
410,0248,0,0,"[24.84942519115843, 80.52625691810368]","[np.float64(25.24491213164131), np.float64(82.96245616846963)]",2026-06-14 04:49:30,219.64601821232012,1,5.541899218993892,249.32328032820607,19.76110205014093,67.41306552305541,15.435260707803842,3,3,3,675,3,0.7982638888888889,9.847413485581619,0.06836461126005362,ELECTRE-III,1
411,0042,0,0,"[24.248848364986504, 80.38024796421632]","[np.float64(22.44477907087294), np.float64(82.07061950940755)]",2026-06-14 04:49:40,412.40718330777054,1,5.536524837242601,264.6100867079386,20.870975862984892,66.46007654892021,11.817158925093404,3,3,3,1340,11,0.7983796296296296,11.817158925093404,0.7640750670241286,ELECTRE-III,1
412,0087,0,0,"[24.248848364986504, 80.38024796421632]","[np.float64(26.6900983085824), np.float64(82.02390902942602)]",2026-06-14 04:49:40,475.8681302628163,1,4.373232486426424,317.6587869453831,24.594592776545664,66.57422950051864,11.442618806246042,1,1,1,1060,4,0.7983796296296296,18.628035472912707,0.20241286863270777,ELECTRE-III,1
413,0218,0,0,"[24.248848364986504, 80.38024796421632]","[np.float64(27.01997852084376), np.float64(79.18184992959758)]",2026-06-14 04:49:40,318.4257612573197,1,2.2257168653093258,330.72130209522555,25.47983841041543,64.02796912888373,24.188019994719667,2,2,2,1475,4,0.7983796296296296,21.79288110583078,0.20241286863270777,ELECTRE-III,1
414,0248,0,0,"[24.248848364986504, 80.38024796421632]","[np.float64(25.24491213164131), np.float64(82.96245616846963)]",2026-06-14 04:49:40,219.64601821232012,1,5.541899218993892,283.2993102702084,22.20588492565021,67.4507408465172,18.43526070780384,3,3,3,675,3,0.7983796296296296,14.443362559655693,0.06836461126005362,ELECTRE-III,1
415,0042,0,0,"[23.648210067112046, 80.23522938775861]","[np.float64(22.44477907087294), np.float64(82.07061950940755)]",2026-06-14 04:49:50,412.40718330777054,1,5.536524837242601,230.59083914783974,18.379761667547708,66.49828462713727,15.817158925093404,3,3,3,1340,11,0.7984953703703703,19.011140406574885,0.7640750670241286,ELECTRE-III,1
416,0087,0,0,"[23.648210067112046, 80.23522938775861]","[np.float64(26.6900983085824), np.float64(82.02390902942602)]",2026-06-14 04:49:50,475.8681302628163,1,4.373232486426424,383.1427495341964,28.902161913661217,66.61139938998184,16.442618806246042,1,1,1,1060,4,0.7984953703703703,18.838104917357153,0.20241286863270777,ELECTRE-III,1
417,0218,0,0,"[23.648210067112046, 80.23522938775861]","[np.float64(27.01997852084376), np.float64(79.18184992959758)]",2026-06-14 04:49:50,318.4257612573197,1,2.2257168653093258,389.57693980109326,29.30767839731098,64.06505022588773,24.188019994719667,2,2,2,1475,4,0.7984953703703703,25.785010735460407,0.20241286863270777,ELECTRE-III,1
418,0248,0,0,"[23.648210067112046, 80.23522938775861]","[np.float64(25.24491213164131), np.float64(82.96245616846963)]",2026-06-14 04:49:50,219.64601821232012,1,5.541899218993892,328.2145266444161,25.31094636781479,67.48840933978983,20.43526070780384,3,3,3,675,3,0.7984953703703703,26.024728300396433,0.06836461126005362,ELECTRE-III,1
419,0042,0,0,"[23.04751200508235, 80.09114654721719]","[np.float64(22.44477907087294), np.float64(82.07061950940755)]",2026-06-14 04:50:00,412.40718330777054,1,5.536524837242601,213.7644467444389,17.119770883721717,66.53649270535432,16.817158925093402,3,3,3,1340,11,0.7986111111111112,8.831047813982291,0.7640750670241286,ELECTRE-III,1
420,0248,0,0,"[23.04751200508235, 80.09114654721719]","[np.float64(25.24491213164131), np.float64(82.96245616846963)]",2026-06-14 04:50:00,219.64601821232012,1,5.541899218993892,380.2126140418516,28.716430701713065,67.52608466325161,20.43526070780384,3,3,3,675,3,0.7986111111111112,20.43526070780384,0.06836461126005362,ELECTRE-III,1
421,0042,0,0,"[22.446755886444706, 79.94797895202456]","[np.float64(22.44477907087294), np.float64(82.07061950940755)]",2026-06-14 04:50:10,412.40718330777054,1,5.536524837242601,218.14438297708205,17.449449815033432,66.57470078357136,11.817158925093404,3,3,3,1340,11,0.7987268518518519,15.810793184352663,0.7640750670241286,ELECTRE-III,1
422,0042,0,0,"[21.845946833840998, 79.80569245123485]","[np.float64(22.44477907087294), np.float64(82.07061950940755)]",2026-06-14 04:50:20,412.40718330777054,1,5.536524837242601,242.583995798128,19.26680112503279,66.61290886178841,11.817158925093404,3,3,3,1340,11,0.7988425925925926,7.024103369537848,0.7640750670241286,ELECTRE-III,1
423,0042,0,0,"[21.245086554818513, 79.66424606371305]","[np.float64(22.44477907087294), np.float64(82.07061950940755)]",2026-06-14 04:50:30,412.40718330777054,1,5.536524837242601,281.9136294722815,22.107756774025813,66.65111694000547,15.817158925093404,3,3,3,1340,11,0.7989583333333333,11.023408925093403,0.7640750670241286,ELECTRE-III,1
424,0042,0,0,"[20.644175049377253, 79.5236124687025]","[np.float64(22.44477907087294), np.float64(82.07061950940755)]",2026-06-14 04:50:40,412.40718330777054,1,5.536524837242601,330.8645660245335,25.489476421402337,66.68932501822252,15.817158925093404,3,3,3,1340,11,0.799074074074074,15.01808485101933,0.7640750670241286,ELECTRE-III,1
425,0066,0,0,"[20.644175049377253, 79.5236124687025]","[np.float64(17.73778874401928), np.float64(77.62397099064269)]",2026-06-14 04:50:40,706.2121924876766,1,7.459606687650723,379.7733401470976,28.688529565362902,61.63836597605224,19.184340945498565,4,4,3,1407,12,0.799074074074074,17.586192797350417,0.8605898123324397,ELECTRE-III,1
426,0174,1,0,"[20.644175049377253, 79.5236124687025]","[np.float64(17.40919319602953), np.float64(79.62608259559241)]",2026-06-14 04:50:40,538.0886958581815,1,5.340318109256143,359.87526322265967,27.409098683004483,63.370133119352296,16.686180470109115,2,2,2,734,4,0.799074074074074,23.078773062701707,0.20241286863270777,ELECTRE-III,1
427,0042,0,0,"[20.043217440159097, 79.3837575152573]","[np.float64(22.44477907087294), np.float64(82.07061950940755)]",2026-06-14 04:50:50,412.40718330777054,1,5.536524837242601,385.7912365422834,29.069470445417767,66.72753992662874,15.817158925093404,3,3,3,1340,11,0.7991898148148148,14.218779295463774,0.7640750670241286,ELECTRE-III,1
428,0066,0,0,"[20.043217440159097, 79.3837575152573]","[np.float64(17.73778874401928), np.float64(77.62397099064269)]",2026-06-14 04:50:50,706.2121924876766,1,7.459606687650723,316.2069758589059,24.495416530774392,61.67643745048589,24.184340945498565,4,4,3,1407,12,0.7991898148148148,24.184340945498565,0.8605898123324397,ELECTRE-III,1
429,0174,1,0,"[20.043217440159097, 79.3837575152573]","[np.float64(17.40919319602953), np.float64(79.62608259559241)]",2026-06-14 04:50:50,538.0886958581815,1,5.340318109256143,293.9998901601536,22.959019986333033,63.40806115981337,17.686180470109115,2,2,2,734,4,0.7991898148148148,9.694282321960966,0.20241286863270777,ELECTRE-III,1
430,0066,0,0,"[19.442215434711336, 79.24466071281]","[np.float64(17.73778874401928), np.float64(77.62397099064269)]",2026-06-14 04:51:00,706.2121924876766,1,7.459606687650723,255.13184707879265,20.18469667478409,61.714515755108714,23.184340945498565,4,4,3,1407,12,0.7993055555555556,25.582257612165233,0.8605898123324397,ELECTRE-III,1
431,0174,1,0,"[19.442215434711336, 79.24466071281]","[np.float64(17.40919319602953), np.float64(79.62608259559241)]",2026-06-14 04:51:00,538.0886958581815,1,5.340318109256143,229.61473893821162,18.307157577351862,63.445996030463625,14.686180470109115,2,2,2,734,4,0.7993055555555556,6.693124914553558,0.20241286863270777,ELECTRE-III,1
432,0066,0,0,"[18.841170740581262, 79.10627425003636]","[np.float64(17.73778874401928), np.float64(77.62397099064269)]",2026-06-14 04:51:10,706.2121924876766,1,7.459606687650723,198.85574022908455,15.988895343824387,61.752587229542364,24.184340945498565,4,4,3,1407,12,0.7994212962962963,30.579711315868934,0.8605898123324397,ELECTRE-III,1
433,0174,1,0,"[18.841170740581262, 79.10627425003636]","[np.float64(17.40919319602953), np.float64(79.62608259559241)]",2026-06-14 04:51:10,538.0886958581815,1,5.340318109256143,168.43737704613645,13.642195549001958,63.483917240735536,18.686180470109115,2,2,2,734,4,0.7994212962962963,21.8838656552943,0.20241286863270777,ELECTRE-III,1
433,0174,1,0,"[18.841170740581262, 79.10627425003636]","[np.float64(17.40919319602953), np.float64(79.62608259559241)]",2026-06-14 04:51:10,538.0886958581815,1,5.340318109256143,168.43737704613645,13.642195549001958,63.483917240735536,18.686180470109115,2,2,2,734,4,0.7994212962962963,21.8838656552943,0.20241286863270777,ELECTRE-III,1
434,0066,0,0,"[18.240085065316165, 78.96858446655808]","[np.float64(17.73778874401928), np.float64(77.62397099064269)]",2026-06-14 04:51:20,706.2121924876766,1,7.459606687650723,152.779938616137,12.415288194384196,61.790658703976014,23.184340945498565,4,4,3,1407,12,0.799537037037037,26.382489093646715,0.8605898123324397,ELECTRE-III,1
435,0174,1,0,"[18.240085065316165, 78.96858446655808]","[np.float64(17.40919319602953), np.float64(79.62608259559241)]",2026-06-14 04:51:20,538.0886958581815,1,5.340318109256143,115.67328957559545,9.462854208536916,63.52184528119662,19.686180470109115,2,2,2,734,4,0.799537037037037,18.08710639603504,0.20241286863270777,ELECTRE-III,1
435,0174,1,0,"[18.240085065316165, 78.96858446655808]","[np.float64(17.40919319602953), np.float64(79.62608259559241)]",2026-06-14 04:51:20,538.0886958581815,1,5.340318109256143,115.67328957559545,9.462854208536916,63.52184528119662,19.686180470109115,2,2,2,734,4,0.799537037037037,18.08710639603504,0.20241286863270777,ELECTRE-III,1
436,0044,0,0,"[17.638960116463345, 78.83155721142928]","[np.float64(14.23205713145524), np.float64(78.1642658125473)]",2026-06-14 04:51:30,654.5251796750259,1,2.754263267074829,385.4886607596785,29.05038371068859,61.150232846638936,28.060720588956478,3,3,3,1082,7,0.7996527777777778,35.25759558895648,0.48927613941018766,ELECTRE-III,1
437,0066,0,0,"[17.638960116463345, 78.83155721142928]","[np.float64(17.73778874401928), np.float64(77.62397099064269)]",2026-06-14 04:51:30,706.2121924876766,1,7.459606687650723,128.40031456028782,10.4820415191648,61.82872334822049,27.184340945498565,4,4,3,1407,12,0.7996527777777778,25.58503538994301,0.8605898123324397,ELECTRE-III,1
438,0174,1,0,"[17.638960116463345, 78.83155721142928]","[np.float64(17.40919319602953), np.float64(79.62608259559241)]",2026-06-14 04:51:30,538.0886958581815,1,5.340318109256143,88.03584852114011,7.229517261505795,63.55976649146853,13.686180470109115,2,2,2,734,4,0.7996527777777778,20.883055470109113,0.20241286863270777,ELECTRE-III,1
438,0174,1,0,"[17.638960116463345, 78.83155721142928]","[np.float64(17.40919319602953), np.float64(79.62608259559241)]",2026-06-14 04:51:30,538.0886958581815,1,5.340318109256143,88.03584852114011,7.229517261505795,63.55976649146853,13.686180470109115,2,2,2,734,4,0.7996527777777778,20.883055470109113,0.20241286863270777,ELECTRE-III,1
439,0044,0,0,"[17.037801016664673, 78.69516516389331]","[np.float64(14.23205713145524), np.float64(78.1642658125473)]",2026-06-14 04:51:40,654.5251796750259,1,2.754263267074829,317.1208155981749,24.557861117600474,61.187505188939696,27.060720588956478,3,3,3,1082,7,0.7997685185185185,27.060720588956478,0.48927613941018766,ELECTRE-III,1
440,0066,0,0,"[17.037801016664673, 78.69516516389331]","[np.float64(17.73778874401928), np.float64(77.62397099064269)]",2026-06-14 04:51:40,706.2121924876766,1,7.459606687650723,137.7629410344227,11.227583575422075,61.86679482265415,24.184340945498565,4,4,3,1407,12,0.7997685185185185,16.986424278831898,0.8605898123324397,ELECTRE-III,1
441,0174,1,0,"[17.037801016664673, 78.69516516389331]","[np.float64(17.40919319602953), np.float64(79.62608259559241)]",2026-06-14 04:51:40,538.0886958581815,1,5.340318109256143,107.14928473346492,8.77681104644437,63.59768770174044,17.686180470109115,2,2,2,734,4,0.7997685185185185,23.284560099738744,0.20241286863270777,ELECTRE-III,1
441,0174,1,0,"[17.037801016664673, 78.69516516389331]","[np.float64(17.40919319602953), np.float64(79.62608259559241)]",2026-06-14 04:51:40,538.0886958581815,1,5.340318109256143,107.14928473346492,8.77681104644437,63.59768770174044,17.686180470109115,2,2,2,734,4,0.7997685185185185,23.284560099738744,0.20241286863270777,ELECTRE-III,1
442,0044,0,0,"[16.43660776592015, 78.55938100319345]","[np.float64(14.23205713145524), np.float64(78.1642658125473)]",2026-06-14 04:51:50,654.5251796750259,1,2.754263267074829,248.7695134022058,19.72059956805482,61.22477070105129,20.060720588956478,3,3,3,1082,7,0.7998842592592592,24.860026144512034,0.48927613941018766,ELECTRE-III,1
443,0066,0,0,"[16.43660776592015, 78.55938100319345]","[np.float64(17.73778874401928), np.float64(77.62397099064269)]",2026-06-14 04:51:50,706.2121924876766,1,7.459606687650723,175.55011665907784,14.195431318635412,61.90485946689863,21.184340945498565,4,4,3,1407,12,0.7998842592592592,17.98480390846153,0.8605898123324397,ELECTRE-III,1
444,0174,1,0,"[16.43660776592015, 78.55938100319345]","[np.float64(17.40919319602953), np.float64(79.62608259559241)]",2026-06-14 04:51:50,538.0886958581815,1,5.340318109256143,156.75469163855345,12.727891657643935,63.63560891201235,14.686180470109115,2,2,2,734,4,0.7998842592592592,10.686759173812819,0.20241286863270777,ELECTRE-III,1
444,0174,1,0,"[16.43660776592015, 78.55938100319345]","[np.float64(17.40919319602953), np.float64(79.62608259559241)]",2026-06-14 04:51:50,538.0886958581815,1,5.340318109256143,156.75469163855345,12.727891657643935,63.63560891201235,14.686180470109115,2,2,2,734,4,0.7998842592592592,10.686759173812819,0.20241286863270777,ELECTRE-III,1
445,0044,0,0,"[15.835380364229778, 78.42417740857304]","[np.float64(14.23205713145524), np.float64(78.1642658125473)]",2026-06-14 04:52:00,654.5251796750259,1,2.754263267074829,180.4531860461364,14.575235885732935,61.26203621316288,23.060720588956478,3,3,3,1082,7,0.8,15.060720588956478,0.48927613941018766,ELECTRE-III,1
446,0066,0,0,"[15.835380364229778, 78.42417740857304]","[np.float64(17.73778874401928), np.float64(77.62397099064269)]",2026-06-14 04:52:00,706.2121924876766,1,7.459606687650723,228.04505922442877,18.190274266923833,61.94292411114311,19.184340945498565,4,4,3,1407,12,0.8,19.184340945498565,0.8605898123324397,ELECTRE-III,1
447,0172,0,0,"[15.835380364229778, 78.42417740857304]","[np.float64(12.6703914164964), np.float64(76.73416482409996)]",2026-06-14 04:52:00,525.0154826812568,1,2.3056014791344026,396.25636010911586,29.7252686711238,59.36321630314265,21.188019994719667,4,4,3,960,9,0.8,26.78801999471967,0.5978552278820375,ELECTRE-III,1
448,0174,1,0,"[15.835380364229778, 78.42417740857304]","[np.float64(17.40919319602953), np.float64(79.62608259559241)]",2026-06-14 04:52:00,538.0886958581815,1,5.340318109256143,216.84872216624285,17.352048162516283,63.67352329209509,15.686180470109115,2,2,2,734,4,0.8,20.486180470109115,0.20241286863270777,ELECTRE-III,1
449,0044,0,0,"[15.234123934235432, 78.28953388946458]","[np.float64(14.23205713145524), np.float64(78.1642658125473)]",2026-06-14 04:52:10,654.5251796750259,1,2.754263267074829,112.23625477409726,9.186547072233116,61.299288064896125,25.060720588956478,3,3,3,1082,7,0.8001157407407408,29.861415033400924,0.48927613941018766,ELECTRE-III,1
450,0066,0,0,"[15.234123934235432, 78.28953388946458]","[np.float64(17.73778874401928), np.float64(77.62397099064269)]",2026-06-14 04:52:10,706.2121924876766,1,7.459606687650723,287.29582003511297,22.488132664778604,61.98098875538759,22.184340945498565,4,4,3,1407,12,0.8001157407407408,20.584109464017082,0.8605898123324397,ELECTRE-III,1
451,0172,0,0,"[15.234123934235432, 78.28953388946458]","[np.float64(12.6703914164964), np.float64(76.73416482409996)]",2026-06-14 04:52:10,525.0154826812568,1,2.3056014791344026,330.8086163491635,25.485712618206616,59.40018128693076,16.188019994719667,4,4,3,960,9,0.8001157407407408,23.389061661386336,0.5978552278820375,ELECTRE-III,1
452,0174,1,0,"[15.234123934235432, 78.28953388946458]","[np.float64(17.40919319602953), np.float64(79.62608259559241)]",2026-06-14 04:52:10,538.0886958581815,1,5.340318109256143,280.7747825856877,22.027005997165976,63.71143767217783,16.686180470109115,2,2,2,734,4,0.8001157407407408,14.285833247886892,0.20241286863270777,ELECTRE-III,1
453,0199,0,0,"[15.234123934235432, 78.28953388946458]","[np.float64(11.99003758206099), np.float64(78.10334361938055)]",2026-06-14 04:52:10,69.31274098532398,1,7.988094894946754,361.28705816425594,27.500878531684474,60.31662874900639,13.068078687398678,3,3,3,524,13,0.8001157407407408,9.867615724435716,0.9638069705093834,ELECTRE-III,1
454,0044,0,0,"[14.632840183484408, 78.15542312511138]","[np.float64(14.23205713145524), np.float64(78.1642658125473)]",2026-06-14 04:52:20,654.5251796750259,1,2.754263267074829,44.57527712243889,3.675031463916248,61.33653991662938,19.060720588956478,3,3,3,1082,7,0.8002314814814815,20.661183551919443,0.48927613941018766,ELECTRE-III,1
455,0066,0,0,"[14.632840183484408, 78.15542312511138]","[np.float64(17.73778874401928), np.float64(77.62397099064269)]",2026-06-14 04:52:20,706.2121924876766,1,7.459606687650723,349.8869808257581,26.755410170562435,62.0190465694429,25.184340945498565,4,4,3,1407,12,0.8002314814814815,31.586192797350417,0.8605898123324397,ELECTRE-III,1
456,0172,0,0,"[14.632840183484408, 78.15542312511138]","[np.float64(12.6703914164964), np.float64(76.73416482409996)]",2026-06-14 04:52:20,525.0154826812568,1,2.3056014791344026,266.83192212741955,21.030954907303474,59.43714627071887,23.188019994719667,4,4,3,960,9,0.8002314814814815,29.58987184657152,0.5978552278820375,ELECTRE-III,1
457,0174,1,0,"[14.632840183484408, 78.15542312511138]","[np.float64(17.40919319602953), np.float64(79.62608259559241)]",2026-06-14 04:52:20,538.0886958581815,1,5.340318109256143,346.41747910626424,26.52656449890334,63.7493452220714,11.686180470109115,2,2,2,734,4,0.8002314814814815,13.286643433072078,0.20241286863270777,ELECTRE-III,1
458,0199,0,0,"[14.632840183484408, 78.15542312511138]","[np.float64(11.99003758206099), np.float64(78.10334361938055)]",2026-06-14 04:52:20,69.31274098532398,1,7.988094894946754,293.9206745995721,22.953474915829865,60.35314977049845,20.06807868739868,3,3,3,524,13,0.8002314814814815,26.46993053925053,0.9638069705093834,ELECTRE-III,1
459,0044,0,0,"[14.031529111976702, 78.02181096456759]","[np.float64(14.23205713145524), np.float64(78.1642658125473)]",2026-06-14 04:52:30,654.5251796750259,1,2.754263267074829,27.076663311090982,2.2342825365710084,61.37378493817346,20.060720588956478,3,3,3,1082,7,0.8003472222222222,12.057248366734257,0.48927613941018766,ELECTRE-III,1
460,0172,0,0,"[14.031529111976702, 78.02181096456759]","[np.float64(12.6703914164964), np.float64(76.73416482409996)]",2026-06-14 04:52:30,525.0154826812568,1,2.3056014791344026,205.70276789778617,16.509912106703727,59.47410442431781,18.188019994719667,4,4,3,960,9,0.8003472222222222,21.389408883608557,0.5978552278820375,ELECTRE-III,1
461,0186,0,0,"[14.031529111976702, 78.02181096456759]","[np.float64(11.64931035885412), np.float64(75.3454645023892)]",2026-06-14 04:52:30,527.3885304492469,1,6.304067110378751,392.86399329607474,29.513612167877334,57.81281800306312,9.442618806246042,1,1,1,1235,11,0.8003472222222222,2.239493806246042,0.7640750670241286,ELECTRE-III,1
462,0199,0,0,"[14.031529111976702, 78.02181096456759]","[np.float64(11.99003758206099), np.float64(78.10334361938055)]",2026-06-14 04:52:30,69.31274098532398,1,7.988094894946754,227.17559806480415,18.125463870894976,60.38967079199051,18.06807868739868,3,3,3,524,13,0.8003472222222222,22.87016202073201,0.9638069705093834,ELECTRE-III,1
463,0044,0,0,"[13.430193281033256, 77.88869057764404]","[np.float64(14.23205713145524), np.float64(78.1642658125473)]",2026-06-14 04:52:40,654.5251796750259,1,2.754263267074829,93.99674180643945,7.713317261114673,61.41102995971754,20.060720588956478,3,3,3,1082,7,0.8004629629629629,16.05840577414166,0.48927613941018766,ELECTRE-III,1
464,0172,0,0,"[13.430193281033256, 77.88869057764404]","[np.float64(12.6703914164964), np.float64(76.73416482409996)]",2026-06-14 04:52:40,525.0154826812568,1,2.3056014791344026,150.92416800518376,12.269078169216211,59.51105574772758,18.188019994719667,4,4,3,960,9,0.8004629629629629,12.584779253978926,0.5978552278820375,ELECTRE-III,1
465,0186,0,0,"[13.430193281033256, 77.88869057764404]","[np.float64(11.64931035885412), np.float64(75.3454645023892)]",2026-06-14 04:52:40,527.3885304492469,1,6.304067110378751,339.7191863605134,26.082160185299387,57.849653213257,8.442618806246042,1,1,1,1235,11,0.8004629629629629,6.041229917357153,0.7640750670241286,ELECTRE-III,1
466,0199,0,0,"[13.430193281033256, 77.88869057764404]","[np.float64(11.99003758206099), np.float64(78.10334361938055)]",2026-06-14 04:52:40,69.31274098532398,1,7.988094894946754,161.82194417637788,13.12530067360067,60.426178153104225,19.06807868739868,3,3,3,524,13,0.8004629629629629,15.866226835546826,0.9638069705093834,ELECTRE-III,1
467,0044,0,0,"[12.82883439820136, 77.7560278133949]","[np.float64(14.23205713145524), np.float64(78.1642658125473)]",2026-06-14 04:52:50,654.5251796750259,1,2.754263267074829,162.15279989255785,13.151204452625512,61.44826815107245,21.060720588956478,3,3,3,1082,7,0.8005787037037037,20.260141885252775,0.48927613941018766,ELECTRE-III,1
468,0172,0,0,"[12.82883439820136, 77.7560278133949]","[np.float64(12.6703914164964), np.float64(76.73416482409996)]",2026-06-14 04:52:50,525.0154826812568,1,2.3056014791344026,112.21610156653173,9.184925648414024,59.54800024094818,25.188019994719667,4,4,3,960,9,0.8005787037037037,31.592649624349296,0.5978552278820375,ELECTRE-III,1
469,0186,0,0,"[12.82883439820136, 77.7560278133949]","[np.float64(11.64931035885412), np.float64(75.3454645023892)]",2026-06-14 04:52:50,527.3885304492469,1,6.304067110378751,292.9455982427992,22.885182579218984,57.886474763072535,9.442618806246042,1,1,1,1235,11,0.8005787037037037,1.4368317692090056,0.7640750670241286,ELECTRE-III,1
470,0199,0,0,"[12.82883439820136, 77.7560278133949]","[np.float64(11.99003758206099), np.float64(78.10334361938055)]",2026-06-14 04:52:50,69.31274098532398,1,7.988094894946754,100.60760969098146,8.248576769200962,60.46267868402877,19.06807868739868,3,3,3,524,13,0.8005787037037037,24.672129613324604,0.9638069705093834,ELECTRE-III,1
471,0044,0,0,"[12.227455024801955, 77.62379535106344]","[np.float64(14.23205713145524), np.float64(78.1642658125473)]",2026-06-14 04:53:00,654.5251796750259,1,2.754263267074829,230.45045344294576,18.36932328356406,61.485499512238185,25.060720588956478,3,3,3,1082,7,0.8006944444444445,22.658637255623145,0.48927613941018766,ELECTRE-III,1
472,0172,0,0,"[12.227455024801955, 77.62379535106344]","[np.float64(12.6703914164964), np.float64(76.73416482409996)]",2026-06-14 04:53:00,525.0154826812568,1,2.3056014791344026,108.42813377256584,8.87990431344425,59.58494473416878,16.188019994719667,4,4,3,960,9,0.8006944444444445,9.782464439164112,0.5978552278820375,ELECTRE-III,1
473,0186,0,0,"[12.227455024801955, 77.62379535106344]","[np.float64(11.64931035885412), np.float64(75.3454645023892)]",2026-06-14 04:53:00,527.3885304492469,1,6.304067110378751,256.05908101270006,20.252104733573166,57.92329631288808,15.442618806246042,1,1,1,1235,11,0.8006944444444445,13.040535472912708,0.7640750670241286,ELECTRE-III,1
474,0199,0,0,"[12.227455024801955, 77.62379535106344]","[np.float64(11.99003758206099), np.float64(78.10334361938055)]",2026-06-14 04:53:00,69.31274098532398,1,7.988094894946754,58.43976691228517,4.813359201670744,60.49917921495332,18.06807868739868,3,3,3,524,13,0.8006944444444445,21.270856465176458,0.9638069705093834,ELECTRE-III,1
475,0044,0,0,"[11.626056014608686, 77.49197953027137]","[np.float64(14.23205713145524), np.float64(78.1642658125473)]",2026-06-14 04:53:10,654.5251796750259,1,2.754263267074829,298.79214433886966,23.293629188042047,61.52272404321475,23.060720588956478,3,3,3,1082,7,0.8008101851851852,16.654239107474996,0.48927613941018766,ELECTRE-III,1
476,0172,0,0,"[11.626056014608686, 77.49197953027137]","[np.float64(12.6703914164964), np.float64(76.73416482409996)]",2026-06-14 04:53:10,525.0154826812568,1,2.3056014791344026,142.37615058505654,11.5935361928723,59.62187556701104,18.188019994719667,4,4,3,960,9,0.8008101851851852,10.179918142867816,0.5978552278820375,ELECTRE-III,1
477,0186,0,0,"[11.626056014608686, 77.49197953027137]","[np.float64(11.64931035885412), np.float64(75.3454645023892)]",2026-06-14 04:53:10,527.3885304492469,1,6.304067110378751,233.78902573256406,18.61721974750185,57.96011103251444,15.442618806246042,1,1,1,1235,11,0.8008101851851852,8.235327139579375,0.7640750670241286,ELECTRE-III,1
478,0199,0,0,"[11.626056014608686, 77.49197953027137]","[np.float64(11.99003758206099), np.float64(78.10334361938055)]",2026-06-14 04:53:10,69.31274098532398,1,7.988094894946754,77.88385917590148,6.403203128294581,60.53566608549953,15.068078687398678,3,3,3,524,13,0.8008101851851852,17.470509242954233,0.9638069705093834,ELECTRE-III,1
479,0044,0,0,"[11.024639075168846, 77.36055303026198]","[np.float64(14.23205713145524), np.float64(78.1642658125473)]",2026-06-14 04:53:20,654.5251796750259,1,2.754263267074829,367.1530431615847,27.880584778189622,61.559948574191324,26.060720588956478,3,3,3,1082,7,0.8009259259259259,28.463498366734257,0.48927613941018766,ELECTRE-III,1
480,0172,0,0,"[11.024639075168846, 77.36055303026198]","[np.float64(12.6703914164964), np.float64(76.73416482409996)]",2026-06-14 04:53:20,525.0154826812568,1,2.3056014791344026,195.28259591806886,15.71591306699206,59.6588063998533,19.188019994719667,4,4,3,960,9,0.8009259259259259,26.396353328053,0.5978552278820375,ELECTRE-III,1
481,0186,0,0,"[11.024639075168846, 77.36055303026198]","[np.float64(11.64931035885412), np.float64(75.3454645023892)]",2026-06-14 04:53:20,527.3885304492469,1,6.304067110378751,230.41335720296698,18.366564780342014,57.99691892195164,12.442618806246042,1,1,1,1235,11,0.8009259259259259,14.84539658402382,0.7640750670241286,ELECTRE-III,1
482,0199,0,0,"[11.024639075168846, 77.36055303026198]","[np.float64(11.99003758206099), np.float64(78.10334361938055)]",2026-06-14 04:53:20,69.31274098532398,1,7.988094894946754,134.4384839555095,10.963285674999042,60.57214612585657,19.06807868739868,3,3,3,524,13,0.8009259259259259,23.072708317028308,0.9638069705093834,ELECTRE-III,1
483,0172,0,0,"[10.423206767803373, 77.22949536046778]","[np.float64(12.6703914164964), np.float64(76.73416482409996)]",2026-06-14 04:53:30,525.0154826812568,1,2.3056014791344026,255.63569675988097,20.221332789390978,59.695730402506385,17.188019994719667,4,4,3,960,9,0.8010416666666667,13.983853328053002,0.5978552278820375,ELECTRE-III,1
484,0186,0,0,"[10.423206767803373, 77.22949536046778]","[np.float64(11.64931035885412), np.float64(75.3454645023892)]",2026-06-14 04:53:30,527.3885304492469,1,6.304067110378751,246.70953568040488,19.56975282195206,58.033719981199674,17.442618806246042,1,1,1,1235,11,0.8010416666666667,14.238452139579376,0.7640750670241286,ELECTRE-III,1
485,0199,0,0,"[10.423206767803373, 77.22949536046778]","[np.float64(11.99003758206099), np.float64(78.10334361938055)]",2026-06-14 04:53:30,69.31274098532398,1,7.988094894946754,198.59066794839487,15.968669674021436,60.60861933602444,13.068078687398678,3,3,3,524,13,0.8010416666666667,19.476412020732013,0.9638069705093834,ELECTRE-III,1
486,0172,0,0,"[9.821759946285914, 77.09877920013207]","[np.float64(12.6703914164964), np.float64(76.73416482409996)]",2026-06-14 04:53:40,525.0154826812568,1,2.3056014791344026,319.23949795844646,24.70239601851119,59.7326475749703,18.188019994719667,4,4,3,960,9,0.8011574074074074,12.579918142867815,0.5978552278820375,ELECTRE-III,1
487,0186,0,0,"[9.821759946285914, 77.09877920013207]","[np.float64(11.64931035885412), np.float64(75.3454645023892)]",2026-06-14 04:53:40,527.3885304492469,1,6.304067110378751,279.2546327220595,21.91907501979628,58.0705210404477,9.442618806246042,1,1,1,1235,11,0.8011574074074074,2.2322021395793756,0.7640750670241286,ELECTRE-III,1
488,0199,0,0,"[9.821759946285914, 77.09877920013207]","[np.float64(11.99003758206099), np.float64(78.10334361938055)]",2026-06-14 04:53:40,69.31274098532398,1,7.988094894946754,264.87604367368994,20.890143602240432,60.64508571600314,13.068078687398678,3,3,3,524,13,0.8011574074074074,16.272708317028307,0.9638069705093834,ELECTRE-III,1
489,0172,0,0,"[9.220300318163762, 76.96839088887653]","[np.float64(12.6703914164964), np.float64(76.73416482409996)]",2026-06-14 04:53:50,525.0154826812568,1,2.3056014791344026,384.4841534162569,28.98696787589396,59.76955791724505,20.188019994719667,4,4,3,960,9,0.8012731481481481,27.399478328053,0.5978552278820375,ELECTRE-III,1
490,0186,0,0,"[9.220300318163762, 76.96839088887653]","[np.float64(11.64931035885412), np.float64(75.3454645023892)]",2026-06-14 04:53:50,527.3885304492469,1,6.304067110378751,323.1772538921281,24.97013722451056,58.107308439317386,17.442618806246042,1,1,1,1235,11,0.8012731481481481,10.231160472912709,0.7640750670241286,ELECTRE-III,1
491,0199,0,0,"[9.220300318163762, 76.96839088887653]","[np.float64(11.99003758206099), np.float64(78.10334361938055)]",2026-06-14 04:53:50,69.31274098532398,1,7.988094894946754,332.0186048425203,25.567057433617645,60.68153843560349,15.068078687398678,3,3,3,524,13,0.8012731481481481,15.869351835546826,0.9638069705093834,ELECTRE-III,1
492,0186,0,0,"[8.618829590984207, 76.83830993613364]","[np.float64(11.64931035885412), np.float64(75.3454645023892)]",2026-06-14 04:54:00,527.3885304492469,1,6.304067110378751,374.4955741831917,28.35214156652418,58.14409583818708,11.442618806246042,1,1,1,1235,11,0.8013888888888889,6.634285472912708,0.7640750670241286,ELECTRE-III,1
493,0199,0,0,"[8.618829590984207, 76.83830993613364]","[np.float64(11.99003758206099), np.float64(78.10334361938055)]",2026-06-14 04:54:00,69.31274098532398,1,7.988094894946754,399.5859096661741,29.932141311569502,60.717991155203855,17.06807868739868,3,3,3,524,13,0.8013888888888889,13.061134242954234,0.9638069705093834,ELECTRE-III,1
494,0228,0,0,"[49.761462726438374, 63.51753543183034]","[np.float64(47.72787662898534), np.float64(67.74428874484721)]",2026-06-14 06:21:20,81.1778618658172,1,3.9142534574609424,383.54891932183716,28.927855352259503,62.04847785457648,14.315319400482853,1,1,1,1426,9,0.862037037037037,6.556986067149519,0.5978552278820375,ELECTRE-III,1
495,0228,0,0,"[49.16786123095632, 63.27139590471059]","[np.float64(47.72787662898534), np.float64(67.74428874484721)]",2026-06-14 06:21:30,81.1778618658172,1,3.9142534574609424,366.6263631059273,27.846600642310648,62.06450147836934,10.315319400482853,1,1,1,1426,9,0.8621527777777778,11.177472178260631,0.5978552278820375,ELECTRE-III,1
496,0228,0,0,"[48.5739113958266, 63.03009898171238]","[np.float64(47.72787662898534), np.float64(67.74428874484721)]",2026-06-14 06:21:40,81.1778618658172,1,3.9142534574609424,362.0920497703092,27.553142096406145,62.080497781405505,8.315319400482853,1,1,1,1426,9,0.8622685185185185,16.07573606714952,0.5978552278820375,ELECTRE-III,1
497,0228,0,0,"[47.97962688142754, 62.79344658734978]","[np.float64(47.72787662898534), np.float64(67.74428874484721)]",2026-06-14 06:21:50,81.1778618658172,1,3.9142534574609424,370.4004300165463,28.089652058944864,62.09645993349582,15.315319400482853,1,1,1,1426,9,0.8623842592592592,16.17770365974211,0.5978552278820375,ELECTRE-III,1
498,0228,0,0,"[47.38502476323208, 62.56123381594768]","[np.float64(47.72787662898534), np.float64(67.74428874484721)]",2026-06-14 06:22:00,81.1778618658172,1,3.9142534574609424,390.733595793508,29.38023800569429,62.11239476482947,13.315319400482853,1,1,1,1426,9,0.8625,18.490319400482853,0.5978552278820375,ELECTRE-III,1
499,0020,0,0,"[30.048747894932436, 57.1434526342127]","[np.float64(27.06543720001891), np.float64(56.14235632273806)]",2026-06-14 06:26:50,842.1571665006616,2,7.275444005099062,345.83251395644703,26.48789034180879,65.13771094447073,20.311640351261754,3,3,3,1263,10,0.8658564814814815,22.9092097957062,0.6528150134048257,ELECTRE-III,1
500,0020,0,0,"[29.44883530465729, 56.98724620789451]","[np.float64(27.06543720001891), np.float64(56.14235632273806)]",2026-06-14 06:27:00,842.1571665006616,2,7.275444005099062,277.63783723389986,21.804102362547926,65.17475789052887,17.311640351261754,3,3,3,1263,10,0.8659722222222223,22.507473684595087,0.6528150134048257,ELECTRE-III,1
501,0020,0,0,"[28.848833921922935, 56.83238874393739]","[np.float64(27.06543720001891), np.float64(56.14235632273806)]",2026-06-14 06:27:10,842.1571665006616,2,7.275444005099062,209.56493066190697,16.802570743550703,65.21180483658702,12.311640351261754,3,3,3,1263,10,0.866087962962963,19.24034405496546,0.6528150134048257,ELECTRE-III,1
502,0065,0,0,"[28.848833921922935, 56.83238874393739]","[np.float64(25.56539114408521), np.float64(56.00579791249965)]",2026-06-14 06:27:10,335.46074543268526,1,5.475179680446195,374.13725401372443,28.329225587466436,65.11875033933477,9.93710023241439,4,4,3,1012,6,0.866087962962963,12.53536412130328,0.3646112600536193,ELECTRE-III,1
503,0020,0,0,"[28.248747161823957, 56.67883243101716]","[np.float64(27.06543720001891), np.float64(56.14235632273806)]",2026-06-14 06:27:20,842.1571665006616,2,7.275444005099062,141.79020047430248,11.54710694844151,65.248844952456,19.311640351261754,3,3,3,1263,10,0.8662037037037037,16.713029240150643,0.6528150134048257,ELECTRE-III,1
504,0065,0,0,"[28.248747161823957, 56.67883243101716]","[np.float64(25.56539114408521), np.float64(56.00579791249965)]",2026-06-14 06:27:20,335.46074543268526,1,5.475179680446195,305.74583100769365,23.7761761286455,65.15632320995901,10.93710023241439,4,4,3,1012,6,0.8662037037037037,12.669507639821799,0.3646112600536193,ELECTRE-III,1
505,0020,0,0,"[27.648576731907642, 56.526526042715055]","[np.float64(27.06543720001891), np.float64(56.14235632273806)]",2026-06-14 06:27:30,842.1571665006616,2,7.275444005099062,75.12626728553884,6.178273473783432,65.28589189851415,19.311640351261754,3,3,3,1263,10,0.8663194444444444,15.846362573483976,0.6528150134048257,ELECTRE-III,1
506,0065,0,0,"[27.648576731907642, 56.526526042715055]","[np.float64(25.56539114408521), np.float64(56.00579791249965)]",2026-06-14 06:27:30,335.46074543268526,1,5.475179680446195,237.35364643863826,18.88110531256378,65.19389608058324,17.93710023241439,4,4,3,1012,6,0.8663194444444444,17.93710023241439,0.3646112600536193,ELECTRE-III,1
507,0189,0,0,"[27.648576731907642, 56.526526042715055]","[np.float64(24.60431228843975), np.float64(54.75734952573463)]",2026-06-14 06:27:30,195.5089786039061,1,4.710080973719473,381.79817812963665,28.81701637672101,64.0347173557837,16.06439963817758,3,3,3,1063,13,0.8663194444444444,17.79703852706647,0.9638069705093834,ELECTRE-III,1
508,0020,0,0,"[27.04832604726858, 56.375432012990615]","[np.float64(27.06543720001891), np.float64(56.14235632273806)]",2026-06-14 06:27:40,842.1571665006616,2,7.275444005099062,23.158697790091335,1.911244164401824,65.32293201438313,12.311640351261754,3,3,3,1263,10,0.8664351851851851,7.113029240150643,0.6528150134048257,ELECTRE-III,1
509,0065,0,0,"[27.04832604726858, 56.375432012990615]","[np.float64(25.56539114408521), np.float64(56.00579791249965)]",2026-06-14 06:27:40,335.46074543268526,1,5.475179680446195,168.96090621039775,13.683006015604258,65.23146212101831,14.93710023241439,4,4,3,1012,6,0.8664351851851851,21.002146528710686,0.3646112600536193,ELECTRE-III,1
510,0189,0,0,"[27.04832604726858, 56.375432012990615]","[np.float64(24.60431228843975), np.float64(54.75734952573463)]",2026-06-14 06:27:40,195.5089786039061,1,4.710080973719473,316.34802177715903,24.5050585470211,64.07253611321806,17.06439963817758,3,3,3,1063,13,0.8664351851851851,16.197964452992395,0.9638069705093834,ELECTRE-III,1
511,0020,0,0,"[26.448001938095945, 56.22550253051966]","[np.float64(27.06543720001891), np.float64(56.14235632273806)]",2026-06-14 06:27:50,842.1571665006616,2,7.275444005099062,69.15031693272842,5.69018298117746,65.35997896044128,14.311640351261754,3,3,3,1263,10,0.866550925925926,12.578538499409902,0.6528150134048257,ELECTRE-III,1
512,0065,0,0,"[26.448001938095945, 56.22550253051966]","[np.float64(25.56539114408521), np.float64(56.00579791249965)]",2026-06-14 06:27:50,335.46074543268526,1,5.475179680446195,100.56795429152533,8.245370229531336,65.26903499164256,14.93710023241439,4,4,3,1012,6,0.866550925925926,7.138141899081057,0.3646112600536193,ELECTRE-III,1
513,0145,0,0,"[26.448001938095945, 56.22550253051966]","[np.float64(24.06850013242735), np.float64(59.08742500385519)]",2026-06-14 06:27:50,394.2765587467759,1,7.500687348686667,390.9181764962914,29.391807604985118,68.02287164234332,16.809800826651205,3,3,3,1315,9,0.866550925925926,11.61049527109565,0.5978552278820375,ELECTRE-III,1
514,0189,0,0,"[26.448001938095945, 56.22550253051966]","[np.float64(24.60431228843975), np.float64(54.75734952573463)]",2026-06-14 06:27:50,195.5089786039061,1,4.710080973719473,252.4430089555056,19.988893909556303,64.11035487065243,21.06439963817758,3,3,3,1063,13,0.866550925925926,16.73164500854795,0.9638069705093834,ELECTRE-III,1
515,0020,0,0,"[25.847602696842436, 56.07669661416718]","[np.float64(27.06543720001891), np.float64(56.14235632273806)]",2026-06-14 06:28:00,842.1571665006616,2,7.275444005099062,135.57485979759127,11.05368250410099,65.39701907631026,20.311640351261754,3,3,3,1263,10,0.8666666666666667,21.17830701792842,0.6528150134048257,ELECTRE-III,1
516,0065,0,0,"[25.847602696842436, 56.07669661416718]","[np.float64(25.56539114408521), np.float64(56.00579791249965)]",2026-06-14 06:28:00,335.46074543268526,1,5.475179680446195,32.174450433307335,2.6543821082072507,65.30660103207762,15.93710023241439,4,4,3,1012,6,0.8666666666666667,15.070433565747724,0.3646112600536193,ELECTRE-III,1
517,0145,0,0,"[25.847602696842436, 56.07669661416718]","[np.float64(24.06850013242735), np.float64(59.08742500385519)]",2026-06-14 06:28:00,394.2765587467759,1,7.500687348686667,362.27258910078325,27.564856674343794,68.06085432431776,21.809800826651205,3,3,3,1315,9,0.8666666666666667,17.47646749331787,0.5978552278820375,ELECTRE-III,1
518,0189,0,0,"[25.847602696842436, 56.07669661416718]","[np.float64(24.60431228843975), np.float64(54.75734952573463)]",2026-06-14 06:28:00,195.5089786039061,1,4.710080973719473,191.63567187157503,15.436537410845126,64.14817362808678,20.06439963817758,3,3,3,1063,13,0.8666666666666667,12.26439963817758,0.9638069705093834,ELECTRE-III,1
519,0020,0,0,"[25.24713515369723, 55.92897328279815]","[np.float64(27.06543720001891), np.float64(56.14235632273806)]",2026-06-14 06:28:10,842.1571665006616,2,7.275444005099062,203.3046754461673,16.32774661855717,65.43405919217923,19.311640351261754,3,3,3,1263,10,0.8667824074074074,15.844510721632124,0.6528150134048257,ELECTRE-III,1
520,0065,0,0,"[25.24713515369723, 55.92897328279815]","[np.float64(25.56539114408521), np.float64(56.00579791249965)]",2026-06-14 06:28:10,335.46074543268526,1,5.475179680446195,36.21999441211581,2.9875672689693222,65.34417390270187,18.93710023241439,4,4,3,1012,6,0.8667824074074074,20.670665047229207,0.3646112600536193,ELECTRE-III,1
521,0145,0,0,"[25.24713515369723, 55.92897328279815]","[np.float64(24.06850013242735), np.float64(59.08742500385519)]",2026-06-14 06:28:10,394.2765587467759,1,7.500687348686667,345.0243300537897,26.43441555758538,68.0988370062922,16.809800826651205,3,3,3,1315,9,0.8667824074074074,19.410148048873427,0.5978552278820375,ELECTRE-III,1
522,0189,0,0,"[25.24713515369723, 55.92897328279815]","[np.float64(24.60431228843975), np.float64(54.75734952573463)]",2026-06-14 06:28:10,195.5089786039061,1,4.710080973719473,138.08287478096193,11.25299332332283,64.18598555533198,14.06439963817758,3,3,3,1063,13,0.8667824074074074,14.06439963817758,0.9638069705093834,ELECTRE-III,1
523,0020,0,0,"[24.64660101620761, 55.78229838546671]","[np.float64(27.06543720001891), np.float64(56.14235632273806)]",2026-06-14 06:28:20,842.1571665006616,2,7.275444005099062,271.3644567984784,21.356247195172156,65.47109930804821,11.311640351261754,3,3,3,1263,10,0.8668981481481481,18.24682553644694,0.6528150134048257,ELECTRE-III,1
524,0065,0,0,"[24.64660101620761, 55.78229838546671]","[np.float64(25.56539114408521), np.float64(56.00579791249965)]",2026-06-14 06:28:20,335.46074543268526,1,5.475179680446195,104.61402423748896,8.572264471320008,65.38174677332611,13.93710023241439,4,4,3,1012,6,0.8668981481481481,7.868813195377354,0.3646112600536193,ELECTRE-III,1
525,0145,0,0,"[24.64660101620761, 55.78229838546671]","[np.float64(24.06850013242735), np.float64(59.08742500385519)]",2026-06-14 06:28:20,394.2765587467759,1,7.500687348686667,340.9064571181272,26.161179116234162,68.13681968826664,18.809800826651205,3,3,3,1315,9,0.8668981481481481,18.809800826651205,0.5978552278820375,ELECTRE-III,1
526,0189,0,0,"[24.64660101620761, 55.78229838546671]","[np.float64(24.60431228843975), np.float64(54.75734952573463)]",2026-06-14 06:28:20,195.5089786039061,1,4.710080973719473,103.71030405456352,8.499298166148018,64.22380431276633,20.06439963817758,3,3,3,1063,13,0.8668981481481481,20.06439963817758,0.9638069705093834,ELECTRE-III,1
527,0020,0,0,"[24.046001991920882, 55.63662752594326]","[np.float64(27.06543720001891), np.float64(56.14235632273806)]",2026-06-14 06:28:30,842.1571665006616,2,7.275444005099062,339.5562298419385,26.07130625698009,65.5081394239172,14.311640351261754,3,3,3,1263,10,0.8670138888888889,19.51372368459509,0.6528150134048257,ELECTRE-III,1
528,0065,0,0,"[24.046001991920882, 55.63662752594326]","[np.float64(25.56539114408521), np.float64(56.00579791249965)]",2026-06-14 06:28:30,335.46074543268526,1,5.475179680446195,173.00864057259497,13.998057323798493,65.41931281376118,15.93710023241439,4,4,3,1012,6,0.8670138888888889,13.336058565747724,0.3646112600536193,ELECTRE-III,1
529,0145,0,0,"[24.046001991920882, 55.63662752594326]","[np.float64(24.06850013242735), np.float64(59.08742500385519)]",2026-06-14 06:28:30,394.2765587467759,1,7.500687348686667,350.38209548611115,26.78799274993452,68.17480237024108,18.809800826651205,3,3,3,1315,9,0.8670138888888889,11.006675826651206,0.5978552278820375,ELECTRE-III,1
530,0189,0,0,"[24.046001991920882, 55.63662752594326]","[np.float64(24.60431228843975), np.float64(54.75734952573463)]",2026-06-14 06:28:30,195.5089786039061,1,4.710080973719473,108.58757479168973,8.892753459205087,64.2616230702007,19.06439963817758,3,3,3,1063,13,0.8670138888888889,22.532455193733135,0.9638069705093834,ELECTRE-III,1
531,0020,0,0,"[23.445343203478913, 55.49192655328196]","[np.float64(27.06543720001891), np.float64(56.14235632273806)]",2026-06-14 06:28:40,842.1571665006616,2,7.275444005099062,407.8137241794507,30.439680882400033,65.54517953978618,18.311640351261754,3,3,3,1263,10,0.8671296296296296,13.108862573483977,0.6528150134048257,ELECTRE-III,1
532,0065,0,0,"[23.445343203478913, 55.49192655328196]","[np.float64(25.56539114408521), np.float64(56.00579791249965)]",2026-06-14 06:28:40,335.46074543268526,1,5.475179680446195,241.4033858582067,19.179897806602376,65.45688568438541,16.93710023241439,4,4,3,1012,6,0.8671296296296296,8.265803936118095,0.3646112600536193,ELECTRE-III,1
533,0145,0,0,"[23.445343203478913, 55.49192655328196]","[np.float64(24.06850013242735), np.float64(59.08742500385519)]",2026-06-14 06:28:40,394.2765587467759,1,7.500687348686667,372.414146349084,28.218888032299162,68.21279188240469,25.809800826651205,3,3,3,1315,9,0.8671296296296296,19.7398934192438,0.5978552278820375,ELECTRE-III,1
534,0189,0,0,"[23.445343203478913, 55.49192655328196]","[np.float64(24.60431228843975), np.float64(54.75734952573463)]",2026-06-14 06:28:40,195.5089786039061,1,4.710080973719473,148.90779090907694,12.110030387549658,64.29944182763506,16.06439963817758,3,3,3,1063,13,0.8671296296296296,23.001436675214617,0.9638069705093834,ELECTRE-III,1
535,0065,0,0,"[22.844624650881705, 55.348161316536945]","[np.float64(25.56539114408521), np.float64(56.00579791249965)]",2026-06-14 06:28:50,335.46074543268526,1,5.475179680446195,309.79846498412417,24.055768635314852,65.49445855500966,11.93710023241439,4,4,3,1012,6,0.8672453703703704,19.742308565747724,0.3646112600536193,ELECTRE-III,1
536,0145,0,0,"[22.844624650881705, 55.348161316536945]","[np.float64(24.06850013242735), np.float64(59.08742500385519)]",2026-06-14 06:28:50,394.2765587467759,1,7.500687348686667,404.9575459942139,30.264087849534352,68.25077456437913,16.809800826651205,3,3,3,1315,9,0.8672453703703704,18.544291567391944,0.5978552278820375,ELECTRE-III,1
537,0189,0,0,"[22.844624650881705, 55.348161316536945]","[np.float64(24.60431228843975), np.float64(54.75734952573463)]",2026-06-14 06:28:50,195.5089786039061,1,4.710080973719473,204.70220753422484,16.43394838408398,64.33726058506942,14.06439963817758,3,3,3,1063,13,0.8672453703703704,12.32990889743684,0.9638069705093834,ELECTRE-III,1
538,0065,0,0,"[22.243849749223845, 55.20529424966779]","[np.float64(25.56539114408521), np.float64(56.00579791249965)]",2026-06-14 06:29:00,335.46074543268526,1,5.475179680446195,378.1938096561764,28.588080407905796,65.5320314256339,18.93710023241439,4,4,3,1012,6,0.8673611111111111,11.13085023241439,0.3646112600536193,ELECTRE-III,1
539,0189,0,0,"[22.243849749223845, 55.20529424966779]","[np.float64(24.60431228843975), np.float64(54.75734952573463)]",2026-06-14 06:29:00,195.5089786039061,1,4.710080973719473,266.4205053688781,21.00135744032708,64.37508617269295,17.06439963817758,3,3,3,1063,13,0.8673611111111111,15.329677415955357,0.9638069705093834,ELECTRE-III,1
540,0189,0,0,"[21.64302191359992, 55.06329461682322]","[np.float64(24.60431228843975), np.float64(54.75734952573463)]",2026-06-14 06:29:10,195.5089786039061,1,4.710080973719473,330.7634125872177,25.482671533607874,64.41290493012731,21.06439963817758,3,3,3,1063,13,0.8674768518518519,18.461969082622026,0.9638069705093834,ELECTRE-III,1
541,0189,0,0,"[21.042142851557216, 54.92212485196281]","[np.float64(24.60431228843975), np.float64(54.75734952573463)]",2026-06-14 06:29:20,195.5089786039061,1,4.710080973719473,396.45539421387525,29.737659192487175,64.45072368756168,13.06439963817758,3,3,3,1063,13,0.8675925925925926,4.388473712251654,0.9638069705093834,ELECTRE-III,1
542,0200,0,0,"[-12.631029558516852, 47.58371155109317]","[np.float64(-15.50091911811069), np.float64(46.46302837561331)]",2026-06-14 06:38:40,598.5033155730235,1,7.31154048679186,341.23877577345473,26.18327747131425,38.99066763177305,20.191699043940766,2,2,2,731,7,0.8740740740740741,20.191699043940766,0.48927613941018766,ELECTRE-III,1
543,0200,0,0,"[-13.231897521502153, 47.45126735289745]","[np.float64(-15.50091911811069), np.float64(46.46302837561331)]",2026-06-14 06:38:50,598.5033155730235,1,7.31154048679186,273.8381985061887,21.533177611691286,39.01711412423934,19.191699043940766,2,2,2,731,7,0.8741898148148148,18.31750922912595,0.48927613941018766,ELECTRE-III,1
544,0200,0,0,"[-13.832721088257848, 47.3183757773111]","[np.float64(-15.50091911811069), np.float64(46.46302837561331)]",2026-06-14 06:39:00,598.5033155730235,1,7.31154048679186,207.06009325696164,16.61286645497234,39.0435435412327,20.191699043940766,2,2,2,731,7,0.8743055555555556,16.694476821718542,0.48927613941018766,ELECTRE-III,1
545,0200,0,0,"[-14.433497697463, 47.185012918672015]","[np.float64(-15.50091911811069), np.float64(46.46302837561331)]",2026-06-14 06:39:10,598.5033155730235,1,7.31154048679186,141.78414260033344,11.546626857009143,39.06995588275314,14.191699043940766,2,2,2,731,7,0.8744212962962963,7.196328673570395,0.48927613941018766,ELECTRE-III,1
546,0200,0,0,"[-15.034224787796669, 47.05115828641269]","[np.float64(-15.50091911811069), np.float64(46.46302837561331)]",2026-06-14 06:39:20,598.5033155730235,1,7.31154048679186,81.68965821381896,6.713305722879496,39.096347733706075,13.191699043940766,2,2,2,731,7,0.874537037037037,7.944476821718544,0.48927613941018766,ELECTRE-III,1
547,0200,0,0,"[-15.634904066806149, 46.91678455977644]","[np.float64(-15.50091911811069), np.float64(46.46302837561331)]",2026-06-14 06:39:30,598.5033155730235,1,7.31154048679186,50.83649965532194,4.189515740729728,39.122722509186076,14.191699043940766,2,2,2,731,7,0.8746527777777777,9.818435155051876,0.48927613941018766,ELECTRE-III,1
548,0200,0,0,"[-16.23553041184956, 46.78186783310118]","[np.float64(-15.50091911811069), np.float64(46.46302837561331)]",2026-06-14 06:39:40,598.5033155730235,1,7.31154048679186,88.5178914974634,7.268680474941928,39.14907679409857,13.191699043940766,2,2,2,731,7,0.8747685185185186,14.066467562459284,0.48927613941018766,ELECTRE-III,1
549,0200,0,0,"[-16.83610211537961, 46.64638078563022]","[np.float64(-15.50091911811069), np.float64(46.46302837561331)]",2026-06-14 06:39:50,598.5033155730235,1,7.31154048679186,149.7514675913135,12.176601113486345,39.175410588443555,14.191699043940766,2,2,2,731,7,0.8748842592592593,8.94239348838521,0.48927613941018766,ELECTRE-III,1
550,0200,0,0,"[-17.436619177396302, 46.510299511701476]","[np.float64(-15.50091911811069), np.float64(46.46302837561331)]",2026-06-14 06:40:00,598.5033155730235,1,7.31154048679186,215.2993383027702,17.235436846532377,39.201727307315615,12.191699043940766,2,2,2,731,7,0.875,17.441699043940766,0.48927613941018766,ELECTRE-III,1
551,0200,0,0,"[-18.037076475257756, 46.37359669055825]","[np.float64(-15.50091911811069), np.float64(46.46302837561331)]",2026-06-14 06:40:10,598.5033155730235,1,7.31154048679186,282.1688882183683,22.12584341908579,39.22802695071475,21.191699043940766,2,2,2,731,7,0.8751157407407407,26.44239348838521,0.48927613941018766,ELECTRE-III,1
552,0200,0,0,"[-18.637475716511265, 46.236241586349294]","[np.float64(-15.50091911811069), np.float64(46.46302837561331)]",2026-06-14 06:40:20,598.5033155730235,1,7.31154048679186,349.6015376070046,26.7366171850477,39.25430610354637,19.191699043940766,2,2,2,731,7,0.8752314814814814,26.19355089579262,0.48927613941018766,ELECTRE-III,1
553,0146,0,0,"[56.06397880193262, 41.816228098948116]","[np.float64(54.85922225367985), np.float64(36.43583153325513)]",2026-06-14 07:58:20,998.9235859548695,2,3.9456329295836774,364.5706488881602,27.713751389067898,53.71035367055417,23.562560113567027,2,2,2,1439,3,0.9293981481481481,29.138949002455917,0.06836461126005362,ELECTRE-III,1
554,0146,0,0,"[55.475336023787996, 41.50158860464231]","[np.float64(54.85922225367985), np.float64(36.43583153325513)]",2026-06-14 07:58:30,998.9235859548695,2,3.9456329295836774,328.87283492097055,25.355345135360054,53.72550644522784,22.562560113567027,2,2,2,1439,3,0.9295138888888889,16.985476780233693,0.06836461126005362,ELECTRE-III,1
555,0146,0,0,"[54.88610926446933, 41.19499165808419]","[np.float64(54.85922225367985), np.float64(36.43583153325513)]",2026-06-14 07:58:40,998.9235859548695,2,3.9456329295836774,304.45263878679003,23.686704020047582,53.74063531423942,21.562560113567027,2,2,2,1439,3,0.9296296296296296,26.210708261715176,0.06836461126005362,ELECTRE-III,1
556,0146,0,0,"[54.29632584473332, 40.89603427811273]","[np.float64(54.85922225367985), np.float64(36.43583153325513)]",2026-06-14 07:58:50,998.9235859548695,2,3.9456329295836774,294.13343176825515,22.9683668380316,53.75574710777808,21.562560113567027,2,2,2,1439,3,0.9297453703703704,18.773324002455915,0.06836461126005362,ELECTRE-III,1
557,0146,0,0,"[53.70601308533663, 40.604347634512756]","[np.float64(54.85922225367985), np.float64(36.43583153325513)]",2026-06-14 07:59:00,998.9235859548695,2,3.9456329295836774,299.3785330167794,23.33445779911102,53.7708418258438,24.562560113567027,2,2,2,1439,3,0.9298611111111111,31.071587891344805,0.06836461126005362,ELECTRE-III,1
558,0146,0,0,"[53.11520172213052, 40.319586802731166]","[np.float64(54.85922225367985), np.float64(36.43583153325513)]",2026-06-14 07:59:10,998.9235859548695,2,3.9456329295836774,319.42333449087005,24.71492143782197,53.78591605334202,24.562560113567027,2,2,2,1439,3,0.9299768518518519,25.49253696541888,0.06836461126005362,ELECTRE-III,1
559,0146,0,0,"[52.523908830587935, 40.04141710349864]","[np.float64(54.85922225367985), np.float64(36.43583153325513)]",2026-06-14 07:59:20,998.9235859548695,2,3.9456329295836774,351.7478999526626,26.877776862754143,53.80096979027273,25.562560113567027,2,2,2,1439,3,0.9300925925925926,23.702374928381843,0.06836461126005362,ELECTRE-III,1
560,0146,0,0,"[51.93216173146554, 39.7695380084917]","[np.float64(54.85922225367985), np.float64(36.43583153325513)]",2026-06-14 07:59:30,998.9235859548695,2,3.9456329295836774,393.33741534404487,29.543203286396285,53.81600303663593,25.562560113567027,2,2,2,1439,3,0.9302083333333333,29.283393446900362,0.06836461126005362,ELECTRE-III,1
561,0220,0,0,"[47.7788568858696, 38.020002128065855]","[np.float64(44.41139282978252), np.float64(39.91154998747761)]",2026-06-14 08:00:40,938.0411421923526,2,4.312633503087475,401.816621405744,30.070261430080215,63.280650811035954,17.06807868739868,4,4,3,954,8,0.9310185185185185,21.72317127999127,0.5375335120643432,ELECTRE-III,1
562,0220,0,0,"[47.18415231483659, 37.78924418695698]","[np.float64(44.41139282978252), np.float64(39.91154998747761)]",2026-06-14 08:00:50,938.0411421923526,2,4.312633503087475,349.43694350687736,26.725777829205107,63.30141458611279,14.068078687398678,4,4,3,954,8,0.9311342592592593,19.654884242954232,0.5375335120643432,ELECTRE-III,1
563,0220,0,0,"[46.589147215480104, 37.562676566903896]","[np.float64(44.41139282978252), np.float64(39.91154998747761)]",2026-06-14 08:01:00,938.0411421923526,2,4.312633503087475,303.5343468683111,23.623095600498967,63.322151040432956,14.068078687398678,4,4,3,954,8,0.93125,10.343078687398679,0.5375335120643432,ELECTRE-III,1
564,0220,0,0,"[45.99385524817847, 37.340128513177376]","[np.float64(44.41139282978252), np.float64(39.91154998747761)]",2026-06-14 08:01:10,938.0411421923526,2,4.312633503087475,267.46490138218354,21.076468705452633,63.342860173996435,12.068078687398678,4,4,3,954,8,0.9313657407407407,8.342615724435715,0.5375335120643432,ELECTRE-III,1
565,0220,0,0,"[45.398286658215454, 37.12143610123732]","[np.float64(44.41139282978252), np.float64(39.91154998747761)]",2026-06-14 08:01:20,938.0411421923526,2,4.312633503087475,245.59990165110906,19.48837992689876,63.36354198680323,16.06807868739868,4,4,3,954,8,0.9314814814814815,23.51993053925053,0.5375335120643432,ELECTRE-III,1
566,0220,0,0,"[44.802458521063976, 36.90643540654366]","[np.float64(44.41139282978252), np.float64(39.91154998747761)]",2026-06-14 08:01:30,938.0411421923526,2,4.312633503087475,241.82450523990983,19.210906457447052,63.38419647885335,15.068078687398678,4,4,3,954,8,0.9315972222222222,21.589259242954235,0.5375335120643432,ELECTRE-III,1
567,0220,0,0,"[44.206377666913205, 36.69497958002923]","[np.float64(44.41139282978252), np.float64(39.91154998747761)]",2026-06-14 08:01:40,938.0411421923526,2,4.312633503087475,256.93718353350073,20.31588713331045,63.40482365014679,14.068078687398678,4,4,3,954,8,0.9317129629629629,20.59006942813942,0.5375335120643432,ELECTRE-III,1
568,0220,0,0,"[43.610054341046904, 36.48693201791065]","[np.float64(44.41139282978252), np.float64(39.91154998747761)]",2026-06-14 08:01:50,938.0411421923526,2,4.312633503087475,287.9793140109279,22.53628882018621,63.42542350068354,11.068078687398678,4,4,3,954,8,0.9318287037037037,7.340763872583864,0.5375335120643432,ELECTRE-III,1
569,0220,0,0,"[43.0135022038434, 36.28214928621532]","[np.float64(44.41139282978252), np.float64(39.91154998747761)]",2026-06-14 08:02:00,938.0411421923526,2,4.312633503087475,330.49286375472497,25.46446713572225,63.445996030463625,10.068078687398678,4,4,3,954,8,0.9319444444444445,16.59168979850979,0.5375335120643432,ELECTRE-III,1
570,0220,0,0,"[42.41672467039729, 36.08050844153821]","[np.float64(44.41139282978252), np.float64(39.91154998747761)]",2026-06-14 08:02:10,938.0411421923526,2,4.312633503087475,380.65346352372,28.744416954239405,63.46654806967619,17.06807868739868,4,4,3,954,8,0.9320601851851852,13.339837946657937,0.5375335120643432,ELECTRE-III,1
571,0022,0,0,"[38.83188963923235, 34.930144075862565]","[np.float64(35.71389378659219), np.float64(36.70207253342981)]",2026-06-14 08:03:10,483.97638318685176,1,7.606402594091159,380.4867822371321,28.733837361918535,66.84073665174336,14.06439963817758,4,4,3,1460,9,0.9327546296296296,16.86266352706647,0.5978552278820375,ELECTRE-III,1
572,0022,0,0,"[38.233793879276426, 34.74735796838927]","[np.float64(35.71389378659219), np.float64(36.70207253342981)]",2026-06-14 08:03:20,483.97638318685176,1,7.606402594091159,329.623059696331,25.405903368282296,66.8710422010907,21.06439963817758,4,4,3,1460,9,0.9328703703703703,13.601436675214618,0.5978552278820375,ELECTRE-III,1
573,0022,0,0,"[37.635534194780426, 34.566877049760855]","[np.float64(35.71389378659219), np.float64(36.70207253342981)]",2026-06-14 08:03:30,483.97638318685176,1,7.606402594091159,286.1959579827445,22.410570554954397,66.90133409005972,15.06439963817758,4,4,3,1460,9,0.9329861111111111,7.600510749288691,0.5978552278820375,ELECTRE-III,1
574,0022,0,0,"[37.03712424612268, 34.388612527518106]","[np.float64(35.71389378659219), np.float64(36.70207253342981)]",2026-06-14 08:03:40,483.97638318685176,1,7.606402594091159,254.04927055174306,20.105921682686784,66.93160548846122,18.06439963817758,4,4,3,1460,9,0.9331018518518519,18.06439963817758,0.5978552278820375,ELECTRE-III,1
575,0022,0,0,"[36.4385640333032, 34.21248926958015]","[np.float64(35.71389378659219), np.float64(36.70207253342981)]",2026-06-14 08:03:50,483.97638318685176,1,7.606402594091159,237.80155018413723,18.914204753113008,66.96186322648437,21.06439963817758,4,4,3,1460,9,0.9332175925925926,21.99761723077017,0.5978552278820375,ELECTRE-III,1
576,0022,0,0,"[35.83986380160573, 34.03842531367697]","[np.float64(35.71389378659219), np.float64(36.70207253342981)]",2026-06-14 08:04:00,483.97638318685176,1,7.606402594091159,240.69480900803163,19.127696196153707,66.99210730412918,20.06439963817758,4,4,3,1460,9,0.9333333333333333,23.797732971510914,0.5978552278820375,ELECTRE-III,1
577,0049,0,0,"[35.83986380160573, 34.03842531367697]","[np.float64(32.3724013309903), np.float64(34.84851466648656)]",2026-06-14 08:04:00,862.735772036147,2,3.924714784060308,392.70726298085395,29.50381196689522,66.80568412092286,20.311640351261754,3,3,3,1277,7,0.9333333333333333,25.911640351261752,0.48927613941018766,ELECTRE-III,1
578,0190,0,0,"[35.83986380160573, 34.03842531367697]","[np.float64(32.61662002150712), np.float64(35.51348908138998)]",2026-06-14 08:04:00,982.0934344574912,2,2.9547256572317333,383.191418166269,28.90524125923174,67.26621645590014,19.562560113567027,4,4,3,920,6,0.9333333333333333,21.429226780233694,0.3646112600536193,ELECTRE-III,1
579,0022,0,0,"[35.24102355103028, 33.86634552772767]","[np.float64(35.71389378659219), np.float64(36.70207253342981)]",2026-06-14 08:04:10,483.97638318685176,1,7.606402594091159,262.0958274290134,20.689529767699558,67.02233772139566,15.06439963817758,4,4,3,1460,9,0.9334490740740741,5.7299088974368395,0.5978552278820375,ELECTRE-III,1
580,0049,0,0,"[35.24102355103028, 33.86634552772767]","[np.float64(32.3724013309903), np.float64(34.84851466648656)]",2026-06-14 08:04:10,862.735772036147,2,3.924714784060308,331.6277868121394,25.54079567337423,66.83932963277434,22.311640351261754,3,3,3,1277,7,0.9334490740740741,23.245089425335827,0.48927613941018766,ELECTRE-III,1
581,0190,0,0,"[35.24102355103028, 33.86634552772767]","[np.float64(32.61662002150712), np.float64(35.51348908138998)]",2026-06-14 08:04:10,982.0934344574912,2,2.9547256572317333,329.0043883192461,25.36421368188676,67.29952045829312,17.562560113567027,4,4,3,920,6,0.9334490740740741,10.094967520974436,0.3646112600536193,ELECTRE-III,1
582,0022,0,0,"[34.64205352686059, 33.69617819474597]","[np.float64(35.71389378659219), np.float64(36.70207253342981)]",2026-06-14 08:04:20,483.97638318685176,1,7.606402594091159,298.0440083784574,23.241502173405603,67.05254764809463,23.06439963817758,4,4,3,1460,9,0.9335648148148148,14.662316304844246,0.5978552278820375,ELECTRE-III,1
583,0049,0,0,"[34.64205352686059, 33.69617819474597]","[np.float64(32.3724013309903), np.float64(34.84851466648656)]",2026-06-14 08:04:20,862.735772036147,2,3.924714784060308,274.05109477817376,21.548384600878325,66.87296148424748,19.311640351261754,3,3,3,1277,7,0.9335648148148148,21.178769980891385,0.48927613941018766,ELECTRE-III,1
584,0182,0,0,"[34.64205352686059, 33.69617819474597]","[np.float64(31.20424691988397), np.float64(33.8172340915129)]",2026-06-14 08:04:20,932.9750750599925,2,6.578107925735834,382.4340315678951,28.8572994391534,66.33363608700493,15.93710023241439,3,3,3,766,8,0.9335648148148148,8.468581713895873,0.5375335120643432,ELECTRE-III,1
585,0190,0,0,"[34.64205352686059, 33.69617819474597]","[np.float64(32.61662002150712), np.float64(35.51348908138998)]",2026-06-14 08:04:20,982.0934344574912,2,2.9547256572317333,281.1152775439802,22.051158711632908,67.3328244606861,22.562560113567027,4,4,3,920,6,0.9335648148148148,25.363254558011473,0.3646112600536193,ELECTRE-III,1
586,0229,0,0,"[34.64205352686059, 33.69617819474597]","[np.float64(31.36543275023828), np.float64(35.40223510540356)]",2026-06-14 08:04:20,605.8421583612454,1,4.244381104310433,397.54390054423914,29.805368116366186,67.60550610292051,13.689859519330216,1,1,1,1136,2,0.9335648148148148,19.291248408219104,0.028150134048257374,ELECTRE-III,1
587,0022,0,0,"[34.04295714419127, 33.52785501284017]","[np.float64(35.71389378659219), np.float64(36.70207253342981)]",2026-06-14 08:04:30,483.97638318685176,1,7.606402594091159,344.00859279049837,26.367137232613466,67.08273708422608,18.06439963817758,4,4,3,1460,9,0.9336805555555555,18.998080193733134,0.5978552278820375,ELECTRE-III,1
588,0049,0,0,"[34.04295714419127, 33.52785501284017]","[np.float64(32.3724013309903), np.float64(34.84851466648656)]",2026-06-14 08:04:30,862.735772036147,2,3.924714784060308,222.7105209498495,17.791878892370345,66.90659333572063,21.311640351261754,3,3,3,1277,7,0.9336805555555555,25.980043129039533,0.48927613941018766,ELECTRE-III,1
589,0182,0,0,"[34.04295714419127, 33.52785501284017]","[np.float64(31.20424691988397), np.float64(33.8172340915129)]",2026-06-14 08:04:30,932.9750750599925,2,6.578107925735834,316.8113597020231,24.536722301928982,66.36829246685357,21.93710023241439,3,3,3,766,8,0.9336805555555555,22.870780787969945,0.5375335120643432,ELECTRE-III,1
590,0190,0,0,"[34.04295714419127, 33.52785501284017]","[np.float64(32.61662002150712), np.float64(35.51348908138998)]",2026-06-14 08:04:30,982.0934344574912,2,2.9547256572317333,243.2719583802888,19.317398815501345,67.36611480270074,24.562560113567027,4,4,3,920,6,0.9336805555555555,23.628879558011473,0.3646112600536193,ELECTRE-III,1
591,0229,0,0,"[34.04295714419127, 33.52785501284017]","[np.float64(31.36543275023828), np.float64(35.40223510540356)]",2026-06-14 08:04:30,605.8421583612454,1,4.244381104310433,345.5240394610484,26.467485494749333,67.63980048274315,18.689859519330216,1,1,1,1136,2,0.9336805555555555,14.955137297107994,0.028150134048257374,ELECTRE-III,1
592,0022,0,0,"[33.44374123321146, 33.36131451030775]","[np.float64(35.71389378659219), np.float64(36.70207253342981)]",2026-06-14 08:04:40,483.97638318685176,1,7.606402594091159,396.52086811940825,29.741734487369765,67.11291969016837,17.06439963817758,4,4,3,1460,9,0.9337962962962963,11.461621860399802,0.5978552278820375,ELECTRE-III,1
593,0049,0,0,"[33.44374123321146, 33.36131451030775]","[np.float64(32.3724013309903), np.float64(34.84851466648656)]",2026-06-14 08:04:40,862.735772036147,2,3.924714784060308,182.93417530279146,14.76692430429053,66.94021152681543,13.311640351261754,3,3,3,1277,7,0.9337962962962963,18.914418129039532,0.48927613941018766,ELECTRE-III,1
594,0182,0,0,"[33.44374123321146, 33.36131451030775]","[np.float64(31.20424691988397), np.float64(33.8172340915129)]",2026-06-14 08:04:40,932.9750750599925,2,6.578107925735834,252.67784094645782,20.006014001699793,66.40294201651305,16.93710023241439,3,3,3,766,8,0.9337962962962963,18.804692825006985,0.5375335120643432,ELECTRE-III,1
595,0190,0,0,"[33.44374123321146, 33.36131451030775]","[np.float64(32.61662002150712), np.float64(35.51348908138998)]",2026-06-14 08:04:40,982.0934344574912,2,2.9547256572317333,220.7035707556045,17.641531541218743,67.39939831452621,23.562560113567027,4,4,3,920,6,0.9337962962962963,30.099134187641102,0.3646112600536193,ELECTRE-III,1
596,0229,0,0,"[33.44374123321146, 33.36131451030775]","[np.float64(31.36543275023828), np.float64(35.40223510540356)]",2026-06-14 08:04:40,605.8421583612454,1,4.244381104310433,300.1792569517355,23.390169458026577,67.67408120218745,13.689859519330216,1,1,1,1136,2,0.9337962962962963,20.22643359340429,0.028150134048257374,ELECTRE-III,1
597,001,0,0,"[32.84440920901577, 33.196484970162416]","[np.float64(30.63757178492814), np.float64(29.93743929627551)]",2026-06-14 08:04:50,155.4579021488334,1,7.668865126796833,393.90879683884924,29.578894276217238,63.28321213197471,14.43893975702494,3,3,3,1495,12,0.9339120370370371,19.108499942210123,0.8605898123324397,ELECTRE-III,1
598,0049,0,0,"[32.84440920901577, 33.196484970162416]","[np.float64(32.3724013309903), np.float64(34.84851466648656)]",2026-06-14 08:04:50,862.735772036147,2,3.924714784060308,163.39815485843258,13.248658246204299,66.97381605753189,13.311640351261754,3,3,3,1277,7,0.9339120370370371,16.113376462372866,0.48927613941018766,ELECTRE-III,1
599,0182,0,0,"[32.84440920901577, 33.196484970162416]","[np.float64(31.20424691988397), np.float64(33.8172340915129)]",2026-06-14 08:04:50,932.9750750599925,2,6.578107925735834,191.5354851668573,15.42885183161568,66.43759156617253,22.93710023241439,3,3,3,766,8,0.9339120370370371,26.67274838056254,0.5375335120643432,ELECTRE-III,1
600,0190,0,0,"[32.84440920901577, 33.196484970162416]","[np.float64(32.61662002150712), np.float64(35.51348908138998)]",2026-06-14 08:04:50,982.0934344574912,2,2.9547256572317333,218.20267939304887,17.453829822333862,67.43266816597335,16.562560113567027,4,4,3,920,6,0.9339120370370371,10.025175854307768,0.3646112600536193,ELECTRE-III,1
601,0229,0,0,"[32.84440920901577, 33.196484970162416]","[np.float64(31.36543275023828), np.float64(35.40223510540356)]",2026-06-14 08:04:50,605.8421583612454,1,4.244381104310433,264.95923386226616,20.89613818355933,67.70836192163175,19.689859519330216,1,1,1,1136,2,0.9339120370370371,14.086387297107994,0.028150134048257374,ELECTRE-III,1
602,001,0,0,"[32.24496107160419, 33.03331175089081]","[np.float64(30.63757178492814), np.float64(29.93743929627551)]",2026-06-14 08:05:00,155.4579021488334,1,7.668865126796833,343.7861668273043,26.35239417030438,63.31861300244289,14.43893975702494,3,3,3,1495,12,0.9340277777777778,14.43893975702494,0.8605898123324397,ELECTRE-III,1
603,0049,0,0,"[32.24496107160419, 33.03331175089081]","[np.float64(32.3724013309903), np.float64(34.84851466648656)]",2026-06-14 08:05:00,862.735772036147,2,3.924714784060308,171.17813555863762,13.855687578049793,67.00742058824835,18.311640351261754,3,3,3,1277,7,0.9340277777777778,14.575529240150644,0.48927613941018766,ELECTRE-III,1
604,0182,0,0,"[32.24496107160419, 33.03331175089081]","[np.float64(31.20424691988397), np.float64(33.8172340915129)]",2026-06-14 08:05:00,932.9750750599925,2,6.578107925735834,137.43597814358367,11.201610936372099,66.47222745545366,21.93710023241439,3,3,3,766,8,0.9340277777777778,24.739183565747723,0.5375335120643432,ELECTRE-III,1
605,0190,0,0,"[32.24496107160419, 33.03331175089081]","[np.float64(32.61662002150712), np.float64(35.51348908138998)]",2026-06-14 08:05:00,982.0934344574912,2,2.9547256572317333,236.40637800726154,18.81106046170724,67.4659311872313,23.562560113567027,4,4,3,920,6,0.9340277777777778,23.562560113567027,0.3646112600536193,ELECTRE-III,1
606,0229,0,0,"[32.24496107160419, 33.03331175089081]","[np.float64(31.36543275023828), np.float64(35.40223510540356)]",2026-06-14 08:05:00,605.8421583612454,1,4.244381104310433,244.28227775735465,19.39164817018515,67.7426289806977,11.689859519330216,1,1,1,1136,2,0.9340277777777778,7.953748408219106,0.028150134048257374,ELECTRE-III,1
607,001,0,0,"[31.645407066260468, 32.87173338079041]","[np.float64(30.63757178492814), np.float64(29.93743929627551)]",2026-06-14 08:05:10,155.4579021488334,1,7.668865126796833,300.89232657398503,23.43974301349207,63.35400704272189,13.43893975702494,3,3,3,1495,12,0.9341435185185185,6.8999351273953105,0.8605898123324397,ELECTRE-III,1
608,0049,0,0,"[31.645407066260468, 32.87173338079041]","[np.float64(32.3724013309903), np.float64(34.84851466648656)]",2026-06-14 08:05:10,862.735772036147,2,3.924714784060308,203.16015389270257,16.316757487651863,67.04101145858648,20.311640351261754,3,3,3,1277,7,0.9341435185185185,28.71893201792842,0.48927613941018766,ELECTRE-III,1
609,0182,0,0,"[31.645407066260468, 32.87173338079041]","[np.float64(31.20424691988397), np.float64(33.8172340915129)]",2026-06-14 08:05:10,932.9750750599925,2,6.578107925735834,102.24924017318953,8.381273297219723,66.50685651454563,19.93710023241439,3,3,3,766,8,0.9341435185185185,27.41024838056254,0.5375335120643432,ELECTRE-III,1
610,0190,0,0,"[31.645407066260468, 32.87173338079041]","[np.float64(32.61662002150712), np.float64(35.51348908138998)]",2026-06-14 08:05:10,982.0934344574912,2,2.9547256572317333,271.1767037655502,21.342800949389325,67.49918054811093,25.562560113567027,4,4,3,920,6,0.9341435185185185,25.562560113567027,0.3646112600536193,ELECTRE-III,1
611,0229,0,0,"[31.645407066260468, 32.87173338079041]","[np.float64(31.36543275023828), np.float64(35.40223510540356)]",2026-06-14 08:05:10,605.8421583612454,1,4.244381104310433,241.90717899846953,19.216992673933422,67.77688920957448,11.689859519330216,1,1,1,1136,2,0.9341435185185185,9.82157248229318,0.028150134048257374,ELECTRE-III,1
612,001,0,0,"[31.0457506080792, 32.71169180325325]","[np.float64(30.63757178492814), np.float64(29.93743929627551)]",2026-06-14 08:05:20,155.4579021488334,1,7.668865126796833,268.71271658032634,21.16611012576467,63.3894010830009,10.43893975702494,3,3,3,1495,12,0.9342592592592592,2.964865682950866,0.8605898123324397,ELECTRE-III,1
613,0030,0,0,"[31.0457506080792, 32.71169180325325]","[np.float64(28.2526205265435), np.float64(30.78863292207927)]",2026-06-14 08:05:20,327.27627738171503,1,5.760319537697072,361.9152631748565,27.541668598131544,64.41335572261254,26.43526070780384,1,1,1,592,4,0.9342592592592592,21.763964411507544,0.20241286863270777,ELECTRE-III,1
614,0049,0,0,"[31.0457506080792, 32.71169180325325]","[np.float64(32.3724013309903), np.float64(34.84851466648656)]",2026-06-14 08:05:20,862.735772036147,2,3.924714784060308,250.23033561140477,19.8273995893586,67.07459549873543,17.311640351261754,3,3,3,1277,7,0.9342592592592592,11.7060847957062,0.48927613941018766,ELECTRE-III,1
615,0182,0,0,"[31.0457506080792, 32.71169180325325]","[np.float64(31.20424691988397), np.float64(33.8172340915129)]",2026-06-14 08:05:20,932.9750750599925,2,6.578107925735834,106.69902247578561,8.740499885547623,66.54148557363759,19.93710023241439,3,3,3,766,8,0.9342592592592592,23.67413726945143,0.5375335120643432,ELECTRE-III,1
616,0190,0,0,"[31.0457506080792, 32.71169180325325]","[np.float64(32.61662002150712), np.float64(35.51348908138998)]",2026-06-14 08:05:20,982.0934344574912,2,2.9547256572317333,317.1100784540176,24.5571277866356,67.53242990899055,22.562560113567027,4,4,3,920,6,0.9342592592592592,28.16811566912258,0.3646112600536193,ELECTRE-III,1
617,0229,0,0,"[31.0457506080792, 32.71169180325325]","[np.float64(31.36543275023828), np.float64(35.40223510540356)]",2026-06-14 08:05:20,605.8421583612454,1,4.244381104310433,258.33892897128254,20.41759628559925,67.81114260826209,18.689859519330216,1,1,1,1136,2,0.9342592592592592,11.215785445256142,0.028150134048257374,ELECTRE-III,1
618,001,0,0,"[30.445995112154964, 32.553132376765994]","[np.float64(30.63757178492814), np.float64(29.93743929627551)]",2026-06-14 08:05:30,155.4579021488334,1,7.668865126796833,251.39733530250393,19.91261539476054,63.42479512327991,13.43893975702494,3,3,3,1495,12,0.934375,19.04518975702494,0.8605898123324397,ELECTRE-III,1
619,0030,0,0,"[30.445995112154964, 32.553132376765994]","[np.float64(28.2526205265435), np.float64(30.78863292207927)]",2026-06-14 08:05:30,327.27627738171503,1,5.760319537697072,297.86579163313576,23.229078755278266,64.44991089505044,28.43526070780384,1,1,1,592,4,0.934375,20.96026070780384,0.20241286863270777,ELECTRE-III,1
620,0049,0,0,"[30.445995112154964, 32.553132376765994]","[np.float64(32.3724013309903), np.float64(34.84851466648656)]",2026-06-14 08:05:30,862.735772036147,2,3.924714784060308,305.4921208257709,23.75863236655135,67.10817270869521,14.311640351261754,3,3,3,1277,7,0.934375,20.852265351261753,0.48927613941018766,ELECTRE-III,1
621,0182,0,0,"[30.445995112154964, 32.553132376765994]","[np.float64(31.20424691988397), np.float64(33.8172340915129)]",2026-06-14 08:05:30,932.9750750599925,2,6.578107925735834,147.23465347600157,11.977912570214103,66.57610780254039,14.93710023241439,3,3,3,766,8,0.934375,7.462100232414391,0.5375335120643432,ELECTRE-III,1
622,0190,0,0,"[30.445995112154964, 32.553132376765994]","[np.float64(32.61662002150712), np.float64(35.51348908138998)]",2026-06-14 08:05:30,982.0934344574912,2,2.9547256572317333,370.0727466442759,28.068592533672913,67.56565877930267,18.562560113567027,4,4,3,920,6,0.934375,13.890685113567027,0.3646112600536193,ELECTRE-III,1
623,0229,0,0,"[30.445995112154964, 32.553132376765994]","[np.float64(31.36543275023828), np.float64(35.40223510540356)]",2026-06-14 08:05:30,605.8421583612454,1,4.244381104310433,290.4021528160453,22.706721401869395,67.84538917676053,17.689859519330216,1,1,1,1136,2,0.934375,21.427359519330217,0.028150134048257374,ELECTRE-III,1
624,001,0,0,"[29.84614399358235, 32.396007290004434]","[np.float64(30.63757178492814), np.float64(29.93743929627551)]",2026-06-14 08:05:40,155.4579021488334,1,7.668865126796833,252.03057692514167,19.95881713074912,63.46017550318057,18.43893975702494,3,3,3,1495,12,0.9344907407407408,16.56995827554346,0.8605898123324397,ELECTRE-III,1
625,0030,0,0,"[29.84614399358235, 32.396007290004434]","[np.float64(28.2526205265435), np.float64(30.78863292207927)]",2026-06-14 08:05:40,327.27627738171503,1,5.760319537697072,236.23504069184455,18.798384849586636,64.48647289767752,22.43526070780384,1,1,1,592,4,0.9344907407407408,25.238732930026064,0.20241286863270777,ELECTRE-III,1
626,0049,0,0,"[29.84614399358235, 32.396007290004434]","[np.float64(32.3724013309903), np.float64(34.84851466648656)]",2026-06-14 08:05:40,862.735772036147,2,3.924714784060308,365.2457401836498,27.7574145320329,67.14174308846583,17.311640351261754,3,3,3,1277,7,0.9344907407407408,8.901223684595088,0.48927613941018766,ELECTRE-III,1
627,0052,0,0,"[29.84614399358235, 32.396007290004434]","[np.float64(26.38810088974979), np.float64(32.06764196557161)]",2026-06-14 08:05:40,478.79036083132416,1,7.55704554563974,385.8628157945752,29.073984691259746,65.72602928862977,24.06439963817758,2,2,2,559,4,0.9344907407407408,16.588473712251655,0.20241286863270777,ELECTRE-III,1
628,0182,0,0,"[29.84614399358235, 32.396007290004434]","[np.float64(31.20424691988397), np.float64(33.8172340915129)]",2026-06-14 08:05:40,932.9750750599925,2,6.578107925735834,203.309989470947,16.328150662879537,66.61072320125402,22.93710023241439,3,3,3,766,8,0.9344907407407408,15.461174306488465,0.5375335120643432,ELECTRE-III,1
629,0229,0,0,"[29.84614399358235, 32.396007290004434]","[np.float64(31.36543275023828), np.float64(35.40223510540356)]",2026-06-14 08:05:40,605.8421583612454,1,4.244381104310433,333.61935701376746,25.67450283513552,67.87962891506982,18.689859519330216,1,1,1,1136,2,0.9344907407407408,10.27944285266355,0.028150134048257374,ELECTRE-III,1
630,001,0,0,"[29.246200667455938, 32.24026190145522]","[np.float64(30.63757178492814), np.float64(29.93743929627551)]",2026-06-14 08:05:50,155.4579021488334,1,7.668865126796833,270.4873583739373,21.293411185997545,63.49556271327041,19.43893975702494,3,3,3,1495,12,0.9346064814814815,17.569726794061978,0.8605898123324397,ELECTRE-III,1
631,0030,0,0,"[29.246200667455938, 32.24026190145522]","[np.float64(28.2526205265435), np.float64(30.78863292207927)]",2026-06-14 08:05:50,327.27627738171503,1,5.760319537697072,179.53243890937117,14.504011110750561,64.52302807011543,26.43526070780384,1,1,1,592,4,0.9346064814814815,20.827621818914952,0.20241286863270777,ELECTRE-III,1
632,0052,0,0,"[29.246200667455938, 32.24026190145522]","[np.float64(26.38810088974979), np.float64(32.06764196557161)]",2026-06-14 08:05:50,478.79036083132416,1,7.55704554563974,318.2595660741927,24.635587366473626,65.76332895168721,17.06439963817758,2,2,2,559,4,0.9346064814814815,20.802825564103507,0.20241286863270777,ELECTRE-III,1
633,0182,0,0,"[29.246200667455938, 32.24026190145522]","[np.float64(31.20424691988397), np.float64(33.8172340915129)]",2026-06-14 08:05:50,932.9750750599925,2,6.578107925735834,265.24623360319003,20.916815351059288,66.6453249395893,19.93710023241439,3,3,3,766,8,0.9346064814814815,17.133280787969944,0.5375335120643432,ELECTRE-III,1
634,0229,0,0,"[29.246200667455938, 32.24026190145522]","[np.float64(31.36543275023828), np.float64(35.40223510540356)]",2026-06-14 08:05:50,605.8421583612454,1,4.244381104310433,384.2452502115648,28.97187414836673,67.91386182318992,14.689859519330216,1,1,1,1136,2,0.9346064814814815,19.362891926737625,0.028150134048257374,ELECTRE-III,1
635,001,0,0,"[28.646166841323026, 32.08584839979415]","[np.float64(30.63757178492814), np.float64(29.93743929627551)]",2026-06-14 08:06:00,155.4579021488334,1,7.668865126796833,303.5349286599478,23.623135919734345,63.530943093171075,19.43893975702494,3,3,3,1495,12,0.9347222222222222,25.981995312580494,0.8605898123324397,ELECTRE-III,1
636,0030,0,0,"[28.646166841323026, 32.08584839979415]","[np.float64(28.2526205265435), np.float64(30.78863292207927)]",2026-06-14 08:06:00,327.27627738171503,1,5.760319537697072,134.161227222637,10.941221952147885,64.55958324255333,24.43526070780384,1,1,1,592,4,0.9347222222222222,18.826927374470507,0.20241286863270777,ELECTRE-III,1
637,0052,0,0,"[28.646166841323026, 32.08584839979415]","[np.float64(26.38810088974979), np.float64(32.06764196557161)]",2026-06-14 08:06:00,478.79036083132416,1,7.55704554563974,251.09225030472896,19.890346545081915,65.80062178455547,20.06439963817758,2,2,2,559,4,0.9347222222222222,21.933844082622024,0.20241286863270777,ELECTRE-III,1
638,0182,0,0,"[28.646166841323026, 32.08584839979415]","[np.float64(31.20424691988397), np.float64(33.8172340915129)]",2026-06-14 08:06:00,932.9750750599925,2,6.578107925735834,329.75752374626154,25.414960531493602,66.67993350811375,14.93710023241439,3,3,3,766,8,0.9347222222222222,21.48015578796995,0.5375335120643432,ELECTRE-III,1
639,001,0,0,"[28.04604934537278, 31.932718973697053]","[np.float64(30.63757178492814), np.float64(29.93743929627551)]",2026-06-14 08:06:10,155.4579021488334,1,7.668865126796833,347.0303334226621,26.5670545738631,63.56631664288257,17.43893975702494,3,3,3,1495,12,0.934837962962963,19.308615682950865,0.8605898123324397,ELECTRE-III,1
640,0030,0,0,"[28.04604934537278, 31.932718973697053]","[np.float64(28.2526205265435), np.float64(30.78863292207927)]",2026-06-14 08:06:10,327.27627738171503,1,5.760319537697072,114.49682914209822,9.368326542604423,64.59613158480207,21.43526070780384,1,1,1,592,4,0.934837962962963,13.956557004100137,0.20241286863270777,ELECTRE-III,1
641,0052,0,0,"[28.04604934537278, 31.932718973697053]","[np.float64(26.38810088974979), np.float64(32.06764196557161)]",2026-06-14 08:06:10,478.79036083132416,1,7.55704554563974,184.8377892187857,14.9137743872832,65.83792144761291,23.06439963817758,2,2,2,559,4,0.934837962962963,20.259885749288692,0.20241286863270777,ELECTRE-III,1
642,0182,0,0,"[28.04604934537278, 31.932718973697053]","[np.float64(31.20424691988397), np.float64(33.8172340915129)]",2026-06-14 08:06:10,932.9750750599925,2,6.578107925735834,395.58590027231025,29.683507842633375,66.71452841625987,15.93710023241439,3,3,3,766,8,0.934837962962963,13.132586343525503,0.5375335120643432,ELECTRE-III,1
643,001,0,0,"[27.445851594699786, 31.780825811839726]","[np.float64(30.63757178492814), np.float64(29.93743929627551)]",2026-06-14 08:06:20,155.4579021488334,1,7.668865126796833,397.55970495070846,29.80635053182657,63.60169019259406,10.43893975702494,3,3,3,1495,12,0.9349537037037037,5.764171238506422,0.8605898123324397,ELECTRE-III,1
644,0030,0,0,"[27.445851594699786, 31.780825811839726]","[np.float64(28.2526205265435), np.float64(30.78863292207927)]",2026-06-14 08:06:20,327.27627738171503,1,5.760319537697072,132.52585566005436,10.811014604759576,64.63268675723998,26.43526070780384,1,1,1,592,4,0.9349537037037037,33.91489033743347,0.20241286863270777,ELECTRE-III,1
645,0052,0,0,"[27.445851594699786, 31.780825811839726]","[np.float64(26.38810088974979), np.float64(32.06764196557161)]",2026-06-14 08:06:20,478.79036083132416,1,7.55704554563974,121.00549005702402,9.890633934392666,65.87521428048119,23.06439963817758,2,2,2,559,4,0.9349537037037037,13.714862601140544,0.20241286863270777,ELECTRE-III,1
646,0030,0,0,"[26.84557529685134, 31.63012793308715]","[np.float64(28.2526205265435), np.float64(30.78863292207927)]",2026-06-14 08:06:30,327.27627738171503,1,5.760319537697072,177.0888310675483,14.31476303258369,64.66923509948872,27.43526070780384,1,1,1,592,4,0.9350694444444444,29.30539959669273,0.20241286863270777,ELECTRE-III,1
647,0052,0,0,"[26.84557529685134, 31.63012793308715]","[np.float64(26.38810088974979), np.float64(32.06764196557161)]",2026-06-14 08:06:30,478.79036083132416,1,7.55704554563974,66.9277635901467,5.5084387422426255,65.91250711334946,24.06439963817758,2,2,2,559,4,0.9350694444444444,23.129330193733136,0.20241286863270777,ELECTRE-III,1
648,0030,0,0,"[26.245225574469313, 31.480584356304306]","[np.float64(28.2526205265435), np.float64(30.78863292207927)]",2026-06-14 08:06:40,327.27627738171503,1,5.760319537697072,233.45643084767343,18.592556047090998,64.70578344173745,22.43526070780384,1,1,1,592,4,0.9351851851851852,17.759334781877914,0.20241286863270777,ELECTRE-III,1
649,0052,0,0,"[26.245225574469313, 31.480584356304306]","[np.float64(26.38810088974979), np.float64(32.06764196557161)]",2026-06-14 08:06:40,478.79036083132416,1,7.55704554563974,60.63072311165885,4.99292026222468,65.94979994621772,22.06439963817758,2,2,2,559,4,0.9351851851851852,16.45328852706647,0.20241286863270777,ELECTRE-III,1
650,0030,0,0,"[25.64480242755371, 31.33215068526159]","[np.float64(28.2526205265435), np.float64(30.78863292207927)]",2026-06-14 08:06:50,327.27627738171503,1,5.760319537697072,294.9371103517765,23.02459065501588,64.74233178398619,28.43526070780384,1,1,1,592,4,0.935300925925926,35.91766811521125,0.20241286863270777,ELECTRE-III,1
651,0052,0,0,"[25.64480242755371, 31.33215068526159]","[np.float64(26.38810088974979), np.float64(32.06764196557161)]",2026-06-14 08:06:50,478.79036083132416,1,7.55704554563974,110.60152324678046,9.054976939380706,65.987092779086,22.06439963817758,2,2,2,559,4,0.935300925925926,21.129098712251654,0.20241286863270777,ELECTRE-III,1
652,0030,0,0,"[25.044310978746406, 31.18478593882398]","[np.float64(28.2526205265435), np.float64(30.78863292207927)]",2026-06-14 08:07:00,327.27627738171503,1,5.760319537697072,358.9131915686403,27.34646754033438,64.77887329604576,28.43526070780384,1,1,1,592,4,0.9354166666666667,28.43526070780384,0.20241286863270777,ELECTRE-III,1
653,0052,0,0,"[25.044310978746406, 31.18478593882398]","[np.float64(26.38810088974979), np.float64(32.06764196557161)]",2026-06-14 08:07:00,478.79036083132416,1,7.55704554563974,173.6353710810238,14.046761637866672,66.02438561195427,20.06439963817758,2,2,2,559,4,0.9354166666666667,16.322732971510913,0.20241286863270777,ELECTRE-III,1
654,0052,0,0,"[24.44375464314199, 31.03845255095104]","[np.float64(26.38810088974979), np.float64(32.06764196557161)]",2026-06-14 08:07:10,478.79036083132416,1,7.55704554563974,239.63659157516096,19.049674745976247,66.06167844482253,17.06439963817758,2,2,2,559,4,0.9355324074074074,10.515672786325728,0.20241286863270777,ELECTRE-III,1
655,0052,0,0,"[23.843133420740454, 30.893112955602337]","[np.float64(26.38810088974979), np.float64(32.06764196557161)]",2026-06-14 08:07:20,478.79036083132416,1,7.55704554563974,306.69562476153976,23.841811228472512,66.09897127769081,17.06439963817758,2,2,2,559,4,0.9356481481481481,19.871344082622024,0.20241286863270777,ELECTRE-III,1
656,0052,0,0,"[23.242454141730974, 30.748733001832022]","[np.float64(26.38810088974979), np.float64(32.06764196557161)]",2026-06-14 08:07:30,478.79036083132416,1,7.55704554563974,374.24385917437513,28.336044438444034,66.13626411055908,22.06439963817758,2,2,2,559,4,0.9357638888888888,13.64252463817758,0.20241286863270777,ELECTRE-III,1
657,0078,1,0,"[-6.823338490275228, 24.15032288620907]","[np.float64(-6.236855974632872), np.float64(20.52624852280738)]",2026-06-14 08:15:50,702.7753066758918,1,5.777961896767008,405.6386435572346,30.306017808124746,44.426654682740704,9.817158925093404,2,2,2,1324,10,0.9415509259259259,7.934057073241552,0.6528150134048257,ELECTRE-III,1
658,0078,1,0,"[-7.424558208002784, 24.021059848619288]","[np.float64(-6.236855974632872), np.float64(20.52624852280738)]",2026-06-14 08:16:00,702.7753066758918,1,5.777961896767008,407.8157205375188,30.439803394735875,44.45761593024837,9.817158925093404,2,2,2,1324,10,0.9416666666666667,6.9921589250934035,0.6528150134048257,ELECTRE-III,1
659,0127,0,0,"[57.04107834383796, 17.66365125031294]","[np.float64(55.64321798038925), np.float64(12.16354832122793)]",2026-06-14 09:36:50,514.5248103633304,1,3.1792204244224944,372.7579333134283,28.24092035422577,53.22541706967243,17.813479875872304,1,1,1,1461,8,0.997800925925926,19.809081727724156,0.5375335120643432,ELECTRE-III,1
660,0127,0,0,"[56.45348058463635, 17.334699094601373]","[np.float64(55.64321798038925), np.float64(12.16354832122793)]",2026-06-14 09:37:00,514.5248103633304,1,3.1792204244224944,333.44466631765874,25.662786673123684,53.23990390090203,18.813479875872304,1,1,1,1461,8,0.9979166666666667,23.803063209205636,0.5375335120643432,ELECTRE-III,1
661,0127,0,0,"[55.86524420274734, 17.014506656500345]","[np.float64(55.64321798038925), np.float64(12.16354832122793)]",2026-06-14 09:37:10,514.5248103633304,1,3.1792204244224944,304.4847366789563,23.688926263747828,53.254366826469536,21.813479875872304,1,1,1,1461,8,0.9980324074074074,29.797739135131565,0.5375335120643432,ELECTRE-III,1
662,0127,0,0,"[55.27640334911679, 16.702628266166514]","[np.float64(55.64321798038925), np.float64(12.16354832122793)]",2026-06-14 09:37:20,514.5248103633304,1,3.1792204244224944,289.0084907337301,22.60873701529258,53.26881267656411,22.813479875872304,1,1,1,1461,8,0.9981481481481481,21.815331727724157,0.5375335120643432,ELECTRE-III,1
663,0127,0,0,"[54.686985344501366, 16.39865240470239]","[np.float64(55.64321798038925), np.float64(12.16354832122793)]",2026-06-14 09:37:30,514.5248103633304,1,3.1792204244224944,289.1904078399019,22.621535022566547,53.28324145118576,24.813479875872304,1,1,1,1461,8,0.9982638888888888,15.829104875872304,0.5375335120643432,ELECTRE-III,1
664,0127,0,0,"[54.09701750965776, 16.102193166419863]","[np.float64(55.64321798038925), np.float64(12.16354832122793)]",2026-06-14 09:37:40,514.5248103633304,1,3.1792204244224944,305.00407846046085,23.72487150734218,53.2976497352399,20.813479875872304,1,1,1,1461,8,0.9983796296296297,13.824822468464896,0.5375335120643432,ELECTRE-III,1
665,0083,0,0,"[53.50653399553182, 15.812883428651048]","[np.float64(52.56086921316749), np.float64(10.02700097620163)]",2026-06-14 09:37:50,417.64182187177,1,6.509395922260685,400.79000628692904,30.00674373392609,54.8367372420539,16.442618806246042,1,1,1,1398,11,0.9984953703703704,9.453151213653449,0.7640750670241286,ELECTRE-III,1
666,0117,0,0,"[53.50653399553182, 15.812883428651048]","[np.float64(50.1189422399863), np.float64(15.55883485367527)]",2026-06-14 09:37:50,58.72141287104622,1,3.1751046614195824,377.08750045507185,28.517610916275068,58.93583087620745,15.562560113567027,2,2,2,863,3,0.9984953703703704,8.573092520974434,0.06836461126005362,ELECTRE-III,1
667,0127,0,0,"[53.50653399553182, 15.812883428651048]","[np.float64(55.64321798038925), np.float64(12.16354832122793)]",2026-06-14 09:37:50,514.5248103633304,1,3.1792204244224944,334.23871868916234,25.716023647613792,53.312037528726535,16.813479875872304,1,1,1,1461,8,0.9984953703703704,17.811975246242675,0.5375335120643432,ELECTRE-III,1
668,0148,1,0,"[53.50653399553182, 15.812883428651048]","[np.float64(50.94514176179118), np.float64(12.49247470997162)]",2026-06-14 09:37:50,820.6334839857649,1,7.768170800213682,363.6045360114904,27.65120487049115,57.05804111864169,20.809800826651205,1,1,1,920,6,0.9984953703703704,26.800773048873427,0.3646112600536193,ELECTRE-III,1
669,0083,0,0,"[52.91555529269105, 15.530383389484735]","[np.float64(52.56086921316749), np.float64(10.02700097620163)]",2026-06-14 09:38:00,417.64182187177,1,6.509395922260685,372.509101286764,28.22497433160007,54.854164469721184,22.442618806246042,1,1,1,1398,11,0.9986111111111111,12.456507695134931,0.7640750670241286,ELECTRE-III,1
670,0117,0,0,"[52.91555529269105, 15.530383389484735]","[np.float64(50.1189422399863), np.float64(15.55883485367527)]",2026-06-14 09:38:00,58.72141287104622,1,3.1751046614195824,310.97584701116136,24.13676947679743,58.95212087737792,19.562560113567027,2,2,2,863,3,0.9986111111111111,26.552837891344804,0.06836461126005362,ELECTRE-III,1
671,0127,0,0,"[52.91555529269105, 15.530383389484735]","[np.float64(55.64321798038925), np.float64(12.16354832122793)]",2026-06-14 09:38:00,514.5248103633304,1,3.1792204244224944,373.75954467373214,28.305058891546643,53.32640824674024,17.813479875872304,1,1,1,1461,8,0.9986111111111111,20.809313209205637,0.5375335120643432,ELECTRE-III,1
672,0148,1,0,"[52.91555529269105, 15.530383389484735]","[np.float64(50.94514176179118), np.float64(12.49247470997162)]",2026-06-14 09:38:00,820.6334839857649,1,7.768170800213682,302.258047304334,23.53458596522739,57.07543419536313,18.809800826651205,1,1,1,920,6,0.9986111111111111,10.820911937762316,0.3646112600536193,ELECTRE-III,1
673,0083,0,0,"[52.32410530679755, 15.254372030029936]","[np.float64(52.56086921316749), np.float64(10.02700097620163)]",2026-06-14 09:38:10,417.64182187177,1,6.509395922260685,355.2083456494838,27.104619107367046,54.87157462191555,16.442618806246042,1,1,1,1398,11,0.9987268518518518,17.441345658097894,0.7640750670241286,ELECTRE-III,1
674,0117,0,0,"[52.32410530679755, 15.254372030029936]","[np.float64(50.1189422399863), np.float64(15.55883485367527)]",2026-06-14 09:38:10,58.72141287104622,1,3.1751046614195824,246.11772278763738,19.52636355409944,58.968383557791725,20.562560113567027,2,2,2,863,3,0.9987268518518518,20.562560113567027,0.06836461126005362,ELECTRE-III,1
675,0148,1,0,"[52.32410530679755, 15.254372030029936]","[np.float64(50.94514176179118), np.float64(12.49247470997162)]",2026-06-14 09:38:10,820.6334839857649,1,7.768170800213682,244.6034549448651,19.415237625434305,57.092806781517055,15.809800826651205,1,1,1,920,6,0.9987268518518518,10.816166567391946,0.3646112600536193,ELECTRE-III,1
676,0083,0,0,"[51.732211358608005, 14.984547114415873]","[np.float64(52.56086921316749), np.float64(10.02700097620163)]",2026-06-14 09:38:20,417.64182187177,1,6.509395922260685,350.518604072546,26.796972839124795,54.8889642835424,15.442618806246042,1,1,1,1398,11,0.9988425925925926,15.442618806246042,0.7640750670241286,ELECTRE-III,1
677,0117,0,0,"[51.732211358608005, 14.984547114415873]","[np.float64(50.1189422399863), np.float64(15.55883485367527)]",2026-06-14 09:38:20,58.72141287104622,1,3.1751046614195824,183.84638770816292,14.837319799039385,58.98461891744885,23.562560113567027,2,2,2,863,3,0.9988425925925926,14.572976780233695,0.06836461126005362,ELECTRE-III,1
678,0148,1,0,"[51.732211358608005, 14.984547114415873]","[np.float64(50.94514176179118), np.float64(12.49247470997162)]",2026-06-14 09:38:20,820.6334839857649,1,7.768170800213682,193.96354454356964,15.614953761190868,57.11015546200888,16.809800826651205,1,1,1,920,6,0.9988425925925926,9.817902678503057,0.3646112600536193,ELECTRE-III,1
678,0148,1,0,"[51.732211358608005, 14.984547114415873]","[np.float64(50.94514176179118), np.float64(12.49247470997162)]",2026-06-14 09:38:20,820.6334839857649,1,7.768170800213682,193.96354454356964,15.614953761190868,57.11015546200888,16.809800826651205,1,1,1,920,6,0.9988425925925926,9.817902678503057,0.3646112600536193,ELECTRE-III,1
679,0083,0,0,"[51.139887108500744, 14.720625189791996]","[np.float64(52.56086921316749), np.float64(10.02700097620163)]",2026-06-14 09:38:30,417.64182187177,1,6.509395922260685,358.9360240904206,27.347954765502777,54.906336869696325,13.442618806246042,1,1,1,1398,11,0.9989583333333333,5.450952139579376,0.7640750670241286,ELECTRE-III,1
680,0117,0,0,"[51.139887108500744, 14.720625189791996]","[np.float64(50.1189422399863), np.float64(15.55883485367527)]",2026-06-14 09:38:30,58.72141287104622,1,3.1751046614195824,127.9948849436997,10.449674207125,59.00083378653846,22.562560113567027,2,2,2,863,3,0.9989583333333333,18.566726780233694,0.06836461126005362,ELECTRE-III,1
681,0148,1,0,"[51.139887108500744, 14.720625189791996]","[np.float64(50.94514176179118), np.float64(12.49247470997162)]",2026-06-14 09:38:30,820.6334839857649,1,7.768170800213682,157.26874039759713,12.768264394063186,57.12748365193321,21.809800826651205,1,1,1,920,6,0.9989583333333333,21.809800826651205,0.3646112600536193,ELECTRE-III,1
681,0148,1,0,"[51.139887108500744, 14.720625189791996]","[np.float64(50.94514176179118), np.float64(12.49247470997162)]",2026-06-14 09:38:30,820.6334839857649,1,7.768170800213682,157.26874039759713,12.768264394063186,57.12748365193321,21.809800826651205,1,1,1,920,6,0.9989583333333333,21.809800826651205,0.3646112600536193,ELECTRE-III,1
682,0083,0,0,"[50.54715987723245, 14.462336463686087]","[np.float64(52.56086921316749), np.float64(10.02700097620163)]",2026-06-14 09:38:40,417.64182187177,1,6.509395922260685,379.59043072319406,28.676907413181794,54.92368896528274,16.442618806246042,1,1,1,1398,11,0.9990740740740741,7.450952139579375,0.7640750670241286,ELECTRE-III,1
683,0117,0,0,"[50.54715987723245, 14.462336463686087]","[np.float64(50.1189422399863), np.float64(15.55883485367527)]",2026-06-14 09:38:40,58.72141287104622,1,3.1751046614195824,91.23682430713367,7.489449226553769,59.01702133487139,17.562560113567027,2,2,2,863,3,0.9990740740740741,17.562560113567027,0.06836461126005362,ELECTRE-III,1
684,0148,1,0,"[50.54715987723245, 14.462336463686087]","[np.float64(50.94514176179118), np.float64(12.49247470997162)]",2026-06-14 09:38:40,820.6334839857649,1,7.768170800213682,145.48666389597045,11.839745934961739,57.144791351290024,17.809800826651205,1,1,1,920,6,0.9990740740740741,23.80424527109565,0.3646112600536193,ELECTRE-III,1
684,0148,1,0,"[50.54715987723245, 14.462336463686087]","[np.float64(50.94514176179118), np.float64(12.49247470997162)]",2026-06-14 09:38:40,820.6334839857649,1,7.768170800213682,145.48666389597045,11.839745934961739,57.144791351290024,17.809800826651205,1,1,1,920,6,0.9990740740740741,23.80424527109565,0.3646112600536193,ELECTRE-III,1
685,0165,0,0,"[50.54715987723245, 14.462336463686087]","[np.float64(47.43201384411275), np.float64(16.49871748024867)]",2026-06-14 09:38:40,401.4004296311611,1,7.6911579754661386,376.8750290683134,28.504066153974097,61.51665883523178,16.43893975702494,2,2,2,507,5,0.9990740740740741,20.435236053321237,0.2587131367292225,ELECTRE-III,1
686,0202,0,0,"[50.54715987723245, 14.462336463686087]","[np.float64(49.18866442374592), np.float64(9.325408692768589)]",2026-06-14 09:38:40,46.860608642228364,1,4.556264620785571,397.8448587942494,29.82407262392371,56.972090018126245,13.315319400482853,3,3,3,1105,11,0.9990740740740741,22.30698606714952,0.7640750670241286,ELECTRE-III,1
687,0076,0,0,"[49.954039910086884, 14.209430780419794]","[np.float64(49.11832800995569), np.float64(8.89064888647059)]",2026-06-14 09:38:50,237.1280562849896,1,5.863806596854088,394.8088454491757,29.635064099024135,56.82772713982886,16.56623916278813,3,3,3,975,8,0.9991898148148148,24.55975768130665,0.5375335120643432,ELECTRE-III,1
688,0117,0,0,"[49.954039910086884, 14.209430780419794]","[np.float64(50.1189422399863), np.float64(15.55883485367527)]",2026-06-14 09:38:50,58.72141287104622,1,3.1751046614195824,98.10256012770799,8.045916828626092,59.03318156244764,22.562560113567027,2,2,2,863,3,0.9991898148148148,16.56742122467814,0.06836461126005362,ELECTRE-III,1
689,0148,1,0,"[49.954039910086884, 14.209430780419794]","[np.float64(50.94514176179118), np.float64(12.49247470997162)]",2026-06-14 09:38:50,820.6334839857649,1,7.768170800213682,164.07729296817257,13.301770570498228,57.16207514498474,17.809800826651205,1,1,1,920,6,0.9991898148148148,7.8179026785030565,0.3646112600536193,ELECTRE-III,1
689,0148,1,0,"[49.954039910086884, 14.209430780419794]","[np.float64(50.94514176179118), np.float64(12.49247470997162)]",2026-06-14 09:38:50,820.6334839857649,1,7.768170800213682,164.07729296817257,13.301770570498228,57.16207514498474,17.809800826651205,1,1,1,920,6,0.9991898148148148,7.8179026785030565,0.3646112600536193,ELECTRE-III,1
690,0165,0,0,"[49.954039910086884, 14.209430780419794]","[np.float64(47.43201384411275), np.float64(16.49871748024867)]",2026-06-14 09:38:50,401.4004296311611,1,7.6911579754661386,326.88695368827877,25.22131085235009,61.53422608177706,18.43893975702494,2,2,2,507,5,0.9991898148148148,13.442990682950866,0.2587131367292225,ELECTRE-III,1
691,0202,0,0,"[49.954039910086884, 14.209430780419794]","[np.float64(49.18866442374592), np.float64(9.325408692768589)]",2026-06-14 09:38:50,46.860608642228364,1,4.556264620785571,362.2511090487947,27.563463038467567,56.99224590636695,10.315319400482853,3,3,3,1105,11,0.9991898148148148,2.321800881964334,0.7640750670241286,ELECTRE-III,1
692,0076,0,0,"[49.36055452782072, 13.96166822959852]","[np.float64(49.11832800995569), np.float64(8.89064888647059)]",2026-06-14 09:39:00,237.1280562849896,1,5.863806596854088,369.06574474256223,28.00382294438511,56.848115254501344,11.56623916278813,3,3,3,975,8,0.9993055555555556,12.565544718343684,0.5375335120643432,ELECTRE-III,1
693,0117,0,0,"[49.36055452782072, 13.96166822959852]","[np.float64(50.1189422399863), np.float64(15.55883485367527)]",2026-06-14 09:39:00,58.72141287104622,1,3.1751046614195824,142.41822499437495,11.59686947229541,59.04932129945637,15.562560113567027,2,2,2,863,3,0.9993055555555556,19.55978233578925,0.06836461126005362,ELECTRE-III,1
694,0148,1,0,"[49.36055452782072, 13.96166822959852]","[np.float64(50.94514176179118), np.float64(12.49247470997162)]",2026-06-14 09:39:00,820.6334839857649,1,7.768170800213682,204.93626732840124,16.45172381469694,57.17933844811195,22.809800826651205,1,1,1,920,6,0.9993055555555556,25.807717493317874,0.3646112600536193,ELECTRE-III,1
694,0148,1,0,"[49.36055452782072, 13.96166822959852]","[np.float64(50.94514176179118), np.float64(12.49247470997162)]",2026-06-14 09:39:00,820.6334839857649,1,7.768170800213682,204.93626732840124,16.45172381469694,57.17933844811195,22.809800826651205,1,1,1,920,6,0.9993055555555556,25.807717493317874,0.3646112600536193,ELECTRE-III,1
695,0165,0,0,"[49.36055452782072, 13.96166822959852]","[np.float64(47.43201384411275), np.float64(16.49871748024867)]",2026-06-14 09:39:00,401.4004296311611,1,7.6911579754661386,284.6981978565148,22.30480934445674,61.55176600756565,17.43893975702494,2,2,2,507,5,0.9993055555555556,23.434773090358274,0.2587131367292225,ELECTRE-III,1
696,0202,0,0,"[49.36055452782072, 13.96166822959852]","[np.float64(49.18866442374592), np.float64(9.325408692768589)]",2026-06-14 09:39:00,46.860608642228364,1,4.556264620785571,336.83834279588353,25.88998138683258,57.012381304040154,13.315319400482853,3,3,3,1105,11,0.9993055555555556,10.317402733816186,0.7640750670241286,ELECTRE-III,1
697,0076,0,0,"[48.766713975717714, 13.7188242687533]","[np.float64(49.11832800995569), np.float64(8.89064888647059)]",2026-06-14 09:39:10,237.1280562849896,1,5.863806596854088,354.7234825640145,27.072890051218586,56.86848287860632,12.56623916278813,3,3,3,975,8,0.9994212962962963,21.561030829454793,0.5375335120643432,ELECTRE-III,1
698,0117,0,0,"[48.766713975717714, 13.7188242687533]","[np.float64(50.1189422399863), np.float64(15.55883485367527)]",2026-06-14 09:39:10,58.72141287104622,1,3.1751046614195824,200.7511097822831,16.13339729488733,59.06543371570844,20.562560113567027,2,2,2,863,3,0.9994212962962963,12.567189743196657,0.06836461126005362,ELECTRE-III,1
699,0148,1,0,"[48.766713975717714, 13.7188242687533]","[np.float64(50.94514176179118), np.float64(12.49247470997162)]",2026-06-14 09:39:10,820.6334839857649,1,7.768170800213682,257.6813957559959,20.369903070645172,57.19658126067164,19.809800826651205,1,1,1,920,6,0.9994212962962963,11.814430456280835,0.3646112600536193,ELECTRE-III,1
700,0165,0,0,"[48.766713975717714, 13.7188242687533]","[np.float64(47.43201384411275), np.float64(16.49871748024867)]",2026-06-14 09:39:10,401.4004296311611,1,7.6911579754661386,254.2213045565053,20.118445254527646,61.569278612597564,12.43893975702494,2,2,2,507,5,0.9994212962962963,15.43720364591383,0.2587131367292225,ELECTRE-III,1
701,0202,0,0,"[48.766713975717714, 13.7188242687533]","[np.float64(49.18866442374592), np.float64(9.325408692768589)]",2026-06-14 09:39:10,46.860608642228364,1,4.556264620785571,324.0123095735867,25.026766486955637,57.03249621114584,17.315319400482853,3,3,3,1105,11,0.9994212962962963,20.313583289371742,0.7640750670241286,ELECTRE-III,1
702,0076,0,0,"[48.1725353292508, 13.480684600698929]","[np.float64(49.11832800995569), np.float64(8.89064888647059)]",2026-06-14 09:39:20,237.1280562849896,1,5.863806596854088,353.1750644244724,26.971442474297717,56.88883342723838,17.56623916278813,3,3,3,975,8,0.999537037037037,23.56346138501035,0.5375335120643432,ELECTRE-III,1
703,0117,0,0,"[48.1725353292508, 13.480684600698929]","[np.float64(50.1189422399863), np.float64(15.55883485367527)]",2026-06-14 09:39:20,58.72141287104622,1,3.1751046614195824,263.967134158758,20.82461753911027,59.081525641392986,17.562560113567027,2,2,2,863,3,0.999537037037037,10.565800854307767,0.06836461126005362,ELECTRE-III,1
704,0148,1,0,"[48.1725353292508, 13.480684600698929]","[np.float64(50.94514176179118), np.float64(12.49247470997162)]",2026-06-14 09:39:20,820.6334839857649,1,7.768170800213682,316.42444953891834,24.510282594516852,57.21380016756925,23.809800826651205,1,1,1,920,6,0.999537037037037,18.812115641466022,0.3646112600536193,ELECTRE-III,1
705,0165,0,0,"[48.1725353292508, 13.480684600698929]","[np.float64(47.43201384411275), np.float64(16.49871748024867)]",2026-06-14 09:39:20,401.4004296311611,1,7.6911579754661386,239.9616679779596,19.07365016983764,61.586763896872796,17.43893975702494,2,2,2,507,5,0.999537037037037,8.443106423691606,0.2587131367292225,ELECTRE-III,1
706,0202,0,0,"[48.1725353292508, 13.480684600698929]","[np.float64(49.18866442374592), np.float64(9.325408692768589)]",2026-06-14 09:39:20,46.860608642228364,1,4.556264620785571,325.26677681462843,25.111739975215674,57.0525940427786,16.315319400482853,3,3,3,1105,11,0.999537037037037,13.316708289371743,0.7640750670241286,ELECTRE-III,1
707,0076,0,0,"[47.578035663892884, 13.247049442402181]","[np.float64(49.11832800995569), np.float64(8.89064888647059)]",2026-06-14 09:39:30,237.1280562849896,1,5.863806596854088,364.58484992355494,27.71467023525044,56.90916348530292,11.56623916278813,3,3,3,975,8,0.9996527777777777,8.567280829454795,0.5375335120643432,ELECTRE-III,1
708,0117,0,0,"[47.578035663892884, 13.247049442402181]","[np.float64(50.1189422399863), np.float64(15.55883485367527)]",2026-06-14 09:39:30,58.72141287104622,1,3.1751046614195824,329.2658952644003,25.38183905780194,59.097583416131684,18.562560113567027,2,2,2,863,3,0.9996527777777777,25.56012955801147,0.06836461126005362,ELECTRE-III,1
709,0148,1,0,"[47.578035663892884, 13.247049442402181]","[np.float64(50.94514176179118), np.float64(12.49247470997162)]",2026-06-14 09:39:30,820.6334839857649,1,7.768170800213682,378.3827846710754,28.60010827285562,57.230998583899336,16.809800826651205,1,1,1,920,6,0.9996527777777777,19.80875915998454,0.3646112600536193,ELECTRE-III,1
710,0165,0,0,"[47.578035663892884, 13.247049442402181]","[np.float64(47.43201384411275), np.float64(16.49871748024867)]",2026-06-14 09:39:30,401.4004296311611,1,7.6911579754661386,244.7704423341812,19.42749962052933,61.60422186039135,14.43893975702494,2,2,2,507,5,0.9996527777777777,14.43893975702494,0.2587131367292225,ELECTRE-III,1
711,0202,0,0,"[47.578035663892884, 13.247049442402181]","[np.float64(49.18866442374592), np.float64(9.325408692768589)]",2026-06-14 09:39:30,46.860608642228364,1,4.556264620785571,340.44745643958856,26.130642950436478,57.072671383843854,17.315319400482853,3,3,3,1105,11,0.9996527777777777,7.318791622705076,0.7640750670241286,ELECTRE-III,1
712,0076,0,0,"[46.983228640022325, 13.017727548566295]","[np.float64(49.11832800995569), np.float64(8.89064888647059)]",2026-06-14 09:39:40,237.1280562849896,1,5.863806596854088,387.8118843893788,29.196753425936638,56.92947646789454,16.56623916278813,3,3,3,975,8,0.9997685185185186,14.566702125751092,0.5375335120643432,ELECTRE-III,1
713,0117,0,0,"[46.983228640022325, 13.017727548566295]","[np.float64(50.1189422399863), np.float64(15.55883485367527)]",2026-06-14 09:39:40,58.72141287104622,1,3.1751046614195824,395.6177674275709,29.68549353333217,59.113620700302874,21.562560113567027,2,2,2,863,3,0.9997685185185186,21.562560113567027,0.06836461126005362,ELECTRE-III,1
714,0165,0,0,"[46.983228640022325, 13.017727548566295]","[np.float64(47.43201384411275), np.float64(16.49871748024867)]",2026-06-14 09:39:40,401.4004296311611,1,7.6911579754661386,267.6218306205315,21.08774825266686,61.62165250315322,14.43893975702494,2,2,2,507,5,0.9997685185185186,22.437087905173087,0.2587131367292225,ELECTRE-III,1
715,0202,0,0,"[46.983228640022325, 13.017727548566295]","[np.float64(49.18866442374592), np.float64(9.325408692768589)]",2026-06-14 09:39:40,46.860608642228364,1,4.556264620785571,367.83524617398376,27.924572378717777,57.09273164943618,16.315319400482853,3,3,3,1105,11,0.9997685185185186,14.315782363445816,0.7640750670241286,ELECTRE-III,1
716,0165,0,0,"[46.38812450292287, 12.792537919178267]","[np.float64(47.43201384411275), np.float64(16.49871748024867)]",2026-06-14 09:39:50,401.4004296311611,1,7.6911579754661386,304.4805058334179,23.688633352584052,61.639048994969244,9.43893975702494,2,2,2,507,5,0.9998842592592593,10.4388240162842,0.2587131367292225,ELECTRE-III,1
717,0202,0,0,"[46.38812450292287, 12.792537919178267]","[np.float64(49.18866442374592), np.float64(9.325408692768589)]",2026-06-14 09:39:50,46.860608642228364,1,4.556264620785571,404.9622089588214,30.26437503438538,57.112771424461,17.315319400482853,3,3,3,1105,11,0.9998842592592593,20.314972178260632,0.7640750670241286,ELECTRE-III,1
