index,ID,stereo,satellite,satellite location,request location,time,area,strips,duration,distance,angle,sun elevation,cloud cover estimate,priority,priority mod,customer type mod,price,waiting time,uncertainty,cloud cover real,score_scenario,score_method,score_alpha
0,0127,0,0,"[57.59886915750164, 16.738326249863587]","[np.float64(55.64321798038925), np.float64(12.16354832122793)]",2026-04-23 09:42:30,514.5248103633304,1,3.1792204244224944,354.29670169842973,27.044946977702295,43.76128838964932,21.113514360435122,1,1,1,1461,8,0.001736111111111111,21.1256671382129,0.4816112084063047,ELECTRE-III,1
1,0127,0,0,"[57.011773417204026, 16.400544367102484]","[np.float64(55.64321798038925), np.float64(12.16354832122793)]",2026-04-23 09:42:40,514.5248103633304,1,3.1792204244224944,302.2343245609621,23.532939695799357,43.77310461691345,20.113514360435122,1,1,1,1461,8,0.001851851851851852,20.096847693768456,0.4816112084063047,ELECTRE-III,1
2,0127,0,0,"[56.42400831836775, 16.071972994437143]","[np.float64(55.64321798038925), np.float64(12.16354832122793)]",2026-04-23 09:42:50,514.5248103633304,1,3.1792204244224944,257.8234937258078,20.380212440113315,43.78490035361006,24.113514360435122,1,1,1,1461,8,0.0019675925925925924,24.097773619694383,0.4816112084063047,ELECTRE-III,1
3,0127,0,0,"[55.83560459684407, 15.752142556362124]","[np.float64(55.64321798038925), np.float64(12.16354832122793)]",2026-04-23 09:43:00,514.5248103633304,1,3.1792204244224944,225.62982451738495,18.010122026803177,43.79667901483375,27.113514360435122,1,1,1,1461,8,0.0020833333333333333,27.098931027101788,0.4816112084063047,ELECTRE-III,1
4,0127,0,0,"[55.24659981867344, 15.440612505675965]","[np.float64(55.64321798038925), np.float64(12.16354832122793)]",2026-04-23 09:43:10,514.5248103633304,1,3.1792204244224944,211.31457634005255,16.934856062853992,43.80843377039534,19.113514360435122,1,1,1,1461,8,0.002199074074074074,19.098120841916604,0.4816112084063047,ELECTRE-III,1
5,0127,0,0,"[54.65702130461252, 15.136969615933879]","[np.float64(55.64321798038925), np.float64(12.16354832122793)]",2026-04-23 09:43:20,514.5248103633304,1,3.1792204244224944,218.42307516848612,17.47038700095501,43.82017486557859,19.113514360435122,1,1,1,1461,8,0.0023148148148148147,19.120458804879565,0.4816112084063047,ELECTRE-III,1
6,0083,0,0,"[54.066903205607176, 14.840827981447758]","[np.float64(52.56086921316749), np.float64(10.02700097620163)]",2026-04-23 09:43:30,417.64182187177,1,6.509395922260685,360.8777244879799,27.47428374867707,45.78234478015069,25.10983531121402,1,1,1,1398,11,0.0024305555555555556,25.1219880889918,0.7574430823117339,ELECTRE-III,1
7,0127,0,0,"[54.066903205607176, 14.840827981447758]","[np.float64(55.64321798038925), np.float64(12.16354832122793)]",2026-04-23 09:43:30,514.5248103633304,1,3.1792204244224944,245.09928058802808,19.451641020622382,43.83189205509975,22.113514360435122,1,1,1,1461,8,0.0024305555555555556,22.106222693768455,0.4816112084063047,ELECTRE-III,1
8,0148,1,0,"[54.066903205607176, 14.840827981447758]","[np.float64(50.94514176179118), np.float64(12.49247470997162)]",2026-04-23 09:43:30,820.6334839857649,1,7.768170800213682,381.72951247019137,28.81266435271922,47.967356446583615,26.989894003893035,1,1,1,920,6,0.0024305555555555556,26.97044955944859,0.37215411558669004,ELECTRE-III,1
9,0083,0,0,"[53.476266012224905, 14.55182218709701]","[np.float64(52.56086921316749), np.float64(10.02700097620163)]",2026-04-23 09:43:40,417.64182187177,1,6.509395922260685,319.2563312474562,24.703543033561132,45.79659596985392,21.10983531121402,1,1,1,1398,11,0.0025462962962962965,21.08437234825106,0.7574430823117339,ELECTRE-III,1
10,0117,0,0,"[53.476266012224905, 14.55182218709701]","[np.float64(50.1189422399863), np.float64(15.55883485367527)]",2026-04-23 09:43:40,58.72141287104622,1,3.1751046614195824,379.67578412644076,28.682331130208514,49.66707634229797,25.10983531121402,2,2,2,863,3,0.0025462962962962965,25.117474200102908,0.17425569176882663,ELECTRE-III,1
11,0127,0,0,"[53.476266012224905, 14.55182218709701]","[np.float64(55.64321798038925), np.float64(12.16354832122793)]",2026-04-23 09:43:40,514.5248103633304,1,3.1792204244224944,285.91891706886486,22.391019996066053,43.84359216914798,24.113514360435122,1,1,1,1461,8,0.0025462962962962965,24.10078287895364,0.4816112084063047,ELECTRE-III,1
12,0148,1,0,"[53.476266012224905, 14.55182218709701]","[np.float64(50.94514176179118), np.float64(12.49247470997162)]",2026-04-23 09:43:40,820.6334839857649,1,7.768170800213682,314.4538041152946,24.375444887390906,47.98121831550415,22.989894003893035,1,1,1,920,6,0.0025462962962962965,22.982255115004147,0.37215411558669004,ELECTRE-III,1
13,0083,0,0,"[52.88514046031698, 14.269613284744068]","[np.float64(52.56086921316749), np.float64(10.02700097620163)]",2026-04-23 09:43:50,417.64182187177,1,6.509395922260685,287.9517348422644,22.53434635582688,45.81083008408422,22.10983531121402,1,1,1,1398,11,0.002662037037037037,22.08321494084365,0.7574430823117339,ELECTRE-III,1
14,0117,0,0,"[52.88514046031698, 14.269613284744068]","[np.float64(50.1189422399863), np.float64(15.55883485367527)]",2026-04-23 09:43:50,58.72141287104622,1,3.1751046614195824,320.25653600853855,24.771658740907508,49.67960973942494,23.10983531121402,2,2,2,863,3,0.002662037037037037,23.0938630889918,0.17425569176882663,ELECTRE-III,1
15,0127,0,0,"[52.88514046031698, 14.269613284744068]","[np.float64(55.64321798038925), np.float64(12.16354832122793)]",2026-04-23 09:43:50,514.5248103633304,1,3.1792204244224944,335.76319773984403,25.81809838099555,43.8552717926287,21.113514360435122,1,1,1,1461,8,0.002662037037037037,21.094880101175864,0.4816112084063047,ELECTRE-III,1
16,0148,1,0,"[52.88514046031698, 14.269613284744068]","[np.float64(50.94514176179118), np.float64(12.49247470997162)]",2026-04-23 09:43:50,820.6334839857649,1,7.768170800213682,247.75525279254487,19.64636336811956,47.995059693857186,22.989894003893035,1,1,1,920,6,0.002662037037037037,23.005866226115256,0.37215411558669004,ELECTRE-III,1
17,0083,0,0,"[52.2935504555455, 13.993881109271593]","[np.float64(52.56086921316749), np.float64(10.02700097620163)]",2026-04-23 09:44:00,417.64182187177,1,6.509395922260685,270.5700281802809,21.299336010986035,45.82504029265243,21.10983531121402,1,1,1,1398,11,0.002777777777777778,21.112613088991797,0.7574430823117339,ELECTRE-III,1
18,0117,0,0,"[52.2935504555455, 13.993881109271593]","[np.float64(50.1189422399863), np.float64(15.55883485367527)]",2026-04-23 09:44:00,58.72141287104622,1,3.1751046614195824,265.2314092127435,20.915747453483547,49.692122645984405,27.10983531121402,2,2,2,863,3,0.002777777777777778,27.09594642232513,0.17425569176882663,ELECTRE-III,1
19,0127,0,0,"[52.2935504555455, 13.993881109271593]","[np.float64(55.64321798038925), np.float64(12.16354832122793)]",2026-04-23 09:44:00,514.5248103633304,1,3.1792204244224944,391.1981656464794,29.40935242455265,43.8669343406365,21.113514360435122,1,1,1,1461,8,0.002777777777777778,21.107958804879566,0.4816112084063047,ELECTRE-III,1
20,0148,1,0,"[52.2935504555455, 13.993881109271593]","[np.float64(50.94514176179118), np.float64(12.49247470997162)]",2026-04-23 09:44:00,820.6334839857649,1,7.768170800213682,182.26961836228975,14.71561166226394,48.00887716654812,24.989894003893035,1,1,1,920,6,0.002777777777777778,25.0065606705597,0.37215411558669004,ELECTRE-III,1
20,0148,1,0,"[52.2935504555455, 13.993881109271593]","[np.float64(50.94514176179118), np.float64(12.49247470997162)]",2026-04-23 09:44:00,820.6334839857649,1,7.768170800213682,182.26961836228975,14.71561166226394,48.00887716654812,24.989894003893035,1,1,1,920,6,0.002777777777777778,25.0065606705597,0.37215411558669004,ELECTRE-III,1
21,0083,0,0,"[51.701516488477964, 13.724324278582454]","[np.float64(52.56086921316749), np.float64(10.02700097620163)]",2026-04-23 09:44:10,417.64182187177,1,6.509395922260685,269.81671800866036,21.24532971772039,45.83923342574772,25.10983531121402,1,1,1,1398,11,0.0028935185185185184,25.08668716306587,0.7574430823117339,ELECTRE-III,1
22,0117,0,0,"[51.701516488477964, 13.724324278582454]","[np.float64(50.1189422399863), np.float64(15.55883485367527)]",2026-04-23 09:44:10,58.72141287104622,1,3.1751046614195824,217.95423589493498,17.43516195745137,49.704608231787184,23.10983531121402,2,2,2,863,3,0.0028935185185185184,23.135876977880688,0.17425569176882663,ELECTRE-III,1
23,0148,1,0,"[51.701516488477964, 13.724324278582454]","[np.float64(50.94514176179118), np.float64(12.49247470997162)]",2026-04-23 09:44:10,820.6334839857649,1,7.768170800213682,120.00070041890639,9.810107574785139,48.02267073357696,24.989894003893035,1,1,1,920,6,0.0028935185185185184,24.960958818707848,0.37215411558669004,ELECTRE-III,1
23,0148,1,0,"[51.701516488477964, 13.724324278582454]","[np.float64(50.94514176179118), np.float64(12.49247470997162)]",2026-04-23 09:44:10,820.6334839857649,1,7.768170800213682,120.00070041890639,9.810107574785139,48.02267073357696,24.989894003893035,1,1,1,920,6,0.0028935185185185184,24.960958818707848,0.37215411558669004,ELECTRE-III,1
24,0076,0,0,"[51.10905904968189, 13.460658486052452]","[np.float64(49.11832800995569), np.float64(8.89064888647059)]",2026-04-23 09:44:20,237.1280562849896,1,5.863806596854088,393.8273240064336,29.573806668071807,48.22805793701383,22.60799578660347,3,3,3,975,8,0.0030092592592592593,22.629060601418285,0.4816112084063047,ELECTRE-III,1
25,0083,0,0,"[51.10905904968189, 13.460658486052452]","[np.float64(52.56086921316749), np.float64(10.02700097620163)]",2026-04-23 09:44:20,417.64182187177,1,6.509395922260685,285.8244900029052,22.384355095940467,45.8534060682755,29.10983531121402,1,1,1,1398,11,0.0030092592592592593,29.106826051954762,0.7574430823117339,ELECTRE-III,1
26,0117,0,0,"[51.10905904968189, 13.460658486052452]","[np.float64(50.1189422399863), np.float64(15.55883485367527)]",2026-04-23 09:44:20,58.72141287104622,1,3.1751046614195824,184.481528915,14.886306657585502,49.71706991192787,28.10983531121402,2,2,2,863,3,0.0030092592592592593,28.085761237139945,0.17425569176882663,ELECTRE-III,1
27,0148,1,0,"[51.10905904968189, 13.460658486052452]","[np.float64(50.94514176179118), np.float64(12.49247470997162)]",2026-04-23 09:44:20,820.6334839857649,1,7.768170800213682,70.12102443462572,5.769524562959861,48.03644381003829,27.989894003893035,1,1,1,920,6,0.0030092592592592593,27.998921781670813,0.37215411558669004,ELECTRE-III,1
27,0148,1,0,"[51.10905904968189, 13.460658486052452]","[np.float64(50.94514176179118), np.float64(12.49247470997162)]",2026-04-23 09:44:20,820.6334839857649,1,7.768170800213682,70.12102443462572,5.769524562959861,48.03644381003829,27.989894003893035,1,1,1,920,6,0.0030092592592592593,27.998921781670813,0.37215411558669004,ELECTRE-III,1
28,0202,0,0,"[51.10905904968189, 13.460658486052452]","[np.float64(49.18866442374592), np.float64(9.325408692768589)]",2026-04-23 09:44:20,46.860608642228364,1,4.556264620785571,363.802136125777,27.664003405456103,48.34418822837697,20.866273647350948,3,3,3,1105,11,0.0030092592592592593,20.88733846216576,0.7574430823117339,ELECTRE-III,1
29,0076,0,0,"[50.516198629724784, 13.202617354303955]","[np.float64(49.11832800995569), np.float64(8.89064888647059)]",2026-04-23 09:44:30,237.1280562849896,1,5.863806596854088,346.14641603686385,26.5086467785837,48.24470652311574,25.60799578660347,3,3,3,975,8,0.003125,25.579870786603472,0.4816112084063047,ELECTRE-III,1
30,0083,0,0,"[50.516198629724784, 13.202617354303955]","[np.float64(52.56086921316749), np.float64(10.02700097620163)]",2026-04-23 09:44:30,417.64182187177,1,6.509395922260685,316.0578421286472,24.485220016506737,45.867558220235765,30.10983531121402,1,1,1,1398,11,0.003125,30.08171031121402,0.7574430823117339,ELECTRE-III,1
31,0117,0,0,"[50.516198629724784, 13.202617354303955]","[np.float64(50.1189422399863), np.float64(15.55883485367527)]",2026-04-23 09:44:30,58.72141287104622,1,3.1751046614195824,173.02023762436556,13.998958738493691,49.72950768640647,32.10983531121402,2,2,2,863,3,0.003125,32.12858531121402,0.17425569176882663,ELECTRE-III,1
32,0148,1,0,"[50.516198629724784, 13.202617354303955]","[np.float64(50.94514176179118), np.float64(12.49247470997162)]",2026-04-23 09:44:30,820.6334839857649,1,7.768170800213682,69.08719942406631,5.685023257812719,48.05019639593211,27.989894003893035,1,1,1,920,6,0.003125,27.958644003893035,0.37215411558669004,ELECTRE-III,1
32,0148,1,0,"[50.516198629724784, 13.202617354303955]","[np.float64(50.94514176179118), np.float64(12.49247470997162)]",2026-04-23 09:44:30,820.6334839857649,1,7.768170800213682,69.08719942406631,5.685023257812719,48.05019639593211,27.989894003893035,1,1,1,920,6,0.003125,27.958644003893035,0.37215411558669004,ELECTRE-III,1
33,0202,0,0,"[50.516198629724784, 13.202617354303955]","[np.float64(49.18866442374592), np.float64(9.325408692768589)]",2026-04-23 09:44:30,46.860608642228364,1,4.556264620785571,314.6803340383611,24.390959441350375,48.36057726729042,21.866273647350948,3,3,3,1105,11,0.003125,21.866273647350948,0.7574430823117339,ELECTRE-III,1
34,0076,0,0,"[49.922955719174155, 12.949948166337673]","[np.float64(49.11832800995569), np.float64(8.89064888647059)]",2026-04-23 09:44:40,237.1280562849896,1,5.863806596854088,306.3297729811949,23.816537051356377,48.261338033744714,25.60799578660347,3,3,3,975,8,0.0032407407407407406,25.624199490307173,0.4816112084063047,ELECTRE-III,1
35,0083,0,0,"[49.922955719174155, 12.949948166337673]","[np.float64(52.56086921316749), np.float64(10.02700097620163)]",2026-04-23 09:44:40,417.64182187177,1,6.509395922260685,356.9206259474796,27.216525510704358,45.88168988162852,27.10983531121402,1,1,1,1398,11,0.0032407407407407406,27.10659457047328,0.7574430823117339,ELECTRE-III,1
36,0117,0,0,"[49.922955719174155, 12.949948166337673]","[np.float64(50.1189422399863), np.float64(15.55883485367527)]",2026-04-23 09:44:40,58.72141287104622,1,3.1751046614195824,187.64827093350172,15.130216338063532,49.741918140128384,29.10983531121402,2,2,2,863,3,0.0032407407407407406,29.083909385288095,0.17425569176882663,ELECTRE-III,1
37,0148,1,0,"[49.922955719174155, 12.949948166337673]","[np.float64(50.94514176179118), np.float64(12.49247470997162)]",2026-04-23 09:44:40,820.6334839857649,1,7.768170800213682,118.18959680000178,9.664862487838283,48.06392507616384,21.989894003893035,1,1,1,920,6,0.0032407407407407406,21.996375485374518,0.37215411558669004,ELECTRE-III,1
37,0148,1,0,"[49.922955719174155, 12.949948166337673]","[np.float64(50.94514176179118), np.float64(12.49247470997162)]",2026-04-23 09:44:40,820.6334839857649,1,7.768170800213682,118.18959680000178,9.664862487838283,48.06392507616384,21.989894003893035,1,1,1,920,6,0.0032407407407407406,21.996375485374518,0.37215411558669004,ELECTRE-III,1
38,0165,0,0,"[49.922955719174155, 12.949948166337673]","[np.float64(47.43201384411275), np.float64(16.49871748024867)]",2026-04-23 09:44:40,401.4004296311611,1,7.6911579754661386,380.18896706141226,28.714929107418083,52.40832836945298,33.738974241587755,2,2,2,507,5,0.0032407407407407406,33.72601127862479,0.28633975481611207,ELECTRE-III,1
39,0202,0,0,"[49.922955719174155, 12.949948166337673]","[np.float64(49.18866442374592), np.float64(9.325408692768589)]",2026-04-23 09:44:40,46.860608642228364,1,4.556264620785571,273.86903555624895,21.535380471768466,48.376942400541765,21.866273647350948,3,3,3,1105,11,0.0032407407407407406,21.843588462165762,0.7574430823117339,ELECTRE-III,1
40,0076,0,0,"[49.32934739350293, 12.702413573079948]","[np.float64(49.11832800995569), np.float64(8.89064888647059)]",2026-04-23 09:44:50,237.1280562849896,1,5.863806596854088,277.7812077239177,21.814305122475226,48.2779456387116,23.60799578660347,3,3,3,975,8,0.0033564814814814816,23.574430971788658,0.4816112084063047,ELECTRE-III,1
41,0083,0,0,"[49.32934739350293, 12.702413573079948]","[np.float64(52.56086921316749), np.float64(10.02700097620163)]",2026-04-23 09:44:50,417.64182187177,1,6.509395922260685,405.2105400344438,30.27966693813636,45.89580446754835,28.10983531121402,1,1,1,1398,11,0.0033564814814814816,28.119904755658464,0.7574430823117339,ELECTRE-III,1
42,0117,0,0,"[49.32934739350293, 12.702413573079948]","[np.float64(50.1189422399863), np.float64(15.55883485367527)]",2026-04-23 09:44:50,58.72141287104622,1,3.1751046614195824,223.2959226085253,17.835685731468693,49.75430810328278,25.10983531121402,2,2,2,863,3,0.0033564814814814816,25.123261237139946,0.17425569176882663,ELECTRE-III,1
43,0148,1,0,"[49.32934739350293, 12.702413573079948]","[np.float64(50.94514176179118), np.float64(12.49247470997162)]",2026-04-23 09:44:50,820.6334839857649,1,7.768170800213682,180.29011869347602,14.56262509133325,48.077629850733466,21.989894003893035,1,1,1,920,6,0.0033564814814814816,21.9596856705597,0.37215411558669004,ELECTRE-III,1
43,0148,1,0,"[49.32934739350293, 12.702413573079948]","[np.float64(50.94514176179118), np.float64(12.49247470997162)]",2026-04-23 09:44:50,820.6334839857649,1,7.768170800213682,180.29011869347602,14.56262509133325,48.077629850733466,21.989894003893035,1,1,1,920,6,0.0033564814814814816,21.9596856705597,0.37215411558669004,ELECTRE-III,1
44,0165,0,0,"[49.32934739350293, 12.702413573079948]","[np.float64(47.43201384411275), np.float64(16.49871748024867)]",2026-04-23 09:44:50,401.4004296311611,1,7.6911579754661386,350.80874001178324,26.816054437965633,52.42146282322691,30.73897424158776,2,2,2,507,5,0.0033564814814814816,30.76582609343961,0.28633975481611207,ELECTRE-III,1
45,0202,0,0,"[49.32934739350293, 12.702413573079948]","[np.float64(49.18866442374592), np.float64(9.325408692768589)]",2026-04-23 09:44:50,46.860608642228364,1,4.556264620785571,245.54883371725288,19.484632984962936,48.393287043225605,21.866273647350948,3,3,3,1105,11,0.0033564814814814816,21.886412536239835,0.7574430823117339,ELECTRE-III,1
46,0076,0,0,"[48.735390728184036, 12.459788178288171]","[np.float64(49.11832800995569), np.float64(8.89064888647059)]",2026-04-23 09:45:00,237.1280562849896,1,5.863806596854088,264.180582340266,20.84001080029534,48.294529338016396,23.60799578660347,3,3,3,975,8,0.003472222222222222,23.60452356438125,0.4816112084063047,ELECTRE-III,1
47,0117,0,0,"[48.735390728184036, 12.459788178288171]","[np.float64(50.1189422399863), np.float64(15.55883485367527)]",2026-04-23 09:45:00,58.72141287104622,1,3.1751046614195824,271.8154333479432,21.38853454874753,49.76667074568051,28.10983531121402,2,2,2,863,3,0.003472222222222222,28.12372420010291,0.17425569176882663,ELECTRE-III,1
48,0148,1,0,"[48.735390728184036, 12.459788178288171]","[np.float64(50.94514176179118), np.float64(12.49247470997162)]",2026-04-23 09:45:00,820.6334839857649,1,7.768170800213682,245.72462424825386,19.497530308831582,48.09131413473559,25.989894003893035,1,1,1,920,6,0.003472222222222222,25.989894003893035,0.37215411558669004,ELECTRE-III,1
49,0165,0,0,"[48.735390728184036, 12.459788178288171]","[np.float64(47.43201384411275), np.float64(16.49871748024867)]",2026-04-23 09:45:00,401.4004296311611,1,7.6911579754661386,333.1370828378771,25.642152056726477,52.43456995624417,28.73897424158776,2,2,2,507,5,0.003472222222222222,28.704252019365537,0.28633975481611207,ELECTRE-III,1
50,0202,0,0,"[48.735390728184036, 12.459788178288171]","[np.float64(49.18866442374592), np.float64(9.325408692768589)]",2026-04-23 09:45:00,46.860608642228364,1,4.556264620785571,234.29520933572275,18.654742260201747,48.40961119534194,20.866273647350948,3,3,3,1105,11,0.003472222222222222,20.86974586957317,0.7574430823117339,ELECTRE-III,1
51,0076,0,0,"[48.141095968501226, 12.22186024609807]","[np.float64(49.11832800995569), np.float64(8.89064888647059)]",2026-04-23 09:45:10,237.1280562849896,1,5.863806596854088,267.81648384376405,21.10173689407297,48.31109596184826,24.60799578660347,3,3,3,975,8,0.003587962962962963,24.59364393475162,0.4816112084063047,ELECTRE-III,1
52,0117,0,0,"[48.141095968501226, 12.22186024609807]","[np.float64(50.1189422399863), np.float64(15.55883485367527)]",2026-04-23 09:45:10,58.72141287104622,1,3.1751046614195824,327.5359725519809,25.26514806322866,49.779009482416136,26.10983531121402,2,2,2,863,3,0.003587962962962963,26.091895496399207,0.17425569176882663,ELECTRE-III,1
53,0148,1,0,"[48.141095968501226, 12.22186024609807]","[np.float64(50.94514176179118), np.float64(12.49247470997162)]",2026-04-23 09:45:10,820.6334839857649,1,7.768170800213682,312.40624134526576,24.23503899881828,48.1049779281702,23.989894003893035,1,1,1,920,6,0.003587962962962963,24.004245855744887,0.37215411558669004,ELECTRE-III,1
54,0165,0,0,"[48.141095968501226, 12.22186024609807]","[np.float64(47.43201384411275), np.float64(16.49871748024867)]",2026-04-23 09:45:10,401.4004296311611,1,7.6911579754661386,329.06533096526664,25.36832163102882,52.44764976850474,26.73897424158776,2,2,2,507,5,0.003587962962962963,26.72821035269887,0.28633975481611207,ELECTRE-III,1
55,0202,0,0,"[48.141095968501226, 12.22186024609807]","[np.float64(49.18866442374592), np.float64(9.325408692768589)]",2026-04-23 09:45:10,46.860608642228364,1,4.556264620785571,242.49753226937887,19.260439766454123,48.425914856890756,16.866273647350948,3,3,3,1105,11,0.003587962962962963,16.88421346216576,0.7574430823117339,ELECTRE-III,1
56,0076,0,0,"[47.5464870201166, 11.988427432155483]","[np.float64(49.11832800995569), np.float64(8.89064888647059)]",2026-04-23 09:45:20,237.1280562849896,1,5.863806596854088,288.0376951647276,22.540400558993934,48.327642095112616,21.60799578660347,3,3,3,975,8,0.003703703703703704,21.604292082899768,0.4816112084063047,ELECTRE-III,1
57,0117,0,0,"[47.5464870201166, 11.988427432155483]","[np.float64(50.1189422399863), np.float64(15.55883485367527)]",2026-04-23 09:45:20,58.72141287104622,1,3.1751046614195824,387.3619984264288,29.168441857384636,49.791320898395085,25.10983531121402,2,2,2,863,3,0.003703703703703704,25.132057533436242,0.17425569176882663,ELECTRE-III,1
58,0148,1,0,"[47.5464870201166, 11.988427432155483]","[np.float64(50.94514176179118), np.float64(12.49247470997162)]",2026-04-23 09:45:20,820.6334839857649,1,7.768170800213682,379.6781706978992,28.68248277500237,48.11861440084813,27.989894003893035,1,1,1,920,6,0.003703703703703704,28.019523633522663,0.37215411558669004,ELECTRE-III,1
59,0165,0,0,"[47.5464870201166, 11.988427432155483]","[np.float64(47.43201384411275), np.float64(16.49871748024867)]",2026-04-23 09:45:20,401.4004296311611,1,7.6911579754661386,339.0839542858486,26.039838369887406,52.46070226000864,33.738974241587755,2,2,2,507,5,0.003703703703703704,33.71675201936553,0.28633975481611207,ELECTRE-III,1
60,0202,0,0,"[47.5464870201166, 11.988427432155483]","[np.float64(49.18866442374592), np.float64(9.325408692768589)]",2026-04-23 09:45:20,46.860608642228364,1,4.556264620785571,268.3785606453194,21.142115422990535,48.442194612777485,22.866273647350948,3,3,3,1105,11,0.003703703703703704,22.85886623994354,0.7574430823117339,ELECTRE-III,1
61,0076,0,0,"[46.95157071321932, 11.759301052484588]","[np.float64(49.11832800995569), np.float64(8.89064888647059)]",2026-04-23 09:45:30,237.1280562849896,1,5.863806596854088,321.73345313119785,24.872102871858722,48.344164322714875,24.60799578660347,3,3,3,975,8,0.0038194444444444443,24.569801342159028,0.4816112084063047,ELECTRE-III,1
62,0165,0,0,"[46.95157071321932, 11.759301052484588]","[np.float64(47.43201384411275), np.float64(16.49871748024867)]",2026-04-23 09:45:30,401.4004296311611,1,7.6911579754661386,362.02456749673274,27.548762761288344,52.47372743075585,33.738974241587755,2,2,2,507,5,0.0038194444444444443,33.70077979714331,0.28633975481611207,ELECTRE-III,1
63,0202,0,0,"[46.95157071321932, 11.759301052484588]","[np.float64(49.18866442374592), np.float64(9.325408692768589)]",2026-04-23 09:45:30,46.860608642228364,1,4.556264620785571,307.5078881475999,23.897889688214256,48.4584538780967,14.866273647350948,3,3,3,1105,11,0.0038194444444444443,14.885370869573169,0.7574430823117339,ELECTRE-III,1
64,0076,0,0,"[46.35636070818772, 11.534300107072381]","[np.float64(49.11832800995569), np.float64(8.89064888647059)]",2026-04-23 09:45:40,237.1280562849896,1,5.863806596854088,365.1937511340258,27.754053259632098,48.360666059749626,28.60799578660347,3,3,3,975,8,0.003935185185185185,28.596190231047917,0.4816112084063047,ELECTRE-III,1
65,0165,0,0,"[46.35636070818772, 11.534300107072381]","[np.float64(47.43201384411275), np.float64(16.49871748024867)]",2026-04-23 09:45:40,401.4004296311611,1,7.6911579754661386,395.64572732323245,29.6872356921519,52.486725280746384,28.73897424158776,2,2,2,507,5,0.003935185185185185,28.699622389735907,0.28633975481611207,ELECTRE-III,1
66,0202,0,0,"[46.35636070818772, 11.534300107072381]","[np.float64(49.18866442374592), np.float64(9.325408692768589)]",2026-04-23 09:45:40,46.860608642228364,1,4.556264620785571,355.53883802072625,27.126235964116518,48.474692652848404,19.866273647350948,3,3,3,1105,11,0.003935185185185185,19.842662536239835,0.7574430823117339,ELECTRE-III,1
67,0245,0,0,"[39.19518398609074, 9.101544672838397]","[np.float64(35.99990467485198), np.float64(6.986120917825636)]",2026-04-23 09:47:40,546.27060513076,1,6.40976410977967,401.1804564145104,30.030910866998507,57.126745991502844,29.484375430061384,1,1,1,1163,13,0.005324074074074074,29.441782837468793,0.9693520140105079,ELECTRE-III,1
68,0245,0,0,"[38.5971394525536, 8.91730544261918]","[np.float64(35.99990467485198), np.float64(6.986120917825636)]",2026-04-23 09:47:50,546.27060513076,1,6.40976410977967,335.5155824393929,25.801530716082397,57.15301489905072,33.484375430061384,1,1,1,1163,13,0.005439814814814815,33.51157450413546,0.9693520140105079,ELECTRE-III,1
69,0245,0,0,"[37.99893782466554, 8.735423481437264]","[np.float64(35.99990467485198), np.float64(6.986120917825636)]",2026-04-23 09:48:00,546.27060513076,1,6.40976410977967,271.1732384416086,21.342552751266133,57.17925990093649,26.484375430061384,1,1,1,1163,13,0.005555555555555556,26.45104209672805,0.9693520140105079,ELECTRE-III,1
70,0181,0,0,"[37.40057910242657, 8.55581426570167]","[np.float64(35.89748198130876), np.float64(4.560494933910888)]",2026-04-23 09:48:10,295.74236058329785,1,4.174575023469874,393.6259356271702,29.56122867869143,55.70675649324637,29.23713471697721,3,3,3,708,10,0.005671296296296297,29.2541486058661,0.6427320490367776,ELECTRE-III,1
71,0245,0,0,"[37.40057910242657, 8.55581426570167]","[np.float64(35.99990467485198), np.float64(6.986120917825636)]",2026-04-23 09:48:10,546.27060513076,1,6.40976410977967,209.37655824533218,16.788317453399298,57.20548782734934,28.484375430061384,1,1,1,1163,13,0.005671296296296297,28.50706061524657,0.9693520140105079,ELECTRE-III,1
72,0181,0,0,"[36.80207353112045, 8.378392418047772]","[np.float64(35.89748198130876), np.float64(4.560494933910888)]",2026-04-23 09:48:20,295.74236058329785,1,4.174575023469874,356.38127208218475,27.181300134243127,55.73418994804772,24.23713471697721,3,3,3,708,10,0.005787037037037037,24.25449582808832,0.6427320490367776,ELECTRE-III,1
73,0245,0,0,"[36.80207353112045, 8.378392418047772]","[np.float64(35.99990467485198), np.float64(6.986120917825636)]",2026-04-23 09:48:20,546.27060513076,1,6.40976410977967,153.23878098103273,12.451413627379596,57.23169184810009,27.484375430061384,1,1,1,1163,13,0.005787037037037037,27.449653207839162,0.9693520140105079,ELECTRE-III,1
74,0181,0,0,"[36.203424525841754, 8.203077683752824]","[np.float64(35.89748198130876), np.float64(4.560494933910888)]",2026-04-23 09:48:30,295.74236058329785,1,4.174575023469874,329.2145779361435,25.37838071318167,55.76160291228157,33.23713471697721,3,3,3,708,10,0.005902777777777778,33.266648605866095,0.6427320490367776,ELECTRE-III,1
75,0245,0,0,"[36.203424525841754, 8.203077683752824]","[np.float64(35.99990467485198), np.float64(6.986120917825636)]",2026-04-23 09:48:30,546.27060513076,1,6.40976410977967,111.65120906137403,9.139471263414087,57.25787537828334,28.484375430061384,1,1,1,1163,13,0.005902777777777778,28.46076431895027,0.9693520140105079,ELECTRE-III,1
76,0181,0,0,"[35.60463891677966, 8.029794930735955]","[np.float64(35.89748198130876), np.float64(4.560494933910888)]",2026-04-23 09:48:40,295.74236058329785,1,4.174575023469874,314.7477388732579,24.395575120289962,55.78899880104249,27.23713471697721,3,3,3,708,10,0.0060185185185185185,27.176949531792022,0.6427320490367776,ELECTRE-III,1
77,0245,0,0,"[35.60463891677966, 8.029794930735955]","[np.float64(35.99990467485198), np.float64(6.986120917825636)]",2026-04-23 09:48:40,546.27060513076,1,6.40976410977967,103.87780921517582,8.512824625401214,57.28403841789907,28.484375430061384,1,1,1,1163,13,0.0060185185185185185,28.478356911542864,0.9693520140105079,ELECTRE-III,1
78,0181,0,0,"[35.00572353412334, 7.858469880689939]","[np.float64(35.89748198130876), np.float64(4.560494933910888)]",2026-04-23 09:48:50,295.74236058329785,1,4.174575023469874,314.7379269524861,24.394903250646088,55.816377614330484,29.23713471697721,3,3,3,708,10,0.0061342592592592594,29.200329161421653,0.6427320490367776,ELECTRE-III,1
79,0245,0,0,"[35.00572353412334, 7.858469880689939]","[np.float64(35.99990467485198), np.float64(6.986120917825636)]",2026-04-23 09:48:50,546.27060513076,1,6.40976410977967,135.85379178587152,11.075862588099668,57.31017755185271,27.484375430061384,1,1,1,1163,13,0.0061342592592592594,27.42916709672805,0.9693520140105079,ELECTRE-III,1
80,0181,0,0,"[34.40668179296737, 7.689031670402141]","[np.float64(35.89748198130876), np.float64(4.560494933910888)]",2026-04-23 09:49:00,295.74236058329785,1,4.174575023469874,329.1874968413406,25.376555601494285,55.84373593705097,27.23713471697721,3,3,3,708,10,0.00625,27.230884716977208,0.6427320490367776,ELECTRE-III,1
81,0245,0,0,"[34.40668179296737, 7.689031670402141]","[np.float64(35.99990467485198), np.float64(6.986120917825636)]",2026-04-23 09:49:00,546.27060513076,1,6.40976410977967,188.31701867575993,15.181653399344468,57.33629619523884,33.484375430061384,1,1,1,1163,13,0.00625,33.53437543006138,0.9693520140105079,ELECTRE-III,1
82,0181,0,0,"[33.807517108406344, 7.521412851754504]","[np.float64(35.89748198130876), np.float64(4.560494933910888)]",2026-04-23 09:49:10,295.74236058329785,1,4.174575023469874,356.34292907303796,27.178795092433866,55.871077184298535,33.23713471697721,3,3,3,708,10,0.00636574074074074,33.173477309569805,0.6427320490367776,ELECTRE-III,1
83,0245,0,0,"[33.807517108406344, 7.521412851754504]","[np.float64(35.99990467485198), np.float64(6.986120917825636)]",2026-04-23 09:49:10,546.27060513076,1,6.40976410977967,248.62053707498987,19.709699941186933,57.36239434805746,31.484375430061384,1,1,1,1163,13,0.00636574074074074,31.44618098561694,0.9693520140105079,ELECTRE-III,1
84,0181,0,0,"[33.20823972572401, 7.355547684176268]","[np.float64(35.89748198130876), np.float64(4.560494933910888)]",2026-04-23 09:49:20,295.74236058329785,1,4.174575023469874,393.58347280922317,29.55857620480427,55.89840135607317,27.23713471697721,3,3,3,708,10,0.006481481481481481,27.269542124384618,0.6427320490367776,ELECTRE-III,1
85,0245,0,0,"[33.20823972572401, 7.355547684176268]","[np.float64(35.99990467485198), np.float64(6.986120917825636)]",2026-04-23 09:49:20,546.27060513076,1,6.40976410977967,312.2545146909877,24.22462240500904,57.38847201030857,31.484375430061384,1,1,1,1163,13,0.006481481481481481,31.516782837468792,0.9693520140105079,ELECTRE-III,1
86,0245,0,0,"[32.60884964492037, 7.191374695964902]","[np.float64(35.99990467485198), np.float64(6.986120917825636)]",2026-04-23 09:49:30,546.27060513076,1,6.40976410977967,377.5393500823258,28.546404150596985,57.414529181992165,30.484375430061384,1,1,1,1163,13,0.006597222222222222,30.425000430061385,0.9693520140105079,ELECTRE-III,1
87,0108,0,0,"[10.985286940265818, 2.021976331605194]","[np.float64(8.435278924915844), np.float64(4.313604183204617)]",2026-04-23 09:55:30,692.2163229295968,1,2.3599640377715723,378.7782718239754,28.625271295324456,63.74062307050129,28.607995786603468,3,3,3,1140,9,0.010763888888888889,28.70487078660347,0.5507880910683012,ELECTRE-III,1
88,0108,0,0,"[10.383965623474358, 1.890957508511894]","[np.float64(8.435278924915844), np.float64(4.313604183204617)]",2026-04-23 09:55:40,692.2163229295968,1,2.3599640377715723,342.8903131941606,26.292976236886382,63.78100997906358,35.60799578660347,3,3,3,1140,9,0.01087962962962963,35.618875416233095,0.5507880910683012,ELECTRE-III,1
89,0108,0,0,"[9.782634061399143, 1.7602835032499735]","[np.float64(8.435278924915844), np.float64(4.313604183204617)]",2026-04-23 09:55:50,692.2163229295968,1,2.3599640377715723,317.85216806503314,24.60779120751713,63.821396887625866,29.607995786603468,3,3,3,1140,9,0.01099537037037037,29.520032823640506,0.5507880910683012,ELECTRE-III,1
90,0149,0,0,"[9.782634061399143, 1.7602835032499735]","[np.float64(6.19828061791453), np.float64(1.76859340685918)]",2026-04-23 09:55:50,54.11851353313545,1,7.629193492553661,398.5635313002139,29.868709697303938,60.854608598982445,21.10983531121402,3,3,3,742,3,0.01099537037037037,20.999881607510318,0.17425569176882663,ELECTRE-III,1
91,0108,0,0,"[9.181293107813818, 1.6299332916433942]","[np.float64(8.435278924915844), np.float64(4.313604183204617)]",2026-04-23 09:56:00,692.2163229295968,1,2.3599640377715723,306.3341281574437,23.816837978371325,63.86178379618815,30.607995786603468,3,3,3,1140,9,0.011111111111111112,30.607995786603468,0.5507880910683012,ELECTRE-III,1
92,0149,0,0,"[9.181293107813818, 1.6299332916433942]","[np.float64(6.19828061791453), np.float64(1.76859340685918)]",2026-04-23 09:56:00,54.11851353313545,1,7.629193492553661,332.0479839864403,25.5690311558233,60.89464033770789,25.10983531121402,3,3,3,742,3,0.011111111111111112,25.120946422325133,0.17425569176882663,ELECTRE-III,1
93,0108,0,0,"[8.579944470265678, 1.4998854226292935]","[np.float64(8.435278924915844), np.float64(4.313604183204617)]",2026-04-23 09:56:10,692.2163229295968,1,2.3599640377715723,309.8460010459106,24.059040977466886,63.90217070475044,30.607995786603468,3,3,3,1140,9,0.011226851851851852,30.49572726808495,0.5507880910683012,ELECTRE-III,1
94,0149,0,0,"[8.579944470265678, 1.4998854226292935]","[np.float64(6.19828061791453), np.float64(1.76859340685918)]",2026-04-23 09:56:10,54.11851353313545,1,7.629193492553661,266.4815574039886,21.005750287551226,60.934665246244165,21.10983531121402,3,3,3,742,3,0.011226851851851852,21.076154755658465,0.17425569176882663,ELECTRE-III,1
95,0108,0,0,"[7.978589002528369, 1.3701189787533385]","[np.float64(8.435278924915844), np.float64(4.313604183204617)]",2026-04-23 09:56:20,692.2163229295968,1,2.3599640377715723,327.9036285635026,25.2899669179255,63.94255078312355,37.60799578660347,3,3,3,1140,9,0.011342592592592593,37.60799578660347,0.5507880910683012,ELECTRE-III,1
96,0149,0,0,"[7.978589002528369, 1.3701189787533385]","[np.float64(6.19828061791453), np.float64(1.76859340685918)]",2026-04-23 09:56:20,54.11851353313545,1,7.629193492553661,202.78546947785284,16.28826148554239,60.97469015478044,22.10983531121402,3,3,3,742,3,0.011342592592592593,22.200576051954762,0.17425569176882663,ELECTRE-III,1
97,0108,0,0,"[7.377230119696473, 1.240613576169725]","[np.float64(8.435278924915844), np.float64(4.313604183204617)]",2026-04-23 09:56:30,692.2163229295968,1,2.3599640377715723,358.3130117534293,27.307359750604803,63.98293086149667,29.607995786603468,3,3,3,1140,9,0.011458333333333333,29.516329119936803,0.5507880910683012,ELECTRE-III,1
98,0149,0,0,"[7.377230119696473, 1.240613576169725]","[np.float64(6.19828061791453), np.float64(1.76859340685918)]",2026-04-23 09:56:30,54.11851353313545,1,7.629193492553661,143.47097836464516,11.680246254815533,61.01470823312754,27.10983531121402,3,3,3,742,3,0.011458333333333333,27.17858531121402,0.17425569176882663,ELECTRE-III,1
99,0108,0,0,"[6.775866967996347, 1.1113485108675314]","[np.float64(8.435278924915844), np.float64(4.313604183204617)]",2026-04-23 09:56:40,692.2163229295968,1,2.3599640377715723,398.25341216953643,29.849452953021835,64.02331093986979,37.60799578660347,3,3,3,1140,9,0.011574074074074073,37.573273564381246,0.5507880910683012,ELECTRE-III,1
100,0149,0,0,"[6.775866967996347, 1.1113485108675314]","[np.float64(6.19828061791453), np.float64(1.76859340685918)]",2026-04-23 09:56:40,54.11851353313545,1,7.629193492553661,96.94140469608102,7.951909592796138,61.05472631147465,30.10983531121402,3,3,3,742,3,0.011574074074074073,30.098261237139948,0.17425569176882663,ELECTRE-III,1
101,0149,0,0,"[6.174502962522574, 0.9823037191660707]","[np.float64(6.19828061791453), np.float64(1.76859340685918)]",2026-04-23 09:56:50,54.11851353313545,1,7.629193492553661,86.96259099952567,7.142296926978905,61.094744389821756,30.10983531121402,3,3,3,742,3,0.011689814814814814,30.004626977880687,0.17425569176882663,ELECTRE-III,1
102,0149,0,0,"[5.573138957048802, 0.8534592441063618]","[np.float64(6.19828061791453), np.float64(1.76859340685918)]",2026-04-23 09:57:00,54.11851353313545,1,7.629193492553661,122.79168210008963,10.033686264836536,61.13475563797969,23.10983531121402,3,3,3,742,3,0.011805555555555555,23.086224200102908,0.17425569176882663,ELECTRE-III,1
103,0149,0,0,"[4.971776232235499, 0.7247952354511292]","[np.float64(6.19828061791453), np.float64(1.76859340685918)]",2026-04-23 09:57:10,54.11851353313545,1,7.629193492553661,178.7256592057999,14.441564648487654,61.174766886137625,27.10983531121402,3,3,3,742,3,0.011921296296296296,27.026386237139945,0.17425569176882663,ELECTRE-III,1
104,0149,0,0,"[4.370416495629957, 0.5962919496848035]","[np.float64(6.19828061791453), np.float64(1.76859340685918)]",2026-04-23 09:57:20,54.11851353313545,1,7.629193492553661,241.15755545246142,19.16179096217148,61.21477130410639,30.10983531121402,3,3,3,742,3,0.012037037037037037,30.19409457047328,0.17425569176882663,ELECTRE-III,1
105,0149,0,0,"[3.769061027892647, 0.46793001681778534]","[np.float64(6.19828061791453), np.float64(1.76859340685918)]",2026-04-23 09:57:30,54.11851353313545,1,7.629193492553661,306.1362072655798,23.803160947593028,61.25477572207515,28.10983531121402,3,3,3,742,3,0.012152777777777778,28.024765866769577,0.17425569176882663,ELECTRE-III,1
106,0149,0,0,"[3.167711323127449, 0.3396899067779167]","[np.float64(6.19828061791453), np.float64(1.76859340685918)]",2026-04-23 09:57:40,54.11851353313545,1,7.629193492553661,372.3296090947209,28.213468888318463,61.29478014004392,29.10983531121402,3,3,3,742,3,0.012268518518518519,29.02395568158439,0.17425569176882663,ELECTRE-III,1
107,0113,0,0,"[-23.046820448428885, -54.822465561783154]","[np.float64(-25.42735377732895), np.float64(-57.59639409429197)]",2026-04-23 13:22:30,268.28980436508175,1,7.598968879629297,386.2042478117455,29.095512137557538,37.89284791138232,28.240813766198308,2,2,2,1469,10,0.1545138888888889,27.313730432864975,0.6427320490367776,ELECTRE-III,1
108,0113,0,0,"[-23.646365916036142, -54.96634349664947]","[np.float64(-25.42735377732895), np.float64(-57.59639409429197)]",2026-04-23 13:22:40,268.28980436508175,1,7.598968879629297,331.6383383394113,25.541504854484902,37.92049310204794,27.240813766198308,2,2,2,1469,10,0.15462962962962962,26.00377672916127,0.6427320490367776,ELECTRE-III,1
109,0113,0,0,"[-24.245829421373358, -55.11116058252667]","[np.float64(-25.42735377732895), np.float64(-57.59639409429197)]",2026-04-23 13:22:50,268.28980436508175,1,7.598968879629297,283.10603403274104,22.19220612250664,37.94812121724064,19.240813766198308,2,2,2,1469,10,0.15474537037037037,18.002850803235344,0.6427320490367776,ELECTRE-III,1
110,0113,0,0,"[-24.84520754934595, -55.25695097036059]","[np.float64(-25.42735377732895), np.float64(-57.59639409429197)]",2026-04-23 13:23:00,268.28980436508175,1,7.598968879629297,244.22979714399872,19.387792983838153,37.97573225696042,22.240813766198308,2,2,2,1469,10,0.15486111111111112,23.324841543976085,0.6427320490367776,ELECTRE-III,1
111,0113,0,0,"[-25.444498592406624, -55.40375564128626]","[np.float64(-25.42735377732895), np.float64(-57.59639409429197)]",2026-04-23 13:23:10,268.28980436508175,1,7.598968879629297,220.18289034597473,17.602484508592916,38.003326221207274,19.240813766198308,2,2,2,1469,10,0.15497685185185187,18.6209063587909,0.6427320490367776,ELECTRE-III,1
112,0113,0,0,"[-26.043699135460795, -55.55160533115494]","[np.float64(-25.42735377732895), np.float64(-57.59639409429197)]",2026-04-23 13:23:20,268.28980436508175,1,7.598968879629297,215.97572369625314,17.28636183103245,38.030903109981196,26.240813766198308,2,2,2,1469,10,0.1550925925925926,25.31025821064275,0.6427320490367776,ELECTRE-III,1
113,0113,0,0,"[-26.64280576341388, -55.70054443619624]","[np.float64(-25.42735377732895), np.float64(-57.59639409429197)]",2026-04-23 13:23:30,268.28980436508175,1,7.598968879629297,232.68466516360996,18.53529795374909,38.0584629232822,19.240813766198308,2,2,2,1469,10,0.15520833333333334,19.551230432864973,0.6427320490367776,ELECTRE-III,1
114,0113,0,0,"[-27.241815061171287, -55.85061393754518]","[np.float64(-25.42735377732895), np.float64(-57.59639409429197)]",2026-04-23 13:23:40,268.28980436508175,1,7.598968879629297,266.40109490987544,20.99996075488282,38.08600566111028,25.240813766198308,2,2,2,1469,10,0.1553240740740741,23.998221173605714,0.6427320490367776,ELECTRE-III,1
115,0113,0,0,"[-27.840727028733028, -56.00185481633677]","[np.float64(-25.42735377732895), np.float64(-57.59639409429197)]",2026-04-23 13:23:50,268.28980436508175,1,7.598968879629297,311.65207054483557,24.18324557803892,38.11353473856001,27.240813766198308,2,2,2,1469,10,0.1554398148148148,28.173452655087196,0.6427320490367776,ELECTRE-III,1
116,0113,0,0,"[-28.439536543457216, -56.15430463861145]","[np.float64(-25.42735377732895), np.float64(-57.59639409429197)]",2026-04-23 13:24:00,268.28980436508175,1,7.598968879629297,364.1617897863287,27.687290437728485,38.14104332544224,19.240813766198308,2,2,2,1469,10,0.15555555555555556,20.640813766198306,0.6427320490367776,ELECTRE-III,1
117,0195,0,0,"[8.605485108893296, -72.58054076227694]","[np.float64(5.887890719177084), np.float64(-74.83241822394581)]",2026-04-23 14:52:30,450.86115985181294,1,7.754280030405476,391.15694147534083,29.406769595111143,58.432910387241066,33.61167483582457,1,1,1,594,5,0.2170138888888889,34.04570261360235,0.28633975481611207,ELECTRE-III,1
118,0241,0,0,"[8.605485108893296, -72.58054076227694]","[np.float64(6.076829685665134), np.float64(-75.0822984203359)]",2026-04-23 14:52:30,148.52956060073708,1,7.830792211299233,393.9137803391405,29.579205456521912,58.23962969410805,30.484375430061384,2,2,2,1391,6,0.2170138888888889,31.786458763394716,0.37215411558669004,ELECTRE-III,1
119,0195,0,0,"[8.004132202476924, -72.71031435650718]","[np.float64(5.887890719177084), np.float64(-74.83241822394581)]",2026-04-23 14:52:40,450.86115985181294,1,7.754280030405476,332.0138317012027,25.566736762752438,58.4729899372907,28.611674835824573,1,1,1,594,5,0.21712962962962962,28.8288044654542,0.28633975481611207,ELECTRE-III,1
120,0241,0,0,"[8.004132202476924, -72.71031435650718]","[np.float64(6.076829685665134), np.float64(-75.0822984203359)]",2026-04-23 14:52:40,148.52956060073708,1,7.830792211299233,338.29115381499474,25.98697580608084,58.27976388567104,36.484375430061384,2,2,2,1391,6,0.21712962962962962,38.22141246709842,0.37215411558669004,ELECTRE-III,1
121,0195,0,0,"[7.402774173418675, -72.83982840354896]","[np.float64(5.887890719177084), np.float64(-74.83241822394581)]",2026-04-23 14:52:50,450.86115985181294,1,7.754280030405476,277.138486860961,21.768555445326175,58.51306265715117,33.61167483582457,1,1,1,594,5,0.21724537037037037,32.74269335434309,0.28633975481611207,ELECTRE-III,1
122,0241,0,0,"[7.402774173418675, -72.83982840354896]","[np.float64(6.076829685665134), np.float64(-75.0822984203359)]",2026-04-23 14:52:50,148.52956060073708,1,7.830792211299233,288.1926608613235,22.551313483365732,58.319891247044865,31.484375430061384,2,2,2,1391,6,0.21724537037037037,33.222338393024344,0.37215411558669004,ELECTRE-III,1
123,0195,0,0,"[6.801413156152664, -72.96910339396979]","[np.float64(5.887890719177084), np.float64(-74.83241822394581)]",2026-04-23 14:53:00,450.86115985181294,1,7.754280030405476,229.6114197948715,18.30691058946171,58.55313537701163,34.61167483582457,1,1,1,594,5,0.21736111111111112,35.48111928026902,0.28633975481611207,ELECTRE-III,1
124,0241,0,0,"[6.801413156152664, -72.96910339396979]","[np.float64(6.076829685665134), np.float64(-75.0822984203359)]",2026-04-23 14:53:00,148.52956060073708,1,7.830792211299233,247.00288164035652,19.591251078550084,58.36001860841869,32.484375430061384,2,2,2,1391,6,0.21736111111111112,31.180208763394717,0.37215411558669004,ELECTRE-III,1
125,0195,0,0,"[6.200050431339361, -73.09815981833718]","[np.float64(5.887890719177084), np.float64(-74.83241822394581)]",2026-04-23 14:53:10,450.86115985181294,1,7.754280030405476,194.884792146247,15.685475945115483,58.5932080968721,27.611674835824573,1,1,1,594,5,0.21747685185185187,27.829151687676426,0.28633975481611207,ELECTRE-III,1
126,0241,0,0,"[6.200050431339361, -73.09815981833718]","[np.float64(6.076829685665134), np.float64(-75.0822984203359)]",2026-04-23 14:53:10,148.52956060073708,1,7.830792211299233,219.7888009053224,17.57291959394734,58.40014596979251,36.484375430061384,2,2,2,1391,6,0.21747685185185187,38.441667096728054,0.37215411558669004,ELECTRE-III,1
127,0195,0,0,"[5.598687706526057, -73.22701133702948]","[np.float64(5.887890719177084), np.float64(-74.83241822394581)]",2026-04-23 14:53:20,450.86115985181294,1,7.754280030405476,180.50466849169038,14.57921697484889,58.63328081673256,29.611674835824573,1,1,1,594,5,0.2175925925925926,28.088526687676424,0.28633975481611207,ELECTRE-III,1
128,0241,0,0,"[5.598687706526057, -73.22701133702948]","[np.float64(6.076829685665134), np.float64(-75.0822984203359)]",2026-04-23 14:53:20,148.52956060073708,1,7.830792211299233,212.00318721579416,16.986868931328136,58.44026650097717,32.484375430061384,2,2,2,1391,6,0.2175925925925926,33.572338393024346,0.37215411558669004,ELECTRE-III,1
129,0195,0,0,"[4.997326262373224, -73.35568527080335]","[np.float64(5.887890719177084), np.float64(-74.83241822394581)]",2026-04-23 14:53:30,450.86115985181294,1,7.754280030405476,191.1191190138496,15.396905220809977,58.673346706403855,33.61167483582457,1,1,1,594,5,0.21770833333333334,32.74084150249124,0.28633975481611207,ELECTRE-III,1
130,0241,0,0,"[4.997326262373224, -73.35568527080335]","[np.float64(6.076829685665134), np.float64(-75.0822984203359)]",2026-04-23 14:53:30,148.52956060073708,1,7.830792211299233,225.66501601535785,18.012749614489575,58.48038703216182,32.484375430061384,2,2,2,1391,6,0.21770833333333334,32.26666709672805,0.37215411558669004,ELECTRE-III,1
131,0045,0,0,"[4.3959678064281515, -73.48419528003713]","[np.float64(1.512076687874904), np.float64(-75.65391733294877)]",2026-04-23 14:53:40,180.52695921970124,1,5.8352165412807215,401.08944179195345,30.025278517969763,56.58622531115555,31.491733528503584,4,4,3,1384,6,0.2178240740740741,30.620437232207287,0.37215411558669004,ELECTRE-III,1
132,0195,0,0,"[4.3959678064281515, -73.48419528003713]","[np.float64(5.887890719177084), np.float64(-74.83241822394581)]",2026-04-23 14:53:40,450.86115985181294,1,7.754280030405476,223.19026904291877,17.82778104475478,58.71341259607515,34.61167483582457,1,1,1,594,5,0.2178240740740741,33.304730391380126,0.28633975481611207,ELECTRE-III,1
133,0241,0,0,"[4.3959678064281515, -73.48419528003713]","[np.float64(6.076829685665134), np.float64(-75.0822984203359)]",2026-04-23 14:53:40,148.52956060073708,1,7.830792211299233,257.38167591633277,20.348153537981077,58.52050756334648,30.484375430061384,2,2,2,1391,6,0.2178240740740741,30.484375430061384,0.37215411558669004,ELECTRE-III,1
134,0045,0,0,"[3.7946136193513107, -73.61256185529835]","[np.float64(1.512076687874904), np.float64(-75.65391733294877)]",2026-04-23 14:53:50,180.52695921970124,1,5.8352165412807215,340.3300285276141,26.122828198961173,56.62508908753292,23.491733528503584,4,4,3,1384,6,0.2179398148148148,24.363492787762844,0.37215411558669004,ELECTRE-III,1
135,0195,0,0,"[3.7946136193513107, -73.61256185529835]","[np.float64(5.887890719177084), np.float64(-74.83241822394581)]",2026-04-23 14:53:50,450.86115985181294,1,7.754280030405476,269.1539321654826,21.1977805329193,58.75347165555728,33.61167483582457,1,1,1,594,5,0.2179398148148148,33.39373502100976,0.28633975481611207,ELECTRE-III,1
136,0241,0,0,"[3.7946136193513107, -73.61256185529835]","[np.float64(6.076829685665134), np.float64(-75.0822984203359)]",2026-04-23 14:53:50,148.52956060073708,1,7.830792211299233,301.5079779091221,23.482514024650012,58.56062809453113,37.484375430061384,2,2,2,1391,6,0.2179398148148148,37.702315244876196,0.37215411558669004,ELECTRE-III,1
137,0045,0,0,"[3.1932651952465823, -73.74080548715452]","[np.float64(1.512076687874904), np.float64(-75.65391733294877)]",2026-04-23 14:54:00,180.52695921970124,1,5.8352165412807215,283.0556005223782,22.18863633653615,56.663946033721125,22.491733528503584,4,4,3,1384,6,0.21805555555555556,21.401455750725805,0.37215411558669004,ELECTRE-III,1
138,0195,0,0,"[3.1932651952465823, -73.74080548715452]","[np.float64(5.887890719177084), np.float64(-74.83241822394581)]",2026-04-23 14:54:00,450.86115985181294,1,7.754280030405476,323.1347967716953,24.967256602681683,58.7935307150394,31.611674835824573,1,1,1,594,5,0.21805555555555556,32.26584150249124,0.28633975481611207,ELECTRE-III,1
139,0241,0,0,"[3.1932651952465823, -73.74080548715452]","[np.float64(6.076829685665134), np.float64(-75.0822984203359)]",2026-04-23 14:54:00,148.52956060073708,1,7.830792211299233,353.4256738067812,26.987874053595235,58.600741795526616,35.484375430061384,2,2,2,1391,6,0.21805555555555556,35.266319874505825,0.37215411558669004,ELECTRE-III,1
140,0045,0,0,"[2.591924028217847, -73.86894666617312]","[np.float64(1.512076687874904), np.float64(-75.65391733294877)]",2026-04-23 14:54:10,180.52695921970124,1,5.8352165412807215,231.86270053152134,18.474273327568703,56.70279614972016,30.491733528503584,4,4,3,1384,6,0.2181712962962963,32.01893260257766,0.37215411558669004,ELECTRE-III,1
141,0195,0,0,"[2.591924028217847, -73.86894666617312]","[np.float64(5.887890719177084), np.float64(-74.83241822394581)]",2026-04-23 14:54:10,450.86115985181294,1,7.754280030405476,381.74651917340265,28.813742270091034,58.83358977452152,34.61167483582457,1,1,1,594,5,0.2181712962962963,32.64813316915791,0.28633975481611207,ELECTRE-III,1
142,0045,0,0,"[1.9905911854821623, -73.9970058829217]","[np.float64(1.512076687874904), np.float64(-75.65391733294877)]",2026-04-23 14:54:20,180.52695921970124,1,5.8352165412807215,191.6866272293815,15.44044610871443,56.7416428506246,26.491733528503584,4,4,3,1384,6,0.21828703703703703,25.18201130628136,0.37215411558669004,ELECTRE-III,1
143,0144,0,0,"[1.9905911854821623, -73.9970058829217]","[np.float64(0.9817362435928193), np.float64(-77.43743689759033)]",2026-04-23 14:54:20,383.020093660393,1,4.247402825258243,398.53911642887226,29.867193933467757,54.88761190608674,22.866273647350948,3,3,3,1312,11,0.21828703703703703,24.612569943647244,0.7574430823117339,ELECTRE-III,1
144,0045,0,0,"[1.3892686947519388, -74.12499679777856]","[np.float64(1.512076687874904), np.float64(-75.65391733294877)]",2026-04-23 14:54:30,180.52695921970124,1,5.8352165412807215,170.50164863438138,13.803028692597163,56.78048272133988,29.491733528503584,4,4,3,1384,6,0.21840277777777778,30.583747417392473,0.37215411558669004,ELECTRE-III,1
145,0144,0,0,"[1.3892686947519388, -74.12499679777856]","[np.float64(0.9817362435928193), np.float64(-77.43743689759033)]",2026-04-23 14:54:30,383.020093660393,1,4.247402825258243,371.0251508063003,28.12977867426956,54.92650300322079,17.866273647350948,3,3,3,1312,11,0.21840277777777778,19.831898647350947,0.7574430823117339,ELECTRE-III,1
146,0045,0,0,"[0.7879575165225279, -74.25293990131124]","[np.float64(1.512076687874904), np.float64(-75.65391733294877)]",2026-04-23 14:54:40,180.52695921970124,1,5.8352165412807215,175.33139582891127,14.178458654294392,56.81931576186599,22.491733528503584,4,4,3,1384,6,0.21851851851851853,21.61765945442951,0.37215411558669004,ELECTRE-III,1
147,0144,0,0,"[0.7879575165225279, -74.25293990131124]","[np.float64(0.9817362435928193), np.float64(-77.43743689759033)]",2026-04-23 14:54:40,383.020093660393,1,4.247402825258243,354.71305892224234,27.07220773900892,54.96539068526026,25.866273647350948,3,3,3,1312,11,0.21851851851851853,26.303310684387984,0.7574430823117339,ELECTRE-III,1
148,0045,0,0,"[0.1866591982586637, -74.3808625142764]","[np.float64(1.512076687874904), np.float64(-75.65391733294877)]",2026-04-23 14:54:50,180.52695921970124,1,5.8352165412807215,204.3380728082792,16.406288078727933,56.85814538729751,25.491733528503584,4,4,3,1384,6,0.21863425925925925,23.961293713688768,0.37215411558669004,ELECTRE-III,1
149,0144,0,0,"[0.1866591982586637, -74.3808625142764]","[np.float64(0.9817362435928193), np.float64(-77.43743689759033)]",2026-04-23 14:54:50,383.020093660393,1,4.247402825258243,351.16655691159326,26.839578419253623,55.004271537110554,22.866273647350948,3,3,3,1312,11,0.21863425925925925,24.61534772142502,0.7574430823117339,ELECTRE-III,1
150,0045,0,0,"[-0.4146248459770522, -74.50877146686324]","[np.float64(1.512076687874904), np.float64(-75.65391733294877)]",2026-04-23 14:55:00,180.52695921970124,1,5.8352165412807215,249.21827388012093,19.7534234634206,56.896968182539865,27.491733528503584,4,4,3,1384,6,0.21875,26.616733528503584,0.37215411558669004,ELECTRE-III,1
151,0144,0,0,"[-0.4146248459770522, -74.50877146686324]","[np.float64(0.9817362435928193), np.float64(-77.43743689759033)]",2026-04-23 14:55:00,383.020093660393,1,4.247402825258243,360.76371924840385,27.466874437160453,55.043148973866266,26.866273647350948,3,3,3,1312,11,0.21875,28.616273647350948,0.7574430823117339,ELECTRE-III,1
152,0045,0,0,"[-1.0158932021220182, -74.6366940798284]","[np.float64(1.512076687874904), np.float64(-75.65391733294877)]",2026-04-23 14:55:10,180.52695921970124,1,5.8352165412807215,302.99767960009865,23.585892998939247,56.93578414759305,28.491733528503584,4,4,3,1384,6,0.21886574074074075,26.740807602577657,0.37215411558669004,ELECTRE-III,1
153,0144,0,0,"[-1.0158932021220182, -74.6366940798284]","[np.float64(0.9817362435928193), np.float64(-77.43743689759033)]",2026-04-23 14:55:10,383.020093660393,1,4.247402825258243,382.51574890529315,28.86247419531795,55.08201958043281,18.866273647350948,3,3,3,1312,11,0.21886574074074075,20.836065314017613,0.7574430823117339,ELECTRE-III,1
154,0045,0,0,"[-1.61714440275278, -74.76464401355025]","[np.float64(1.512076687874904), np.float64(-75.65391733294877)]",2026-04-23 14:55:20,180.52695921970124,1,5.8352165412807215,361.72829643916,27.52953179814779,56.97459669755165,29.491733528503584,4,4,3,1384,6,0.21898148148148147,29.05377056554062,0.37215411558669004,ELECTRE-III,1
155,0170,0,0,"[47.38172578186296, -86.85670163711411]","[np.float64(43.72445183481355), np.float64(-87.3078308908022)]",2026-04-23 16:20:30,642.3419040928243,1,6.451096504761524,408.18300976961694,30.462337930988486,53.78212529835266,22.113514360435122,4,4,3,634,4,0.278125,19.332264360435122,0.23029772329246936,ELECTRE-III,1
156,0170,0,0,"[46.78673092779023, -87.08467286104162]","[np.float64(43.72445183481355), np.float64(-87.3078308908022)]",2026-04-23 16:20:40,642.3419040928243,1,6.451096504761524,340.9576905274115,26.164586555348063,53.80055997892253,18.113514360435122,4,4,3,634,4,0.27824074074074073,18.669995841916602,0.23029772329246936,ELECTRE-III,1
157,0170,0,0,"[46.19144579067777, -87.30855963184547]","[np.float64(43.72445183481355), np.float64(-87.3078308908022)]",2026-04-23 16:20:50,642.3419040928243,1,6.451096504761524,274.31760545865427,21.567416727022554,53.8189707538303,24.113514360435122,4,4,3,634,4,0.27835648148148145,25.78365324932401,0.23029772329246936,ELECTRE-III,1
158,0170,0,0,"[45.59588744599851, -87.52853953444408]","[np.float64(43.72445183481355), np.float64(-87.3078308908022)]",2026-04-23 16:21:00,642.3419040928243,1,6.451096504761524,208.8250684891545,16.746576416040963,53.837354207981384,24.113514360435122,4,4,3,634,4,0.27847222222222223,21.3287921382129,0.23029772329246936,ELECTRE-III,1
159,0170,0,0,"[45.0000661390362, -87.74476966318834]","[np.float64(43.72445183481355), np.float64(-87.3078308908022)]",2026-04-23 16:21:10,642.3419040928243,1,6.451096504761524,146.03257645242687,11.88291167517624,53.85571375647038,21.113514360435122,4,4,3,634,4,0.27858796296296295,19.72057454562031,0.23029772329246936,ELECTRE-III,1
160,0170,0,0,"[44.4039921150746, -87.95740711242918]","[np.float64(43.72445183481355), np.float64(-87.3078308908022)]",2026-04-23 16:21:20,642.3419040928243,1,6.451096504761524,91.66879735186566,7.524503663627888,53.874045984202695,25.113514360435122,4,4,3,634,4,0.27870370370370373,25.392218064138827,0.23029772329246936,ELECTRE-III,1
161,0170,0,0,"[43.807675619397465, -88.16658848594999]","[np.float64(43.72445183481355), np.float64(-87.3078308908022)]",2026-04-23 16:21:30,642.3419040928243,1,6.451096504761524,69.57757395382352,5.725107903590106,53.892354306272914,20.113514360435122,4,4,3,634,4,0.27881944444444445,21.507611582657344,0.23029772329246936,ELECTRE-III,1
162,0170,0,0,"[43.21113031238314, -88.37245721772334]","[np.float64(43.72445183481355), np.float64(-87.3078308908022)]",2026-04-23 16:21:40,642.3419040928243,1,6.451096504761524,103.14724267750978,8.453822567776616,53.91063530758645,21.113514360435122,4,4,3,634,4,0.2789351851851852,21.113514360435122,0.23029772329246936,ELECTRE-III,1
163,0170,0,0,"[42.6143596091262, -88.57514308134347]","[np.float64(43.72445183481355), np.float64(-87.3078308908022)]",2026-04-23 16:21:50,642.3419040928243,1,6.451096504761524,160.61861178574657,13.031041836506606,53.928892403237896,20.113514360435122,4,4,3,634,4,0.27905092592592595,18.16015787895364,0.23029772329246936,ELECTRE-III,1
164,0170,0,0,"[42.01738058509957, -88.77476902021543]","[np.float64(43.72445183481355), np.float64(-87.3078308908022)]",2026-04-23 16:22:00,642.3419040928243,1,6.451096504761524,224.31663066719832,17.912015917108203,53.94712217813266,18.113514360435122,4,4,3,634,4,0.2791666666666667,20.346847693768456,0.23029772329246936,ELECTRE-III,1
165,0170,0,0,"[41.42019324030326, -88.97145114755511]","[np.float64(43.72445183481355), np.float64(-87.3078308908022)]",2026-04-23 16:22:10,642.3419040928243,1,6.451096504761524,290.16991421789345,22.69040308776724,53.96532463227074,19.113514360435122,4,4,3,634,4,0.2792824074074074,21.068491212286975,0.23029772329246936,ELECTRE-III,1
166,0170,0,0,"[40.8228146502102, -89.16530557657842]","[np.float64(43.72445183481355), np.float64(-87.3078308908022)]",2026-04-23 16:22:20,642.3419040928243,1,6.451096504761524,356.98734539042005,27.22088143211168,53.98350318074674,24.113514360435122,4,4,3,634,4,0.2793981481481482,25.789903249324013,0.23029772329246936,ELECTRE-III,1
167,0034,0,0,"[39.02957580438003, -89.73096135307136]","[np.float64(35.40048901728815), np.float64(-89.94105847160465)]",2026-04-23 16:22:50,112.08018624564565,1,2.1193221077265907,403.96486401427967,30.202911839903297,58.75150456107631,20.61535388504567,4,4,3,993,12,0.2797453703703704,18.377390922082707,0.8957968476357268,ELECTRE-III,1
168,0034,0,0,"[38.43149028970786, -89.91454317758297]","[np.float64(35.40048901728815), np.float64(-89.94105847160465)]",2026-04-23 16:23:00,112.08018624564565,1,2.1193221077265907,337.04067859339244,25.903499559929966,58.77728852519311,26.61535388504567,4,4,3,993,12,0.2798611111111111,26.61535388504567,0.8957968476357268,ELECTRE-III,1
169,0034,0,0,"[37.833247680684785, -90.09578224720926]","[np.float64(35.40048901728815), np.float64(-89.94105847160465)]",2026-04-23 16:23:10,112.08018624564565,1,2.1193221077265907,270.862896996972,21.320321649696048,58.803045168553226,29.61535388504567,4,4,3,993,12,0.27997685185185184,31.01523814430493,0.8957968476357268,ELECTRE-III,1
170,0034,0,0,"[37.2348479773108, -90.27478101478778]","[np.float64(35.40048901728815), np.float64(-89.94105847160465)]",2026-04-23 16:23:20,112.08018624564565,1,2.1193221077265907,206.15104676464153,16.54392662724809,58.828781321345836,27.61535388504567,4,4,3,993,12,0.2800925925925926,26.21489092208271,0.8957968476357268,ELECTRE-III,1
171,0034,0,0,"[36.63630483996424, -90.45160778221025]","[np.float64(35.40048901728815), np.float64(-89.94105847160465)]",2026-04-23 16:23:30,112.08018624564565,1,2.1193221077265907,144.88460118929396,11.792124543820634,58.85449015338176,27.61535388504567,4,4,3,993,12,0.28020833333333334,26.774728885045672,0.8957968476357268,ELECTRE-III,1
172,0081,1,0,"[36.63630483996424, -90.45160778221025]","[np.float64(34.62241574600343), np.float64(-86.86407475237093)]",2026-04-23 16:23:30,996.6979428886351,1,6.956283119223477,394.0038499434808,29.584829262542808,61.23246149405672,35.61167483582457,2,2,2,1419,6,0.28020833333333334,33.65021650249124,0.37215411558669004,ELECTRE-III,1
173,0034,0,0,"[36.037621683739694, -90.62635134193584]","[np.float64(35.40048901728815), np.float64(-89.94105847160465)]",2026-04-23 16:23:40,112.08018624564565,1,2.1193221077265907,94.05616069975635,7.718134387468375,58.88017849485018,29.61535388504567,4,4,3,993,12,0.28032407407407406,28.774381662823448,0.8957968476357268,ELECTRE-III,1
174,0081,1,0,"[36.037621683739694, -90.62635134193584]","[np.float64(34.62241574600343), np.float64(-86.86407475237093)]",2026-04-23 16:23:40,996.6979428886351,1,6.956283119223477,375.7944016381798,28.43512379042823,61.256872590150344,35.61167483582457,2,2,2,1419,6,0.28032407407407406,37.57394335434309,0.37215411558669004,ELECTRE-III,1
175,0034,0,0,"[35.43880192373175, -90.79908682604547]","[np.float64(35.40048901728815), np.float64(-89.94105847160465)]",2026-04-23 16:23:50,112.08018624564565,1,2.1193221077265907,77.86757328565727,6.401875304972548,58.905839515561915,24.61535388504567,4,4,3,993,12,0.28043981481481484,24.054474255416043,0.8957968476357268,ELECTRE-III,1
176,0081,1,0,"[35.43880192373175, -90.79908682604547]","[np.float64(34.62241574600343), np.float64(-86.86407475237093)]",2026-04-23 16:23:50,996.6979428886351,1,6.956283119223477,369.5805216772727,28.0369427443374,61.281256365487295,29.611674835824573,2,2,2,1419,6,0.28043981481481484,31.29431372471346,0.37215411558669004,ELECTRE-III,1
177,0034,0,0,"[34.83985239012958, -90.9698825364308]","[np.float64(35.40048901728815), np.float64(-89.94105847160465)]",2026-04-23 16:24:00,112.08018624564565,1,2.1193221077265907,112.43661798597395,9.202666461990537,58.931480045706145,28.61535388504567,4,4,3,993,12,0.28055555555555556,25.809798329490114,0.8957968476357268,ELECTRE-III,1
178,0081,1,0,"[34.83985239012958, -90.9698825364308]","[np.float64(34.62241574600343), np.float64(-86.86407475237093)]",2026-04-23 16:24:00,996.6979428886351,1,6.956283119223477,375.95662627838186,28.44547921146825,61.30560598987839,30.611674835824573,2,2,2,1419,6,0.28055555555555556,33.13667483582457,0.37215411558669004,ELECTRE-III,1
179,0034,0,0,"[34.240779913122346, -91.13880677498356]","[np.float64(35.40048901728815), np.float64(-89.94105847160465)]",2026-04-23 16:24:10,112.08018624564565,1,2.1193221077265907,169.0633358026023,13.690989016130068,58.95710008528287,22.61535388504567,4,4,3,993,12,0.2806712962962963,21.21199740356419,0.8957968476357268,ELECTRE-III,1
180,0081,1,0,"[34.240779913122346, -91.13880677498356]","[np.float64(34.62241574600343), np.float64(-86.86407475237093)]",2026-04-23 16:24:10,996.6979428886351,1,6.956283119223477,394.31168487210954,29.604045265531678,61.32993512370197,27.611674835824573,2,2,2,1419,6,0.2806712962962963,29.857045206194943,0.37215411558669004,ELECTRE-III,1
181,0034,0,0,"[33.64158449271005, -91.3059346737846]","[np.float64(35.40048901728815), np.float64(-89.94105847160465)]",2026-04-23 16:24:20,112.08018624564565,1,2.1193221077265907,232.13128995308367,18.49421883552225,58.9826928041029,24.61535388504567,4,4,3,993,12,0.28078703703703706,25.738502033193818,0.8957968476357268,ELECTRE-III,1
182,0034,0,0,"[33.04227637417645, -91.47132770453646]","[np.float64(35.40048901728815), np.float64(-89.94105847160465)]",2026-04-23 16:24:30,112.08018624564565,1,2.1193221077265907,297.5724487793579,23.208624906004456,59.00825820216626,28.61535388504567,4,4,3,993,12,0.2809027777777778,26.087228885045672,0.8957968476357268,ELECTRE-III,1
183,0034,0,0,"[32.442858972616136, -91.6350405087525]","[np.float64(35.40048901728815), np.float64(-89.94105847160465)]",2026-04-23 16:24:40,112.08018624564565,1,2.1193221077265907,364.1091469841743,27.683882515893984,59.03380310966211,29.61535388504567,4,4,3,993,12,0.2810185185185185,31.5824835146753,0.8957968476357268,ELECTRE-III,1
184,0118,0,0,"[35.84643785868187, -115.37703078071611]","[np.float64(35.3214214798437), np.float64(-119.533899383446)]",2026-04-23 18:02:30,71.21413621991074,1,3.9102513386739,380.3849002652374,28.72736965579804,55.78976378222953,25.3644341227404,1,1,1,1389,12,0.3489583333333333,21.874850789407066,0.8957968476357268,ELECTRE-III,1
185,0118,0,0,"[35.24757711753891, -115.54913788742209]","[np.float64(35.3214214798437), np.float64(-119.533899383446)]",2026-04-23 18:02:40,71.21413621991074,1,3.9102513386739,361.7571126476584,27.531402554613525,55.817890501231645,26.3644341227404,1,1,1,1389,12,0.3490740740740741,22.873693381999658,0.8957968476357268,ELECTRE-III,1
186,0118,0,0,"[34.648586602801714, -115.71933254116047]","[np.float64(35.3214214798437), np.float64(-119.533899383446)]",2026-04-23 18:02:50,71.21413621991074,1,3.9102513386739,355.45288477206645,27.120614734653813,55.84599672966625,22.3644341227404,1,1,1,1389,12,0.3491898148148148,23.761193381999657,0.8957968476357268,ELECTRE-III,1
187,0118,0,0,"[34.04947655975405, -115.8876693834446]","[np.float64(35.3214214798437), np.float64(-119.533899383446)]",2026-04-23 18:03:00,71.21413621991074,1,3.9102513386739,362.11860782167446,27.55486551409497,55.874089297722506,21.3644341227404,1,1,1,1389,12,0.34930555555555554,21.3644341227404,0.8957968476357268,ELECTRE-III,1
188,0118,0,0,"[33.450246988395904, -116.05423037654454]","[np.float64(35.3214214798437), np.float64(-119.533899383446)]",2026-04-23 18:03:10,71.21413621991074,1,3.9102513386739,381.0740701530938,28.771104167558807,55.902161375211264,25.3644341227404,1,1,1,1389,12,0.3494212962962963,27.460961900518175,0.8957968476357268,ELECTRE-III,1
189,0028,0,0,"[-38.95549557264207, 177.43201780557163]","[np.float64(-41.26103039007214), np.float64(174.6567039077751)]",2026-04-23 21:40:50,393.84619229346896,1,4.468980310817163,348.4297542091283,26.659404326319578,24.767717345664863,25.73529519236666,4,4,3,819,10,0.5005787037037037,21.230086859033328,0.6427320490367776,ELECTRE-III,1
190,0028,0,0,"[-39.551675464535805, 177.24674209414584]","[np.float64(-41.26103039007214), np.float64(174.6567039077751)]",2026-04-23 21:41:00,393.84619229346896,1,4.468980310817163,290.1825302897739,22.691289659669735,24.78912657361827,33.735295192366664,4,4,3,819,10,0.5006944444444444,29.729739636811107,0.6427320490367776,ELECTRE-III,1
191,0028,0,0,"[-40.14766069603819, 177.05899385424055]","[np.float64(-41.26103039007214), np.float64(174.6567039077751)]",2026-04-23 21:41:10,393.84619229346896,1,4.468980310817163,237.33311211187288,18.87958754165141,24.81052043364604,25.73529519236666,4,4,3,819,10,0.5008101851851852,28.239346118292588,0.6427320490367776,ELECTRE-III,1
192,0028,0,0,"[-40.74344785205465, 176.86865014245063]","[np.float64(-41.26103039007214), np.float64(174.6567039077751)]",2026-04-23 21:41:20,393.84619229346896,1,4.468980310817163,194.33105911035102,15.643093102851108,24.831900633295472,31.73529519236666,4,4,3,819,10,0.5009259259259259,29.23066556273703,0.6427320490367776,ELECTRE-III,1
193,0028,0,0,"[-41.33902668730142, 176.67562899650608]","[np.float64(-41.26103039007214), np.float64(174.6567039077751)]",2026-04-23 21:41:30,393.84619229346896,1,4.468980310817163,168.87363195798434,13.676203741363336,24.853265465019273,25.73529519236666,4,4,3,819,10,0.5010416666666667,22.72904519236666,0.6427320490367776,ELECTRE-III,1
194,0028,0,0,"[-41.93439037158934, 176.47982113338014]","[np.float64(-41.26103039007214), np.float64(174.6567039077751)]",2026-04-23 21:41:40,393.84619229346896,1,4.468980310817163,169.07707489674456,13.692059751375911,24.87461322127015,29.73529519236666,4,4,3,819,10,0.5011574074074074,27.229508155329622,0.6427320490367776,ELECTRE-III,1
195,0028,0,0,"[-42.529532074729225, 176.28111727004614]","[np.float64(-41.26103039007214), np.float64(174.6567039077751)]",2026-04-23 21:41:50,393.84619229346896,1,4.468980310817163,194.85853676652346,15.68346675006822,24.89594731714268,27.73529519236666,4,4,3,819,10,0.5012731481481482,24.727656303477772,0.6427320490367776,ELECTRE-III,1
196,0028,0,0,"[-43.124444966531925, 176.07938080272064]","[np.float64(-41.26103039007214), np.float64(174.6567039077751)]",2026-04-23 21:42:00,393.84619229346896,1,4.468980310817163,238.04483986713683,18.93217802078519,24.917267752636878,29.73529519236666,4,4,3,819,10,0.5013888888888889,26.726961859033327,0.6427320490367776,ELECTRE-III,1
197,0028,0,0,"[-43.71911538661908, 175.87451610875527]","[np.float64(-41.26103039007214), np.float64(174.6567039077751)]",2026-04-23 21:42:10,393.84619229346896,1,4.468980310817163,290.98610516114366,22.74773580244286,24.938571112658146,34.735295192366664,4,4,3,819,10,0.5015046296296296,34.233790562737035,0.6427320490367776,ELECTRE-III,1
198,0028,0,0,"[-44.31353650480154, 175.6663729239883]","[np.float64(-41.26103039007214), np.float64(174.6567039077751)]",2026-04-23 21:42:20,393.84619229346896,1,4.468980310817163,349.27240530793006,26.71494009038006,24.959859104753782,27.73529519236666,4,4,3,819,10,0.5016203703703703,30.745017414588883,0.6427320490367776,ELECTRE-III,1
199,0162,0,0,"[-25.393769069893647, 156.43684958003115]","[np.float64(-27.53519100272969), np.float64(153.4859157881229)]",2026-04-23 23:15:50,323.5558858904842,1,6.8098206774389745,378.10555612870814,28.58246231231803,35.98555515169669,30.23345566775611,1,1,1,1275,3,0.5665509259259259,31.93310844553389,0.17425569176882663,ELECTRE-III,1
200,0162,0,0,"[-25.992974735589694, 156.2890852675271]","[np.float64(-27.53519100272969), np.float64(153.4859157881229)]",2026-04-23 23:16:00,323.5558858904842,1,6.8098206774389745,326.8799688519081,25.220838897841066,36.012360229094405,34.23345566775611,1,1,1,1275,3,0.5666666666666667,35.933455667756114,0.17425569176882663,ELECTRE-III,1
201,0162,0,0,"[-26.59208819373195, 156.14024178513418]","[np.float64(-27.53519100272969), np.float64(153.4859157881229)]",2026-04-23 23:16:10,323.5558858904842,1,6.8098206774389745,282.96916134528055,22.18251757461183,36.0391482310192,26.23345566775611,1,1,1,1275,3,0.5667824074074074,30.76771492701537,0.17425569176882663,ELECTRE-III,1
202,0162,0,0,"[-27.19110602922582, 155.99026449133905]","[np.float64(-27.53519100272969), np.float64(153.4859157881229)]",2026-04-23 23:16:20,323.5558858904842,1,6.8098206774389745,250.25071807001981,19.828888728195366,36.06591915747106,29.23345566775611,1,1,1,1275,3,0.5668981481481481,23.56447418627463,0.17425569176882663,ELECTRE-III,1
203,0162,0,0,"[-27.79002311942944, 155.83912606538502]","[np.float64(-27.53519100272969), np.float64(153.4859157881229)]",2026-04-23 23:16:30,323.5558858904842,1,6.8098206774389745,233.47824406516892,18.594173833543515,36.09267642354458,26.23345566775611,1,1,1,1275,3,0.5670138888888889,24.532414001089442,0.17425569176882663,ELECTRE-III,1
204,0162,0,0,"[-28.38884117189009, 155.68678552613704]","[np.float64(-27.53519100272969), np.float64(153.4859157881229)]",2026-04-23 23:16:40,323.5558858904842,1,6.8098206774389745,236.07371639232787,18.78644825962276,36.1194131990506,27.23345566775611,1,1,1,1275,3,0.5671296296296297,25.53206677886722,0.17425569176882663,ELECTRE-III,1
205,0162,0,0,"[-28.98755164887131, 155.53317457170346]","[np.float64(-27.53519100272969), np.float64(153.4859157881229)]",2026-04-23 23:16:50,323.5558858904842,1,6.8098206774389745,257.4483755963965,20.35299421097748,36.14613289908369,32.23345566775611,1,1,1,1275,3,0.5672453703703704,27.128247334422777,0.17425569176882663,ELECTRE-III,1
206,0162,0,0,"[-29.586156257920397, 155.37827954170592]","[np.float64(-27.53519100272969), np.float64(153.4859157881229)]",2026-04-23 23:17:00,323.5558858904842,1,6.8098206774389745,293.5290915439165,22.926057517648466,36.17283893873844,31.23345566775611,1,1,1,1275,3,0.5673611111111111,26.694566778867223,0.17425569176882663,ELECTRE-III,1
207,0162,0,0,"[-30.18464816884818, 155.22201847387436]","[np.float64(-27.53519100272969), np.float64(153.4859157881229)]",2026-04-23 23:17:10,323.5558858904842,1,6.8098206774389745,339.6579889546353,26.078084289420566,36.19952448782568,27.23345566775611,1,1,1,1275,3,0.5674768518518518,27.80093251960796,0.17425569176882663,ELECTRE-III,1
208,0162,0,0,"[-30.783023966560073, 155.06437770783046]","[np.float64(-27.53519100272969), np.float64(153.4859157881229)]",2026-04-23 23:17:20,323.5558858904842,1,6.8098206774389745,392.3068722636457,29.478767292171526,36.22619637653458,26.23345566775611,1,1,1,1275,3,0.5675925925925925,26.801048260348704,0.17425569176882663,ELECTRE-III,1
209,0206,0,0,"[-30.783023966560073, 155.06437770783046]","[np.float64(-33.2886574797973), np.float64(152.2115358271796)]",2026-04-23 23:17:20,273.8012190751785,1,2.8921004896926856,387.1840161181095,29.15723702015415,31.411380879633736,28.73897424158776,1,1,1,702,5,0.5675925925925925,32.14452979714331,0.28633975481611207,ELECTRE-III,1
210,0206,0,0,"[-31.38128023596149, 154.9052752813042]","[np.float64(-33.2886574797973), np.float64(152.2115358271796)]",2026-04-23 23:17:30,273.8012190751785,1,2.8921004896926856,330.1782968390192,25.443293968320663,31.435822711578627,30.73897424158776,1,1,1,702,5,0.5677083333333334,33.00980757492109,0.28633975481611207,ELECTRE-III,1
211,0206,0,0,"[-31.979413561957845, 154.7446702131605]","[np.float64(-33.2886574797973), np.float64(152.2115358271796)]",2026-04-23 23:17:40,273.8012190751785,1,2.8921004896926856,278.3022105912279,21.851369314536395,31.460247468050593,28.73897424158776,1,1,1,702,5,0.5678240740740741,30.44244646380998,0.28633975481611207,ELECTRE-III,1
212,0206,0,0,"[-32.57742394454914, 154.58250786188606]","[np.float64(-33.2886574797973), np.float64(152.2115358271796)]",2026-04-23 23:17:50,273.8012190751785,1,2.8921004896926856,234.97604209714262,18.705185053338553,31.484655149049633,25.73897424158776,1,1,1,702,5,0.5679398148148148,25.73897424158776,0.28633975481611207,ELECTRE-III,1
213,0206,0,0,"[-33.17530113845162, 154.4187335859675]","[np.float64(-33.2886574797973), np.float64(152.2115358271796)]",2026-04-23 23:18:00,273.8012190751785,1,2.8921004896926856,205.6743500500175,16.507755412383677,31.509049169670334,26.73897424158776,1,1,1,702,5,0.5680555555555555,24.466752019365536,0.28633975481611207,ELECTRE-III,1
214,0206,0,0,"[-33.7730417285707, 154.25329274389145]","[np.float64(-33.2886574797973), np.float64(152.2115358271796)]",2026-04-23 23:18:10,273.8012190751785,1,2.8921004896926856,196.76339933905757,15.82913357643097,31.533422699723523,29.73897424158776,1,1,1,702,5,0.5681712962962963,24.625432574921092,0.28633975481611207,ELECTRE-III,1
215,0206,0,0,"[-34.37064571490639, 154.08610337338789]","[np.float64(-33.2886574797973), np.float64(152.2115358271796)]",2026-04-23 23:18:20,273.8012190751785,1,2.8921004896926856,210.84076532629456,16.899050967628636,31.557782569398373,29.73897424158776,1,1,1,702,5,0.5682870370370371,33.71698350084702,0.28633975481611207,ELECTRE-III,1
216,0206,0,0,"[-34.9681062672695, 153.91712449332175]","[np.float64(-33.2886574797973), np.float64(152.2115358271796)]",2026-04-23 23:18:30,273.8012190751785,1,2.8921004896926856,243.95859719940063,19.367867930947344,31.582125363600298,25.73897424158776,1,1,1,702,5,0.5684027777777778,29.717793686032202,0.28633975481611207,ELECTRE-III,1
217,0206,0,0,"[-35.56541655547087, 153.74626048104471]","[np.float64(-33.2886574797973), np.float64(152.2115358271796)]",2026-04-23 23:18:40,273.8012190751785,1,2.8921004896926856,289.65472408432976,22.65418922487549,31.6064510823293,26.73897424158776,1,1,1,702,5,0.5685185185185185,21.62230757492109,0.28633975481611207,ELECTRE-III,1
218,0206,0,0,"[-36.16257316441591, 153.57347035542173]","[np.float64(-33.2886574797973), np.float64(152.2115358271796)]",2026-04-23 23:18:50,273.8012190751785,1,2.8921004896926856,342.937190088865,26.296086881553325,31.630759725585374,27.73897424158776,1,1,1,702,5,0.5686342592592593,24.89580294529146,0.28633975481611207,ELECTRE-III,1
219,0206,0,0,"[-36.75957267901004, 153.39867215418278]","[np.float64(-33.2886574797973), np.float64(152.2115358271796)]",2026-04-23 23:19:00,273.8012190751785,1,2.8921004896926856,400.79030829450556,30.006762431409197,31.655054708463112,24.73897424158776,1,1,1,702,5,0.56875,27.013974241587757,0.28633975481611207,ELECTRE-III,1
220,0157,0,0,"[45.645805883547546, 124.31791232880289]","[np.float64(42.31104942253206), np.float64(123.8981086472852)]",2026-04-24 02:13:40,727.7440109840599,2,4.834353043554427,372.32527440288214,28.21319100405799,54.78332857783898,26.491733528503584,3,3,3,612,13,0.6900462962962963,25.80168723220729,0.9693520140105079,ELECTRE-III,1
221,0187,0,0,"[45.645805883547546, 124.31791232880289]","[np.float64(42.47926432830641), np.float64(123.9219831027428)]",2026-04-24 02:13:40,542.8699804365332,1,6.726051084288685,353.5208275454694,26.994111694168645,54.66514922972484,18.73897424158776,3,3,3,1357,3,0.6900462962962963,22.879252019365538,0.17425569176882663,ELECTRE-III,1
222,0067,0,0,"[45.05000848224733, 124.10138167173514]","[np.float64(41.88636042561298), np.float64(124.1238637797563)]",2026-04-24 02:13:50,700.1239096104841,1,6.799823359300588,351.78678478645173,26.88033095725221,55.23657310097186,30.60799578660347,1,1,1,1214,12,0.690162037037037,25.776861527344213,0.8957968476357268,ELECTRE-III,1
223,0157,0,0,"[45.05000848224733, 124.10138167173514]","[np.float64(42.31104942253206), np.float64(123.8981086472852)]",2026-04-24 02:13:50,727.7440109840599,2,4.834353043554427,304.996835393729,23.72437032858547,54.80305416416198,29.491733528503584,3,3,3,612,13,0.690162037037037,33.632705750725805,0.9693520140105079,ELECTRE-III,1
224,0187,0,0,"[45.05000848224733, 124.10138167173514]","[np.float64(42.47926432830641), np.float64(123.9219831027428)]",2026-04-24 02:13:50,542.8699804365332,1,6.726051084288685,286.2166760106311,22.41203238882068,54.684745042453606,25.73897424158776,3,3,3,1357,3,0.690162037037037,29.87994646380998,0.17425569176882663,ELECTRE-III,1
225,0011,1,0,"[44.45395836394783, 123.88844369417082]","[np.float64(41.91969639369898), np.float64(120.8825147099991)]",2026-04-24 02:14:00,842.7976719026531,1,2.204296289321375,372.50630701860723,28.224795238108847,53.61721038084271,31.607995786603468,3,3,3,1275,7,0.6902777777777778,27.466329119936802,0.4246935201401051,ELECTRE-III,1
226,0067,0,0,"[44.45395836394783, 123.88844369417082]","[np.float64(41.88636042561298), np.float64(124.1238637797563)]",2026-04-24 02:14:00,700.1239096104841,1,6.799823359300588,286.1415157558774,22.40672904411186,55.2564250457945,27.60799578660347,1,1,1,1214,12,0.6902777777777778,24.156606897714582,0.8957968476357268,ELECTRE-III,1
227,0157,0,0,"[44.45395836394783, 123.88844369417082]","[np.float64(42.31104942253206), np.float64(123.8981086472852)]",2026-04-24 02:14:00,727.7440109840599,2,4.834353043554427,238.28221875669556,18.949710895564703,54.8227524297283,24.491733528503584,3,3,3,612,13,0.6902777777777778,18.279233528503582,0.9693520140105079,ELECTRE-III,1
228,0187,0,0,"[44.45395836394783, 123.88844369417082]","[np.float64(42.47926432830641), np.float64(123.9219831027428)]",2026-04-24 02:14:00,542.8699804365332,1,6.726051084288685,219.59294476712859,17.558222708692277,54.70431353442569,18.73897424158776,3,3,3,1357,3,0.6902777777777778,21.500085352698868,0.17425569176882663,ELECTRE-III,1
229,0011,1,0,"[43.857665773932794, 123.67897545270488]","[np.float64(41.91969639369898), np.float64(120.8825147099991)]",2026-04-24 02:14:10,842.7976719026531,1,2.204296289321375,313.5604445529212,24.314223473979872,53.63889281636291,36.60799578660347,3,3,3,1275,7,0.6903935185185185,40.05996337919606,0.4246935201401051,ELECTRE-III,1
230,0067,0,0,"[43.857665773932794, 123.67897545270488]","[np.float64(41.88636042561298), np.float64(124.1238637797563)]",2026-04-24 02:14:10,700.1239096104841,1,6.799823359300588,222.17640368992687,17.751891008363415,55.276253084955044,31.60799578660347,1,1,1,1214,12,0.6903935185185185,35.05996337919606,0.8957968476357268,ELECTRE-III,1
231,0104,0,0,"[43.857665773932794, 123.67897545270488]","[np.float64(41.4578170946094), np.float64(120.3535723628824)]",2026-04-24 02:14:10,350.2509033022107,1,5.980426071455659,380.9322745686163,28.76210885567358,53.68761255571261,23.240813766198308,1,1,1,508,12,0.6903935185185185,18.408059136568678,0.8957968476357268,ELECTRE-III,1
232,0157,0,0,"[43.857665773932794, 123.67897545270488]","[np.float64(42.31104942253206), np.float64(123.8981086472852)]",2026-04-24 02:14:10,727.7440109840599,2,4.834353043554427,172.8942482552696,13.989165468278808,54.84242678963252,27.491733528503584,3,3,3,612,13,0.6903935185185185,22.658978898873954,0.9693520140105079,ELECTRE-III,1
233,0187,0,0,"[43.857665773932794, 123.67897545270488]","[np.float64(42.47926432830641), np.float64(123.9219831027428)]",2026-04-24 02:14:10,542.8699804365332,1,6.726051084288685,154.53307625751873,12.553261407244163,54.723858120735684,23.73897424158776,3,3,3,1357,3,0.6903935185185185,18.21582609343961,0.17425569176882663,ELECTRE-III,1
234,0230,0,0,"[43.857665773932794, 123.67897545270488]","[np.float64(40.80923050790108), np.float64(126.4438689717955)]",2026-04-24 02:14:10,860.5949606798911,2,3.8869866162787328,408.0531869127536,30.454374015145625,57.20076475153827,31.23345566775611,1,1,1,640,10,0.6903935185185185,36.06621029738574,0.6427320490367776,ELECTRE-III,1
235,0011,1,0,"[43.26114095748597, 123.47284034355388]","[np.float64(41.91969639369898), np.float64(120.8825147099991)]",2026-04-24 02:14:20,842.7976719026531,1,2.204296289321375,259.23827138868467,20.48278094206214,53.66055134622102,37.60799578660347,3,3,3,1275,7,0.6905092592592592,43.13206986067754,0.4246935201401051,ELECTRE-III,1
236,0067,0,0,"[43.26114095748597, 123.47284034355388]","[np.float64(41.88636042561298), np.float64(124.1238637797563)]",2026-04-24 02:14:20,700.1239096104841,1,6.799823359300588,161.8957392912162,13.131078808781963,55.296053803358916,28.60799578660347,1,1,1,1214,12,0.6905092592592592,24.464940231047915,0.8957968476357268,ELECTRE-III,1
237,0104,0,0,"[43.26114095748597, 123.47284034355388]","[np.float64(41.4578170946094), np.float64(120.3535723628824)]",2026-04-24 02:14:20,350.2509033022107,1,5.980426071455659,325.37698067050593,25.119199187362245,53.709878972406855,17.240813766198308,1,1,1,508,12,0.6905092592592592,16.55030450693905,0.8957968476357268,ELECTRE-III,1
238,0157,0,0,"[43.26114095748597, 123.47284034355388]","[np.float64(42.31104942253206), np.float64(123.8981086472852)]",2026-04-24 02:14:20,727.7440109840599,2,4.834353043554427,111.19917081539599,9.103089396224766,54.86207382878006,25.491733528503584,3,3,3,612,13,0.6905092592592592,22.03918723220729,0.9693520140105079,ELECTRE-III,1
239,0187,0,0,"[43.26114095748597, 123.47284034355388]","[np.float64(42.47926432830641), np.float64(123.9219831027428)]",2026-04-24 02:14:20,542.8699804365332,1,6.726051084288685,94.33126349753901,7.740435709382979,54.743375386288996,16.73897424158776,3,3,3,1357,3,0.6905092592592592,12.595918686032203,0.17425569176882663,ELECTRE-III,1
240,0230,0,0,"[43.26114095748597, 123.47284034355388]","[np.float64(40.80923050790108), np.float64(126.4438689717955)]",2026-04-24 02:14:20,860.5949606798911,2,3.8869866162787328,366.74612324322095,27.85433006119824,57.21978341328217,37.23345566775611,1,1,1,640,10,0.6905092592592592,37.92396492701537,0.6427320490367776,ELECTRE-III,1
241,0011,1,0,"[42.66439415989113, 123.26988810255612]","[np.float64(41.91969639369898), np.float64(120.8825147099991)]",2026-04-24 02:14:30,842.7976719026531,1,2.204296289321375,213.10527690853033,17.07005308607277,53.68218938551162,37.60799578660347,3,3,3,1275,7,0.690625,39.679870786603466,0.4246935201401051,ELECTRE-III,1
241,0011,1,0,"[42.66439415989113, 123.26988810255612]","[np.float64(41.91969639369898), np.float64(120.8825147099991)]",2026-04-24 02:14:30,842.7976719026531,1,2.204296289321375,213.10527690853033,17.07005308607277,53.68218938551162,37.60799578660347,3,3,3,1275,7,0.690625,39.679870786603466,0.4246935201401051,ELECTRE-III,1
242,0067,0,0,"[42.66439415989113, 123.26988810255612]","[np.float64(41.88636042561298), np.float64(124.1238637797563)]",2026-04-24 02:14:30,700.1239096104841,1,6.799823359300588,111.44923107756499,9.12321617483076,55.3158272010061,27.60799578660347,1,1,1,1214,12,0.690625,31.751745786603472,0.8957968476357268,ELECTRE-III,1
243,0104,0,0,"[42.66439415989113, 123.26988810255612]","[np.float64(41.4578170946094), np.float64(120.3535723628824)]",2026-04-24 02:14:30,350.2509033022107,1,5.980426071455659,275.5912766349496,21.658303409750502,53.73212831362817,25.240813766198308,1,1,1,508,12,0.690625,26.62206376619831,0.8957968476357268,ELECTRE-III,1
244,0157,0,0,"[42.66439415989113, 123.26988810255612]","[np.float64(42.31104942253206), np.float64(123.8981086472852)]",2026-04-24 02:14:30,727.7440109840599,2,4.834353043554427,64.7860381310567,5.333198714133974,54.88169696226551,28.491733528503584,3,3,3,612,13,0.690625,31.254233528503583,0.9693520140105079,ELECTRE-III,1
245,0187,0,0,"[42.66439415989113, 123.26988810255612]","[np.float64(42.47926432830641), np.float64(123.9219831027428)]",2026-04-24 02:14:30,542.8699804365332,1,6.726051084288685,57.22870349081278,4.714064896976116,54.76286874618021,24.73897424158776,3,3,3,1357,3,0.690625,27.501474241587758,0.17425569176882663,ELECTRE-III,1
246,0230,0,0,"[42.66439415989113, 123.26988810255612]","[np.float64(40.80923050790108), np.float64(126.4438689717955)]",2026-04-24 02:14:30,860.5949606798911,2,3.8869866162787328,334.4908257538809,25.732916126115438,57.23877133917481,36.23345566775611,1,1,1,640,10,0.690625,36.23345566775611,0.6427320490367776,ELECTRE-III,1
247,0011,1,0,"[42.067432211337426, 123.07002310706321]","[np.float64(41.91969639369898), np.float64(120.8825147099991)]",2026-04-24 02:14:40,842.7976719026531,1,2.204296289321375,181.5207408740358,14.657759414256876,53.70380351914013,28.607995786603468,3,3,3,1275,7,0.6907407407407408,23.772810601418282,0.4246935201401051,ELECTRE-III,1
247,0011,1,0,"[42.067432211337426, 123.07002310706321]","[np.float64(41.91969639369898), np.float64(120.8825147099991)]",2026-04-24 02:14:40,842.7976719026531,1,2.204296289321375,181.5207408740358,14.657759414256876,53.70380351914013,28.607995786603468,3,3,3,1275,7,0.6907407407407408,23.772810601418282,0.4246935201401051,ELECTRE-III,1
248,0067,0,0,"[42.067432211337426, 123.07002310706321]","[np.float64(41.88636042561298), np.float64(124.1238637797563)]",2026-04-24 02:14:40,700.1239096104841,1,6.799823359300588,89.41056621176087,7.341187095490685,55.3355766929912,26.60799578660347,1,1,1,1214,12,0.6907407407407408,24.53577356438125,0.8957968476357268,ELECTRE-III,1
249,0104,0,0,"[42.067432211337426, 123.07002310706321]","[np.float64(41.4578170946094), np.float64(120.3535723628824)]",2026-04-24 02:14:40,350.2509033022107,1,5.980426071455659,235.27061450469225,18.72700056521172,53.754350334092805,16.240813766198308,1,1,1,508,12,0.6907407407407408,10.714887840272382,0.8957968476357268,ELECTRE-III,1
250,0157,0,0,"[42.067432211337426, 123.07002310706321]","[np.float64(42.31104942253206), np.float64(123.8981086472852)]",2026-04-24 02:14:40,727.7440109840599,2,4.834353043554427,73.40500783338271,6.037777367176483,54.901292774994275,23.491733528503584,3,3,3,612,13,0.6907407407407408,26.254696491466547,0.9693520140105079,ELECTRE-III,1
251,0187,0,0,"[42.067432211337426, 123.07002310706321]","[np.float64(42.47926432830641), np.float64(123.9219831027428)]",2026-04-24 02:14:40,542.8699804365332,1,6.726051084288685,83.72953280545096,6.8793566366287004,54.782334785314745,23.73897424158776,3,3,3,1357,3,0.6907407407407408,25.81119646380998,0.17425569176882663,ELECTRE-III,1
252,0230,0,0,"[42.067432211337426, 123.07002310706321]","[np.float64(40.80923050790108), np.float64(126.4438689717955)]",2026-04-24 02:14:40,860.5949606798911,2,3.8869866162787328,314.08605117201625,24.350250159870715,57.25773194431077,38.23345566775611,1,1,1,640,10,0.6907407407407408,40.305677889978334,0.6427320490367776,ELECTRE-III,1
253,0011,1,0,"[41.47026877220321, 122.8730950929134]","[np.float64(41.91969639369898), np.float64(120.8825147099991)]",2026-04-24 02:14:50,842.7976719026531,1,2.204296289321375,172.66102693997576,13.971034758928415,53.72539374710654,35.60799578660347,3,3,3,1275,7,0.6908564814814815,29.390287453270133,0.4246935201401051,ELECTRE-III,1
253,0011,1,0,"[41.47026877220321, 122.8730950929134]","[np.float64(41.91969639369898), np.float64(120.8825147099991)]",2026-04-24 02:14:50,842.7976719026531,1,2.204296289321375,172.66102693997576,13.971034758928415,53.72539374710654,35.60799578660347,3,3,3,1275,7,0.6908564814814815,29.390287453270133,0.4246935201401051,ELECTRE-III,1
254,0050,1,0,"[41.47026877220321, 122.8730950929134]","[np.float64(38.44610500679656), np.float64(125.4308827044795)]",2026-04-24 02:14:50,155.50384168529663,1,6.90262354230698,400.7097812234062,30.00177669911423,58.630350665578625,30.488054479282486,4,4,3,991,8,0.6908564814814815,32.56062392372693,0.4816112084063047,ELECTRE-III,1
255,0067,0,0,"[41.47026877220321, 122.8730950929134]","[np.float64(41.88636042561298), np.float64(124.1238637797563)]",2026-04-24 02:14:50,700.1239096104841,1,6.799823359300588,113.71340185606063,9.305350191338281,55.355298864219606,33.60799578660347,1,1,1,1214,12,0.6908564814814815,39.13484763845532,0.8957968476357268,ELECTRE-III,1
256,0104,0,0,"[41.47026877220321, 122.8730950929134]","[np.float64(41.4578170946094), np.float64(120.3535723628824)]",2026-04-24 02:14:50,350.2509033022107,1,5.980426071455659,209.93994889998672,16.830940304694625,53.77655527908452,22.240813766198308,1,1,1,508,12,0.6908564814814815,16.713961914346456,0.8957968476357268,ELECTRE-III,1
257,0157,0,0,"[41.47026877220321, 122.8730950929134]","[np.float64(42.31104942253206), np.float64(123.8981086472852)]",2026-04-24 02:14:50,727.7440109840599,2,4.834353043554427,126.24932819897437,10.31024156630741,54.920864682060945,26.491733528503584,3,3,3,612,13,0.6908564814814815,28.564302972948028,0.9693520140105079,ELECTRE-III,1
258,0187,0,0,"[41.47026877220321, 122.8730950929134]","[np.float64(42.47926432830641), np.float64(123.9219831027428)]",2026-04-24 02:14:50,542.8699804365332,1,6.726051084288685,141.7933431957644,11.547356011022371,54.80177691878718,17.73897424158776,3,3,3,1357,3,0.6908564814814815,14.28469183418035,0.17425569176882663,ELECTRE-III,1
259,0230,0,0,"[41.47026877220321, 122.8730950929134]","[np.float64(40.80923050790108), np.float64(126.4438689717955)]",2026-04-24 02:14:50,860.5949606798911,2,3.8869866162787328,307.8991353308848,23.92488395608033,57.27666181359546,31.23345566775611,1,1,1,640,10,0.6908564814814815,36.76030751960796,0.6427320490367776,ELECTRE-III,1
260,0011,1,0,"[40.872907257583066, 122.67900843745832]","[np.float64(41.91969639369898), np.float64(120.8825147099991)]",2026-04-24 02:15:00,842.7976719026531,1,2.204296289321375,189.7395212791519,15.290982498525302,53.746963484505436,36.60799578660347,3,3,3,1275,7,0.6909722222222222,32.46216245327013,0.4246935201401051,ELECTRE-III,1
260,0011,1,0,"[40.872907257583066, 122.67900843745832]","[np.float64(41.91969639369898), np.float64(120.8825147099991)]",2026-04-24 02:15:00,842.7976719026531,1,2.204296289321375,189.7395212791519,15.290982498525302,53.746963484505436,36.60799578660347,3,3,3,1275,7,0.6909722222222222,32.46216245327013,0.4246935201401051,ELECTRE-III,1
261,0050,1,0,"[40.872907257583066, 122.67900843745832]","[np.float64(38.44610500679656), np.float64(125.4308827044795)]",2026-04-24 02:15:00,155.50384168529663,1,6.90262354230698,358.16458709392913,27.297684127351694,58.651674516167404,30.488054479282486,4,4,3,991,8,0.6909722222222222,27.724165590393596,0.4816112084063047,ELECTRE-III,1
262,0067,0,0,"[40.872907257583066, 122.67900843745832]","[np.float64(41.88636042561298), np.float64(124.1238637797563)]",2026-04-24 02:15:00,700.1239096104841,1,6.799823359300588,165.01594017756815,13.37513960692068,55.374997129785925,34.60799578660347,1,1,1,1214,12,0.6909722222222222,38.7538291199368,0.8957968476357268,ELECTRE-III,1
263,0095,0,0,"[40.872907257583066, 122.67900843745832]","[np.float64(37.3119208747503), np.float64(121.9479263981902)]",2026-04-24 02:15:00,816.3375701586458,2,7.832821746628626,400.95461951252884,30.01693399953243,57.55716402242954,24.866273647350948,2,2,2,1382,10,0.6909722222222222,25.55724586957317,0.6427320490367776,ELECTRE-III,1
264,0104,0,0,"[40.872907257583066, 122.67900843745832]","[np.float64(41.4578170946094), np.float64(120.3535723628824)]",2026-04-24 02:15:00,350.2509033022107,1,5.980426071455659,205.22993632895574,16.474021599066596,53.798736318414136,24.240813766198308,1,1,1,508,12,0.6909722222222222,28.38664709953164,0.8957968476357268,ELECTRE-III,1
265,0157,0,0,"[40.872907257583066, 122.67900843745832]","[np.float64(42.31104942253206), np.float64(123.8981086472852)]",2026-04-24 02:15:00,727.7440109840599,2,4.834353043554427,189.3384172856155,15.260166409513177,54.940409268370935,23.491733528503584,3,3,3,612,13,0.6909722222222222,18.65492797294803,0.9693520140105079,ELECTRE-III,1
266,0187,0,0,"[40.872907257583066, 122.67900843745832]","[np.float64(42.47926432830641), np.float64(123.9219831027428)]",2026-04-24 02:15:00,542.8699804365332,1,6.726051084288685,206.2990703408459,16.555155732754137,54.82119173150295,25.73897424158776,3,3,3,1357,3,0.6909722222222222,20.21119646380998,0.17425569176882663,ELECTRE-III,1
267,0230,0,0,"[40.872907257583066, 122.67900843745832]","[np.float64(40.80923050790108), np.float64(126.4438689717955)]",2026-04-24 02:15:00,860.5949606798911,2,3.8869866162787328,316.7624199349442,24.533378592514556,57.295564362123464,37.23345566775611,1,1,1,640,10,0.6909722222222222,38.615400112200554,0.6427320490367776,ELECTRE-III,1
268,0011,1,0,"[40.27535791276075, 122.4876401972929]","[np.float64(41.91969639369898), np.float64(120.8825147099991)]",2026-04-24 02:15:10,842.7976719026531,1,2.204296289321375,226.97509131738695,18.110511102926374,53.768509316242245,29.607995786603468,3,3,3,1275,7,0.6910879629629629,32.37234763845532,0.4246935201401051,ELECTRE-III,1
268,0011,1,0,"[40.27535791276075, 122.4876401972929]","[np.float64(41.91969639369898), np.float64(120.8825147099991)]",2026-04-24 02:15:10,842.7976719026531,1,2.204296289321375,226.97509131738695,18.110511102926374,53.768509316242245,29.607995786603468,3,3,3,1275,7,0.6910879629629629,32.37234763845532,0.4246935201401051,ELECTRE-III,1
269,0050,1,0,"[40.27535791276075, 122.4876401972929]","[np.float64(38.44610500679656), np.float64(125.4308827044795)]",2026-04-24 02:15:10,155.50384168529663,1,6.90262354230698,324.6217860894839,25.06806514886453,58.6729710459995,24.488054479282486,4,4,3,991,8,0.6910879629629629,27.25240633113434,0.4816112084063047,ELECTRE-III,1
270,0067,0,0,"[40.27535791276075, 122.4876401972929]","[np.float64(41.88636042561298), np.float64(124.1238637797563)]",2026-04-24 02:15:10,700.1239096104841,1,6.799823359300588,225.59524138279116,18.007539786483147,55.39466807459556,31.60799578660347,1,1,1,1214,12,0.6910879629629629,25.388204119936805,0.8957968476357268,ELECTRE-III,1
271,0095,0,0,"[40.27535791276075, 122.4876401972929]","[np.float64(37.3119208747503), np.float64(121.9479263981902)]",2026-04-24 02:15:10,816.3375701586458,2,7.832821746628626,332.8207417228276,25.620922478930346,57.581527307198975,25.866273647350948,2,2,2,1382,10,0.6910879629629629,23.79300975846206,0.6427320490367776,ELECTRE-III,1
272,0104,0,0,"[40.27535791276075, 122.4876401972929]","[np.float64(41.4578170946094), np.float64(120.3535723628824)]",2026-04-24 02:15:10,350.2509033022107,1,5.980426071455659,222.45452812501975,17.77271564913891,53.820893452081656,16.240813766198308,1,1,1,508,12,0.6910879629629629,16.93190172916127,0.8957968476357268,ELECTRE-III,1
273,0157,0,0,"[40.27535791276075, 122.4876401972929]","[np.float64(42.31104942253206), np.float64(123.8981086472852)]",2026-04-24 02:15:10,727.7440109840599,2,4.834353043554427,255.18442279298654,20.18852038618235,54.959926533924246,22.491733528503584,3,3,3,612,13,0.6910879629629629,21.80064556554062,0.9693520140105079,ELECTRE-III,1
274,0187,0,0,"[40.27535791276075, 122.4876401972929]","[np.float64(42.47926432830641), np.float64(123.9219831027428)]",2026-04-24 02:15:10,542.8699804365332,1,6.726051084288685,272.71387586568176,21.452815445977837,54.84058263855661,24.73897424158776,3,3,3,1357,3,0.6910879629629629,20.59244646380998,0.17425569176882663,ELECTRE-III,1
275,0230,0,0,"[40.27535791276075, 122.4876401972929]","[np.float64(40.80923050790108), np.float64(126.4438689717955)]",2026-04-24 02:15:10,860.5949606798911,2,3.8869866162787328,339.50009503124784,26.067566859756575,57.314432759705625,34.23345566775611,1,1,1,640,10,0.6910879629629629,40.45324733442278,0.6427320490367776,ELECTRE-III,1
276,0011,1,0,"[39.67762756792542, 122.29890841014712]","[np.float64(41.91969639369898), np.float64(120.8825147099991)]",2026-04-24 02:15:20,842.7976719026531,1,2.204296289321375,276.33798682779945,21.711534028293485,53.79003124231696,37.60799578660347,3,3,3,1275,7,0.6912037037037037,31.387162453270136,0.4246935201401051,ELECTRE-III,1
277,0050,1,0,"[39.67762756792542, 122.29890841014712]","[np.float64(38.44610500679656), np.float64(125.4308827044795)]",2026-04-24 02:15:20,155.50384168529663,1,6.90262354230698,303.0832954586002,23.59182943733836,58.694240255074924,28.488054479282486,4,4,3,991,8,0.6912037037037037,29.870461886689892,0.4816112084063047,ELECTRE-III,1
277,0050,1,0,"[39.67762756792542, 122.29890841014712]","[np.float64(38.44610500679656), np.float64(125.4308827044795)]",2026-04-24 02:15:20,155.50384168529663,1,6.90262354230698,303.0832954586002,23.59182943733836,58.694240255074924,28.488054479282486,4,4,3,991,8,0.6912037037037037,29.870461886689892,0.4816112084063047,ELECTRE-III,1
278,0067,0,0,"[39.67762756792542, 122.29890841014712]","[np.float64(41.88636042561298), np.float64(124.1238637797563)]",2026-04-24 02:15:20,700.1239096104841,1,6.799823359300588,289.688182526616,22.65654167394905,55.41431169864852,31.60799578660347,1,1,1,1214,12,0.6912037037037037,27.46077356438125,0.8957968476357268,ELECTRE-III,1
279,0095,0,0,"[39.67762756792542, 122.29890841014712]","[np.float64(37.3119208747503), np.float64(121.9479263981902)]",2026-04-24 02:15:20,816.3375701586458,2,7.832821746628626,264.8217270500408,20.88622935566364,57.6058701014009,26.866273647350948,2,2,2,1382,10,0.6912037037037037,19.954236610313913,0.6427320490367776,ELECTRE-III,1
280,0104,0,0,"[39.67762756792542, 122.29890841014712]","[np.float64(41.4578170946094), np.float64(120.3535723628824)]",2026-04-24 02:15:20,350.2509033022107,1,5.980426071455659,257.247163438293,20.33839048564558,53.84303009518167,20.240813766198308,1,1,1,508,12,0.6912037037037037,16.78479524767979,0.8957968476357268,ELECTRE-III,1
281,0157,0,0,"[39.67762756792542, 122.29890841014712]","[np.float64(42.31104942253206), np.float64(123.8981086472852)]",2026-04-24 02:15:20,727.7440109840599,2,4.834353043554427,322.1006366589561,24.89704948326099,54.97941989381546,25.491733528503584,3,3,3,612,13,0.6912037037037037,28.947752047022103,0.9693520140105079,ELECTRE-III,1
282,0187,0,0,"[39.67762756792542, 122.29890841014712]","[np.float64(42.47926432830641), np.float64(123.9219831027428)]",2026-04-24 02:15:20,542.8699804365332,1,6.726051084288685,339.9202454392338,26.095549210054106,54.8599462248536,19.73897424158776,3,3,3,1357,3,0.6912037037037037,19.73897424158776,0.17425569176882663,ELECTRE-III,1
283,0230,0,0,"[39.67762756792542, 122.29890841014712]","[np.float64(40.80923050790108), np.float64(126.4438689717955)]",2026-04-24 02:15:20,860.5949606798911,2,3.8869866162787328,373.5854791262584,28.29391808750945,57.333277251625695,36.23345566775611,1,1,1,640,10,0.6912037037037037,34.851048260348705,0.6427320490367776,ELECTRE-III,1
284,0011,1,0,"[39.079726468360846, 122.11270379299422]","[np.float64(41.91969639369898), np.float64(120.8825147099991)]",2026-04-24 02:15:30,842.7976719026531,1,2.204296289321375,332.4696752706068,25.597353656436113,53.811532677824154,34.60799578660347,3,3,3,1275,7,0.6913194444444445,29.077440231047913,0.4246935201401051,ELECTRE-III,1
285,0050,1,0,"[39.079726468360846, 122.11270379299422]","[np.float64(38.44610500679656), np.float64(125.4308827044795)]",2026-04-24 02:15:30,155.50384168529663,1,6.90262354230698,296.18013518434464,23.111458000315608,58.71547531320449,23.488054479282486,4,4,3,991,8,0.6913194444444445,21.414096145949152,0.4816112084063047,ELECTRE-III,1
285,0050,1,0,"[39.079726468360846, 122.11270379299422]","[np.float64(38.44610500679656), np.float64(125.4308827044795)]",2026-04-24 02:15:30,155.50384168529663,1,6.90262354230698,296.18013518434464,23.111458000315608,58.71547531320449,23.488054479282486,4,4,3,991,8,0.6913194444444445,21.414096145949152,0.4816112084063047,ELECTRE-III,1
286,0067,0,0,"[39.079726468360846, 122.11270379299422]","[np.float64(41.88636042561298), np.float64(124.1238637797563)]",2026-04-24 02:15:30,700.1239096104841,1,6.799823359300588,355.39898547111216,27.1170895030021,55.433931417039375,30.60799578660347,1,1,1,1214,12,0.6913194444444445,25.768759675492362,0.8957968476357268,ELECTRE-III,1
287,0082,0,0,"[39.079726468360846, 122.11270379299422]","[np.float64(38.67095578523463), np.float64(117.4329344527677)]",2026-04-24 02:15:30,868.8145287731269,2,3.1033761351500835,407.6082344366922,30.42706875814834,54.04460605306167,28.10983531121402,3,3,3,532,6,0.6913194444444445,24.6532380889918,0.37215411558669004,ELECTRE-III,1
288,0095,0,0,"[39.079726468360846, 122.11270379299422]","[np.float64(37.3119208747503), np.float64(121.9479263981902)]",2026-04-24 02:15:30,816.3375701586458,2,7.832821746628626,197.09788172166748,15.854690189963547,57.630185574846145,19.866273647350948,2,2,2,1382,10,0.6913194444444445,26.08814864735095,0.6427320490367776,ELECTRE-III,1
289,0104,0,0,"[39.079726468360846, 122.11270379299422]","[np.float64(41.4578170946094), np.float64(120.3535723628824)]",2026-04-24 02:15:30,350.2509033022107,1,5.980426071455659,303.6274458531406,23.629547216372845,53.86514283261958,19.240813766198308,1,1,1,508,12,0.6913194444444445,22.006091543976087,0.8957968476357268,ELECTRE-III,1
290,0157,0,0,"[39.079726468360846, 122.11270379299422]","[np.float64(42.31104942253206), np.float64(123.8981086472852)]",2026-04-24 02:15:30,727.7440109840599,2,4.834353043554427,389.5359948599208,29.30510793650314,54.998889348044585,25.491733528503584,3,3,3,612,13,0.6913194444444445,29.63965019517025,0.9693520140105079,ELECTRE-III,1
291,0187,0,0,"[39.079726468360846, 122.11270379299422]","[np.float64(42.47926432830641), np.float64(123.9219831027428)]",2026-04-24 02:15:30,542.8699804365332,1,6.726051084288685,407.5268185790998,30.422070881870955,54.879282490393905,23.73897424158776,3,3,3,1357,3,0.6913194444444445,20.282377019365537,0.17425569176882663,ELECTRE-III,1
292,0011,1,0,"[38.48165802916161, 121.92893072318586]","[np.float64(41.91969639369898), np.float64(120.8825147099991)]",2026-04-24 02:15:40,842.7976719026531,1,2.204296289321375,392.47742844646996,29.489437195612158,53.83301020766926,30.607995786603468,3,3,3,1275,7,0.6914351851851852,24.3850791199368,0.4246935201401051,ELECTRE-III,1
293,0050,1,0,"[38.48165802916161, 121.92893072318586]","[np.float64(38.44610500679656), np.float64(125.4308827044795)]",2026-04-24 02:15:40,155.50384168529663,1,6.90262354230698,304.907492804887,23.71818801596285,58.73668305057738,28.488054479282486,4,4,3,991,8,0.6914351851851852,34.01953596076397,0.4816112084063047,ELECTRE-III,1
293,0050,1,0,"[38.48165802916161, 121.92893072318586]","[np.float64(38.44610500679656), np.float64(125.4308827044795)]",2026-04-24 02:15:40,155.50384168529663,1,6.90262354230698,304.907492804887,23.71818801596285,58.73668305057738,28.488054479282486,4,4,3,991,8,0.6914351851851852,34.01953596076397,0.4816112084063047,ELECTRE-III,1
294,0082,0,0,"[38.48165802916161, 121.92893072318586]","[np.float64(38.67095578523463), np.float64(117.4329344527677)]",2026-04-24 02:15:40,868.8145287731269,2,3.1033761351500835,391.3635053605632,29.419710180666065,54.07017486621961,25.10983531121402,3,3,3,532,6,0.6914351851851852,21.652659385288093,0.37215411558669004,ELECTRE-III,1
295,0095,0,0,"[38.48165802916161, 121.92893072318586]","[np.float64(37.3119208747503), np.float64(121.9479263981902)]",2026-04-24 02:15:40,816.3375701586458,2,7.832821746628626,130.07969908981815,10.616042264891156,57.654473727534715,27.866273647350948,2,2,2,1382,10,0.6914351851851852,23.02622735105465,0.6427320490367776,ELECTRE-III,1
296,0104,0,0,"[38.48165802916161, 121.92893072318586]","[np.float64(41.4578170946094), np.float64(120.3535723628824)]",2026-04-24 02:15:40,350.2509033022107,1,5.980426071455659,357.1095501084648,27.228858944844532,53.88723507948999,18.240813766198308,1,1,1,508,12,0.6914351851851852,24.463730432864974,0.8957968476357268,ELECTRE-III,1
297,0050,1,0,"[37.88342908051687, 121.74749357807364]","[np.float64(38.44610500679656), np.float64(125.4308827044795)]",2026-04-24 02:15:50,155.50384168529663,1,6.90262354230698,328.0202696167175,25.29783872520312,58.757863467193594,21.488054479282486,4,4,3,991,8,0.6915509259259259,27.712012812615818,0.4816112084063047,ELECTRE-III,1
298,0082,0,0,"[37.88342908051687, 121.74749357807364]","[np.float64(38.67095578523463), np.float64(117.4329344527677)]",2026-04-24 02:15:50,868.8145287731269,2,3.1033761351500835,386.625798005724,29.122078658360493,54.09572660390463,21.10983531121402,3,3,3,532,6,0.6915509259259259,21.801386237139948,0.37215411558669004,ELECTRE-III,1
299,0095,0,0,"[37.88342908051687, 121.74749357807364]","[np.float64(37.3119208747503), np.float64(121.9479263981902)]",2026-04-24 02:15:50,816.3375701586458,2,7.832821746628626,65.95662004944133,5.4289905519788615,57.67874138965577,18.866273647350948,2,2,2,1382,10,0.6915509259259259,20.940926425128726,0.6427320490367776,ELECTRE-III,1
300,0050,1,0,"[37.28504645261581, 121.56831039538753]","[np.float64(38.44610500679656), np.float64(125.4308827044795)]",2026-04-24 02:16:00,155.50384168529663,1,6.90262354230698,362.77867871603235,27.59768176649738,58.77901656305312,26.488054479282486,4,4,3,991,8,0.6916666666666667,22.338054479282484,0.4816112084063047,ELECTRE-III,1
301,0082,0,0,"[37.28504645261581, 121.56831039538753]","[np.float64(38.67095578523463), np.float64(117.4329344527677)]",2026-04-24 02:16:00,868.8145287731269,2,3.1033761351500835,393.8121619128197,29.572859807634025,54.121257851022136,24.10983531121402,3,3,3,532,6,0.6916666666666667,25.493168644547353,0.37215411558669004,ELECTRE-III,1
302,0095,0,0,"[37.28504645261581, 121.56831039538753]","[np.float64(37.3119208747503), np.float64(121.9479263981902)]",2026-04-24 02:16:00,816.3375701586458,2,7.832821746628626,33.71143749381437,2.7809885293220415,57.70298856120931,20.866273647350948,2,2,2,1382,10,0.6916666666666667,13.949606980684282,0.6427320490367776,ELECTRE-III,1
303,0050,1,0,"[36.686520390742174, 121.39129921285748]","[np.float64(38.44610500679656), np.float64(125.4308827044795)]",2026-04-24 02:16:10,155.50384168529663,1,6.90262354230698,406.20352076521726,30.34076578172473,58.80014233815597,26.488054479282486,4,4,3,991,8,0.6917824074074074,31.33053133113434,0.4816112084063047,ELECTRE-III,1
304,0095,0,0,"[36.686520390742174, 121.39129921285748]","[np.float64(37.3119208747503), np.float64(121.9479263981902)]",2026-04-24 02:16:10,816.3375701586458,2,7.832821746628626,85.31944131924725,7.0086988501294085,57.727201581817006,25.866273647350948,2,2,2,1382,10,0.6917824074074074,25.17449123994354,0.6427320490367776,ELECTRE-III,1
305,0095,0,0,"[36.08785089489597, 121.21639172859179]","[np.float64(37.3119208747503), np.float64(121.9479263981902)]",2026-04-24 02:16:20,816.3375701586458,2,7.832821746628626,150.92762802125344,12.269350924107323,57.75140094204637,22.866273647350948,2,2,2,1382,10,0.6918981481481481,22.1743754992028,0.6427320490367776,ELECTRE-III,1
306,0098,0,0,"[36.08785089489597, 121.21639172859179]","[np.float64(32.69628746891861), np.float64(119.6963530809259)]",2026-04-24 02:16:20,102.3550156718905,1,5.361257264226777,402.0727891939001,30.08609809008076,59.198547272442816,15.989894003893035,3,3,3,716,10,0.6918981481481481,17.37369030018933,0.6427320490367776,ELECTRE-III,1
307,0095,0,0,"[35.489044795266366, 121.04349231994209]","[np.float64(37.3119208747503), np.float64(121.9479263981902)]",2026-04-24 02:16:30,816.3375701586458,2,7.832821746628626,218.2568414283791,17.45789901093309,57.77557298151904,25.866273647350948,2,2,2,1382,10,0.6920138888888889,19.638148647350945,0.6427320490367776,ELECTRE-III,1
308,0098,0,0,"[35.489044795266366, 121.04349231994209]","[np.float64(32.69628746891861), np.float64(119.6963530809259)]",2026-04-24 02:16:30,102.3550156718905,1,5.361257264226777,334.38996782141055,25.726158698413666,59.22758240660454,17.989894003893035,3,3,3,716,10,0.6920138888888889,11.069755115004146,0.6427320490367776,ELECTRE-III,1
309,006,0,0,"[34.890108922042536, 120.87253268501667]","[np.float64(33.52130367124232), np.float64(116.8063769611798)]",2026-04-24 02:16:40,345.5115250472041,1,6.1364678572869265,403.6755266683396,30.18506651830498,56.7775867211318,19.491733528503584,2,2,2,535,12,0.6921296296296297,18.107474269244324,0.8957968476357268,ELECTRE-III,1
310,0095,0,0,"[34.890108922042536, 120.87253268501667]","[np.float64(37.3119208747503), np.float64(121.9479263981902)]",2026-04-24 02:16:40,816.3375701586458,2,7.832821746628626,286.0946856048969,22.403424480824516,57.799717700235036,18.866273647350948,2,2,2,1382,10,0.6921296296296297,17.482014388091688,0.6427320490367776,ELECTRE-III,1
311,0098,0,0,"[34.890108922042536, 120.87253268501667]","[np.float64(32.69628746891861), np.float64(119.6963530809259)]",2026-04-24 02:16:40,102.3550156718905,1,5.361257264226777,267.0535943266415,21.046897212232942,59.256590220009585,21.989894003893035,3,3,3,716,10,0.6921296296296297,18.529245855744886,0.6427320490367776,ELECTRE-III,1
312,006,0,0,"[34.29105010541364, 120.70345818230217]","[np.float64(33.52130367124232), np.float64(116.8063769611798)]",2026-04-24 02:16:50,345.5115250472041,1,6.1364678572869265,369.6658505264825,28.042430676554215,56.80716144023795,21.491733528503584,2,2,2,535,12,0.6922453703703704,15.953770565540621,0.8957968476357268,ELECTRE-III,1
313,0054,0,0,"[34.29105010541364, 120.70345818230217]","[np.float64(34.61739668939556), np.float64(116.3428955214736)]",2026-04-24 02:16:50,2.9353718277299823,1,4.46186356977717,401.4272862314195,30.04618246207352,55.8992141485844,17.866273647350948,2,2,2,1008,8,0.6922453703703704,13.712801425128726,0.4816112084063047,ELECTRE-III,1
314,0095,0,0,"[34.29105010541364, 120.70345818230217]","[np.float64(37.3119208747503), np.float64(121.9479263981902)]",2026-04-24 02:16:50,816.3375701586458,2,7.832821746628626,354.14853147363374,27.0352424166242,57.823841928383516,19.866273647350948,2,2,2,1382,10,0.6922453703703704,21.943009758462058,0.6427320490367776,ELECTRE-III,1
315,0098,0,0,"[34.29105010541364, 120.70345818230217]","[np.float64(32.69628746891861), np.float64(119.6963530809259)]",2026-04-24 02:16:50,102.3550156718905,1,5.361257264226777,200.41482083272973,16.10777413086474,59.285584373036286,18.989894003893035,3,3,3,716,10,0.6922453703703704,18.989894003893035,0.6427320490367776,ELECTRE-III,1
316,0158,0,0,"[34.29105010541364, 120.70345818230217]","[np.float64(32.03152290944963), np.float64(117.6013326805834)]",2026-04-24 02:16:50,491.8244020313724,1,4.897678601440657,382.7250178338528,28.87572381615196,58.15054353676357,22.866273647350948,2,2,2,872,9,0.6922453703703704,16.636065314017614,0.5507880910683012,ELECTRE-III,1
317,006,0,0,"[33.69187176047427, 120.53618684952856]","[np.float64(33.52130367124232), np.float64(116.8063769611798)]",2026-04-24 02:17:00,345.5115250472041,1,6.1364678572869265,345.91782623990764,26.493532266536935,56.8367156687766,17.491733528503584,2,2,2,535,12,0.6923611111111111,11.952844639614696,0.8957968476357268,ELECTRE-III,1
318,0054,0,0,"[33.69187176047427, 120.53618684952856]","[np.float64(34.61739668939556), np.float64(116.3428955214736)]",2026-04-24 02:17:00,2.9353718277299823,1,4.46186356977717,399.305857612735,29.914774020524412,55.92812975443565,17.866273647350948,2,2,2,1008,8,0.6923611111111111,15.789190314017613,0.4816112084063047,ELECTRE-III,1
319,0098,0,0,"[33.69187176047427, 120.53618684952856]","[np.float64(32.69628746891861), np.float64(119.6963530809259)]",2026-04-24 02:17:00,102.3550156718905,1,5.361257264226777,135.5062293246887,11.048224638942713,59.31455803549548,19.989894003893035,3,3,3,716,10,0.6923611111111111,17.9128106705597,0.6427320490367776,ELECTRE-III,1
320,0158,0,0,"[33.69187176047427, 120.53618684952856]","[np.float64(32.03152290944963), np.float64(117.6013326805834)]",2026-04-24 02:17:00,491.8244020313724,1,4.897678601440657,330.4712164157092,25.463010314823283,58.180924218191784,22.866273647350948,2,2,2,872,9,0.6923611111111111,18.712106980684283,0.5507880910683012,ELECTRE-III,1
321,006,0,0,"[33.09257388722443, 120.37065038480414]","[np.float64(33.52130367124232), np.float64(116.8063769611798)]",2026-04-24 02:17:10,345.5115250472041,1,6.1364678572869265,334.624306689711,25.74185809661473,56.8662562369369,17.491733528503584,2,2,2,535,12,0.6924768518518518,13.336872417392474,0.8957968476357268,ELECTRE-III,1
322,0098,0,0,"[33.09257388722443, 120.37065038480414]","[np.float64(32.69628746891861), np.float64(119.6963530809259)]",2026-04-24 02:17:10,102.3550156718905,1,5.361257264226777,76.84609673476947,6.318578402978703,59.34351120738717,18.989894003893035,3,3,3,716,10,0.6924768518518518,24.52970881870785,0.6427320490367776,ELECTRE-III,1
323,0158,0,0,"[33.09257388722443, 120.37065038480414]","[np.float64(32.03152290944963), np.float64(117.6013326805834)]",2026-04-24 02:17:10,491.8244020313724,1,4.897678601440657,285.07523010006616,22.331447812782994,58.21129123924166,23.866273647350948,2,2,2,872,9,0.6924768518518518,19.018935684387984,0.5507880910683012,ELECTRE-III,1
324,006,0,0,"[32.49317014604245, 120.20679414661552]","[np.float64(33.52130367124232), np.float64(116.8063769611798)]",2026-04-24 02:17:20,345.5115250472041,1,6.1364678572869265,337.0413540336954,25.903544681305533,56.89578314471887,23.491733528503584,2,2,2,535,12,0.6925925925925925,24.87691871368877,0.8957968476357268,ELECTRE-III,1
325,0098,0,0,"[32.49317014604245, 120.20679414661552]","[np.float64(32.69628746891861), np.float64(119.6963530809259)]",2026-04-24 02:17:20,102.3550156718905,1,5.361257264226777,52.884549866390174,4.357661162972342,59.37244388871134,23.989894003893035,3,3,3,716,10,0.6925925925925925,28.838042152041183,0.6427320490367776,ELECTRE-III,1
326,0158,0,0,"[32.49317014604245, 120.20679414661552]","[np.float64(32.03152290944963), np.float64(117.6013326805834)]",2026-04-24 02:17:20,491.8244020313724,1,4.897678601440657,250.29920753092853,19.832431247483132,58.24163776972403,21.866273647350948,2,2,2,872,9,0.6925925925925925,19.78849586957317,0.5507880910683012,ELECTRE-III,1
327,006,0,0,"[31.89365712183375, 120.04456349344939]","[np.float64(33.52130367124232), np.float64(116.8063769611798)]",2026-04-24 02:17:30,345.5115250472041,1,6.1364678572869265,352.88894065284217,26.952676475355553,56.92528956193332,21.491733528503584,2,2,2,535,12,0.6927083333333334,19.413608528503584,0.8957968476357268,ELECTRE-III,1
328,0098,0,0,"[31.89365712183375, 120.04456349344939]","[np.float64(32.69628746891861), np.float64(119.6963530809259)]",2026-04-24 02:17:30,102.3550156718905,1,5.361257264226777,95.06050977154398,7.799540925616045,59.40136290965717,16.989894003893035,3,3,3,716,10,0.6927083333333334,13.526352337226367,0.6427320490367776,ELECTRE-III,1
329,0110,0,0,"[31.89365712183375, 120.04456349344939]","[np.float64(28.5374291168838), np.float64(121.4051091053946)]",2026-04-24 02:17:30,541.2771598779057,1,5.703666135382534,395.4188786881725,29.673099191615183,62.879240593514304,15.866273647350948,3,3,3,1000,2,0.6927083333333334,18.63710698068428,0.05166374781085814,ELECTRE-III,1
330,0158,0,0,"[31.89365712183375, 120.04456349344939]","[np.float64(32.03152290944963), np.float64(117.6013326805834)]",2026-04-24 02:17:30,491.8244020313724,1,4.897678601440657,230.9918743899333,18.409573694797285,58.271970639828055,14.866273647350948,2,2,2,872,9,0.6927083333333334,19.022523647350948,0.5507880910683012,ELECTRE-III,1
331,006,0,0,"[31.294045059882087, 119.883890123414]","[np.float64(33.52130367124232), np.float64(116.8063769611798)]",2026-04-24 02:17:40,345.5115250472041,1,6.1364678572869265,380.49243160215985,28.73419597341487,56.95478231876944,15.491733528503584,2,2,2,535,12,0.6928240740740741,18.26302982479988,0.8957968476357268,ELECTRE-III,1
332,0098,0,0,"[31.294045059882087, 119.883890123414]","[np.float64(32.69628746891861), np.float64(119.6963530809259)]",2026-04-24 02:17:40,102.3550156718905,1,5.361257264226777,156.92213107133858,12.741043551305635,59.43025460984633,20.989894003893035,3,3,3,716,10,0.6928240740740741,14.75447733722637,0.6427320490367776,ELECTRE-III,1
333,0110,0,0,"[31.294045059882087, 119.883890123414]","[np.float64(28.5374291168838), np.float64(121.4051091053946)]",2026-04-24 02:17:40,541.2771598779057,1,5.703666135382534,339.768996586,26.08547745776915,62.91080289766894,19.866273647350948,3,3,3,1000,2,0.6928240740740741,17.787801425128727,0.05166374781085814,ELECTRE-III,1
334,0152,0,0,"[31.294045059882087, 119.883890123414]","[np.float64(29.27507257923314), np.float64(116.4343897648193)]",2026-04-24 02:17:40,629.1211033412678,1,3.3142101991040214,400.0964597009967,29.963787228053626,58.72496927615081,30.484375430061384,3,3,3,1000,3,0.6928240740740741,36.026968022653975,0.17425569176882663,ELECTRE-III,1
335,0158,0,0,"[31.294045059882087, 119.883890123414]","[np.float64(32.03152290944963), np.float64(117.6013326805834)]",2026-04-24 02:17:40,491.8244020313724,1,4.897678601440657,231.0641173561822,18.414942971991664,58.302289849553745,20.866273647350948,2,2,2,872,9,0.6928240740740741,26.408866239943542,0.5507880910683012,ELECTRE-III,1
336,0098,0,0,"[30.694333960187457, 119.72473305537437]","[np.float64(32.69628746891861), np.float64(119.6963530809259)]",2026-04-24 02:17:50,102.3550156718905,1,5.361257264226777,222.62357721090973,17.78537087407212,59.45913264965714,19.989894003893035,3,3,3,716,10,0.6929398148148148,16.525194929818962,0.6427320490367776,ELECTRE-III,1
337,0110,0,0,"[30.694333960187457, 119.72473305537437]","[np.float64(28.5374291168838), np.float64(121.4051091053946)]",2026-04-24 02:17:50,541.2771598779057,1,5.703666135382534,289.65801994097546,22.654420958756845,62.942337881066884,17.866273647350948,3,3,3,1000,2,0.6929398148148148,15.094514388091689,0.05166374781085814,ELECTRE-III,1
338,0152,0,0,"[30.694333960187457, 119.72473305537437]","[np.float64(29.27507257923314), np.float64(116.4343897648193)]",2026-04-24 02:17:50,629.1211033412678,1,3.3142101991040214,353.99853915733473,27.0254168068377,58.7577473539777,25.484375430061384,3,3,3,1000,3,0.6929398148148148,23.40555598561694,0.17425569176882663,ELECTRE-III,1
339,0158,0,0,"[30.694333960187457, 119.72473305537437]","[np.float64(32.03152290944963), np.float64(117.6013326805834)]",2026-04-24 02:17:50,491.8244020313724,1,4.897678601440657,250.5014103049486,19.847201975528147,58.33259539890109,23.866273647350948,2,2,2,872,9,0.6929398148148148,30.102731980684283,0.5507880910683012,ELECTRE-III,1
340,0098,0,0,"[30.09453065293903, 119.56702398743877]","[np.float64(32.69628746891861), np.float64(119.6963530809259)]",2026-04-24 02:18:00,102.3550156718905,1,5.361257264226777,289.5627801109724,22.647724267388405,59.48799019890045,14.989894003893035,3,3,3,716,10,0.6930555555555555,21.227394003893036,0.6427320490367776,ELECTRE-III,1
341,0110,0,0,"[30.09453065293903, 119.56702398743877]","[np.float64(28.5374291168838), np.float64(121.4051091053946)]",2026-04-24 02:18:00,541.2771598779057,1,5.703666135382534,248.46090701893397,19.69801920142468,62.973859204086494,21.866273647350948,3,3,3,1000,2,0.6930555555555555,17.01488475846206,0.05166374781085814,ELECTRE-III,1
342,0152,0,0,"[30.09453065293903, 119.56702398743877]","[np.float64(29.27507257923314), np.float64(116.4343897648193)]",2026-04-24 02:18:00,629.1211033412678,1,3.3142101991040214,316.02615507459353,24.483053308449023,58.79051177142625,28.484375430061384,3,3,3,1000,3,0.6930555555555555,21.553819874505827,0.17425569176882663,ELECTRE-III,1
343,0158,0,0,"[30.09453065293903, 119.56702398743877]","[np.float64(32.03152290944963), np.float64(117.6013326805834)]",2026-04-24 02:18:00,491.8244020313724,1,4.897678601440657,285.37352304024046,22.35251590488644,58.36287362749175,18.866273647350948,2,2,2,872,9,0.6930555555555555,11.935718091795392,0.5507880910683012,ELECTRE-III,1
344,0098,0,0,"[29.49463513813681, 119.41070827809386]","[np.float64(32.69628746891861), np.float64(119.6963530809259)]",2026-04-24 02:18:10,102.3550156718905,1,5.361257264226777,357.04487163108337,27.224636882174828,59.51682725757624,17.989894003893035,3,3,3,716,10,0.6931712962962963,11.751352337226368,0.6427320490367776,ELECTRE-III,1
345,0110,0,0,"[29.49463513813681, 119.41070827809386]","[np.float64(28.5374291168838), np.float64(121.4051091053946)]",2026-04-24 02:18:10,541.2771598779057,1,5.703666135382534,221.21453442282157,17.679833445707715,63.00536003653859,24.866273647350948,3,3,3,1000,2,0.6931712962962963,20.70724586957317,0.05166374781085814,ELECTRE-III,1
346,0152,0,0,"[29.49463513813681, 119.41070827809386]","[np.float64(29.27507257923314), np.float64(116.4343897648193)]",2026-04-24 02:18:10,629.1211033412678,1,3.3142101991040214,289.3963935910631,22.636023401818818,58.823269358685636,32.484375430061384,3,3,3,1000,3,0.6931712962962963,25.552662467098422,0.17425569176882663,ELECTRE-III,1
347,0158,0,0,"[29.49463513813681, 119.41070827809386]","[np.float64(32.03152290944963), np.float64(117.6013326805834)]",2026-04-24 02:18:10,491.8244020313724,1,4.897678601440657,330.836042163923,25.487557615814694,58.393145025893254,19.866273647350948,2,2,2,872,9,0.6931712962962963,16.400417165869467,0.5507880910683012,ELECTRE-III,1
348,0110,0,0,"[28.894654245969967, 119.25575860658296]","[np.float64(28.5374291168838), np.float64(121.4051091053946)]",2026-04-24 02:18:20,541.2771598779057,1,5.703666135382534,213.33052523099167,17.08704539526297,63.03684037842318,18.866273647350948,3,3,3,1000,2,0.6932870370370371,20.25284772142502,0.05166374781085814,ELECTRE-III,1
349,0152,0,0,"[28.894654245969967, 119.25575860658296]","[np.float64(29.27507257923314), np.float64(116.4343897648193)]",2026-04-24 02:18:20,629.1211033412678,1,3.3142101991040214,277.3988418342483,21.787091358363647,58.856013285566675,30.484375430061384,3,3,3,1000,3,0.6932870370370371,36.72395876339472,0.17425569176882663,ELECTRE-III,1
350,0158,0,0,"[28.894654245969967, 119.25575860658296]","[np.float64(32.03152290944963), np.float64(117.6013326805834)]",2026-04-24 02:18:20,491.8244020313724,1,4.897678601440657,383.13879173511805,28.901911489073747,58.423395933727235,21.866273647350948,2,2,2,872,9,0.6932870370370371,24.639421795499096,0.5507880910683012,ELECTRE-III,1
351,0110,0,0,"[28.29458968398579, 119.10210667101434]","[np.float64(28.5374291168838), np.float64(121.4051091053946)]",2026-04-24 02:18:30,541.2771598779057,1,5.703666135382534,226.83776949012358,18.10026887017322,63.06830705992943,22.866273647350948,3,3,3,1000,2,0.6934027777777778,18.70585698068428,0.05166374781085814,ELECTRE-III,1
352,0152,0,0,"[28.29458968398579, 119.10210667101434]","[np.float64(29.27507257923314), np.float64(116.4343897648193)]",2026-04-24 02:18:30,629.1211033412678,1,3.3142101991040214,281.9069214121708,22.107281404320137,58.88873672188021,26.484375430061384,3,3,3,1000,3,0.6934027777777778,27.17777820783916,0.17425569176882663,ELECTRE-III,1
353,0110,0,0,"[27.694446574826156, 118.94971149025302]","[np.float64(28.5374291168838), np.float64(121.4051091053946)]",2026-04-24 02:18:40,541.2771598779057,1,5.703666135382534,258.4022732340778,20.42218931028036,63.09975325086817,16.866273647350948,3,3,3,1000,2,0.6935185185185185,22.414421795499095,0.05166374781085814,ELECTRE-III,1
354,0152,0,0,"[27.694446574826156, 118.94971149025302]","[np.float64(29.27507257923314), np.float64(116.4343897648193)]",2026-04-24 02:18:40,629.1211033412678,1,3.3142101991040214,302.18421349545883,23.529462040339133,58.92145332800457,25.484375430061384,3,3,3,1000,3,0.6935185185185185,20.629745800431756,0.17425569176882663,ELECTRE-III,1
355,0234,0,0,"[27.694446574826156, 118.94971149025302]","[np.float64(24.95132726412128), np.float64(121.5155137560773)]",2026-04-24 02:18:40,258.00752133492557,1,3.420236539254179,398.00446323711526,29.8339891749971,64.85604760347773,29.60799578660347,4,4,3,947,5,0.6935185185185185,29.60799578660347,0.28633975481611207,ELECTRE-III,1
356,0110,0,0,"[27.094228333585654, 118.79851842278562]","[np.float64(28.5374291168838), np.float64(121.4051091053946)]",2026-04-24 02:18:50,541.2771598779057,1,5.703666135382534,302.42208154709925,23.545968199047373,63.1311789512394,19.866273647350948,3,3,3,1000,2,0.6936342592592593,26.10898198068428,0.05166374781085814,ELECTRE-III,1
357,0152,0,0,"[27.094228333585654, 118.79851842278562]","[np.float64(29.27507257923314), np.float64(116.4343897648193)]",2026-04-24 02:18:50,629.1211033412678,1,3.3142101991040214,335.38267456753726,25.792636086885032,58.95415627375059,32.484375430061384,3,3,3,1000,3,0.6936342592592593,30.403472652283607,0.17425569176882663,ELECTRE-III,1
358,0234,0,0,"[27.094228333585654, 118.79851842278562]","[np.float64(24.95132726412128), np.float64(121.5155137560773)]",2026-04-24 02:18:50,258.00752133492557,1,3.420236539254179,361.20029214581643,27.495242337028927,64.89043077575958,31.60799578660347,4,4,3,947,5,0.6936342592592593,28.139824490307173,0.28633975481611207,ELECTRE-III,1
359,0110,0,0,"[26.49393666781157, 118.6485138082338]","[np.float64(28.5374291168838), np.float64(121.4051091053946)]",2026-04-24 02:19:00,541.2771598779057,1,5.703666135382534,354.28194864828254,27.04398078674613,63.162590991232285,22.866273647350948,3,3,3,1000,2,0.69375,25.641273647350946,0.05166374781085814,ELECTRE-III,1
360,0152,0,0,"[26.49393666781157, 118.6485138082338]","[np.float64(29.27507257923314), np.float64(116.4343897648193)]",2026-04-24 02:19:00,629.1211033412678,1,3.3142101991040214,378.1166097470067,28.583166003018125,58.98684555911827,32.484375430061384,3,3,3,1000,3,0.69375,34.56562543006138,0.17425569176882663,ELECTRE-III,1
361,0234,0,0,"[26.49393666781157, 118.6485138082338]","[np.float64(24.95132726412128), np.float64(121.5155137560773)]",2026-04-24 02:19:00,258.00752133492557,1,3.420236539254179,334.51155484140133,25.734304868767346,64.92480028766309,35.60799578660347,4,4,3,947,5,0.69375,36.99549578660347,0.28633975481611207,ELECTRE-III,1
362,0234,0,0,"[25.8935749925985, 118.49962934470587]","[np.float64(24.95132726412128), np.float64(121.5155137560773)]",2026-04-24 02:19:10,258.00752133492557,1,3.420236539254179,320.4769026257039,24.786656062309003,64.95915613918825,33.60799578660347,4,4,3,947,5,0.6938657407407407,38.46505597178865,0.28633975481611207,ELECTRE-III,1
363,0234,0,0,"[25.29314843058831, 118.35182405106679]","[np.float64(24.95132726412128), np.float64(121.5155137560773)]",2026-04-24 02:19:20,258.00752133492557,1,3.420236539254179,320.7609802680107,24.805983967796717,64.99349833033507,34.60799578660347,4,4,3,947,5,0.6939814814814815,27.66818097178865,0.28633975481611207,ELECTRE-III,1
364,0057,0,0,"[24.692656981781006, 118.20508426693823]","[np.float64(23.51596130746474), np.float64(114.6046505667156)]",2026-04-24 02:19:30,921.6499017033896,2,4.4507897999324335,388.13962013658346,29.217368176795414,59.58759484756674,30.73529519236666,1,1,1,618,5,0.6940972222222223,30.73529519236666,0.28633975481611207,ELECTRE-III,1
365,0234,0,0,"[24.692656981781006, 118.20508426693823]","[np.float64(24.95132726412128), np.float64(121.5155137560773)]",2026-04-24 02:19:30,258.00752133492557,1,3.420236539254179,335.3239695734598,25.78870693180599,65.02782003091438,29.60799578660347,4,4,3,947,5,0.6940972222222223,33.07848189771458,0.28633975481611207,ELECTRE-III,1
366,0057,0,0,"[24.092105768818467, 118.0593416904285]","[np.float64(23.51596130746474), np.float64(114.6046505667156)]",2026-04-24 02:19:40,921.6499017033896,2,4.4507897999324335,357.24617373404885,27.23777636935529,59.62446420870647,26.73529519236666,1,1,1,618,5,0.694212962962963,22.570017414588882,0.28633975481611207,ELECTRE-III,1
367,0234,0,0,"[24.092105768818467, 118.0593416904285]","[np.float64(24.95132726412128), np.float64(121.5155137560773)]",2026-04-24 02:19:40,258.00752133492557,1,3.420236539254179,362.4506435964181,27.576407571225733,65.06213490130453,33.60799578660347,4,4,3,947,5,0.694212962962963,29.44271800882569,0.28633975481611207,ELECTRE-III,1
368,0057,0,0,"[23.49149479170069, 117.91458266115924]","[np.float64(23.51596130746474), np.float64(114.6046505667156)]",2026-04-24 02:19:50,921.6499017033896,2,4.4507897999324335,337.51623231104077,25.935259387360603,59.66132673965703,30.73529519236666,1,1,1,618,5,0.6943287037037037,30.040966488662956,0.28633975481611207,ELECTRE-III,1
369,0103,0,0,"[23.49149479170069, 117.91458266115924]","[np.float64(23.33588925796901), np.float64(113.9363072185249)]",2026-04-24 02:19:50,226.73158309701464,1,6.269674417086625,406.29574405460124,30.346436483369217,59.11513700229862,23.862594598129846,4,4,3,1135,9,0.6943287037037037,22.473937190722438,0.5507880910683012,ELECTRE-III,1
370,0234,0,0,"[23.49149479170069, 117.91458266115924]","[np.float64(24.95132726412128), np.float64(121.5155137560773)]",2026-04-24 02:19:50,258.00752133492557,1,3.420236539254179,399.58770989132705,29.93225293204891,65.09642928112717,31.60799578660347,4,4,3,947,5,0.6943287037037037,37.1626254162331,0.28633975481611207,ELECTRE-III,1
371,0057,0,0,"[22.890829173069548, 117.77075253761713]","[np.float64(23.51596130746474), np.float64(114.6046505667156)]",2026-04-24 02:20:00,921.6499017033896,2,4.4507897999324335,330.95136496334186,25.495315025796682,59.69818244041842,30.73529519236666,1,1,1,618,5,0.6944444444444444,29.34640630347777,0.28633975481611207,ELECTRE-III,1
372,0103,0,0,"[22.890829173069548, 117.77075253761713]","[np.float64(23.33588925796901), np.float64(113.9363072185249)]",2026-04-24 02:20:00,226.73158309701464,1,6.269674417086625,395.2442856820592,29.66221639171376,59.152190778545936,28.862594598129846,4,4,3,1135,9,0.6944444444444444,28.862594598129846,0.5507880910683012,ELECTRE-III,1
373,0057,0,0,"[22.290112328019635, 117.62782399904543]","[np.float64(23.51596130746474), np.float64(114.6046505667156)]",2026-04-24 02:20:10,921.6499017033896,2,4.4507897999324335,338.32038717465423,25.988925881158565,59.735031310990635,29.73529519236666,1,1,1,618,5,0.6945601851851851,22.78969334051481,0.28633975481611207,ELECTRE-III,1
374,0103,0,0,"[22.290112328019635, 117.62782399904543]","[np.float64(23.33588925796901), np.float64(113.9363072185249)]",2026-04-24 02:20:10,226.73158309701464,1,6.269674417086625,395.8178433836951,29.697958776491145,59.18923089441492,27.862594598129846,4,4,3,1135,9,0.6945601851851851,29.946275153685402,0.5507880910683012,ELECTRE-III,1
375,0057,0,0,"[21.689344256550946, 117.48576972468751]","[np.float64(23.51596130746474), np.float64(114.6046505667156)]",2026-04-24 02:20:20,921.6499017033896,2,4.4507897999324335,358.76711528919435,27.33695173231326,59.77188018156286,26.73529519236666,1,1,1,618,5,0.694675925925926,19.7885359331074,0.28633975481611207,ELECTRE-III,1
376,0103,0,0,"[21.689344256550946, 117.48576972468751]","[np.float64(23.33588925796901), np.float64(113.9363072185249)]",2026-04-24 02:20:20,226.73158309701464,1,6.269674417086625,407.9688698047844,30.449200928494296,59.226264180094724,28.862594598129846,4,4,3,1135,9,0.694675925925926,34.420002005537256,0.5507880910683012,ELECTRE-III,1
377,0057,0,0,"[21.088528373758066, 117.34454873340833]","[np.float64(23.51596130746474), np.float64(114.6046505667156)]",2026-04-24 02:20:30,921.6499017033896,2,4.4507897999324335,390.24131164802736,29.349368552920392,59.808715391756735,30.73529519236666,1,1,1,618,5,0.6947916666666667,33.514461859033325,0.28633975481611207,ELECTRE-III,1
378,0216,0,0,"[25.101346473410597, 93.60953891477646]","[np.float64(22.60718850527739), np.float64(96.40235550029888)]",2026-04-24 03:58:10,326.5548061794682,1,3.8098510787002224,396.93919627708493,29.767764684991437,65.54630652099922,19.491733528503584,1,1,1,1049,8,0.7626157407407408,22.542196491466548,0.4816112084063047,ELECTRE-III,1
379,0164,0,0,"[24.500836241583077, 93.4631201495389]","[np.float64(21.18856060878463), np.float64(95.00106675541865)]",2026-04-24 03:58:20,758.2260544665763,2,6.469545603697998,400.5966211847166,29.994769690928727,64.7653358611108,30.3644341227404,3,3,3,510,9,0.7627314814814815,28.838971159777437,0.5507880910683012,ELECTRE-III,1
380,0216,0,0,"[24.500836241583077, 93.4631201495389]","[np.float64(22.60718850527739), np.float64(96.40235550029888)]",2026-04-24 03:58:20,326.5548061794682,1,3.8098510787002224,366.1701239455553,27.817144493202402,65.58257482549199,24.491733528503584,1,1,1,1049,8,0.7627314814814815,31.356316861836916,0.4816112084063047,ELECTRE-III,1
381,0164,0,0,"[23.900266245600317, 93.31769176173098]","[np.float64(21.18856060878463), np.float64(95.00106675541865)]",2026-04-24 03:58:30,758.2260544665763,2,6.469545603697998,347.55963644198704,26.602001565954307,64.80281993927582,30.3644341227404,3,3,3,510,9,0.7628472222222222,28.838739678295955,0.5507880910683012,ELECTRE-III,1
382,0167,0,0,"[23.900266245600317, 93.31769176173098]","[np.float64(22.56750332776332), np.float64(89.71098574144327)]",2026-04-24 03:58:30,975.1675566867149,2,2.5373278204627936,397.1846020627665,29.783028608067433,59.707020705204414,22.488054479282486,2,2,2,1124,11,0.7628472222222222,29.353679479282484,0.7574430823117339,ELECTRE-III,1
383,0216,0,0,"[23.900266245600317, 93.31769176173098]","[np.float64(22.60718850527739), np.float64(96.40235550029888)]",2026-04-24 03:58:30,326.5548061794682,1,3.8098510787002224,346.37299932530544,26.52362469480948,65.61882946960642,23.491733528503584,1,1,1,1049,8,0.7628472222222222,23.491733528503584,0.4816112084063047,ELECTRE-III,1
384,0164,0,0,"[23.299639900556908, 93.17323326078522]","[np.float64(21.18856060878463), np.float64(95.00106675541865)]",2026-04-24 03:58:40,758.2260544665763,2,6.469545603697998,300.8097171595987,23.434001799098098,64.84030401744086,27.3644341227404,3,3,3,510,9,0.762962962962963,20.49776745607373,0.5507880910683012,ELECTRE-III,1
385,0167,0,0,"[23.299639900556908, 93.17323326078522]","[np.float64(22.56750332776332), np.float64(89.71098574144327)]",2026-04-24 03:58:40,975.1675566867149,2,2.5373278204627936,363.7693454312609,27.661879763598343,59.74442965128858,26.488054479282486,2,2,2,1124,11,0.762962962962963,31.828795220023228,0.7574430823117339,ELECTRE-III,1
386,0216,0,0,"[23.299639900556908, 93.17323326078522]","[np.float64(22.60718850527739), np.float64(96.40235550029888)]",2026-04-24 03:58:40,326.5548061794682,1,3.8098510787002224,339.4703760388798,26.065587044681227,65.65507728353168,16.491733528503584,1,1,1,1049,8,0.762962962962963,21.069511306281363,0.4816112084063047,ELECTRE-III,1
387,0164,0,0,"[22.698957206452842, 93.02969683537741]","[np.float64(21.18856060878463), np.float64(95.00106675541865)]",2026-04-24 03:58:50,758.2260544665763,2,6.469545603697998,263.7116476687137,20.806188460395056,64.87778126541671,24.3644341227404,3,3,3,510,9,0.7630787037037037,21.312119307925585,0.5507880910683012,ELECTRE-III,1
388,0167,0,0,"[22.698957206452842, 93.02969683537741]","[np.float64(22.56750332776332), np.float64(89.71098574144327)]",2026-04-24 03:58:50,975.1675566867149,2,2.5373278204627936,340.9110907243949,26.161487296989876,59.781845427561905,23.488054479282486,2,2,2,1124,11,0.7630787037037037,19.672660960763967,0.7574430823117339,ELECTRE-III,1
389,0216,0,0,"[22.698957206452842, 93.02969683537741]","[np.float64(22.60718850527739), np.float64(96.40235550029888)]",2026-04-24 03:58:50,326.5548061794682,1,3.8098510787002224,346.23440886942376,26.514463864322433,65.69131826726776,19.491733528503584,1,1,1,1049,8,0.7630787037037037,11.860946491466548,0.4816112084063047,ELECTRE-III,1
390,0164,0,0,"[22.098223285930004, 92.88704833456168]","[np.float64(21.18856060878463), np.float64(95.00106675541865)]",2026-04-24 03:59:00,758.2260544665763,2,6.469545603697998,240.76836749161828,19.13311686442988,64.91524485301424,22.3644341227404,3,3,3,510,9,0.7631944444444444,22.3644341227404,0.5507880910683012,ELECTRE-III,1
391,0167,0,0,"[22.098223285930004, 92.88704833456168]","[np.float64(22.56750332776332), np.float64(89.71098574144327)]",2026-04-24 03:59:00,975.1675566867149,2,2.5373278204627936,330.80659144152685,25.48557639576948,59.819247543456896,25.488054479282486,2,2,2,1124,11,0.7631944444444444,30.830415590393596,0.7574430823117339,ELECTRE-III,1
392,0216,0,0,"[22.098223285930004, 92.88704833456168]","[np.float64(22.60718850527739), np.float64(96.40235550029888)]",2026-04-24 03:59:00,326.5548061794682,1,3.8098510787002224,365.9070858497994,27.80015470949582,65.72754559062551,19.491733528503584,1,1,1,1049,8,0.7631944444444444,24.07090019517025,0.4816112084063047,ELECTRE-III,1
393,0164,0,0,"[21.497439846535684, 92.74526726777056]","[np.float64(21.18856060878463), np.float64(95.00106675541865)]",2026-04-24 03:59:10,758.2260544665763,2,6.469545603697998,236.1399067437903,18.791345972593856,64.95270844061176,28.3644341227404,3,3,3,510,9,0.7633101851851852,32.94429523385151,0.5507880910683012,ELECTRE-III,1
394,0167,0,0,"[21.497439846535684, 92.74526726777056]","[np.float64(22.56750332776332), np.float64(89.71098574144327)]",2026-04-24 03:59:10,975.1675566867149,2,2.5373278204627936,334.6153670171102,25.74125926445418,59.856642829162716,23.488054479282486,2,2,2,1124,11,0.7633101851851852,21.961434108912115,0.7574430823117339,ELECTRE-III,1
395,0216,0,0,"[21.497439846535684, 92.74526726777056]","[np.float64(22.60718850527739), np.float64(96.40235550029888)]",2026-04-24 03:59:10,326.5548061794682,1,3.8098510787002224,396.56980268496807,29.744780107188685,65.7637660837941,15.491733528503584,1,1,1,1049,8,0.7633101851851852,22.361525195170252,0.4816112084063047,ELECTRE-III,1
396,0164,0,0,"[20.896610303364465, 92.60430582367984]","[np.float64(21.18856060878463), np.float64(95.00106675541865)]",2026-04-24 03:59:20,758.2260544665763,2,6.469545603697998,250.84244130832644,19.87210775167459,64.99016519802011,27.3644341227404,3,3,3,510,9,0.763425925925926,25.07415634496262,0.5507880910683012,ELECTRE-III,1
397,0167,0,0,"[20.896610303364465, 92.60430582367984]","[np.float64(22.56750332776332), np.float64(89.71098574144327)]",2026-04-24 03:59:20,975.1675566867149,2,2.5373278204627936,351.8851862761399,26.88679380225794,59.894038114868536,20.488054479282486,2,2,2,1124,11,0.763425925925926,17.434350775578782,0.7574430823117339,ELECTRE-III,1
398,0164,0,0,"[20.295734656416347, 92.46413668153284]","[np.float64(21.18856060878463), np.float64(95.00106675541865)]",2026-04-24 03:59:30,758.2260544665763,2,6.469545603697998,281.86574618459423,22.10436343304896,65.0276151252393,22.3644341227404,3,3,3,510,9,0.7635416666666667,23.891517456073732,0.5507880910683012,ELECTRE-III,1
399,0167,0,0,"[20.295734656416347, 92.46413668153284]","[np.float64(22.56750332776332), np.float64(89.71098574144327)]",2026-04-24 03:59:30,975.1675566867149,2,2.5373278204627936,380.790151464253,28.753091210400857,59.931433400574356,26.488054479282486,2,2,2,1124,11,0.7635416666666667,32.596387812615816,0.7574430823117339,ELECTRE-III,1
400,0164,0,0,"[19.69481802833321, 92.32473252057288]","[np.float64(21.18856060878463), np.float64(95.00106675541865)]",2026-04-24 03:59:40,758.2260544665763,2,6.469545603697998,324.5617761354953,25.064000056809906,65.0650582222693,29.3644341227404,3,3,3,510,9,0.7636574074074074,35.47369338199966,0.5507880910683012,ELECTRE-III,1
401,0164,0,0,"[19.093860419115053, 92.18606602004328]","[np.float64(21.18856060878463), np.float64(95.00106675541865)]",2026-04-24 03:59:50,758.2260544665763,2,6.469545603697998,374.9631149527975,28.382027763346755,65.10249448911014,22.3644341227404,3,3,3,510,9,0.7637731481481481,23.891980419036695,0.5507880910683012,ELECTRE-III,1
402,0166,0,0,"[56.52260551413146, 79.78277716656946]","[np.float64(55.6916650213985), np.float64(73.82550891603077)]",2026-04-24 05:28:10,332.17409282682826,1,3.837721961158011,380.6374980816162,28.743403688699527,43.427080403371434,29.3644341227404,3,3,3,652,12,0.8251157407407408,35.96536004866633,0.8957968476357268,ELECTRE-III,1
403,0166,0,0,"[55.93431449072909, 79.46151238876874]","[np.float64(55.6916650213985), np.float64(73.82550891603077)]",2026-04-24 05:28:20,332.17409282682826,1,3.837721961158011,353.0711320095716,26.964626582501307,43.439760649565564,23.3644341227404,3,3,3,652,12,0.8252314814814815,15.112119307925584,0.8957968476357268,ELECTRE-III,1
404,0166,0,0,"[55.34541216539601, 79.14862142289044]","[np.float64(55.6916650213985), np.float64(73.82550891603077)]",2026-04-24 05:28:30,332.17409282682826,1,3.837721961158011,337.2197188011107,25.91545875822191,43.452416990097596,24.3644341227404,3,3,3,652,12,0.8253472222222222,27.665823011629286,0.8957968476357268,ELECTRE-III,1
405,0166,0,0,"[54.75593610417265, 78.84368762739523]","[np.float64(55.6916650213985), np.float64(73.82550891603077)]",2026-04-24 05:28:40,332.17409282682826,1,3.837721961158011,334.7527041440657,25.75045825186612,43.465059670251286,23.3644341227404,3,3,3,652,12,0.825462962962963,15.935267456073731,0.8957968476357268,ELECTRE-III,1
406,0166,0,0,"[54.16591362781568, 78.54631485131121]","[np.float64(55.6916650213985), np.float64(73.82550891603077)]",2026-04-24 05:28:50,332.17409282682826,1,3.837721961158011,345.9571990324502,26.49613590565941,43.477681859837475,27.3644341227404,3,3,3,652,12,0.8255787037037037,32.31790634496262,0.8957968476357268,ELECTRE-III,1
407,0166,0,0,"[53.575368641987204, 78.25614109461239]","[np.float64(55.6916650213985), np.float64(73.82550891603077)]",2026-04-24 05:29:00,332.17409282682826,1,3.837721961158011,369.5933063233034,28.03776502559854,43.49028697395073,23.3644341227404,3,3,3,652,12,0.8256944444444444,19.235961900518177,0.8957968476357268,ELECTRE-III,1
408,0166,0,0,"[52.98433188253849, 77.9728180176511]","[np.float64(55.6916650213985), np.float64(73.82550891603077)]",2026-04-24 05:29:10,332.17409282682826,1,3.837721961158011,403.4825442272304,30.173160436416147,43.50287159749648,24.3644341227404,3,3,3,652,12,0.8258101851851852,18.5837628264441,0.8957968476357268,ELECTRE-III,1
409,0015,0,0,"[38.69763544090658, 72.60441227342614]","[np.float64(38.3827005829648), np.float64(68.18890027972762)]",2026-04-24 05:33:10,266.9569707857359,1,3.953967952955581,385.5883164768738,29.05667085751221,54.36767741589786,17.23713471697721,1,1,1,995,8,0.828587962962963,14.75137082808832,0.4816112084063047,ELECTRE-III,1
410,0051,0,0,"[38.69763544090658, 72.60441227342614]","[np.float64(36.93357370722224), np.float64(69.09473768370674)]",2026-04-24 05:33:10,488.54521323872564,1,6.183265602234005,365.36717489215533,27.765264898612426,55.82283214309615,23.989894003893035,3,3,3,1141,4,0.828587962962963,20.67554215204118,0.23029772329246936,ELECTRE-III,1
411,0015,0,0,"[38.09946454886978, 72.42214184523517]","[np.float64(38.3827005829648), np.float64(68.18890027972762)]",2026-04-24 05:33:20,266.9569707857359,1,3.953967952955581,371.01218221463495,28.128945990202137,54.39339649321754,19.23713471697721,1,1,1,995,8,0.8287037037037037,18.408431013273507,0.4816112084063047,ELECTRE-III,1
412,0051,0,0,"[38.09946454886978, 72.42214184523517]","[np.float64(36.93357370722224), np.float64(69.09473768370674)]",2026-04-24 05:33:20,488.54521323872564,1,6.183265602234005,320.8013506123176,24.808730172329945,55.849220578954494,26.989894003893035,3,3,3,1141,4,0.8287037037037037,33.61952363352266,0.23029772329246936,ELECTRE-III,1
413,0015,0,0,"[37.50113997757667, 72.242152700227]","[np.float64(38.3827005829648), np.float64(68.18890027972762)]",2026-04-24 05:33:30,266.9569707857359,1,3.953967952955581,368.6716702465526,27.97845514803845,54.419095079969715,18.23713471697721,1,1,1,995,8,0.8288194444444444,9.948940272532765,0.4816112084063047,ELECTRE-III,1
414,0051,0,0,"[37.50113997757667, 72.242152700227]","[np.float64(36.93357370722224), np.float64(69.09473768370674)]",2026-04-24 05:33:30,488.54521323872564,1,6.183265602234005,285.7437340821145,22.378654633004242,55.87558852424532,23.989894003893035,3,3,3,1141,4,0.8288194444444444,29.791630115004146,0.23029772329246936,ELECTRE-III,1
415,0015,0,0,"[36.90266514212181, 72.0643765365099]","[np.float64(38.3827005829648), np.float64(68.18890027972762)]",2026-04-24 05:33:40,266.9569707857359,1,3.953967952955581,378.7960674300944,28.626403264151833,54.44477659124896,23.23713471697721,1,1,1,995,8,0.8289351851851852,20.750329161421654,0.4816112084063047,ELECTRE-III,1
416,0051,0,0,"[36.90266514212181, 72.0643765365099]","[np.float64(36.93357370722224), np.float64(69.09473768370674)]",2026-04-24 05:33:40,488.54521323872564,1,6.183265602234005,264.01225022945374,20.827871441030595,55.90193597896865,17.989894003893035,3,3,3,1141,4,0.8289351851851852,11.358412522411554,0.23029772329246936,ELECTRE-III,1
417,0015,0,0,"[36.304046872694386, 71.88871090124634]","[np.float64(38.3827005829648), np.float64(68.18890027972762)]",2026-04-24 05:33:50,266.9569707857359,1,3.953967952955581,400.4403546830613,29.98509185119633,54.4704376119607,24.23713471697721,1,1,1,995,8,0.8290509259259259,21.749981939199433,0.4816112084063047,ELECTRE-III,1
418,0051,0,0,"[36.304046872694386, 71.88871090124634]","[np.float64(36.93357370722224), np.float64(69.09473768370674)]",2026-04-24 05:33:50,488.54521323872564,1,6.183265602234005,258.9828028814064,20.46427011898278,55.928262943124466,22.989894003893035,3,3,3,1141,4,0.8290509259259259,26.306097707596738,0.23029772329246936,ELECTRE-III,1
419,0051,0,0,"[35.705291999483556, 71.71509432273379]","[np.float64(36.93357370722224), np.float64(69.09473768370674)]",2026-04-24 05:34:00,488.54521323872564,1,6.183265602234005,271.5873649370852,21.37220792873353,55.95456941671277,21.989894003893035,3,3,3,1141,4,0.8291666666666667,15.356560670559702,0.23029772329246936,ELECTRE-III,1
420,0051,0,0,"[35.10640393758391, 71.5434448387022]","[np.float64(36.93357370722224), np.float64(69.09473768370674)]",2026-04-24 05:34:10,488.54521323872564,1,6.183265602234005,299.60907161164545,23.3505026906398,55.980858814828146,19.989894003893035,3,3,3,1141,4,0.8292824074074074,11.69706992981896,0.23029772329246936,ELECTRE-III,1
421,0051,0,0,"[34.50738951718463, 71.37370097744905]","[np.float64(36.93357370722224), np.float64(69.09473768370674)]",2026-04-24 05:34:20,488.54521323872564,1,6.183265602234005,339.25022159336214,26.050918746853103,56.00712772237602,24.989894003893035,3,3,3,1141,4,0.8293981481481482,17.5253106705597,0.23029772329246936,ELECTRE-III,1
422,0051,0,0,"[33.908252153380275, 71.20578077670429]","[np.float64(36.93357370722224), np.float64(69.09473768370674)]",2026-04-24 05:34:30,488.54521323872564,1,6.183265602234005,386.95632620160825,29.142899285961196,56.03337613935638,19.989894003893035,3,3,3,1141,4,0.8295138888888889,22.4784356705597,0.23029772329246936,ELECTRE-III,1
423,0225,0,0,"[33.908252153380275, 71.20578077670429]","[np.float64(31.23676733409421), np.float64(73.66858471504852)]",2026-04-24 05:34:30,254.08058672032385,1,5.008418996981425,376.1340107136786,28.456800019952077,62.50769196304395,26.484375430061384,2,2,2,1331,13,0.8295138888888889,28.97291709672805,0.9693520140105079,ELECTRE-III,1
424,0225,0,0,"[33.30900209145462, 71.03962276476538]","[np.float64(31.23676733409421), np.float64(73.66858471504852)]",2026-04-24 05:34:40,254.08058672032385,1,5.008418996981425,337.88819564687867,25.96008900898826,62.53618068207208,22.484375430061384,2,2,2,1331,13,0.8296296296296296,29.951042096728052,0.9693520140105079,ELECTRE-III,1
425,0225,0,0,"[32.709635916313076, 70.87517230011899]","[np.float64(31.23676733409421), np.float64(73.66858471504852)]",2026-04-24 05:34:50,254.08058672032385,1,5.008418996981425,310.22339887867776,24.08501480177023,62.56464208034352,23.484375430061384,2,2,2,1331,13,0.8297453703703703,25.973611541172495,0.9693520140105079,ELECTRE-III,1
426,0225,0,0,"[32.1101638732394, 70.71236108087339]","[np.float64(31.23676733409421), np.float64(73.66858471504852)]",2026-04-24 05:35:00,254.08058672032385,1,5.008418996981425,296.12067099797935,23.10730497023114,62.59308981823662,25.484375430061384,2,2,2,1331,13,0.8298611111111112,29.63368098561694,0.9693520140105079,ELECTRE-III,1
427,0135,0,0,"[31.51058937732817, 70.55113446551523]","[np.float64(29.73082302405159), np.float64(67.37384195488153)]",2026-04-24 05:35:10,708.6460847038267,1,2.7656714299516705,362.74030028827895,27.595193221074542,58.802000149610215,27.484375430061384,2,2,2,537,12,0.8299768518518519,24.164468022653978,0.8957968476357268,ELECTRE-III,1
428,0225,0,0,"[31.51058937732817, 70.55113446551523]","[np.float64(31.23676733409421), np.float64(73.66858471504852)]",2026-04-24 05:35:10,254.08058672032385,1,5.008418996981425,297.5137960621571,23.20453449009754,62.621510235373044,28.484375430061384,2,2,2,1331,13,0.8299768518518519,25.164468022653978,0.9693520140105079,ELECTRE-III,1
429,0135,0,0,"[30.91091242857939, 70.391430982342]","[np.float64(29.73082302405159), np.float64(67.37384195488153)]",2026-04-24 05:35:20,708.6460847038267,1,2.7656714299516705,317.9635701200547,24.61539323146764,58.83436158589774,26.484375430061384,2,2,2,537,12,0.8300925925925926,33.12511617080212,0.8957968476357268,ELECTRE-III,1
430,0225,0,0,"[30.91091242857939, 70.391430982342]","[np.float64(31.23676733409421), np.float64(73.66858471504852)]",2026-04-24 05:35:20,254.08058672032385,1,5.008418996981425,314.1965478229411,24.357821331890786,62.64990333175279,21.484375430061384,2,2,2,1331,13,0.8300925925925926,15.673727281913235,0.9693520140105079,ELECTRE-III,1
431,0135,0,0,"[30.311143272276816, 70.23320282002949]","[np.float64(29.73082302405159), np.float64(67.37384195488153)]",2026-04-24 05:35:30,708.6460847038267,1,2.7656714299516705,282.7442604570514,22.166595039651632,58.86671619199608,27.484375430061384,2,2,2,537,12,0.8302083333333333,20.012500430061383,0.8957968476357268,ELECTRE-III,1
432,0225,0,0,"[30.311143272276816, 70.23320282002949]","[np.float64(31.23676733409421), np.float64(73.66858471504852)]",2026-04-24 05:35:30,254.08058672032385,1,5.008418996981425,343.95014088273024,26.363263228426607,62.67827593756502,19.484375430061384,2,2,2,1331,13,0.8302083333333333,22.805208763394717,0.9693520140105079,ELECTRE-III,1
433,0135,0,0,"[29.711281908420446, 70.07639533706433]","[np.float64(29.73082302405159), np.float64(67.37384195488153)]",2026-04-24 05:35:40,708.6460847038267,1,2.7656714299516705,260.9813909758277,20.608965154507704,58.89905030752693,30.484375430061384,2,2,2,537,12,0.830324074074074,37.957292096728054,0.8957968476357268,ELECTRE-III,1
434,0225,0,0,"[29.711281908420446, 70.07639533706433]","[np.float64(31.23676733409421), np.float64(73.66858471504852)]",2026-04-24 05:35:40,254.08058672032385,1,5.008418996981425,383.7458208558042,28.940306344285975,62.706621222620576,28.484375430061384,2,2,2,1331,13,0.830324074074074,21.011458763394717,0.9693520140105079,ELECTRE-III,1
435,0135,0,0,"[29.111331752104867, 69.92095389193318]","[np.float64(29.73082302405159), np.float64(67.37384195488153)]",2026-04-24 05:35:50,708.6460847038267,1,2.7656714299516705,256.12913710713235,20.257195297669586,58.93137759286859,28.484375430061384,2,2,2,537,12,0.8304398148148148,29.314815244876197,0.8957968476357268,ELECTRE-III,1
436,0135,0,0,"[28.511297925971952, 69.76683750350101]","[np.float64(29.73082302405159), np.float64(67.37384195488153)]",2026-04-24 05:36:00,708.6460847038267,1,2.7656714299516705,269.1055197068127,21.194306154595097,58.96369121783193,29.484375430061384,2,2,2,537,12,0.8305555555555556,24.50104209672805,0.8957968476357268,ELECTRE-III,1
437,0135,0,0,"[27.911185552663586, 69.61399153025447]","[np.float64(29.73082302405159), np.float64(67.37384195488153)]",2026-04-24 05:36:10,708.6460847038267,1,2.7656714299516705,297.5874579300149,23.209671597640824,58.995984352227744,30.484375430061384,2,2,2,537,12,0.8306712962962963,26.331018948579903,0.8957968476357268,ELECTRE-III,1
438,0135,0,0,"[27.310994632179764, 69.46237499105852]","[np.float64(29.73082302405159), np.float64(67.37384195488153)]",2026-04-24 05:36:20,708.6460847038267,1,2.7656714299516705,337.67513412180097,25.945867821103676,59.028270656434394,34.484375430061384,2,2,2,537,12,0.830787037037037,27.00729209672805,0.8957968476357268,ELECTRE-III,1
439,0135,0,0,"[26.710730287162363, 69.31194690477817]","[np.float64(29.73082302405159), np.float64(67.37384195488153)]",2026-04-24 05:36:30,708.6460847038267,1,2.7656714299516705,385.7679174970246,29.06799971175079,59.06053647007354,30.484375430061384,2,2,2,537,12,0.8309027777777778,31.31527820783916,0.8957968476357268,ELECTRE-III,1
440,0194,0,0,"[59.85108305517832, 57.09476021561968]","[np.float64(56.66880133711218), np.float64(53.806526183696)]",2026-04-24 07:06:00,602.184882182784,1,4.935986481094569,402.64032174980457,30.121165706374363,43.816544620034726,24.60799578660347,1,1,1,694,12,0.8930555555555556,32.64549578660347,0.8957968476357268,ELECTRE-III,1
441,0194,0,0,"[59.266958447169664, 56.71649409410062]","[np.float64(56.66880133711218), np.float64(53.806526183696)]",2026-04-24 07:06:10,602.184882182784,1,4.935986481094569,335.9618362796928,25.83138571527465,43.82675233774931,31.60799578660347,1,1,1,694,12,0.8931712962962963,32.50116708289977,0.8957968476357268,ELECTRE-III,1
442,0194,0,0,"[58.68199372589309, 56.34959340736046]","[np.float64(56.66880133711218), np.float64(53.806526183696)]",2026-04-24 07:06:20,602.184882182784,1,4.935986481094569,270.0967949620959,21.265413616122974,43.83694297999097,29.60799578660347,1,1,1,694,12,0.893287037037037,34.96771800882569,0.8957968476357268,ELECTRE-III,1
443,0021,0,0,"[58.09625036305114, 55.99343319309014]","[np.float64(54.82297473956941), np.float64(55.77283698318541)]",2026-04-24 07:06:30,122.41952825486987,1,4.682593972926773,364.2238645178338,27.691308678346374,45.98767734207419,29.491733528503584,1,1,1,1447,4,0.8934027777777778,32.17194186183692,0.23029772329246936,ELECTRE-III,1
444,0194,0,0,"[58.09625036305114, 55.99343319309014]","[np.float64(56.66880133711218), np.float64(53.806526183696)]",2026-04-24 07:06:30,602.184882182784,1,4.935986481094569,205.830186029334,16.519581563323136,43.84711313166512,28.60799578660347,1,1,1,694,12,0.8934027777777778,33.96841245327014,0.8957968476357268,ELECTRE-III,1
445,0021,0,0,"[57.509755679400484, 55.64744996068315]","[np.float64(54.82297473956941), np.float64(55.77283698318541)]",2026-04-24 07:06:40,122.41952825486987,1,4.682593972926773,298.8575284674868,23.298182944943896,45.99762209750573,21.491733528503584,1,1,1,1447,4,0.8935185185185185,28.639881676651733,0.23029772329246936,ELECTRE-III,1
446,0194,0,0,"[57.509755679400484, 55.64744996068315]","[np.float64(56.66880133711218), np.float64(53.806526183696)]",2026-04-24 07:06:40,602.184882182784,1,4.935986481094569,145.29844859675725,11.82486043751789,43.85726279277176,22.60799578660347,1,1,1,694,12,0.8935185185185185,25.288551342159025,0.8957968476357268,ELECTRE-III,1
447,0021,0,0,"[56.92256431645448, 55.311100710100455]","[np.float64(54.82297473956941), np.float64(55.77283698318541)]",2026-04-24 07:06:50,122.41952825486987,1,4.682593972926773,235.23282485001567,18.72420224490657,46.00754636236976,28.491733528503584,1,1,1,1447,4,0.8936342592592592,25.810830750725806,0.23029772329246936,ELECTRE-III,1
448,0194,0,0,"[56.92256431645448, 55.311100710100455]","[np.float64(56.66880133711218), np.float64(53.806526183696)]",2026-04-24 07:06:50,602.184882182784,1,4.935986481094569,95.86306460861788,7.864568475956236,43.867395378405476,23.60799578660347,1,1,1,694,12,0.8936342592592592,25.39526430512199,0.8957968476357268,ELECTRE-III,1
449,0021,0,0,"[56.33470359496983, 54.98389025262723]","[np.float64(54.82297473956941), np.float64(55.77283698318541)]",2026-04-24 07:07:00,122.41952825486987,1,4.682593972926773,175.25577469240324,14.172589887804648,46.01745013666628,28.491733528503584,1,1,1,1447,4,0.89375,24.916733528503585,0.23029772329246936,ELECTRE-III,1
450,0194,0,0,"[56.33470359496983, 54.98389025262723]","[np.float64(56.66880133711218), np.float64(53.806526183696)]",2026-04-24 07:07:00,602.184882182784,1,4.935986481094569,81.24416782612475,6.677026511059315,43.87750405837709,30.60799578660347,1,1,1,694,12,0.89375,30.60799578660347,0.8957968476357268,ELECTRE-III,1
451,0021,0,0,"[55.74621449608153, 54.665350720305355]","[np.float64(54.82297473956941), np.float64(55.77283698318541)]",2026-04-24 07:07:10,122.41952825486987,1,4.682593972926773,124.3249094709175,10.156378534721583,46.027330005300705,23.491733528503584,1,1,1,1447,4,0.8938657407407408,25.279465009985067,0.23029772329246936,ELECTRE-III,1
452,0194,0,0,"[55.74621449608153, 54.665350720305355]","[np.float64(56.66880133711218), np.float64(53.806526183696)]",2026-04-24 07:07:10,602.184882182784,1,4.935986481094569,115.51939203545182,9.450491606635556,43.88759566287579,23.60799578660347,1,1,1,694,12,0.8938657407407408,18.244801342159025,0.8957968476357268,ELECTRE-III,1
453,0021,0,0,"[55.15712775564086, 54.355048396122505]","[np.float64(54.82297473956941), np.float64(55.77283698318541)]",2026-04-24 07:07:20,122.41952825486987,1,4.682593972926773,97.77968388020777,8.01978109653641,46.03718938336762,25.491733528503584,1,1,1,1447,4,0.8939814814814815,31.749603898873954,0.23029772329246936,ELECTRE-III,1
454,0194,0,0,"[55.15712775564086, 54.355048396122505]","[np.float64(56.66880133711218), np.float64(53.806526183696)]",2026-04-24 07:07:20,602.184882182784,1,4.935986481094569,171.52980710450433,13.883052862721145,43.897670191901554,26.60799578660347,1,1,1,694,12,0.8939814814814815,25.71401430512199,0.8957968476357268,ELECTRE-III,1
455,0021,0,0,"[54.56747410949907, 54.0525700536339]","[np.float64(54.82297473956941), np.float64(55.77283698318541)]",2026-04-24 07:07:30,122.41952825486987,1,4.682593972926773,114.1376364658098,9.339455413529182,46.04702827086702,23.491733528503584,1,1,1,1447,4,0.8940972222222222,21.70353908405914,0.23029772329246936,ELECTRE-III,1
456,0194,0,0,"[54.56747410949907, 54.0525700536339]","[np.float64(56.66880133711218), np.float64(53.806526183696)]",2026-04-24 07:07:30,602.184882182784,1,4.935986481094569,234.1670533387465,18.6452438454562,43.90772081526523,27.60799578660347,1,1,1,694,12,0.8940972222222222,19.56112078660347,0.8957968476357268,ELECTRE-III,1
457,0021,0,0,"[53.977280878412856, 53.75753661734062]","[np.float64(54.82297473956941), np.float64(55.77283698318541)]",2026-04-24 07:07:40,122.41952825486987,1,4.682593972926773,160.79945594202343,13.04521222840479,46.056843252704326,20.491733528503584,1,1,1,1447,4,0.8942129629629629,15.126455750725807,0.23029772329246936,ELECTRE-III,1
458,0194,0,0,"[53.977280878412856, 53.75753661734062]","[np.float64(56.66880133711218), np.float64(53.806526183696)]",2026-04-24 07:07:40,602.184882182784,1,4.935986481094569,299.29986852361395,23.3289820659828,43.91775436315598,30.60799578660347,1,1,1,694,12,0.8942129629629629,26.136930971788658,0.8957968476357268,ELECTRE-III,1
459,0021,0,0,"[53.38657879823347, 53.46958608721663]","[np.float64(54.82297473956941), np.float64(55.77283698318541)]",2026-04-24 07:07:50,122.41952825486987,1,4.682593972926773,219.1990174958099,17.52865550225295,46.06663774397413,29.491733528503584,1,1,1,1447,4,0.8943287037037037,30.386062232207287,0.23029772329246936,ELECTRE-III,1
460,0194,0,0,"[53.38657879823347, 53.46958608721663]","[np.float64(56.66880133711218), np.float64(53.806526183696)]",2026-04-24 07:07:50,602.184882182784,1,4.935986481094569,365.59702694333146,27.780121000353823,43.92776742047921,28.60799578660347,1,1,1,694,12,0.8943287037037037,27.713667082899768,0.8957968476357268,ELECTRE-III,1
461,0021,0,0,"[52.79538835952843, 53.18838378399263]","[np.float64(54.82297473956941), np.float64(55.77283698318541)]",2026-04-24 07:08:00,122.41952825486987,1,4.682593972926773,282.1398298881489,22.12378469255498,46.07640832958183,25.491733528503584,1,1,1,1447,4,0.8944444444444445,21.019511306281363,0.23029772329246936,ELECTRE-III,1
462,0021,0,0,"[52.20373688305442, 52.91361210387218]","[np.float64(54.82297473956941), np.float64(55.77283698318541)]",2026-04-24 07:08:10,122.41952825486987,1,4.682593972926773,347.160633085432,26.575659529486124,46.08615842462202,27.491733528503584,1,1,1,1447,4,0.8945601851851852,19.440691861836918,0.23029772329246936,ELECTRE-III,1
463,0046,0,0,"[26.518948820552158, 44.56883190050369]","[np.float64(24.15984963480089), np.float64(47.43786063180791)]",2026-04-24 07:15:20,535.9793867754769,1,7.720705738023164,389.7720931013492,29.319928044115702,65.29145167249854,27.488054479282486,3,3,3,837,3,0.899537037037037,23.889906331134338,0.17425569176882663,ELECTRE-III,1
464,0094,0,0,"[26.518948820552158, 44.56883190050369]","[np.float64(24.34775895179228), np.float64(47.55551762857881)]",2026-04-24 07:15:20,103.78392094075683,1,2.3690524470096905,384.98819317996583,29.018798285607538,65.31606767426726,28.484375430061384,1,1,1,1291,11,0.899537037037037,30.283449504135458,0.7574430823117339,ELECTRE-III,1
465,0046,0,0,"[25.918592267980962, 44.41990304074614]","[np.float64(24.15984963480089), np.float64(47.43786063180791)]",2026-04-24 07:15:30,535.9793867754769,1,7.720705738023164,361.4853877480645,27.513759566042054,65.3264700523732,19.488054479282486,3,3,3,837,3,0.8996527777777777,22.18701281261582,0.17425569176882663,ELECTRE-III,1
466,0094,0,0,"[25.918592267980962, 44.41990304074614]","[np.float64(24.34775895179228), np.float64(47.55551762857881)]",2026-04-24 07:15:30,103.78392094075683,1,2.3690524470096905,360.7382446149537,27.46521867974495,65.35090163903433,20.484375430061384,1,1,1,1291,11,0.8996527777777777,20.484375430061384,0.7574430823117339,ELECTRE-III,1
467,0046,0,0,"[25.31816912106536, 44.272060181066635]","[np.float64(24.15984963480089), np.float64(47.43786063180791)]",2026-04-24 07:15:40,535.9793867754769,1,7.720705738023164,344.66820124221573,26.410835955985757,65.36147477186951,19.488054479282486,3,3,3,837,3,0.8997685185185185,26.68620262743063,0.17425569176882663,ELECTRE-III,1
468,0094,0,0,"[25.31816912106536, 44.272060181066635]","[np.float64(24.34775895179228), np.float64(47.55551762857881)]",2026-04-24 07:15:40,103.78392094075683,1,2.3690524470096905,348.4588417686223,26.661322272768242,65.38572194342305,23.484375430061384,1,1,1,1291,11,0.8997685185185185,17.185995800431755,0.7574430823117339,ELECTRE-III,1
469,0046,0,0,"[24.717682794899936, 44.1252691705193]","[np.float64(24.15984963480089), np.float64(47.43786063180791)]",2026-04-24 07:15:50,535.9793867754769,1,7.720705738023164,341.02020821188324,26.16874422098122,65.39647266117666,21.488054479282486,3,3,3,837,3,0.8998842592592593,21.488054479282486,0.17425569176882663,ELECTRE-III,1
470,0094,0,0,"[24.717682794899936, 44.1252691705193]","[np.float64(24.34775895179228), np.float64(47.55551762857881)]",2026-04-24 07:15:50,103.78392094075683,1,2.3690524470096905,349.41290485180895,26.724194589057007,65.42052858743344,26.484375430061384,1,1,1,1291,11,0.8998842592592593,26.484375430061384,0.7574430823117339,ELECTRE-III,1
471,0046,0,0,"[24.11713499703198, 43.97948902796914]","[np.float64(24.15984963480089), np.float64(47.43786063180791)]",2026-04-24 07:16:00,535.9793867754769,1,7.720705738023164,350.95160662878277,26.825448099476603,65.43145005991629,22.488054479282486,3,3,3,837,3,0.9,27.888054479282488,0.17425569176882663,ELECTRE-III,1
472,0094,0,0,"[24.11713499703198, 43.97948902796914]","[np.float64(24.34775895179228), np.float64(47.55551762857881)]",2026-04-24 07:16:00,103.78392094075683,1,2.3690524470096905,363.4955627735157,27.644145405444398,65.45532157106548,25.484375430061384,1,1,1,1291,11,0.9,22.784375430061385,0.7574430823117339,ELECTRE-III,1
473,0046,0,0,"[23.516529142556077, 43.83468560247028]","[np.float64(24.15984963480089), np.float64(47.43786063180791)]",2026-04-24 07:16:10,535.9793867754769,1,7.720705738023164,373.3792269096646,28.280714204432385,65.46642062846675,21.488054479282486,3,3,3,837,3,0.9001157407407407,13.387012812615819,0.17425569176882663,ELECTRE-III,1
474,0094,0,0,"[23.516529142556077, 43.83468560247028]","[np.float64(24.34775895179228), np.float64(47.55551762857881)]",2026-04-24 07:16:10,103.78392094075683,1,2.3690524470096905,389.2834618216476,29.289251436911027,65.49010772450836,25.484375430061384,1,1,1,1291,11,0.9001157407407407,29.08483839302435,0.7574430823117339,ELECTRE-III,1
475,0046,0,0,"[22.915866939019523, 43.69081791288772]","[np.float64(24.15984963480089), np.float64(47.43786063180791)]",2026-04-24 07:16:20,535.9793867754769,1,7.720705738023164,406.23827802021475,30.342903041627416,65.50137753663888,26.488054479282486,3,3,3,837,3,0.9002314814814815,21.086665590393597,0.17425569176882663,ELECTRE-III,1
476,002,0,0,"[18.709894504733615, 42.70723310636545]","[np.float64(15.3427596288542), np.float64(44.2346711001931)]",2026-04-24 07:17:30,269.30908211565713,1,2.4800876469619273,408.1000957971739,30.457251766562216,64.7567708038916,35.85891554890875,3,3,3,933,2,0.9010416666666666,26.848498882242083,0.05166374781085814,ELECTRE-III,1
477,0032,0,0,"[18.709894504733615, 42.70723310636545]","[np.float64(15.42495226389465), np.float64(44.18953098119557)]",2026-04-24 07:17:30,992.266944562694,2,7.7453517710343815,397.7936158730793,29.820888378832645,64.70996351750951,27.240813766198308,4,4,3,799,6,0.9010416666666666,20.933522099531643,0.37215411558669004,ELECTRE-III,1
478,0058,0,0,"[18.709894504733615, 42.70723310636545]","[np.float64(15.45444055731951), np.float64(44.12267217953321)]",2026-04-24 07:17:30,457.46043298140626,1,6.023804569009158,391.9991679432325,29.45951179118005,64.64434589015319,21.73897424158776,1,1,1,1274,3,0.9010416666666666,28.94730757492109,0.17425569176882663,ELECTRE-III,1
479,0063,0,0,"[18.709894504733615, 42.70723310636545]","[np.float64(15.39933520632134), np.float64(44.14980389326286)]",2026-04-24 07:17:30,168.36601742170186,1,6.242104602766946,398.7724216482774,29.881676485579632,64.67276630728962,28.484375430061384,3,3,3,596,3,0.9010416666666666,36.593750430061384,0.17425569176882663,ELECTRE-III,1
480,0085,0,0,"[18.709894504733615, 42.70723310636545]","[np.float64(15.40784146127796), np.float64(44.19355823951757)]",2026-04-24 07:17:30,597.2528982480844,1,6.33587263748521,399.7131069645262,29.940027388531025,64.71455340463176,23.488054479282486,3,3,3,1297,2,0.9010416666666666,25.290137812615818,0.05166374781085814,ELECTRE-III,1
481,0090,1,0,"[18.709894504733615, 42.70723310636545]","[np.float64(15.4110937526177), np.float64(44.24364969064708)]",2026-04-24 07:17:30,925.9142681898061,1,4.987380215497228,401.5159780507826,30.051668759470015,64.76265159676699,19.611674835824573,4,4,3,1093,3,0.9010416666666666,17.80959150249124,0.17425569176882663,ELECTRE-III,1
482,0096,0,0,"[18.709894504733615, 42.70723310636545]","[np.float64(15.39577421805864), np.float64(44.19968681214924)]",2026-04-24 07:17:30,768.8608797479272,2,2.579911637491426,401.2050673578305,30.03243378071126,64.72094646169488,29.491733528503584,3,3,3,1103,6,0.9010416666666666,21.382358528503584,0.37215411558669004,ELECTRE-III,1
483,0101,0,0,"[18.709894504733615, 42.70723310636545]","[np.float64(15.41347928742369), np.float64(44.18270013506211)]",2026-04-24 07:17:30,266.70597182046174,1,4.828802463754964,398.6810865704777,29.8760073104379,64.70386415858069,20.989894003893035,3,3,3,1019,14,0.9010416666666666,19.187810670559703,1.0,ELECTRE-III,1
484,0109,0,0,"[18.709894504733615, 42.70723310636545]","[np.float64(15.37635783300071), np.float64(44.1495292499775)]",2026-04-24 07:17:30,135.65829329613777,1,6.398729150481616,401.1244931493285,30.02744771200148,64.6734288356391,30.73529519236666,2,2,2,1458,4,0.9010416666666666,28.03217019236666,0.23029772329246936,ELECTRE-III,1
485,0121,0,0,"[18.709894504733615, 42.70723310636545]","[np.float64(15.39087795295792), np.float64(44.18702255028052)]",2026-04-24 07:17:30,463.4886480390092,1,3.8103072311314143,401.1763500551837,30.030656762839655,64.70895264951234,18.73529519236666,3,3,3,950,5,0.9010416666666666,9.724878525699994,0.28633975481611207,ELECTRE-III,1
486,0131,1,0,"[18.709894504733615, 42.70723310636545]","[np.float64(15.34038522057796), np.float64(44.14917350214408)]",2026-04-24 07:17:30,798.2444009100614,1,5.48315969314759,404.81473794139134,30.255291706646148,64.67449434514963,27.862594598129846,1,1,1,886,8,0.9010416666666666,27.862594598129846,0.4816112084063047,ELECTRE-III,1
487,0156,0,0,"[18.709894504733615, 42.70723310636545]","[np.float64(15.44233494522652), np.float64(44.18018081454147)]",2026-04-24 07:17:30,432.8616403899626,1,5.433726163665543,395.622493611818,29.685788022348426,64.70022366775306,22.73897424158776,3,3,3,1198,12,0.9010416666666666,21.83793257492109,0.8957968476357268,ELECTRE-III,1
488,0159,0,0,"[18.709894504733615, 42.70723310636545]","[np.float64(15.42750224499109), np.float64(44.21855778761622)]",2026-04-24 07:17:30,67.8842271666572,1,5.427641715229791,398.76542094176335,29.881241974009193,64.73780336856647,28.73529519236666,2,2,2,798,4,0.9010416666666666,25.131128525699992,0.23029772329246936,ELECTRE-III,1
489,0163,0,0,"[18.709894504733615, 42.70723310636545]","[np.float64(15.37705812502612), np.float64(44.19470686855086)]",2026-04-24 07:17:30,913.9887166616593,2,4.343097563349595,402.91246442383914,30.137972468462568,64.7169098198954,27.986214954671933,4,4,3,1170,13,0.9010416666666666,20.7778816213386,0.9693520140105079,ELECTRE-III,1
490,0178,0,0,"[18.709894504733615, 42.70723310636545]","[np.float64(15.32594201289743), np.float64(44.18445239523339)]",2026-04-24 07:17:30,709.5775864746653,1,2.620828236240676,407.7334624545418,30.43475513253685,64.70904144197155,17.866273647350948,1,1,1,861,14,0.9010416666666666,12.460023647350948,1.0,ELECTRE-III,1
491,0205,0,0,"[18.709894504733615, 42.70723310636545]","[np.float64(15.40220552851947), np.float64(44.29222225171446)]",2026-04-24 07:17:30,213.89531575345126,1,6.851783763458751,404.54301435435264,30.238550767686164,64.8097935624184,24.862594598129846,2,2,2,796,5,0.9010416666666666,20.357386264796514,0.28633975481611207,ELECTRE-III,1
492,0211,0,0,"[18.709894504733615, 42.70723310636545]","[np.float64(15.43529290832991), np.float64(44.14410430439714)]",2026-04-24 07:17:30,369.56026611908044,1,6.411061100964077,394.8442865320332,29.63727460928494,64.66578585395786,25.360755073519297,2,2,2,1492,11,0.9010416666666666,26.261796740185964,0.7574430823117339,ELECTRE-III,1
493,0214,0,0,"[18.709894504733615, 42.70723310636545]","[np.float64(15.30828002369227), np.float64(44.12723827269749)]",2026-04-24 07:17:30,796.9266399460554,2,6.404884037962831,407.25568671595244,30.405423214680983,64.65458434371904,27.488054479282486,2,2,2,1499,13,0.9010416666666666,22.081804479282486,0.9693520140105079,ELECTRE-III,1
494,0221,0,0,"[18.709894504733615, 42.70723310636545]","[np.float64(15.40097554812284), np.float64(44.20927759626986)]",2026-04-24 07:17:30,285.2122872716585,1,2.8036559768201093,401.077712749516,30.024552631334505,64.72996914158847,16.240813766198308,2,2,2,681,12,0.9010416666666666,21.647063766198308,0.8957968476357268,ELECTRE-III,1
495,0226,0,0,"[18.709894504733615, 42.70723310636545]","[np.float64(15.41434906562974), np.float64(44.25071440543049)]",2026-04-24 07:17:30,281.00966102941015,1,5.7380455137471955,401.49096322688723,30.0501214543604,64.76931786139691,33.61167483582457,2,2,2,1475,3,0.9010416666666666,39.01792483582457,0.17425569176882663,ELECTRE-III,1
496,0237,0,0,"[18.709894504733615, 42.70723310636545]","[np.float64(15.32690273889364), np.float64(44.13657879128296)]",2026-04-24 07:17:30,999.7747031279232,2,6.127877465873345,405.701341162219,30.309875817834378,64.66288302356061,31.73529519236666,1,1,1,1253,3,0.9010416666666666,38.94362852569999,0.17425569176882663,ELECTRE-III,1
497,0250,1,0,"[18.709894504733615, 42.70723310636545]","[np.float64(15.42485477292705), np.float64(44.12079793747954)]",2026-04-24 07:17:30,860.082295004644,1,2.412357679259772,394.9676925414087,29.644970858719184,64.64378581464125,21.240813766198308,2,2,2,1114,13,0.9010416666666666,26.647063766198308,0.9693520140105079,ELECTRE-III,1
498,002,0,0,"[18.10887713136022, 42.569700417238074]","[np.float64(15.3427596288542), np.float64(44.2346711001931)]",2026-04-24 07:17:40,269.30908211565713,1,2.4800876469619273,355.0118148196736,27.091760451824378,64.79691865583294,34.85891554890875,3,3,3,933,2,0.9011574074074075,29.451971104464302,0.05166374781085814,ELECTRE-III,1
499,0032,0,0,"[18.10887713136022, 42.569700417238074]","[np.float64(15.42495226389465), np.float64(44.18953098119557)]",2026-04-24 07:17:40,992.266944562694,2,7.7453517710343815,344.67558868424896,26.411325182960827,64.75009087888333,23.240813766198308,4,4,3,799,6,0.9011574074074075,27.746600803235346,0.37215411558669004,ELECTRE-III,1
500,0035,0,0,"[18.10887713136022, 42.569700417238074]","[np.float64(15.2923887388045), np.float64(44.23330739673958)]",2026-04-24 07:17:40,843.0890249970316,2,2.636230885092874,359.81494664970836,27.4051741402369,64.79754703323658,27.488054479282486,3,3,3,1153,9,0.9011574074074075,24.784582257060265,0.5507880910683012,ELECTRE-III,1
501,0058,0,0,"[18.10887713136022, 42.569700417238074]","[np.float64(15.45444055731951), np.float64(44.12267217953321)]",2026-04-24 07:17:40,457.46043298140626,1,6.023804569009158,338.299845538406,25.987555613226043,64.68446642133785,26.73897424158776,1,1,1,1274,3,0.9011574074074075,33.047076093439614,0.17425569176882663,ELECTRE-III,1
502,0059,1,0,"[18.10887713136022, 42.569700417238074]","[np.float64(15.4764160657426), np.float64(45.23881511288025)]",2026-04-24 07:17:40,658.0145776256252,1,2.6303988874905126,407.91807267097954,30.446084119425986,65.75766672486527,33.98621495467194,3,3,3,1494,10,0.9011574074074075,34.88737236207935,0.6427320490367776,ELECTRE-III,1
503,0060,0,0,"[18.10887713136022, 42.569700417238074]","[np.float64(15.30683053261572), np.float64(44.23638087245664)]",2026-04-24 07:17:40,972.7742833911208,2,7.345811815385931,358.57677437975724,27.32454995319789,64.79995809001359,28.360755073519297,3,3,3,970,14,0.9011574074074075,26.558440258704483,1.0,ELECTRE-III,1
504,0063,0,0,"[18.10887713136022, 42.569700417238074]","[np.float64(15.39933520632134), np.float64(44.14980389326286)]",2026-04-24 07:17:40,168.36601742170186,1,6.242104602766946,345.06900101866063,26.437372580699602,64.7129004988526,35.484375430061384,3,3,3,596,3,0.9011574074074075,39.08900505969101,0.17425569176882663,ELECTRE-III,1
505,0085,0,0,"[18.10887713136022, 42.569700417238074]","[np.float64(15.40784146127796), np.float64(44.19355823951757)]",2026-04-24 07:17:40,597.2528982480844,1,6.33587263748521,346.54172279675856,26.53477534478888,64.75468759619474,32.48805447928248,3,3,3,1297,2,0.9011574074074075,36.99384151631952,0.05166374781085814,ELECTRE-III,1
506,0090,1,0,"[18.10887713136022, 42.569700417238074]","[np.float64(15.4110937526177), np.float64(44.24364969064708)]",2026-04-24 07:17:40,925.9142681898061,1,4.987380215497228,348.9208514388424,26.691777159969458,64.80278578832997,24.611674835824573,4,4,3,1093,3,0.9011574074074075,30.018619280269018,0.17425569176882663,ELECTRE-III,1
507,0091,1,0,"[18.10887713136022, 42.569700417238074]","[np.float64(15.51160321751433), np.float64(45.24017741284241)]",2026-04-24 07:17:40,774.060892787937,1,4.030602345385561,405.20337343015814,30.27922569475706,65.75716812105586,34.60799578660347,4,4,3,643,3,0.9011574074074075,31.003366156973836,0.17425569176882663,ELECTRE-III,1
508,0096,0,0,"[18.10887713136022, 42.569700417238074]","[np.float64(15.39577421805864), np.float64(44.19968681214924)]",2026-04-24 07:17:40,768.8608797479272,2,2.579911637491426,348.03279997334545,26.63322391163668,64.76108748344706,24.491733528503584,3,3,3,1103,6,0.9011574074074075,20.887103898873953,0.37215411558669004,ELECTRE-III,1
509,0101,0,0,"[18.10887713136022, 42.569700417238074]","[np.float64(15.41347928742369), np.float64(44.18270013506211)]",2026-04-24 07:17:40,266.70597182046174,1,4.828802463754964,345.42121087366456,26.46068202195172,64.7439915199545,24.989894003893035,3,3,3,1019,14,0.9011574074074075,32.1991532631523,1.0,ELECTRE-III,1
510,0109,0,0,"[18.10887713136022, 42.569700417238074]","[np.float64(15.37635783300071), np.float64(44.1495292499775)]",2026-04-24 07:17:40,135.65829329613777,1,6.398729150481616,347.29263175087556,26.584375368668702,64.71356985739128,29.73529519236666,2,2,2,1458,4,0.9011574074074075,36.04339704421851,0.23029772329246936,ELECTRE-III,1
511,0121,0,0,"[18.10887713136022, 42.569700417238074]","[np.float64(15.39087795295792), np.float64(44.18702255028052)]",2026-04-24 07:17:40,463.4886480390092,1,3.8103072311314143,347.8365148960477,26.620273840953317,64.7490936712645,24.73529519236666,3,3,3,950,5,0.9011574074074075,31.043397044218512,0.28633975481611207,ELECTRE-III,1
512,0130,1,0,"[18.10887713136022, 42.569700417238074]","[np.float64(15.2948568596464), np.float64(44.15542867319083)]",2026-04-24 07:17:40,304.60422824543974,1,7.193962588509201,355.5628212771206,27.12780433673514,64.72240812217727,25.858915548908747,3,3,3,1353,9,0.9011574074074075,22.254285919279116,0.5507880910683012,ELECTRE-III,1
513,0131,1,0,"[18.10887713136022, 42.569700417238074]","[np.float64(15.34038522057796), np.float64(44.14917350214408)]",2026-04-24 07:17:40,798.2444009100614,1,5.48315969314759,350.78671792136134,26.8146063190272,64.71464902728013,21.862594598129846,1,1,1,886,8,0.9011574074074075,28.170696449981698,0.4816112084063047,ELECTRE-III,1
514,0156,0,0,"[18.10887713136022, 42.569700417238074]","[np.float64(15.44233494522652), np.float64(44.18018081454147)]",2026-04-24 07:17:40,432.8616403899626,1,5.433726163665543,342.5002467039039,26.26708583556688,64.74035102912688,24.73897424158776,3,3,3,1198,12,0.9011574074074075,21.134344611958127,0.8957968476357268,ELECTRE-III,1
515,0159,0,0,"[18.10887713136022, 42.569700417238074]","[np.float64(15.42750224499109), np.float64(44.21855778761622)]",2026-04-24 07:17:40,67.8842271666572,1,5.427641715229791,345.98689850432413,26.49809979059293,64.7779307299403,20.73529519236666,2,2,2,798,4,0.9011574074074075,23.43876741458888,0.23029772329246936,ELECTRE-III,1
516,0161,0,0,"[18.10887713136022, 42.569700417238074]","[np.float64(15.33418495405879), np.float64(44.26813185045549)]",2026-04-24 07:17:40,890.2731428326216,2,2.176197796808286,357.6285434774986,27.26272604922789,64.82949182798473,22.61535388504567,1,1,1,518,12,0.9011574074074075,15.406094625786412,0.8957968476357268,ELECTRE-III,1
517,0163,0,0,"[18.10887713136022, 42.569700417238074]","[np.float64(15.37705812502612), np.float64(44.19470686855086)]",2026-04-24 07:17:40,913.9887166616593,2,4.343097563349595,349.57970741570244,26.735179675099,64.75705084164757,26.986214954671933,4,4,3,1170,13,0.9011574074074075,19.776955695412674,0.9693520140105079,ELECTRE-III,1
518,0173,0,0,"[18.10887713136022, 42.569700417238074]","[np.float64(15.32990527675897), np.float64(44.28759755949845)]",2026-04-24 07:17:40,645.0571969130319,1,6.161651566903016,359.0915695579554,27.358085353538325,64.84841145198567,24.73529519236666,3,3,3,1434,9,0.9011574074074075,24.73529519236666,0.5507880910683012,ELECTRE-III,1
519,0178,0,0,"[18.10887713136022, 42.569700417238074]","[np.float64(15.32594201289743), np.float64(44.18445239523339)]",2026-04-24 07:17:40,709.5775864746653,1,2.620828236240676,354.0091403142994,27.026111317752974,64.74919612410206,23.866273647350948,1,1,1,861,14,0.9011574074074075,24.767431054758354,1.0,ELECTRE-III,1
520,0188,0,0,"[18.10887713136022, 42.569700417238074]","[np.float64(15.34798205713934), np.float64(44.26709886600003)]",2026-04-24 07:17:40,795.0934414714468,2,6.402255856985792,356.24681221917564,27.172515050818408,64.8279482052323,24.611674835824573,2,2,2,1005,7,0.9011574074074075,28.216304465454204,0.4246935201401051,ELECTRE-III,1
521,0205,0,0,"[18.10887713136022, 42.569700417238074]","[np.float64(15.40220552851947), np.float64(44.29222225171446)]",2026-04-24 07:17:40,213.89531575345126,1,6.851783763458751,352.43573379959224,26.92293920329411,64.8499277539814,29.862594598129846,2,2,2,796,5,0.9011574074074075,35.269539042574294,0.28633975481611207,ELECTRE-III,1
522,0208,0,0,"[18.10887713136022, 42.569700417238074]","[np.float64(15.27195092001394), np.float64(44.26818963219309)]",2026-04-24 07:17:40,298.11522403963113,1,2.413473079567288,363.63271306298395,27.653030077810634,64.83192337532925,29.23345566775611,4,4,3,842,6,0.9011574074074075,31.035770482570925,0.37215411558669004,ELECTRE-III,1
523,0211,0,0,"[18.10887713136022, 42.569700417238074]","[np.float64(15.43529290832991), np.float64(44.14410430439714)]",2026-04-24 07:17:40,369.56026611908044,1,6.411061100964077,341.2775908688794,26.185858031154247,64.70591321533169,25.360755073519297,2,2,2,1492,11,0.9011574074074075,16.349180999445224,0.7574430823117339,ELECTRE-III,1
524,0214,0,0,"[18.10887713136022, 42.569700417238074]","[np.float64(15.30828002369227), np.float64(44.12723827269749)]",2026-04-24 07:17:40,796.9266399460554,2,6.404884037962831,352.82623792463124,26.948563156399253,64.69473902584954,34.48805447928248,2,2,2,1499,13,0.9011574074074075,35.38921188668989,0.9693520140105079,ELECTRE-III,1
525,0221,0,0,"[18.10887713136022, 42.569700417238074]","[np.float64(15.40097554812284), np.float64(44.20927759626986)]",2026-04-24 07:17:40,285.2122872716585,1,2.8036559768201093,348.0413930381041,26.633790779151255,64.77010333315147,17.240813766198308,2,2,2,681,12,0.9011574074074075,10.031554506939049,0.8957968476357268,ELECTRE-III,1
526,0226,0,0,"[18.10887713136022, 42.569700417238074]","[np.float64(15.41434906562974), np.float64(44.25071440543049)]",2026-04-24 07:17:40,281.00966102941015,1,5.7380455137471955,348.9940023939312,26.69659765405004,64.80944522277073,33.61167483582457,2,2,2,1475,3,0.9011574074074075,25.501258169157907,0.17425569176882663,ELECTRE-III,1
527,0237,0,0,"[18.10887713136022, 42.569700417238074]","[np.float64(15.32690273889364), np.float64(44.13657879128296)]",2026-04-24 07:17:40,999.7747031279232,2,6.127877465873345,351.46724212181095,26.85933883323667,64.70303770569112,30.73529519236666,1,1,1,1253,3,0.9011574074074075,32.53761000718148,0.17425569176882663,ELECTRE-III,1
528,0250,1,0,"[18.10887713136022, 42.569700417238074]","[np.float64(15.42485477292705), np.float64(44.12079793747954)]",2026-04-24 07:17:40,860.082295004644,1,2.412357679259772,341.0833146003497,26.172940737004943,64.68391317601508,15.240813766198308,2,2,2,1114,13,0.9011574074074075,8.031554506939049,0.9693520140105079,ELECTRE-III,1
529,002,0,0,"[17.507825607040978, 42.4328268413656]","[np.float64(15.3427596288542), np.float64(44.2346711001931)]",2026-04-24 07:17:50,269.30908211565713,1,2.4800876469619273,308.03440761696476,23.934214501678607,64.83706650777427,34.85891554890875,3,3,3,933,2,0.9012731481481482,37.56273499335319,0.05166374781085814,ELECTRE-III,1
530,005,0,0,"[17.507825607040978, 42.4328268413656]","[np.float64(15.33268459438334), np.float64(45.40338037821193)]",2026-04-24 07:17:50,488.35380183430004,1,4.33382984784952,398.58321179587386,29.869931500386254,65.9632007773693,21.360755073519297,1,1,1,1421,7,0.9012731481481482,26.768393962408187,0.4246935201401051,ELECTRE-III,1
531,0013,0,0,"[17.507825607040978, 42.4328268413656]","[np.float64(15.45581231131253), np.float64(45.36894274303858)]",2026-04-24 07:17:50,848.1374744683179,2,4.847111201084839,387.3744074773479,29.16922297526992,65.92403647266845,27.986214954671933,3,3,3,609,11,0.9012731481481482,28.887488102820083,0.7574430823117339,ELECTRE-III,1
532,0032,0,0,"[17.507825607040978, 42.4328268413656]","[np.float64(15.42495226389465), np.float64(44.18953098119557)]",2026-04-24 07:17:50,992.266944562694,2,7.7453517710343815,297.87026217750133,23.229390423422466,64.79021824025715,26.240813766198308,4,4,3,799,6,0.9012731481481482,30.747179506939048,0.37215411558669004,ELECTRE-III,1
533,0033,0,0,"[17.507825607040978, 42.4328268413656]","[np.float64(15.45058864625564), np.float64(45.41256118734638)]",2026-04-24 07:17:50,647.1245175271279,1,5.5813122071660874,391.4845830547666,29.42729379001961,65.96628119268497,27.989894003893035,1,1,1,1225,11,0.9012731481481482,28.891167152041184,0.7574430823117339,ELECTRE-III,1
534,0035,0,0,"[17.507825607040978, 42.4328268413656]","[np.float64(15.2923887388045), np.float64(44.23330739673958)]",2026-04-24 07:17:50,843.0890249970316,2,2.636230885092874,312.3568574064099,24.23164879658905,64.83770854555625,30.488054479282486,3,3,3,1153,9,0.9012731481481482,29.586781331134336,0.5507880910683012,ELECTRE-III,1
535,0040,0,0,"[17.507825607040978, 42.4328268413656]","[np.float64(15.43392485301), np.float64(45.3460413915903)]",2026-04-24 07:17:50,968.6034430341491,2,7.182897766810635,386.8635552077477,29.137056308141023,65.90310194286235,25.491733528503584,4,4,3,933,6,0.9012731481481482,21.88664093591099,0.37215411558669004,ELECTRE-III,1
536,0058,0,0,"[17.507825607040978, 42.4328268413656]","[np.float64(15.45444055731951), np.float64(44.12267217953321)]",2026-04-24 07:17:50,457.46043298140626,1,6.023804569009158,290.8503937719519,22.738206189025124,64.7245869525225,21.73897424158776,1,1,1,1274,3,0.9012731481481482,16.33133535269887,0.17425569176882663,ELECTRE-III,1
537,0059,1,0,"[17.507825607040978, 42.4328268413656]","[np.float64(15.4764160657426), np.float64(45.23881511288025)]",2026-04-24 07:17:50,658.0145776256252,1,2.6303988874905126,374.85429104550246,28.37507301177556,65.79776676548242,25.986214954671933,3,3,3,1494,10,0.9012731481481482,31.393853843560823,0.6427320490367776,ELECTRE-III,1
538,0060,0,0,"[17.507825607040978, 42.4328268413656]","[np.float64(15.30683053261572), np.float64(44.23638087245664)]",2026-04-24 07:17:50,972.7742833911208,2,7.345811815385931,311.2901237384155,24.15837357807736,64.84011960233326,21.360755073519297,3,3,3,970,14,0.9012731481481482,23.163301369815592,1.0,ELECTRE-III,1
539,0062,0,0,"[17.507825607040978, 42.4328268413656]","[np.float64(15.51288196486727), np.float64(45.29347114966385)]",2026-04-24 07:17:50,68.31659015563761,1,7.518150402852092,377.0987672811773,28.518329064011585,65.84846042950225,27.240813766198308,4,4,3,520,7,0.9012731481481482,33.54972580323535,0.4246935201401051,ELECTRE-III,1
540,0063,0,0,"[17.507825607040978, 42.4328268413656]","[np.float64(15.39933520632134), np.float64(44.14980389326286)]",2026-04-24 07:17:50,168.36601742170186,1,6.242104602766946,297.4720668872637,23.201624162492433,64.7530346904156,29.484375430061384,3,3,3,596,3,0.9012731481481482,35.79328746709842,0.17425569176882663,ELECTRE-III,1
541,0074,0,0,"[17.507825607040978, 42.4328268413656]","[np.float64(15.37334136395665), np.float64(45.41621112146088)]",2026-04-24 07:17:50,840.7309801614637,2,5.092246819757287,396.9262393850223,29.766958653710223,65.9736304762319,24.10983531121402,1,1,1,531,11,0.9012731481481482,28.61620105195476,0.7574430823117339,ELECTRE-III,1
542,0075,1,0,"[17.507825607040978, 42.4328268413656]","[np.float64(15.35346315118163), np.float64(45.24627122619385)]",2026-04-24 07:17:50,840.0684236840549,1,6.3727351406249255,383.9413044788099,28.952664715957894,65.8109353702022,24.360755073519297,1,1,1,758,9,0.9012731481481482,27.06457451796374,0.5507880910683012,ELECTRE-III,1
543,0085,0,0,"[17.507825607040978, 42.4328268413656]","[np.float64(15.40784146127796), np.float64(44.19355823951757)]",2026-04-24 07:17:50,597.2528982480844,1,6.33587263748521,299.6259628005778,23.3516781213334,64.79481495756858,31.488054479282486,3,3,3,1297,2,0.9012731481481482,35.09314707187508,0.05166374781085814,ELECTRE-III,1
544,0088,0,0,"[17.507825607040978, 42.4328268413656]","[np.float64(15.35191914535631), np.float64(45.37223784869551)]",2026-04-24 07:17:50,737.9549142248079,2,4.368062960437277,394.63356371012094,29.62413010332326,65.93230783175332,25.360755073519297,3,3,3,1297,12,0.9012731481481482,19.05184303648226,0.8957968476357268,ELECTRE-III,1
545,0089,0,0,"[17.507825607040978, 42.4328268413656]","[np.float64(15.50102070048514), np.float64(45.41931108805838)]",2026-04-24 07:17:50,20.14087946653635,1,6.402852283653443,388.79046384740366,29.258282000783275,65.97014024956603,24.73897424158776,1,1,1,955,3,0.9012731481481482,19.33133535269887,0.17425569176882663,ELECTRE-III,1
546,0090,1,0,"[17.507825607040978, 42.4328268413656]","[np.float64(15.4110937526177), np.float64(44.24364969064708)]",2026-04-24 07:17:50,925.9142681898061,1,4.987380215497228,302.7218557128792,23.566764250537314,64.8429131497038,22.611674835824573,4,4,3,1093,3,0.9012731481481482,22.611674835824573,0.17425569176882663,ELECTRE-III,1
547,0091,1,0,"[17.507825607040978, 42.4328268413656]","[np.float64(15.51160321751433), np.float64(45.24017741284241)]",2026-04-24 07:17:50,774.060892787937,1,4.030602345385561,372.60498290083416,28.231119323646936,65.79726133148384,33.60799578660347,4,4,3,643,3,0.9012731481481482,30.002903194010877,0.17425569176882663,ELECTRE-III,1
548,0096,0,0,"[17.507825607040978, 42.4328268413656]","[np.float64(15.39577421805864), np.float64(44.19968681214924)]",2026-04-24 07:17:50,768.8608797479272,2,2.579911637491426,301.08492602931335,23.453126412244682,64.80122167501004,27.491733528503584,3,3,3,1103,6,0.9012731481481482,30.19555297294803,0.37215411558669004,ELECTRE-III,1
549,0101,0,0,"[17.507825607040978, 42.4328268413656]","[np.float64(15.41347928742369), np.float64(44.18270013506211)]",2026-04-24 07:17:50,266.70597182046174,1,4.828802463754964,298.41068757299433,23.267055956844885,64.7841257115175,23.989894003893035,3,3,3,1019,14,0.9012731481481482,23.989894003893035,1.0,ELECTRE-III,1
550,0105,1,0,"[17.507825607040978, 42.4328268413656]","[np.float64(15.39117977665373), np.float64(45.2916135229267)]",2026-04-24 07:17:50,652.644586713031,1,7.777193418688685,385.13199267468497,29.027875714143647,65.85281126000355,24.73897424158776,4,4,3,539,2,0.9012731481481482,21.133881648995164,0.05166374781085814,ELECTRE-III,1
551,0106,1,0,"[17.507825607040978, 42.4328268413656]","[np.float64(15.33619727680601), np.float64(45.31020149761281)]",2026-04-24 07:17:50,892.4687196989154,1,4.64909794812649,390.4872374975305,29.36479206018567,65.87330182751359,21.866273647350948,3,3,3,968,2,0.9012731481481482,15.55736161031391,0.05166374781085814,ELECTRE-III,1
552,0109,0,0,"[17.507825607040978, 42.4328268413656]","[np.float64(15.37635783300071), np.float64(44.1495292499775)]",2026-04-24 07:17:50,135.65829329613777,1,6.398729150481616,299.47845570597264,23.341412636684662,64.75371087914344,29.73529519236666,2,2,2,1458,4,0.9012731481481482,37.846753525699995,0.23029772329246936,ELECTRE-III,1
553,0112,0,0,"[17.507825607040978, 42.4328268413656]","[np.float64(15.50564334346546), np.float64(45.39069633393365)]",2026-04-24 07:17:50,28.907868652926034,1,6.272989878821795,385.9967562882092,29.082430773797423,65.94236870040075,26.491733528503584,2,2,2,567,13,0.9012731481481482,33.70191871368877,0.9693520140105079,ELECTRE-III,1
554,0116,0,0,"[17.507825607040978, 42.4328268413656]","[np.float64(15.33542420597953), np.float64(45.43101993676022)]",2026-04-24 07:17:50,679.962821607254,1,2.9017700802156625,400.74474313451367,30.00394138339954,65.98969508115977,28.113514360435122,4,4,3,1014,10,0.9012731481481482,28.113514360435122,0.6427320490367776,ELECTRE-III,1
555,0121,0,0,"[17.507825607040978, 42.4328268413656]","[np.float64(15.39087795295792), np.float64(44.18702255028052)]",2026-04-24 07:17:50,463.4886480390092,1,3.8103072311314143,300.66919984564663,23.424234938066125,64.7892278628275,19.73529519236666,3,3,3,950,5,0.9012731481481482,17.932748896070365,0.28633975481611207,ELECTRE-III,1
556,0123,0,0,"[17.507825607040978, 42.4328268413656]","[np.float64(15.44551533720978), np.float64(45.29543178188873)]",2026-04-24 07:17:50,320.8894006546669,1,2.024513929788277,381.7618229977928,28.814712236676353,65.85381529781154,23.60799578660347,4,4,3,1273,8,0.9012731481481482,16.397810601418286,0.4816112084063047,ELECTRE-III,1
557,0124,0,0,"[17.507825607040978, 42.4328268413656]","[np.float64(15.36298395998675), np.float64(45.32029422441961)]",2026-04-24 07:17:50,897.1266233857576,2,4.125012437998357,389.4864756460553,29.301999022999183,65.8817712620844,27.113514360435122,2,2,2,828,12,0.9012731481481482,22.60714861969438,0.8957968476357268,ELECTRE-III,1
558,0130,1,0,"[17.507825607040978, 42.4328268413656]","[np.float64(15.2948568596464), np.float64(44.15542867319083)]",2026-04-24 07:17:50,304.60422824543974,1,7.193962588509201,307.0989613137899,23.869663554241033,64.76256963449694,26.858915548908747,3,3,3,1353,9,0.9012731481481482,21.451276660019857,0.5507880910683012,ELECTRE-III,1
559,0131,1,0,"[17.507825607040978, 42.4328268413656]","[np.float64(15.34038522057796), np.float64(44.14917350214408)]",2026-04-24 07:17:50,798.2444009100614,1,5.48315969314759,302.6409703623366,23.561153688517592,64.75479687922147,24.862594598129846,1,1,1,886,8,0.9012731481481482,28.467687190722437,0.4816112084063047,ELECTRE-III,1
560,0138,0,0,"[17.507825607040978, 42.4328268413656]","[np.float64(15.47160806218905), np.float64(45.34297061144142)]",2026-04-24 07:17:50,712.6490536265843,2,7.700405738719188,384.0922191520448,28.962203445190553,65.89823201798413,28.866273647350948,1,1,1,898,6,0.9012731481481482,34.273912536239834,0.37215411558669004,ELECTRE-III,1
561,0140,0,0,"[17.507825607040978, 42.4328268413656]","[np.float64(15.41158803410696), np.float64(45.24775055026569)]",2026-04-24 07:17:50,439.7417655529212,1,4.462084559100004,380.0322756650014,28.70497804114663,65.80959665312487,27.491733528503584,1,1,1,701,11,0.9012731481481482,20.2815483433184,0.7574430823117339,ELECTRE-III,1
562,0151,0,0,"[17.507825607040978, 42.4328268413656]","[np.float64(15.34959558750117), np.float64(45.36079909356824)]",2026-04-24 07:17:50,537.154986877456,1,3.9473611668500523,393.82409002878313,29.573604710282808,65.92140684983798,22.862594598129846,2,2,2,726,2,0.9012731481481482,28.270233487018736,0.05166374781085814,ELECTRE-III,1
563,0156,0,0,"[17.507825607040978, 42.4328268413656]","[np.float64(15.44233494522652), np.float64(44.18018081454147)]",2026-04-24 07:17:50,432.8616403899626,1,5.433726163665543,295.7356488186898,23.080408472945706,64.78047156031154,24.73897424158776,3,3,3,1198,12,0.9012731481481482,17.528789056402573,0.8957968476357268,ELECTRE-III,1
564,0159,0,0,"[17.507825607040978, 42.4328268413656]","[np.float64(15.42750224499109), np.float64(44.21855778761622)]",2026-04-24 07:17:50,67.8842271666572,1,5.427641715229791,299.6064286890751,23.350318772021517,64.81805809131413,21.73529519236666,2,2,2,798,4,0.9012731481481482,28.044207229403696,0.23029772329246936,ELECTRE-III,1
565,0161,0,0,"[17.507825607040978, 42.4328268413656]","[np.float64(15.33418495405879), np.float64(44.26813185045549)]",2026-04-24 07:17:50,890.2731428326216,2,2.176197796808286,311.0161630876467,24.13954130451224,64.86963967992607,15.615353885045671,1,1,1,518,12,0.9012731481481482,8.405168699860486,0.8957968476357268,ELECTRE-III,1
566,0163,0,0,"[17.507825607040978, 42.4328268413656]","[np.float64(15.37705812502612), np.float64(44.19470686855086)]",2026-04-24 07:17:50,913.9887166616593,2,4.343097563349595,302.3862915459992,23.543484921226185,64.79719186339973,27.986214954671933,4,4,3,1170,13,0.9012731481481482,23.479849213931193,0.9693520140105079,ELECTRE-III,1
567,0173,0,0,"[17.507825607040978, 42.4328268413656]","[np.float64(15.32990527675897), np.float64(44.28759755949845)]",2026-04-24 07:17:50,645.0571969130319,1,6.161651566903016,312.6966212187009,24.25496989350429,64.88856613411616,27.73529519236666,3,3,3,1434,9,0.9012731481481482,31.340387784959255,0.5507880910683012,ELECTRE-III,1
568,0176,0,0,"[17.507825607040978, 42.4328268413656]","[np.float64(15.32890060326895), np.float64(45.274815232019)]",2026-04-24 07:17:50,907.6609936614154,2,5.452210441862271,388.0388960975293,29.211033464467924,65.83955386282456,32.61167483582457,2,2,2,1085,10,0.9012731481481482,30.809128539528277,0.6427320490367776,ELECTRE-III,1
569,0177,0,0,"[17.507825607040978, 42.4328268413656]","[np.float64(15.46732069425616), np.float64(45.41373700195285)]",2026-04-24 07:17:50,993.2717031771266,2,6.411487435811834,390.49147718316175,29.36505791572843,65.9665475700626,28.23345566775611,4,4,3,827,11,0.9012731481481482,30.937275112200556,0.7574430823117339,ELECTRE-III,1
570,0178,0,0,"[17.507825607040978, 42.4328268413656]","[np.float64(15.32594201289743), np.float64(44.18445239523339)]",2026-04-24 07:17:50,709.5775864746653,1,2.620828236240676,306.2063951278445,23.80801150581439,64.78935080623256,20.866273647350948,1,1,1,861,14,0.9012731481481482,12.754815314017614,1.0,ELECTRE-III,1
571,0183,0,0,"[17.507825607040978, 42.4328268413656]","[np.float64(15.44196903440522), np.float64(45.3642071211996)]",2026-04-24 07:17:50,71.73819105256885,1,7.072525034879055,387.8849239749475,29.20134837242282,65.92018424597656,26.862594598129846,2,2,2,1155,11,0.9012731481481482,19.65240941294466,0.7574430823117339,ELECTRE-III,1
572,0188,0,0,"[17.507825607040978, 42.4328268413656]","[np.float64(15.34798205713934), np.float64(44.26709886600003)]",2026-04-24 07:17:50,795.0934414714468,2,6.402255856985792,309.75156961564244,24.052540234438972,64.86809605717364,26.611674835824573,2,2,2,1005,7,0.9012731481481482,19.401489650639387,0.4246935201401051,ELECTRE-III,1
573,0192,0,0,"[17.507825607040978, 42.4328268413656]","[np.float64(15.43612326121614), np.float64(45.43250553526382)]",2026-04-24 07:17:50,949.8934215407896,2,3.243479373452349,394.15953530631333,29.594548536648762,65.98621168468307,33.48805447928248,3,3,3,636,4,0.9012731481481482,25.37659614594915,0.23029772329246936,ELECTRE-III,1
574,0198,0,0,"[17.507825607040978, 42.4328268413656]","[np.float64(15.40213287302873), np.float64(45.36219283882739)]",2026-04-24 07:17:50,401.22790430764445,1,7.880841730180043,390.3776903895439,29.357922270991256,65.92022522711157,26.491733528503584,1,1,1,757,10,0.9012731481481482,24.68918723220729,0.6427320490367776,ELECTRE-III,1
575,0205,0,0,"[17.507825607040978, 42.4328268413656]","[np.float64(15.40220552851947), np.float64(44.29222225171446)]",2026-04-24 07:17:50,213.89531575345126,1,6.851783763458751,306.80784160612757,23.84956154276292,64.8900619455444,29.862594598129846,2,2,2,796,5,0.9012731481481482,24.454955709240956,0.28633975481611207,ELECTRE-III,1
576,0208,0,0,"[17.507825607040978, 42.4328268413656]","[np.float64(15.27195092001394), np.float64(44.26818963219309)]",2026-04-24 07:17:50,298.11522403963113,1,2.413473079567288,316.44658072365456,24.5117952407093,64.87208488764892,27.23345566775611,4,4,3,842,6,0.9012731481481482,30.838548260348702,0.37215411558669004,ELECTRE-III,1
577,0211,0,0,"[17.507825607040978, 42.4328268413656]","[np.float64(15.43529290832991), np.float64(44.14410430439714)]",2026-04-24 07:17:50,369.56026611908044,1,6.411061100964077,293.9431560515784,22.955048658355018,64.74604057670551,29.360755073519297,2,2,2,1492,11,0.9012731481481482,26.65693562907485,0.7574430823117339,ELECTRE-III,1
578,0214,0,0,"[17.507825607040978, 42.4328268413656]","[np.float64(15.30828002369227), np.float64(44.12723827269749)]",2026-04-24 07:17:50,796.9266399460554,2,6.404884037962831,304.1042007219244,23.662575629585074,64.73490053816921,29.488054479282486,2,2,2,1499,13,0.9012731481481482,33.99442022002323,0.9693520140105079,ELECTRE-III,1
579,0217,0,0,"[17.507825607040978, 42.4328268413656]","[np.float64(15.47756969465248), np.float64(45.36831127753246)]",2026-04-24 07:17:50,411.5535518840333,1,2.4062235810687502,385.88580522265244,29.075434467849885,65.92230843480843,27.3644341227404,2,2,2,1206,14,0.9012731481481482,33.67334615977744,1.0,ELECTRE-III,1
580,0221,0,0,"[17.507825607040978, 42.4328268413656]","[np.float64(15.40097554812284), np.float64(44.20927759626986)]",2026-04-24 07:17:50,285.2122872716585,1,2.8036559768201093,301.2744448793557,23.466293097904728,64.81024435490363,21.240813766198308,2,2,2,681,12,0.9012731481481482,15.833174877309418,0.8957968476357268,ELECTRE-III,1
581,0226,0,0,"[17.507825607040978, 42.4328268413656]","[np.float64(15.41434906562974), np.float64(44.25071440543049)]",2026-04-24 07:17:50,281.00966102941015,1,5.7380455137471955,302.9236387453698,23.58075871585085,64.84957941433373,28.611674835824573,2,2,2,1475,3,0.9012731481481482,30.41422113212087,0.17425569176882663,ELECTRE-III,1
582,0227,0,0,"[17.507825607040978, 42.4328268413656]","[np.float64(15.48070332949718), np.float64(45.28359009426529)]",2026-04-24 07:17:50,885.2803667236802,2,2.824997324944545,378.3878996698721,28.60043379358293,65.84063303271341,26.23713471697721,3,3,3,887,11,0.9012731481481482,32.54604675401425,0.7574430823117339,ELECTRE-III,1
583,0232,0,0,"[17.507825607040978, 42.4328268413656]","[np.float64(15.39926209997388), np.float64(45.37329599933501)]",2026-04-24 07:17:50,13.674566978635893,1,5.488526867915704,391.5185644377606,29.429421984633354,65.93105790713521,26.23713471697721,2,2,2,814,4,0.9012731481481482,28.039681013273505,0.23029772329246936,ELECTRE-III,1
584,0237,0,0,"[17.507825607040978, 42.4328268413656]","[np.float64(15.32690273889364), np.float64(44.13657879128296)]",2026-04-24 07:17:50,999.7747031279232,2,6.127877465873345,303.03255368461714,23.588311165494467,64.74318555763244,26.73529519236666,1,1,1,1253,3,0.9012731481481482,19.525110007181475,0.17425569176882663,ELECTRE-III,1
585,0239,0,0,"[17.507825607040978, 42.4328268413656]","[np.float64(15.40405130175025), np.float64(45.2990583496326)]",2026-04-24 07:17:50,551.9154118585325,1,4.430504794424978,384.8812671530989,29.01204748212463,65.85935458122842,29.488054479282486,2,2,2,1214,12,0.9012731481481482,26.78423503483804,0.8957968476357268,ELECTRE-III,1
586,0250,1,0,"[17.507825607040978, 42.4328268413656]","[np.float64(15.42485477292705), np.float64(44.12079793747954)]",2026-04-24 07:17:50,860.082295004644,1,2.412357679259772,293.3256252273231,22.91180707068982,64.72404736757807,15.240813766198308,2,2,2,1114,13,0.9012731481481482,12.536994321753863,0.9693520140105079,ELECTRE-III,1
587,002,0,0,"[16.906741639323176, 42.29658164289677]","[np.float64(15.3427596288542), np.float64(44.2346711001931)]",2026-04-24 07:18:00,269.30908211565713,1,2.4800876469619273,270.37117448982656,21.28508364842876,64.87721435971561,28.858915548908747,3,3,3,933,2,0.9013888888888889,24.351971104464305,0.05166374781085814,ELECTRE-III,1
588,005,0,0,"[16.906741639323176, 42.29658164289677]","[np.float64(15.33268459438334), np.float64(45.40338037821193)]",2026-04-24 07:18:00,488.35380183430004,1,4.33382984784952,375.18953550979336,28.396494994480424,66.00334179912146,25.360755073519297,1,1,1,1421,7,0.9013888888888889,32.57186618463041,0.4246935201401051,ELECTRE-III,1
589,0013,0,0,"[16.906741639323176, 42.29658164289677]","[np.float64(15.45581231131253), np.float64(45.36894274303858)]",2026-04-24 07:18:00,848.1374744683179,2,4.847111201084839,365.60666220270036,27.780743670576392,65.96414334347476,30.986214954671933,3,3,3,609,11,0.9013888888888889,21.972326065783044,0.7574430823117339,ELECTRE-III,1
590,0032,0,0,"[16.906741639323176, 42.29658164289677]","[np.float64(15.42495226389465), np.float64(44.18953098119557)]",2026-04-24 07:18:00,992.266944562694,2,7.7453517710343815,260.7978656371781,20.595689593758596,64.83034560163098,26.240813766198308,4,4,3,799,6,0.9013888888888889,28.043591543976085,0.37215411558669004,ELECTRE-III,1
591,0033,0,0,"[16.906741639323176, 42.29658164289677]","[np.float64(15.45058864625564), np.float64(45.41256118734638)]",2026-04-24 07:18:00,647.1245175271279,1,5.5813122071660874,370.04974224095923,28.06711377851749,66.00638806349129,28.989894003893035,1,1,1,1225,11,0.9013888888888889,28.088505115004146,0.7574430823117339,ELECTRE-III,1
592,0035,0,0,"[16.906741639323176, 42.29658164289677]","[np.float64(15.2923887388045), np.float64(44.23330739673958)]",2026-04-24 07:18:00,843.0890249970316,2,2.636230885092874,273.91680296204515,21.53879262830101,64.87786322768676,25.488054479282486,3,3,3,1153,9,0.9013888888888889,20.98111003483804,0.5507880910683012,ELECTRE-III,1
593,0040,0,0,"[16.906741639323176, 42.29658164289677]","[np.float64(15.43392485301), np.float64(45.3460413915903)]",2026-04-24 07:18:00,968.6034430341491,2,7.182897766810635,364.51658282158536,27.710253023674294,65.94321564385784,23.491733528503584,4,4,3,933,6,0.9013888888888889,18.08340019517025,0.37215411558669004,ELECTRE-III,1
594,0058,0,0,"[16.906741639323176, 42.29658164289677]","[np.float64(15.45444055731951), np.float64(44.12267217953321)]",2026-04-24 07:18:00,457.46043298140626,1,6.023804569009158,253.18832352048543,20.04321715767204,64.76470748370716,27.73897424158776,1,1,1,1274,3,0.9013888888888889,34.95008535269887,0.17425569176882663,ELECTRE-III,1
595,0059,1,0,"[16.906741639323176, 42.29658164289677]","[np.float64(15.4764160657426), np.float64(45.23881511288025)]",2026-04-24 07:18:00,658.0145776256252,1,2.6303988874905126,352.1355099699723,26.90323131110163,65.83787363628873,31.986214954671933,3,3,3,1494,10,0.9013888888888889,31.084826065783044,0.6427320490367776,ELECTRE-III,1
596,0060,0,0,"[16.906741639323176, 42.29658164289677]","[np.float64(15.30683053261572), np.float64(44.23638087245664)]",2026-04-24 07:18:00,972.7742833911208,2,7.345811815385931,273.1105545848116,21.481178616027897,64.88027428446377,28.360755073519297,3,3,3,970,14,0.9013888888888889,28.360755073519297,1.0,ELECTRE-III,1
597,0062,0,0,"[16.906741639323176, 42.29658164289677]","[np.float64(15.51288196486727), np.float64(45.29347114966385)]",2026-04-24 07:18:00,68.31659015563761,1,7.518150402852092,355.53983416106684,27.126301107073278,65.88854680974106,24.240813766198308,4,4,3,520,7,0.9013888888888889,20.635258210642753,0.4246935201401051,ELECTRE-III,1
598,0063,0,0,"[16.906741639323176, 42.29658164289677]","[np.float64(15.39933520632134), np.float64(44.14980389326286)]",2026-04-24 07:18:00,168.36601742170186,1,6.242104602766946,259.3645400876258,20.491928512598257,64.79317571216777,27.484375430061384,3,3,3,596,3,0.9013888888888889,21.17465320783916,0.17425569176882663,ELECTRE-III,1
599,0074,0,0,"[16.906741639323176, 42.29658164289677]","[np.float64(15.37334136395665), np.float64(45.41621112146088)]",2026-04-24 07:18:00,840.7309801614637,2,5.092246819757287,374.2916895482201,28.339103557447437,66.01375783760572,21.10983531121402,1,1,1,531,11,0.9013888888888889,23.814001977880686,0.7574430823117339,ELECTRE-III,1
600,0075,1,0,"[16.906741639323176, 42.29658164289677]","[np.float64(15.35346315118163), np.float64(45.24627122619385)]",2026-04-24 07:18:00,840.0684236840549,1,6.3727351406249255,359.30023237150755,27.37167253348511,65.8510695617652,30.360755073519297,1,1,1,758,9,0.9013888888888889,22.248255073519296,0.5507880910683012,ELECTRE-III,1
601,0085,0,0,"[16.906741639323176, 42.29658164289677]","[np.float64(15.40784146127796), np.float64(44.19355823951757)]",2026-04-24 07:18:00,597.2528982480844,1,6.33587263748521,262.34270199284623,20.70736521525158,64.83494914913156,23.488054479282486,3,3,3,1297,2,0.9013888888888889,21.68527670150471,0.05166374781085814,ELECTRE-III,1
602,0088,0,0,"[16.906741639323176, 42.29658164289677]","[np.float64(15.35191914535631), np.float64(45.37223784869551)]",2026-04-24 07:18:00,737.9549142248079,2,4.368062960437277,371.23572852102484,28.14329758431062,65.97244202331632,25.360755073519297,3,3,3,1297,12,0.9013888888888889,22.65658840685263,0.8957968476357268,ELECTRE-III,1
603,0089,0,0,"[16.906741639323176, 42.29658164289677]","[np.float64(15.50102070048514), np.float64(45.41931108805838)]",2026-04-24 07:18:00,20.14087946653635,1,6.402852283653443,368.24522101455676,27.95098983945379,66.010233459994,16.73897424158776,1,1,1,955,3,0.9013888888888889,18.541752019365536,0.17425569176882663,ELECTRE-III,1
604,0090,1,0,"[16.906741639323176, 42.29658164289677]","[np.float64(15.4110937526177), np.float64(44.24364969064708)]",2026-04-24 07:18:00,925.9142681898061,1,4.987380215497228,266.26833778722863,20.990407475288613,64.8830473412668,20.611674835824573,4,4,3,1093,3,0.9013888888888889,25.118619280269016,0.17425569176882663,ELECTRE-III,1
604,0090,1,0,"[16.906741639323176, 42.29658164289677]","[np.float64(15.4110937526177), np.float64(44.24364969064708)]",2026-04-24 07:18:00,925.9142681898061,1,4.987380215497228,266.26833778722863,20.990407475288613,64.8830473412668,20.611674835824573,4,4,3,1093,3,0.9013888888888889,25.118619280269016,0.17425569176882663,ELECTRE-III,1
605,0091,1,0,"[16.906741639323176, 42.29658164289677]","[np.float64(15.51160321751433), np.float64(45.24017741284241)]",2026-04-24 07:18:00,774.060892787937,1,4.030602345385561,350.49144948075406,26.795186613056767,65.83735454191181,33.60799578660347,4,4,3,643,3,0.9013888888888889,40.819106897714576,0.17425569176882663,ELECTRE-III,1
606,0096,0,0,"[16.906741639323176, 42.29658164289677]","[np.float64(15.39577421805864), np.float64(44.19968681214924)]",2026-04-24 07:18:00,768.8608797479272,2,2.579911637491426,263.70605363967707,20.805784894309287,64.84135586657304,26.491733528503584,3,3,3,1103,6,0.9013888888888889,25.590344639614695,0.37215411558669004,ELECTRE-III,1
607,0101,0,0,"[16.906741639323176, 42.29658164289677]","[np.float64(15.41347928742369), np.float64(44.18270013506211)]",2026-04-24 07:18:00,266.70597182046174,1,4.828802463754964,261.04684770623527,20.613699498615166,64.8242599030805,24.989894003893035,3,3,3,1019,14,0.9013888888888889,16.877394003893034,1.0,ELECTRE-III,1
608,0105,1,0,"[16.906741639323176, 42.29658164289677]","[np.float64(15.39117977665373), np.float64(45.2916135229267)]",2026-04-24 07:18:00,652.644586713031,1,7.777193418688685,361.55442614322175,27.518242737804,65.89293862137737,27.73897424158776,4,4,3,539,2,0.9013888888888889,21.429252019365535,0.05166374781085814,ELECTRE-III,1
609,0106,1,0,"[16.906741639323176, 42.29658164289677]","[np.float64(15.33619727680601), np.float64(45.31020149761281)]",2026-04-24 07:18:00,892.4687196989154,1,4.64909794812649,366.2264529136896,27.820782123141345,65.91344284926575,21.866273647350948,3,3,3,968,2,0.9013888888888889,15.556551425128724,0.05166374781085814,ELECTRE-III,1
610,0109,0,0,"[16.906741639323176, 42.29658164289677]","[np.float64(15.37635783300071), np.float64(44.1495292499775)]",2026-04-24 07:18:00,135.65829329613777,1,6.398729150481616,261.0092969362485,20.610983568410177,64.7938519008956,23.73529519236666,2,2,2,1458,4,0.9013888888888889,17.425572970144437,0.23029772329246936,ELECTRE-III,1
611,0112,0,0,"[16.906741639323176, 42.29658164289677]","[np.float64(15.50564334346546), np.float64(45.39069633393365)]",2026-04-24 07:18:00,28.907868652926034,1,6.272989878821795,365.25820033777353,27.758220093387703,65.98246191082873,21.491733528503584,2,2,2,567,13,0.9013888888888889,22.393122417392473,0.9693520140105079,ELECTRE-III,1
612,0116,0,0,"[16.906741639323176, 42.29658164289677]","[np.float64(15.33542420597953), np.float64(45.43101993676022)]",2026-04-24 07:18:00,679.962821607254,1,2.9017700802156625,377.66041118780424,28.554115860428634,66.02982927272276,24.113514360435122,4,4,3,1014,10,0.9013888888888889,29.521847693768457,0.6427320490367776,ELECTRE-III,1
613,0121,0,0,"[16.906741639323176, 42.29658164289677]","[np.float64(15.39087795295792), np.float64(44.18702255028052)]",2026-04-24 07:18:00,463.4886480390092,1,3.8103072311314143,263.01542428534356,20.755944719316247,64.8293620543905,27.73529519236666,3,3,3,950,5,0.9013888888888889,18.72140630347777,0.28633975481611207,ELECTRE-III,1
614,0123,0,0,"[16.906741639323176, 42.29658164289677]","[np.float64(15.44551533720978), np.float64(45.29543178188873)]",2026-04-24 07:18:00,320.8894006546669,1,2.024513929788277,359.1031967980134,27.358842554641107,65.89392899880703,28.60799578660347,4,4,3,1273,8,0.9013888888888889,34.917718008825695,0.4816112084063047,ELECTRE-III,1
615,0124,0,0,"[16.906741639323176, 42.29658164289677]","[np.float64(15.36298395998675), np.float64(45.32029422441961)]",2026-04-24 07:18:00,897.1266233857576,2,4.125012437998357,365.7482150806824,27.789890579914903,65.9219054536474,21.113514360435122,2,2,2,828,12,0.9013888888888889,23.817681027101788,0.8957968476357268,ELECTRE-III,1
616,0130,1,0,"[16.906741639323176, 42.29658164289677]","[np.float64(15.2948568596464), np.float64(44.15542867319083)]",2026-04-24 07:18:00,304.60422824543974,1,7.193962588509201,267.5033267840471,21.07923075271663,64.80273114681661,25.858915548908747,3,3,3,1353,9,0.9013888888888889,18.647804437797635,0.5507880910683012,ELECTRE-III,1
617,0131,1,0,"[16.906741639323176, 42.29658164289677]","[np.float64(15.34038522057796), np.float64(44.14917350214408)]",2026-04-24 07:18:00,798.2444009100614,1,5.48315969314759,263.6193293431128,20.7995281283057,64.79495156135198,22.862594598129846,1,1,1,886,8,0.9013888888888889,23.763983487018734,0.4816112084063047,ELECTRE-III,1
617,0131,1,0,"[16.906741639323176, 42.29658164289677]","[np.float64(15.34038522057796), np.float64(44.14917350214408)]",2026-04-24 07:18:00,798.2444009100614,1,5.48315969314759,263.6193293431128,20.7995281283057,64.79495156135198,22.862594598129846,1,1,1,886,8,0.9013888888888889,23.763983487018734,0.4816112084063047,ELECTRE-III,1
618,0138,0,0,"[16.906741639323176, 42.29658164289677]","[np.float64(15.47160806218905), np.float64(45.34297061144142)]",2026-04-24 07:18:00,712.6490536265843,2,7.700405738719188,362.3315249743525,27.568680279783344,65.93833888879044,28.866273647350948,1,1,1,898,6,0.9013888888888889,28.866273647350948,0.37215411558669004,ELECTRE-III,1
619,0140,0,0,"[16.906741639323176, 42.29658164289677]","[np.float64(15.41158803410696), np.float64(45.24775055026569)]",2026-04-24 07:18:00,439.7417655529212,1,4.462084559100004,356.3380182520625,27.1784742484603,65.84971718430953,19.491733528503584,1,1,1,701,11,0.9013888888888889,14.98478908405914,0.7574430823117339,ELECTRE-III,1
620,0151,0,0,"[16.906741639323176, 42.29658164289677]","[np.float64(15.34959558750117), np.float64(45.36079909356824)]",2026-04-24 07:18:00,537.154986877456,1,3.9473611668500523,370.2773735287764,28.081744444140746,65.96154104140098,21.862594598129846,2,2,2,726,2,0.9013888888888889,21.862594598129846,0.05166374781085814,ELECTRE-III,1
621,0156,0,0,"[16.906741639323176, 42.29658164289677]","[np.float64(15.44233494522652), np.float64(44.18018081454147)]",2026-04-24 07:18:00,432.8616403899626,1,5.433726163665543,258.7974022832828,20.450833504214536,64.82059892168537,24.73897424158776,3,3,3,1198,12,0.9013888888888889,16.626474241587758,0.8957968476357268,ELECTRE-III,1
622,0159,0,0,"[16.906741639323176, 42.29658164289677]","[np.float64(15.42750224499109), np.float64(44.21855778761622)]",2026-04-24 07:18:00,67.8842271666572,1,5.427641715229791,263.0295850599051,20.756966980578774,64.85818545268795,21.73529519236666,2,2,2,798,4,0.9013888888888889,15.425572970144437,0.23029772329246936,ELECTRE-III,1
623,0161,0,0,"[16.906741639323176, 42.29658164289677]","[np.float64(15.33418495405879), np.float64(44.26813185045549)]",2026-04-24 07:18:00,890.2731428326216,2,2.176197796808286,273.7290363100781,21.525379018603385,64.90979436205657,15.615353885045671,1,1,1,518,12,0.9013888888888889,8.404242773934559,0.8957968476357268,ELECTRE-III,1
624,0163,0,0,"[16.906741639323176, 42.29658164289677]","[np.float64(15.37705812502612), np.float64(44.19470686855086)]",2026-04-24 07:18:00,913.9887166616593,2,4.343097563349595,264.6363814376375,20.872871163899923,64.8373328851519,33.98621495467194,4,4,3,1170,13,0.9013888888888889,30.380659399116382,0.9693520140105079,ELECTRE-III,1
625,0173,0,0,"[16.906741639323176, 42.29658164289677]","[np.float64(15.32990527675897), np.float64(44.28759755949845)]",2026-04-24 07:18:00,645.0571969130319,1,6.161651566903016,275.63617236855714,21.661504996304316,64.9287139860575,26.73529519236666,3,3,3,1434,9,0.9013888888888889,26.73529519236666,0.5507880910683012,ELECTRE-III,1
626,0176,0,0,"[16.906741639323176, 42.29658164289677]","[np.float64(15.32890060326895), np.float64(45.274815232019)]",2026-04-24 07:18:00,907.6609936614154,2,5.452210441862271,363.3047137349856,27.63177969631662,65.87969488457672,27.611674835824573,2,2,2,1085,10,0.9013888888888889,19.499174835824572,0.6427320490367776,ELECTRE-III,1
627,0177,0,0,"[16.906741639323176, 42.29658164289677]","[np.float64(15.46732069425616), np.float64(45.41373700195285)]",2026-04-24 07:18:00,993.2717031771266,2,6.411487435811834,369.34012007254546,28.021478283793527,66.00664761067975,28.23345566775611,4,4,3,827,11,0.9013888888888889,28.23345566775611,0.7574430823117339,ELECTRE-III,1
628,0178,0,0,"[16.906741639323176, 42.29658164289677]","[np.float64(15.32594201289743), np.float64(44.18445239523339)]",2026-04-24 07:18:00,709.5775864746653,1,2.620828236240676,267.51765976551263,21.080260992099433,64.8294986581739,18.866273647350948,1,1,1,861,14,0.9013888888888889,24.274606980684283,1.0,ELECTRE-III,1
629,0183,0,0,"[16.906741639323176, 42.29658164289677]","[np.float64(15.44196903440522), np.float64(45.3642071211996)]",2026-04-24 07:18:00,71.73819105256885,1,7.072525034879055,365.84575964113594,27.796192850055174,65.96029111678287,25.862594598129846,2,2,2,1155,11,0.9013888888888889,29.4681501536854,0.7574430823117339,ELECTRE-III,1
630,0188,0,0,"[16.906741639323176, 42.29658164289677]","[np.float64(15.34798205713934), np.float64(44.26709886600003)]",2026-04-24 07:18:00,795.0934414714468,2,6.402255856985792,272.66081530150706,21.4490206925861,64.90824390911497,22.611674835824573,2,2,2,1005,7,0.9013888888888889,30.724174835824574,0.4246935201401051,ELECTRE-III,1
631,0192,0,0,"[16.906741639323176, 42.29658164289677]","[np.float64(15.43612326121614), np.float64(45.43250553526382)]",2026-04-24 07:18:00,949.8934215407896,2,3.243479373452349,372.6797718675695,28.2359120100282,66.02631855548938,30.488054479282486,3,3,3,636,4,0.9013888888888889,37.6991655903936,0.23029772329246936,ELECTRE-III,1
632,0198,0,0,"[16.906741639323176, 42.29658164289677]","[np.float64(15.40213287302873), np.float64(45.36219283882739)]",2026-04-24 07:18:00,401.22790430764445,1,7.880841730180043,367.67649758066574,27.914339660150564,65.96034575829623,25.491733528503584,1,1,1,757,10,0.9013888888888889,20.08340019517025,0.6427320490367776,ELECTRE-III,1
633,0205,0,0,"[16.906741639323176, 42.29658164289677]","[np.float64(15.40220552851947), np.float64(44.29222225171446)]",2026-04-24 07:18:00,213.89531575345126,1,6.851783763458751,270.95169710743346,21.326683474179376,64.9301961371074,24.862594598129846,2,2,2,796,5,0.9013888888888889,15.848705709240956,0.28633975481611207,ELECTRE-III,1
634,0208,0,0,"[16.906741639323176, 42.29658164289677]","[np.float64(15.27195092001394), np.float64(44.26818963219309)]",2026-04-24 07:18:00,298.11522403963113,1,2.413473079567288,278.22979741806887,21.84621898436953,64.91225323015777,35.23345566775611,4,4,3,842,6,0.9013888888888889,30.726511223311668,0.37215411558669004,ELECTRE-III,1
635,0211,0,0,"[16.906741639323176, 42.29658164289677]","[np.float64(15.43529290832991), np.float64(44.14410430439714)]",2026-04-24 07:18:00,369.56026611908044,1,6.411061100964077,256.3162948461699,20.2707933118391,64.78616793807933,25.360755073519297,2,2,2,1492,11,0.9013888888888889,18.149643962408184,0.7574430823117339,ELECTRE-III,1
636,0214,0,0,"[16.906741639323176, 42.29658164289677]","[np.float64(15.30828002369227), np.float64(44.12723827269749)]",2026-04-24 07:18:00,796.9266399460554,2,6.404884037962831,264.264451462627,20.846058335754638,64.77505522029972,25.488054479282486,2,2,2,1499,13,0.9013888888888889,26.389443368171374,0.9693520140105079,ELECTRE-III,1
637,0217,0,0,"[16.906741639323176, 42.29658164289677]","[np.float64(15.47756969465248), np.float64(45.36831127753246)]",2026-04-24 07:18:00,411.5535518840333,1,2.4062235810687502,364.4688576016113,27.707164758703463,65.96240847542558,19.3644341227404,2,2,2,1206,14,0.9013888888888889,22.969989678295953,1.0,ELECTRE-III,1
638,0221,0,0,"[16.906741639323176, 42.29658164289677]","[np.float64(15.40097554812284), np.float64(44.20927759626986)]",2026-04-24 07:18:00,285.2122872716585,1,2.8036559768201093,264.1273147756064,20.836169593391425,64.85037854646663,23.240813766198308,2,2,2,681,12,0.9013888888888889,25.944980432864973,0.8957968476357268,ELECTRE-III,1
639,0226,0,0,"[16.906741639323176, 42.29658164289677]","[np.float64(15.41434906562974), np.float64(44.25071440543049)]",2026-04-24 07:18:00,281.00966102941015,1,5.7380455137471955,266.6312198086331,21.016517779196157,64.88970677570757,32.61167483582457,2,2,2,1475,3,0.9013888888888889,38.020008169157904,0.17425569176882663,ELECTRE-III,1
640,0227,0,0,"[16.906741639323176, 42.29658164289677]","[np.float64(15.48070332949718), np.float64(45.28359009426529)]",2026-04-24 07:18:00,885.2803667236802,2,2.824997324944545,356.19208132316487,27.16893875129453,65.88073307333056,30.23713471697721,3,3,3,887,11,0.9013888888888889,27.532968050310544,0.7574430823117339,ELECTRE-III,1
641,0232,0,0,"[16.906741639323176, 42.29658164289677]","[np.float64(15.39926209997388), np.float64(45.37329599933501)]",2026-04-24 07:18:00,13.674566978635893,1,5.488526867915704,368.8798424424847,27.991857324981204,65.97117843831987,20.23713471697721,2,2,2,814,4,0.9013888888888889,28.34963471697721,0.23029772329246936,ELECTRE-III,1
642,0237,0,0,"[16.906741639323176, 42.29658164289677]","[np.float64(15.32690273889364), np.float64(44.13657879128296)]",2026-04-24 07:18:00,999.7747031279232,2,6.127877465873345,263.6125386447356,20.799038188195432,64.78334023976295,30.73529519236666,1,1,1,1253,3,0.9013888888888889,23.524184081255548,0.17425569176882663,ELECTRE-III,1
643,0239,0,0,"[16.906741639323176, 42.29658164289677]","[np.float64(15.40405130175025), np.float64(45.2990583496326)]",2026-04-24 07:18:00,551.9154118585325,1,4.430504794424978,361.58539538558665,27.520253680189537,65.89947511241307,26.488054479282486,2,2,2,1214,12,0.9013888888888889,19.276943368171374,0.8957968476357268,ELECTRE-III,1
644,0250,1,0,"[16.906741639323176, 42.29658164289677]","[np.float64(15.42485477292705), np.float64(44.12079793747954)]",2026-04-24 07:18:00,860.082295004644,1,2.412357679259772,255.15729080454102,20.186547162172555,64.7641747289519,17.240813766198308,2,2,2,1114,13,0.9013888888888889,19.944980432864973,0.9693520140105079,ELECTRE-III,1
644,0250,1,0,"[16.906741639323176, 42.29658164289677]","[np.float64(15.42485477292705), np.float64(44.12079793747954)]",2026-04-24 07:18:00,860.082295004644,1,2.412357679259772,255.15729080454102,20.186547162172555,64.7641747289519,17.240813766198308,2,2,2,1114,13,0.9013888888888889,19.944980432864973,0.9693520140105079,ELECTRE-III,1
645,002,0,0,"[16.3056286433014, 42.16094091616949]","[np.float64(15.3427596288542), np.float64(44.2346711001931)]",2026-04-24 07:18:10,269.30908211565713,1,2.4800876469619273,246.33060045901718,19.541973549319422,64.91736221165694,36.85891554890875,3,3,3,933,2,0.9015046296296296,39.56342943779764,0.05166374781085814,ELECTRE-III,1
646,005,0,0,"[16.3056286433014, 42.16094091616949]","[np.float64(15.33268459438334), np.float64(45.40338037821193)]",2026-04-24 07:18:10,488.35380183430004,1,4.33382984784952,363.3592582926253,27.635314094909862,66.04348282087362,24.360755073519297,1,1,1,1421,7,0.9015046296296296,29.769782851297073,0.4246935201401051,ELECTRE-III,1
647,0013,0,0,"[16.3056286433014, 42.16094091616949]","[np.float64(15.45581231131253), np.float64(45.36894274303858)]",2026-04-24 07:18:10,848.1374744683179,2,4.847111201084839,355.8674623929445,27.14772235622285,66.00425021428107,26.986214954671933,3,3,3,609,11,0.9015046296296296,20.675682547264525,0.7574430823117339,ELECTRE-III,1
648,0032,0,0,"[16.3056286433014, 42.16094091616949]","[np.float64(15.42495226389465), np.float64(44.18953098119557)]",2026-04-24 07:18:10,992.266944562694,2,7.7453517710343815,238.04836511716863,18.932438423726534,64.8704729630048,26.240813766198308,4,4,3,799,6,0.9015046296296296,21.73329061805016,0.37215411558669004,ELECTRE-III,1
649,0033,0,0,"[16.3056286433014, 42.16094091616949]","[np.float64(15.45058864625564), np.float64(45.41256118734638)]",2026-04-24 07:18:10,647.1245175271279,1,5.5813122071660874,360.52402837803425,27.451293444907158,66.0464949342976,28.989894003893035,1,1,1,1225,11,0.9015046296296296,20.87635233722637,0.7574430823117339,ELECTRE-III,1
650,0035,0,0,"[16.3056286433014, 42.16094091616949]","[np.float64(15.2923887388045), np.float64(44.23330739673958)]",2026-04-24 07:18:10,843.0890249970316,2,2.636230885092874,248.71041506212703,19.716275905531965,64.91802474000643,29.488054479282486,3,3,3,1153,9,0.9015046296296296,26.783540590393596,0.5507880910683012,ELECTRE-III,1
651,0040,0,0,"[16.3056286433014, 42.16094091616949]","[np.float64(15.43392485301), np.float64(45.3460413915903)]",2026-04-24 07:18:10,968.6034430341491,2,7.182897766810635,354.18270143360013,27.03748056211045,65.98332934485332,17.491733528503584,4,4,3,933,6,0.9015046296296296,14.787219639614694,0.37215411558669004,ELECTRE-III,1
652,0058,0,0,"[16.3056286433014, 42.16094091616949]","[np.float64(15.45444055731951), np.float64(44.12267217953321)]",2026-04-24 07:18:10,457.46043298140626,1,6.023804569009158,230.1677490899728,18.34829895905641,64.80482801489181,22.73897424158776,1,1,1,1274,3,0.9015046296296296,29.049506648995166,0.17425569176882663,ELECTRE-III,1
653,0059,1,0,"[16.3056286433014, 42.16094091616949]","[np.float64(15.4764160657426), np.float64(45.23881511288025)]",2026-04-24 07:18:10,658.0145776256252,1,2.6303988874905126,341.8291397941634,26.222514530236147,65.87797367690588,26.986214954671933,3,3,3,1494,10,0.9015046296296296,29.690728843560823,0.6427320490367776,ELECTRE-III,1
653,0059,1,0,"[16.3056286433014, 42.16094091616949]","[np.float64(15.4764160657426), np.float64(45.23881511288025)]",2026-04-24 07:18:10,658.0145776256252,1,2.6303988874905126,341.8291397941634,26.222514530236147,65.87797367690588,26.986214954671933,3,3,3,1494,10,0.9015046296296296,29.690728843560823,0.6427320490367776,ELECTRE-III,1
654,0060,0,0,"[16.3056286433014, 42.16094091616949]","[np.float64(15.30683053261572), np.float64(44.23638087245664)]",2026-04-24 07:18:10,972.7742833911208,2,7.345811815385931,248.27414892029145,19.684351234731146,64.92042896659427,24.360755073519297,3,3,3,970,14,0.9015046296296296,24.360755073519297,1.0,ELECTRE-III,1
655,0062,0,0,"[16.3056286433014, 42.16094091616949]","[np.float64(15.51288196486727), np.float64(45.29347114966385)]",2026-04-24 07:18:10,68.31659015563761,1,7.518150402852092,346.3780413387711,26.523957944391213,65.92864002016903,28.240813766198308,4,4,3,520,7,0.9015046296296296,19.22576746990201,0.4246935201401051,ELECTRE-III,1
656,0063,0,0,"[16.3056286433014, 42.16094091616949]","[np.float64(15.39933520632134), np.float64(44.14980389326286)]",2026-04-24 07:18:10,168.36601742170186,1,6.242104602766946,235.39942717961952,18.73653843514405,64.83330990373076,31.484375430061384,3,3,3,596,3,0.9015046296296296,29.681366170802125,0.17425569176882663,ELECTRE-III,1
657,0074,0,0,"[16.3056286433014, 42.16094091616949]","[np.float64(15.37334136395665), np.float64(45.41621112146088)]",2026-04-24 07:18:10,840.7309801614637,2,5.092246819757287,363.3211313305421,27.63284355381337,66.05388519897956,27.10983531121402,1,1,1,531,11,0.9015046296296296,27.10983531121402,0.7574430823117339,ELECTRE-III,1
658,0075,1,0,"[16.3056286433014, 42.16094091616949]","[np.float64(15.35346315118163), np.float64(45.24627122619385)]",2026-04-24 07:18:10,840.0684236840549,1,6.3727351406249255,346.62153788827993,26.540049434787566,65.89120375332818,29.360755073519297,1,1,1,758,9,0.9015046296296296,36.572792110556335,0.5507880910683012,ELECTRE-III,1
659,0085,0,0,"[16.3056286433014, 42.16094091616949]","[np.float64(15.40784146127796), np.float64(44.19355823951757)]",2026-04-24 07:18:10,597.2528982480844,1,6.33587263748521,239.2370233793547,19.02019582027564,64.87508334069456,30.488054479282486,3,3,3,1297,2,0.9015046296296296,28.685045220023227,0.05166374781085814,ELECTRE-III,1
660,0088,0,0,"[16.3056286433014, 42.16094091616949]","[np.float64(15.35191914535631), np.float64(45.37223784869551)]",2026-04-24 07:18:10,737.9549142248079,2,4.368062960437277,359.5280590304114,27.38650376743232,66.01257621487932,25.360755073519297,3,3,3,1297,12,0.9015046296296296,26.262259703148928,0.8957968476357268,ELECTRE-III,1
661,0089,0,0,"[16.3056286433014, 42.16094091616949]","[np.float64(15.50102070048514), np.float64(45.41931108805838)]",2026-04-24 07:18:10,20.14087946653635,1,6.402852283653443,359.7432170039996,27.400506634510485,66.05032667042198,23.73897424158776,1,1,1,955,3,0.9015046296296296,26.44348813047665,0.17425569176882663,ELECTRE-III,1
662,0090,1,0,"[16.3056286433014, 42.16094091616949]","[np.float64(15.4110937526177), np.float64(44.24364969064708)]",2026-04-24 07:18:10,925.9142681898061,1,4.987380215497228,243.96705663313867,19.36848951896578,64.92317470264062,23.611674835824573,4,4,3,1093,3,0.9015046296296296,31.72521650249124,0.17425569176882663,ELECTRE-III,1
662,0090,1,0,"[16.3056286433014, 42.16094091616949]","[np.float64(15.4110937526177), np.float64(44.24364969064708)]",2026-04-24 07:18:10,925.9142681898061,1,4.987380215497228,243.96705663313867,19.36848951896578,64.92317470264062,23.611674835824573,4,4,3,1093,3,0.9015046296296296,31.72521650249124,0.17425569176882663,ELECTRE-III,1
663,0091,1,0,"[16.3056286433014, 42.16094091616949]","[np.float64(15.51160321751433), np.float64(45.24017741284241)]",2026-04-24 07:18:10,774.060892787937,1,4.030602345385561,340.90775226064414,26.161265256215934,65.87744092215061,28.607995786603468,4,4,3,643,3,0.9015046296296296,27.706491156973836,0.17425569176882663,ELECTRE-III,1
663,0091,1,0,"[16.3056286433014, 42.16094091616949]","[np.float64(15.51160321751433), np.float64(45.24017741284241)]",2026-04-24 07:18:10,774.060892787937,1,4.030602345385561,340.90775226064414,26.161265256215934,65.87744092215061,28.607995786603468,4,4,3,643,3,0.9015046296296296,27.706491156973836,0.17425569176882663,ELECTRE-III,1
664,0096,0,0,"[16.3056286433014, 42.16094091616949]","[np.float64(15.39577421805864), np.float64(44.19968681214924)]",2026-04-24 07:18:10,768.8608797479272,2,2.579911637491426,240.4003719541083,19.105994993439122,64.88149005813604,27.491733528503584,3,3,3,1103,6,0.9015046296296296,33.802265935910995,0.37215411558669004,ELECTRE-III,1
665,0101,0,0,"[16.3056286433014, 42.16094091616949]","[np.float64(15.41347928742369), np.float64(44.18270013506211)]",2026-04-24 07:18:10,266.70597182046174,1,4.828802463754964,237.9172782028103,18.92275475784778,64.86438726445432,16.989894003893035,3,3,3,1019,14,0.9015046296296296,8.876352337226368,1.0,ELECTRE-III,1
666,0105,1,0,"[16.3056286433014, 42.16094091616949]","[np.float64(15.39117977665373), np.float64(45.2916135229267)]",2026-04-24 07:18:10,652.644586713031,1,7.777193418688685,349.9723769414934,26.761031265083382,65.93305915256202,23.73897424158776,4,4,3,539,2,0.9015046296296296,14.723927945291463,0.05166374781085814,ELECTRE-III,1
667,0106,1,0,"[16.3056286433014, 42.16094091616949]","[np.float64(15.33619727680601), np.float64(45.31020149761281)]",2026-04-24 07:18:10,892.4687196989154,1,4.64909794812649,353.733623923768,27.008058693366763,65.95357704082875,26.866273647350948,3,3,3,968,2,0.9015046296296296,28.669282906610206,0.05166374781085814,ELECTRE-III,1
668,0109,0,0,"[16.3056286433014, 42.16094091616949]","[np.float64(15.37635783300071), np.float64(44.1495292499775)]",2026-04-24 07:18:10,135.65829329613777,1,6.398729150481616,236.48883188806013,18.817159756345493,64.83399292264777,22.73529519236666,2,2,2,1458,4,0.9015046296296296,24.53830445162592,0.23029772329246936,ELECTRE-III,1
669,0112,0,0,"[16.3056286433014, 42.16094091616949]","[np.float64(15.50564334346546), np.float64(45.39069633393365)]",2026-04-24 07:18:10,28.907868652926034,1,6.272989878821795,356.6478992549953,27.19871642366425,66.02254829106754,24.491733528503584,2,2,2,567,13,0.9015046296296296,20.885715009985066,0.9693520140105079,ELECTRE-III,1
670,0116,0,0,"[16.3056286433014, 42.16094091616949]","[np.float64(15.33542420597953), np.float64(45.43101993676022)]",2026-04-24 07:18:10,679.962821607254,1,2.9017700802156625,366.0909429735275,27.81203070722871,66.06997029447493,20.113514360435122,4,4,3,1014,10,0.9015046296296296,15.605991212286973,0.6427320490367776,ELECTRE-III,1
671,0121,0,0,"[16.3056286433014, 42.16094091616949]","[np.float64(15.39087795295792), np.float64(44.18702255028052)]",2026-04-24 07:18:10,463.4886480390092,1,3.8103072311314143,239.40538931958162,19.032618622859204,64.86950307614266,24.73529519236666,3,3,3,950,5,0.9015046296296296,27.43980908125555,0.28633975481611207,ELECTRE-III,1
672,0123,0,0,"[16.3056286433014, 42.16094091616949]","[np.float64(15.44551533720978), np.float64(45.29543178188873)]",2026-04-24 07:18:10,320.8894006546669,1,2.024513929788277,348.61471665397005,26.671599096831592,65.93403586961334,32.60799578660347,4,4,3,1273,8,0.9015046296296296,38.918528194010875,0.4816112084063047,ELECTRE-III,1
673,0124,0,0,"[16.3056286433014, 42.16094091616949]","[np.float64(15.36298395998675), np.float64(45.32029422441961)]",2026-04-24 07:18:10,897.1266233857576,2,4.125012437998357,353.8473195924002,27.015509062729215,65.96203281502122,21.113514360435122,2,2,2,828,12,0.9015046296296296,20.21200973080549,0.8957968476357268,ELECTRE-III,1
674,0130,1,0,"[16.3056286433014, 42.16094091616949]","[np.float64(15.2948568596464), np.float64(44.15542867319083)]",2026-04-24 07:18:10,304.60422824543974,1,7.193962588509201,241.18242842447694,19.16362318266547,64.8428926591363,28.858915548908747,3,3,3,1353,9,0.9015046296296296,29.76042017853838,0.5507880910683012,ELECTRE-III,1
674,0130,1,0,"[16.3056286433014, 42.16094091616949]","[np.float64(15.2948568596464), np.float64(44.15542867319083)]",2026-04-24 07:18:10,304.60422824543974,1,7.193962588509201,241.18242842447694,19.16362318266547,64.8428926591363,28.858915548908747,3,3,3,1353,9,0.9015046296296296,29.76042017853838,0.5507880910683012,ELECTRE-III,1
675,0131,1,0,"[16.3056286433014, 42.16094091616949]","[np.float64(15.34038522057796), np.float64(44.14917350214408)]",2026-04-24 07:18:10,798.2444009100614,1,5.48315969314759,238.24645964195665,18.9470699523997,64.8350994132933,19.862594598129846,1,1,1,886,8,0.9015046296296296,17.158080709240956,0.4816112084063047,ELECTRE-III,1
675,0131,1,0,"[16.3056286433014, 42.16094091616949]","[np.float64(15.34038522057796), np.float64(44.14917350214408)]",2026-04-24 07:18:10,798.2444009100614,1,5.48315969314759,238.24645964195665,18.9470699523997,64.8350994132933,19.862594598129846,1,1,1,886,8,0.9015046296296296,17.158080709240956,0.4816112084063047,ELECTRE-III,1
676,0138,0,0,"[16.3056286433014, 42.16094091616949]","[np.float64(15.47160806218905), np.float64(45.34297061144142)]",2026-04-24 07:18:10,712.6490536265843,2,7.700405738719188,352.7117004114302,26.94104868379936,65.97843892940759,24.866273647350948,1,1,1,898,6,0.9015046296296296,20.3587504992028,0.37215411558669004,ELECTRE-III,1
677,0140,0,0,"[16.3056286433014, 42.16094091616949]","[np.float64(15.41158803410696), np.float64(45.24775055026569)]",2026-04-24 07:18:10,439.7417655529212,1,4.462084559100004,344.8088212295784,26.42014768108865,65.88983771549418,27.491733528503584,1,1,1,701,11,0.9015046296296296,22.984210380355435,0.7574430823117339,ELECTRE-III,1
678,0151,0,0,"[16.3056286433014, 42.16094091616949]","[np.float64(15.34959558750117), np.float64(45.36079909356824)]",2026-04-24 07:18:10,537.154986877456,1,3.9473611668500523,358.4374329197584,27.31546931554424,66.00167523296398,27.862594598129846,2,2,2,726,2,0.9015046296296296,24.256576079611328,0.05166374781085814,ELECTRE-III,1
679,0156,0,0,"[16.3056286433014, 42.16094091616949]","[np.float64(15.44233494522652), np.float64(44.18018081454147)]",2026-04-24 07:18:10,432.8616403899626,1,5.433726163665543,236.3371486049971,18.805939069140404,64.86071945287003,23.73897424158776,3,3,3,1198,12,0.9015046296296296,30.049506648995166,0.8957968476357268,ELECTRE-III,1
680,0159,0,0,"[16.3056286433014, 42.16094091616949]","[np.float64(15.42750224499109), np.float64(44.21855778761622)]",2026-04-24 07:18:10,67.8842271666572,1,5.427641715229791,240.76511223374595,19.13287698564573,64.89831281406178,27.73529519236666,2,2,2,798,4,0.9015046296296296,25.03078130347777,0.23029772329246936,ELECTRE-III,1
681,0161,0,0,"[16.3056286433014, 42.16094091616949]","[np.float64(15.33418495405879), np.float64(44.26813185045549)]",2026-04-24 07:18:10,890.2731428326216,2,2.176197796808286,249.97401782606812,19.808670675124947,64.9499422139979,16.61535388504567,1,1,1,518,12,0.9015046296296296,24.728895551712338,0.8957968476357268,ELECTRE-III,1
682,0163,0,0,"[16.3056286433014, 42.16094091616949]","[np.float64(15.37705812502612), np.float64(44.19470686855086)]",2026-04-24 07:18:10,913.9887166616593,2,4.343097563349595,240.81126873518048,19.13627817655913,64.87747390690407,31.986214954671933,4,4,3,1170,13,0.9015046296296296,31.986214954671933,0.9693520140105079,ELECTRE-III,1
683,0173,0,0,"[16.3056286433014, 42.16094091616949]","[np.float64(15.32990527675897), np.float64(44.28759755949845)]",2026-04-24 07:18:10,645.0571969130319,1,6.161651566903016,252.06022563882544,19.960979658445577,64.96886183799884,23.73529519236666,3,3,3,1434,9,0.9015046296296296,28.24281834051481,0.5507880910683012,ELECTRE-III,1
684,0176,0,0,"[16.3056286433014, 42.16094091616949]","[np.float64(15.32890060326895), np.float64(45.274815232019)]",2026-04-24 07:18:10,907.6609936614154,2,5.452210441862271,350.38630762703457,26.78826986292395,65.91983590632888,27.611674835824573,2,2,2,1085,10,0.9015046296296296,23.104151687676424,0.6427320490367776,ELECTRE-III,1
685,0177,0,0,"[16.3056286433014, 42.16094091616949]","[np.float64(15.46732069425616), np.float64(45.41373700195285)]",2026-04-24 07:18:10,993.2717031771266,2,6.411487435811834,360.1455011559002,27.42667849299402,66.04675448148606,34.23345566775611,4,4,3,827,11,0.9015046296296296,27.021418630719076,0.7574430823117339,ELECTRE-III,1
686,0178,0,0,"[16.3056286433014, 42.16094091616949]","[np.float64(15.32594201289743), np.float64(44.18445239523339)]",2026-04-24 07:18:10,709.5775864746653,1,2.620828236240676,242.3463630815202,19.249316649467943,64.8696533403044,24.866273647350948,1,1,1,861,14,0.9015046296296296,23.964769017721316,1.0,ELECTRE-III,1
687,0183,0,0,"[16.3056286433014, 42.16094091616949]","[np.float64(15.44196903440522), np.float64(45.3642071211996)]",2026-04-24 07:18:10,71.73819105256885,1,7.072525034879055,355.80282000781824,27.14349650659536,66.00040481777836,19.862594598129846,2,2,2,1155,11,0.9015046296296296,20.764099227759477,0.7574430823117339,ELECTRE-III,1
688,0188,0,0,"[16.3056286433014, 42.16094091616949]","[np.float64(15.34798205713934), np.float64(44.26709886600003)]",2026-04-24 07:18:10,795.0934414714468,2,6.402255856985792,249.20812019132177,19.752680936679788,64.94839176105631,24.611674835824573,2,2,2,1005,7,0.9015046296296296,25.513179465454204,0.4246935201401051,ELECTRE-III,1
689,0192,0,0,"[16.3056286433014, 42.16094091616949]","[np.float64(15.43612326121614), np.float64(45.43250553526382)]",2026-04-24 07:18:10,949.8934215407896,2,3.243479373452349,363.0190380348459,27.613264646959017,66.06643225648487,33.48805447928248,3,3,3,636,4,0.9015046296296296,35.291063738541744,0.23029772329246936,ELECTRE-III,1
690,0198,0,0,"[16.3056286433014, 42.16094091616949]","[np.float64(15.40213287302873), np.float64(45.36219283882739)]",2026-04-24 07:18:10,401.22790430764445,1,7.880841730180043,356.8492708430351,27.21186656325067,66.00046628948088,19.491733528503584,1,1,1,757,10,0.9015046296296296,26.703770565540623,0.6427320490367776,ELECTRE-III,1
691,0205,0,0,"[16.3056286433014, 42.16094091616949]","[np.float64(15.40220552851947), np.float64(44.29222225171446)]",2026-04-24 07:18:10,213.89531575345126,1,6.851783763458751,249.12143887768067,19.746341757788777,64.97032349848122,28.862594598129846,2,2,2,796,5,0.9015046296296296,31.567108487018736,0.28633975481611207,ELECTRE-III,1
692,0208,0,0,"[16.3056286433014, 42.16094091616949]","[np.float64(15.27195092001394), np.float64(44.26818963219309)]",2026-04-24 07:18:10,298.11522403963113,1,2.413473079567288,253.07732894848166,20.035129548460525,64.95242157266662,29.23345566775611,4,4,3,842,6,0.9015046296296296,31.03646492701537,0.37215411558669004,ELECTRE-III,1
693,0211,0,0,"[16.3056286433014, 42.16094091616949]","[np.float64(15.43529290832991), np.float64(44.14410430439714)]",2026-04-24 07:18:10,369.56026611908044,1,6.411061100964077,233.14386215339994,18.569370883828505,64.82629529945316,31.360755073519297,2,2,2,1492,11,0.9015046296296296,38.572792110556335,0.7574430823117339,ELECTRE-III,1
694,0214,0,0,"[16.3056286433014, 42.16094091616949]","[np.float64(15.30828002369227), np.float64(44.12723827269749)]",2026-04-24 07:18:10,796.9266399460554,2,6.404884037962831,237.81219219308147,18.914991022967655,64.8152167326194,26.488054479282486,2,2,2,1499,13,0.9015046296296296,21.980531331134337,0.9693520140105079,ELECTRE-III,1
695,0217,0,0,"[16.3056286433014, 42.16094091616949]","[np.float64(15.47756969465248), np.float64(45.36831127753246)]",2026-04-24 07:18:10,411.5535518840333,1,2.4062235810687502,355.14976576105283,27.10078664052298,66.00250851604272,19.3644341227404,2,2,2,1206,14,0.9015046296296296,26.576471159777434,1.0,ELECTRE-III,1
696,0221,0,0,"[16.3056286433014, 42.16094091616949]","[np.float64(15.40097554812284), np.float64(44.20927759626986)]",2026-04-24 07:18:10,285.2122872716585,1,2.8036559768201093,241.08693311197504,19.156588478937145,64.89050590784045,21.240813766198308,2,2,2,681,12,0.9015046296296296,15.83178598842053,0.8957968476357268,ELECTRE-III,1
697,0226,0,0,"[16.3056286433014, 42.16094091616949]","[np.float64(15.41434906562974), np.float64(44.25071440543049)]",2026-04-24 07:18:10,281.00966102941015,1,5.7380455137471955,244.50866647882535,19.40827642210125,64.92984096727055,31.611674835824573,2,2,2,1475,3,0.9015046296296296,29.808665576565314,0.17425569176882663,ELECTRE-III,1
698,0227,0,0,"[16.3056286433014, 42.16094091616949]","[np.float64(15.48070332949718), np.float64(45.28359009426529)]",2026-04-24 07:18:10,885.2803667236802,2,2.824997324944545,346.3124017710536,26.519619375722844,65.92083311394771,28.23713471697721,3,3,3,887,11,0.9015046296296296,27.335630087347578,0.7574430823117339,ELECTRE-III,1
699,0232,0,0,"[16.3056286433014, 42.16094091616949]","[np.float64(15.39926209997388), np.float64(45.37329599933501)]",2026-04-24 07:18:10,13.674566978635893,1,5.488526867915704,358.081028303789,27.292236289203945,66.01129896950452,21.23713471697721,2,2,2,814,4,0.9015046296296296,14.025097679940172,0.23029772329246936,ELECTRE-III,1
700,0237,0,0,"[16.3056286433014, 42.16094091616949]","[np.float64(15.32690273889364), np.float64(44.13657879128296)]",2026-04-24 07:18:10,999.7747031279232,2,6.127877465873345,237.73309399179013,18.909146786914782,64.82349492189346,29.73529519236666,1,1,1,1253,3,0.9015046296296296,33.34131371088518,0.17425569176882663,ELECTRE-III,1
701,0239,0,0,"[16.3056286433014, 42.16094091616949]","[np.float64(15.40405130175025), np.float64(45.2990583496326)]",2026-04-24 07:18:10,551.9154118585325,1,4.430504794424978,350.3120270979534,26.783382814756145,65.93959564359773,22.488054479282486,2,2,2,1214,12,0.9015046296296296,18.882035960763968,0.8957968476357268,ELECTRE-III,1
702,0250,1,0,"[16.3056286433014, 42.16094091616949]","[np.float64(15.42485477292705), np.float64(44.12079793747954)]",2026-04-24 07:18:10,860.082295004644,1,2.412357679259772,231.37214647605913,18.437832702979104,64.80430209032572,14.240813766198308,2,2,2,1114,13,0.9015046296296296,22.354355432864974,0.9693520140105079,ELECTRE-III,1
702,0250,1,0,"[16.3056286433014, 42.16094091616949]","[np.float64(15.42485477292705), np.float64(44.12079793747954)]",2026-04-24 07:18:10,860.082295004644,1,2.412357679259772,231.37214647605913,18.437832702979104,64.80430209032572,14.240813766198308,2,2,2,1114,13,0.9015046296296296,22.354355432864974,0.9693520140105079,ELECTRE-III,1
703,002,0,0,"[15.704484911428361, 42.02587734042707]","[np.float64(15.3427596288542), np.float64(44.2346711001931)]",2026-04-24 07:18:20,269.30908211565713,1,2.4800876469619273,240.0396611102795,19.079401381216293,64.95751006359828,32.85891554890875,3,3,3,933,2,0.9016203703703703,26.547572956316156,0.05166374781085814,ELECTRE-III,1
704,005,0,0,"[15.704484911428361, 42.02587734042707]","[np.float64(15.33268459438334), np.float64(45.40338037821193)]",2026-04-24 07:18:20,488.35380183430004,1,4.33382984784952,364.21959736589423,27.691032465221248,66.08361701243662,21.360755073519297,1,1,1,1421,7,0.9016203703703703,27.67209766611189,0.4246935201401051,ELECTRE-III,1
705,0013,0,0,"[15.704484911428361, 42.02587734042707]","[np.float64(15.45581231131253), np.float64(45.36894274303858)]",2026-04-24 07:18:20,848.1374744683179,2,4.847111201084839,359.1354360219403,27.36094201642213,66.04435708508738,23.986214954671933,3,3,3,609,11,0.9016203703703703,31.199177917634895,0.7574430823117339,ELECTRE-III,1
706,0032,0,0,"[15.704484911428361, 42.02587734042707]","[np.float64(15.42495226389465), np.float64(44.18953098119557)]",2026-04-24 07:18:20,992.266944562694,2,7.7453517710343815,233.83855282210467,18.620891836132344,64.91060032437863,26.240813766198308,4,4,3,799,6,0.9016203703703703,19.929471173605716,0.37215411558669004,ELECTRE-III,1
707,0033,0,0,"[15.704484911428361, 42.02587734042707]","[np.float64(15.45058864625564), np.float64(45.41256118734638)]",2026-04-24 07:18:20,647.1245175271279,1,5.5813122071660874,363.84272956118036,27.66663226622059,66.08659497491475,29.989894003893035,1,1,1,1225,11,0.9016203703703703,21.8753106705597,0.7574430823117339,ELECTRE-III,1
708,0035,0,0,"[15.704484911428361, 42.02587734042707]","[np.float64(15.2923887388045), np.float64(44.23330739673958)]",2026-04-24 07:18:20,843.0890249970316,2,2.636230885092874,240.92619479843074,19.144746266005313,64.9581862523261,25.488054479282486,3,3,3,1153,9,0.9016203703703703,17.373471145949154,0.5507880910683012,ELECTRE-III,1
709,0040,0,0,"[15.704484911428361, 42.02587734042707]","[np.float64(15.43392485301), np.float64(45.3460413915903)]",2026-04-24 07:18:20,968.6034430341491,2,7.182897766810635,356.9056233444487,27.21554598679349,66.02344304584881,18.491733528503584,4,4,3,933,6,0.9016203703703703,12.180390935910992,0.37215411558669004,ELECTRE-III,1
710,0058,0,0,"[15.704484911428361, 42.02587734042707]","[np.float64(15.45444055731951), np.float64(44.12267217953321)]",2026-04-24 07:18:20,457.46043298140626,1,6.023804569009158,226.3003486233746,18.060173499953773,64.84494854607647,23.73897424158776,1,1,1,1274,3,0.9016203703703703,20.132492760106278,0.17425569176882663,ELECTRE-III,1
711,0059,1,0,"[15.704484911428361, 42.02587734042707]","[np.float64(15.4764160657426), np.float64(45.23881511288025)]",2026-04-24 07:18:20,658.0145776256252,1,2.6303988874905126,345.0479213982264,26.43597722064062,65.91807371752301,34.98621495467194,3,3,3,1494,10,0.9016203703703703,42.1991779176349,0.6427320490367776,ELECTRE-III,1
712,0060,0,0,"[15.704484911428361, 42.02587734042707]","[np.float64(15.30683053261572), np.float64(44.23638087245664)]",2026-04-24 07:18:20,972.7742833911208,2,7.345811815385931,240.941558415485,19.145878236539506,64.96059047891396,21.360755073519297,3,3,3,970,14,0.9016203703703703,22.262375443889667,1.0,ELECTRE-III,1
713,0062,0,0,"[15.704484911428361, 42.02587734042707]","[np.float64(15.51288196486727), np.float64(45.29347114966385)]",2026-04-24 07:18:20,68.31659015563761,1,7.518150402852092,350.5853603861367,26.801363822988296,65.96873323059701,22.240813766198308,4,4,3,520,7,0.9016203703703703,24.044054506939048,0.4246935201401051,ELECTRE-III,1
714,0063,0,0,"[15.704484911428361, 42.02587734042707]","[np.float64(15.39933520632134), np.float64(44.14980389326286)]",2026-04-24 07:18:20,168.36601742170186,1,6.242104602766946,230.03846410619983,18.33868251108189,64.87344409529376,27.484375430061384,3,3,3,596,3,0.9016203703703703,24.779514318950273,0.17425569176882663,ELECTRE-III,1
715,0074,0,0,"[15.704484911428361, 42.02587734042707]","[np.float64(15.37334136395665), np.float64(45.41621112146088)]",2026-04-24 07:18:20,840.7309801614637,2,5.092246819757287,365.0663208827364,27.745813574061255,66.09401256035338,24.10983531121402,1,1,1,531,11,0.9016203703703703,27.7163167926955,0.7574430823117339,ELECTRE-III,1
716,0075,1,0,"[15.704484911428361, 42.02587734042707]","[np.float64(15.35346315118163), np.float64(45.24627122619385)]",2026-04-24 07:18:20,840.0684236840549,1,6.3727351406249255,347.2168005974013,26.579368418547975,65.93133794489118,24.360755073519297,1,1,1,758,9,0.9016203703703703,17.147792110556335,0.5507880910683012,ELECTRE-III,1
717,0085,0,0,"[15.704484911428361, 42.02587734042707]","[np.float64(15.40784146127796), np.float64(44.19355823951757)]",2026-04-24 07:18:20,597.2528982480844,1,6.33587263748521,234.53566523499904,18.672561029959876,64.91521070206839,32.48805447928248,3,3,3,1297,2,0.9016203703703703,29.78319336817137,0.05166374781085814,ELECTRE-III,1
718,0088,0,0,"[15.704484911428361, 42.02587734042707]","[np.float64(15.35191914535631), np.float64(45.37223784869551)]",2026-04-24 07:18:20,737.9549142248079,2,4.368062960437277,360.6495312776592,27.45945225108281,66.05271040644232,28.360755073519297,3,3,3,1297,12,0.9016203703703703,32.86885692537115,0.8957968476357268,ELECTRE-III,1
719,0089,0,0,"[15.704484911428361, 42.02587734042707]","[np.float64(15.50102070048514), np.float64(45.41931108805838)]",2026-04-24 07:18:20,20.14087946653635,1,6.402852283653443,364.1277406527967,27.685086233130747,66.09041988084995,21.73897424158776,1,1,1,955,3,0.9016203703703703,20.83735387121739,0.17425569176882663,ELECTRE-III,1
720,0090,1,0,"[15.704484911428361, 42.02587734042707]","[np.float64(15.4110937526177), np.float64(44.24364969064708)]",2026-04-24 07:18:20,925.9142681898061,1,4.987380215497228,239.79800809377443,19.061580596812536,64.96330889420362,19.611674835824573,4,4,3,1093,3,0.9016203703703703,14.201952613602352,0.17425569176882663,ELECTRE-III,1
720,0090,1,0,"[15.704484911428361, 42.02587734042707]","[np.float64(15.4110937526177), np.float64(44.24364969064708)]",2026-04-24 07:18:20,925.9142681898061,1,4.987380215497228,239.79800809377443,19.061580596812536,64.96330889420362,19.611674835824573,4,4,3,1093,3,0.9016203703703703,14.201952613602352,0.17425569176882663,ELECTRE-III,1
721,0091,1,0,"[15.704484911428361, 42.02587734042707]","[np.float64(15.51160321751433), np.float64(45.24017741284241)]",2026-04-24 07:18:20,774.060892787937,1,4.030602345385561,344.8986722225143,26.42609674320556,65.9175341325786,32.60799578660347,4,4,3,643,3,0.9016203703703703,28.099893934751616,0.17425569176882663,ELECTRE-III,1
722,0096,0,0,"[15.704484911428361, 42.02587734042707]","[np.float64(15.39577421805864), np.float64(44.19968681214924)]",2026-04-24 07:18:20,768.8608797479272,2,2.579911637491426,235.38432147317369,18.73541999641982,64.92162424969904,28.491733528503584,3,3,3,1103,6,0.9016203703703703,32.09821500998507,0.37215411558669004,ELECTRE-III,1
723,0101,0,0,"[15.704484911428361, 42.02587734042707]","[np.float64(15.41347928742369), np.float64(44.18270013506211)]",2026-04-24 07:18:20,266.70597182046174,1,4.828802463754964,233.29326046722977,18.580453472508882,64.90452145601732,23.989894003893035,3,3,3,1019,14,0.9016203703703703,20.383412522411554,1.0,ELECTRE-III,1
724,0105,1,0,"[15.704484911428361, 42.02587734042707]","[np.float64(15.39117977665373), np.float64(45.2916135229267)]",2026-04-24 07:18:20,652.644586713031,1,7.777193418688685,351.5720606747051,26.8662256711382,65.97318651393586,31.73897424158776,4,4,3,539,2,0.9016203703703703,39.85355757492109,0.05166374781085814,ELECTRE-III,1
725,0106,1,0,"[15.704484911428361, 42.02587734042707]","[np.float64(15.33619727680601), np.float64(45.31020149761281)]",2026-04-24 07:18:20,892.4687196989154,1,4.64909794812649,354.25461894109515,27.042190894888076,65.99371806258091,19.866273647350948,3,3,3,968,2,0.9016203703703703,16.259792165869467,0.05166374781085814,ELECTRE-III,1
726,0109,0,0,"[15.704484911428361, 42.02587734042707]","[np.float64(15.37635783300071), np.float64(44.1495292499775)]",2026-04-24 07:18:20,135.65829329613777,1,6.398729150481616,230.41261565762537,18.36650963759525,64.87413394439993,27.73529519236666,2,2,2,1458,4,0.9016203703703703,33.145017414588885,0.23029772329246936,ELECTRE-III,1
727,0112,0,0,"[15.704484911428361, 42.02587734042707]","[np.float64(15.50564334346546), np.float64(45.39069633393365)]",2026-04-24 07:18:20,28.907868652926034,1,6.272989878821795,361.03335534182554,27.48439674096331,66.0626415014955,29.491733528503584,2,2,2,567,13,0.9016203703703703,21.377150195170252,0.9693520140105079,ELECTRE-III,1
728,0116,0,0,"[15.704484911428361, 42.02587734042707]","[np.float64(15.33542420597953), np.float64(45.43101993676022)]",2026-04-24 07:18:20,679.962821607254,1,2.9017700802156625,367.12527943910857,27.87879385059074,66.11010448603793,21.113514360435122,4,4,3,1014,10,0.9016203703703703,15.7037921382129,0.6427320490367776,ELECTRE-III,1
729,0121,0,0,"[15.704484911428361, 42.02587734042707]","[np.float64(15.39087795295792), np.float64(44.18702255028052)]",2026-04-24 07:18:20,463.4886480390092,1,3.8103072311314143,234.12545414005777,18.642160449179922,64.90963726770566,22.73529519236666,3,3,3,950,5,0.9016203703703703,13.719091488662956,0.28633975481611207,ELECTRE-III,1
730,0123,0,0,"[15.704484911428361, 42.02587734042707]","[np.float64(15.44551533720978), np.float64(45.29543178188873)]",2026-04-24 07:18:20,320.8894006546669,1,2.024513929788277,351.386564208114,26.854037523876272,65.97414274041965,30.60799578660347,4,4,3,1273,8,0.9016203703703703,31.50961615697384,0.4816112084063047,ELECTRE-III,1
731,0124,0,0,"[15.704484911428361, 42.02587734042707]","[np.float64(15.36298395998675), np.float64(45.32029422441961)]",2026-04-24 07:18:20,897.1266233857576,2,4.125012437998357,354.97505461102276,27.089354970230882,66.00216700658422,27.113514360435122,2,2,2,828,12,0.9016203703703703,20.80217176784253,0.8957968476357268,ELECTRE-III,1
732,0130,1,0,"[15.704484911428361, 42.02587734042707]","[np.float64(15.2948568596464), np.float64(44.15542867319083)]",2026-04-24 07:18:20,304.60422824543974,1,7.193962588509201,232.6840059212998,18.535249027457564,64.8830473412668,28.858915548908747,3,3,3,1353,9,0.9016203703703703,32.46539703039023,0.5507880910683012,ELECTRE-III,1
732,0130,1,0,"[15.704484911428361, 42.02587734042707]","[np.float64(15.2948568596464), np.float64(44.15542867319083)]",2026-04-24 07:18:20,304.60422824543974,1,7.193962588509201,232.6840059212998,18.535249027457564,64.8830473412668,28.858915548908747,3,3,3,1353,9,0.9016203703703703,32.46539703039023,0.5507880910683012,ELECTRE-III,1
733,0131,1,0,"[15.704484911428361, 42.02587734042707]","[np.float64(15.34038522057796), np.float64(44.14917350214408)]",2026-04-24 07:18:20,798.2444009100614,1,5.48315969314759,231.0617038014231,18.414763595999464,64.87524726523465,28.862594598129846,1,1,1,886,8,0.9016203703703703,21.649631635166884,0.4816112084063047,ELECTRE-III,1
733,0131,1,0,"[15.704484911428361, 42.02587734042707]","[np.float64(15.34038522057796), np.float64(44.14917350214408)]",2026-04-24 07:18:20,798.2444009100614,1,5.48315969314759,231.0617038014231,18.414763595999464,64.87524726523465,28.862594598129846,1,1,1,886,8,0.9016203703703703,21.649631635166884,0.4816112084063047,ELECTRE-III,1
734,0138,0,0,"[15.704484911428361, 42.02587734042707]","[np.float64(15.47160806218905), np.float64(45.34297061144142)]",2026-04-24 07:18:20,712.6490536265843,2,7.700405738719188,356.2164233876748,27.170529371377008,66.01853897002474,27.866273647350948,1,1,1,898,6,0.9016203703703703,30.57113475846206,0.37215411558669004,ELECTRE-III,1
735,0140,0,0,"[15.704484911428361, 42.02587734042707]","[np.float64(15.41158803410696), np.float64(45.24775055026569)]",2026-04-24 07:18:20,439.7417655529212,1,4.462084559100004,346.6592541212494,26.542541511634408,65.92995824667884,28.491733528503584,1,1,1,701,11,0.9016203703703703,27.590113158133214,0.7574430823117339,ELECTRE-III,1
736,0151,0,0,"[15.704484911428361, 42.02587734042707]","[np.float64(15.34959558750117), np.float64(45.36079909356824)]",2026-04-24 07:18:20,537.154986877456,1,3.9473611668500523,359.46161559311327,27.38217879251949,66.04180942452697,27.862594598129846,2,2,2,726,2,0.9016203703703703,18.846390894426143,0.05166374781085814,ELECTRE-III,1
737,0156,0,0,"[15.704484911428361, 42.02587734042707]","[np.float64(15.44233494522652), np.float64(44.18018081454147)]",2026-04-24 07:18:20,432.8616403899626,1,5.433726163665543,232.58615299549558,18.52798646934934,64.90084681424385,19.73897424158776,3,3,3,1198,12,0.9016203703703703,27.85355757492109,0.8957968476357268,ELECTRE-III,1
738,0159,0,0,"[15.704484911428361, 42.02587734042707]","[np.float64(15.42750224499109), np.float64(44.21855778761622)]",2026-04-24 07:18:20,67.8842271666572,1,5.427641715229791,236.88208148599125,18.846243203661757,64.9384401754356,27.73529519236666,2,2,2,798,4,0.9016203703703703,27.73529519236666,0.23029772329246936,ELECTRE-III,1
739,0161,0,0,"[15.704484911428361, 42.02587734042707]","[np.float64(15.33418495405879), np.float64(44.26813185045549)]",2026-04-24 07:18:20,890.2731428326216,2,2.176197796808286,243.73876116680196,19.35171300740609,64.99009006593924,15.615353885045671,1,1,1,518,12,0.9016203703703703,23.729937218379007,0.8957968476357268,ELECTRE-III,1
740,0163,0,0,"[15.704484911428361, 42.02587734042707]","[np.float64(15.37705812502612), np.float64(44.19470686855086)]",2026-04-24 07:18:20,913.9887166616593,2,4.343097563349595,235.18015197095113,18.720301668691064,64.91761492865623,33.98621495467194,4,4,3,1170,13,0.9016203703703703,33.98621495467194,0.9693520140105079,ELECTRE-III,1
741,0173,0,0,"[15.704484911428361, 42.02587734042707]","[np.float64(15.32990527675897), np.float64(44.28759755949845)]",2026-04-24 07:18:20,645.0571969130319,1,6.161651566903016,245.87721218216515,19.5087236481108,65.00901652012934,24.73529519236666,3,3,3,1434,9,0.9016203703703703,28.34177667384814,0.5507880910683012,ELECTRE-III,1
742,0176,0,0,"[15.704484911428361, 42.02587734042707]","[np.float64(15.32890060326895), np.float64(45.274815232019)]",2026-04-24 07:18:20,907.6609936614154,2,5.452210441862271,350.59093796591816,26.801730680206923,65.95997692808105,28.611674835824573,2,2,2,1085,10,0.9016203703703703,29.513295206194943,0.6427320490367776,ELECTRE-III,1
743,0177,0,0,"[15.704484911428361, 42.02587734042707]","[np.float64(15.46732069425616), np.float64(45.41373700195285)]",2026-04-24 07:18:20,993.2717031771266,2,6.411487435811834,363.81400747904024,27.664772216118145,66.08685452210321,29.23345566775611,4,4,3,827,11,0.9016203703703703,34.64317788997833,0.7574430823117339,ELECTRE-III,1
744,0178,0,0,"[15.704484911428361, 42.02587734042707]","[np.float64(15.32594201289743), np.float64(44.18445239523339)]",2026-04-24 07:18:20,709.5775864746653,1,2.620828236240676,235.07405668886253,18.712444465544248,64.9098080224349,16.866273647350948,1,1,1,861,14,0.9016203703703703,17.767894017721318,1.0,ELECTRE-III,1
745,0183,0,0,"[15.704484911428361, 42.02587734042707]","[np.float64(15.44196903440522), np.float64(45.3642071211996)]",2026-04-24 07:18:20,71.73819105256885,1,7.072525034879055,358.7636627756907,27.33672680637908,66.04051168858467,25.862594598129846,2,2,2,1155,11,0.9016203703703703,29.469076079611327,0.7574430823117339,ELECTRE-III,1
746,0188,0,0,"[15.704484911428361, 42.02587734042707]","[np.float64(15.34798205713934), np.float64(44.26709886600003)]",2026-04-24 07:18:20,795.0934414714468,2,6.402255856985792,243.36720190262662,19.32440123961468,64.98853278280848,23.611674835824573,2,2,2,1005,7,0.9016203703703703,24.513295206194943,0.4246935201401051,ELECTRE-III,1
747,0192,0,0,"[15.704484911428361, 42.02587734042707]","[np.float64(15.43612326121614), np.float64(45.43250553526382)]",2026-04-24 07:18:20,949.8934215407896,2,3.243479373452349,366.1128593033168,27.81344618917541,66.10653912729119,28.488054479282486,3,3,3,636,4,0.9016203703703703,34.79939707187508,0.23029772329246936,ELECTRE-III,1
748,0198,0,0,"[15.704484911428361, 42.02587734042707]","[np.float64(15.40213287302873), np.float64(45.36219283882739)]",2026-04-24 07:18:20,401.22790430764445,1,7.880841730180043,358.9707408664232,27.350216010077208,66.04058682066554,18.491733528503584,1,1,1,757,10,0.9016203703703703,16.688492787762844,0.6427320490367776,ELECTRE-III,1
749,0205,0,0,"[15.704484911428361, 42.02587734042707]","[np.float64(15.40220552851947), np.float64(44.29222225171446)]",2026-04-24 07:18:20,213.89531575345126,1,6.851783763458751,245.09247386815167,19.451141383451763,65.01045769004422,26.862594598129846,2,2,2,796,5,0.9016203703703703,34.97717793146318,0.28633975481611207,ELECTRE-III,1
750,0208,0,0,"[15.704484911428361, 42.02587734042707]","[np.float64(15.27195092001394), np.float64(44.26818963219309)]",2026-04-24 07:18:20,298.11522403963113,1,2.413473079567288,245.04413943833592,19.447593377852467,64.9925830849863,35.23345566775611,4,4,3,842,6,0.9016203703703703,26.21725196405241,0.37215411558669004,ELECTRE-III,1
751,0211,0,0,"[15.704484911428361, 42.02587734042707]","[np.float64(15.43529290832991), np.float64(44.14410430439714)]",2026-04-24 07:18:20,369.56026611908044,1,6.411061100964077,228.85786964115155,18.250818329019758,64.86641583063782,30.360755073519297,2,2,2,1492,11,0.9016203703703703,23.147792110556335,0.7574430823117339,ELECTRE-III,1
752,0214,0,0,"[15.704484911428361, 42.02587734042707]","[np.float64(15.30828002369227), np.float64(44.12723827269749)]",2026-04-24 07:18:20,796.9266399460554,2,6.404884037962831,229.42419210548974,18.292977247969024,64.85537141474991,30.488054479282486,2,2,2,1499,13,0.9016203703703703,25.078332257060264,0.9693520140105079,ELECTRE-III,1
753,0217,0,0,"[15.704484911428361, 42.02587734042707]","[np.float64(15.47756969465248), np.float64(45.36831127753246)]",2026-04-24 07:18:20,411.5535518840333,1,2.4062235810687502,358.8709424605026,27.343715485966705,66.04260855665986,22.3644341227404,2,2,2,1206,14,0.9016203703703703,16.954711900518177,1.0,ELECTRE-III,1
754,0221,0,0,"[15.704484911428361, 42.02587734042707]","[np.float64(15.40097554812284), np.float64(44.20927759626986)]",2026-04-24 07:18:20,285.2122872716585,1,2.8036559768201093,236.3145796622891,18.80426941611106,64.93064009940345,16.240813766198308,2,2,2,681,12,0.9016203703703703,21.65053598842053,0.8957968476357268,ELECTRE-III,1
755,0226,0,0,"[15.704484911428361, 42.02587734042707]","[np.float64(15.41434906562974), np.float64(44.25071440543049)]",2026-04-24 07:18:20,281.00966102941015,1,5.7380455137471955,240.4970760238985,19.113123103186716,64.96996832864438,26.611674835824573,2,2,2,1475,3,0.9016203703703703,29.316535946935684,0.17425569176882663,ELECTRE-III,1
756,0227,0,0,"[15.704484911428361, 42.02587734042707]","[np.float64(15.48070332949718), np.float64(45.28359009426529)]",2026-04-24 07:18:20,885.2803667236802,2,2.824997324944545,349.79270395362295,26.749203865285303,65.96093315456486,35.23713471697721,3,3,3,887,11,0.9016203703703703,43.351718050310545,0.7574430823117339,ELECTRE-III,1
757,0232,0,0,"[15.704484911428361, 42.02587734042707]","[np.float64(15.39926209997388), np.float64(45.37329599933501)]",2026-04-24 07:18:20,13.674566978635893,1,5.488526867915704,360.18731775046507,27.429398291294095,66.05141950068918,23.23713471697721,2,2,2,814,4,0.9016203703703703,29.5484773095698,0.23029772329246936,ELECTRE-III,1
758,0237,0,0,"[15.704484911428361, 42.02587734042707]","[np.float64(15.32690273889364), np.float64(44.13657879128296)]",2026-04-24 07:18:20,999.7747031279232,2,6.127877465873345,230.0094983447043,18.33652783926698,64.86364960402396,31.73529519236666,1,1,1,1253,3,0.9016203703703703,31.73529519236666,0.17425569176882663,ELECTRE-III,1
759,0239,0,0,"[15.704484911428361, 42.02587734042707]","[np.float64(15.40405130175025), np.float64(45.2990583496326)]",2026-04-24 07:18:20,551.9154118585325,1,4.430504794424978,352.21615813906993,26.908526055323964,65.97971617478238,23.488054479282486,2,2,2,1214,12,0.9016203703703703,29.799397071875077,0.8957968476357268,ELECTRE-III,1
760,0250,1,0,"[15.704484911428361, 42.02587734042707]","[np.float64(15.42485477292705), np.float64(44.12079793747954)]",2026-04-24 07:18:20,860.082295004644,1,2.412357679259772,226.54513857918033,18.07843882134032,64.84442945169954,22.240813766198308,2,2,2,1114,13,0.9016203703703703,18.634332284716827,0.9693520140105079,ELECTRE-III,1
760,0250,1,0,"[15.704484911428361, 42.02587734042707]","[np.float64(15.42485477292705), np.float64(44.12079793747954)]",2026-04-24 07:18:20,860.082295004644,1,2.412357679259772,226.54513857918033,18.07843882134032,64.84442945169954,22.240813766198308,2,2,2,1114,13,0.9016203703703703,18.634332284716827,0.9693520140105079,ELECTRE-III,1
761,002,0,0,"[15.103315566345934, 41.89136701000743]","[np.float64(15.3427596288542), np.float64(44.2346711001931)]",2026-04-24 07:18:30,269.30908211565713,1,2.4800876469619273,252.8253808772428,20.016768285575694,64.9976579155396,35.85891554890875,3,3,3,933,2,0.9017361111111111,39.46585999335319,0.05166374781085814,ELECTRE-III,1
762,005,0,0,"[15.103315566345934, 41.89136701000743]","[np.float64(15.33268459438334), np.float64(45.40338037821193)]",2026-04-24 07:18:30,488.35380183430004,1,4.33382984784952,377.68249520100284,28.55552251167331,66.12375803418878,19.360755073519297,1,1,1,1421,7,0.9017361111111111,20.262491184630406,0.4246935201401051,ELECTRE-III,1
763,0013,0,0,"[15.103315566345934, 41.89136701000743]","[np.float64(15.45581231131253), np.float64(45.36894274303858)]",2026-04-24 07:18:30,848.1374744683179,2,4.847111201084839,375.0693981825426,28.388819264112396,66.08445712570453,28.986214954671933,3,3,3,609,11,0.9017361111111111,37.10183995467193,0.7574430823117339,ELECTRE-III,1
764,0032,0,0,"[15.103315566345934, 41.89136701000743]","[np.float64(15.42495226389465), np.float64(44.18953098119557)]",2026-04-24 07:18:30,992.266944562694,2,7.7453517710343815,249.10870614709864,19.74541054515983,64.95072768575245,24.240813766198308,4,4,3,799,6,0.9017361111111111,26.04428598842053,0.37215411558669004,ELECTRE-III,1
765,0033,0,0,"[15.103315566345934, 41.89136701000743]","[np.float64(15.45058864625564), np.float64(45.41256118734638)]",2026-04-24 07:18:30,647.1245175271279,1,5.5813122071660874,379.66783061465986,28.681825754089708,66.12670184572106,23.989894003893035,1,1,1,1225,11,0.9017361111111111,28.498574559448592,0.7574430823117339,ELECTRE-III,1
766,0035,0,0,"[15.103315566345934, 41.89136701000743]","[np.float64(15.2923887388045), np.float64(44.23330739673958)]",2026-04-24 07:18:30,843.0890249970316,2,2.636230885092874,252.18124086298656,19.969805692045433,64.99834776464579,23.488054479282486,3,3,3,1153,9,0.9017361111111111,22.586318368171376,0.5507880910683012,ELECTRE-III,1
767,0040,0,0,"[15.103315566345934, 41.89136701000743]","[np.float64(15.43392485301), np.float64(45.3460413915903)]",2026-04-24 07:18:30,968.6034430341491,2,7.182897766810635,372.39770379842207,28.217834048375924,66.06354991665512,23.491733528503584,4,4,3,933,6,0.9017361111111111,20.78652519517025,0.37215411558669004,ELECTRE-III,1
768,0058,0,0,"[15.103315566345934, 41.89136701000743]","[np.float64(15.45444055731951), np.float64(44.12267217953321)]",2026-04-24 07:18:30,457.46043298140626,1,6.023804569009158,242.50277272177084,19.26082533493996,64.88506907726112,19.73897424158776,1,1,1,1274,3,0.9017361111111111,10.721613130476648,0.17425569176882663,ELECTRE-III,1
769,0059,1,0,"[15.103315566345934, 41.89136701000743]","[np.float64(15.4764160657426), np.float64(45.23881511288025)]",2026-04-24 07:18:30,658.0145776256252,1,2.6303988874905126,361.4293307390758,27.510119102500543,65.95817375814016,31.986214954671933,3,3,3,1494,10,0.9017361111111111,29.281006621338598,0.6427320490367776,ELECTRE-III,1
770,0060,0,0,"[15.103315566345934, 41.89136701000743]","[np.float64(15.30683053261572), np.float64(44.23638087245664)]",2026-04-24 07:18:30,972.7742833911208,2,7.345811815385931,252.64005878855758,20.003259798584324,65.00074516104446,24.360755073519297,3,3,3,970,14,0.9017361111111111,18.95033840685263,1.0,ELECTRE-III,1
771,0062,0,0,"[15.103315566345934, 41.89136701000743]","[np.float64(15.51288196486727), np.float64(45.29347114966385)]",2026-04-24 07:18:30,68.31659015563761,1,7.518150402852092,367.70181235740927,27.91597154605443,66.00881961083581,25.240813766198308,4,4,3,520,7,0.9017361111111111,28.847758210642752,0.4246935201401051,ELECTRE-III,1
772,0063,0,0,"[15.103315566345934, 41.89136701000743]","[np.float64(15.39933520632134), np.float64(44.14980389326286)]",2026-04-24 07:18:30,168.36601742170186,1,6.242104602766946,244.50700677877012,19.408154529498407,64.91357828685675,27.484375430061384,3,3,3,596,3,0.9017361111111111,18.467014318950273,0.17425569176882663,ELECTRE-III,1
773,0074,0,0,"[15.103315566345934, 41.89136701000743]","[np.float64(15.37334136395665), np.float64(45.41621112146088)]",2026-04-24 07:18:30,840.7309801614637,2,5.092246819757287,379.3504616234981,28.661655749932414,66.1341399217272,26.10983531121402,1,1,1,531,11,0.9017361111111111,26.10983531121402,0.7574430823117339,ELECTRE-III,1
774,0075,1,0,"[15.103315566345934, 41.89136701000743]","[np.float64(15.35346315118163), np.float64(45.24627122619385)]",2026-04-24 07:18:30,840.0684236840549,1,6.3727351406249255,361.0190160281267,27.48346504085875,65.97147213645418,33.3607550735193,1,1,1,758,9,0.9017361111111111,39.672907851297076,0.5507880910683012,ELECTRE-III,1
775,0085,0,0,"[15.103315566345934, 41.89136701000743]","[np.float64(15.40784146127796), np.float64(44.19355823951757)]",2026-04-24 07:18:30,597.2528982480844,1,6.33587263748521,249.2806741050718,19.757986563170356,64.95534489363138,24.488054479282486,3,3,3,1297,2,0.9017361111111111,29.898471145949152,0.05166374781085814,ELECTRE-III,1
776,0088,0,0,"[15.103315566345934, 41.89136701000743]","[np.float64(15.35191914535631), np.float64(45.37223784869551)]",2026-04-24 07:18:30,737.9549142248079,2,4.368062960437277,374.4835601721767,28.351373383631874,66.0928445980053,34.3607550735193,3,3,3,1297,12,0.9017361111111111,31.65554674018597,0.8957968476357268,ELECTRE-III,1
777,0089,0,0,"[15.103315566345934, 41.89136701000743]","[np.float64(15.50102070048514), np.float64(45.41931108805838)]",2026-04-24 07:18:30,20.14087946653635,1,6.402852283653443,380.95276172925395,28.7634086280837,66.13050626108875,22.73897424158776,1,1,1,955,3,0.9017361111111111,28.149390908254425,0.17425569176882663,ELECTRE-III,1
778,0090,1,0,"[15.103315566345934, 41.89136701000743]","[np.float64(15.4110937526177), np.float64(44.24364969064708)]",2026-04-24 07:18:30,925.9142681898061,1,4.987380215497228,254.65188272877018,20.14978129341126,65.00343625557744,25.611674835824573,4,4,3,1093,3,0.9017361111111111,28.316883169157904,0.17425569176882663,ELECTRE-III,1
778,0090,1,0,"[15.103315566345934, 41.89136701000743]","[np.float64(15.4110937526177), np.float64(44.24364969064708)]",2026-04-24 07:18:30,925.9142681898061,1,4.987380215497228,254.65188272877018,20.14978129341126,65.00343625557744,25.611674835824573,4,4,3,1093,3,0.9017361111111111,28.316883169157904,0.17425569176882663,ELECTRE-III,1
779,0091,1,0,"[15.103315566345934, 41.89136701000743]","[np.float64(15.51160321751433), np.float64(45.24017741284241)]",2026-04-24 07:18:30,774.060892787937,1,4.030602345385561,362.0141877754828,27.54808912706194,65.95762734300656,31.607995786603468,4,4,3,643,3,0.9017361111111111,22.590634675492357,0.17425569176882663,ELECTRE-III,1
780,0096,0,0,"[15.103315566345934, 41.89136701000743]","[np.float64(15.39577421805864), np.float64(44.19968681214924)]",2026-04-24 07:18:30,768.8608797479272,2,2.579911637491426,249.76086161486094,19.793092179258164,64.96175844126202,20.491733528503584,3,3,3,1103,6,0.9017361111111111,27.705622417392473,0.37215411558669004,ELECTRE-III,1
781,0101,0,0,"[15.103315566345934, 41.89136701000743]","[np.float64(15.41347928742369), np.float64(44.18270013506211)]",2026-04-24 07:18:30,266.70597182046174,1,4.828802463754964,248.2097661133504,19.67963881218814,64.94464881739114,20.989894003893035,3,3,3,1019,14,0.9017361111111111,25.498574559448592,1.0,ELECTRE-III,1
782,0105,1,0,"[15.103315566345934, 41.89136701000743]","[np.float64(15.39117977665373), np.float64(45.2916135229267)]",2026-04-24 07:18:30,652.644586713031,1,7.777193418688685,366.17941321266443,27.81774439521728,66.01330704512051,27.73897424158776,4,4,3,539,2,0.9017361111111111,25.935502019365536,0.05166374781085814,ELECTRE-III,1
783,0106,1,0,"[15.103315566345934, 41.89136701000743]","[np.float64(15.33619727680601), np.float64(45.31020149761281)]",2026-04-24 07:18:30,892.4687196989154,1,4.64909794812649,367.7327822663267,27.91796791610609,66.03385225414391,27.866273647350948,3,3,3,968,2,0.9017361111111111,19.75064864735095,0.05166374781085814,ELECTRE-III,1
784,0109,0,0,"[15.103315566345934, 41.89136701000743]","[np.float64(15.37635783300071), np.float64(44.1495292499775)]",2026-04-24 07:18:30,135.65829329613777,1,6.398729150481616,244.1601305295594,19.38267504473581,64.91427496615209,23.73529519236666,2,2,2,1458,4,0.9017361111111111,19.226614636811107,0.23029772329246936,ELECTRE-III,1
785,0112,0,0,"[15.103315566345934, 41.89136701000743]","[np.float64(15.50564334346546), np.float64(45.39069633393365)]",2026-04-24 07:18:30,28.907868652926034,1,6.272989878821795,377.9611285051741,28.573266957589738,66.10273471192349,29.491733528503584,2,2,2,567,13,0.9017361111111111,20.474372417392473,0.9693520140105079,ELECTRE-III,1
786,0116,0,0,"[15.103315566345934, 41.89136701000743]","[np.float64(15.33542420597953), np.float64(45.43101993676022)]",2026-04-24 07:18:30,679.962821607254,1,2.9017700802156625,380.6593517129109,28.744790650122376,66.15023867760092,27.113514360435122,4,4,3,1014,10,0.9017361111111111,31.622194915990676,0.6427320490367776,ELECTRE-III,1
787,0121,0,0,"[15.103315566345934, 41.89136701000743]","[np.float64(15.39087795295792), np.float64(44.18702255028052)]",2026-04-24 07:18:30,463.4886480390092,1,3.8103072311314143,248.3460603433844,19.689614377496934,64.94977145926865,26.73529519236666,3,3,3,950,5,0.9017361111111111,28.538767414588882,0.28633975481611207,ELECTRE-III,1
788,0123,0,0,"[15.103315566345934, 41.89136701000743]","[np.float64(15.44551533720978), np.float64(45.29543178188873)]",2026-04-24 07:18:30,320.8894006546669,1,2.024513929788277,367.11715489516615,27.878269757288795,66.01425644141514,31.60799578660347,4,4,3,1273,8,0.9017361111111111,31.60799578660347,0.4816112084063047,ELECTRE-III,1
789,0124,0,0,"[15.103315566345934, 41.89136701000743]","[np.float64(15.36298395998675), np.float64(45.32029422441961)]",2026-04-24 07:18:30,897.1266233857576,2,4.125012437998357,369.0106421942253,28.00027654064028,66.04229436795804,23.113514360435122,2,2,2,828,12,0.9017361111111111,14.997889360435122,0.8957968476357268,ELECTRE-III,1
790,0130,1,0,"[15.103315566345934, 41.89136701000743]","[np.float64(15.2948568596464), np.float64(44.15542867319083)]",2026-04-24 07:18:30,304.60422824543974,1,7.193962588509201,243.87697457713372,19.361870164916667,64.92320885358647,27.858915548908747,3,3,3,1353,9,0.9017361111111111,30.56412388224208,0.5507880910683012,ELECTRE-III,1
790,0130,1,0,"[15.103315566345934, 41.89136701000743]","[np.float64(15.2948568596464), np.float64(44.15542867319083)]",2026-04-24 07:18:30,304.60422824543974,1,7.193962588509201,243.87697457713372,19.361870164916667,64.92320885358647,27.858915548908747,3,3,3,1353,9,0.9017361111111111,30.56412388224208,0.5507880910683012,ELECTRE-III,1
791,0131,1,0,"[15.103315566345934, 41.89136701000743]","[np.float64(15.34038522057796), np.float64(44.14917350214408)]",2026-04-24 07:18:30,798.2444009100614,1,5.48315969314759,243.67777349802645,19.34723068580414,64.91539511717598,22.862594598129846,1,1,1,886,8,0.9017361111111111,18.35391404257429,0.4816112084063047,ELECTRE-III,1
791,0131,1,0,"[15.103315566345934, 41.89136701000743]","[np.float64(15.34038522057796), np.float64(44.14917350214408)]",2026-04-24 07:18:30,798.2444009100614,1,5.48315969314759,243.67777349802645,19.34723068580414,64.91539511717598,22.862594598129846,1,1,1,886,8,0.9017361111111111,18.35391404257429,0.4816112084063047,ELECTRE-III,1
792,0138,0,0,"[15.103315566345934, 41.89136701000743]","[np.float64(15.47160806218905), np.float64(45.34297061144142)]",2026-04-24 07:18:30,712.6490536265843,2,7.700405738719188,372.4740529497587,28.222727929234612,66.05863901064188,24.866273647350948,1,1,1,898,6,0.9017361111111111,20.357593091795394,0.37215411558669004,ELECTRE-III,1
793,0140,0,0,"[15.103315566345934, 41.89136701000743]","[np.float64(15.41158803410696), np.float64(45.24775055026569)]",2026-04-24 07:18:30,439.7417655529212,1,4.462084559100004,361.68266646255256,27.526569356819035,65.97007877786349,20.491733528503584,1,1,1,701,11,0.9017361111111111,26.803886306281363,0.7574430823117339,ELECTRE-III,1
794,0151,0,0,"[15.103315566345934, 41.89136701000743]","[np.float64(15.34959558750117), np.float64(45.36079909356824)]",2026-04-24 07:18:30,537.154986877456,1,3.9473611668500523,373.24269419165694,28.271971832372397,66.08194361608996,27.862594598129846,2,2,2,726,2,0.9017361111111111,35.076483487018734,0.05166374781085814,ELECTRE-III,1
795,0156,0,0,"[15.103315566345934, 41.89136701000743]","[np.float64(15.44233494522652), np.float64(44.18018081454147)]",2026-04-24 07:18:30,432.8616403899626,1,5.433726163665543,248.39202113978777,19.69297803225629,64.9409673454285,15.738974241587758,3,3,3,1198,12,0.9017361111111111,12.132029797143314,0.8957968476357268,ELECTRE-III,1
796,0159,0,0,"[15.103315566345934, 41.89136701000743]","[np.float64(15.42750224499109), np.float64(44.21855778761622)]",2026-04-24 07:18:30,67.8842271666572,1,5.427641715229791,252.22943093451389,19.97332007554909,64.97856070662026,28.73529519236666,2,2,2,798,4,0.9017361111111111,32.3422396368111,0.23029772329246936,ELECTRE-III,1
797,0161,0,0,"[15.103315566345934, 41.89136701000743]","[np.float64(15.33418495405879), np.float64(44.26813185045549)]",2026-04-24 07:18:30,890.2731428326216,2,2.176197796808286,256.303683650052,20.2698771156394,65.03023791788057,15.615353885045671,1,1,1,518,12,0.9017361111111111,16.517089996156784,0.8957968476357268,ELECTRE-III,1
798,0163,0,0,"[15.103315566345934, 41.89136701000743]","[np.float64(15.37705812502612), np.float64(44.19470686855086)]",2026-04-24 07:18:30,913.9887166616593,2,4.343097563349595,248.97913956039224,19.73593403052483,64.9577559504084,34.98621495467194,4,4,3,1170,13,0.9017361111111111,31.379270510227492,0.9693520140105079,ELECTRE-III,1
799,0173,0,0,"[15.103315566345934, 41.89136701000743]","[np.float64(15.32990527675897), np.float64(44.28759755949845)]",2026-04-24 07:18:30,645.0571969130319,1,6.161651566903016,258.33757717163905,20.417498265066673,65.04916437207068,24.73529519236666,3,3,3,1434,9,0.9017361111111111,31.94918408125555,0.5507880910683012,ELECTRE-III,1
800,0176,0,0,"[15.103315566345934, 41.89136701000743]","[np.float64(15.32890060326895), np.float64(45.274815232019)]",2026-04-24 07:18:30,907.6609936614154,2,5.452210441862271,363.8951182637792,27.670024810246137,66.00011794983321,32.61167483582457,2,2,2,1085,10,0.9017361111111111,23.594313724713462,0.6427320490367776,ELECTRE-III,1
801,0177,0,0,"[15.103315566345934, 41.89136701000743]","[np.float64(15.46732069425616), np.float64(45.41373700195285)]",2026-04-24 07:18:30,993.2717031771266,2,6.411487435811834,379.9719106860678,28.70114391193414,66.12695456272034,25.23345566775611,4,4,3,827,11,0.9017361111111111,30.643872334422777,0.7574430823117339,ELECTRE-III,1
802,0178,0,0,"[15.103315566345934, 41.89136701000743]","[np.float64(15.32594201289743), np.float64(44.18445239523339)]",2026-04-24 07:18:30,709.5775864746653,1,2.620828236240676,247.2835366274245,19.611813886804164,64.94995587437624,18.866273647350948,1,1,1,861,14,0.9017361111111111,19.768009758462057,1.0,ELECTRE-III,1
803,0183,0,0,"[15.103315566345934, 41.89136701000743]","[np.float64(15.44196903440522), np.float64(45.3642071211996)]",2026-04-24 07:18:30,71.73819105256885,1,7.072525034879055,374.4185742042969,28.347217950158004,66.08061855939098,23.862594598129846,2,2,2,1155,11,0.9017361111111111,23.862594598129846,0.7574430823117339,ELECTRE-III,1
804,0188,0,0,"[15.103315566345934, 41.89136701000743]","[np.float64(15.34798205713934), np.float64(44.26709886600003)]",2026-04-24 07:18:30,795.0934414714468,2,6.402255856985792,256.34335161551064,20.272758934172945,65.0286806347498,20.611674835824573,2,2,2,1005,7,0.9017361111111111,17.90646650249124,0.4246935201401051,ELECTRE-III,1
805,0192,0,0,"[15.103315566345934, 41.89136701000743]","[np.float64(15.43612326121614), np.float64(45.43250553526382)]",2026-04-24 07:18:30,949.8934215407896,2,3.243479373452349,381.6498377193663,28.8076141175668,66.1466459980975,34.48805447928248,3,3,3,636,4,0.9017361111111111,26.37242947928248,0.23029772329246936,ELECTRE-III,1
806,0198,0,0,"[15.103315566345934, 41.89136701000743]","[np.float64(15.40213287302873), np.float64(45.36219283882739)]",2026-04-24 07:18:30,401.22790430764445,1,7.880841730180043,373.81917124983676,28.308874664609913,66.0807073518502,25.491733528503584,1,1,1,757,10,0.9017361111111111,18.277844639614695,0.6427320490367776,ELECTRE-III,1
807,0205,0,0,"[15.103315566345934, 41.89136701000743]","[np.float64(15.40220552851947), np.float64(44.29222225171446)]",2026-04-24 07:18:30,213.89531575345126,1,6.851783763458751,259.69322753911473,20.51573524593759,65.0505918816072,26.862594598129846,2,2,2,796,5,0.9017361111111111,24.157386264796514,0.28633975481611207,ELECTRE-III,1
808,0208,0,0,"[15.103315566345934, 41.89136701000743]","[np.float64(15.27195092001394), np.float64(44.26818963219309)]",2026-04-24 07:18:30,298.11522403963113,1,2.413473079567288,255.74710302763887,20.22943107730447,65.03275142749514,27.23345566775611,4,4,3,842,6,0.9017361111111111,22.724775112200554,0.37215411558669004,ELECTRE-III,1
809,0211,0,0,"[15.103315566345934, 41.89136701000743]","[np.float64(15.43529290832991), np.float64(44.14410430439714)]",2026-04-24 07:18:30,369.56026611908044,1,6.411061100964077,244.45231211990313,19.40413751210198,64.90654319201164,28.360755073519297,2,2,2,1492,11,0.9017361111111111,29.262491184630406,0.7574430823117339,ELECTRE-III,1
810,0214,0,0,"[15.103315566345934, 41.89136701000743]","[np.float64(15.30828002369227), np.float64(44.12723827269749)]",2026-04-24 07:18:30,796.9266399460554,2,6.404884037962831,240.99267780283216,19.149644532096758,64.89552609688042,29.488054479282486,2,2,2,1499,13,0.9017361111111111,21.372429479282488,0.9693520140105079,ELECTRE-III,1
811,0217,0,0,"[15.103315566345934, 41.89136701000743]","[np.float64(15.47756969465248), np.float64(45.36831127753246)]",2026-04-24 07:18:30,411.5535518840333,1,2.4062235810687502,375.24329353001093,28.39992930442198,66.082708597277,22.3644341227404,2,2,2,1206,14,0.9017361111111111,25.971378567184843,1.0,ELECTRE-III,1
812,0221,0,0,"[15.103315566345934, 41.89136701000743]","[np.float64(15.40097554812284), np.float64(44.20927759626986)]",2026-04-24 07:18:30,285.2122872716585,1,2.8036559768201093,250.85361254255213,19.87292346383875,64.97077429096645,19.240813766198308,2,2,2,681,12,0.9017361111111111,22.847758210642752,0.8957968476357268,ELECTRE-III,1
813,0226,0,0,"[15.103315566345934, 41.89136701000743]","[np.float64(15.41434906562974), np.float64(44.25071440543049)]",2026-04-24 07:18:30,281.00966102941015,1,5.7380455137471955,255.449693751308,20.207810073692663,65.0100956900182,30.611674835824573,2,2,2,1475,3,0.9017361111111111,26.102994280269016,0.17425569176882663,ELECTRE-III,1
814,0227,0,0,"[15.103315566345934, 41.89136701000743]","[np.float64(15.48070332949718), np.float64(45.28359009426529)]",2026-04-24 07:18:30,885.2803667236802,2,2.824997324944545,366.2509764760307,27.822365737361714,66.00103319518199,27.23713471697721,3,3,3,887,11,0.9017361111111111,28.138870828088322,0.7574430823117339,ELECTRE-III,1
815,0232,0,0,"[15.103315566345934, 41.89136701000743]","[np.float64(15.39926209997388), np.float64(45.37329599933501)]",2026-04-24 07:18:30,13.674566978635893,1,5.488526867915704,374.9799626984242,28.38310439269604,66.09154003187383,23.23713471697721,2,2,2,814,4,0.9017361111111111,23.23713471697721,0.23029772329246936,ELECTRE-III,1
816,0237,0,0,"[15.103315566345934, 41.89136701000743]","[np.float64(15.32690273889364), np.float64(44.13657879128296)]",2026-04-24 07:18:30,999.7747031279232,2,6.127877465873345,242.18362962864063,19.23734094131248,64.90379745596529,30.73529519236666,1,1,1,1253,3,0.9017361111111111,35.243975747922214,0.17425569176882663,ELECTRE-III,1
817,0239,0,0,"[15.103315566345934, 41.89136701000743]","[np.float64(15.40405130175025), np.float64(45.2990583496326)]",2026-04-24 07:18:30,551.9154118585325,1,4.430504794424978,367.09143944009816,27.876610886406002,66.01983670596704,26.488054479282486,2,2,2,1214,12,0.9017361111111111,30.09499892372693,0.8957968476357268,ELECTRE-III,1
818,0250,1,0,"[15.103315566345934, 41.89136701000743]","[np.float64(15.42485477292705), np.float64(44.12079793747954)]",2026-04-24 07:18:30,860.082295004644,1,2.412357679259772,241.8128119629791,19.210045593936712,64.88455681307337,22.240813766198308,2,2,2,1114,13,0.9017361111111111,15.92866098842053,0.9693520140105079,ELECTRE-III,1
818,0250,1,0,"[15.103315566345934, 41.89136701000743]","[np.float64(15.42485477292705), np.float64(44.12079793747954)]",2026-04-24 07:18:30,860.082295004644,1,2.412357679259772,241.8128119629791,19.210045593936712,64.88455681307337,22.240813766198308,2,2,2,1114,13,0.9017361111111111,15.92866098842053,0.9693520140105079,ELECTRE-III,1
819,002,0,0,"[14.502122315601412, 41.757379189059286]","[np.float64(15.3427596288542), np.float64(44.2346711001931)]",2026-04-24 07:18:40,269.30908211565713,1,2.4800876469619273,282.1049508344734,22.121313499590656,65.03780576748095,30.858915548908747,3,3,3,933,2,0.9018518518518519,34.466322956316155,0.05166374781085814,ELECTRE-III,1
820,005,0,0,"[14.502122315601412, 41.757379189059286]","[np.float64(15.33268459438334), np.float64(45.40338037821193)]",2026-04-24 07:18:40,488.35380183430004,1,4.33382984784952,402.4845934965933,30.11154579559159,66.16389222575178,21.360755073519297,1,1,1,1421,7,0.9018518518518519,23.164458777223,0.4246935201401051,ELECTRE-III,1
821,0013,0,0,"[14.502122315601412, 41.757379189059286]","[np.float64(15.45581231131253), np.float64(45.36894274303858)]",2026-04-24 07:18:40,848.1374744683179,2,4.847111201084839,402.16598101477456,30.09185808427893,66.12456399651084,28.986214954671933,3,3,3,609,11,0.9018518518518519,36.20102976948675,0.7574430823117339,ELECTRE-III,1
822,0032,0,0,"[14.502122315601412, 41.757379189059286]","[np.float64(15.42495226389465), np.float64(44.18953098119557)]",2026-04-24 07:18:40,992.266944562694,2,7.7453517710343815,280.69663877709087,22.02146177103645,64.99085504712627,19.240813766198308,4,4,3,799,6,0.9018518518518519,21.946369321753863,0.37215411558669004,ELECTRE-III,1
823,0033,0,0,"[14.502122315601412, 41.757379189059286]","[np.float64(15.45058864625564), np.float64(45.41256118734638)]",2026-04-24 07:18:40,647.1245175271279,1,5.5813122071660874,406.54078505397507,30.36150057399746,66.16680871652737,23.989894003893035,1,1,1,1225,11,0.9018518518518519,28.499153263152294,0.7574430823117339,ELECTRE-III,1
824,0035,0,0,"[14.502122315601412, 41.757379189059286]","[np.float64(15.2923887388045), np.float64(44.23330739673958)]",2026-04-24 07:18:40,843.0890249970316,2,2.636230885092874,280.1896587012827,21.985481495216092,65.03850927696546,26.488054479282486,3,3,3,1153,9,0.9018518518518519,34.604721145949156,0.5507880910683012,ELECTRE-III,1
825,0040,0,0,"[14.502122315601412, 41.757379189059286]","[np.float64(15.43392485301), np.float64(45.3460413915903)]",2026-04-24 07:18:40,968.6034430341491,2,7.182897766810635,399.1742898626944,29.90661281866915,66.10366361765061,19.491733528503584,4,4,3,933,6,0.9018518518518519,16.78617797294803,0.37215411558669004,ELECTRE-III,1
826,0058,0,0,"[14.502122315601412, 41.757379189059286]","[np.float64(15.45444055731951), np.float64(44.12267217953321)]",2026-04-24 07:18:40,457.46043298140626,1,6.023804569009158,275.2525806498168,21.634145878868733,64.92518960844578,27.73897424158776,1,1,1,1274,3,0.9018518518518519,21.426011278624795,0.17425569176882663,ELECTRE-III,1
827,0059,1,0,"[14.502122315601412, 41.757379189059286]","[np.float64(15.4764160657426), np.float64(45.23881511288025)]",2026-04-24 07:18:40,658.0145776256252,1,2.6303988874905126,389.314655114314,29.29121032417278,65.99827379875731,26.986214954671933,3,3,3,1494,10,0.9018518518518519,18.869548288005266,0.6427320490367776,ELECTRE-III,1
828,0060,0,0,"[14.502122315601412, 41.757379189059286]","[np.float64(15.30683053261572), np.float64(44.23638087245664)]",2026-04-24 07:18:40,972.7742833911208,2,7.345811815385931,281.0019237814205,22.043118976192073,65.04089984317496,19.360755073519297,3,3,3,970,14,0.9018518518518519,21.164458777223,1.0,ELECTRE-III,1
829,0062,0,0,"[14.502122315601412, 41.757379189059286]","[np.float64(15.51288196486727), np.float64(45.29347114966385)]",2026-04-24 07:18:40,68.31659015563761,1,7.518150402852092,396.05654787929313,29.71282663034079,66.04891282126378,23.240813766198308,4,4,3,520,7,0.9018518518518519,23.240813766198308,0.4246935201401051,ELECTRE-III,1
830,0063,0,0,"[14.502122315601412, 41.757379189059286]","[np.float64(15.39933520632134), np.float64(44.14980389326286)]",2026-04-24 07:18:40,168.36601742170186,1,6.242104602766946,275.69979943854446,21.666042101006486,64.95370564823058,32.484375430061384,3,3,3,596,3,0.9018518518518519,33.386227281913236,0.17425569176882663,ELECTRE-III,1
831,0074,0,0,"[14.502122315601412, 41.757379189059286]","[np.float64(15.37334136395665), np.float64(45.41621112146088)]",2026-04-24 07:18:40,840.7309801614637,2,5.092246819757287,404.8478092899887,30.25732884897154,66.17426728310103,29.10983531121402,1,1,1,531,11,0.9018518518518519,25.502427903806613,0.7574430823117339,ELECTRE-III,1
832,0075,1,0,"[14.502122315601412, 41.757379189059286]","[np.float64(15.35346315118163), np.float64(45.24627122619385)]",2026-04-24 07:18:40,840.0684236840549,1,6.3727351406249255,386.61559099006706,29.121435563931087,66.01160632801718,30.360755073519297,1,1,1,758,9,0.9018518518518519,35.77186618463041,0.5507880910683012,ELECTRE-III,1
833,0085,0,0,"[14.502122315601412, 41.757379189059286]","[np.float64(15.40784146127796), np.float64(44.19355823951757)]",2026-04-24 07:18:40,597.2528982480844,1,6.33587263748521,280.42026272849546,22.00184968144591,64.99547908519438,32.48805447928248,3,3,3,1297,2,0.9018518518518519,31.58620262743063,0.05166374781085814,ELECTRE-III,1
834,0088,0,0,"[14.502122315601412, 41.757379189059286]","[np.float64(15.35191914535631), np.float64(45.37223784869551)]",2026-04-24 07:18:40,737.9549142248079,2,4.368062960437277,399.71167989990255,29.939938919203385,66.1329787895683,32.3607550735193,3,3,3,1297,12,0.9018518518518519,26.047792110556337,0.8957968476357268,ELECTRE-III,1
835,0090,1,0,"[14.502122315601412, 41.757379189059286]","[np.float64(15.4110937526177), np.float64(44.24364969064708)]",2026-04-24 07:18:40,925.9142681898061,1,4.987380215497228,285.5747759354558,22.366726570654418,65.04356361695126,21.611674835824573,4,4,3,1093,3,0.9018518518518519,15.29871187286161,0.17425569176882663,ELECTRE-III,1
836,0091,1,0,"[14.502122315601412, 41.757379189059286]","[np.float64(15.51160321751433), np.float64(45.24017741284241)]",2026-04-24 07:18:40,774.060892787937,1,4.030602345385561,390.5318064325356,29.36758674950278,65.99771372324537,33.60799578660347,4,4,3,643,3,0.9018518518518519,30.00058837919606,0.17425569176882663,ELECTRE-III,1
837,0096,0,0,"[14.502122315601412, 41.757379189059286]","[np.float64(15.39577421805864), np.float64(44.19968681214924)]",2026-04-24 07:18:40,768.8608797479272,2,2.579911637491426,280.56373102814536,22.01203110056422,65.00189263282502,25.491733528503584,3,3,3,1103,6,0.9018518518518519,16.473215009985065,0.37215411558669004,ELECTRE-III,1
838,0101,0,0,"[14.502122315601412, 41.757379189059286]","[np.float64(15.41347928742369), np.float64(44.18270013506211)]",2026-04-24 07:18:40,266.70597182046174,1,4.828802463754964,279.5553647788306,21.940440077548995,64.98477617876496,23.989894003893035,3,3,3,1019,14,0.9018518518518519,25.79359770759674,1.0,ELECTRE-III,1
839,0105,1,0,"[14.502122315601412, 41.757379189059286]","[np.float64(15.39117977665373), np.float64(45.2916135229267)]",2026-04-24 07:18:40,652.644586713031,1,7.777193418688685,392.34355327003885,29.48106222593894,66.05343440649433,32.738974241587755,4,4,3,539,2,0.9018518518518519,36.34638164899516,0.05166374781085814,ELECTRE-III,1
840,0106,1,0,"[14.502122315601412, 41.757379189059286]","[np.float64(15.33619727680601), np.float64(45.31020149761281)]",2026-04-24 07:18:40,892.4687196989154,1,4.64909794812649,392.8359935862128,29.511861511247005,66.07399327589607,24.866273647350948,3,3,3,968,2,0.9018518518518519,23.062569943647244,0.05166374781085814,ELECTRE-III,1
841,0109,0,0,"[14.502122315601412, 41.757379189059286]","[np.float64(15.37635783300071), np.float64(44.1495292499775)]",2026-04-24 07:18:40,135.65829329613777,1,6.398729150481616,274.77099411554093,21.59978274780967,64.95440915771509,31.73529519236666,2,2,2,1458,4,0.9018518518518519,29.931591488662956,0.23029772329246936,ELECTRE-III,1
842,0112,0,0,"[14.502122315601412, 41.757379189059286]","[np.float64(15.50564334346546), np.float64(45.39069633393365)]",2026-04-24 07:18:40,28.907868652926034,1,6.272989878821795,405.8642221428996,30.31989705256473,66.1428210921623,30.491733528503584,2,2,2,567,13,0.9018518518518519,29.589881676651732,0.9693520140105079,ELECTRE-III,1
843,0116,0,0,"[14.502122315601412, 41.757379189059286]","[np.float64(15.33542420597953), np.float64(45.43101993676022)]",2026-04-24 07:18:40,679.962821607254,1,2.9017700802156625,405.44263631862856,30.293954817154507,66.19037969935309,26.113514360435122,4,4,3,1014,10,0.9018518518518519,30.62277361969438,0.6427320490367776,ELECTRE-III,1
844,0121,0,0,"[14.502122315601412, 41.757379189059286]","[np.float64(15.39087795295792), np.float64(44.18702255028052)]",2026-04-24 07:18:40,463.4886480390092,1,3.8103072311314143,279.1014048967637,21.90818671232304,64.98990565083164,18.73529519236666,3,3,3,950,5,0.9018518518518519,13.324184081255549,0.28633975481611207,ELECTRE-III,1
845,0123,0,0,"[14.502122315601412, 41.757379189059286]","[np.float64(15.44551533720978), np.float64(45.29543178188873)]",2026-04-24 07:18:40,320.8894006546669,1,2.024513929788277,394.2577065947736,29.60067630473217,66.05436331222145,26.60799578660347,4,4,3,1273,8,0.9018518518518519,32.92095874956644,0.4816112084063047,ELECTRE-III,1
846,0124,0,0,"[14.502122315601412, 41.757379189059286]","[np.float64(15.36298395998675), np.float64(45.32029422441961)]",2026-04-24 07:18:40,897.1266233857576,2,4.125012437998357,394.57834297149884,29.620684966928135,66.08242172933187,27.113514360435122,2,2,2,828,12,0.9018518518518519,34.328329175249934,0.8957968476357268,ELECTRE-III,1
847,0130,1,0,"[14.502122315601412, 41.757379189059286]","[np.float64(15.2948568596464), np.float64(44.15542867319083)]",2026-04-24 07:18:40,304.60422824543974,1,7.193962588509201,272.3433496398469,21.426312249951184,64.96337036590614,25.858915548908747,3,3,3,1353,9,0.9018518518518519,22.25150814150134,0.5507880910683012,ELECTRE-III,1
848,0131,1,0,"[14.502122315601412, 41.757379189059286]","[np.float64(15.34038522057796), np.float64(44.14917350214408)]",2026-04-24 07:18:40,798.2444009100614,1,5.48315969314759,273.36597622067575,21.49943583017297,64.95554296911732,28.862594598129846,1,1,1,886,8,0.9018518518518519,35.17555756109281,0.4816112084063047,ELECTRE-III,1
849,0138,0,0,"[14.502122315601412, 41.757379189059286]","[np.float64(15.47160806218905), np.float64(45.34297061144142)]",2026-04-24 07:18:40,712.6490536265843,2,7.700405738719188,399.9316631999926,29.95357468848018,66.09873905125903,24.866273647350948,1,1,1,898,6,0.9018518518518519,18.553310684387984,0.37215411558669004,ELECTRE-III,1
850,0140,0,0,"[14.502122315601412, 41.757379189059286]","[np.float64(15.41158803410696), np.float64(45.24775055026569)]",2026-04-24 07:18:40,439.7417655529212,1,4.462084559100004,388.3525699645443,29.230758388089765,66.01019247885898,28.491733528503584,1,1,1,701,11,0.9018518518518519,19.473215009985065,0.7574430823117339,ELECTRE-III,1
851,0151,0,0,"[14.502122315601412, 41.757379189059286]","[np.float64(15.34959558750117), np.float64(45.36079909356824)]",2026-04-24 07:18:40,537.154986877456,1,3.9473611668500523,398.458537009351,29.862190943761426,66.12207780765296,25.862594598129846,2,2,2,726,2,0.9018518518518519,32.17555756109281,0.05166374781085814,ELECTRE-III,1
852,0156,0,0,"[14.502122315601412, 41.757379189059286]","[np.float64(15.44233494522652), np.float64(44.18018081454147)]",2026-04-24 07:18:40,432.8616403899626,1,5.433726163665543,280.46679825299566,22.005152297218828,64.98108787661316,19.73897424158776,3,3,3,1198,12,0.9018518518518519,23.346381648995166,0.8957968476357268,ELECTRE-III,1
853,0159,0,0,"[14.502122315601412, 41.757379189059286]","[np.float64(15.42750224499109), np.float64(44.21855778761622)]",2026-04-24 07:18:40,67.8842271666572,1,5.427641715229791,283.70244227191995,22.234407340915528,65.01868806799408,20.73529519236666,2,2,2,798,4,0.9018518518518519,13.520480377551845,0.23029772329246936,ELECTRE-III,1
854,0161,0,0,"[14.502122315601412, 41.757379189059286]","[np.float64(15.33418495405879), np.float64(44.26813185045549)]",2026-04-24 07:18:40,890.2731428326216,2,2.176197796808286,285.1938390424866,22.339825790471668,65.07038576982191,16.61535388504567,1,1,1,518,12,0.9018518518518519,7.596835366527152,0.8957968476357268,ELECTRE-III,1
855,0163,0,0,"[14.502122315601412, 41.757379189059286]","[np.float64(15.37705812502612), np.float64(44.19470686855086)]",2026-04-24 07:18:40,913.9887166616593,2,4.343097563349595,279.34267781016024,21.925330715075386,64.9978901419714,31.986214954671933,4,4,3,1170,13,0.9018518518518519,37.39732606578305,0.9693520140105079,ELECTRE-III,1
856,0173,0,0,"[14.502122315601412, 41.757379189059286]","[np.float64(15.32990527675897), np.float64(44.28759755949845)]",2026-04-24 07:18:40,645.0571969130319,1,6.161651566903016,287.0226281819897,22.46887531576675,65.08931222401202,25.73529519236666,3,3,3,1434,9,0.9018518518518519,30.24455445162592,0.5507880910683012,ELECTRE-III,1
857,0176,0,0,"[14.502122315601412, 41.757379189059286]","[np.float64(15.32890060326895), np.float64(45.274815232019)]",2026-04-24 07:18:40,907.6609936614154,2,5.452210441862271,388.9562569986792,29.268698986728165,66.04025897158537,28.611674835824573,2,2,2,1085,10,0.9018518518518519,32.21908224323198,0.6427320490367776,ELECTRE-III,1
858,0177,0,0,"[14.502122315601412, 41.757379189059286]","[np.float64(15.46732069425616), np.float64(45.41373700195285)]",2026-04-24 07:18:40,993.2717031771266,2,6.411487435811834,407.1342418509537,30.397964581928623,66.16705460333749,27.23345566775611,4,4,3,827,11,0.9018518518518519,23.626048260348703,0.7574430823117339,ELECTRE-III,1
859,0178,0,0,"[14.502122315601412, 41.757379189059286]","[np.float64(15.32594201289743), np.float64(44.18445239523339)]",2026-04-24 07:18:40,709.5775864746653,1,2.620828236240676,276.4042415243875,21.716255216873233,64.99011055650675,25.866273647350948,1,1,1,861,14,0.9018518518518519,24.062569943647244,1.0,ELECTRE-III,1
860,0183,0,0,"[14.502122315601412, 41.757379189059286]","[np.float64(15.44196903440522), np.float64(45.3642071211996)]",2026-04-24 07:18:40,71.73819105256885,1,7.072525034879055,401.2839453523285,30.037314398915928,66.1207254301973,26.862594598129846,2,2,2,1155,11,0.9018518518518519,18.74592793146318,0.7574430823117339,ELECTRE-III,1
861,0188,0,0,"[14.502122315601412, 41.757379189059286]","[np.float64(15.34798205713934), np.float64(44.26709886600003)]",2026-04-24 07:18:40,795.0934414714468,2,6.402255856985792,285.58217255503297,22.36724879802431,65.06882848669115,20.611674835824573,2,2,2,1005,7,0.9018518518518519,17.004267428417165,0.4246935201401051,ELECTRE-III,1
862,0192,0,0,"[14.502122315601412, 41.757379189059286]","[np.float64(15.43612326121614), np.float64(45.43250553526382)]",2026-04-24 07:18:40,949.8934215407896,2,3.243479373452349,408.2109552902638,30.46405206417442,66.18675969909297,29.488054479282486,3,3,3,636,4,0.9018518518518519,35.80101744224545,0.23029772329246936,ELECTRE-III,1
863,0198,0,0,"[14.502122315601412, 41.757379189059286]","[np.float64(15.40213287302873), np.float64(45.36219283882739)]",2026-04-24 07:18:40,401.22790430764445,1,7.880841730180043,399.97898648719814,29.956507556193525,66.12082788303485,19.491733528503584,1,1,1,757,10,0.9018518518518519,18.589881676651732,0.6427320490367776,ELECTRE-III,1
864,0205,0,0,"[14.502122315601412, 41.757379189059286]","[np.float64(15.40220552851947), np.float64(44.29222225171446)]",2026-04-24 07:18:40,213.89531575345126,1,6.851783763458751,290.1237320802977,22.687157622733896,65.09071924298104,27.862594598129846,2,2,2,796,5,0.9018518518518519,24.255187190722438,0.28633975481611207,ELECTRE-III,1
865,0208,0,0,"[14.502122315601412, 41.757379189059286]","[np.float64(15.27195092001394), np.float64(44.26818963219309)]",2026-04-24 07:18:40,298.11522403963113,1,2.413473079567288,283.0680406000441,22.189516887277247,65.07291293981481,34.23345566775611,4,4,3,842,6,0.9018518518518519,39.64456677886722,0.37215411558669004,ELECTRE-III,1
866,0211,0,0,"[14.502122315601412, 41.757379189059286]","[np.float64(15.43529290832991), np.float64(44.14410430439714)]",2026-04-24 07:18:40,369.56026611908044,1,6.411061100964077,276.5838617567072,21.72905306748805,64.94667055338546,30.360755073519297,2,2,2,1492,11,0.9018518518518519,33.06631062907485,0.7574430823117339,ELECTRE-III,1
867,0214,0,0,"[14.502122315601412, 41.757379189059286]","[np.float64(15.30828002369227), np.float64(44.12723827269749)]",2026-04-24 07:18:40,796.9266399460554,2,6.404884037962831,269.9633568860272,21.255845654855523,64.93568760920009,27.488054479282486,2,2,2,1499,13,0.9018518518518519,21.175091516319522,0.9693520140105079,ELECTRE-III,1
868,0217,0,0,"[14.502122315601412, 41.757379189059286]","[np.float64(15.47756969465248), np.float64(45.36831127753246)]",2026-04-24 07:18:40,411.5535518840333,1,2.4062235810687502,402.7261283705355,30.126465498355458,66.12280180770499,27.3644341227404,2,2,2,1206,14,0.9018518518518519,22.85517486348114,1.0,ELECTRE-III,1
869,0221,0,0,"[14.502122315601412, 41.757379189059286]","[np.float64(15.40097554812284), np.float64(44.20927759626986)]",2026-04-24 07:18:40,285.2122872716585,1,2.8036559768201093,281.7291475829105,22.094682214158038,65.01090848252943,25.240813766198308,2,2,2,681,12,0.9018518518518519,21.6334063587909,0.8957968476357268,ELECTRE-III,1
870,0226,0,0,"[14.502122315601412, 41.757379189059286]","[np.float64(15.41434906562974), np.float64(44.25071440543049)]",2026-04-24 07:18:40,281.00966102941015,1,5.7380455137471955,286.41077632131874,22.425726329685556,65.05022305139202,27.611674835824573,2,2,2,1475,3,0.9018518518518519,24.906119280269017,0.17425569176882663,ELECTRE-III,1
871,0227,0,0,"[14.502122315601412, 41.757379189059286]","[np.float64(15.48070332949718), np.float64(45.28359009426529)]",2026-04-24 07:18:40,885.2803667236802,2,2.824997324944545,394.063780382188,29.58857087870692,66.04112640560997,30.23713471697721,3,3,3,887,11,0.9018518518518519,21.21861619845869,0.7574430823117339,ELECTRE-III,1
872,0232,0,0,"[14.502122315601412, 41.757379189059286]","[np.float64(15.39926209997388), np.float64(45.37329599933501)]",2026-04-24 07:18:40,13.674566978635893,1,5.488526867915704,401.0569473626027,30.023267477608282,66.13166056305849,22.23713471697721,2,2,2,814,4,0.9018518518518519,15.022319902162394,0.23029772329246936,ELECTRE-III,1
873,0237,0,0,"[14.502122315601412, 41.757379189059286]","[np.float64(15.32690273889364), np.float64(44.13657879128296)]",2026-04-24 07:18:40,999.7747031279232,2,6.127877465873345,271.5919553885537,21.37253657902195,64.9439521380958,32.735295192366664,1,1,1,1253,3,0.9018518518518519,30.029739636811108,0.17425569176882663,ELECTRE-III,1
874,0239,0,0,"[14.502122315601412, 41.757379189059286]","[np.float64(15.40405130175025), np.float64(45.2990583496326)]",2026-04-24 07:18:40,551.9154118585325,1,4.430504794424978,393.46877588084897,29.551410873199554,66.05995723715169,22.488054479282486,2,2,2,1214,12,0.9018518518518519,17.978795220023226,0.8957968476357268,ELECTRE-III,1
875,0250,1,0,"[14.502122315601412, 41.757379189059286]","[np.float64(15.42485477292705), np.float64(44.12079793747954)]",2026-04-24 07:18:40,860.082295004644,1,2.412357679259772,273.8335756490113,21.532847369818125,64.9246841744472,22.240813766198308,2,2,2,1114,13,0.9018518518518519,18.6334063587909,0.9693520140105079,ELECTRE-III,1
876,002,0,0,"[13.90090601296844, 41.623896802109726]","[np.float64(15.3427596288542), np.float64(44.2346711001931)]",2026-04-24 07:18:50,269.30908211565713,1,2.4800876469619273,323.4276738957102,24.987124924504656,65.07795361942227,31.858915548908747,3,3,3,933,2,0.9019675925925926,33.66285073409393,0.05166374781085814,ELECTRE-III,1
877,0032,0,0,"[13.90090601296844, 41.623896802109726]","[np.float64(15.42495226389465), np.float64(44.18953098119557)]",2026-04-24 07:18:50,992.266944562694,2,7.7453517710343815,323.8606017212439,25.016482306160274,65.03098240850011,18.240813766198308,4,4,3,799,6,0.9019675925925926,10.123105432864975,0.37215411558669004,ELECTRE-III,1
878,0035,0,0,"[13.90090601296844, 41.623896802109726]","[np.float64(15.2923887388045), np.float64(44.23330739673958)]",2026-04-24 07:18:50,843.0890249970316,2,2.636230885092874,320.58830206864684,24.79423610927178,65.07866395909596,26.488054479282486,3,3,3,1153,9,0.9019675925925926,27.390022071875077,0.5507880910683012,ELECTRE-III,1
879,0058,0,0,"[13.90090601296844, 41.623896802109726]","[np.float64(15.45444055731951), np.float64(44.12267217953321)]",2026-04-24 07:18:50,457.46043298140626,1,6.023804569009158,319.4994435963418,24.72010627702942,64.96531013963043,22.73897424158776,1,1,1,1274,3,0.9019675925925926,20.033071463809982,0.17425569176882663,ELECTRE-III,1
880,0060,0,0,"[13.90090601296844, 41.623896802109726]","[np.float64(15.30683053261572), np.float64(44.23638087245664)]",2026-04-24 07:18:50,972.7742833911208,2,7.345811815385931,321.6471797377475,24.8662399574932,65.08105452530546,24.360755073519297,3,3,3,970,14,0.9019675925925926,21.65485229574152,1.0,ELECTRE-III,1
881,0063,0,0,"[13.90090601296844, 41.623896802109726]","[np.float64(15.39933520632134), np.float64(44.14980389326286)]",2026-04-24 07:18:50,168.36601742170186,1,6.242104602766946,318.7423278636816,24.668509479074334,64.99383983979358,27.484375430061384,3,3,3,596,3,0.9019675925925926,20.268634689320642,0.17425569176882663,ELECTRE-III,1
882,0085,0,0,"[13.90090601296844, 41.623896802109726]","[np.float64(15.40784146127796), np.float64(44.19355823951757)]",2026-04-24 07:18:50,597.2528982480844,1,6.33587263748521,323.2488782868153,24.97499647576783,65.0356064465682,28.488054479282486,3,3,3,1297,2,0.9019675925925926,29.390022071875077,0.05166374781085814,ELECTRE-III,1
883,0090,1,0,"[13.90090601296844, 41.623896802109726]","[np.float64(15.4110937526177), np.float64(44.24364969064708)]",2026-04-24 07:18:50,925.9142681898061,1,4.987380215497228,328.0518720509447,25.299971316918725,65.08369780851426,27.611674835824573,4,4,3,1093,3,0.9019675925925926,20.39593409508383,0.17425569176882663,ELECTRE-III,1
884,0096,0,0,"[13.90090601296844, 41.623896802109726]","[np.float64(15.39577421805864), np.float64(44.19968681214924)]",2026-04-24 07:18:50,768.8608797479272,2,2.579911637491426,323.1271954007884,24.966740852222596,65.04202682438802,25.491733528503584,3,3,3,1103,6,0.9019675925925926,20.981895565540622,0.37215411558669004,ELECTRE-III,1
885,0101,0,0,"[13.90090601296844, 41.623896802109726]","[np.float64(15.41347928742369), np.float64(44.18270013506211)]",2026-04-24 07:18:50,266.70597182046174,1,4.828802463754964,322.57393433988597,24.929190668706084,65.0249035401388,17.989894003893035,3,3,3,1019,14,0.9019675925925926,18.891861596485626,1.0,ELECTRE-III,1
886,0109,0,0,"[13.90090601296844, 41.623896802109726]","[np.float64(15.37635783300071), np.float64(44.1495292499775)]",2026-04-24 07:18:50,135.65829329613777,1,6.398729150481616,317.40136907905674,24.577019462304744,64.99455017946725,23.73529519236666,2,2,2,1458,4,0.9019675925925926,19.2254572294037,0.23029772329246936,ELECTRE-III,1
887,0121,0,0,"[13.90090601296844, 41.623896802109726]","[np.float64(15.39087795295792), np.float64(44.18702255028052)]",2026-04-24 07:18:50,463.4886480390092,1,3.8103072311314143,321.68162285124606,24.86858068817652,65.03003984239464,18.73529519236666,3,3,3,950,5,0.9019675925925926,11.519554451625918,0.28633975481611207,ELECTRE-III,1
888,0130,1,0,"[13.90090601296844, 41.623896802109726]","[np.float64(15.2948568596464), np.float64(44.15542867319083)]",2026-04-24 07:18:50,304.60422824543974,1,7.193962588509201,313.40942718042675,24.303868492908325,65.00353187822583,23.858915548908747,3,3,3,1353,9,0.9019675925925926,31.97662388224208,0.5507880910683012,ELECTRE-III,1
889,0131,1,0,"[13.90090601296844, 41.623896802109726]","[np.float64(15.34038522057796), np.float64(44.14917350214408)]",2026-04-24 07:18:50,798.2444009100614,1,5.48315969314759,315.33898223179807,24.436047219209268,64.99569082105864,26.862594598129846,1,1,1,886,8,0.9019675925925926,27.764562190722437,0.4816112084063047,ELECTRE-III,1
890,0156,0,0,"[13.90090601296844, 41.623896802109726]","[np.float64(15.44233494522652), np.float64(44.18018081454147)]",2026-04-24 07:18:50,432.8616403899626,1,5.433726163665543,324.0127520857961,25.02679648206199,65.02120840779781,24.73897424158776,3,3,3,1198,12,0.9019675925925926,18.42520109343961,0.8957968476357268,ELECTRE-III,1
891,0159,0,0,"[13.90090601296844, 41.623896802109726]","[np.float64(15.42750224499109), np.float64(44.21855778761622)]",2026-04-24 07:18:50,67.8842271666572,1,5.427641715229791,326.671292379403,25.206737264819488,65.05881542936791,24.73529519236666,2,2,2,798,4,0.9019675925925926,26.539230377551846,0.23029772329246936,ELECTRE-III,1
892,0161,0,0,"[13.90090601296844, 41.623896802109726]","[np.float64(15.33418495405879), np.float64(44.26813185045549)]",2026-04-24 07:18:50,890.2731428326216,2,2.176197796808286,326.09698577919704,25.167910742299405,65.11054045195242,23.61535388504567,1,1,1,518,12,0.9019675925925926,28.125191848008633,0.8957968476357268,ELECTRE-III,1
893,0163,0,0,"[13.90090601296844, 41.623896802109726]","[np.float64(15.37705812502612), np.float64(44.19470686855086)]",2026-04-24 07:18:50,913.9887166616593,2,4.343097563349595,321.61111884164313,24.863789188412277,65.03803116372356,34.98621495467194,4,4,3,1170,13,0.9019675925925926,39.4960529176349,0.9693520140105079,ELECTRE-III,1
894,0173,0,0,"[13.90090601296844, 41.623896802109726]","[np.float64(15.32990527675897), np.float64(44.28759755949845)]",2026-04-24 07:18:50,645.0571969130319,1,6.161651566903016,327.69722207637955,25.27603456574979,65.12946690614251,20.73529519236666,3,3,3,1434,9,0.9019675925925926,25.245133155329622,0.5507880910683012,ELECTRE-III,1
895,0178,0,0,"[13.90090601296844, 41.623896802109726]","[np.float64(15.32594201289743), np.float64(44.18445239523339)]",2026-04-24 07:18:50,709.5775864746653,1,2.620828236240676,317.81934041265043,24.605550887657508,65.03025840844808,23.866273647350948,1,1,1,861,14,0.9019675925925926,31.98398198068428,1.0,ELECTRE-III,1
896,0188,0,0,"[13.90090601296844, 41.623896802109726]","[np.float64(15.34798205713934), np.float64(44.26709886600003)]",2026-04-24 07:18:50,795.0934414714468,2,6.402255856985792,326.74486084163743,25.211709139625377,65.10896950844331,20.611674835824573,2,2,2,1005,7,0.9019675925925926,25.121512798787535,0.4246935201401051,ELECTRE-III,1
897,0205,0,0,"[13.90090601296844, 41.623896802109726]","[np.float64(15.40220552851947), np.float64(44.29222225171446)]",2026-04-24 07:18:50,213.89531575345126,1,6.851783763458751,332.0583626881958,25.569728392519433,65.13085343454404,28.862594598129846,2,2,2,796,5,0.9019675925925926,36.07833533887059,0.28633975481611207,ELECTRE-III,1
898,0208,0,0,"[13.90090601296844, 41.623896802109726]","[np.float64(15.27195092001394), np.float64(44.26818963219309)]",2026-04-24 07:18:50,298.11522403963113,1,2.413473079567288,322.81302406529255,24.945420651267344,65.11307445213448,33.23345566775611,4,4,3,842,6,0.9019675925925926,27.821650112200555,0.37215411558669004,ELECTRE-III,1
899,0211,0,0,"[13.90090601296844, 41.623896802109726]","[np.float64(15.43529290832991), np.float64(44.14410430439714)]",2026-04-24 07:18:50,369.56026611908044,1,6.411061100964077,320.31218458498205,24.775446315330026,64.98679108457011,27.360755073519297,2,2,2,1492,11,0.9019675925925926,24.65485229574152,0.7574430823117339,ELECTRE-III,1
900,0214,0,0,"[13.90090601296844, 41.623896802109726]","[np.float64(15.30828002369227), np.float64(44.12723827269749)]",2026-04-24 07:18:50,796.9266399460554,2,6.404884037962831,311.516548355958,24.17393399690288,64.9758422913306,32.48805447928248,2,2,2,1499,13,0.9019675925925926,33.39002207187507,0.9693520140105079,ELECTRE-III,1
901,0221,0,0,"[13.90090601296844, 41.623896802109726]","[np.float64(15.40097554812284), np.float64(44.20927759626986)]",2026-04-24 07:18:50,285.2122872716585,1,2.8036559768201093,324.3065807786255,25.046710034894502,65.05104267409243,16.240813766198308,2,2,2,681,12,0.9019675925925926,24.35852209953164,0.8957968476357268,ELECTRE-III,1
902,0223,0,0,"[13.90090601296844, 41.623896802109726]","[np.float64(11.08469086642429), np.float64(39.40749123387835)]",2026-04-24 07:18:50,655.4618132092008,1,6.596902848818741,394.8998168890191,29.640737920737923,60.21010511871087,23.240813766198308,3,3,3,694,7,0.9019675925925926,29.554586914346455,0.4246935201401051,ELECTRE-III,1
903,0226,0,0,"[13.90090601296844, 41.623896802109726]","[np.float64(15.41434906562974), np.float64(44.25071440543049)]",2026-04-24 07:18:50,281.00966102941015,1,5.7380455137471955,328.8881779580396,25.35637953856219,65.09035724295502,31.611674835824573,2,2,2,1475,3,0.9019675925925926,28.003804465454202,0.17425569176882663,ELECTRE-III,1
904,0237,0,0,"[13.90090601296844, 41.623896802109726]","[np.float64(15.32690273889364), np.float64(44.13657879128296)]",2026-04-24 07:18:50,999.7747031279232,2,6.127877465873345,313.4183727158648,24.30448191878479,64.98409999003714,24.73529519236666,1,1,1,1253,3,0.9019675925925926,29.245133155329622,0.17425569176882663,ELECTRE-III,1
905,0250,1,0,"[13.90090601296844, 41.623896802109726]","[np.float64(15.42485477292705), np.float64(44.12079793747954)]",2026-04-24 07:18:50,860.082295004644,1,2.412357679259772,317.5779486583786,24.589074667457666,64.96481153582101,19.240813766198308,2,2,2,1114,13,0.9019675925925926,27.35852209953164,0.9693520140105079,ELECTRE-III,1
906,002,0,0,"[13.299669219767958, 41.49088911330748]","[np.float64(15.3427596288542), np.float64(44.2346711001931)]",2026-04-24 07:19:00,269.30908211565713,1,2.4800876469619273,372.8096377572954,28.24423315697612,65.11810147136362,29.858915548908747,3,3,3,933,2,0.9020833333333333,32.565165548908745,0.05166374781085814,ELECTRE-III,1
907,0032,0,0,"[13.299669219767958, 41.49088911330748]","[np.float64(15.42495226389465), np.float64(44.18953098119557)]",2026-04-24 07:19:00,992.266944562694,2,7.7453517710343815,374.6197974652642,28.360083824197993,65.07110976987393,21.240813766198308,4,4,3,799,6,0.9020833333333333,12.219980432864974,0.37215411558669004,ELECTRE-III,1
908,0035,0,0,"[13.299669219767958, 41.49088911330748]","[np.float64(15.2923887388045), np.float64(44.23330739673958)]",2026-04-24 07:19:00,843.0890249970316,2,2.636230885092874,369.33291617541903,28.021014805731756,65.11882547141563,28.488054479282486,3,3,3,1153,9,0.9020833333333333,34.80263781261582,0.5507880910683012,ELECTRE-III,1
909,0058,0,0,"[13.299669219767958, 41.49088911330748]","[np.float64(15.45444055731951), np.float64(44.12267217953321)]",2026-04-24 07:19:00,457.46043298140626,1,6.023804569009158,371.15349838067857,28.138018885291768,65.00543067081509,19.73897424158776,1,1,1,1274,3,0.9020833333333333,17.93480757492109,0.17425569176882663,ELECTRE-III,1
910,0060,0,0,"[13.299669219767958, 41.49088911330748]","[np.float64(15.30683053261572), np.float64(44.23638087245664)]",2026-04-24 07:19:00,972.7742833911208,2,7.345811815385931,370.55507228528523,28.099587725668776,65.12120920743597,23.360755073519297,3,3,3,970,14,0.9020833333333333,15.242005073519296,1.0,ELECTRE-III,1
911,0063,0,0,"[13.299669219767958, 41.49088911330748]","[np.float64(15.39933520632134), np.float64(44.14980389326286)]",2026-04-24 07:19:00,168.36601742170186,1,6.242104602766946,369.51609009556717,28.032798450645984,65.03397403135656,34.484375430061384,3,3,3,596,3,0.9020833333333333,32.68020876339472,0.17425569176882663,ELECTRE-III,1
912,0085,0,0,"[13.299669219767958, 41.49088911330748]","[np.float64(15.40784146127796), np.float64(44.19355823951757)]",2026-04-24 07:19:00,597.2528982480844,1,6.33587263748521,373.76915441902787,28.305673880917986,65.07573380794203,23.488054479282486,3,3,3,1297,2,0.9020833333333333,23.488054479282486,0.05166374781085814,ELECTRE-III,1
913,0090,1,0,"[13.299669219767958, 41.49088911330748]","[np.float64(15.4110937526177), np.float64(44.24364969064708)]",2026-04-24 07:19:00,925.9142681898061,1,4.987380215497228,378.20946374338416,28.58907686242162,65.1238251698881,20.611674835824573,4,4,3,1093,3,0.9020833333333333,28.73042483582457,0.17425569176882663,ELECTRE-III,1
914,0096,0,0,"[13.299669219767958, 41.49088911330748]","[np.float64(15.39577421805864), np.float64(44.19968681214924)]",2026-04-24 07:19:00,768.8608797479272,2,2.579911637491426,373.4509401937585,28.285305526822516,65.08216101595102,26.491733528503584,3,3,3,1103,6,0.9020833333333333,20.17715019517025,0.37215411558669004,ELECTRE-III,1
915,0101,0,0,"[13.299669219767958, 41.49088911330748]","[np.float64(15.41347928742369), np.float64(44.18270013506211)]",2026-04-24 07:19:00,266.70597182046174,1,4.828802463754964,373.25044912617284,28.272468429614662,65.06503773170179,17.989894003893035,3,3,3,1019,14,0.9020833333333333,13.479477337226367,1.0,ELECTRE-III,1
916,0109,0,0,"[13.299669219767958, 41.49088911330748]","[np.float64(15.37635783300071), np.float64(44.1495292499775)]",2026-04-24 07:19:00,135.65829329613777,1,6.398729150481616,367.89583654225913,27.92847744080725,65.03469120121942,24.73529519236666,2,2,2,1458,4,0.9020833333333333,24.73529519236666,0.23029772329246936,ELECTRE-III,1
917,0121,0,0,"[13.299669219767958, 41.49088911330748]","[np.float64(15.39087795295792), np.float64(44.18702255028052)]",2026-04-24 07:19:00,463.4886480390092,1,3.8103072311314143,372.0480723513834,28.19541739809057,65.07017403395764,23.73529519236666,3,3,3,950,5,0.9020833333333333,18.322795192366662,0.28633975481611207,ELECTRE-III,1
918,0130,1,0,"[13.299669219767958, 41.49088911330748]","[np.float64(15.2948568596464), np.float64(44.15542867319083)]",2026-04-24 07:19:00,304.60422824543974,1,7.193962588509201,362.8212661309448,27.600443100053447,65.04368656035632,25.858915548908747,3,3,3,1353,9,0.9020833333333333,24.956832215575414,0.5507880910683012,ELECTRE-III,1
919,0131,1,0,"[13.299669219767958, 41.49088911330748]","[np.float64(15.34038522057796), np.float64(44.14917350214408)]",2026-04-24 07:19:00,798.2444009100614,1,5.48315969314759,365.38691058053973,27.766540640946108,65.03583867299999,19.862594598129846,1,1,1,886,8,0.9020833333333333,18.960511264796512,0.4816112084063047,ELECTRE-III,1
920,0156,0,0,"[13.299669219767958, 41.49088911330748]","[np.float64(15.44233494522652), np.float64(44.18018081454147)]",2026-04-24 07:19:00,432.8616403899626,1,5.433726163665543,375.0547947016165,28.387886152912138,65.06132893898247,20.73897424158776,3,3,3,1198,12,0.9020833333333333,27.053557574921093,0.8957968476357268,ELECTRE-III,1
921,0159,0,0,"[13.299669219767958, 41.49088911330748]","[np.float64(15.42750224499109), np.float64(44.21855778761622)]",2026-04-24 07:19:00,67.8842271666572,1,5.427641715229791,377.22730936414314,28.52652164669462,65.09893596055257,22.73529519236666,2,2,2,798,4,0.9020833333333333,21.833211859033327,0.23029772329246936,ELECTRE-III,1
922,0161,0,0,"[13.299669219767958, 41.49088911330748]","[np.float64(15.33418495405879), np.float64(44.26813185045549)]",2026-04-24 07:19:00,890.2731428326216,2,2.176197796808286,375.1030697991063,28.3909706996879,65.15068830389374,20.61535388504567,1,1,1,518,12,0.9020833333333333,13.398687218379004,0.8957968476357268,ELECTRE-III,1
923,0163,0,0,"[13.299669219767958, 41.49088911330748]","[np.float64(15.37705812502612), np.float64(44.19470686855086)]",2026-04-24 07:19:00,913.9887166616593,2,4.343097563349595,371.7449895010743,28.17597760295909,65.07816535528656,31.986214954671933,4,4,3,1170,13,0.9020833333333333,40.104964954671935,0.9693520140105079,ELECTRE-III,1
924,0173,0,0,"[13.299669219767958, 41.49088911330748]","[np.float64(15.32990527675897), np.float64(44.28759755949845)]",2026-04-24 07:19:00,645.0571969130319,1,6.161651566903016,376.4947850433075,28.47981743084041,65.16961475808385,28.73529519236666,3,3,3,1434,9,0.9020833333333333,32.34362852569999,0.5507880910683012,ELECTRE-III,1
925,0178,0,0,"[13.299669219767958, 41.49088911330748]","[np.float64(15.32594201289743), np.float64(44.18445239523339)]",2026-04-24 07:19:00,709.5775864746653,1,2.620828236240676,367.3938176052986,27.896113698254375,65.07041309057858,20.866273647350948,1,1,1,861,14,0.9020833333333333,13.64960698068428,1.0,ELECTRE-III,1
926,0188,0,0,"[13.299669219767958, 41.49088911330748]","[np.float64(15.34798205713934), np.float64(44.26709886600003)]",2026-04-24 07:19:00,795.0934414714468,2,6.402255856985792,375.9342688175142,28.444052169432332,65.14911736038465,19.611674835824573,2,2,2,1005,7,0.9020833333333333,11.492924835824573,0.4246935201401051,ELECTRE-III,1
927,0205,0,0,"[13.299669219767958, 41.49088911330748]","[np.float64(15.40220552851947), np.float64(44.29222225171446)]",2026-04-24 07:19:00,213.89531575345126,1,6.851783763458751,381.7238283664461,28.812304078379793,65.17098079591786,24.862594598129846,2,2,2,796,5,0.9020833333333333,31.177177931463177,0.28633975481611207,ELECTRE-III,1
928,0208,0,0,"[13.299669219767958, 41.49088911330748]","[np.float64(15.27195092001394), np.float64(44.26818963219309)]",2026-04-24 07:19:00,298.11522403963113,1,2.413473079567288,371.00991623252423,28.128800495265544,65.15324279464333,29.23345566775611,4,4,3,842,6,0.9020833333333333,35.54803900108944,0.37215411558669004,ELECTRE-III,1
929,0211,0,0,"[13.299669219767958, 41.49088911330748]","[np.float64(15.43529290832991), np.float64(44.14410430439714)]",2026-04-24 07:19:00,369.56026611908044,1,6.411061100964077,371.5646793911805,28.16440912258538,65.02691844594395,33.3607550735193,2,2,2,1492,11,0.9020833333333333,25.2420050735193,0.7574430823117339,ELECTRE-III,1
930,0214,0,0,"[13.299669219767958, 41.49088911330748]","[np.float64(15.30828002369227), np.float64(44.12723827269749)]",2026-04-24 07:19:00,796.9266399460554,2,6.404884037962831,361.33654084538216,27.504092596395168,65.0159969734611,33.48805447928248,2,2,2,1499,13,0.9020833333333333,24.467221145949146,0.9693520140105079,ELECTRE-III,1
931,0221,0,0,"[13.299669219767958, 41.49088911330748]","[np.float64(15.40097554812284), np.float64(44.20927759626986)]",2026-04-24 07:19:00,285.2122872716585,1,2.8036559768201093,374.6164127578343,28.359867437529225,65.09117003546626,19.240813766198308,2,2,2,681,12,0.9020833333333333,21.94706376619831,0.8957968476357268,ELECTRE-III,1
932,0223,0,0,"[13.299669219767958, 41.49088911330748]","[np.float64(11.08469086642429), np.float64(39.40749123387835)]",2026-04-24 07:19:00,655.4618132092008,1,6.596902848818741,334.55624634753934,25.73729886029405,60.2507105933266,18.240813766198308,3,3,3,694,7,0.9020833333333333,20.94706376619831,0.4246935201401051,ELECTRE-III,1
933,0226,0,0,"[13.299669219767958, 41.49088911330748]","[np.float64(15.41434906562974), np.float64(44.25071440543049)]",2026-04-24 07:19:00,281.00966102941015,1,5.7380455137471955,379.0290633792924,28.641221757473765,65.13048460432884,29.611674835824573,2,2,2,1475,3,0.9020833333333333,32.31792483582457,0.17425569176882663,ELECTRE-III,1
934,0237,0,0,"[13.299669219767958, 41.49088911330748]","[np.float64(15.32690273889364), np.float64(44.13657879128296)]",2026-04-24 07:19:00,999.7747031279232,2,6.127877465873345,363.3994443336092,27.637917938928677,65.02425467216764,27.73529519236666,1,1,1,1253,3,0.9020833333333333,20.518628525699995,0.17425569176882663,ELECTRE-III,1
935,0250,1,0,"[13.299669219767958, 41.49088911330748]","[np.float64(15.42485477292705), np.float64(44.12079793747954)]",2026-04-24 07:19:00,860.082295004644,1,2.412357679259772,368.89809593058095,27.99303233013637,65.00493889719485,16.240813766198308,2,2,2,1114,13,0.9020833333333333,14.43664709953164,0.9693520140105079,ELECTRE-III,1
936,0223,0,0,"[12.698412789773613, 41.358335632085044]","[np.float64(11.08469086642429), np.float64(39.40749123387835)]",2026-04-24 07:19:10,655.4618132092008,1,6.596902848818741,277.94340110190194,21.82584563370623,60.2913228981315,23.240813766198308,3,3,3,694,7,0.9021990740740741,25.045211914346456,0.4246935201401051,ELECTRE-III,1
937,0223,0,0,"[12.097138430532697, 41.226215867874906]","[np.float64(11.08469086642429), np.float64(39.40749123387835)]",2026-04-24 07:19:20,655.4618132092008,1,6.596902848818741,227.85963815454795,18.1764568529767,60.33192837274722,22.240813766198308,3,3,3,694,7,0.9023148148148148,14.119980432864974,0.4246935201401051,ELECTRE-III,1
938,0223,0,0,"[11.495848703366148, 41.09450249992038]","[np.float64(11.08469086642429), np.float64(39.40749123387835)]",2026-04-24 07:19:30,655.4618132092008,1,6.596902848818741,189.5525793050041,15.276621213715764,60.372533847362945,25.240813766198308,3,3,3,694,7,0.9024305555555555,17.11893876619831,0.4246935201401051,ELECTRE-III,1
939,0223,0,0,"[10.89454531582126, 40.963175037653954]","[np.float64(11.08469086642429), np.float64(39.40749123387835)]",2026-04-24 07:19:40,655.4618132092008,1,6.596902848818741,171.1230911389677,13.851403718301231,60.413139321978676,21.240813766198308,3,3,3,694,7,0.9025462962962963,24.85099895138349,0.4246935201401051,ELECTRE-III,1
940,0223,0,0,"[10.293229975445323, 40.83220957541355]","[np.float64(11.08469086642429), np.float64(39.40749123387835)]",2026-04-24 07:19:50,655.4618132092008,1,6.596902848818741,178.82593504102317,14.449328122316846,60.4537447965944,21.240813766198308,3,3,3,694,7,0.9026620370370371,23.046137840272383,0.4246935201401051,ELECTRE-III,1
941,0238,0,0,"[10.293229975445323, 40.83220957541355]","[np.float64(7.257431164626644), np.float64(38.79297444451961)]",2026-04-24 07:19:50,513.2497344020267,1,4.09424597414311,405.1644142275817,30.2768269314079,59.19977670649342,26.611674835824573,2,2,2,735,13,0.9026620370370371,32.930309095083835,0.9693520140105079,ELECTRE-III,1
942,0223,0,0,"[9.69190268223834, 40.70158562263164]","[np.float64(11.08469086642429), np.float64(39.40749123387835)]",2026-04-24 07:20:00,655.4618132092008,1,6.596902848818741,209.80238984724136,16.820535157020778,60.494357101399295,23.240813766198308,3,3,3,694,7,0.9027777777777778,23.240813766198308,0.4246935201401051,ELECTRE-III,1
943,0238,0,0,"[9.69190268223834, 40.70158562263164]","[np.float64(7.257431164626644), np.float64(38.79297444451961)]",2026-04-24 07:20:00,513.2497344020267,1,4.09424597414311,342.54137691127625,26.269816370360985,59.2400270112723,24.611674835824573,2,2,2,735,13,0.9027777777777778,31.833897058046794,0.9693520140105079,ELECTRE-III,1
944,0223,0,0,"[9.090567705068539, 40.57128268874072]","[np.float64(11.08469086642429), np.float64(39.40749123387835)]",2026-04-24 07:20:10,655.4618132092008,1,6.596902848818741,255.73030368645223,20.22820996211936,60.53496257601502,20.240813766198308,3,3,3,694,7,0.9028935185185185,14.823452655087197,0.4246935201401051,ELECTRE-III,1
945,0238,0,0,"[9.090567705068539, 40.57128268874072]","[np.float64(7.257431164626644), np.float64(38.79297444451961)]",2026-04-24 07:20:10,513.2497344020267,1,4.09424597414311,282.5877365987085,22.155511333807034,59.28027731605119,25.611674835824573,2,2,2,735,13,0.9028935185185185,17.485633169157907,0.9693520140105079,ELECTRE-III,1
946,0223,0,0,"[8.489224190162277, 40.441280283173285]","[np.float64(11.08469086642429), np.float64(39.40749123387835)]",2026-04-24 07:20:20,655.4618132092008,1,6.596902848818741,310.0347918312481,24.072035527400608,60.57556805063074,27.240813766198308,3,3,3,694,7,0.9030092592592592,19.113730432864976,0.4246935201401051,ELECTRE-III,1
947,0238,0,0,"[8.489224190162277, 40.441280283173285]","[np.float64(7.257431164626644), np.float64(38.79297444451961)]",2026-04-24 07:20:20,513.2497344020267,1,4.09424597414311,227.4240614998986,18.143989459449156,59.32052762083007,24.611674835824573,2,2,2,735,13,0.9030092592592592,28.22371187286161,0.9693520140105079,ELECTRE-III,1
948,0223,0,0,"[7.88787469884049, 40.31155791536182]","[np.float64(11.08469086642429), np.float64(39.40749123387835)]",2026-04-24 07:20:30,655.4618132092008,1,6.596902848818741,369.0361125265539,28.00191584196976,60.616173525246474,26.240813766198308,3,3,3,694,7,0.903125,33.46581376619831,0.4246935201401051,ELECTRE-III,1
949,0238,0,0,"[7.88787469884049, 40.31155791536182]","[np.float64(7.257431164626644), np.float64(38.79297444451961)]",2026-04-24 07:20:30,513.2497344020267,1,4.09424597414311,181.4722453320148,14.654011983912312,59.360771095419786,31.611674835824573,2,2,2,735,13,0.903125,24.38667483582457,0.9693520140105079,ELECTRE-III,1
950,0238,0,0,"[7.286521792424119, 40.18208826454964]","[np.float64(7.257431164626644), np.float64(38.79297444451961)]",2026-04-24 07:20:40,513.2497344020267,1,4.09424597414311,153.2542826739001,12.45263392632754,59.40102140019867,27.611674835824573,2,2,2,735,13,0.9032407407407408,25.805193354343093,0.9693520140105079,ELECTRE-III,1
951,0238,0,0,"[6.6851650440263395, 40.052861085452996]","[np.float64(7.257431164626644), np.float64(38.79297444451961)]",2026-04-24 07:20:50,513.2497344020267,1,4.09424597414311,152.9247886266464,12.42669356462278,59.441258044599216,25.611674835824573,2,2,2,735,13,0.9033564814814815,21.998248909898646,0.9693520140105079,ELECTRE-III,1
952,0238,0,0,"[6.083807441854914, 39.92384905731521]","[np.float64(7.257431164626644), np.float64(38.79297444451961)]",2026-04-24 07:21:00,513.2497344020267,1,4.09424597414311,180.63527731915437,14.589316187058982,59.48150151918893,23.611674835824573,2,2,2,735,13,0.9034722222222222,17.28736928026902,0.9693520140105079,ELECTRE-III,1
953,0238,0,0,"[5.482449839683488, 39.79503168956877]","[np.float64(7.257431164626644), np.float64(38.79297444451961)]",2026-04-24 07:21:10,513.2497344020267,1,4.09424597414311,226.30958135928822,18.06086248151203,59.521738163589475,26.611674835824573,2,2,2,735,13,0.903587962962963,22.997322983972722,0.9693520140105079,ELECTRE-III,1
954,0238,0,0,"[4.8810935181725315, 39.66639532183534]","[np.float64(7.257431164626644), np.float64(38.79297444451961)]",2026-04-24 07:21:20,513.2497344020267,1,4.09424597414311,281.33025635518004,22.066403800946027,59.56198163817919,30.611674835824573,2,2,2,735,13,0.9037037037037037,36.0338970580468,0.9693520140105079,ELECTRE-III,1
955,0238,0,0,"[4.279740611756161, 39.537916048452814]","[np.float64(7.257431164626644), np.float64(38.79297444451961)]",2026-04-24 07:21:30,513.2497344020267,1,4.09424597414311,341.204887313325,26.181024357519533,59.60221145239057,27.611674835824573,2,2,2,735,13,0.9038194444444444,23.996397058046796,0.9693520140105079,ELECTRE-III,1
956,0238,0,0,"[3.6783924010948432, 39.409573378853686]","[np.float64(7.257431164626644), np.float64(38.79297444451961)]",2026-04-24 07:21:40,513.2497344020267,1,4.09424597414311,403.7795688992723,30.191484226165027,59.642448096791114,26.611674835824573,2,2,2,735,13,0.9039351851851852,34.747091502491244,0.9693520140105079,ELECTRE-III,1
957,0154,1,0,"[-21.554907350664877, 33.883236585545106]","[np.float64(-25.07627411660518), np.float64(33.7321418934602)]",2026-04-24 07:28:40,762.1614583414248,1,6.251926428436312,391.86238798101635,29.45095003561859,39.840619787184025,23.866273647350948,2,2,2,712,11,0.9087962962962963,19.322292165869467,0.7574430823117339,ELECTRE-III,1
958,0154,1,0,"[-22.154644063568895, 33.74154431121319]","[np.float64(-25.07627411660518), np.float64(33.7321418934602)]",2026-04-24 07:28:50,762.1614583414248,1,6.251926428436312,324.87231022230344,25.085032813448986,39.86710384569075,26.866273647350948,2,2,2,712,11,0.908912037037037,33.22865790661021,0.7574430823117339,ELECTRE-III,1
959,0114,0,0,"[-22.75430564439204, 33.598998263235025]","[np.float64(-25.70128578474945), np.float64(32.0841088916068)]",2026-04-24 07:29:00,133.36104014646412,1,7.949472768677483,361.89562909346716,27.540394193010897,38.39775940049175,25.61535388504567,3,3,3,1165,10,0.9090277777777778,33.79660388504567,0.6427320490367776,ELECTRE-III,1
960,0154,1,0,"[-22.75430564439204, 33.598998263235025]","[np.float64(-25.07627411660518), np.float64(33.7321418934602)]",2026-04-24 07:29:00,762.1614583414248,1,6.251926428436312,258.54586625808037,20.432600071490413,39.89356741362996,22.866273647350948,2,2,2,712,11,0.9090277777777778,19.23016253623984,0.7574430823117339,ELECTRE-III,1
961,0240,0,0,"[-22.75430564439204, 33.598998263235025]","[np.float64(-26.0076833401347), np.float64(32.96959499334744)]",2026-04-24 07:29:00,414.8991942978363,1,6.254729647033166,367.3304914385956,27.892029863556218,38.748308614358905,29.23713471697721,4,4,3,956,11,0.9090277777777778,31.964218050310542,0.7574430823117339,ELECTRE-III,1
962,0114,0,0,"[-23.353888678039734, 33.45556429066475]","[np.float64(-25.70128578474945), np.float64(32.0841088916068)]",2026-04-24 07:29:10,133.36104014646412,1,7.949472768677483,295.59190438627365,23.07036415700209,38.42461911940283,27.61535388504567,3,3,3,1165,10,0.9091435185185185,22.16049277393456,0.6427320490367776,ELECTRE-III,1
963,0154,1,0,"[-23.353888678039734, 33.45556429066475]","[np.float64(-25.07627411660518), np.float64(33.7321418934602)]",2026-04-24 07:29:10,762.1614583414248,1,6.251926428436312,193.5634621042865,15.58431202400564,39.92001049100166,25.866273647350948,2,2,2,712,11,0.9091435185185185,20.411412536239837,0.7574430823117339,ELECTRE-III,1
963,0154,1,0,"[-23.353888678039734, 33.45556429066475]","[np.float64(-25.07627411660518), np.float64(33.7321418934602)]",2026-04-24 07:29:10,762.1614583414248,1,6.251926428436312,193.5634621042865,15.58431202400564,39.92001049100166,25.866273647350948,2,2,2,712,11,0.9091435185185185,20.411412536239837,0.7574430823117339,ELECTRE-III,1
964,0240,0,0,"[-23.353888678039734, 33.45556429066475]","[np.float64(-26.0076833401347), np.float64(32.96959499334744)]",2026-04-24 07:29:10,414.8991942978363,1,6.254729647033166,299.1448991603918,23.318193529473252,38.7746389936093,30.23713471697721,4,4,3,956,11,0.9091435185185185,22.054843050310545,0.7574430823117339,ELECTRE-III,1
965,0114,0,0,"[-23.953389749417386, 33.31121165765112]","[np.float64(-25.70128578474945), np.float64(32.0841088916068)]",2026-04-24 07:29:20,133.36104014646412,1,7.949472768677483,230.4524709568736,18.369473304829494,38.45146176284098,25.61535388504567,3,3,3,1165,10,0.9092592592592592,21.069057588749374,0.6427320490367776,ELECTRE-III,1
966,0154,1,0,"[-23.953389749417386, 33.31121165765112]","[np.float64(-25.07627411660518), np.float64(33.7321418934602)]",2026-04-24 07:29:20,762.1614583414248,1,6.251926428436312,131.9215719892498,10.762873202061913,39.946436492900446,24.866273647350948,2,2,2,712,11,0.9092592592592592,23.95701438809169,0.7574430823117339,ELECTRE-III,1
966,0154,1,0,"[-23.953389749417386, 33.31121165765112]","[np.float64(-25.07627411660518), np.float64(33.7321418934602)]",2026-04-24 07:29:20,762.1614583414248,1,6.251926428436312,131.9215719892498,10.762873202061913,39.946436492900446,24.866273647350948,2,2,2,712,11,0.9092592592592592,23.95701438809169,0.7574430823117339,ELECTRE-III,1
967,0240,0,0,"[-23.953389749417386, 33.31121165765112]","[np.float64(-26.0076833401347), np.float64(32.96959499334744)]",2026-04-24 07:29:20,414.8991942978363,1,6.254729647033166,231.00745216024058,18.410731501817004,38.80094888229219,30.23713471697721,4,4,3,956,11,0.9092592592592592,26.600097679940173,0.7574430823117339,ELECTRE-III,1
968,0114,0,0,"[-24.552807150977703, 33.1658993830591]","[np.float64(-25.70128578474945), np.float64(32.0841088916068)]",2026-04-24 07:29:30,133.36104014646412,1,7.949472768677483,167.8348355567583,13.595208396175416,38.478287330806204,25.61535388504567,3,3,3,1165,10,0.909375,16.52160388504567,0.6427320490367776,ELECTRE-III,1
969,0154,1,0,"[-24.552807150977703, 33.1658993830591]","[np.float64(-25.07627411660518), np.float64(33.7321418934602)]",2026-04-24 07:29:30,762.1614583414248,1,6.251926428436312,81.5728763558356,6.703795930023115,39.9728454193263,24.866273647350948,2,2,2,712,11,0.909375,31.23189864735095,0.7574430823117339,ELECTRE-III,1
969,0154,1,0,"[-24.552807150977703, 33.1658993830591]","[np.float64(-25.07627411660518), np.float64(33.7321418934602)]",2026-04-24 07:29:30,762.1614583414248,1,6.251926428436312,81.5728763558356,6.703795930023115,39.9728454193263,24.866273647350948,2,2,2,712,11,0.909375,31.23189864735095,0.7574430823117339,ELECTRE-III,1
970,0240,0,0,"[-24.552807150977703, 33.1658993830591]","[np.float64(-26.0076833401347), np.float64(32.96959499334744)]",2026-04-24 07:29:30,414.8991942978363,1,6.254729647033166,162.9745820861239,13.215520783803,38.82724169550215,28.23713471697721,4,4,3,956,11,0.909375,34.60275971697721,0.7574430823117339,ELECTRE-III,1
971,0114,0,0,"[-25.152137467626105, 33.01959331594284]","[np.float64(-25.70128578474945), np.float64(32.0841088916068)]",2026-04-24 07:29:40,133.36104014646412,1,7.949472768677483,112.04554814685159,9.171203200225584,38.505095823298504,25.61535388504567,3,3,3,1165,10,0.9094907407407408,27.434335366527154,0.6427320490367776,ELECTRE-III,1
972,0154,1,0,"[-25.152137467626105, 33.01959331594284]","[np.float64(-25.07627411660518), np.float64(33.7321418934602)]",2026-04-24 07:29:40,762.1614583414248,1,6.251926428436312,72.23575187127277,5.942296311801135,39.99923385518464,23.866273647350948,2,2,2,712,11,0.9094907407407408,29.323218091795393,0.7574430823117339,ELECTRE-III,1
972,0154,1,0,"[-25.152137467626105, 33.01959331594284]","[np.float64(-25.07627411660518), np.float64(33.7321418934602)]",2026-04-24 07:29:40,762.1614583414248,1,6.251926428436312,72.23575187127277,5.942296311801135,39.99923385518464,23.866273647350948,2,2,2,712,11,0.9094907407407408,29.323218091795393,0.7574430823117339,ELECTRE-III,1
973,0240,0,0,"[-25.152137467626105, 33.01959331594284]","[np.float64(-26.0076833401347), np.float64(32.96959499334744)]",2026-04-24 07:29:40,414.8991942978363,1,6.254729647033166,95.26456542340357,7.816076596951964,38.85351401814461,26.23713471697721,4,4,3,956,11,0.9094907407407408,31.694079161421655,0.7574430823117339,ELECTRE-III,1
974,0114,0,0,"[-25.751378991815297, 32.8722593053565]","[np.float64(-25.70128578474945), np.float64(32.0841088916068)]",2026-04-24 07:29:50,133.36104014646412,1,7.949472768677483,79.14764346680057,6.506220983359563,38.53188724031788,25.61535388504567,3,3,3,1165,10,0.9096064814814815,33.801812218379006,0.6427320490367776,ELECTRE-III,1
975,0154,1,0,"[-25.751378991815297, 32.8722593053565]","[np.float64(-25.07627411660518), np.float64(33.7321418934602)]",2026-04-24 07:29:50,762.1614583414248,1,6.251926428436312,114.42693537798672,9.362709008954889,40.02560180047548,26.866273647350948,2,2,2,712,11,0.9096064814814815,20.499028276980578,0.7574430823117339,ELECTRE-III,1
975,0154,1,0,"[-25.751378991815297, 32.8722593053565]","[np.float64(-25.07627411660518), np.float64(33.7321418934602)]",2026-04-24 07:29:50,762.1614583414248,1,6.251926428436312,114.42693537798672,9.362709008954889,40.02560180047548,26.866273647350948,2,2,2,712,11,0.9096064814814815,20.499028276980578,0.7574430823117339,ELECTRE-III,1
976,0240,0,0,"[-25.751378991815297, 32.8722593053565]","[np.float64(-26.0076833401347), np.float64(32.96959499334744)]",2026-04-24 07:29:50,414.8991942978363,1,6.254729647033166,30.117480950871002,2.4849027325016424,38.87976926531414,25.23713471697721,4,4,3,956,11,0.9096064814814815,33.423593050310544,0.7574430823117339,ELECTRE-III,1
977,0114,0,0,"[-26.350530015997986, 32.723856370165045]","[np.float64(-25.70128578474945), np.float64(32.0841088916068)]",2026-04-24 07:30:00,133.36104014646412,1,7.949472768677483,96.42555746316617,7.91013270154837,38.558658166769746,22.61535388504567,3,3,3,1165,10,0.9097222222222222,19.886187218379003,0.6427320490367776,ELECTRE-III,1
978,0154,1,0,"[-26.350530015997986, 32.723856370165045]","[np.float64(-25.07627411660518), np.float64(33.7321418934602)]",2026-04-24 07:30:00,762.1614583414248,1,6.251926428436312,174.00985246217164,14.075853355437335,40.05195267029339,22.866273647350948,2,2,2,712,11,0.9097222222222222,21.046829202906505,0.7574430823117339,ELECTRE-III,1
978,0154,1,0,"[-26.350530015997986, 32.723856370165045]","[np.float64(-25.07627411660518), np.float64(33.7321418934602)]",2026-04-24 07:30:00,762.1614583414248,1,6.251926428436312,174.00985246217164,14.075853355437335,40.05195267029339,22.866273647350948,2,2,2,712,11,0.9097222222222222,21.046829202906505,0.7574430823117339,ELECTRE-III,1
979,0240,0,0,"[-26.350530015997986, 32.723856370165045]","[np.float64(-26.0076833401347), np.float64(32.96959499334744)]",2026-04-24 07:30:00,414.8991942978363,1,6.254729647033166,45.328511513603026,3.7369577476090994,38.90600743701074,27.23713471697721,4,4,3,956,11,0.9097222222222222,22.6885236058661,0.7574430823117339,ELECTRE-III,1
980,0114,0,0,"[-26.949585417532294, 32.57434352923347]","[np.float64(-25.70128578474945), np.float64(32.0841088916068)]",2026-04-24 07:30:10,133.36104014646412,1,7.949472768677483,147.15206447498514,11.971387641691404,38.58541201774868,30.61535388504567,3,3,3,1165,10,0.9098379629629629,29.705515922082707,0.6427320490367776,ELECTRE-III,1
981,0154,1,0,"[-26.949585417532294, 32.57434352923347]","[np.float64(-25.07627411660518), np.float64(33.7321418934602)]",2026-04-24 07:30:10,762.1614583414248,1,6.251926428436312,238.2736836186468,18.949080551578508,40.078283049543785,20.866273647350948,2,2,2,712,11,0.9098379629629629,19.046597721425023,0.7574430823117339,ELECTRE-III,1
982,0240,0,0,"[-26.949585417532294, 32.57434352923347]","[np.float64(-26.0076833401347), np.float64(32.96959499334744)]",2026-04-24 07:30:10,414.8991942978363,1,6.254729647033166,111.87915164209001,9.157814187759561,38.93222511813983,24.23713471697721,4,4,3,956,11,0.9098379629629629,22.417458791051285,0.7574430823117339,ELECTRE-III,1
983,0114,0,0,"[-27.548541781323635, 32.423683216521326]","[np.float64(-25.70128578474945), np.float64(32.0841088916068)]",2026-04-24 07:30:20,133.36104014646412,1,7.949472768677483,208.1604274971055,16.69624688716456,38.6121487932547,29.61535388504567,3,3,3,1165,10,0.9099537037037037,20.515816848008633,0.6427320490367776,ELECTRE-III,1
984,0154,1,0,"[-27.548541781323635, 32.423683216521326]","[np.float64(-25.07627411660518), np.float64(33.7321418934602)]",2026-04-24 07:30:20,762.1614583414248,1,6.251926428436312,304.26429758269654,23.67366300917187,40.10459635332126,21.866273647350948,2,2,2,712,11,0.9099537037037037,26.416042165869467,0.7574430823117339,ELECTRE-III,1
985,0240,0,0,"[-27.548541781323635, 32.423683216521326]","[np.float64(-26.0076833401347), np.float64(32.96959499334744)]",2026-04-24 07:30:20,414.8991942978363,1,6.254729647033166,179.70122572095997,14.517071120729074,38.95842230870142,24.23713471697721,4,4,3,956,11,0.9099537037037037,23.327181013273506,0.7574430823117339,ELECTRE-III,1
986,0114,0,0,"[-28.147399107372014, 32.27182762070443]","[np.float64(-25.70128578474945), np.float64(32.0841088916068)]",2026-04-24 07:30:30,133.36104014646412,1,7.949472768677483,272.6315676857849,21.44692889482833,38.63886849328779,22.61535388504567,3,3,3,1165,10,0.9100694444444445,19.885145551712338,0.6427320490367776,ELECTRE-III,1
987,0154,1,0,"[-28.147399107372014, 32.27182762070443]","[np.float64(-25.07627411660518), np.float64(33.7321418934602)]",2026-04-24 07:30:30,762.1614583414248,1,6.251926428436312,371.0600923248015,28.13202212609317,40.130889166531226,24.866273647350948,2,2,2,712,11,0.9100694444444445,24.866273647350948,0.7574430823117339,ELECTRE-III,1
988,0240,0,0,"[-28.147399107372014, 32.27182762070443]","[np.float64(-26.0076833401347), np.float64(32.96959499334744)]",2026-04-24 07:30:30,414.8991942978363,1,6.254729647033166,247.75050261638,19.646015529337046,38.98460583888466,30.23713471697721,4,4,3,956,11,0.9100694444444445,22.04650971697721,0.7574430823117339,ELECTRE-III,1
989,0114,0,0,"[-28.74615227303555, 32.118735760647766]","[np.float64(-25.70128578474945), np.float64(32.0841088916068)]",2026-04-24 07:30:40,133.36104014646412,1,7.949472768677483,338.59148801831617,26.00700717205941,38.66556770275337,28.61535388504567,3,3,3,1165,10,0.9101851851851852,25.884798329490117,0.6427320490367776,ELECTRE-III,1
990,0240,0,0,"[-28.74615227303555, 32.118735760647766]","[np.float64(-26.0076833401347), np.float64(32.96959499334744)]",2026-04-24 07:30:40,414.8991942978363,1,6.254729647033166,315.8780124024524,24.472922568942266,39.01076546340581,24.23713471697721,4,4,3,956,11,0.9101851851851852,27.87787545771795,0.7574430823117339,ELECTRE-III,1
991,0114,0,0,"[-29.344797863219657, 31.964363240121724]","[np.float64(-25.70128578474945), np.float64(32.0841088916068)]",2026-04-24 07:30:50,133.36104014646412,1,7.949472768677483,405.31256903237187,30.285948369853767,38.692253251840604,21.61535388504567,3,3,3,1165,10,0.9103009259259259,23.435955736897522,0.6427320490367776,ELECTRE-III,1
992,0240,0,0,"[-29.344797863219657, 31.964363240121724]","[np.float64(-26.0076833401347), np.float64(32.96959499334744)]",2026-04-24 07:30:50,414.8991942978363,1,6.254729647033166,384.0403686444958,28.958926374555503,39.036911427548624,26.23713471697721,4,4,3,956,11,0.9103009259259259,20.775329161421652,0.7574430823117339,ELECTRE-III,1
993,0119,0,0,"[64.87771296352501, 36.27559571970669]","[np.float64(61.88599621454934), np.float64(34.29573543686479)]",2026-04-24 08:43:20,869.7595635561564,2,5.053374602397637,346.9370224479011,26.560891547205202,39.95877864473066,27.10983531121402,3,3,3,1276,12,0.9606481481481481,21.34594642232513,0.8957968476357268,ELECTRE-III,1
994,0119,0,0,"[64.30344431848869, 35.76458145657385]","[np.float64(61.88599621454934), np.float64(34.29573543686479)]",2026-04-24 08:43:30,869.7595635561564,2,5.053374602397637,278.76505993870524,21.88428033875013,39.96501460744288,34.10983531121402,3,3,3,1276,12,0.9607638888888889,36.031363088991796,0.8957968476357268,ELECTRE-III,1
995,0119,0,0,"[63.727734503537484, 35.27274977972499]","[np.float64(61.88599621454934), np.float64(34.29573543686479)]",2026-04-24 08:43:40,869.7595635561564,2,5.053374602397637,210.71789852964508,16.889763910536256,39.971233494682174,34.10983531121402,3,3,3,1276,12,0.9608796296296296,34.10983531121402,0.8957968476357268,ELECTRE-III,1
996,0119,0,0,"[63.150685971508956, 34.79890199096077]","[np.float64(61.88599621454934), np.float64(34.29573543686479)]",2026-04-24 08:43:50,869.7595635561564,2,5.053374602397637,142.97661315214808,11.641099358053285,39.97743530644855,27.10983531121402,3,3,3,1276,12,0.9609953703703704,29.03182605195476,0.8957968476357268,ELECTRE-III,1
997,0119,0,0,"[62.57237385448397, 34.34193842982482]","[np.float64(61.88599621454934), np.float64(34.29573543686479)]",2026-04-24 08:44:00,869.7595635561564,2,5.053374602397637,76.35934382364591,6.278876394209358,39.983620042742,29.10983531121402,3,3,3,1276,12,0.9611111111111111,21.42094642232513,0.8957968476357268,ELECTRE-III,1
998,0119,0,0,"[61.99288694492175, 33.900841398130815]","[np.float64(61.88599621454934), np.float64(34.29573543686479)]",2026-04-24 08:44:10,869.7595635561564,2,5.053374602397637,23.831096953590677,1.9666930505231381,39.9897911186571,34.10983531121402,3,3,3,1276,12,0.9612268518518519,39.87719642232513,0.8957968476357268,ELECTRE-III,1
999,0119,0,0,"[61.41229354471399, 33.47466832977328]","[np.float64(61.88599621454934), np.float64(34.29573543686479)]",2026-04-24 08:44:20,869.7595635561564,2,5.053374602397637,68.22017561490533,5.614136558971297,39.9959417040047,31.10983531121402,3,3,3,1276,12,0.9613425925925926,39.76191864454735,0.8957968476357268,ELECTRE-III,1
1000,0119,0,0,"[60.83066195575238, 33.06255179072764]","[np.float64(61.88599621454934), np.float64(34.29573543686479)]",2026-04-24 08:44:30,869.7595635561564,2,5.053374602397637,134.49608106753368,10.967868764046294,40.002075213879365,31.10983531121402,3,3,3,1276,12,0.9614583333333333,28.22546031121402,0.8957968476357268,ELECTRE-III,1
1001,0119,0,0,"[60.24805364973946, 32.66368240357723]","[np.float64(61.88599621454934), np.float64(34.29573543686479)]",2026-04-24 08:44:40,869.7595635561564,2,5.053374602397637,202.17261914366136,16.241634316354876,40.00819164828111,36.10983531121402,3,3,3,1276,12,0.961574074074074,38.99455753343624,0.8957968476357268,ELECTRE-III,1
1002,0119,0,0,"[59.664523268188596, 32.27731226260795]","[np.float64(61.88599621454934), np.float64(34.29573543686479)]",2026-04-24 08:44:50,869.7595635561564,2,5.053374602397637,270.2000444813296,21.272816102456417,40.01429442230452,30.10983531121402,3,3,3,1276,12,0.9616898148148149,30.10983531121402,0.8957968476357268,ELECTRE-III,1
1003,0119,0,0,"[59.08012545261313, 31.90275151871362]","[np.float64(61.88599621454934), np.float64(34.29573543686479)]",2026-04-24 08:45:00,869.7595635561564,2,5.053374602397637,338.3669747915802,25.99203347612174,40.02037670576042,30.10983531121402,3,3,3,1276,12,0.9618055555555556,33.95705753343624,0.8957968476357268,ELECTRE-III,1
1004,0119,0,0,"[58.49490801433727, 31.539344473733923]","[np.float64(61.88599621454934), np.float64(34.29573543686479)]",2026-04-24 08:45:10,869.7595635561564,2,5.053374602397637,406.60382294320476,30.365375128278494,40.02644191374339,29.10983531121402,3,3,3,1276,12,0.9619212962962963,25.262150126028835,0.8957968476357268,ELECTRE-III,1
1005,0196,0,0,"[56.73478875579249, 30.510274022433954]","[np.float64(55.02482225295105), np.float64(25.63956112566773)]",2026-04-24 08:45:40,676.2592286881184,1,7.756776769935576,358.27050919231755,27.304589232637554,44.39507188801856,22.60799578660347,4,4,3,989,12,0.9622685185185185,30.306143934751617,0.8957968476357268,ELECTRE-III,1
1006,0196,0,0,"[56.146726543727326, 30.185884433087953]","[np.float64(55.02482225295105), np.float64(25.63956112566773)]",2026-04-24 08:45:50,676.2592286881184,1,7.756776769935576,311.6805562181276,24.185202624612867,44.407547228537595,29.60799578660347,4,4,3,989,12,0.9623842592592593,23.833690231047918,0.8957968476357268,ELECTRE-III,1
1007,0196,0,0,"[55.55804278444768, 29.870022334920712]","[np.float64(55.02482225295105), np.float64(25.63956112566773)]",2026-04-24 08:46:00,676.2592286881184,1,7.756776769935576,274.28752810947606,21.565269086059054,44.420005493583695,24.60799578660347,4,4,3,989,12,0.9625,21.720495786603472,0.8957968476357268,ELECTRE-III,1
1008,0070,0,0,"[54.96877162889941, 29.562264256203694]","[np.float64(53.90033850330105), np.float64(23.98352188543916)]",2026-04-24 08:46:10,738.0945281454173,2,3.6114570848091607,379.73622050323127,28.6861711740848,44.85990041198378,36.60799578660347,2,2,2,849,10,0.9626157407407407,31.794917082899765,0.6427320490367776,ELECTRE-III,1
1009,0141,0,0,"[54.96877162889941, 29.562264256203694]","[np.float64(52.28969137768817), np.float64(26.09225234242703)]",2026-04-24 08:46:10,80.65872889055422,1,4.870159773658979,375.5351031079771,28.418567560723712,46.89938123777125,16.240813766198308,1,1,1,599,2,0.9626157407407407,13.352966543976086,0.05166374781085814,ELECTRE-III,1
1010,0196,0,0,"[54.96877162889941, 29.562264256203694]","[np.float64(55.02482225295105), np.float64(25.63956112566773)]",2026-04-24 08:46:10,676.2592286881184,1,7.756776769935576,250.2503475360974,19.828861657301335,44.432443268062286,27.60799578660347,4,4,3,989,12,0.9626157407407407,25.68276430512199,0.8957968476357268,ELECTRE-III,1
1011,0068,0,0,"[54.37894039783921, 29.262207215775863]","[np.float64(51.26298891686045), np.float64(31.68708054527626)]",2026-04-24 08:46:20,993.7068228648167,2,4.5078824454575,382.82398742506126,28.88198878493329,49.46386113901716,25.488054479282486,3,3,3,1443,6,0.9627314814814815,29.33898040520841,0.37215411558669004,ELECTRE-III,1
1012,0070,0,0,"[54.37894039783921, 29.262207215775863]","[np.float64(53.90033850330105), np.float64(23.98352188543916)]",2026-04-24 08:46:20,738.0945281454173,2,3.6114570848091607,347.8586917267125,26.621737122800827,44.87365641297219,28.607995786603468,2,2,2,849,10,0.9627314814814815,20.906143934751615,0.6427320490367776,ELECTRE-III,1
1013,0141,0,0,"[54.37894039783921, 29.262207215775863]","[np.float64(52.28969137768817), np.float64(26.09225234242703)]",2026-04-24 08:46:20,80.65872889055422,1,4.870159773658979,313.4238430975588,24.30485703859309,46.912959653841234,16.240813766198308,1,1,1,599,2,0.9627314814814815,9.501693395827937,0.05166374781085814,ELECTRE-III,1
1014,0196,0,0,"[54.37894039783921, 29.262207215775863]","[np.float64(55.02482225295105), np.float64(25.63956112566773)]",2026-04-24 08:46:20,676.2592286881184,1,7.756776769935576,243.55718265169637,19.338367071695046,44.44486055197337,23.60799578660347,4,4,3,989,12,0.9627314814814815,26.496190231047915,0.8957968476357268,ELECTRE-III,1
1015,0068,0,0,"[53.78858324221291, 28.969475553232872]","[np.float64(51.26298891686045), np.float64(31.68708054527626)]",2026-04-24 08:46:30,993.7068228648167,2,4.5078824454575,335.6055087297653,25.807548120207493,49.474830422824205,32.48805447928248,3,3,3,1443,6,0.9628472222222222,30.562360034838036,0.37215411558669004,ELECTRE-III,1
1016,0070,0,0,"[53.78858324221291, 28.969475553232872]","[np.float64(53.90033850330105), np.float64(23.98352188543916)]",2026-04-24 08:46:30,738.0945281454173,2,3.6114570848091607,327.2608832955598,25.24657134681342,44.88739192339308,35.60799578660347,2,2,2,849,10,0.9628472222222222,42.34792634215902,0.6427320490367776,ELECTRE-III,1
1017,0141,0,0,"[53.78858324221291, 28.969475553232872]","[np.float64(52.28969137768817), np.float64(26.09225234242703)]",2026-04-24 08:46:30,80.65872889055422,1,4.870159773658979,254.4898710938326,20.137992103301205,46.92651757934371,25.240813766198308,1,1,1,599,2,0.9628472222222222,18.50088321064275,0.05166374781085814,ELECTRE-III,1
1018,0196,0,0,"[53.78858324221291, 28.969475553232872]","[np.float64(55.02482225295105), np.float64(25.63956112566773)]",2026-04-24 08:46:30,676.2592286881184,1,7.756776769935576,255.57535468955354,20.21694608210763,44.45726076041153,27.60799578660347,4,4,3,989,12,0.9628472222222222,18.94237078660347,0.8957968476357268,ELECTRE-III,1
1019,0068,0,0,"[53.197724067682614, 28.683717513832462]","[np.float64(51.26298891686045), np.float64(31.68708054527626)]",2026-04-24 08:46:40,993.7068228648167,2,4.5078824454575,296.80213648062687,23.154883704496562,49.48577580096915,29.488054479282486,3,3,3,1443,6,0.9629629629629629,31.413980405208413,0.37215411558669004,ELECTRE-III,1
1020,0070,0,0,"[53.197724067682614, 28.683717513832462]","[np.float64(53.90033850330105), np.float64(23.98352188543916)]",2026-04-24 08:46:40,738.0945281454173,2,3.6114570848091607,320.1285604270038,24.762947541747543,44.90110694324647,31.607995786603468,2,2,2,849,10,0.9629629629629629,36.422810601418284,0.6427320490367776,ELECTRE-III,1
1021,0141,0,0,"[53.197724067682614, 28.683717513832462]","[np.float64(52.28969137768817), np.float64(26.09225234242703)]",2026-04-24 08:46:40,80.65872889055422,1,4.870159773658979,201.54090414925435,16.19354872748281,46.94005501427868,17.240813766198308,1,1,1,599,2,0.9629629629629629,17.240813766198308,0.05166374781085814,ELECTRE-III,1
1022,0196,0,0,"[53.197724067682614, 28.683717513832462]","[np.float64(55.02482225295105), np.float64(25.63956112566773)]",2026-04-24 08:46:40,676.2592286881184,1,7.756776769935576,283.93976862579115,22.25119324076819,44.46964047828218,29.60799578660347,4,4,3,989,12,0.9629629629629629,33.45984763845532,0.8957968476357268,ELECTRE-III,1
1023,0068,0,0,"[52.60638336481584, 28.40460183339989]","[np.float64(51.26298891686045), np.float64(31.68708054527626)]",2026-04-24 08:46:50,993.7068228648167,2,4.5078824454575,270.06557527247236,21.26317517023263,49.496697273452,24.488054479282486,3,3,3,1443,6,0.9630787037037037,21.598818368171376,0.37215411558669004,ELECTRE-III,1
1024,0070,0,0,"[52.60638336481584, 28.40460183339989]","[np.float64(53.90033850330105), np.float64(23.98352188543916)]",2026-04-24 08:46:50,738.0945281454173,2,3.6114570848091607,327.3443075913286,25.252205571349137,44.914801472532346,28.607995786603468,2,2,2,849,10,0.9630787037037037,26.68183837919606,0.6427320490367776,ELECTRE-III,1
1025,0141,0,0,"[52.60638336481584, 28.40460183339989]","[np.float64(52.28969137768817), np.float64(26.09225234242703)]",2026-04-24 08:46:50,80.65872889055422,1,4.870159773658979,160.6109472535576,13.030441231489053,46.95356854355155,24.240813766198308,1,1,1,599,2,0.9630787037037037,21.351577655087198,0.05166374781085814,ELECTRE-III,1
1026,0196,0,0,"[52.60638336481584, 28.40460183339989]","[np.float64(55.02482225295105), np.float64(25.63956112566773)]",2026-04-24 08:46:50,676.2592286881184,1,7.756776769935576,324.391702762018,25.052477770422083,44.48199970558532,29.60799578660347,4,4,3,989,12,0.9630787037037037,36.349546712529396,0.8957968476357268,ELECTRE-III,1
1027,0233,0,0,"[52.60638336481584, 28.40460183339989]","[np.float64(49.11673616384866), np.float64(28.52971161095022)]",2026-04-24 08:46:50,370.2963115166901,1,6.375928444903362,388.1307841271294,29.21681249593256,50.46550155061036,32.10983531121402,4,4,3,820,11,0.9630787037037037,40.77754364454735,0.7574430823117339,ELECTRE-III,1
1028,0068,0,0,"[52.01458845436925, 28.131819445875216]","[np.float64(51.26298891686045), np.float64(31.68708054527626)]",2026-04-24 08:47:00,993.7068228648167,2,4.5078824454575,259.1581327379054,20.47697470945184,49.50759142517817,27.488054479282486,3,3,3,1443,6,0.9631944444444445,28.45124892372693,0.37215411558669004,ELECTRE-III,1
1029,0070,0,0,"[52.01458845436925, 28.131819445875216]","[np.float64(53.90033850330105), np.float64(23.98352188543916)]",2026-04-24 08:47:00,738.0945281454173,2,3.6114570848091607,348.01782170134106,26.632235811160186,44.92847892634529,29.607995786603468,2,2,2,849,10,0.9631944444444445,32.4975791199368,0.6427320490367776,ELECTRE-III,1
1030,0141,0,0,"[52.01458845436925, 28.131819445875216]","[np.float64(52.28969137768817), np.float64(26.09225234242703)]",2026-04-24 08:47:00,80.65872889055422,1,4.870159773658979,142.4681793607675,11.600826925677639,46.96706499735149,16.240813766198308,1,1,1,599,2,0.9631944444444445,8.535258210642752,0.05166374781085814,ELECTRE-III,1
1031,0196,0,0,"[52.01458845436925, 28.131819445875216]","[np.float64(55.02482225295105), np.float64(25.63956112566773)]",2026-04-24 08:47:00,676.2592286881184,1,7.756776769935576,373.0197883303201,28.257695788771684,44.49434185741553,29.60799578660347,4,4,3,989,12,0.9631944444444445,25.755218008825693,0.8957968476357268,ELECTRE-III,1
1032,0233,0,0,"[52.01458845436925, 28.131819445875216]","[np.float64(49.11673616384866), np.float64(28.52971161095022)]",2026-04-24 08:47:00,370.2963115166901,1,6.375928444903362,323.4487136718585,24.988551982578915,50.4793190233013,27.10983531121402,4,4,3,820,11,0.9631944444444445,28.073029755658464,0.7574430823117339,ELECTRE-III,1
1033,0068,0,0,"[51.42235982691037, 27.865076653124124]","[np.float64(51.26298891686045), np.float64(31.68708054527626)]",2026-04-24 08:47:10,993.7068228648167,2,4.5078824454575,266.0339277262712,20.973536206592712,49.51846508633683,32.48805447928248,3,3,3,1443,6,0.9633101851851852,36.34129522002322,0.37215411558669004,ELECTRE-III,1
1034,0070,0,0,"[51.42235982691037, 27.865076653124124]","[np.float64(53.90033850330105), np.float64(23.98352188543916)]",2026-04-24 08:47:10,738.0945281454173,2,3.6114570848091607,379.95961468544647,28.700362887318413,44.94213588959074,28.607995786603468,2,2,2,849,10,0.9633101851851852,30.534616156973836,0.6427320490367776,ELECTRE-III,1
1035,0141,0,0,"[51.42235982691037, 27.865076653124124]","[np.float64(52.28969137768817), np.float64(26.09225234242703)]",2026-04-24 08:47:10,80.65872889055422,1,4.870159773658979,155.31618782326117,12.614845182433074,46.98053754548934,20.240813766198308,1,1,1,599,2,0.9633101851851852,17.350883210642753,0.05166374781085814,ELECTRE-III,1
1036,0233,0,0,"[51.42235982691037, 27.865076653124124]","[np.float64(49.11673616384866), np.float64(28.52971161095022)]",2026-04-24 08:47:10,370.2963115166901,1,6.375928444903362,260.6864441665328,20.587628638544277,50.493112590330135,34.10983531121402,4,4,3,820,11,0.9633101851851852,36.99976586676958,0.7574430823117339,ELECTRE-III,1
1037,0068,0,0,"[50.82971797300671, 27.60409683248523]","[np.float64(51.26298891686045), np.float64(31.68708054527626)]",2026-04-24 08:47:20,993.7068228648167,2,4.5078824454575,289.42837662468105,22.638272712200752,49.529308011644225,30.488054479282486,3,3,3,1443,6,0.9634259259259259,31.45148040520841,0.37215411558669004,ELECTRE-III,1
1038,0141,0,0,"[50.82971797300671, 27.60409683248523]","[np.float64(52.28969137768817), np.float64(26.09225234242703)]",2026-04-24 08:47:20,80.65872889055422,1,4.870159773658979,193.06521024676783,15.546138849605038,46.99398960305968,21.240813766198308,1,1,1,599,2,0.9634259259259259,21.240813766198308,0.05166374781085814,ELECTRE-III,1
1039,0233,0,0,"[50.82971797300671, 27.60409683248523]","[np.float64(49.11673616384866), np.float64(28.52971161095022)]",2026-04-24 08:47:20,370.2963115166901,1,6.375928444903362,201.64521011027466,16.201490023059527,50.5068788366023,35.10983531121402,4,4,3,820,11,0.9634259259259259,37.03668716306587,0.7574430823117339,ELECTRE-III,1
1040,0068,0,0,"[50.23668338322577, 27.34862043677007]","[np.float64(51.26298891686045), np.float64(31.68708054527626)]",2026-04-24 08:47:30,993.7068228648167,2,4.5078824454575,325.80221640935616,25.147972980532113,49.54013044638411,25.488054479282486,3,3,3,1443,6,0.9635416666666666,16.816179479282486,0.37215411558669004,ELECTRE-III,1
1041,0141,0,0,"[50.23668338322577, 27.34862043677007]","[np.float64(52.28969137768817), np.float64(26.09225234242703)]",2026-04-24 08:47:30,80.65872889055422,1,4.870159773658979,244.4397589799616,19.403215526047045,47.007417754967925,20.240813766198308,1,1,1,599,2,0.9635416666666666,24.094980432864975,0.05166374781085814,ELECTRE-III,1
1042,0233,0,0,"[50.23668338322577, 27.34862043677007]","[np.float64(49.11673616384866), np.float64(28.52971161095022)]",2026-04-24 08:47:30,370.2963115166901,1,6.375928444903362,150.76279624499105,12.256356521067778,50.52062117721236,30.10983531121402,4,4,3,820,11,0.9635416666666666,36.854626977880685,0.7574430823117339,ELECTRE-III,1
1043,0068,0,0,"[49.64327313304047, 27.098403286715822]","[np.float64(51.26298891686045), np.float64(31.68708054527626)]",2026-04-24 08:47:40,993.7068228648167,2,4.5078824454575,371.3608344550441,28.15132766323192,49.55092556036731,26.488054479282486,3,3,3,1443,6,0.9636574074074075,27.451711886689893,0.37215411558669004,ELECTRE-III,1
1044,0141,0,0,"[49.64327313304047, 27.098403286715822]","[np.float64(52.28969137768817), np.float64(26.09225234242703)]",2026-04-24 08:47:40,80.65872889055422,1,4.870159773658979,302.5780796805208,23.556790984343973,47.02082883140324,21.240813766198308,1,1,1,599,2,0.9636574074074075,21.240813766198308,0.05166374781085814,ELECTRE-III,1
1045,0233,0,0,"[49.64327313304047, 27.098403286715822]","[np.float64(49.11673616384866), np.float64(28.52971161095022)]",2026-04-24 08:47:40,370.2963115166901,1,6.375928444903362,119.01020973410135,9.730688841854883,50.53433961216034,31.10983531121402,4,4,3,820,11,0.9636574074074075,21.473261237139944,0.7574430823117339,ELECTRE-III,1
1046,0027,0,0,"[49.049507713018336, 26.853211448343412]","[np.float64(45.50549700332417), np.float64(26.95675704549197)]",2026-04-24 08:47:50,21.2511013100756,1,5.812935819639618,394.1538691688394,29.594194838455124,53.02540864020695,32.23713471697721,3,3,3,1343,3,0.9637731481481482,24.526949531792024,0.17425569176882663,ELECTRE-III,1
1047,0139,0,0,"[49.049507713018336, 26.853211448343412]","[np.float64(46.60438717065352), np.float64(23.38616091597898)]",2026-04-24 08:47:50,732.1454776165046,2,6.024269037336467,375.30567102320487,28.403913987008806,50.65952673436291,23.862594598129846,2,2,2,702,9,0.9637731481481482,31.57277978331503,0.5507880910683012,ELECTRE-III,1
1048,0141,0,0,"[49.049507713018336, 26.853211448343412]","[np.float64(52.28969137768817), np.float64(26.09225234242703)]",2026-04-24 08:47:50,80.65872889055422,1,4.870159773658979,364.2560190799833,27.693390001071275,47.03421600217647,22.240813766198308,1,1,1,599,2,0.9637731481481482,18.385721173605717,0.05166374781085814,ELECTRE-III,1
1049,0212,0,0,"[49.049507713018336, 26.853211448343412]","[np.float64(45.55946504710128), np.float64(27.22398804412659)]",2026-04-24 08:47:50,807.4601891488035,2,4.0367689320977185,389.0798996129047,29.276466221352095,53.087174040871375,33.85891554890875,3,3,3,1460,7,0.9637731481481482,28.076276660019857,0.4246935201401051,ELECTRE-III,1
1050,0233,0,0,"[49.049507713018336, 26.853211448343412]","[np.float64(49.11673616384866), np.float64(28.52971161095022)]",2026-04-24 08:47:50,370.2963115166901,1,6.375928444903362,122.32346557762425,9.996199943509396,50.54803414144621,34.10983531121402,4,4,3,820,11,0.9637731481481482,33.14606216306587,0.7574430823117339,ELECTRE-III,1
1051,0027,0,0,"[48.455397368443116, 26.612828063146694]","[np.float64(45.50549700332417), np.float64(26.95675704549197)]",2026-04-24 08:48:00,21.2511013100756,1,5.812935819639618,329.04946042001205,25.367251875152135,53.042087962160124,34.23713471697721,3,3,3,1343,3,0.9638888888888889,39.05657916142165,0.17425569176882663,ELECTRE-III,1
1052,0139,0,0,"[48.455397368443116, 26.612828063146694]","[np.float64(46.60438717065352), np.float64(23.38616091597898)]",2026-04-24 08:48:00,732.1454776165046,2,6.024269037336467,317.8359104895333,24.606681720928787,50.67757892433926,25.862594598129846,2,2,2,702,9,0.9638888888888889,16.223705709240956,0.5507880910683012,ELECTRE-III,1
1053,0212,0,0,"[48.455397368443116, 26.612828063146694]","[np.float64(45.55946504710128), np.float64(27.22398804412659)]",2026-04-24 08:48:00,807.4601891488035,2,4.0367689320977185,325.32764369351764,25.11585989790881,53.10365528733862,29.858915548908747,3,3,3,1460,7,0.9638888888888889,22.147804437797635,0.4246935201401051,ELECTRE-III,1
1054,0233,0,0,"[48.455397368443116, 26.612828063146694]","[np.float64(49.11673616384866), np.float64(28.52971161095022)]",2026-04-24 08:48:00,370.2963115166901,1,6.375928444903362,158.51913519965572,12.866414937991156,50.56170134997541,27.10983531121402,4,4,3,820,11,0.9638888888888889,20.362613088991797,0.7574430823117339,ELECTRE-III,1
1055,0027,0,0,"[47.86095917478774, 26.377044810355976]","[np.float64(45.50549700332417), np.float64(26.95675704549197)]",2026-04-24 08:48:10,21.2511013100756,1,5.812935819639618,265.6205895441657,20.943777607961216,53.058739963356615,32.23713471697721,3,3,3,1343,3,0.9640046296296296,24.525097679940174,0.17425569176882663,ELECTRE-III,1
1056,0139,0,0,"[47.86095917478774, 26.377044810355976]","[np.float64(46.60438717065352), np.float64(23.38616091597898)]",2026-04-24 08:48:10,732.1454776165046,2,6.024269037336467,265.5256197995406,20.936938516054756,50.695607208653506,27.862594598129846,2,2,2,702,9,0.9640046296296296,19.18655293146318,0.5507880910683012,ELECTRE-III,1
1057,0212,0,0,"[47.86095917478774, 26.377044810355976]","[np.float64(45.55946504710128), np.float64(27.22398804412659)]",2026-04-24 08:48:10,807.4601891488035,2,4.0367689320977185,263.93158533060125,20.822053555455565,53.120109213049176,33.85891554890875,3,3,3,1460,7,0.9640046296296296,32.89491091927912,0.4246935201401051,ELECTRE-III,1
1058,0233,0,0,"[47.86095917478774, 26.377044810355976]","[np.float64(49.11673616384866), np.float64(28.52971161095022)]",2026-04-24 08:48:10,370.2963115166901,1,6.375928444903362,211.3280273162299,16.935872331592318,50.57534465284251,31.10983531121402,4,4,3,820,11,0.9640046296296296,34.00184920010291,0.7574430823117339,ELECTRE-III,1
1059,0027,0,0,"[47.26621020752513, 26.145667029579915]","[np.float64(45.50549700332417), np.float64(26.95675704549197)]",2026-04-24 08:48:20,21.2511013100756,1,5.812935819639618,205.42609675321762,16.488912866112837,53.07536805889101,31.23713471697721,3,3,3,1343,3,0.9641203703703703,22.560051383643874,0.17425569176882663,ELECTRE-III,1
1060,0139,0,0,"[47.26621020752513, 26.145667029579915]","[np.float64(46.60438717065352), np.float64(23.38616091597898)]",2026-04-24 08:48:20,732.1454776165046,2,6.024269037336467,222.05329106078338,17.74267136967012,50.71361158730566,26.862594598129846,2,2,2,702,9,0.9641203703703703,31.683196449981697,0.5507880910683012,ELECTRE-III,1
1061,0212,0,0,"[47.26621020752513, 26.145667029579915]","[np.float64(45.55946504710128), np.float64(27.22398804412659)]",2026-04-24 08:48:20,807.4601891488035,2,4.0367689320977185,206.99978003923994,16.608293980745557,53.13653923309764,33.85891554890875,3,3,3,1460,7,0.9641203703703703,42.53599888224208,0.4246935201401051,ELECTRE-III,1
1062,0233,0,0,"[47.26621020752513, 26.145667029579915]","[np.float64(49.11673616384866), np.float64(28.52971161095022)]",2026-04-24 08:48:20,370.2963115166901,1,6.375928444903362,271.21343361010986,21.345431612395362,50.588964050047515,30.10983531121402,4,4,3,820,11,0.9641203703703703,29.14571494084365,0.7574430823117339,ELECTRE-III,1
1063,0027,0,0,"[46.67116412703361, 25.91850859816363]","[np.float64(45.50549700332417), np.float64(26.95675704549197)]",2026-04-24 08:48:30,21.2511013100756,1,5.812935819639618,152.34967226328047,12.38140348480345,53.09197224876331,34.23713471697721,3,3,3,1343,3,0.9642361111111111,35.20137082808832,0.17425569176882663,ELECTRE-III,1
1064,0139,0,0,"[46.67116412703361, 25.91850859816363]","[np.float64(46.60438717065352), np.float64(23.38616091597898)]",2026-04-24 08:48:30,732.1454776165046,2,6.024269037336467,193.47251210981074,15.57734501898647,50.7315954753903,18.862594598129846,2,2,2,702,9,0.9642361111111111,21.755302931463177,0.5507880910683012,ELECTRE-III,1
1065,0212,0,0,"[46.67116412703361, 25.91850859816363]","[np.float64(45.55946504710128), np.float64(27.22398804412659)]",2026-04-24 08:48:30,807.4601891488035,2,4.0367689320977185,159.3902614502883,12.93474922147858,53.15294193238943,33.85891554890875,3,3,3,1460,7,0.9642361111111111,25.180790548908746,0.4246935201401051,ELECTRE-III,1
1066,0233,0,0,"[46.67116412703361, 25.91850859816363]","[np.float64(49.11673616384866), np.float64(28.52971161095022)]",2026-04-24 08:48:30,370.2963115166901,1,6.375928444903362,334.3949225926383,25.726490683384576,50.60255954159042,31.10983531121402,4,4,3,820,11,0.9642361111111111,39.78796031121402,0.7574430823117339,ELECTRE-III,1
1067,0027,0,0,"[46.075831178596964, 25.695393638735993]","[np.float64(45.50549700332417), np.float64(26.95675704549197)]",2026-04-24 08:48:40,21.2511013100756,1,5.812935819639618,116.55897883201506,9.53398438300217,53.10854911787893,27.23713471697721,3,3,3,1343,3,0.9643518518518519,22.41537545771795,0.17425569176882663,ELECTRE-III,1
1068,0139,0,0,"[46.075831178596964, 25.695393638735993]","[np.float64(46.60438717065352), np.float64(23.38616091597898)]",2026-04-24 08:48:40,732.1454776165046,2,6.024269037336467,186.7518861106118,15.06123128298039,50.74955545781285,25.862594598129846,2,2,2,702,9,0.9643518518518519,33.57740941294466,0.5507880910683012,ELECTRE-III,1
1069,0212,0,0,"[46.075831178596964, 25.695393638735993]","[np.float64(45.55946504710128), np.float64(27.22398804412659)]",2026-04-24 08:48:40,807.4601891488035,2,4.0367689320977185,131.63954884436004,10.740400025609654,53.169317310924534,29.858915548908747,3,3,3,1460,7,0.9643518518518519,23.108452585945784,0.4246935201401051,ELECTRE-III,1
1070,0233,0,0,"[46.075831178596964, 25.695393638735993]","[np.float64(49.11673616384866), np.float64(28.52971161095022)]",2026-04-24 08:48:40,370.2963115166901,1,6.375928444903362,399.31128845481106,29.91511086915678,50.61612771237665,30.10983531121402,4,4,3,820,11,0.9643518518518519,38.78900197788069,0.7574430823117339,ELECTRE-III,1
1071,0027,0,0,"[45.4802284376881, 25.47615481166234]","[np.float64(45.50549700332417), np.float64(26.95675704549197)]",2026-04-24 08:48:50,21.2511013100756,1,5.812935819639618,115.44186783201852,9.444263744651984,53.125098666237875,34.23713471697721,3,3,3,1343,3,0.9644675925925926,26.521393976236467,0.17425569176882663,ELECTRE-III,1
1072,0139,0,0,"[45.4802284376881, 25.47615481166234]","[np.float64(46.60438717065352), np.float64(23.38616091597898)]",2026-04-24 08:48:50,732.1454776165046,2,6.024269037336467,204.06399349229372,16.385463349714676,50.7674915345733,27.862594598129846,2,2,2,702,9,0.9644675925925926,22.07578904257429,0.5507880910683012,ELECTRE-III,1
1073,0212,0,0,"[45.4802284376881, 25.47615481166234]","[np.float64(45.55946504710128), np.float64(27.22398804412659)]",2026-04-24 08:48:50,807.4601891488035,2,4.0367689320977185,136.45602539056821,11.123739465280009,53.185668783797546,30.858915548908747,3,3,3,1460,7,0.9644675925925926,27.96551277113097,0.4246935201401051,ELECTRE-III,1
1074,0027,0,0,"[44.884362734496186, 25.260635022591757]","[np.float64(45.50549700332417), np.float64(26.95675704549197)]",2026-04-24 08:49:00,21.2511013100756,1,5.812935819639618,149.7763639899164,12.178565070101868,53.141624308934716,31.23713471697721,3,3,3,1343,3,0.9645833333333333,30.272551383643876,0.17425569176882663,ELECTRE-III,1
1075,0139,0,0,"[44.884362734496186, 25.260635022591757]","[np.float64(46.60438717065352), np.float64(23.38616091597898)]",2026-04-24 08:49:00,732.1454776165046,2,6.024269037336467,240.27027395410036,19.096404429580154,50.785410535860834,23.862594598129846,2,2,2,702,9,0.9645833333333333,26.756344598129846,0.5507880910683012,ELECTRE-III,1
1076,0212,0,0,"[44.884362734496186, 25.260635022591757]","[np.float64(45.55946504710128), np.float64(27.22398804412659)]",2026-04-24 08:49:00,807.4601891488035,2,4.0367689320977185,171.11138781530002,13.850492880864797,53.20199293591388,28.858915548908747,3,3,3,1460,7,0.9645833333333333,30.788082215575415,0.4246935201401051,ELECTRE-III,1
1077,0027,0,0,"[44.28824431430498, 25.048682299815216]","[np.float64(45.50549700332417), np.float64(26.95675704549197)]",2026-04-24 08:49:10,21.2511013100756,1,5.812935819639618,202.24898250220954,16.247445436796152,53.158122630874885,28.23713471697721,3,3,3,1343,3,0.9646990740740741,34.02532916142165,0.17425569176882663,ELECTRE-III,1
1078,0139,0,0,"[44.28824431430498, 25.048682299815216]","[np.float64(46.60438717065352), np.float64(23.38616091597898)]",2026-04-24 08:49:10,732.1454776165046,2,6.024269037336467,288.34001399920163,22.56168871865432,50.803302216391685,24.862594598129846,2,2,2,702,9,0.9646990740740741,21.003798301833548,0.5507880910683012,ELECTRE-III,1
1079,0212,0,0,"[44.28824431430498, 25.048682299815216]","[np.float64(45.55946504710128), np.float64(27.22398804412659)]",2026-04-24 08:49:10,807.4601891488035,2,4.0367689320977185,222.0490529803909,17.742353972083166,53.21829318236811,28.858915548908747,3,3,3,1460,7,0.9646990740740741,31.75301277113097,0.4246935201401051,ELECTRE-III,1
1080,0027,0,0,"[43.69189025258741, 24.840154916907434]","[np.float64(45.50549700332417), np.float64(26.95675704549197)]",2026-04-24 08:49:20,21.2511013100756,1,5.812935819639618,262.1865697151945,20.696085929843054,53.17459363205837,27.23713471697721,3,3,3,1343,3,0.9648148148148148,21.44824582808832,0.17425569176882663,ELECTRE-III,1
1081,0139,0,0,"[43.69189025258741, 24.840154916907434]","[np.float64(46.60438717065352), np.float64(23.38616091597898)]",2026-04-24 08:49:20,732.1454776165046,2,6.024269037336467,343.3260574177331,26.32188480251331,50.82117340635502,27.862594598129846,2,2,2,702,9,0.9648148148148148,36.54592793146318,0.5507880910683012,ELECTRE-III,1
1082,0212,0,0,"[43.69189025258741, 24.840154916907434]","[np.float64(45.55946504710128), np.float64(27.22398804412659)]",2026-04-24 08:49:20,807.4601891488035,2,4.0367689320977185,280.5354296453053,22.01002277100173,53.23456269297108,28.858915548908747,3,3,3,1460,7,0.9648148148148148,20.175582215575414,0.4246935201401051,ELECTRE-III,1
1083,0027,0,0,"[43.09530396443806, 24.63491627008501]","[np.float64(45.50549700332417), np.float64(26.95675704549197)]",2026-04-24 08:49:30,21.2511013100756,1,5.812935819639618,325.4915126834187,25.126950388523042,53.19104072757976,26.23713471697721,3,3,3,1343,3,0.9649305555555555,33.95657916142165,0.17425569176882663,ELECTRE-III,1
1084,0139,0,0,"[43.09530396443806, 24.63491627008501]","[np.float64(46.60438717065352), np.float64(23.38616091597898)]",2026-04-24 08:49:30,732.1454776165046,2,6.024269037336467,402.4042169461677,30.10657990532834,50.83902069065626,20.862594598129846,2,2,2,702,9,0.9649305555555555,26.65217793146318,0.5507880910683012,ELECTRE-III,1
1085,0212,0,0,"[43.09530396443806, 24.63491627008501]","[np.float64(45.55946504710128), np.float64(27.22398804412659)]",2026-04-24 08:49:30,807.4601891488035,2,4.0367689320977185,342.72795770370124,26.28220140396543,53.25080829791196,27.858915548908747,3,3,3,1460,7,0.9649305555555555,29.78877666001986,0.4246935201401051,ELECTRE-III,1
1086,0027,0,0,"[42.49849911023527, 24.432836585753723]","[np.float64(45.50549700332417), np.float64(26.95675704549197)]",2026-04-24 08:49:40,21.2511013100756,1,5.812935819639618,390.52955181729436,29.36744537782902,53.20746050234447,34.23713471697721,3,3,3,1343,3,0.9650462962962963,29.41190323549573,0.17425569176882663,ELECTRE-III,1
1087,0212,0,0,"[42.49849911023527, 24.432836585753723]","[np.float64(45.55946504710128), np.float64(27.22398804412659)]",2026-04-24 08:49:40,807.4601891488035,2,4.0367689320977185,406.930735496957,30.385463523371538,53.26702999719074,29.858915548908747,3,3,3,1460,7,0.9650462962962963,23.103591474834673,0.4246935201401051,ELECTRE-III,1
1088,0153,0,0,"[41.30426443952064, 24.037669161133465]","[np.float64(38.80209662848438), np.float64(27.37218789709722)]",2026-04-24 08:50:00,810.1951981865484,2,2.4808601320012653,397.38191795954356,29.795298027447448,58.80964996148063,25.60799578660347,1,1,1,1351,12,0.9652777777777778,30.43438467549236,0.8957968476357268,ELECTRE-III,1
1089,0153,0,0,"[40.7068551135763, 23.84435090196001]","[np.float64(38.80209662848438), np.float64(27.37218789709722)]",2026-04-24 08:50:10,810.1951981865484,2,2.4808601320012653,368.4728870909469,27.96565433026006,58.83022932144988,26.60799578660347,1,1,1,1351,12,0.9653935185185185,32.40035689771458,0.8957968476357268,ELECTRE-III,1
1090,0153,0,0,"[40.10925795742979, 23.65373056750871]","[np.float64(38.80209662848438), np.float64(27.37218789709722)]",2026-04-24 08:50:20,810.1951981865484,2,2.4808601320012653,350.74125691942737,26.811616797422502,58.85076770028411,29.60799578660347,1,1,1,1351,12,0.9655092592592592,19.95290319401088,0.8957968476357268,ELECTRE-III,1
1091,0153,0,0,"[39.511479801270276, 23.465709120036596]","[np.float64(38.80209662848438), np.float64(27.37218789709722)]",2026-04-24 08:50:30,810.1951981865484,2,2.4808601320012653,345.90965305816496,26.49299177660855,58.871285588550826,24.60799578660347,1,1,1,1351,12,0.965625,33.29862078660347,0.8957968476357268,ELECTRE-III,1
1092,0153,0,0,"[38.9135343054761, 23.28018752180071]","[np.float64(38.80209662848438), np.float64(27.37218789709722)]",2026-04-24 08:50:40,810.1951981865484,2,2.4808601320012653,354.5057570613273,27.05863641948276,58.89176932587169,23.60799578660347,1,1,1,1351,12,0.9657407407407408,27.470958749566435,0.8957968476357268,ELECTRE-III,1
1093,0153,0,0,"[38.31542147004725, 23.097070150152668]","[np.float64(38.80209662848438), np.float64(27.37218789709722)]",2026-04-24 08:50:50,810.1951981865484,2,2.4808601320012653,375.60844667184364,28.423251077825615,58.91222574243588,31.60799578660347,1,1,1,1351,12,0.9658564814814815,33.53970874956644,0.8957968476357268,ELECTRE-III,1
1094,0153,0,0,"[37.717151540267494, 22.916271627727845]","[np.float64(38.80209662848438), np.float64(27.37218789709722)]",2026-04-24 08:51:00,810.1951981865484,2,2.4808601320012653,407.27760985045734,30.406769519978518,58.932648008054215,23.60799578660347,1,1,1,1351,12,0.9659722222222222,29.403829119936805,0.8957968476357268,ELECTRE-III,1
1095,0246,0,0,"[-9.138310727366928, 11.975562770853763]","[np.float64(-12.44690323496491), np.float64(13.42845223934489)]",2026-04-24 09:04:00,296.89743658512674,1,3.167763746294098,400.6577184273966,29.99855302991222,50.83193436939238,27.611674835824573,3,3,3,1264,12,0.975,20.786674835824574,0.8957968476357268,ELECTRE-III,1
1096,0246,0,0,"[-9.739186374315045, 11.845303379418803]","[np.float64(-12.44690323496491), np.float64(13.42845223934489)]",2026-04-24 09:04:10,296.89743658512674,1,3.167763746294098,347.1139653250845,26.572577751390813,50.863380560331116,25.611674835824573,3,3,3,1264,12,0.9751157407407407,30.487253539528275,0.8957968476357268,ELECTRE-III,1
1097,0246,0,0,"[-10.340024455222727, 11.714727237961085]","[np.float64(-12.44690323496491), np.float64(13.42845223934489)]",2026-04-24 09:04:20,296.89743658512674,1,3.167763746294098,299.6252200314703,23.35162643366251,50.89480967579693,27.611674835824573,3,3,3,1264,12,0.9752314814814815,31.512600761750498,0.8957968476357268,ELECTRE-III,1
1098,0246,0,0,"[-10.940822408769035, 11.583812148365803]","[np.float64(-12.44690323496491), np.float64(13.42845223934489)]",2026-04-24 09:04:30,296.89743658512674,1,3.167763746294098,261.5087477245235,20.647099363263308,50.92621830069523,28.611674835824573,3,3,3,1264,12,0.9753472222222223,26.66098039138013,0.8957968476357268,ELECTRE-III,1
1099,0246,0,0,"[-11.541579381180323, 11.452536766291805]","[np.float64(-12.44690323496491), np.float64(13.42845223934489)]",2026-04-24 09:04:40,296.89743658512674,1,3.167763746294098,237.3211234918151,18.878701404010087,50.95760985012061,31.611674835824573,3,3,3,1264,12,0.975462962962963,36.48898965063939,0.8957968476357268,ELECTRE-III,1
1100,0246,0,0,"[-12.142293664909298, 11.320878893624286]","[np.float64(-12.44690323496491), np.float64(13.42845223934489)]",2026-04-24 09:04:50,296.89743658512674,1,3.167763746294098,231.46781370218847,18.44494052123614,50.988980908978476,26.611674835824573,3,3,3,1264,12,0.9755787037037037,35.39188316915791,0.8957968476357268,ELECTRE-III,1
1101,0246,0,0,"[-12.742963552408668, 11.188816332248443]","[np.float64(-12.44690323496491), np.float64(13.42845223934489)]",2026-04-24 09:05:00,296.89743658512674,1,3.167763746294098,245.26207895493178,19.463590076004074,51.02033489236342,31.611674835824573,3,3,3,1264,12,0.9756944444444444,38.44153594693569,0.8957968476357268,ELECTRE-III,1
1102,0246,0,0,"[-13.34358733613114, 11.056326884049474]","[np.float64(-12.44690323496491), np.float64(13.42845223934489)]",2026-04-24 09:05:10,296.89743658512674,1,3.167763746294098,275.7684676000226,21.670938354460244,51.05167180027544,24.611674835824573,3,3,3,1264,12,0.9758101851851851,26.563295206194944,0.8957968476357268,ELECTRE-III,1
1103,0246,0,0,"[-13.944163308529422, 10.923386643365285]","[np.float64(-12.44690323496491), np.float64(13.42845223934489)]",2026-04-24 09:05:20,296.89743658512674,1,3.167763746294098,318.21407077321135,24.63248390299937,51.08298821761995,22.611674835824573,3,3,3,1264,12,0.975925925925926,24.563526687676426,0.8957968476357268,ELECTRE-III,1
1104,0246,0,0,"[-14.544689762056223, 10.789972558307426]","[np.float64(-12.44690323496491), np.float64(13.42845223934489)]",2026-04-24 09:05:30,296.89743658512674,1,3.167763746294098,368.4939681789004,27.96701200962602,51.11428414439695,27.611674835824573,3,3,3,1264,12,0.9760416666666667,33.467924835824576,0.8957968476357268,ELECTRE-III,1
