index,ID,stereo,satellite,satellite location,request location,time,area,strips,duration,distance,angle,sun elevation,cloud cover estimate,priority,priority mod,customer type mod,price,waiting time,uncertainty,cloud cover real,score_scenario,score_method,score_alpha
0,0668,0,0,"[63.29180450995059, 7.617544349227848]","[np.float64(60.38358141677607), np.float64(5.086849104259948)]",2026-06-13 10:32:10,466.7906703753182,1,4.5849181289518635,349.52586500414486,26.731634017070323,51.03048113837548,4.579938960624705,2,2,2,998,11,0.0724537037037037,5.159568590254335,0.7523900573613767,ELECTRE-III,1
1,0668,0,0,"[62.71395684578917, 7.156670077905245]","[np.float64(60.38358141677607), np.float64(5.086849104259948)]",2026-06-13 10:32:20,466.7906703753182,1,4.5849181289518635,281.3351392933058,22.066750033295403,51.039210120134754,5.579938960624705,2,2,2,998,11,0.07268518518518519,5.289198219883964,0.7523900573613767,ELECTRE-III,1
2,0668,0,0,"[62.134913898522996, 6.711892001135423]","[np.float64(60.38358141677607), np.float64(5.086849104259948)]",2026-06-13 10:32:30,466.7906703753182,1,4.5849181289518635,213.22782008070897,17.07929789624004,51.047922026421105,5.579938960624705,2,2,2,998,11,0.07291666666666667,5.434105627291372,0.7523900573613767,ELECTRE-III,1
3,0668,0,0,"[61.55474397004377, 6.282253038660934]","[np.float64(60.38358141677607), np.float64(5.086849104259948)]",2026-06-13 10:32:40,466.7906703753182,1,4.5849181289518635,145.32178543986714,11.82670618056127,51.05661344213995,2.5799389606247054,2,2,2,998,11,0.07314814814814814,2.360494516180261,0.7523900573613767,ELECTRE-III,1
4,0668,0,0,"[60.97352219243237, 5.8668665465501455]","[np.float64(60.38358141677607), np.float64(5.086849104259948)]",2026-06-13 10:32:50,466.7906703753182,1,4.5849181289518635,78.14765593236832,6.4247100767892755,51.06528436729128,8.579938960624705,2,2,2,998,11,0.07337962962962963,9.093596368032113,0.7523900573613767,ELECTRE-III,1
5,0668,0,0,"[60.39130320720214, 5.464911621442188]","[np.float64(60.38358141677607), np.float64(5.086849104259948)]",2026-06-13 10:33:00,466.7906703753182,1,4.5849181289518635,20.79039057944135,1.7159156795720134,51.07393821696968,9.579938960624705,2,2,2,998,11,0.07361111111111111,8.843827849513595,0.7523900573613767,ELECTRE-III,1
6,0668,0,0,"[59.80814848605562, 5.07562755101825]","[np.float64(60.38358141677607), np.float64(5.086849104259948)]",2026-06-13 10:33:10,466.7906703753182,1,4.5849181289518635,63.98833660265355,5.2679035042768465,51.08257157608058,10.579938960624705,2,2,2,998,11,0.0738425925925926,11.096837108772853,0.7523900573613767,ELECTRE-III,1
7,0668,0,0,"[59.224105840317, 4.6983069838124125]","[np.float64(60.38358141677607), np.float64(5.086849104259948)]",2026-06-13 10:33:20,466.7906703753182,1,4.5849181289518635,130.74576759695498,10.669156487485772,51.09118444462396,8.579938960624705,2,2,2,998,11,0.07407407407407407,8.505864886550631,0.7523900573613767,ELECTRE-III,1
8,0668,0,0,"[58.63923674168881, 4.332292941003884]","[np.float64(60.38358141677607), np.float64(5.086849104259948)]",2026-06-13 10:33:30,466.7906703753182,1,4.5849181289518635,198.57559888624158,15.967519744545726,51.099780237694425,4.579938960624705,2,2,2,998,11,0.07430555555555556,4.282716738402483,0.7523900573613767,ELECTRE-III,1
9,0908,0,0,"[58.63923674168881, 4.332292941003884]","[np.float64(56.85498003448757), np.float64(10.09099112855863)]",2026-06-13 10:33:30,126.91199263812258,1,7.6219022890157735,394.95004052377294,29.64387005793354,55.33873224038774,9.33637729676163,3,3,3,1319,6,0.07430555555555556,9.707905074539408,0.4235181644359465,ELECTRE-III,1
10,0668,0,0,"[58.05358217130607, 3.976974120661951]","[np.float64(60.38358141677607), np.float64(5.086849104259948)]",2026-06-13 10:33:40,466.7906703753182,1,4.5849181289518635,266.6616276194884,21.01870528522662,51.10835212510279,10.579938960624705,2,2,2,998,11,0.07453703703703704,11.25077229395804,0.7523900573613767,ELECTRE-III,1
11,0908,0,0,"[58.05358217130607, 3.976974120661951]","[np.float64(56.85498003448757), np.float64(10.09099112855863)]",2026-06-13 10:33:40,126.91199263812258,1,7.6219022890157735,389.0987239830114,29.277648665591673,55.346091769218425,0.3363772967616301,3,3,3,1319,6,0.07453703703703704,0.0,0.4235181644359465,ELECTRE-III,1
12,0094,0,0,"[57.46718311030379, 3.6317802019909142]","[np.float64(55.14931047733401), np.float64(-1.225701160577773)]",2026-06-13 10:33:50,446.6818814097672,1,3.0148255599348426,395.0561138900931,29.650484556748697,53.88696528701777,5.954479079472067,2,2,2,941,3,0.07476851851851851,6.32832167206466,0.16730401529636713,ELECTRE-III,1
13,0465,0,0,"[57.46718311030379, 3.6317802019909142]","[np.float64(55.46514899939226), np.float64(-1.153104120291097)]",2026-06-13 10:33:50,265.2945688675894,1,2.3661662685945197,368.5717456180456,27.972020792578466,53.6594858367105,3.4599976533037182,1,1,1,1214,4,0.07476851851851851,3.011386542192607,0.2208413001912046,ELECTRE-III,1
14,0668,0,0,"[57.46718311030379, 3.6317802019909142]","[np.float64(60.38358141677607), np.float64(5.086849104259948)]",2026-06-13 10:33:50,466.7906703753182,1,4.5849181289518635,334.84843131968876,25.756869317776573,51.11691035213282,8.579938960624705,2,2,2,998,11,0.07476851851851851,8.430401923587668,0.7523900573613767,ELECTRE-III,1
15,0908,0,0,"[57.46718311030379, 3.6317802019909142]","[np.float64(56.85498003448757), np.float64(10.09099112855863)]",2026-06-13 10:33:50,126.91199263812258,1,7.6219022890157735,395.228258183293,29.66121724134296,55.35342397729244,8.33637729676163,3,3,3,1319,6,0.07476851851851851,7.738229148613481,0.4235181644359465,ELECTRE-III,1
16,0094,0,0,"[56.88007712472242, 3.296180351226219]","[np.float64(55.14931047733401), np.float64(-1.225701160577773)]",2026-06-13 10:34:00,446.6818814097672,1,3.0148255599348426,340.5286145390034,26.136043358333545,53.90132575974773,7.954479079472067,2,2,2,941,3,0.075,8.329479079472067,0.16730401529636713,ELECTRE-III,1
17,0465,0,0,"[56.88007712472242, 3.296180351226219]","[np.float64(55.46514899939226), np.float64(-1.153104120291097)]",2026-06-13 10:34:00,265.2945688675894,1,2.3661662685945197,317.10015512448746,24.556450030371494,53.67361408300867,1.4599976533037182,1,1,1,1214,4,0.075,2.134997653303718,0.2208413001912046,ELECTRE-III,1
18,0668,0,0,"[56.88007712472242, 3.296180351226219]","[np.float64(60.38358141677607), np.float64(5.086849104259948)]",2026-06-13 10:34:00,466.7906703753182,1,4.5849181289518635,403.0857323197898,30.148670022318974,51.12544467350075,9.579938960624705,2,2,2,998,11,0.075,8.829938960624705,0.7523900573613767,ELECTRE-III,1
19,0094,0,0,"[56.29230861079156, 2.969677885549157]","[np.float64(55.14931047733401), np.float64(-1.225701160577773)]",2026-06-13 10:34:10,446.6818814097672,1,3.0148255599348426,291.8076942361302,22.805399158229456,53.91566574191017,12.954479079472067,2,2,2,941,3,0.07523148148148148,13.631562412805401,0.16730401529636713,ELECTRE-III,1
20,0459,1,0,"[56.29230861079156, 2.969677885549157]","[np.float64(53.74478430611913), np.float64(-0.9365127738544263)]",2026-06-13 10:34:10,529.029903971248,1,4.396221526108151,377.0461493753172,28.514975113736657,55.13318111241079,2.0854575344563555,1,1,1,777,5,0.07523148148148148,1.859763090011911,0.32217973231357555,ELECTRE-III,1
21,0465,0,0,"[56.29230861079156, 2.969677885549157]","[np.float64(55.46514899939226), np.float64(-1.153104120291097)]",2026-06-13 10:34:10,265.2945688675894,1,2.3661662685945197,273.0582284180795,21.47743784277943,53.687721838739336,2.4599976533037182,1,1,1,1214,4,0.07523148148148148,2.083840245896311,0.2208413001912046,ELECTRE-III,1
22,0094,0,0,"[55.703911719457054, 2.6518092058698146]","[np.float64(55.14931047733401), np.float64(-1.225701160577773)]",2026-06-13 10:34:20,446.6818814097672,1,3.0148255599348426,252.28147088178514,19.977115045071088,53.92998864859968,12.954479079472067,2,2,2,941,3,0.07546296296296297,13.633645746138734,0.16730401529636713,ELECTRE-III,1
23,0459,1,0,"[55.703911719457054, 2.6518092058698146]","[np.float64(53.74478430611913), np.float64(-0.9365127738544263)]",2026-06-13 10:34:20,529.029903971248,1,4.396221526108151,317.02735529201,24.551477630187758,55.14826558519276,4.0854575344563555,1,1,1,777,5,0.07546296296296297,4.46277234927117,0.32217973231357555,ELECTRE-III,1
24,0465,0,0,"[55.703911719457054, 2.6518092058698146]","[np.float64(55.46514899939226), np.float64(-1.153104120291097)]",2026-06-13 10:34:20,265.2945688675894,1,2.3661662685945197,240.5631388745718,19.117992278639555,53.701809103902484,7.459997653303718,1,1,1,1214,4,0.07546296296296297,6.856293949600015,0.2208413001912046,ELECTRE-III,1
25,0542,0,0,"[55.703911719457054, 2.6518092058698146]","[np.float64(53.82691247916946), np.float64(-2.496038888896625)]",2026-06-13 10:34:20,943.6870259769511,2,7.742601925281453,390.5162672422625,29.36661238400133,54.50684935042604,13.707238366387893,4,4,3,695,6,0.07546296296296297,14.235479107128633,0.4235181644359465,ELECTRE-III,1
26,0094,0,0,"[55.11491377147559, 2.3421405951758953]","[np.float64(55.14931047733401), np.float64(-1.225701160577773)]",2026-06-13 10:34:30,446.6818814097672,1,3.0148255599348426,226.81056826763478,18.098239908248352,53.94429106472169,6.954479079472067,2,2,2,941,3,0.07569444444444444,6.273229079472067,0.16730401529636713,ELECTRE-III,1
27,0280,1,0,"[55.11491377147559, 2.3421405951758953]","[np.float64(53.07230810866586), np.float64(-1.970399301287497)]",2026-06-13 10:34:30,836.9095854207065,1,3.6959289929820596,361.3800959851959,27.506921492235517,55.302327332111574,7.83453777215108,4,4,3,915,4,0.07569444444444444,7.228982216595525,0.2208413001912046,ELECTRE-III,1
28,0459,1,0,"[55.11491377147559, 2.3421405951758953]","[np.float64(53.74478430611913), np.float64(-0.9365127738544263)]",2026-06-13 10:34:30,529.029903971248,1,4.396221526108151,261.07845653652805,20.615985591761714,55.163329567407224,10.085457534456356,1,1,1,777,5,0.07569444444444444,9.555596423345245,0.32217973231357555,ELECTRE-III,1
29,0465,0,0,"[55.11491377147559, 2.3421405951758953]","[np.float64(55.46514899939226), np.float64(-1.153104120291097)]",2026-06-13 10:34:30,265.2945688675894,1,2.3661662685945197,224.68354096966175,17.93943801952183,53.71587929359271,0.0,1,1,1,1214,4,0.07569444444444444,0.0,0.2208413001912046,ELECTRE-III,1
30,0542,0,0,"[55.11491377147559, 2.3421405951758953]","[np.float64(53.82691247916946), np.float64(-2.496038888896625)]",2026-06-13 10:34:30,943.6870259769511,2,7.742601925281453,343.77676728967486,26.351771057863342,54.52262025721959,5.707238366387893,4,4,3,695,6,0.07569444444444444,5.934321699721226,0.4235181644359465,ELECTRE-III,1
31,0940,0,0,"[55.11491377147559, 2.3421405951758953]","[np.float64(52.73948727309736), np.float64(-1.363106448569343)]",2026-06-13 10:34:30,444.57261379225804,1,5.781826865361175,358.53873519934615,27.322071154324338,55.79192895219643,12.081778485235255,1,1,1,829,13,0.07569444444444444,12.460250707457476,0.9369024856596558,ELECTRE-III,1
32,0094,0,0,"[54.52534891779302, 2.0402656572117843]","[np.float64(55.14931047733401), np.float64(-1.225701160577773)]",2026-06-13 10:34:40,446.6818814097672,1,3.0148255599348426,220.32660156505813,17.61326343539334,53.958569575181606,8.954479079472067,2,2,2,941,3,0.07592592592592592,8.72670130169429,0.16730401529636713,ELECTRE-III,1
33,0280,1,0,"[54.52534891779302, 2.0402656572117843]","[np.float64(53.07230810866586), np.float64(-1.970399301287497)]",2026-06-13 10:34:40,836.9095854207065,1,3.6959289929820596,308.9343982713452,23.996257941417984,55.318333880431496,8.83453777215108,4,4,3,915,4,0.07592592592592592,8.227130364743672,0.2208413001912046,ELECTRE-III,1
34,0459,1,0,"[54.52534891779302, 2.0402656572117843]","[np.float64(53.74478430611913), np.float64(-0.9365127738544263)]",2026-06-13 10:34:40,529.029903971248,1,4.396221526108151,212.4418683789117,17.0199888201458,55.17837305905418,2.0854575344563555,1,1,1,777,5,0.07592592592592592,1.3261982751970962,0.32217973231357555,ELECTRE-III,1
34,0459,1,0,"[54.52534891779302, 2.0402656572117843]","[np.float64(53.74478430611913), np.float64(-0.9365127738544263)]",2026-06-13 10:34:40,529.029903971248,1,4.396221526108151,212.4418683789117,17.0199888201458,55.17837305905418,2.0854575344563555,1,1,1,777,5,0.07592592592592592,1.3261982751970962,0.32217973231357555,ELECTRE-III,1
35,0465,0,0,"[54.52534891779302, 2.0402656572117843]","[np.float64(55.46514899939226), np.float64(-1.153104120291097)]",2026-06-13 10:34:40,265.2945688675894,1,2.3661662685945197,228.90559953720575,18.254372290794844,53.72992557762084,1.4599976533037182,1,1,1,1214,4,0.07592592592592592,1.687775431081496,0.2208413001912046,ELECTRE-III,1
36,0542,0,0,"[54.52534891779302, 2.0402656572117843]","[np.float64(53.82691247916946), np.float64(-2.496038888896625)]",2026-06-13 10:34:40,943.6870259769511,2,7.742601925281453,305.2147149403317,23.739444660451525,54.53837408854023,10.707238366387893,4,4,3,695,6,0.07592592592592592,10.327608736758263,0.4235181644359465,ELECTRE-III,1
37,0940,0,0,"[54.52534891779302, 2.0402656572117843]","[np.float64(52.73948727309736), np.float64(-1.363106448569343)]",2026-06-13 10:34:40,444.57261379225804,1,5.781826865361175,299.58767101625364,23.349013427696377,55.80786378353007,10.081778485235255,1,1,1,829,13,0.07592592592592592,9.854000707457477,0.9369024856596558,ELECTRE-III,1
38,0094,0,0,"[53.93524789426059, 1.7458030753227234]","[np.float64(55.14931047733401), np.float64(-1.225701160577773)]",2026-06-13 10:34:50,446.6818814097672,1,3.0148255599348426,234.41179053915687,18.663381873726994,53.97283101016859,6.954479079472067,2,2,2,941,3,0.07615740740740741,6.192905005397993,0.16730401529636713,ELECTRE-III,1
39,0280,1,0,"[53.93524789426059, 1.7458030753227234]","[np.float64(53.07230810866586), np.float64(-1.970399301287497)]",2026-06-13 10:34:50,836.9095854207065,1,3.6959289929820596,263.80008965480624,20.81256858105379,55.3343233532785,2.83453777215108,4,4,3,915,4,0.07615740740740741,2.3775933277066357,0.2208413001912046,ELECTRE-III,1
40,0459,1,0,"[53.93524789426059, 1.7458030753227234]","[np.float64(53.74478430611913), np.float64(-0.9365127738544263)]",2026-06-13 10:34:50,529.029903971248,1,4.396221526108151,177.24493425588454,14.326862217218974,55.19339606013362,4.0854575344563555,1,1,1,777,5,0.07615740740740741,3.5523556826045035,0.32217973231357555,ELECTRE-III,1
40,0459,1,0,"[53.93524789426059, 1.7458030753227234]","[np.float64(53.74478430611913), np.float64(-0.9365127738544263)]",2026-06-13 10:34:50,529.029903971248,1,4.396221526108151,177.24493425588454,14.326862217218974,55.19339606013362,4.0854575344563555,1,1,1,777,5,0.07615740740740741,3.5523556826045035,0.32217973231357555,ELECTRE-III,1
41,0465,0,0,"[53.93524789426059, 1.7458030753227234]","[np.float64(55.46514899939226), np.float64(-1.153104120291097)]",2026-06-13 10:34:50,265.2945688675894,1,2.3661662685945197,252.22302987967623,19.972853271371964,53.74395478617605,1.4599976533037182,1,1,1,1214,4,0.07615740740740741,1.9169420977481626,0.2208413001912046,ELECTRE-III,1
42,0542,0,0,"[53.93524789426059, 1.7458030753227234]","[np.float64(53.82691247916946), np.float64(-2.496038888896625)]",2026-06-13 10:34:50,943.6870259769511,2,7.742601925281453,278.25240834737394,21.847827208852372,54.55410401419877,5.707238366387893,4,4,3,695,6,0.07615740740740741,5.7833957737953,0.4235181644359465,ELECTRE-III,1
43,0940,0,0,"[53.93524789426059, 1.7458030753227234]","[np.float64(52.73948727309736), np.float64(-1.363106448569343)]",2026-06-13 10:34:50,444.57261379225804,1,5.781826865361175,245.49905671037627,19.480980593670033,55.82377470920161,12.081778485235255,1,1,1,829,13,0.07615740740740741,11.700991448198218,0.9369024856596558,ELECTRE-III,1
44,0094,0,0,"[53.344631191445835, 1.4583957586811684]","[np.float64(55.14931047733401), np.float64(-1.225701160577773)]",2026-06-13 10:35:00,446.6818814097672,1,3.0148255599348426,265.8178693439424,20.95798239507553,53.98707195458807,7.954479079472067,2,2,2,941,3,0.0763888888888889,7.8017013016942895,0.16730401529636713,ELECTRE-III,1
45,0280,1,0,"[53.344631191445835, 1.4583957586811684]","[np.float64(53.07230810866586), np.float64(-1.970399301287497)]",2026-06-13 10:35:00,836.9095854207065,1,3.6959289929820596,230.31774264631605,18.35945440621932,55.35029233555799,6.83453777215108,4,4,3,915,4,0.0763888888888889,7.292871105484413,0.2208413001912046,ELECTRE-III,1
45,0280,1,0,"[53.344631191445835, 1.4583957586811684]","[np.float64(53.07230810866586), np.float64(-1.970399301287497)]",2026-06-13 10:35:00,836.9095854207065,1,3.6959289929820596,230.31774264631605,18.35945440621932,55.35029233555799,6.83453777215108,4,4,3,915,4,0.0763888888888889,7.292871105484413,0.2208413001912046,ELECTRE-III,1
46,0459,1,0,"[53.344631191445835, 1.4583957586811684]","[np.float64(53.74478430611913), np.float64(-0.9365127738544263)]",2026-06-13 10:35:00,529.029903971248,1,4.396221526108151,164.36315478907932,13.324119578031322,55.208398570645556,6.0854575344563555,1,1,1,777,5,0.0763888888888889,5.474346423345244,0.32217973231357555,ELECTRE-III,1
46,0459,1,0,"[53.344631191445835, 1.4583957586811684]","[np.float64(53.74478430611913), np.float64(-0.9365127738544263)]",2026-06-13 10:35:00,529.029903971248,1,4.396221526108151,164.36315478907932,13.324119578031322,55.208398570645556,6.0854575344563555,1,1,1,777,5,0.0763888888888889,5.474346423345244,0.32217973231357555,ELECTRE-III,1
47,0465,0,0,"[53.344631191445835, 1.4583957586811684]","[np.float64(55.46514899939226), np.float64(-1.153104120291097)]",2026-06-13 10:35:00,265.2945688675894,1,2.3661662685945197,290.0683790504498,22.6832674676792,53.75796350416374,0.0,1,1,1,1214,4,0.0763888888888889,0.6875,0.2208413001912046,ELECTRE-III,1
48,0542,0,0,"[53.344631191445835, 1.4583957586811684]","[np.float64(53.82691247916946), np.float64(-2.496038888896625)]",2026-06-13 10:35:00,943.6870259769511,2,7.742601925281453,266.4364614605004,21.002505546146544,54.569816864384386,9.707238366387893,4,4,3,695,6,0.0763888888888889,8.943349477499003,0.4235181644359465,ELECTRE-III,1
49,0940,0,0,"[53.344631191445835, 1.4583957586811684]","[np.float64(52.73948727309736), np.float64(-1.363106448569343)]",2026-06-13 10:35:00,444.57261379225804,1,5.781826865361175,200.2537686253779,16.095500591497416,55.83966172921106,10.081778485235255,1,1,1,829,13,0.0763888888888889,10.616500707457476,0.9369024856596558,ELECTRE-III,1
50,0094,0,0,"[52.75352954520001, 1.1777079608007308]","[np.float64(55.14931047733401), np.float64(-1.225701160577773)]",2026-06-13 10:35:10,446.6818814097672,1,3.0148255599348426,309.3138701431604,24.022400018106808,54.00129582353462,13.954479079472067,2,2,2,941,3,0.07662037037037037,13.877858709101696,0.16730401529636713,ELECTRE-III,1
51,0280,1,0,"[52.75352954520001, 1.1777079608007308]","[np.float64(53.07230810866586), np.float64(-1.970399301287497)]",2026-06-13 10:35:10,836.9095854207065,1,3.6959289929820596,214.02950407804997,17.139755312989458,55.36623741217538,7.83453777215108,4,4,3,915,4,0.07662037037037037,7.221574809188117,0.2208413001912046,ELECTRE-III,1
51,0280,1,0,"[52.75352954520001, 1.1777079608007308]","[np.float64(53.07230810866586), np.float64(-1.970399301287497)]",2026-06-13 10:35:10,836.9095854207065,1,3.6959289929820596,214.02950407804997,17.139755312989458,55.36623741217538,7.83453777215108,4,4,3,915,4,0.07662037037037037,7.221574809188117,0.2208413001912046,ELECTRE-III,1
52,0459,1,0,"[52.75352954520001, 1.1777079608007308]","[np.float64(53.74478430611913), np.float64(-0.9365127738544263)]",2026-06-13 10:35:10,529.029903971248,1,4.396221526108151,178.69151141351387,14.438920762308841,55.22337717549539,9.085457534456356,1,1,1,777,5,0.07662037037037037,9.315318645567467,0.32217973231357555,ELECTRE-III,1
52,0459,1,0,"[52.75352954520001, 1.1777079608007308]","[np.float64(53.74478430611913), np.float64(-0.9365127738544263)]",2026-06-13 10:35:10,529.029903971248,1,4.396221526108151,178.69151141351387,14.438920762308841,55.22337717549539,9.085457534456356,1,1,1,777,5,0.07662037037037037,9.315318645567467,0.32217973231357555,ELECTRE-III,1
53,0465,0,0,"[52.75352954520001, 1.1777079608007308]","[np.float64(55.46514899939226), np.float64(-1.153104120291097)]",2026-06-13 10:35:10,265.2945688675894,1,2.3661662685945197,337.5912485038682,25.94026777679095,53.77195173158393,6.459997653303718,1,1,1,1214,4,0.07662037037037037,6.99634024589631,0.2208413001912046,ELECTRE-III,1
54,0542,0,0,"[52.75352954520001, 1.1777079608007308]","[np.float64(53.82691247916946), np.float64(-2.496038888896625)]",2026-06-13 10:35:10,943.6870259769511,2,7.742601925281453,271.7512766449688,21.383942162972197,54.585509224002486,10.707238366387893,4,4,3,695,6,0.07662037037037037,10.01765503305456,0.4235181644359465,ELECTRE-III,1
55,0561,0,0,"[52.75352954520001, 1.1777079608007308]","[np.float64(51.47204811570061), np.float64(-4.163952437703571)]",2026-06-13 10:35:10,688.3040266170444,1,5.931567573804555,391.4863465066913,29.427404234125035,55.66007215026933,8.33637729676163,2,2,2,600,12,0.07662037037037037,7.646793963428296,0.8307839388145315,ELECTRE-III,1
56,0853,0,0,"[52.75352954520001, 1.1777079608007308]","[np.float64(51.23110964035691), np.float64(6.530698714847926)]",2026-06-13 10:35:10,211.40592195436892,1,4.804354767322866,403.593458966569,30.180003690257525,59.783409540881834,5.961837177914267,4,4,3,996,3,0.07662037037037037,6.4215594001364895,0.16730401529636713,ELECTRE-III,1
57,0940,0,0,"[52.75352954520001, 1.1777079608007308]","[np.float64(52.73948727309736), np.float64(-1.363106448569343)]",2026-06-13 10:35:10,444.57261379225804,1,5.781826865361175,171.02328316713684,13.843635709660802,55.855531673747585,15.081778485235255,1,1,1,829,13,0.07662037037037037,14.31557478153155,0.9369024856596558,ELECTRE-III,1
58,0094,0,0,"[52.16196344609062, 0.9034238921540033]","[np.float64(55.14931047733401), np.float64(-1.225701160577773)]",2026-06-13 10:35:20,446.6818814097672,1,3.0148255599348426,360.55164189287433,27.45308867288395,54.01549578681907,13.954479079472067,2,2,2,941,3,0.07685185185185185,13.954479079472067,0.16730401529636713,ELECTRE-III,1
59,0280,1,0,"[52.16196344609062, 0.9034238921540033]","[np.float64(53.07230810866586), np.float64(-1.970399301287497)]",2026-06-13 10:35:20,836.9095854207065,1,3.6959289929820596,218.81107234761328,17.499527876043583,55.38216541331985,7.83453777215108,4,4,3,915,4,0.07685185185185185,8.21879703141034,0.2208413001912046,ELECTRE-III,1
59,0280,1,0,"[52.16196344609062, 0.9034238921540033]","[np.float64(53.07230810866586), np.float64(-1.970399301287497)]",2026-06-13 10:35:20,836.9095854207065,1,3.6959289929820596,218.81107234761328,17.499527876043583,55.38216541331985,7.83453777215108,4,4,3,915,4,0.07685185185185185,8.21879703141034,0.2208413001912046,ELECTRE-III,1
60,0459,1,0,"[52.16196344609062, 0.9034238921540033]","[np.float64(53.74478430611913), np.float64(-0.9365127738544263)]",2026-06-13 10:35:20,529.029903971248,1,4.396221526108151,214.85498653557318,17.20196635216399,55.238338704872305,8.085457534456356,1,1,1,777,5,0.07685185185185185,8.008605682604504,0.32217973231357555,ELECTRE-III,1
60,0459,1,0,"[52.16196344609062, 0.9034238921540033]","[np.float64(53.74478430611913), np.float64(-0.9365127738544263)]",2026-06-13 10:35:20,529.029903971248,1,4.396221526108151,214.85498653557318,17.20196635216399,55.238338704872305,8.085457534456356,1,1,1,777,5,0.07685185185185185,8.008605682604504,0.32217973231357555,ELECTRE-III,1
61,0465,0,0,"[52.16196344609062, 0.9034238921540033]","[np.float64(55.46514899939226), np.float64(-1.153104120291097)]",2026-06-13 10:35:20,265.2945688675894,1,2.3661662685945197,391.2823063862839,29.41462371034221,53.7859194684366,5.459997653303718,1,1,1,1214,4,0.07685185185185185,4.8451828384889035,0.2208413001912046,ELECTRE-III,1
62,0542,0,0,"[52.16196344609062, 0.9034238921540033]","[np.float64(53.82691247916946), np.float64(-2.496038888896625)]",2026-06-13 10:35:20,943.6870259769511,2,7.742601925281453,293.2683264396646,22.907793416798206,54.601181093053086,6.707238366387893,4,4,3,695,6,0.07685185185185185,6.860942070091596,0.4235181644359465,ELECTRE-III,1
63,0561,0,0,"[52.16196344609062, 0.9034238921540033]","[np.float64(51.47204811570061), np.float64(-4.163952437703571)]",2026-06-13 10:35:20,688.3040266170444,1,5.931567573804555,356.5888860830607,27.194862107169545,55.678185811948204,8.33637729676163,2,2,2,600,12,0.07685185185185185,8.028969889354222,0.8307839388145315,ELECTRE-III,1
64,0853,0,0,"[52.16196344609062, 0.9034238921540033]","[np.float64(51.23110964035691), np.float64(6.530698714847926)]",2026-06-13 10:35:20,211.40592195436892,1,4.804354767322866,401.29864036419474,30.03822360753141,59.79547848514525,4.961837177914267,4,4,3,996,3,0.07685185185185185,4.423874214951304,0.16730401529636713,ELECTRE-III,1
65,0940,0,0,"[52.16196344609062, 0.9034238921540033]","[np.float64(52.73948727309736), np.float64(-1.363106448569343)]",2026-06-13 10:35:20,444.57261379225804,1,5.781826865361175,166.4709658467579,13.488782861671938,55.871377712622014,11.081778485235255,1,1,1,829,13,0.07685185185185185,10.313259966716736,0.9369024856596558,ELECTRE-III,1
66,0280,1,0,"[51.56995338468518, 0.6352467596772077]","[np.float64(53.07230810866586), np.float64(-1.970399301287497)]",2026-06-13 10:35:30,836.9095854207065,1,3.6959289929820596,243.4256609651884,19.328698926536163,55.39806950880222,9.83453777215108,4,4,3,915,4,0.07708333333333334,10.06578777215108,0.2208413001912046,ELECTRE-III,1
66,0280,1,0,"[51.56995338468518, 0.6352467596772077]","[np.float64(53.07230810866586), np.float64(-1.970399301287497)]",2026-06-13 10:35:30,836.9095854207065,1,3.6959289929820596,243.4256609651884,19.328698926536163,55.39806950880222,9.83453777215108,4,4,3,915,4,0.07708333333333334,10.06578777215108,0.2208413001912046,ELECTRE-III,1
67,0459,1,0,"[51.56995338468518, 0.6352467596772077]","[np.float64(53.74478430611913), np.float64(-0.9365127738544263)]",2026-06-13 10:35:30,529.029903971248,1,4.396221526108151,264.03037307083815,20.8291784733539,55.25327632858713,4.0854575344563555,1,1,1,777,5,0.07708333333333334,4.393790867789689,0.32217973231357555,ELECTRE-III,1
68,0542,0,0,"[51.56995338468518, 0.6352467596772077]","[np.float64(53.82691247916946), np.float64(-2.496038888896625)]",2026-06-13 10:35:30,943.6870259769511,2,7.742601925281453,327.8138955774204,25.283910371862394,54.61683588663075,6.707238366387893,4,4,3,695,6,0.07708333333333334,6.013488366387893,0.4235181644359465,ELECTRE-III,1
69,0561,0,0,"[51.56995338468518, 0.6352467596772077]","[np.float64(51.47204811570061), np.float64(-4.163952437703571)]",2026-06-13 10:35:30,688.3040266170444,1,5.931567573804555,332.16890550348324,25.577154107264196,55.69627556796498,5.33637729676163,2,2,2,600,12,0.07708333333333334,5.953043963428296,0.8307839388145315,ELECTRE-III,1
70,0940,0,0,"[51.56995338468518, 0.6352467596772077]","[np.float64(52.73948727309736), np.float64(-1.363106448569343)]",2026-06-13 10:35:30,444.57261379225804,1,5.781826865361175,188.39633865711932,15.187752674275542,55.88720667602352,16.081778485235255,1,1,1,829,13,0.07708333333333334,16.544278485235253,0.9369024856596558,ELECTRE-III,1
71,0280,1,0,"[50.977526681740365, 0.3728968991403436]","[np.float64(53.07230810866586), np.float64(-1.970399301287497)]",2026-06-13 10:35:40,836.9095854207065,1,3.6959289929820596,282.74087045954127,22.16635500698728,55.41395311371709,5.83453777215108,4,4,3,915,4,0.07731481481481481,5.757222957336265,0.2208413001912046,ELECTRE-III,1
72,0459,1,0,"[50.977526681740365, 0.3728968991403436]","[np.float64(53.74478430611913), np.float64(-0.9365127738544263)]",2026-06-13 10:35:40,529.029903971248,1,4.396221526108151,320.27965803386184,24.77323250898863,55.268193461734434,7.0854575344563555,1,1,1,777,5,0.07731481481481481,7.394716793715615,0.32217973231357555,ELECTRE-III,1
73,0542,0,0,"[50.977526681740365, 0.3728968991403436]","[np.float64(53.82691247916946), np.float64(-2.496038888896625)]",2026-06-13 10:35:40,943.6870259769511,2,7.742601925281453,371.7742135640201,28.17785234818674,54.63246677454632,10.707238366387893,4,4,3,695,6,0.07731481481481481,10.707238366387893,0.4235181644359465,ELECTRE-III,1
74,0561,0,0,"[50.977526681740365, 0.3728968991403436]","[np.float64(51.47204811570061), np.float64(-4.163952437703571)]",2026-06-13 10:35:40,688.3040266170444,1,5.931567573804555,320.6307961168284,24.797127323824984,55.714348248508834,3.33637729676163,2,2,2,600,12,0.07731481481481481,2.563229148613482,0.8307839388145315,ELECTRE-III,1
75,0940,0,0,"[50.977526681740365, 0.3728968991403436]","[np.float64(52.73948727309736), np.float64(-1.363106448569343)]",2026-06-13 10:35:40,444.57261379225804,1,5.781826865361175,229.3277770925037,18.285801242345592,55.90300831866834,15.081778485235255,1,1,1,829,13,0.07731481481481481,15.159093300050069,0.9369024856596558,ELECTRE-III,1
76,0139,0,0,"[50.38469699763453, 0.11611074795077057]","[np.float64(47.40861819957853), np.float64(-1.747276927815309)]",2026-06-13 10:35:50,541.689428102383,1,6.056898070534189,357.833885466607,27.27612002406888,59.73169817867567,11.954479079472067,1,1,1,1404,5,0.0775462962962963,11.644293894286882,0.32217973231357555,ELECTRE-III,1
77,0280,1,0,"[50.38469699763453, 0.11611074795077057]","[np.float64(53.07230810866586), np.float64(-1.970399301287497)]",2026-06-13 10:35:50,836.9095854207065,1,3.6959289929820596,331.56935935090564,25.536868540085667,55.42981964315903,5.83453777215108,4,4,3,915,4,0.0775462962962963,5.446806290669598,0.2208413001912046,ELECTRE-III,1
78,0459,1,0,"[50.38469699763453, 0.11611074795077057]","[np.float64(53.74478430611913), np.float64(-0.9365127738544263)]",2026-06-13 10:35:50,529.029903971248,1,4.396221526108151,380.4795112759664,28.73337581080369,55.28309010431423,5.0854575344563555,1,1,1,777,5,0.0775462962962963,5.395642719641541,0.32217973231357555,ELECTRE-III,1
79,0561,0,0,"[50.38469699763453, 0.11611074795077057]","[np.float64(51.47204811570061), np.float64(-4.163952437703571)]",2026-06-13 10:35:50,688.3040266170444,1,5.931567573804555,323.3578283865721,24.982387298267675,55.73240043848518,1.33637729676163,2,2,2,600,12,0.0775462962962963,1.1037384078727412,0.8307839388145315,ELECTRE-III,1
80,0940,0,0,"[50.38469699763453, 0.11611074795077057]","[np.float64(52.73948727309736), np.float64(-1.363106448569343)]",2026-06-13 10:35:50,444.57261379225804,1,5.781826865361175,281.082794895152,22.04885493883234,55.91879288584024,11.081778485235255,1,1,1,829,13,0.0775462962962963,11.469509966716736,0.9369024856596558,ELECTRE-III,1
81,0139,0,0,"[49.79148140784058, -0.13536031544534247]","[np.float64(47.40861819957853), np.float64(-1.747276927815309)]",2026-06-13 10:36:00,541.689428102383,1,6.056898070534189,290.24918310686814,22.69597337684895,59.75160134991709,8.954479079472067,1,1,1,1404,5,0.07777777777777778,8.87670130169429,0.32217973231357555,ELECTRE-III,1
82,0280,1,0,"[49.79148140784058, -0.13536031544534247]","[np.float64(53.07230810866586), np.float64(-1.970399301287497)]",2026-06-13 10:36:00,836.9095854207065,1,3.6959289929820596,386.32168963867707,29.102914819065028,55.445662266938875,4.83453777215108,4,4,3,915,4,0.07777777777777778,5.301204438817747,0.2208413001912046,ELECTRE-III,1
83,0561,0,0,"[49.79148140784058, -0.13536031544534247]","[np.float64(51.47204811570061), np.float64(-4.163952437703571)]",2026-06-13 10:36:00,688.3040266170444,1,5.931567573804555,340.00841378872065,26.101419593546684,55.750432137894016,6.33637729676163,2,2,2,600,12,0.07777777777777778,6.958599518983853,0.8307839388145315,ELECTRE-III,1
84,0940,0,0,"[49.79148140784058, -0.13536031544534247]","[np.float64(52.73948727309736), np.float64(-1.363106448569343)]",2026-06-13 10:36:00,444.57261379225804,1,5.781826865361175,338.73723567940976,26.016725630148958,55.93455696244463,17.081778485235255,1,1,1,829,13,0.07777777777777778,16.61511181856859,0.9369024856596558,ELECTRE-III,1
85,0139,0,0,"[49.19790381802062, -0.38175098541922214]","[np.float64(47.40861819957853), np.float64(-1.747276927815309)]",2026-06-13 10:36:10,541.689428102383,1,6.056898070534189,223.11914693219012,17.822459504103993,59.771484030591,16.954479079472065,1,1,1,1404,5,0.07800925925925926,16.798460560953547,0.32217973231357555,ELECTRE-III,1
86,0561,0,0,"[49.19790381802062, -0.38175098541922214]","[np.float64(51.47204811570061), np.float64(-4.163952437703571)]",2026-06-13 10:36:10,688.3040266170444,1,5.931567573804555,368.70182539893506,27.98039675048231,55.76844334673534,3.33637729676163,2,2,2,600,12,0.07800925925925926,2.5562847041690375,0.8307839388145315,ELECTRE-III,1
87,0940,0,0,"[49.19790381802062, -0.38175098541922214]","[np.float64(52.73948727309736), np.float64(-1.363106448569343)]",2026-06-13 10:36:10,444.57261379225804,1,5.781826865361175,399.7468566234725,29.942119616263493,55.950297133386925,17.081778485235255,1,1,1,829,13,0.07800925925925926,16.301685892642663,0.9369024856596558,ELECTRE-III,1
88,0139,0,0,"[48.60397788855299, -0.6232830430156956]","[np.float64(47.40861819957853), np.float64(-1.747276927815309)]",2026-06-13 10:36:20,541.689428102383,1,6.056898070534189,157.02906091015825,12.749441873398464,59.79134622069739,8.954479079472067,1,1,1,1404,5,0.07824074074074074,9.345682783175771,0.32217973231357555,ELECTRE-III,1
89,0561,0,0,"[48.60397788855299, -0.6232830430156956]","[np.float64(51.47204811570061), np.float64(-4.163952437703571)]",2026-06-13 10:36:20,688.3040266170444,1,5.931567573804555,406.8994071910683,30.383538793209574,55.786437480103736,7.33637729676163,2,2,2,600,12,0.07824074074074074,7.101655074539408,0.8307839388145315,ELECTRE-III,1
90,0139,0,0,"[48.00971727981603, -0.8601661697061969]","[np.float64(47.40861819957853), np.float64(-1.747276927815309)]",2026-06-13 10:36:30,541.689428102383,1,6.056898070534189,94.19664176650933,7.729522837567791,59.81118792023628,11.954479079472067,1,1,1,1404,5,0.07847222222222222,11.169756857249846,0.32217973231357555,ELECTRE-III,1
91,0139,0,0,"[47.41513906728267, -1.0925987878222]","[np.float64(47.40861819957853), np.float64(-1.747276927815309)]",2026-06-13 10:36:40,541.689428102383,1,6.056898070534189,49.26861357315379,4.060742883147886,59.831002299018486,13.954479079472067,1,1,1,1404,5,0.0787037037037037,13.482256857249846,0.32217973231357555,ELECTRE-III,1
92,0139,0,0,"[46.820256911331235, -1.3207689410092924]","[np.float64(47.40861819957853), np.float64(-1.747276927815309)]",2026-06-13 10:36:50,541.689428102383,1,6.056898070534189,72.95049659676224,6.000666099266602,59.850796187233186,12.954479079472067,1,1,1,1404,5,0.07893518518518519,12.322997597990586,0.32217973231357555,ELECTRE-III,1
93,0139,0,0,"[46.2250810572455, -1.5448545343510112]","[np.float64(47.40861819957853), np.float64(-1.747276927815309)]",2026-06-13 10:37:00,541.689428102383,1,6.056898070534189,132.50172099121136,10.809092166355512,59.8705627546912,16.954479079472065,1,1,1,1404,5,0.07916666666666666,17.350312412805398,0.32217973231357555,ELECTRE-III,1
94,0371,0,0,"[46.2250810572455, -1.5448545343510112]","[np.float64(43.21815205247485), np.float64(-3.67149105858976)]",2026-06-13 10:37:00,270.0954127710004,1,7.699369880111745,374.16263282165556,28.330848987020648,61.61633861597895,7.205398841777342,4,4,3,907,13,0.07916666666666666,6.730398841777342,0.9369024856596558,ELECTRE-III,1
95,0139,0,0,"[45.62962858049837, -1.7650247217510202]","[np.float64(47.40861819957853), np.float64(-1.747276927815309)]",2026-06-13 10:37:10,541.689428102383,1,6.056898070534189,197.81955907364372,15.909808938152588,59.890308831581706,12.954479079472067,1,1,1,1404,5,0.07939814814814815,13.192673523916511,0.32217973231357555,ELECTRE-III,1
96,0371,0,0,"[45.62962858049837, -1.7650247217510202]","[np.float64(43.21815205247485), np.float64(-3.67149105858976)]",2026-06-13 10:37:10,270.0954127710004,1,7.699369880111745,307.91047898817345,23.9256664483544,61.64059944791084,9.205398841777342,4,4,3,907,13,0.07939814814814815,9.522991434369935,0.9369024856596558,ELECTRE-III,1
97,0139,0,0,"[45.033906311279026, -1.9814395857679916]","[np.float64(47.40861819957853), np.float64(-1.747276927815309)]",2026-06-13 10:37:20,541.689428102383,1,6.056898070534189,264.66971821294027,20.875273980513594,59.910034417904704,7.954479079472067,1,1,1,1404,5,0.07962962962962963,8.193367968360956,0.32217973231357555,ELECTRE-III,1
98,0371,0,0,"[45.033906311279026, -1.9814395857679916]","[np.float64(43.21815205247485), np.float64(-3.67149105858976)]",2026-06-13 10:37:20,270.0954127710004,1,7.699369880111745,242.80637141753294,19.283159640285195,61.664839789275206,8.205398841777342,4,4,3,907,13,0.07962962962962963,7.727621063999564,0.9369024856596558,ELECTRE-III,1
99,0864,0,0,"[45.033906311279026, -1.9814395857679916]","[np.float64(42.81707373285452), np.float64(-5.677602660119014)]",2026-06-13 10:37:20,447.1984242406027,1,7.208693439340882,385.13932066562336,29.02833825518986,60.69932424820221,5.961837177914267,2,2,2,1493,7,0.07962962962962963,6.359985326062415,0.5506692160611855,ELECTRE-III,1
100,0139,0,0,"[44.43792790996581, -2.1942514182760755]","[np.float64(47.40861819957853), np.float64(-1.747276927815309)]",2026-06-13 10:37:30,541.689428102383,1,6.056898070534189,332.1288232564399,25.574461688353818,59.92973951366019,11.954479079472067,1,1,1,1404,5,0.0798611111111111,11.635034635027623,0.32217973231357555,ELECTRE-III,1
101,0371,0,0,"[44.43792790996581, -2.1942514182760755]","[np.float64(43.21815205247485), np.float64(-3.67149105858976)]",2026-06-13 10:37:30,270.0954127710004,1,7.699369880111745,180.10185786682015,14.548064168913552,61.689059640072074,8.205398841777342,4,4,3,907,13,0.0798611111111111,7.406787730666231,0.9369024856596558,ELECTRE-III,1
102,0562,0,0,"[44.43792790996581, -2.1942514182760755]","[np.float64(40.96887992103576), np.float64(-2.978396861987505)]",2026-06-13 10:37:30,258.82238089656283,1,3.346234586705335,391.02100190481946,29.398251605419045,63.42382523641776,1.2090778909984428,2,2,2,646,2,0.0798611111111111,1.1292167798873316,0.09751434034416825,ELECTRE-III,1
103,0692,1,0,"[44.43792790996581, -2.1942514182760755]","[np.float64(41.53267235996247), np.float64(-4.669994470976921)]",2026-06-13 10:37:30,562.1112858801055,1,3.2335379674834615,380.6339067928292,28.743175760629356,62.05398298704752,6.710917415608993,3,3,3,813,5,0.0798611111111111,6.231750748942326,0.32217973231357555,ELECTRE-III,1
104,0864,0,0,"[44.43792790996581, -2.1942514182760755]","[np.float64(42.81707373285452), np.float64(-5.677602660119014)]",2026-06-13 10:37:30,447.1984242406027,1,7.208693439340882,333.25283751178154,25.649918439165095,60.72478036323884,0.0,2,2,2,1493,7,0.0798611111111111,0.0,0.5506692160611855,ELECTRE-III,1
105,0139,0,0,"[43.84170703693706, -2.4036050406300173]","[np.float64(47.40861819957853), np.float64(-1.747276927815309)]",2026-06-13 10:37:40,541.689428102383,1,6.056898070534189,399.889063569485,29.95093442209545,59.949417288659,10.954479079472067,1,1,1,1404,5,0.08009259259259259,10.874386486879475,0.32217973231357555,ELECTRE-III,1
106,0371,0,0,"[43.84170703693706, -2.4036050406300173]","[np.float64(43.21815205247485), np.float64(-3.67149105858976)]",2026-06-13 10:37:40,270.0954127710004,1,7.699369880111745,123.51007930201476,10.091185655792168,61.7132658304906,14.205398841777342,4,4,3,907,13,0.08009259259259259,14.846139582518083,0.9369024856596558,ELECTRE-III,1
107,0562,0,0,"[43.84170703693706, -2.4036050406300173]","[np.float64(40.96887992103576), np.float64(-2.978396861987505)]",2026-06-13 10:37:40,258.82238089656283,1,3.346234586705335,322.9090111931206,24.951935284305343,63.4496911628046,6.209077890998443,2,2,2,646,2,0.08009259259259259,5.408151965072517,0.09751434034416825,ELECTRE-III,1
108,0692,1,0,"[43.84170703693706, -2.4036050406300173]","[np.float64(41.53267235996247), np.float64(-4.669994470976921)]",2026-06-13 10:37:40,562.1112858801055,1,3.2335379674834615,316.57451832630466,24.52053894478904,62.08010846062282,8.710917415608993,3,3,3,813,5,0.08009259259259259,8.230361860053437,0.32217973231357555,ELECTRE-III,1
109,0864,0,0,"[43.84170703693706, -2.4036050406300173]","[np.float64(42.81707373285452), np.float64(-5.677602660119014)]",2026-06-13 10:37:40,447.1984242406027,1,7.208693439340882,288.2610574334691,22.556129526915356,60.75022964808631,0.0,2,2,2,1493,7,0.08009259259259259,0.40046296296296297,0.5506692160611855,ELECTRE-III,1
110,0371,0,0,"[43.24525052238194, -2.609638123830275]","[np.float64(43.21815205247485), np.float64(-3.67149105858976)]",2026-06-13 10:37:50,270.0954127710004,1,7.699369880111745,86.07882706234125,7.07045114510808,61.737444700152444,12.205398841777342,4,4,3,907,13,0.08032407407407408,12.607019212147712,0.9369024856596558,ELECTRE-III,1
111,0536,1,0,"[43.24525052238194, -2.609638123830275]","[np.float64(40.11362793536901), np.float64(-0.1788855911624436)]",2026-06-13 10:37:50,768.3689924852562,1,5.888662453257749,402.4587838740115,30.109951258632808,65.69603792798425,11.456318604082618,1,1,1,1427,12,0.08032407407407408,10.733401937415952,0.8307839388145315,ELECTRE-III,1
112,0562,0,0,"[43.24525052238194, -2.609638123830275]","[np.float64(40.96887992103576), np.float64(-2.978396861987505)]",2026-06-13 10:37:50,258.82238089656283,1,3.346234586705335,254.94185533197222,20.170877445769307,63.4755434288131,0.0,2,2,2,646,2,0.08032407407407408,0.7229166666666667,0.09751434034416825,ELECTRE-III,1
113,0692,1,0,"[43.24525052238194, -2.609638123830275]","[np.float64(41.53267235996247), np.float64(-4.669994470976921)]",2026-06-13 10:37:50,562.1112858801055,1,3.2335379674834615,254.72962672296526,20.155437901617127,62.10622027381977,8.710917415608993,3,3,3,813,5,0.08032407407407408,8.791241489683067,0.32217973231357555,ELECTRE-III,1
114,0864,0,0,"[43.24525052238194, -2.609638123830275]","[np.float64(42.81707373285452), np.float64(-5.677602660119014)]",2026-06-13 10:37:50,447.1984242406027,1,7.208693439340882,253.85804740121623,20.091998844976725,60.7756516121771,0.0,2,2,2,1493,7,0.08032407407407408,0.0,0.5506692160611855,ELECTRE-III,1
115,0371,0,0,"[42.64856519648962, -2.812481508688137]","[np.float64(43.21815205247485), np.float64(-3.67149105858976)]",2026-06-13 10:38:00,270.0954127710004,1,7.699369880111745,94.34923446335199,7.7418924511167155,61.76160990943595,5.205398841777342,4,4,3,907,13,0.08055555555555556,4.399843286221786,0.9369024856596558,ELECTRE-III,1
116,0536,1,0,"[42.64856519648962, -2.812481508688137]","[np.float64(40.11362793536901), np.float64(-0.1788855911624436)]",2026-06-13 10:38:00,768.3689924852562,1,5.888662453257749,357.3553743432187,27.244902866205162,65.72120717507575,7.456318604082618,1,1,1,1427,12,0.08055555555555556,7.456318604082618,0.8307839388145315,ELECTRE-III,1
117,0562,0,0,"[42.64856519648962, -2.812481508688137]","[np.float64(40.96887992103576), np.float64(-2.978396861987505)]",2026-06-13 10:38:00,258.82238089656283,1,3.346234586705335,187.27816991680427,15.101739093077008,63.50136837406492,1.2090778909984428,2,2,2,646,2,0.08055555555555556,1.2896334465539983,0.09751434034416825,ELECTRE-III,1
118,0692,1,0,"[42.64856519648962, -2.812481508688137]","[np.float64(41.53267235996247), np.float64(-4.669994470976921)]",2026-06-13 10:38:00,562.1112858801055,1,3.2335379674834615,197.19545155786534,15.86214393617085,62.13231159644922,3.710917415608993,3,3,3,813,5,0.08055555555555556,2.9053618600534374,0.32217973231357555,ELECTRE-III,1
118,0692,1,0,"[42.64856519648962, -2.812481508688137]","[np.float64(41.53267235996247), np.float64(-4.669994470976921)]",2026-06-13 10:38:00,562.1112858801055,1,3.2335379674834615,197.19545155786534,15.86214393617085,62.13231159644922,3.710917415608993,3,3,3,813,5,0.08055555555555556,2.9053618600534374,0.32217973231357555,ELECTRE-III,1
119,0864,0,0,"[42.64856519648962, -2.812481508688137]","[np.float64(42.81707373285452), np.float64(-5.677602660119014)]",2026-06-13 10:38:00,447.1984242406027,1,7.208693439340882,234.74818617221803,18.68830658692797,60.801059915889546,0.0,2,2,2,1493,7,0.08055555555555556,0.0,0.5506692160611855,ELECTRE-III,1
120,0371,0,0,"[42.05166813473304, -3.0122600595993667]","[np.float64(43.21815205247485), np.float64(-3.67149105858976)]",2026-06-13 10:38:10,270.0954127710004,1,7.699369880111745,140.4700793183322,11.44244752562397,61.78575462815194,14.205398841777342,4,4,3,907,13,0.08078703703703703,14.205398841777342,0.9369024856596558,ELECTRE-III,1
121,0518,0,0,"[42.05166813473304, -3.0122600595993667]","[np.float64(38.95097140340685), np.float64(-1.854129262952509)]",2026-06-13 10:38:10,381.4550443026262,1,6.724554436029099,358.40745017599806,27.313515198525504,65.36998518757535,3.4599976533037182,3,3,3,1076,9,0.08078703703703703,4.106293949600015,0.6701720841300192,ELECTRE-III,1
122,0536,1,0,"[42.05166813473304, -3.0122600595993667]","[np.float64(40.11362793536901), np.float64(-0.1788855911624436)]",2026-06-13 10:38:10,768.3689924852562,1,5.888662453257749,320.6459984629375,24.79816162992171,65.74634910141056,6.456318604082618,1,1,1,1427,12,0.08078703703703703,5.810022307786322,0.8307839388145315,ELECTRE-III,1
123,0562,0,0,"[42.05166813473304, -3.0122600595993667]","[np.float64(40.96887992103576), np.float64(-2.978396861987505)]",2026-06-13 10:38:10,258.82238089656283,1,3.346234586705335,120.4337356292928,9.844816920114061,63.527179658938394,3.2090778909984428,2,2,2,646,2,0.08078703703703703,3.693800113220665,0.09751434034416825,ELECTRE-III,1
124,0692,1,0,"[42.05166813473304, -3.0122600595993667]","[np.float64(41.53267235996247), np.float64(-4.669994470976921)]",2026-06-13 10:38:10,562.1112858801055,1,3.2335379674834615,149.05333482714366,12.121516976994679,62.15838242851116,10.710917415608993,3,3,3,813,5,0.08078703703703703,10.468556304497882,0.32217973231357555,ELECTRE-III,1
124,0692,1,0,"[42.05166813473304, -3.0122600595993667]","[np.float64(41.53267235996247), np.float64(-4.669994470976921)]",2026-06-13 10:38:10,562.1112858801055,1,3.2335379674834615,149.05333482714366,12.121516976994679,62.15838242851116,10.710917415608993,3,3,3,813,5,0.08078703703703703,10.468556304497882,0.32217973231357555,ELECTRE-III,1
125,0864,0,0,"[42.05166813473304, -3.0122600595993667]","[np.float64(42.81707373285452), np.float64(-5.677602660119014)]",2026-06-13 10:38:10,447.1984242406027,1,7.208693439340882,234.69899355342486,18.684662193675862,60.826454559223656,5.961837177914267,2,2,2,1493,7,0.08078703703703703,5.88105014087723,0.5506692160611855,ELECTRE-III,1
126,0371,0,0,"[41.45455933711219, -3.209092664544206]","[np.float64(43.21815205247485), np.float64(-3.67149105858976)]",2026-06-13 10:38:20,270.0954127710004,1,7.699369880111745,199.75102293314526,16.057177362445167,61.80987202611126,14.205398841777342,4,4,3,907,13,0.08101851851851852,13.476232175110676,0.9369024856596558,ELECTRE-III,1
127,0518,0,0,"[41.45455933711219, -3.209092664544206]","[np.float64(38.95097140340685), np.float64(-1.854129262952509)]",2026-06-13 10:38:20,381.4550443026262,1,6.724554436029099,301.2208773799277,23.462571800695063,65.39710786876947,4.459997653303718,3,3,3,1076,9,0.08101851851851852,4.297960616266681,0.6701720841300192,ELECTRE-III,1
128,0536,1,0,"[41.45455933711219, -3.209092664544206]","[np.float64(40.11362793536901), np.float64(-0.1788855911624436)]",2026-06-13 10:38:20,768.3689924852562,1,5.888662453257749,295.47515910454393,23.06220533534393,65.77147053717786,11.456318604082618,1,1,1,1427,12,0.08101851851851852,10.889188974452988,0.8307839388145315,ELECTRE-III,1
128,0536,1,0,"[41.45455933711219, -3.209092664544206]","[np.float64(40.11362793536901), np.float64(-0.1788855911624436)]",2026-06-13 10:38:20,768.3689924852562,1,5.888662453257749,295.47515910454393,23.06220533534393,65.77147053717786,11.456318604082618,1,1,1,1427,12,0.08101851851851852,10.889188974452988,0.8307839388145315,ELECTRE-III,1
129,0562,0,0,"[41.45455933711219, -3.209092664544206]","[np.float64(40.96887992103576), np.float64(-2.978396861987505)]",2026-06-13 10:38:20,258.82238089656283,1,3.346234586705335,57.34936944355779,4.723959503140845,63.55297045324436,6.209077890998443,2,2,2,646,2,0.08101851851851852,6.7762075206280725,0.09751434034416825,ELECTRE-III,1
130,0692,1,0,"[41.45455933711219, -3.209092664544206]","[np.float64(41.53267235996247), np.float64(-4.669994470976921)]",2026-06-13 10:38:20,562.1112858801055,1,3.2335379674834615,121.98432514923762,9.969042302124258,62.18443960019476,8.710917415608993,3,3,3,813,5,0.08101851851851852,8.143787785979363,0.32217973231357555,ELECTRE-III,1
130,0692,1,0,"[41.45455933711219, -3.209092664544206]","[np.float64(41.53267235996247), np.float64(-4.669994470976921)]",2026-06-13 10:38:20,562.1112858801055,1,3.2335379674834615,121.98432514923762,9.969042302124258,62.18443960019476,8.710917415608993,3,3,3,813,5,0.08101851851851852,8.143787785979363,0.32217973231357555,ELECTRE-III,1
131,0864,0,0,"[41.45455933711219, -3.209092664544206]","[np.float64(42.81707373285452), np.float64(-5.677602660119014)]",2026-06-13 10:38:20,447.1984242406027,1,7.208693439340882,253.72327326625287,20.082184537402807,60.85182871199025,4.961837177914267,2,2,2,1493,7,0.08101851851851852,4.394707548284638,0.5506692160611855,ELECTRE-III,1
132,0371,0,0,"[40.8572524640054, -3.4030924485307823]","[np.float64(43.21815205247485), np.float64(-3.67149105858976)]",2026-06-13 10:38:30,270.0954127710004,1,7.699369880111745,263.4540840921132,20.787604993524997,61.83397576369224,14.205398841777342,4,4,3,907,13,0.08125,13.717898841777341,0.9369024856596558,ELECTRE-III,1
133,0518,0,0,"[40.8572524640054, -3.4030924485307823]","[np.float64(38.95097140340685), np.float64(-1.854129262952509)]",2026-06-13 10:38:30,381.4550443026262,1,6.724554436029099,249.7655727094749,19.793436521995414,65.42421005939607,10.459997653303718,3,3,3,1076,9,0.08125,9.809997653303718,0.6701720841300192,ELECTRE-III,1
134,0536,1,0,"[40.8572524640054, -3.4030924485307823]","[np.float64(40.11362793536901), np.float64(-0.1788855911624436)]",2026-06-13 10:38:30,768.3689924852562,1,5.888662453257749,284.91798743294487,22.320339378825906,65.7965646521885,5.456318604082618,1,1,1,1427,12,0.08125,4.806318604082618,0.8307839388145315,ELECTRE-III,1
134,0536,1,0,"[40.8572524640054, -3.4030924485307823]","[np.float64(40.11362793536901), np.float64(-0.1788855911624436)]",2026-06-13 10:38:30,768.3689924852562,1,5.888662453257749,284.91798743294487,22.320339378825906,65.7965646521885,5.456318604082618,1,1,1,1427,12,0.08125,4.806318604082618,0.8307839388145315,ELECTRE-III,1
135,0562,0,0,"[40.8572524640054, -3.4030924485307823]","[np.float64(40.96887992103576), np.float64(-2.978396861987505)]",2026-06-13 10:38:30,258.82238089656283,1,3.346234586705335,37.784339450777296,3.116351503221343,63.578740756982825,0.20907789099844276,2,2,2,646,2,0.08125,0.7778278909984427,0.09751434034416825,ELECTRE-III,1
136,0692,1,0,"[40.8572524640054, -3.4030924485307823]","[np.float64(41.53267235996247), np.float64(-4.669994470976921)]",2026-06-13 10:38:30,562.1112858801055,1,3.2335379674834615,129.9099331287946,10.60250168179707,62.21047628131085,1.7109174156089928,3,3,3,813,5,0.08125,1.3859174156089928,0.32217973231357555,ELECTRE-III,1
136,0692,1,0,"[40.8572524640054, -3.4030924485307823]","[np.float64(41.53267235996247), np.float64(-4.669994470976921)]",2026-06-13 10:38:30,562.1112858801055,1,3.2335379674834615,129.9099331287946,10.60250168179707,62.21047628131085,1.7109174156089928,3,3,3,813,5,0.08125,1.3859174156089928,0.32217973231357555,ELECTRE-III,1
137,0846,0,0,"[40.8572524640054, -3.4030924485307823]","[np.float64(37.76131249306622), np.float64(-5.011013629053059)]",2026-06-13 10:38:30,500.72455615461024,1,3.377675339118288,370.9898064268096,28.127509260831058,63.869160400491765,13.958158128693167,4,4,3,1123,13,0.08125,13.470658128693167,0.9369024856596558,ELECTRE-III,1
138,0864,0,0,"[40.8572524640054, -3.4030924485307823]","[np.float64(42.81707373285452), np.float64(-5.677602660119014)]",2026-06-13 10:38:30,447.1984242406027,1,7.208693439340882,288.0677762767879,22.54251905248194,60.87718237418934,0.0,2,2,2,1493,7,0.08125,0.1625,0.5506692160611855,ELECTRE-III,1
139,0371,0,0,"[40.25975776069644, -3.5943678408121698]","[np.float64(43.21815205247485), np.float64(-3.67149105858976)]",2026-06-13 10:38:40,270.0954127710004,1,7.699369880111745,329.0210873807151,25.36533934006878,61.8580590107057,11.205398841777342,4,4,3,907,13,0.08148148148148149,10.55354698992549,0.9369024856596558,ELECTRE-III,1
140,0518,0,0,"[40.25975776069644, -3.5943678408121698]","[np.float64(38.95097140340685), np.float64(-1.854129262952509)]",2026-06-13 10:38:40,381.4550443026262,1,6.724554436029099,208.33279802569518,16.70930208982583,65.45129175945517,10.459997653303718,3,3,3,1076,9,0.08148148148148149,10.948886542192607,0.6701720841300192,ELECTRE-III,1
141,0536,1,0,"[40.25975776069644, -3.5943678408121698]","[np.float64(40.11362793536901), np.float64(-0.1788855911624436)]",2026-06-13 10:38:40,768.3689924852562,1,5.888662453257749,290.5716163032225,22.718626350209156,65.8216382766316,5.456318604082618,1,1,1,1427,12,0.08148148148148149,6.1896519374159515,0.8307839388145315,ELECTRE-III,1
141,0536,1,0,"[40.25975776069644, -3.5943678408121698]","[np.float64(40.11362793536901), np.float64(-0.1788855911624436)]",2026-06-13 10:38:40,768.3689924852562,1,5.888662453257749,290.5716163032225,22.718626350209156,65.8216382766316,5.456318604082618,1,1,1,1427,12,0.08148148148148149,6.1896519374159515,0.8307839388145315,ELECTRE-III,1
142,0562,0,0,"[40.25975776069644, -3.5943678408121698]","[np.float64(40.96887992103576), np.float64(-2.978396861987505)]",2026-06-13 10:38:40,258.82238089656283,1,3.346234586705335,94.4493276103258,7.750005902224892,63.60449057015377,5.209077890998443,2,2,2,646,2,0.08148148148148149,5.372040853961406,0.09751434034416825,ELECTRE-III,1
143,0692,1,0,"[40.25975776069644, -3.5943678408121698]","[np.float64(41.53267235996247), np.float64(-4.669994470976921)]",2026-06-13 10:38:40,562.1112858801055,1,3.2335379674834615,167.94822876904925,13.604052406762822,62.23649247185943,3.710917415608993,3,3,3,813,5,0.08148148148148149,4.199806304497882,0.32217973231357555,ELECTRE-III,1
143,0692,1,0,"[40.25975776069644, -3.5943678408121698]","[np.float64(41.53267235996247), np.float64(-4.669994470976921)]",2026-06-13 10:38:40,562.1112858801055,1,3.2335379674834615,167.94822876904925,13.604052406762822,62.23649247185943,3.710917415608993,3,3,3,813,5,0.08148148148148149,4.199806304497882,0.32217973231357555,ELECTRE-III,1
144,0846,0,0,"[40.25975776069644, -3.5943678408121698]","[np.float64(37.76131249306622), np.float64(-5.011013629053059)]",2026-06-13 10:38:40,500.72455615461024,1,3.377675339118288,303.5716076102036,23.62567778865137,63.89861900638203,9.958158128693167,4,4,3,1123,13,0.08148148148148149,10.03963961017465,0.9369024856596558,ELECTRE-III,1
145,0863,0,0,"[40.25975776069644, -3.5943678408121698]","[np.float64(37.3569628721152), np.float64(-6.357247410893716)]",2026-06-13 10:38:40,797.4194494303996,2,4.2320746468758195,401.81608960062084,30.07022854785091,63.107164006117635,13.83085872292998,2,2,2,581,13,0.08148148148148149,14.482710574781832,0.9369024856596558,ELECTRE-III,1
146,0864,0,0,"[40.25975776069644, -3.5943678408121698]","[np.float64(42.81707373285452), np.float64(-5.677602660119014)]",2026-06-13 10:38:40,447.1984242406027,1,7.208693439340882,333.0267067370336,25.634745599962987,60.90252237601008,4.961837177914267,2,2,2,1493,7,0.08148148148148149,4.635911251988341,0.5506692160611855,ELECTRE-III,1
147,0993,0,0,"[40.25975776069644, -3.5943678408121698]","[np.float64(36.78983297350138), np.float64(-4.481296075919123)]",2026-06-13 10:38:40,424.45086869103005,1,6.230044844724517,393.4705917522022,29.551524321995867,64.7032904226904,0.0,1,1,1,893,9,0.08148148148148149,0.6518518518518519,0.6701720841300192,ELECTRE-III,1
148,0371,0,0,"[39.662075227185305, -3.783021934556153]","[np.float64(43.21815205247485), np.float64(-3.67149105858976)]",2026-06-13 10:38:50,270.0954127710004,1,7.699369880111745,395.52742032573866,29.67986366451433,61.88211493696249,14.205398841777342,4,4,3,907,13,0.08171296296296296,14.532250693629194,0.9369024856596558,ELECTRE-III,1
149,0518,0,0,"[39.662075227185305, -3.783021934556153]","[np.float64(38.95097140340685), np.float64(-1.854129262952509)]",2026-06-13 10:38:50,381.4550443026262,1,6.724554436029099,183.82874523797457,14.835958762119958,65.47835296894677,6.459997653303718,3,3,3,1076,9,0.08171296296296296,5.96971987552594,0.6701720841300192,ELECTRE-III,1
150,0536,1,0,"[39.662075227185305, -3.783021934556153]","[np.float64(40.11362793536901), np.float64(-0.1788855911624436)]",2026-06-13 10:38:50,768.3689924852562,1,5.888662453257749,311.5546077608979,24.176549154142503,65.84668458031804,7.456318604082618,1,1,1,1427,12,0.08171296296296296,7.538031567045581,0.8307839388145315,ELECTRE-III,1
151,0562,0,0,"[39.662075227185305, -3.783021934556153]","[np.float64(40.96887992103576), np.float64(-2.978396861987505)]",2026-06-13 10:38:50,258.82238089656283,1,3.346234586705335,160.5255350113536,13.023747994242088,63.63021989275721,5.209077890998443,2,2,2,646,2,0.08171296296296296,5.944494557665109,0.09751434034416825,ELECTRE-III,1
152,0692,1,0,"[39.662075227185305, -3.783021934556153]","[np.float64(41.53267235996247), np.float64(-4.669994470976921)]",2026-06-13 10:38:50,562.1112858801055,1,3.2335379674834615,221.06788056683672,17.668841921546143,62.26249500202967,5.710917415608993,3,3,3,813,5,0.08171296296296296,5.138926674868252,0.32217973231357555,ELECTRE-III,1
152,0692,1,0,"[39.662075227185305, -3.783021934556153]","[np.float64(41.53267235996247), np.float64(-4.669994470976921)]",2026-06-13 10:38:50,562.1112858801055,1,3.2335379674834615,221.06788056683672,17.668841921546143,62.26249500202967,5.710917415608993,3,3,3,813,5,0.08171296296296296,5.138926674868252,0.32217973231357555,ELECTRE-III,1
153,0846,0,0,"[39.662075227185305, -3.783021934556153]","[np.float64(37.76131249306622), np.float64(-5.011013629053059)]",2026-06-13 10:38:50,500.72455615461024,1,3.377675339118288,236.68615215138271,18.831754172942965,63.928070782083125,10.958158128693167,4,4,3,1123,13,0.08171296296296296,11.366722943507982,0.9369024856596558,ELECTRE-III,1
154,0863,0,0,"[39.662075227185305, -3.783021934556153]","[np.float64(37.3569628721152), np.float64(-6.357247410893716)]",2026-06-13 10:38:50,797.4194494303996,2,4.2320746468758195,340.35998494512194,26.124821878483722,63.13738759319494,13.83085872292998,2,2,2,581,13,0.08171296296296296,13.504006871078127,0.9369024856596558,ELECTRE-III,1
155,0864,0,0,"[39.662075227185305, -3.783021934556153]","[np.float64(42.81707373285452), np.float64(-5.677602660119014)]",2026-06-13 10:38:50,447.1984242406027,1,7.208693439340882,384.89986593751934,29.013221784775435,60.92784871745249,0.9618371779142674,2,2,2,1493,7,0.08171296296296296,0.8801242149513044,0.5506692160611855,ELECTRE-III,1
156,0993,0,0,"[39.662075227185305, -3.783021934556153]","[np.float64(36.78983297350138), np.float64(-4.481296075919123)]",2026-06-13 10:38:50,424.45086869103005,1,6.230044844724517,325.14816403714127,25.103710583079984,64.73340472674099,4.710917415608993,1,1,1,893,9,0.08171296296296296,4.384065563757141,0.6701720841300192,ELECTRE-III,1
157,0518,0,0,"[39.06421852385033, -3.969153554062286]","[np.float64(38.95097140340685), np.float64(-1.854129262952509)]",2026-06-13 10:39:00,381.4550443026262,1,6.724554436029099,183.17894807730454,14.785817922158136,65.50539368787085,11.459997653303718,3,3,3,1076,9,0.08194444444444444,10.968330986637051,0.6701720841300192,ELECTRE-III,1
158,0536,1,0,"[39.06421852385033, -3.969153554062286]","[np.float64(40.11362793536901), np.float64(-0.1788855911624436)]",2026-06-13 10:39:00,768.3689924852562,1,5.888662453257749,345.0817984719818,26.438219688349335,65.87171039343697,7.456318604082618,1,1,1,1427,12,0.08194444444444444,7.456318604082618,0.8307839388145315,ELECTRE-III,1
159,0562,0,0,"[39.06421852385033, -3.969153554062286]","[np.float64(40.96887992103576), np.float64(-2.978396861987505)]",2026-06-13 10:39:00,258.82238089656283,1,3.346234586705335,227.9719034464968,18.18482302458412,63.655928724793135,0.0,2,2,2,646,2,0.08194444444444444,0.3277777777777778,0.09751434034416825,ELECTRE-III,1
160,0692,1,0,"[39.06421852385033, -3.969153554062286]","[np.float64(41.53267235996247), np.float64(-4.669994470976921)]",2026-06-13 10:39:00,562.1112858801055,1,3.2335379674834615,280.83829101723626,22.031511537999908,62.28847704163239,9.710917415608993,3,3,3,813,5,0.08194444444444444,9.628972971164549,0.32217973231357555,ELECTRE-III,1
161,0846,0,0,"[39.06421852385033, -3.969153554062286]","[np.float64(37.76131249306622), np.float64(-5.011013629053059)]",2026-06-13 10:39:00,500.72455615461024,1,3.377675339118288,170.962546833039,13.838908374579173,63.95750206721671,15.958158128693167,4,4,3,1123,13,0.08194444444444444,16.040102573137613,0.9369024856596558,ELECTRE-III,1
162,0863,0,0,"[39.06421852385033, -3.969153554062286]","[np.float64(37.3569628721152), np.float64(-6.357247410893716)]",2026-06-13 10:39:00,797.4194494303996,2,4.2320746468758195,282.0666695927152,22.118601160684662,63.16759068970473,5.83085872292998,2,2,2,581,13,0.08194444444444444,5.421136500707758,0.9369024856596558,ELECTRE-III,1
163,0993,0,0,"[39.06421852385033, -3.969153554062286]","[np.float64(36.78983297350138), np.float64(-4.481296075919123)]",2026-06-13 10:39:00,424.45086869103005,1,6.230044844724517,256.85738479242946,20.310092991039422,64.76350537041323,1.7109174156089928,1,1,1,893,9,0.08194444444444444,1.9567507489423261,0.6701720841300192,ELECTRE-III,1
164,0518,0,0,"[38.466194480880695, -4.152857041318479]","[np.float64(38.95097140340685), np.float64(-1.854129262952509)]",2026-06-13 10:39:10,381.4550443026262,1,6.724554436029099,206.60862216300484,16.578634182118364,65.53241391622743,9.459997653303718,3,3,3,1076,9,0.08217592592592593,9.377821727377793,0.6701720841300192,ELECTRE-III,1
165,0533,0,0,"[38.466194480880695, -4.152857041318479]","[np.float64(38.49767913185075), np.float64(-8.74174169186016)]",2026-06-13 10:39:10,975.5090088570296,2,2.5797288172225596,399.40884085139055,29.921161180156638,61.01735834652551,5.209077890998443,1,1,1,868,10,0.08217592592592593,5.784309372479925,0.6902485659655831,ELECTRE-III,1
166,0536,1,0,"[38.466194480880695, -4.152857041318479]","[np.float64(40.11362793536901), np.float64(-0.1788855911624436)]",2026-06-13 10:39:10,768.3689924852562,1,5.888662453257749,387.91393148047354,29.20317313071298,65.89670888579921,14.456318604082618,1,1,1,1427,12,0.08217592592592593,13.716735270749284,0.8307839388145315,ELECTRE-III,1
167,0562,0,0,"[38.466194480880695, -4.152857041318479]","[np.float64(40.96887992103576), np.float64(-2.978396861987505)]",2026-06-13 10:39:10,258.82238089656283,1,3.346234586705335,295.8532152950217,23.088622457115964,63.68161706626155,1.2090778909984428,2,2,2,646,2,0.08217592592592593,0.7160223354428872,0.09751434034416825,ELECTRE-III,1
168,0692,1,0,"[38.466194480880695, -4.152857041318479]","[np.float64(41.53267235996247), np.float64(-4.669994470976921)]",2026-06-13 10:39:10,562.1112858801055,1,3.2335379674834615,343.80878252751876,26.353893378684774,62.314445420856785,6.710917415608993,3,3,3,813,5,0.08217592592592593,7.3683248230164,0.32217973231357555,ELECTRE-III,1
169,0846,0,0,"[38.466194480880695, -4.152857041318479]","[np.float64(37.76131249306622), np.float64(-5.011013629053059)]",2026-06-13 10:39:10,500.72455615461024,1,3.377675339118288,108.53435415873366,8.888464577342356,63.986919691971956,13.958158128693167,4,4,3,1123,13,0.08217592592592593,14.369037758322797,0.9369024856596558,ELECTRE-III,1
170,0863,0,0,"[38.466194480880695, -4.152857041318479]","[np.float64(37.3569628721152), np.float64(-6.357247410893716)]",2026-06-13 10:39:10,797.4194494303996,2,4.2320746468758195,229.36178202327642,18.28833223939044,63.19778012583619,5.83085872292998,2,2,2,581,13,0.08217592592592593,6.570442056263313,0.9369024856596558,ELECTRE-III,1
171,0993,0,0,"[38.466194480880695, -4.152857041318479]","[np.float64(36.78983297350138), np.float64(-4.481296075919123)]",2026-06-13 10:39:10,424.45086869103005,1,6.230044844724517,188.63344706221943,15.205982918190312,64.79358552351798,0.0,1,1,1,893,9,0.08217592592592593,0.0,0.6701720841300192,ELECTRE-III,1
172,0518,0,0,"[37.8680030982764, -4.33422204255759]","[np.float64(38.95097140340685), np.float64(-1.854129262952509)]",2026-06-13 10:39:20,381.4550443026262,1,6.724554436029099,247.36804926689098,19.618004862375937,65.55941365401648,10.459997653303718,3,3,3,1076,9,0.0824074074074074,10.624812468118533,0.6701720841300192,ELECTRE-III,1
173,0533,0,0,"[37.8680030982764, -4.33422204255759]","[np.float64(38.49767913185075), np.float64(-8.74174169186016)]",2026-06-13 10:39:20,975.5090088570296,2,2.5797288172225596,391.5048579783671,29.428563583773826,61.04728823546851,0.20907789099844276,1,1,1,868,10,0.0824074074074074,0.0,0.6902485659655831,ELECTRE-III,1
174,0562,0,0,"[37.8680030982764, -4.33422204255759]","[np.float64(40.96887992103576), np.float64(-2.978396861987505)]",2026-06-13 10:39:20,258.82238089656283,1,3.346234586705335,363.92713945941847,27.672098308475434,63.70729174735163,2.2090778909984428,2,2,2,646,2,0.0824074074074074,2.8683371502577018,0.09751434034416825,ELECTRE-III,1
175,0692,1,0,"[37.8680030982764, -4.33422204255759]","[np.float64(41.53267235996247), np.float64(-4.669994470976921)]",2026-06-13 10:39:20,562.1112858801055,1,3.2335379674834615,408.5034287373309,30.481988294380645,62.34039330951366,6.710917415608993,3,3,3,813,5,0.0824074074074074,6.381287785979363,0.32217973231357555,ELECTRE-III,1
176,0846,0,0,"[37.8680030982764, -4.33422204255759]","[np.float64(37.76131249306622), np.float64(-5.011013629053059)]",2026-06-13 10:39:20,500.72455615461024,1,3.377675339118288,60.62397702875783,4.992367532224644,64.01632365634886,15.958158128693167,4,4,3,1123,13,0.0824074074074074,16.617417387952425,0.9369024856596558,ELECTRE-III,1
177,0863,0,0,"[37.8680030982764, -4.33422204255759]","[np.float64(37.3569628721152), np.float64(-6.357247410893716)]",2026-06-13 10:39:20,797.4194494303996,2,4.2320746468758195,187.03237084314648,15.08282197824183,63.227962731778476,11.83085872292998,2,2,2,581,13,0.0824074074074074,11.17159946367072,0.9369024856596558,ELECTRE-III,1
178,0993,0,0,"[37.8680030982764, -4.33422204255759]","[np.float64(36.78983297350138), np.float64(-4.481296075919123)]",2026-06-13 10:39:20,424.45086869103005,1,6.230044844724517,120.5903714990871,9.857370058456944,64.82365884643353,0.0,1,1,1,893,9,0.0824074074074074,0.7416666666666666,0.6701720841300192,ELECTRE-III,1
179,0518,0,0,"[37.26966145151035, -4.513335642691535]","[np.float64(38.95097140340685), np.float64(-1.854129262952509)]",2026-06-13 10:39:30,381.4550443026262,1,6.724554436029099,298.43904272196727,23.26903161220033,65.58639290123803,9.459997653303718,3,3,3,1076,9,0.08263888888888889,9.29471987552594,0.6701720841300192,ELECTRE-III,1
180,0533,0,0,"[37.26966145151035, -4.513335642691535]","[np.float64(38.49767913185075), np.float64(-8.74174169186016)]",2026-06-13 10:39:30,975.5090088570296,2,2.5797288172225596,395.3692108209728,29.67000351426954,61.077204464033166,3.2090778909984428,1,1,1,868,10,0.08263888888888889,2.382689002109554,0.6902485659655831,ELECTRE-III,1
181,0846,0,0,"[37.26966145151035, -4.513335642691535]","[np.float64(37.76131249306622), np.float64(-5.011013629053059)]",2026-06-13 10:39:30,500.72455615461024,1,3.377675339118288,70.11000736509797,5.768624197625896,64.04571396034743,8.958158128693167,4,4,3,1123,13,0.08263888888888889,9.123435906470945,0.9369024856596558,ELECTRE-III,1
182,0863,0,0,"[37.26966145151035, -4.513335642691535]","[np.float64(37.3569628721152), np.float64(-6.357247410893716)]",2026-06-13 10:39:30,797.4194494303996,2,4.2320746468758195,163.35623738848125,13.245379309452133,63.258131677342426,13.83085872292998,2,2,2,581,13,0.08263888888888889,14.326692056263314,0.9369024856596558,ELECTRE-III,1
183,0993,0,0,"[37.26966145151035, -4.513335642691535]","[np.float64(36.78983297350138), np.float64(-4.481296075919123)]",2026-06-13 10:39:30,424.45086869103005,1,6.230044844724517,53.43031819849986,4.402456308644528,64.85371850897076,3.710917415608993,1,1,1,893,9,0.08263888888888889,2.884528526720104,0.6701720841300192,ELECTRE-III,1
184,0518,0,0,"[36.671166125487986, -4.690280230877178]","[np.float64(38.95097140340685), np.float64(-1.854129262952509)]",2026-06-13 10:39:40,381.4550443026262,1,6.724554436029099,355.4042313064984,27.117432611551116,65.61335165789207,7.459997653303718,3,3,3,1076,9,0.08287037037037037,7.045645801451866,0.6701720841300192,ELECTRE-III,1
185,0603,0,0,"[36.671166125487986, -4.690280230877178]","[np.float64(33.40296446410138), np.float64(-6.005855237891437)]",2026-06-13 10:39:40,258.1845531273097,1,5.603590293630021,382.62479622242483,28.869378821983798,64.96390312066141,13.958158128693167,4,4,3,766,12,0.08287037037037037,14.041028499063538,0.8307839388145315,ELECTRE-III,1
186,0846,0,0,"[36.671166125487986, -4.690280230877178]","[np.float64(37.76131249306622), np.float64(-5.011013629053059)]",2026-06-13 10:39:40,500.72455615461024,1,3.377675339118288,124.5013777503436,10.17049390279718,64.07508377377847,10.958158128693167,4,4,3,1123,13,0.08287037037037037,11.372509980545018,0.9369024856596558,ELECTRE-III,1
187,0863,0,0,"[36.671166125487986, -4.690280230877178]","[np.float64(37.3569628721152), np.float64(-6.357247410893716)]",2026-06-13 10:39:40,797.4194494303996,2,4.2320746468758195,166.49273872886556,13.490482591248284,63.28828696252803,10.83085872292998,2,2,2,581,13,0.08287037037037037,10.83085872292998,0.9369024856596558,ELECTRE-III,1
188,0993,0,0,"[36.671166125487986, -4.690280230877178]","[np.float64(36.78983297350138), np.float64(-4.481296075919123)]",2026-06-13 10:39:40,424.45086869103005,1,6.230044844724517,22.82489187872206,1.8837157767272779,64.88375768094048,0.0,1,1,1,893,9,0.08287037037037037,0.0,0.6701720841300192,ELECTRE-III,1
189,0603,0,0,"[36.07252395039846, -4.865134781176796]","[np.float64(33.40296446410138), np.float64(-6.005855237891437)]",2026-06-13 10:39:50,258.1845531273097,1,5.603590293630021,314.6031965045656,24.38567688288999,64.99711833059519,6.958158128693167,4,4,3,766,12,0.08310185185185186,7.622972943507982,0.8307839388145315,ELECTRE-III,1
190,0846,0,0,"[36.07252395039846, -4.865134781176796]","[np.float64(37.76131249306622), np.float64(-5.011013629053059)]",2026-06-13 10:39:50,500.72455615461024,1,3.377675339118288,188.23219005620564,15.175130150170311,64.10444675702037,9.958158128693167,4,4,3,1123,13,0.08310185185185186,10.53987109165613,0.9369024856596558,ELECTRE-III,1
191,0863,0,0,"[36.07252395039846, -4.865134781176796]","[np.float64(37.3569628721152), np.float64(-6.357247410893716)]",2026-06-13 10:39:50,797.4194494303996,2,4.2320746468758195,195.1552548920002,15.706170824551386,63.3184285873353,13.83085872292998,2,2,2,581,13,0.08310185185185186,14.329469834041092,0.9369024856596558,ELECTRE-III,1
192,0993,0,0,"[36.07252395039846, -4.865134781176796]","[np.float64(36.78983297350138), np.float64(-4.481296075919123)]",2026-06-13 10:39:50,424.45086869103005,1,6.230044844724517,86.8391569374125,7.1322636791534775,64.91378319253185,0.0,1,1,1,893,9,0.08310185185185186,0.0,0.6701720841300192,ELECTRE-III,1
193,0603,0,0,"[35.473748586620125, -5.037975279444908]","[np.float64(33.40296446410138), np.float64(-6.005855237891437)]",2026-06-13 10:40:00,258.1845531273097,1,5.603590293630021,246.77216120602768,19.5743429002951,65.03031988015061,10.958158128693167,4,4,3,766,12,0.08333333333333333,10.958158128693167,0.8307839388145315,ELECTRE-III,1
194,0846,0,0,"[35.473748586620125, -5.037975279444908]","[np.float64(37.76131249306622), np.float64(-5.011013629053059)]",2026-06-13 10:40:00,500.72455615461024,1,3.377675339118288,254.37723764445,20.12979499435215,64.13378924969474,15.958158128693167,4,4,3,1123,13,0.08333333333333333,16.374824795359835,0.9369024856596558,ELECTRE-III,1
195,0863,0,0,"[35.473748586620125, -5.037975279444908]","[np.float64(37.3569628721152), np.float64(-6.357247410893716)]",2026-06-13 10:40:00,797.4194494303996,2,4.2320746468758195,240.3805745279086,19.1045356385788,63.34856338195339,12.83085872292998,2,2,2,581,13,0.08333333333333333,12.414192056263314,0.9369024856596558,ELECTRE-III,1
196,0993,0,0,"[35.473748586620125, -5.037975279444908]","[np.float64(36.78983297350138), np.float64(-4.481296075919123)]",2026-06-13 10:40:00,424.45086869103005,1,6.230044844724517,154.64525215374138,12.562084715331892,64.94380187393406,2.710917415608993,1,1,1,893,9,0.08333333333333333,2.460917415608993,0.6701720841300192,ELECTRE-III,1
197,0603,0,0,"[34.874836619058385, -5.20887515021509]","[np.float64(33.40296446410138), np.float64(-6.005855237891437)]",2026-06-13 10:40:10,258.1845531273097,1,5.603590293630021,179.34766739210176,14.489712505745361,65.06352142970604,13.958158128693167,4,4,3,766,12,0.08356481481481481,13.373204424989463,0.8307839388145315,ELECTRE-III,1
198,0846,0,0,"[34.874836619058385, -5.20887515021509]","[np.float64(37.76131249306622), np.float64(-5.011013629053059)]",2026-06-13 10:40:10,500.72455615461024,1,3.377675339118288,321.4508378661415,24.852895003954966,64.16311808199077,15.958158128693167,4,4,3,1123,13,0.08356481481481481,15.707463684248722,0.9369024856596558,ELECTRE-III,1
199,0863,0,0,"[34.874836619058385, -5.20887515021509]","[np.float64(37.3569628721152), np.float64(-6.357247410893716)]",2026-06-13 10:40:10,797.4194494303996,2,4.2320746468758195,294.639513407726,23.00377680193976,63.37867768600398,14.83085872292998,2,2,2,581,13,0.08356481481481481,15.415812426633684,0.9369024856596558,ELECTRE-III,1
200,0993,0,0,"[34.874836619058385, -5.20887515021509]","[np.float64(36.78983297350138), np.float64(-4.481296075919123)]",2026-06-13 10:40:10,424.45086869103005,1,6.230044844724517,222.80887503438996,17.79924043981621,64.97380006476875,0.0,1,1,1,893,9,0.08356481481481481,0.0,0.6701720841300192,ELECTRE-III,1
201,0603,0,0,"[34.275798292997, -5.377903976039511]","[np.float64(33.40296446410138), np.float64(-6.005855237891437)]",2026-06-13 10:40:20,258.1845531273097,1,5.603590293630021,113.06242628195207,9.25300379619943,65.09670931888314,7.958158128693167,4,4,3,766,12,0.0837962962962963,8.460935906470946,0.8307839388145315,ELECTRE-III,1
202,0846,0,0,"[34.275798292997, -5.377903976039511]","[np.float64(37.76131249306622), np.float64(-5.011013629053059)]",2026-06-13 10:40:20,500.72455615461024,1,3.377675339118288,388.9730520978665,29.269754124903155,64.19243325390846,14.958158128693167,4,4,3,1123,13,0.0837962962962963,14.120195165730204,0.9369024856596558,ELECTRE-III,1
203,0863,0,0,"[34.275798292997, -5.377903976039511]","[np.float64(37.3569628721152), np.float64(-6.357247410893716)]",2026-06-13 10:40:20,797.4194494303996,2,4.2320746468758195,353.8004712794268,27.012439256849763,63.408785159865396,9.83085872292998,2,2,2,581,13,0.0837962962962963,10.585025389596646,0.9369024856596558,ELECTRE-III,1
204,0993,0,0,"[34.275798292997, -5.377903976039511]","[np.float64(36.78983297350138), np.float64(-4.481296075919123)]",2026-06-13 10:40:20,424.45086869103005,1,6.230044844724517,291.07914627567243,22.754268353998697,65.00378459522511,0.0,1,1,1,893,9,0.0837962962962963,0.0,0.6701720841300192,ELECTRE-III,1
205,0996,0,0,"[34.275798292997, -5.377903976039511]","[np.float64(31.61402405519459), np.float64(-7.961106265620023)]",2026-06-13 10:40:20,51.925786705207294,1,4.7918928469106055,381.68083757131484,28.80957912124692,63.951115840342744,0.0,3,3,3,864,14,0.0837962962962963,0.6703703703703704,1.0,ELECTRE-III,1
206,0603,0,0,"[33.67663360843598, -5.545128778149403]","[np.float64(33.40296446410138), np.float64(-6.005855237891437)]",2026-06-13 10:40:30,258.1845531273097,1,5.603590293630021,52.434419354482856,4.320711684071389,65.12989037787106,8.958158128693167,4,4,3,766,12,0.08402777777777778,9.294269239804278,0.8307839388145315,ELECTRE-III,1
207,0993,0,0,"[33.67663360843598, -5.545128778149403]","[np.float64(36.78983297350138), np.float64(-4.481296075919123)]",2026-06-13 10:40:30,424.45086869103005,1,6.230044844724517,359.39607704778274,27.377912388017737,65.03375546530313,3.710917415608993,1,1,1,893,9,0.08402777777777778,2.9546674156089927,0.6701720841300192,ELECTRE-III,1
208,0996,0,0,"[33.67663360843598, -5.545128778149403]","[np.float64(31.61402405519459), np.float64(-7.961106265620023)]",2026-06-13 10:40:30,51.925786705207294,1,4.7918928469106055,322.1132216834156,24.897904336778495,63.98583369189392,6.710917415608993,3,3,3,864,14,0.08402777777777778,7.299111860053437,1.0,ELECTRE-III,1
209,0603,0,0,"[33.07735281065906, -5.710614443341879]","[np.float64(33.40296446410138), np.float64(-6.005855237891437)]",2026-06-13 10:40:40,258.1845531273097,1,5.603590293630021,45.44040269357794,3.7461560076932603,65.1630646066698,8.958158128693167,4,4,3,766,12,0.08425925925925926,8.115565536100576,0.8307839388145315,ELECTRE-III,1
210,0996,0,0,"[33.07735281065906, -5.710614443341879]","[np.float64(31.61402405519459), np.float64(-7.961106265620023)]",2026-06-13 10:40:40,51.925786705207294,1,4.7918928469106055,266.7683125869589,21.02637958231579,64.02054471325593,2.710917415608993,3,3,3,864,14,0.08425925925925926,1.8683248230164002,1.0,ELECTRE-III,1
211,0520,0,0,"[32.47795931476083, -5.8744228702062955]","[np.float64(30.7477137956541), np.float64(-9.500422258138515)]",2026-06-13 10:40:50,253.0213557655655,1,3.9394014624071256,393.5532033851413,29.556685315983703,62.91714131321871,8.954479079472067,3,3,3,1418,2,0.08449074074074074,9.292442042435031,0.09751434034416825,ELECTRE-III,1
212,0603,0,0,"[32.47795931476083, -5.8744228702062955]","[np.float64(33.40296446410138), np.float64(-6.005855237891437)]",2026-06-13 10:40:50,258.1845531273097,1,5.603590293630021,103.58468916148988,8.489153824059256,65.19622517509022,4.958158128693167,4,4,3,766,12,0.08449074074074074,4.958158128693167,0.8307839388145315,ELECTRE-III,1
213,0996,0,0,"[32.47795931476083, -5.8744228702062955]","[np.float64(31.61402405519459), np.float64(-7.961106265620023)]",2026-06-13 10:40:50,51.925786705207294,1,4.7918928469106055,218.87438700787388,17.504282293798386,64.05524890442877,1.7109174156089928,3,3,3,864,14,0.08449074074074074,2.2178618600534374,1.0,ELECTRE-III,1
214,0520,0,0,"[31.8784531207413, -6.036613396011065]","[np.float64(30.7477137956541), np.float64(-9.500422258138515)]",2026-06-13 10:41:00,253.0213557655655,1,3.9394014624071256,352.23640546609107,26.9098552625391,62.952501202551865,7.954479079472067,3,3,3,1418,2,0.08472222222222223,7.191979079472067,0.09751434034416825,ELECTRE-III,1
215,0603,0,0,"[31.8784531207413, -6.036613396011065]","[np.float64(33.40296446410138), np.float64(-6.005855237891437)]",2026-06-13 10:41:00,258.1845531273097,1,5.603590293630021,169.54262625988807,13.728336016863553,65.22938574351063,12.958158128693167,4,4,3,766,12,0.08472222222222223,12.28038035091539,0.8307839388145315,ELECTRE-III,1
216,0996,0,0,"[31.8784531207413, -6.036613396011065]","[np.float64(31.61402405519459), np.float64(-7.961106265620023)]",2026-06-13 10:41:00,51.925786705207294,1,4.7918928469106055,184.33522910165118,14.875024888396023,64.0899530956016,0.0,3,3,3,864,14,0.08472222222222223,0.42361111111111116,1.0,ELECTRE-III,1
217,0520,0,0,"[31.278844473884224, -6.1972440773641315]","[np.float64(30.7477137956541), np.float64(-9.500422258138515)]",2026-06-13 10:41:10,253.0213557655655,1,3.9394014624071256,320.26982397082384,24.772563172217286,62.98785426169585,13.954479079472067,3,3,3,1418,2,0.0849537037037037,13.529710560953548,0.09751434034416825,ELECTRE-III,1
218,0603,0,0,"[31.278844473884224, -6.1972440773641315]","[np.float64(33.40296446410138), np.float64(-6.005855237891437)]",2026-06-13 10:41:10,258.1845531273097,1,5.603590293630021,236.87492330654436,18.84571389823712,65.2625326515527,4.958158128693167,4,4,3,766,12,0.0849537037037037,4.448435906470945,0.8307839388145315,ELECTRE-III,1
219,0996,0,0,"[31.278844473884224, -6.1972440773641315]","[np.float64(31.61402405519459), np.float64(-7.961106265620023)]",2026-06-13 10:41:10,51.925786705207294,1,4.7918928469106055,171.42474515091644,13.874878153901678,64.12465045658526,1.7109174156089928,3,3,3,864,14,0.0849537037037037,1.2861488970904742,1.0,ELECTRE-III,1
220,0520,0,0,"[30.679133374189593, -6.356370409552504]","[np.float64(30.7477137956541), np.float64(-9.500422258138515)]",2026-06-13 10:41:20,253.0213557655655,1,3.9394014624071256,300.6520524346366,23.423042983450603,63.02320732083984,9.954479079472067,3,3,3,1418,2,0.08518518518518518,9.443367968360956,0.09751434034416825,ELECTRE-III,1
221,0603,0,0,"[30.679133374189593, -6.356370409552504]","[np.float64(33.40296446410138), np.float64(-6.005855237891437)]",2026-06-13 10:41:20,258.1845531273097,1,5.603590293630021,304.6725042441094,23.701924520711557,65.29567272940561,8.958158128693167,4,4,3,766,12,0.08518518518518518,8.447047017582056,0.8307839388145315,ELECTRE-III,1
222,0996,0,0,"[30.679133374189593, -6.356370409552504]","[np.float64(31.61402405519459), np.float64(-7.961106265620023)]",2026-06-13 10:41:20,51.925786705207294,1,4.7918928469106055,184.73616456027196,14.905939823353307,64.15934098737975,6.710917415608993,3,3,3,864,14,0.08518518518518518,6.625732230423807,1.0,ELECTRE-III,1
223,0520,0,0,"[30.079326651846582, -6.514044899655425]","[np.float64(30.7477137956541), np.float64(-9.500422258138515)]",2026-06-13 10:41:30,253.0213557655655,1,3.9394014624071256,295.85137787275795,23.088494090169444,63.058560379983824,9.954479079472067,3,3,3,1418,2,0.08541666666666667,10.466979079472067,0.09751434034416825,ELECTRE-III,1
224,0603,0,0,"[30.079326651846582, -6.514044899655425]","[np.float64(33.40296446410138), np.float64(-6.005855237891437)]",2026-06-13 10:41:30,258.1845531273097,1,5.603590293630021,372.6816708487782,28.236033696456214,65.32879914688017,8.958158128693167,4,4,3,766,12,0.08541666666666667,9.214408128693167,0.8307839388145315,ELECTRE-III,1
225,0996,0,0,"[30.079326651846582, -6.514044899655425]","[np.float64(31.61402405519459), np.float64(-7.961106265620023)]",2026-06-13 10:41:30,51.925786705207294,1,4.7918928469106055,219.5518972877213,17.555142236748566,64.19403151817426,5.710917415608993,3,3,3,864,14,0.08541666666666667,5.967167415608992,1.0,ELECTRE-III,1
226,0520,0,0,"[29.47942772194978, -6.67032005475214]","[np.float64(30.7477137956541), np.float64(-9.500422258138515)]",2026-06-13 10:41:40,253.0213557655655,1,3.9394014624071256,306.5657728977956,23.832841785880184,63.09390660893864,7.954479079472067,3,3,3,1418,2,0.08564814814814815,8.639664264657252,0.09751434034416825,ELECTRE-III,1
227,0996,0,0,"[29.47942772194978, -6.67032005475214]","[np.float64(31.61402405519459), np.float64(-7.961106265620023)]",2026-06-13 10:41:40,51.925786705207294,1,4.7918928469106055,267.60729626077983,21.086703643589196,64.22871521877957,0.7109174156089928,3,3,3,864,14,0.08564814814814815,0.0,1.0,ELECTRE-III,1
228,0520,0,0,"[28.879436584499178, -6.825244539940485]","[np.float64(30.7477137956541), np.float64(-9.500422258138515)]",2026-06-13 10:41:50,253.0213557655655,1,3.9394014624071256,331.29473408137295,25.518406479030073,63.12924600770428,7.954479079472067,3,3,3,1418,2,0.08587962962962963,7.6968401905831785,0.09751434034416825,ELECTRE-III,1
229,0996,0,0,"[28.879436584499178, -6.825244539940485]","[np.float64(31.61402405519459), np.float64(-7.961106265620023)]",2026-06-13 10:41:50,51.925786705207294,1,4.7918928469106055,323.04811635728515,24.96137510929452,64.26339208919573,0.0,3,3,3,864,14,0.08587962962962963,0.0,1.0,ELECTRE-III,1
230,0520,0,0,"[28.279360069683953, -6.978866593431473]","[np.float64(30.7477137956541), np.float64(-9.500422258138515)]",2026-06-13 10:42:00,253.0213557655655,1,3.9394014624071256,367.21867661682006,27.88481829650886,63.16458540646993,13.954479079472067,3,3,3,1418,2,0.08611111111111111,13.179479079472067,0.09751434034416825,ELECTRE-III,1
231,0996,0,0,"[28.279360069683953, -6.978866593431473]","[np.float64(31.61402405519459), np.float64(-7.961106265620023)]",2026-06-13 10:42:00,51.925786705207294,1,4.7918928469106055,382.6782380924836,28.872762303986633,64.29806212942272,2.710917415608993,3,3,3,864,14,0.08611111111111111,2.0220285267201037,1.0,ELECTRE-III,1
232,0290,0,0,"[19.269999044978633, -9.155109577630576]","[np.float64(16.51776549961032), np.float64(-7.265073856058398)]",2026-06-13 10:44:30,663.2863241561815,1,3.1515308485448923,365.57556495186645,27.77873401226993,64.55311505340933,7.83085872292998,2,2,2,1379,14,0.08958333333333333,7.9204420562633135,1.0,ELECTRE-III,1
233,0290,0,0,"[18.66894922820668, -9.293290280955457]","[np.float64(16.51776549961032), np.float64(-7.265073856058398)]",2026-06-13 10:44:40,663.2863241561815,1,3.1515308485448923,321.59838390215396,24.862923673782966,64.5907493957361,6.83085872292998,2,2,2,1379,14,0.08981481481481482,6.920673537744795,1.0,ELECTRE-III,1
234,0290,0,0,"[18.06785843029971, -9.43078711158969]","[np.float64(16.51776549961032), np.float64(-7.265073856058398)]",2026-06-13 10:44:50,663.2863241561815,1,3.1515308485448923,287.35446197621195,22.4922656487322,64.6283769078737,10.83085872292998,2,2,2,1379,14,0.09004629629629629,11.371136500707758,1.0,ELECTRE-III,1
235,0290,0,0,"[17.466731773899596, -9.56762909783725]","[np.float64(16.51776549961032), np.float64(-7.265073856058398)]",2026-06-13 10:45:00,663.2863241561815,1,3.1515308485448923,266.6202145696848,21.01572605802862,64.6660044200113,12.83085872292998,2,2,2,1379,14,0.09027777777777778,13.19196983404109,1.0,ELECTRE-III,1
236,0290,0,0,"[16.86556925900634, -9.703843560454814]","[np.float64(16.51776549961032), np.float64(-7.265073856058398)]",2026-06-13 10:45:10,663.2863241561815,1,3.1515308485448923,262.6140384038993,20.72696306758182,64.70362510195973,10.83085872292998,2,2,2,1379,14,0.09050925925925926,11.102386500707757,1.0,ELECTRE-III,1
237,0290,0,0,"[16.26437259316723, -9.83945611265177]","[np.float64(16.51776549961032), np.float64(-7.265073856058398)]",2026-06-13 10:45:20,663.2863241561815,1,3.1515308485448923,276.0640331311408,21.69200929985929,64.74124578390816,7.83085872292998,2,2,2,1379,14,0.09074074074074075,7.83085872292998,1.0,ELECTRE-III,1
238,0290,0,0,"[15.663145191476858, -9.974494928958448]","[np.float64(16.51776549961032), np.float64(-7.265073856058398)]",2026-06-13 10:45:30,663.2863241561815,1,3.1515308485448923,304.66622512210995,23.701489888742568,64.77885963566742,8.83085872292998,2,2,2,1379,14,0.09097222222222222,8.466969834041091,1.0,ELECTRE-III,1
239,0290,0,0,"[15.061887053935221, -10.108983061263292]","[np.float64(16.51776549961032), np.float64(-7.265073856058398)]",2026-06-13 10:45:40,663.2863241561815,1,3.1515308485448923,344.66776700342115,26.410807198767113,64.81647348742668,11.83085872292998,2,2,2,1379,14,0.0912037037037037,11.010025389596647,1.0,ELECTRE-III,1
240,0290,0,0,"[14.460601595636904, -10.242947830322983]","[np.float64(16.51776549961032), np.float64(-7.265073856058398)]",2026-06-13 10:45:50,663.2863241561815,1,3.1515308485448923,392.5989099211289,29.49703564142305,64.85408050899677,11.83085872292998,2,2,2,1379,14,0.09143518518518519,12.470905019226276,1.0,ELECTRE-III,1
241,0445,0,0,"[13.257954693185752, -10.509401193807996]","[np.float64(10.22615855566197), np.float64(-9.42958483369425)]",2026-06-13 10:46:10,951.313534184742,2,5.597926550278876,357.02463595607526,27.223315877967572,60.37719886656607,1.0817784852352545,2,2,2,536,5,0.09189814814814815,1.7250655222722915,0.32217973231357555,ELECTRE-III,1
242,0445,0,0,"[12.65659751790115, -10.641938453331154]","[np.float64(10.22615855566197), np.float64(-9.42958483369425)]",2026-06-13 10:46:20,951.313534184742,2,5.597926550278876,300.8183632158237,23.434602708732278,60.41284562384436,2.0817784852352545,2,2,2,536,5,0.09212962962962963,1.252611818568588,0.32217973231357555,ELECTRE-III,1
243,0464,0,0,"[12.65659751790115, -10.641938453331154]","[np.float64(9.919447044330399), np.float64(-13.04980515197564)]",2026-06-13 10:46:20,725.4339921485298,2,6.573602135224682,401.94300255935445,30.078075127909877,57.13956625657496,13.329019198319429,3,3,3,1174,13,0.09212962962962963,12.86837105017128,0.9369024856596558,ELECTRE-III,1
244,0445,0,0,"[12.05521899827539, -10.774046264710249]","[np.float64(10.22615855566197), np.float64(-9.42958483369425)]",2026-06-13 10:46:30,951.313534184742,2,5.597926550278876,250.75385189594317,19.865638745617538,60.44847872074432,0.08177848523525455,2,2,2,536,5,0.09236111111111112,0.451222929679699,0.32217973231357555,ELECTRE-III,1
245,0464,0,0,"[12.05521899827539, -10.774046264710249]","[np.float64(9.919447044330399), np.float64(-13.04980515197564)]",2026-06-13 10:46:30,725.4339921485298,2,6.573602135224682,343.6594045425098,26.343990302712232,57.17583797616231,16.32901919831943,3,3,3,1174,13,0.09236111111111112,16.23665808720832,0.9369024856596558,ELECTRE-III,1
246,0445,0,0,"[11.453821695629413, -10.905748533607373]","[np.float64(10.22615855566197), np.float64(-9.42958483369425)]",2026-06-13 10:46:40,951.313534184742,2,5.597926550278876,211.24289384562425,16.929440012209806,60.484104987455105,2.0817784852352545,2,2,2,536,5,0.09259259259259259,2.63733404079081,0.32217973231357555,ELECTRE-III,1
247,0464,0,0,"[11.453821695629413, -10.905748533607373]","[np.float64(9.919447044330399), np.float64(-13.04980515197564)]",2026-06-13 10:46:40,725.4339921485298,2,6.573602135224682,289.80981119348854,22.665092655262697,57.212099450465914,14.329019198319429,3,3,3,1174,13,0.09259259259259259,13.68087105017128,0.9369024856596558,ELECTRE-III,1
248,0445,0,0,"[10.852407317510512, -11.037066604363684]","[np.float64(10.22615855566197), np.float64(-9.42958483369425)]",2026-06-13 10:46:50,951.313534184742,2,5.597926550278876,189.02190223814114,15.235842748645599,60.519717593787554,9.081778485235255,2,2,2,536,5,0.09282407407407407,9.638722929679698,0.32217973231357555,ELECTRE-III,1
249,0464,0,0,"[10.852407317510512, -11.037066604363684]","[np.float64(9.919447044330399), np.float64(-13.04980515197564)]",2026-06-13 10:46:50,725.4339921485298,2,6.573602135224682,243.35626775018258,19.323597377403022,57.248357509674925,19.32901919831943,3,3,3,1174,13,0.09282407407407407,19.885963642763873,0.9369024856596558,ELECTRE-III,1
250,0445,0,0,"[10.25097757146598, -11.168022675093985]","[np.float64(10.22615855566197), np.float64(-9.42958483369425)]",2026-06-13 10:47:00,951.313534184742,2,5.597926550278876,190.24736144966505,15.329985934479327,60.555323369930825,3.0817784852352545,2,2,2,536,5,0.09305555555555556,2.523445151901921,0.32217973231357555,ELECTRE-III,1
251,0464,0,0,"[10.25097757146598, -11.168022675093985]","[np.float64(9.919447044330399), np.float64(-13.04980515197564)]",2026-06-13 10:47:00,725.4339921485298,2,6.573602135224682,209.28355902027397,16.781279832924017,57.28460532360018,11.329019198319429,3,3,3,1174,13,0.09305555555555556,10.86374142054165,0.9369024856596558,ELECTRE-III,1
252,0445,0,0,"[9.649533311269458, -11.298639797686723]","[np.float64(10.22615855566197), np.float64(-9.42958483369425)]",2026-06-13 10:47:10,951.313534184742,2,5.597926550278876,214.51653695879358,17.176464742083503,60.59092231588493,4.0817784852352545,2,2,2,536,5,0.09328703703703704,3.242195151901921,0.32217973231357555,ELECTRE-III,1
253,0464,0,0,"[9.649533311269458, -11.298639797686723]","[np.float64(9.919447044330399), np.float64(-13.04980515197564)]",2026-06-13 10:47:10,725.4339921485298,2,6.573602135224682,194.2211251186099,15.634676641240771,57.32084630733627,12.329019198319429,3,3,3,1174,13,0.09328703703703704,12.702167346467578,0.9369024856596558,ELECTRE-III,1
254,0445,0,0,"[9.048077952015536, -11.428937608935765]","[np.float64(10.22615855566197), np.float64(-9.42958483369425)]",2026-06-13 10:47:20,951.313534184742,2,5.597926550278876,255.3397754279712,20.199817731360447,60.6265076014607,8.081778485235255,2,2,2,536,5,0.09351851851851851,8.549371077827846,0.32217973231357555,ELECTRE-III,1
255,0464,0,0,"[9.048077952015536, -11.428937608935765]","[np.float64(9.919447044330399), np.float64(-13.04980515197564)]",2026-06-13 10:47:20,725.4339921485298,2,6.573602135224682,202.45790499523267,16.26334232398314,57.35708046088319,15.329019198319429,3,3,3,1174,13,0.09351851851851851,15.79661179091202,0.9369024856596558,ELECTRE-III,1
256,0445,0,0,"[8.446611493704214, -11.55893830695591]","[np.float64(10.22615855566197), np.float64(-9.42958483369425)]",2026-06-13 10:47:30,951.313534184742,2,5.597926550278876,306.16438935737057,23.80510860532384,60.66207922665813,7.0817784852352545,2,2,2,536,5,0.09375,6.4255284852352545,0.32217973231357555,ELECTRE-III,1
257,0464,0,0,"[8.446611493704214, -11.55893830695591]","[np.float64(9.919447044330399), np.float64(-13.04980515197564)]",2026-06-13 10:47:30,725.4339921485298,2,6.573602135224682,231.52055865311596,18.448859078083544,57.39330095405177,17.32901919831943,3,3,3,1174,13,0.09375,16.67276919831943,0.9369024856596558,ELECTRE-III,1
258,0843,0,0,"[8.446611493704214, -11.55893830695591]","[np.float64(5.615831434716668), np.float64(-10.0931941724835)]",2026-06-13 10:47:30,683.3597043375014,1,2.5752180482493103,353.89182691374265,27.018425316275824,57.609565233741876,4.0854575344563555,3,3,3,1016,2,0.09375,3.3354575344563555,0.09751434034416825,ELECTRE-III,1
259,0445,0,0,"[7.845135643882782, -11.688663236088315]","[np.float64(10.22615855566197), np.float64(-9.42958483369425)]",2026-06-13 10:47:40,951.313534184742,2,5.597926550278876,362.8104178923446,27.599739722239477,60.697644021666385,2.0817784852352545,2,2,2,536,5,0.09398148148148149,2.739648855605625,0.32217973231357555,ELECTRE-III,1
260,0464,0,0,"[7.845135643882782, -11.688663236088315]","[np.float64(9.919447044330399), np.float64(-13.04980515197564)]",2026-06-13 10:47:40,725.4339921485298,2,6.573602135224682,274.88114759682696,21.60764408120243,57.429521447220345,19.32901919831943,3,3,3,1174,13,0.09398148148148149,20.080871050171282,0.9369024856596558,ELECTRE-III,1
261,0843,0,0,"[7.845135643882782, -11.688663236088315]","[np.float64(5.615831434716668), np.float64(-10.0931941724835)]",2026-06-13 10:47:40,683.3597043375014,1,2.5752180482493103,304.1144321109545,23.663284252476164,57.64318342483668,0.0,3,3,3,1016,2,0.09398148148148149,0.0,0.09751434034416825,ELECTRE-III,1
262,0464,0,0,"[7.243652110098534, -11.8181311793532]","[np.float64(9.919447044330399), np.float64(-13.04980515197564)]",2026-06-13 10:47:50,725.4339921485298,2,6.573602135224682,326.89903179378933,25.222126942476496,57.46572828001058,11.329019198319429,3,3,3,1174,13,0.09421296296296296,11.234806235356466,0.9369024856596558,ELECTRE-III,1
263,0843,0,0,"[7.243652110098534, -11.8181311793532]","[np.float64(5.615831434716668), np.float64(-10.0931941724835)]",2026-06-13 10:47:50,683.3597043375014,1,2.5752180482493103,262.84613938587717,20.743723032450724,57.676787955553145,2.0854575344563555,3,3,3,1016,2,0.09421296296296296,1.6143927196415406,0.09751434034416825,ELECTRE-III,1
264,0464,0,0,"[6.642163026785585, -11.947363481091719]","[np.float64(9.919447044330399), np.float64(-13.04980515197564)]",2026-06-13 10:48:00,725.4339921485298,2,6.573602135224682,384.0725765339539,28.960962011222783,57.501935112800815,10.329019198319429,3,3,3,1174,13,0.09444444444444444,9.762352531652763,0.9369024856596558,ELECTRE-III,1
265,0843,0,0,"[6.642163026785585, -11.947363481091719]","[np.float64(5.615831434716668), np.float64(-10.0931941724835)]",2026-06-13 10:48:00,683.3597043375014,1,2.5752180482493103,234.61933315876308,18.678760288681467,57.7103719957021,5.0854575344563555,3,3,3,1016,2,0.09444444444444444,5.1799019789008,0.09751434034416825,ELECTRE-III,1
266,0843,0,0,"[6.0406696746044055, -12.076381485645028]","[np.float64(5.615831434716668), np.float64(-10.0931941724835)]",2026-06-13 10:48:10,683.3597043375014,1,2.5752180482493103,224.40866550380744,17.918895204502018,57.74394920566188,6.0854575344563555,3,3,3,1016,2,0.09467592592592593,6.369485312234133,0.09751434034416825,ELECTRE-III,1
267,0843,0,0,"[5.439172907328641, -12.2052031222597]","[np.float64(5.615831434716668), np.float64(-10.0931941724835)]",2026-06-13 10:48:20,683.3597043375014,1,2.5752180482493103,234.57671013706295,18.675602251687284,57.77751275524332,0.0,3,3,3,1016,2,0.09490740740740741,0.5694444444444444,0.09751434034416825,ELECTRE-III,1
268,0843,0,0,"[4.837674859392407, -12.333848881503243]","[np.float64(5.615831434716668), np.float64(-10.0931941724835)]",2026-06-13 10:48:30,683.3597043375014,1,2.5752180482493103,262.76678694511355,20.737993426392126,57.81105581425725,6.0854575344563555,3,3,3,1016,2,0.09513888888888888,6.275735312234133,0.09751434034416825,ELECTRE-III,1
269,0843,0,0,"[4.236177238342996, -12.46233925394317]","[np.float64(5.615831434716668), np.float64(-10.0931941724835)]",2026-06-13 10:48:40,683.3597043375014,1,2.5752180482493103,304.00472912748296,23.6556858568994,57.844585212892845,5.0854575344563555,3,3,3,1016,2,0.09537037037037037,5.466939015937837,0.09751434034416825,ELECTRE-III,1
270,0843,0,0,"[3.634680897954054, -12.590693022599696]","[np.float64(5.615831434716668), np.float64(-10.0931941724835)]",2026-06-13 10:48:50,683.3597043375014,1,2.5752180482493103,353.75527848643554,27.009477772474483,57.8781009511501,5.0854575344563555,3,3,3,1016,2,0.09560185185185185,5.467864941863763,0.09751434034416825,ELECTRE-III,1
271,0147,0,0,"[-1.3800417495134862, -38.3526494161184]","[np.float64(-3.656058762301151), np.float64(-40.57412831742484)]",2026-06-13 12:29:00,892.8562555158312,2,3.9331665438577237,353.4717300569895,26.9908932786752,47.826425738344156,6.83085872292998,2,2,2,1190,9,0.23472222222222222,6.83085872292998,0.6701720841300192,ELECTRE-III,1
272,0434,1,0,"[-1.3800417495134862, -38.3526494161184]","[np.float64(-4.33049508362691), np.float64(-39.17296921522781)]",2026-06-13 12:29:00,920.9407036163622,1,3.417388971859327,340.4872666192883,26.133292054783336,48.411940289848914,2.205398841777342,3,3,3,1332,14,0.23472222222222222,0.5623432862217863,1.0,ELECTRE-III,1
273,0147,0,0,"[-1.9814549536936241, -38.48065399135361]","[np.float64(-3.656058762301151), np.float64(-40.57412831742484)]",2026-06-13 12:29:10,892.8562555158312,2,3.9331665438577237,297.87042372460337,23.22940168580118,47.85767043870238,0.0,2,2,2,1190,9,0.2349537037037037,0.0,0.6701720841300192,ELECTRE-III,1
274,0434,1,0,"[-1.9814549536936241, -38.48065399135361]","[np.float64(-4.33049508362691), np.float64(-39.17296921522781)]",2026-06-13 12:29:10,920.9407036163622,1,3.417388971859327,272.2751799229302,21.421435121822352,48.44233463165547,2.205398841777342,3,3,3,1332,14,0.2349537037037037,0.32576921214771226,1.0,ELECTRE-III,1
275,0147,0,0,"[-2.5828518294527774, -38.60872003829135]","[np.float64(-3.656058762301151), np.float64(-40.57412831742484)]",2026-06-13 12:29:20,892.8562555158312,2,3.9331665438577237,248.71556663160766,19.71665280609761,47.888901478682264,2.83085872292998,2,2,2,1190,9,0.2351851851851852,3.7715994636707206,0.6701720841300192,ELECTRE-III,1
276,0434,1,0,"[-2.5828518294527774, -38.60872003829135]","[np.float64(-4.33049508362691), np.float64(-39.17296921522781)]",2026-06-13 12:29:20,920.9407036163622,1,3.417388971859327,204.17100358570664,16.393594577915266,48.4727118979891,9.205398841777342,3,3,3,1332,14,0.2351851851851852,9.910954397332898,1.0,ELECTRE-III,1
277,0147,0,0,"[-3.1842307759653594, -38.73686463240455]","[np.float64(-3.656058762301151), np.float64(-40.57412831742484)]",2026-06-13 12:29:30,892.8562555158312,2,3.9331665438577237,210.57089440017447,16.878651198469647,47.92011544318922,8.83085872292998,2,2,2,1190,9,0.23541666666666666,9.53710872292998,0.6701720841300192,ELECTRE-III,1
278,0434,1,0,"[-3.1842307759653594, -38.73686463240455]","[np.float64(-4.33049508362691), np.float64(-39.17296921522781)]",2026-06-13 12:29:30,920.9407036163622,1,3.417388971859327,136.33469264839562,11.114094915368897,48.503072088849805,9.205398841777342,3,3,3,1332,14,0.23541666666666666,7.0866488417773414,1.0,ELECTRE-III,1
278,0434,1,0,"[-3.1842307759653594, -38.73686463240455]","[np.float64(-4.33049508362691), np.float64(-39.17296921522781)]",2026-06-13 12:29:30,920.9407036163622,1,3.417388971859327,136.33469264839562,11.114094915368897,48.503072088849805,9.205398841777342,3,3,3,1332,14,0.23541666666666666,7.0866488417773414,1.0,ELECTRE-III,1
279,0147,0,0,"[-3.785590512570901, -38.865108264260705]","[np.float64(-3.656058762301151), np.float64(-40.57412831742484)]",2026-06-13 12:29:40,892.8562555158312,2,3.9331665438577237,190.1801839202059,15.324827361343438,47.951315747317835,8.83085872292998,2,2,2,1190,9,0.23564814814814813,9.537803167374424,0.6701720841300192,ELECTRE-III,1
280,0434,1,0,"[-3.785590512570901, -38.865108264260705]","[np.float64(-4.33049508362691), np.float64(-39.17296921522781)]",2026-06-13 12:29:40,920.9407036163622,1,3.417388971859327,69.55019043308955,5.722869642516084,48.53341520423759,9.205398841777342,3,3,3,1332,14,0.23564814814814813,11.090584026962526,1.0,ELECTRE-III,1
280,0434,1,0,"[-3.785590512570901, -38.865108264260705]","[np.float64(-4.33049508362691), np.float64(-39.17296921522781)]",2026-06-13 12:29:40,920.9407036163622,1,3.417388971859327,69.55019043308955,5.722869642516084,48.53341520423759,9.205398841777342,3,3,3,1332,14,0.23564814814814813,11.090584026962526,1.0,ELECTRE-III,1
281,0147,0,0,"[-4.386929758608932, -38.99347142442734]","[np.float64(-3.656058762301151), np.float64(-40.57412831742484)]",2026-06-13 12:29:50,892.8562555158312,2,3.9331665438577237,193.24686166201204,15.5600575710165,47.982498975973535,5.83085872292998,2,2,2,1190,9,0.23587962962962963,3.943821685892943,0.6701720841300192,ELECTRE-III,1
282,0434,1,0,"[-4.386929758608932, -38.99347142442734]","[np.float64(-4.33049508362691), np.float64(-39.17296921522781)]",2026-06-13 12:29:50,920.9407036163622,1,3.417388971859327,20.867446795694953,1.7222716199895227,48.563741244152446,8.205398841777342,3,3,3,1332,14,0.23587962962962963,8.91303773066623,1.0,ELECTRE-III,1
282,0434,1,0,"[-4.386929758608932, -38.99347142442734]","[np.float64(-4.33049508362691), np.float64(-39.17296921522781)]",2026-06-13 12:29:50,920.9407036163622,1,3.417388971859327,20.867446795694953,1.7222716199895227,48.563741244152446,8.205398841777342,3,3,3,1332,14,0.23587962962962963,8.91303773066623,1.0,ELECTRE-III,1
283,0147,0,0,"[-4.988246806532161, -39.12197460347196]","[np.float64(-3.656058762301151), np.float64(-40.57412831742484)]",2026-06-13 12:30:00,892.8562555158312,2,3.9331665438577237,218.78608164314207,17.497651208231066,48.0136651291563,0.83085872292998,2,2,2,1190,9,0.2361111111111111,0.0,0.6701720841300192,ELECTRE-III,1
284,0434,1,0,"[-4.988246806532161, -39.12197460347196]","[np.float64(-4.33049508362691), np.float64(-39.17296921522781)]",2026-06-13 12:30:00,920.9407036163622,1,3.417388971859327,73.35678738685172,6.0338403631424455,48.59404679349979,4.205398841777342,3,3,3,1332,14,0.2361111111111111,6.094287730666231,1.0,ELECTRE-III,1
284,0434,1,0,"[-4.988246806532161, -39.12197460347196]","[np.float64(-4.33049508362691), np.float64(-39.17296921522781)]",2026-06-13 12:30:00,920.9407036163622,1,3.417388971859327,73.35678738685172,6.0338403631424455,48.59404679349979,4.205398841777342,3,3,3,1332,14,0.2361111111111111,6.094287730666231,1.0,ELECTRE-III,1
285,0587,0,0,"[-4.988246806532161, -39.12197460347196]","[np.float64(-4.793908467388751), np.float64(-42.76470313767426)]",2026-06-13 12:30:00,509.2443395335207,1,3.076691977283626,404.1559671647215,30.2146948709181,45.61991605149861,14.081778485235255,3,3,3,880,6,0.2361111111111111,12.665111818568588,0.4235181644359465,ELECTRE-III,1
286,0147,0,0,"[-5.589539948793295, -39.250631461772905]","[np.float64(-3.656058762301151), np.float64(-40.57412831742484)]",2026-06-13 12:30:10,892.8562555158312,2,3.9331665438577237,260.26411836047066,20.557067103672722,48.04481420686614,8.83085872292998,2,2,2,1190,9,0.2363425925925926,7.88548835255961,0.6701720841300192,ELECTRE-III,1
287,0434,1,0,"[-5.589539948793295, -39.250631461772905]","[np.float64(-4.33049508362691), np.float64(-39.17296921522781)]",2026-06-13 12:30:10,920.9407036163622,1,3.417388971859327,140.26368694510208,11.426077687894592,48.624335267374214,10.205398841777342,3,3,3,1332,14,0.2363425925925926,11.623454397332898,1.0,ELECTRE-III,1
287,0434,1,0,"[-5.589539948793295, -39.250631461772905]","[np.float64(-4.33049508362691), np.float64(-39.17296921522781)]",2026-06-13 12:30:10,920.9407036163622,1,3.417388971859327,140.26368694510208,11.426077687894592,48.624335267374214,10.205398841777342,3,3,3,1332,14,0.2363425925925926,11.623454397332898,1.0,ELECTRE-III,1
288,0587,0,0,"[-5.589539948793295, -39.250631461772905]","[np.float64(-4.793908467388751), np.float64(-42.76470313767426)]",2026-06-13 12:30:10,509.2443395335207,1,3.076691977283626,399.07081022177425,29.900192994157962,45.65138956319403,12.081778485235255,3,3,3,880,6,0.2363425925925926,12.318121077827847,0.4235181644359465,ELECTRE-III,1
289,0147,0,0,"[-6.1908087585055105, -39.37946590499227]","[np.float64(-3.656058762301151), np.float64(-40.57412831742484)]",2026-06-13 12:30:20,892.8562555158312,2,3.9331665438577237,311.37455976099756,24.164176658547735,48.07594962419765,7.83085872292998,2,2,2,1190,9,0.23657407407407408,9.250303167374424,0.6701720841300192,ELECTRE-III,1
290,0434,1,0,"[-6.1908087585055105, -39.37946590499227]","[np.float64(-4.33049508362691), np.float64(-39.17296921522781)]",2026-06-13 12:30:20,920.9407036163622,1,3.417388971859327,208.11744257837464,16.692990966558565,48.6546100808703,5.205398841777342,3,3,3,1332,14,0.23657407407407408,3.5493803232588235,1.0,ELECTRE-III,1
291,0587,0,0,"[-6.1908087585055105, -39.37946590499227]","[np.float64(-4.793908467388751), np.float64(-42.76470313767426)]",2026-06-13 12:30:20,509.2443395335207,1,3.076691977283626,405.60409116300826,30.303891544916326,45.68284599941652,15.081778485235255,3,3,3,880,6,0.23657407407407408,13.189185892642662,0.4235181644359465,ELECTRE-III,1
292,0147,0,0,"[-6.792050674347869, -39.50850183879215]","[np.float64(-3.656058762301151), np.float64(-40.57412831742484)]",2026-06-13 12:30:30,892.8562555158312,2,3.9331665438577237,368.1263098015099,27.943328913296995,48.10706796605622,7.83085872292998,2,2,2,1190,9,0.23680555555555555,8.304469834041091,0.6701720841300192,ELECTRE-III,1
293,0434,1,0,"[-6.792050674347869, -39.50850183879215]","[np.float64(-4.33049508362691), np.float64(-39.17296921522781)]",2026-06-13 12:30:30,920.9407036163622,1,3.417388971859327,276.21993772834617,21.703121297446938,48.68486440379887,3.205398841777342,3,3,3,1332,14,0.23680555555555555,4.152621063999564,1.0,ELECTRE-III,1
294,0607,0,0,"[-6.792050674347869, -39.50850183879215]","[np.float64(-8.807639740315384), np.float64(-36.61539432253027)]",2026-06-13 12:30:30,664.6943329629897,1,4.818650059032148,389.6207074954077,29.310425923088463,47.21785588329602,9.205398841777342,3,3,3,1466,13,0.23680555555555555,10.152621063999565,0.9369024856596558,ELECTRE-III,1
295,0434,1,0,"[-7.393263988773079, -39.6377495084563]","[np.float64(-4.33049508362691), np.float64(-39.17296921522781)]",2026-06-13 12:30:40,920.9407036163622,1,3.417388971859327,344.4225010935473,26.39456231181998,48.715101651254514,7.205398841777342,3,3,3,1332,14,0.23703703703703705,5.072065508444009,1.0,ELECTRE-III,1
296,0607,0,0,"[-7.393263988773079, -39.6377495084563]","[np.float64(-8.807639740315384), np.float64(-36.61539432253027)]",2026-06-13 12:30:40,664.6943329629897,1,4.818650059032148,368.0069244243426,27.93563634547499,47.24483513051757,13.205398841777342,3,3,3,1466,13,0.23703703703703705,12.494287730666231,0.9369024856596558,ELECTRE-III,1
297,0607,0,0,"[-7.994448701781138, -39.767236234741404]","[np.float64(-8.807639740315384), np.float64(-36.61539432253027)]",2026-06-13 12:30:50,664.6943329629897,1,4.818650059032148,358.3021048596796,27.306648800875376,47.27179047207702,6.205398841777342,3,3,3,1466,13,0.23726851851851852,6.44266736029586,0.9369024856596558,ELECTRE-III,1
298,0607,0,0,"[-8.595602678937933, -39.89697909312038]","[np.float64(-8.807639740315384), np.float64(-36.61539432253027)]",2026-06-13 12:31:00,664.6943329629897,1,4.818650059032148,361.46441814345104,27.512397782721767,47.29872532306897,8.205398841777342,3,3,3,1466,13,0.2375,7.967898841777342,0.9369024856596558,ELECTRE-III,1
299,0117,0,0,"[-9.196723358922524, -40.02700198925533]","[np.float64(-12.18679298318225), np.float64(-38.80341622107851)]",2026-06-13 12:31:10,894.1114093165849,2,7.315178156453961,358.34816078965713,27.309650826539073,43.363371813888136,6.33637729676163,3,3,3,695,2,0.2377314814814815,4.909988407872741,0.09751434034416825,ELECTRE-III,1
300,0607,0,0,"[-9.196723358922524, -40.02700198925533]","[np.float64(-8.807639740315384), np.float64(-36.61539432253027)]",2026-06-13 12:31:10,664.6943329629897,1,4.818650059032148,377.16871905909744,28.522787572928706,47.32563968349341,11.205398841777342,3,3,3,1466,13,0.2377314814814815,13.344982175110676,0.9369024856596558,ELECTRE-III,1
301,0117,0,0,"[-9.797810741734912, -40.157321998619175]","[np.float64(-12.18679298318225), np.float64(-38.80341622107851)]",2026-06-13 12:31:20,894.1114093165849,2,7.315178156453961,303.97903290674327,23.653905923069892,43.389869532773204,7.33637729676163,3,3,3,695,2,0.23796296296296296,5.1947106300949635,0.09751434034416825,ELECTRE-III,1
302,0607,0,0,"[-9.797810741734912, -40.157321998619175]","[np.float64(-8.807639740315384), np.float64(-36.61539432253027)]",2026-06-13 12:31:20,664.6943329629897,1,4.818650059032148,403.9526311408319,30.20215748975089,47.352530138255744,13.205398841777342,3,3,3,1466,13,0.23796296296296296,13.681324767703268,0.9369024856596558,ELECTRE-III,1
303,0117,0,0,"[-10.398861412280509, -40.28796302687401]","[np.float64(-12.18679298318225), np.float64(-38.80341622107851)]",2026-06-13 12:31:30,894.1114093165849,2,7.315178156453961,256.373274226402,20.27493269638301,43.41635017618534,3.33637729676163,3,3,3,695,2,0.23819444444444443,1.9072106300949634,0.09751434034416825,ELECTRE-III,1
304,0117,0,0,"[-10.999876224332965, -40.41894556458734]","[np.float64(-12.18679298318225), np.float64(-38.80341622107851)]",2026-06-13 12:31:40,894.1114093165849,2,7.315178156453961,219.96379465165447,17.58604896280437,43.442806913935385,6.33637729676163,3,3,3,695,2,0.23842592592592593,3.9521180375023706,0.09751434034416825,ELECTRE-III,1
305,0117,0,0,"[-11.600851762797694, -40.550290102326684]","[np.float64(-12.18679298318225), np.float64(-38.80341622107851)]",2026-06-13 12:31:50,894.1114093165849,2,7.315178156453961,200.92913319654517,16.146958909316517,43.46924316111792,2.33637729676163,3,3,3,695,2,0.2386574074074074,1.143090259724593,0.09751434034416825,ELECTRE-III,1
306,0117,0,0,"[-12.201786320127402, -40.682020545754135]","[np.float64(-12.18679298318225), np.float64(-38.80341622107851)]",2026-06-13 12:32:00,894.1114093165849,2,7.315178156453961,204.18473224466354,16.39463770943343,43.49566233282753,3.33637729676163,3,3,3,695,2,0.2388888888888889,4.530821741206075,0.09751434034416825,ELECTRE-III,1
307,0117,0,0,"[-12.80267989632209, -40.81416080053179]","[np.float64(-12.18679298318225), np.float64(-38.80341622107851)]",2026-06-13 12:32:10,894.1114093165849,2,7.315178156453961,228.77839521396027,18.244900351037266,43.522057598875044,1.33637729676163,3,3,3,695,2,0.23912037037037037,1.33637729676163,0.09751434034416825,ELECTRE-III,1
308,0117,0,0,"[-13.403529076287173, -40.94672794213257]","[np.float64(-12.18679298318225), np.float64(-38.80341622107851)]",2026-06-13 12:32:20,894.1114093165849,2,7.315178156453961,268.9152523999845,21.18064980961168,43.54843237435505,5.33637729676163,3,3,3,695,2,0.23935185185185184,4.8576735930579265,0.09751434034416825,ELECTRE-III,1
309,0117,0,0,"[-14.004333006249004, -41.07974929131315]","[np.float64(-12.18679298318225), np.float64(-38.80341622107851)]",2026-06-13 12:32:30,894.1114093165849,2,7.315178156453961,318.7755934514016,24.670777398200926,43.574786659267545,4.33637729676163,3,3,3,695,2,0.23958333333333334,2.419710630094963,0.09751434034416825,ELECTRE-III,1
310,0055,0,0,"[-14.605090832433937, -41.213248753735634]","[np.float64(-16.76925776354785), np.float64(-44.07095890846345)]",2026-06-13 12:32:40,763.0660375279002,2,6.793479006715119,389.2123528388834,29.284785629363956,36.797968587429274,8.958158128693167,3,3,3,560,10,0.23981481481481481,8.238713684248722,0.6902485659655831,ELECTRE-III,1
311,0117,0,0,"[-14.605090832433937, -41.213248753735634]","[np.float64(-12.18679298318225), np.float64(-38.80341622107851)]",2026-06-13 12:32:40,894.1114093165849,2,7.315178156453961,374.4939438993728,28.352037325874935,43.60112045361252,2.33637729676163,3,3,3,695,2,0.23981481481481481,0.6576735930579263,0.09751434034416825,ELECTRE-III,1
312,0055,0,0,"[-15.205797432200097, -41.34725023506211]","[np.float64(-16.76925776354785), np.float64(-44.07095890846345)]",2026-06-13 12:32:50,763.0660375279002,2,6.793479006715119,339.09195738439234,26.040371759930192,36.82478732520533,13.958158128693167,3,3,3,560,10,0.24004629629629629,12.757926647211686,0.6902485659655831,ELECTRE-III,1
313,0055,0,0,"[-15.806456220642065, -41.4817742258601]","[np.float64(-16.76925776354785), np.float64(-44.07095890846345)]",2026-06-13 12:33:00,763.0660375279002,2,6.793479006715119,296.3567855088439,23.123793896008678,36.85158898750846,7.958158128693167,3,3,3,560,10,0.24027777777777778,10.120658128693167,0.6902485659655831,ELECTRE-III,1
314,0055,0,0,"[-16.407060367570676, -41.61685146198086]","[np.float64(-16.76925776354785), np.float64(-44.07095890846345)]",2026-06-13 12:33:10,763.0660375279002,2,6.793479006715119,264.60842000444376,20.870855726856327,36.87837015924408,9.958158128693167,3,3,3,560,10,0.24050925925925926,10.920195165730204,0.6902485659655831,ELECTRE-III,1
315,0055,0,0,"[-17.007611580533215, -41.75250584908648]","[np.float64(-16.76925776354785), np.float64(-44.07095890846345)]",2026-06-13 12:33:20,763.0660375279002,2,6.793479006715119,248.10029306176625,19.671625426630595,36.905137670601356,11.958158128693167,3,3,3,560,10,0.24074074074074073,13.402602573137612,0.6902485659655831,ELECTRE-III,1
316,0116,0,0,"[-17.007611580533215, -41.75250584908648]","[np.float64(-19.82547323691054), np.float64(-43.24791686704562)]",2026-06-13 12:33:20,355.400415958628,1,5.556367875439164,350.7998124357348,26.815467386804993,35.116782410027746,10.958158128693167,4,4,3,1075,4,0.24074074074074073,9.754454424989463,0.2208413001912046,ELECTRE-III,1
317,0055,0,0,"[-17.60810473688781, -41.888761292839064]","[np.float64(-16.76925776354785), np.float64(-44.07095890846345)]",2026-06-13 12:33:30,763.0660375279002,2,6.793479006715119,249.87078295416856,19.801126147905148,36.931884691391126,8.958158128693167,3,3,3,560,10,0.24097222222222223,6.789408128693167,0.6902485659655831,ELECTRE-III,1
318,0116,0,0,"[-17.60810473688781, -41.888761292839064]","[np.float64(-19.82547323691054), np.float64(-43.24791686704562)]",2026-06-13 12:33:30,355.400415958628,1,5.556367875439164,285.0917617566294,22.33261559160198,35.14195507221383,10.958158128693167,4,4,3,1075,4,0.24097222222222223,12.885935906470944,0.2208413001912046,ELECTRE-III,1
319,0010,0,0,"[-18.208541544181756, -42.02564511399529]","[np.float64(-20.9452415423945), np.float64(-39.87658613409322)]",2026-06-13 12:33:40,851.1914061373162,2,6.815431431770169,378.52616883568624,28.609232538772464,36.24298839660906,3.710917415608993,2,2,2,867,9,0.2412037037037037,2.504898897090474,0.6701720841300192,ELECTRE-III,1
320,0055,0,0,"[-18.208541544181756, -42.02564511399529]","[np.float64(-16.76925776354785), np.float64(-44.07095890846345)]",2026-06-13 12:33:40,763.0660375279002,2,6.793479006715119,269.5590712234906,21.226849417613185,36.95861463670797,15.958158128693167,3,3,3,560,10,0.2412037037037037,14.26973220276724,0.6902485659655831,ELECTRE-III,1
321,0116,0,0,"[-18.208541544181756, -42.02564511399529]","[np.float64(-19.82547323691054), np.float64(-43.24791686704562)]",2026-06-13 12:33:40,355.400415958628,1,5.556367875439164,220.9865465236353,17.662745456925414,35.16711065892699,5.958158128693167,4,4,3,1075,4,0.2412037037037037,8.128991462026502,0.2208413001912046,ELECTRE-III,1
322,0010,0,0,"[-18.808918587320463, -42.163188048406425]","[np.float64(-20.9452415423945), np.float64(-39.87658613409322)]",2026-06-13 12:33:50,851.1914061373162,2,6.815431431770169,337.03622526339564,25.90320206367758,36.26610175676038,0.0,2,2,2,867,9,0.2414351851851852,2.1729166666666666,0.6701720841300192,ELECTRE-III,1
323,0020,1,0,"[-18.808918587320463, -42.163188048406425]","[np.float64(-20.36284793492202), np.float64(-45.1790639650761)]",2026-06-13 12:33:50,559.5086598816282,1,2.9590609280013824,360.09408860709897,27.423334379387782,33.60519665990681,7.703559317166793,1,1,1,1386,6,0.2414351851851852,7.944994502351978,0.4235181644359465,ELECTRE-III,1
324,0055,0,0,"[-18.808918587320463, -42.163188048406425]","[np.float64(-16.76925776354785), np.float64(-44.07095890846345)]",2026-06-13 12:33:50,763.0660375279002,2,6.793479006715119,303.6991273719363,23.63451420184157,36.98532750655189,6.958158128693167,3,3,3,560,10,0.2414351851851852,7.682463684248723,0.6902485659655831,ELECTRE-III,1
325,0116,0,0,"[-18.808918587320463, -42.163188048406425]","[np.float64(-19.82547323691054), np.float64(-43.24791686704562)]",2026-06-13 12:33:50,355.400415958628,1,5.556367875439164,160.41497062711076,13.015083199625073,35.19224575507263,8.958158128693167,4,4,3,1075,4,0.2414351851851852,7.509547017582056,0.2208413001912046,ELECTRE-III,1
326,0953,0,0,"[-18.808918587320463, -42.163188048406425]","[np.float64(-22.28518634998811), np.float64(-42.36685620541314)]",2026-06-13 12:33:50,903.2807309982267,2,3.5958823483603597,387.1248915574859,29.153514305261954,33.799604334252884,8.081778485235255,2,2,2,876,11,0.2414351851851852,8.564648855605625,0.7523900573613767,ELECTRE-III,1
327,0010,0,0,"[-19.409232451209345, -42.30141400173456]","[np.float64(-20.9452415423945), np.float64(-39.87658613409322)]",2026-06-13 12:34:00,851.1914061373162,2,6.815431431770169,305.31195749374655,23.746171410625895,36.28919121124961,1.7109174156089928,2,2,2,867,9,0.24166666666666667,0.0,0.6701720841300192,ELECTRE-III,1
328,0020,1,0,"[-19.409232451209345, -42.30141400173456]","[np.float64(-20.36284793492202), np.float64(-45.1790639650761)]",2026-06-13 12:34:00,559.5086598816282,1,2.9590609280013824,319.029574713505,24.688090139897035,33.63093281269942,12.703559317166793,1,1,1,1386,6,0.24166666666666667,14.395225983833459,0.4235181644359465,ELECTRE-III,1
329,0055,0,0,"[-19.409232451209345, -42.30141400173456]","[np.float64(-16.76925776354785), np.float64(-44.07095890846345)]",2026-06-13 12:34:00,763.0660375279002,2,6.793479006715119,348.06349851829134,26.635249008182335,37.012023300922884,13.958158128693167,3,3,3,560,10,0.24166666666666667,13.7164914620265,0.6902485659655831,ELECTRE-III,1
330,0116,0,0,"[-19.409232451209345, -42.30141400173456]","[np.float64(-19.82547323691054), np.float64(-43.24791686704562)]",2026-06-13 12:34:00,355.400415958628,1,5.556367875439164,109.40916340344401,8.958949903856503,35.21736036065077,7.958158128693167,4,4,3,1075,4,0.24166666666666667,7.716491462026501,0.2208413001912046,ELECTRE-III,1
331,0555,0,0,"[-19.409232451209345, -42.30141400173456]","[np.float64(-22.55121870780887), np.float64(-43.45574144926327)]",2026-06-13 12:34:00,541.1026047043981,1,6.172093979050011,369.3502728221399,28.022131475783116,32.98948584208143,3.5799389606247054,1,1,1,1404,2,0.24166666666666667,4.063272293958039,0.09751434034416825,ELECTRE-III,1
332,0691,0,0,"[-19.409232451209345, -42.30141400173456]","[np.float64(-22.86359250402419), np.float64(-42.8706713430586)]",2026-06-13 12:34:00,264.60101116388,1,3.9660786437745092,388.6168467845422,29.247371153883314,33.08178218833581,14.081778485235255,3,3,3,1304,6,0.24166666666666667,11.906778485235254,0.4235181644359465,ELECTRE-III,1
333,0953,0,0,"[-19.409232451209345, -42.30141400173456]","[np.float64(-22.28518634998811), np.float64(-42.36685620541314)]",2026-06-13 12:34:00,903.2807309982267,2,3.5958823483603597,319.86421130887146,24.744949632001237,33.8233563170916,8.081778485235255,2,2,2,876,11,0.24166666666666667,5.6651118185685885,0.7523900573613767,ELECTRE-III,1
334,0010,0,0,"[-20.00948142830111, -42.44035370983096]","[np.float64(-20.9452415423945), np.float64(-39.87658613409322)]",2026-06-13 12:34:10,851.1914061373162,2,6.815431431770169,286.6120813344559,22.439925715243447,36.31226359026591,3.710917415608993,2,2,2,867,9,0.24189814814814814,3.2271211193126965,0.6701720841300192,ELECTRE-III,1
335,0014,0,0,"[-20.00948142830111, -42.44035370983096]","[np.float64(-22.62510280287139), np.float64(-44.23792260937919)]",2026-06-13 12:34:10,730.7696677237107,2,5.67470869074395,345.33119043495054,26.454725317550167,32.500621882426934,9.954479079472067,3,3,3,667,7,0.24189814814814814,9.470682783175771,0.5506692160611855,ELECTRE-III,1
336,0020,1,0,"[-20.00948142830111, -42.44035370983096]","[np.float64(-20.36284793492202), np.float64(-45.1790639650761)]",2026-06-13 12:34:10,559.5086598816282,1,2.9590609280013824,288.5100179346485,22.57365687279587,33.656648474924516,14.703559317166793,1,1,1,1386,6,0.24189814814814814,13.494068576426052,0.4235181644359465,ELECTRE-III,1
337,0055,0,0,"[-20.00948142830111, -42.44035370983096]","[np.float64(-16.76925776354785), np.float64(-44.07095890846345)]",2026-06-13 12:34:10,763.0660375279002,2,6.793479006715119,399.2575150046044,29.91177546401691,37.03869860472637,12.958158128693167,3,3,3,560,10,0.24189814814814814,11.022972943507982,0.6902485659655831,ELECTRE-III,1
338,0077,0,0,"[-20.00948142830111, -42.44035370983096]","[np.float64(-23.18056725063686), np.float64(-42.70330211205196)]",2026-06-13 12:34:10,980.5466411289955,2,4.090325066691281,353.65524288019157,27.002921882714475,32.951243612918525,0.0,3,3,3,1199,7,0.24189814814814814,0.0,0.5506692160611855,ELECTRE-III,1
339,0116,0,0,"[-20.00948142830111, -42.44035370983096]","[np.float64(-19.82547323691054), np.float64(-43.24791686704562)]",2026-06-13 12:34:10,355.400415958628,1,5.556367875439164,86.86963730723942,7.134741294718529,35.24246130585057,4.958158128693167,4,4,3,1075,4,0.24189814814814814,5.683852573137612,0.2208413001912046,ELECTRE-III,1
340,0555,0,0,"[-20.00948142830111, -42.44035370983096]","[np.float64(-22.55121870780887), np.float64(-43.45574144926327)]",2026-06-13 12:34:10,541.1026047043981,1,6.172093979050011,301.5708171713073,23.48687808404266,33.01360665513533,6.579938960624705,1,1,1,1404,2,0.24189814814814814,6.579938960624705,0.09751434034416825,ELECTRE-III,1
341,0691,0,0,"[-20.00948142830111, -42.44035370983096]","[np.float64(-22.86359250402419), np.float64(-42.8706713430586)]",2026-06-13 12:34:10,264.60101116388,1,3.9660786437745092,320.4722820713685,24.786341641996618,33.10552051079619,15.081778485235255,3,3,3,1304,6,0.24189814814814814,12.904695151901922,0.4235181644359465,ELECTRE-III,1
342,0953,0,0,"[-20.00948142830111, -42.44035370983096]","[np.float64(-22.28518634998811), np.float64(-42.36685620541314)]",2026-06-13 12:34:10,903.2807309982267,2,3.5958823483603597,253.16194764304345,20.041295357241655,33.84708780936281,7.0817784852352545,2,2,2,876,11,0.24189814814814814,5.146593300050069,0.7523900573613767,ELECTRE-III,1
343,0010,0,0,"[-20.609665518595765, -42.5800344934523]","[np.float64(-20.9452415423945), np.float64(-39.87658613409322)]",2026-06-13 12:34:20,851.1914061373162,2,6.815431431770169,283.5224320506635,22.221672682352477,36.335312063620115,0.0,2,2,2,867,9,0.24212962962962964,0.0,0.6701720841300192,ELECTRE-III,1
344,0014,0,0,"[-20.609665518595765, -42.5800344934523]","[np.float64(-22.62510280287139), np.float64(-44.23792260937919)]",2026-06-13 12:34:20,730.7696677237107,2,5.67470869074395,282.1190214851388,22.122310420463627,32.52503980870973,14.954479079472067,3,3,3,667,7,0.24212962962962964,14.228090190583178,0.5506692160611855,ELECTRE-III,1
345,0020,1,0,"[-20.609665518595765, -42.5800344934523]","[np.float64(-20.36284793492202), np.float64(-45.1790639650761)]",2026-06-13 12:34:20,559.5086598816282,1,2.9590609280013824,272.10633249014114,21.40935371354468,33.682350476771276,15.703559317166793,1,1,1,1386,6,0.24212962962962964,14.250781539389015,0.4235181644359465,ELECTRE-III,1
345,0020,1,0,"[-20.609665518595765, -42.5800344934523]","[np.float64(-20.36284793492202), np.float64(-45.1790639650761)]",2026-06-13 12:34:20,559.5086598816282,1,2.9590609280013824,272.10633249014114,21.40935371354468,33.682350476771276,15.703559317166793,1,1,1,1386,6,0.24212962962962964,14.250781539389015,0.4235181644359465,ELECTRE-III,1
346,0077,0,0,"[-20.609665518595765, -42.5800344934523]","[np.float64(-23.18056725063686), np.float64(-42.70330211205196)]",2026-06-13 12:34:20,980.5466411289955,2,4.090325066691281,286.1543280354608,22.40763311351274,32.97476678442005,1.33637729676163,3,3,3,1199,7,0.24212962962962964,0.0,0.5506692160611855,ELECTRE-III,1
347,0116,0,0,"[-20.609665518595765, -42.5800344934523]","[np.float64(-19.82547323691054), np.float64(-43.24791686704562)]",2026-06-13 12:34:20,355.400415958628,1,5.556367875439164,111.62466938444535,9.137335447914708,35.26753834538827,7.958158128693167,4,4,3,1075,4,0.24212962962962964,9.895195165730204,0.2208413001912046,ELECTRE-III,1
348,0131,0,0,"[-20.609665518595765, -42.5800344934523]","[np.float64(-24.10514475424264), np.float64(-42.74953765731617)]",2026-06-13 12:34:20,302.52946657660914,1,2.0713184530843023,389.0705928707293,29.27588161247054,32.21859312631335,13.081778485235255,2,2,2,554,7,0.24212962962962964,11.386871077827847,0.5506692160611855,ELECTRE-III,1
349,0555,0,0,"[-20.609665518595765, -42.5800344934523]","[np.float64(-22.55121870780887), np.float64(-43.45574144926327)]",2026-06-13 12:34:20,541.1026047043981,1,6.172093979050011,234.10866414112104,18.640915917045977,33.0377103927163,10.579938960624705,1,1,1,1404,2,0.24212962962962964,11.064198219883965,0.09751434034416825,ELECTRE-III,1
350,0691,0,0,"[-20.609665518595765, -42.5800344934523]","[np.float64(-22.86359250402419), np.float64(-42.8706713430586)]",2026-06-13 12:34:20,264.60101116388,1,3.9660786437745092,252.41669789059873,19.98697550688051,33.129241757783646,16.081778485235255,3,3,3,1304,6,0.24212962962962964,17.77668589264266,0.4235181644359465,ELECTRE-III,1
351,0953,0,0,"[-20.609665518595765, -42.5800344934523]","[np.float64(-22.28518634998811), np.float64(-42.36685620541314)]",2026-06-13 12:34:20,903.2807309982267,2,3.5958823483603597,187.6113500532038,15.127375822079033,33.87080564125568,12.081778485235255,2,2,2,876,11,0.24212962962962964,11.355389596346365,0.7523900573613767,ELECTRE-III,1
352,0010,0,0,"[-21.209779599451426, -42.72049050354444]","[np.float64(-20.9452415423945), np.float64(-39.87658613409322)]",2026-06-13 12:34:30,851.1914061373162,2,6.815431431770169,296.52915636383466,23.13582876041873,36.358340046406816,5.710917415608993,2,2,2,867,9,0.2423611111111111,4.98383408227566,0.6701720841300192,ELECTRE-III,1
353,0014,0,0,"[-21.209779599451426, -42.72049050354444]","[np.float64(-22.62510280287139), np.float64(-44.23792260937919)]",2026-06-13 12:34:30,730.7696677237107,2,5.67470869074395,221.96586854223847,17.73612390970922,32.5494406595196,11.954479079472067,3,3,3,667,7,0.2423611111111111,10.742673523916512,0.5506692160611855,ELECTRE-III,1
354,0020,1,0,"[-21.209779599451426, -42.72049050354444]","[np.float64(-20.36284793492202), np.float64(-45.1790639650761)]",2026-06-13 12:34:30,559.5086598816282,1,2.9590609280013824,272.3795565256851,21.428902499676568,33.70803540314511,7.703559317166793,1,1,1,1386,6,0.2423611111111111,8.673003761611238,0.4235181644359465,ELECTRE-III,1
354,0020,1,0,"[-21.209779599451426, -42.72049050354444]","[np.float64(-20.36284793492202), np.float64(-45.1790639650761)]",2026-06-13 12:34:30,559.5086598816282,1,2.9590609280013824,272.3795565256851,21.428902499676568,33.70803540314511,7.703559317166793,1,1,1,1386,6,0.2423611111111111,8.673003761611238,0.4235181644359465,ELECTRE-III,1
355,0063,1,0,"[-21.209779599451426, -42.72049050354444]","[np.float64(-23.09589110424265), np.float64(-45.52362922911657)]",2026-06-13 12:34:30,708.0139383617036,1,2.358689452671987,356.80706690399586,27.209110782558767,31.42985654133862,3.9618371779142674,4,4,3,885,11,0.2423611111111111,5.416003844580934,0.7523900573613767,ELECTRE-III,1
356,0077,0,0,"[-21.209779599451426, -42.72049050354444]","[np.float64(-23.18056725063686), np.float64(-42.70330211205196)]",2026-06-13 12:34:30,980.5466411289955,2,4.090325066691281,219.1490419407567,17.524903771317568,32.99826605025948,0.0,3,3,3,1199,7,0.2423611111111111,0.9694444444444444,0.5506692160611855,ELECTRE-III,1
357,0116,0,0,"[-21.209779599451426, -42.72049050354444]","[np.float64(-19.82547323691054), np.float64(-43.24791686704562)]",2026-06-13 12:34:30,355.400415958628,1,5.556367875439164,163.43378251963117,13.25144510180488,35.29260172454763,9.958158128693167,4,4,3,1075,4,0.2423611111111111,7.776908128693167,0.2208413001912046,ELECTRE-III,1
358,0131,0,0,"[-21.209779599451426, -42.72049050354444]","[np.float64(-24.10514475424264), np.float64(-42.74953765731617)]",2026-06-13 12:34:30,302.52946657660914,1,2.0713184530843023,321.9641634398327,24.887778608974738,32.24176112797804,8.081778485235255,2,2,2,554,7,0.2423611111111111,7.354695151901922,0.5506692160611855,ELECTRE-III,1
359,0555,0,0,"[-21.209779599451426, -42.72049050354444]","[np.float64(-22.55121870780887), np.float64(-43.45574144926327)]",2026-06-13 12:34:30,541.1026047043981,1,6.172093979050011,167.34547307351613,13.557033401017376,33.061793639729764,9.579938960624705,1,1,1,1404,2,0.2423611111111111,11.518827849513594,0.09751434034416825,ELECTRE-III,1
360,0691,0,0,"[-21.209779599451426, -42.72049050354444]","[np.float64(-22.86359250402419), np.float64(-42.8706713430586)]",2026-06-13 12:34:30,264.60101116388,1,3.9660786437745092,184.54613316453555,14.891288176231559,33.15294251420359,13.081778485235255,3,3,3,1304,6,0.2423611111111111,15.020667374124143,0.4235181644359465,ELECTRE-III,1
361,0953,0,0,"[-21.209779599451426, -42.72049050354444]","[np.float64(-22.28518634998811), np.float64(-42.36685620541314)]",2026-06-13 12:34:30,903.2807309982267,2,3.5958823483603597,125.03312351274849,10.21301970338707,33.894499567486456,10.081778485235255,2,2,2,876,11,0.2423611111111111,8.8699729296797,0.7523900573613767,ELECTRE-III,1
362,0010,0,0,"[-21.809823670868095, -42.861752475958646]","[np.float64(-20.9452415423945), np.float64(-39.87658613409322)]",2026-06-13 12:34:40,851.1914061373162,2,6.815431431770169,323.6952025130608,25.00526803347841,36.381347538626,1.7109174156089928,2,2,2,867,9,0.24259259259259258,0.7405470452386225,0.6701720841300192,ELECTRE-III,1
363,0014,0,0,"[-21.809823670868095, -42.861752475958646]","[np.float64(-22.62510280287139), np.float64(-44.23792260937919)]",2026-06-13 12:34:40,730.7696677237107,2,5.67470869074395,168.1840225175559,13.622440831061727,32.57382101976196,11.954479079472067,3,3,3,667,7,0.24259259259259258,11.22670130169429,0.5506692160611855,ELECTRE-III,1
364,0020,1,0,"[-21.809823670868095, -42.861752475958646]","[np.float64(-20.36284793492202), np.float64(-45.1790639650761)]",2026-06-13 12:34:40,559.5086598816282,1,2.9590609280013824,289.2816260089049,22.62795139378055,33.73370325404601,16.703559317166793,1,1,1,1386,6,0.24259259259259258,18.886892650500126,0.4235181644359465,ELECTRE-III,1
365,0063,1,0,"[-21.809823670868095, -42.861752475958646]","[np.float64(-23.09589110424265), np.float64(-45.52362922911657)]",2026-06-13 12:34:40,708.0139383617036,1,2.358689452671987,308.6634701057702,23.977587014560044,31.45460573179616,3.9618371779142674,4,4,3,885,11,0.24259259259259258,6.145170511247601,0.7523900573613767,ELECTRE-III,1
366,0077,0,0,"[-21.809823670868095, -42.861752475958646]","[np.float64(-23.18056725063686), np.float64(-42.70330211205196)]",2026-06-13 12:34:40,980.5466411289955,2,4.090325066691281,153.28667397244047,12.455183744176328,33.021751655720564,5.33637729676163,3,3,3,1199,7,0.24259259259259258,3.638229148613482,0.5506692160611855,ELECTRE-III,1
367,0116,0,0,"[-21.809823670868095, -42.861752475958646]","[np.float64(-19.82547323691054), np.float64(-43.24791686704562)]",2026-06-13 12:34:40,355.400415958628,1,5.556367875439164,224.2701964567019,17.90854491695187,35.317644613139485,8.958158128693167,4,4,3,1075,4,0.24259259259259258,6.532232202767242,0.2208413001912046,ELECTRE-III,1
368,0131,0,0,"[-21.809823670868095, -42.861752475958646]","[np.float64(-24.10514475424264), np.float64(-42.74953765731617)]",2026-06-13 12:34:40,302.52946657660914,1,2.0713184530843023,255.48684165966483,20.210510973764972,32.26490863907521,8.081778485235255,2,2,2,554,7,0.24259259259259258,5.655852559309329,0.5506692160611855,ELECTRE-III,1
369,0555,0,0,"[-21.809823670868095, -42.861752475958646]","[np.float64(-22.55121870780887), np.float64(-43.45574144926327)]",2026-06-13 12:34:40,541.1026047043981,1,6.172093979050011,102.6491677214657,8.413586644596489,33.0858598112703,5.579938960624705,1,1,1,1404,2,0.24259259259259258,3.3966056272913723,0.09751434034416825,ELECTRE-III,1
370,0691,0,0,"[-21.809823670868095, -42.861752475958646]","[np.float64(-22.86359250402419), np.float64(-42.8706713430586)]",2026-06-13 12:34:40,264.60101116388,1,3.9660786437745092,117.17750414139206,9.583640907910567,33.17662278005602,16.081778485235255,3,3,3,1304,6,0.24259259259259258,14.626222929679699,0.4235181644359465,ELECTRE-III,1
371,0953,0,0,"[-21.809823670868095, -42.861752475958646]","[np.float64(-22.28518634998811), np.float64(-42.36685620541314)]",2026-06-13 12:34:40,903.2807309982267,2,3.5958823483603597,73.45433540028584,6.04180470388907,33.91817641824431,14.081778485235255,2,2,2,876,11,0.24259259259259258,11.655852559309329,0.7523900573613767,ELECTRE-III,1
372,0010,0,0,"[-22.40979431775118, -43.00384773145159]","[np.float64(-20.9452415423945), np.float64(-39.87658613409322)]",2026-06-13 12:34:50,851.1914061373162,2,6.815431431770169,361.842774174483,27.536963349337878,36.40433454027768,4.710917415608993,2,2,2,867,9,0.24282407407407408,3.4967970452386226,0.6701720841300192,ELECTRE-III,1
373,0014,0,0,"[-22.40979431775118, -43.00384773145159]","[np.float64(-22.62510280287139), np.float64(-44.23792260937919)]",2026-06-13 12:34:50,730.7696677237107,2,5.67470869074395,129.00217482381248,10.530078313616409,32.598184304531394,12.954479079472067,3,3,3,667,7,0.24282407407407408,13.440127227620215,0.5506692160611855,ELECTRE-III,1
374,0020,1,0,"[-22.40979431775118, -43.00384773145159]","[np.float64(-20.36284793492202), np.float64(-45.1790639650761)]",2026-06-13 12:34:50,559.5086598816282,1,2.9590609280013824,320.1893758714841,24.767087354551563,33.759350614379414,14.703559317166793,1,1,1,1386,6,0.24282407407407408,16.88897598383346,0.4235181644359465,ELECTRE-III,1
375,0063,1,0,"[-22.40979431775118, -43.00384773145159]","[np.float64(-23.09589110424265), np.float64(-45.52362922911657)]",2026-06-13 12:34:50,708.0139383617036,1,2.358689452671987,269.4058827871622,21.215859433845136,31.479334431686194,10.961837177914267,4,4,3,885,11,0.24282407407407408,11.933133474210564,0.7523900573613767,ELECTRE-III,1
376,0077,0,0,"[-22.40979431775118, -43.00384773145159]","[np.float64(-23.18056725063686), np.float64(-42.70330211205196)]",2026-06-13 12:34:50,980.5466411289955,2,4.090325066691281,91.07534853053336,7.476344083378844,33.04521335551956,6.33637729676163,3,3,3,1199,7,0.24282407407407408,4.879432852317185,0.5506692160611855,ELECTRE-III,1
377,0116,0,0,"[-22.40979431775118, -43.00384773145159]","[np.float64(-19.82547323691054), np.float64(-43.24791686704562)]",2026-06-13 12:34:50,355.400415958628,1,5.556367875439164,288.47656774779654,22.571302168036347,35.342667011163826,6.958158128693167,4,4,3,1075,4,0.24282407407407408,7.200982202767241,0.2208413001912046,ELECTRE-III,1
378,0131,0,0,"[-22.40979431775118, -43.00384773145159]","[np.float64(-24.10514475424264), np.float64(-42.74953765731617)]",2026-06-13 12:34:50,302.52946657660914,1,2.0713184530843023,190.29623907849634,15.333739095319086,32.288039074699455,5.0817784852352545,2,2,2,554,7,0.24282407407407408,7.024371077827848,0.5506692160611855,ELECTRE-III,1
379,0555,0,0,"[-22.40979431775118, -43.00384773145159]","[np.float64(-22.55121870780887), np.float64(-43.45574144926327)]",2026-06-13 12:34:50,541.1026047043981,1,6.172093979050011,49.020775537600066,4.040383774762577,33.109908907337925,4.579938960624705,1,1,1,1404,2,0.24282407407407408,2.880170442106187,0.09751434034416825,ELECTRE-III,1
380,0691,0,0,"[-22.40979431775118, -43.00384773145159]","[np.float64(-22.86359250402419), np.float64(-42.8706713430586)]",2026-06-13 12:34:50,264.60101116388,1,3.9660786437745092,52.27839691478985,4.30790356137898,33.20028597043553,10.081778485235255,3,3,3,1304,6,0.24282407407407408,10.081778485235255,0.4235181644359465,ELECTRE-III,1
381,0953,0,0,"[-22.40979431775118, -43.00384773145159]","[np.float64(-22.28518634998811), np.float64(-42.36685620541314)]",2026-06-13 12:34:50,903.2807309982267,2,3.5958823483603597,66.95979087076032,5.511058498820085,33.941832778434645,9.081778485235255,2,2,2,876,11,0.24282407407407408,11.267195151901921,0.7523900573613767,ELECTRE-III,1
382,0010,0,0,"[-23.009689832553402, -43.146813836063714]","[np.float64(-20.9452415423945), np.float64(-39.87658613409322)]",2026-06-13 12:35:00,851.1914061373162,2,6.815431431770169,407.9008043832317,30.445024526927355,36.42730105136185,8.710917415608993,2,2,2,867,9,0.24305555555555555,7.981750748942326,0.6701720841300192,ELECTRE-III,1
383,0014,0,0,"[-23.009689832553402, -43.146813836063714]","[np.float64(-22.62510280287139), np.float64(-44.23792260937919)]",2026-06-13 12:35:00,730.7696677237107,2,5.67470869074395,119.72869067313698,9.788301284858875,32.62252709873332,14.954479079472067,3,3,3,667,7,0.24305555555555555,13.73920130169429,0.5506692160611855,ELECTRE-III,1
384,0020,1,0,"[-23.009689832553402, -43.146813836063714]","[np.float64(-20.36284793492202), np.float64(-45.1790639650761)]",2026-06-13 12:35:00,559.5086598816282,1,2.9590609280013824,361.5273057945785,27.51648165729363,33.78498089923988,14.703559317166793,1,1,1,1386,6,0.24305555555555555,15.675781539389014,0.4235181644359465,ELECTRE-III,1
385,0063,1,0,"[-23.009689832553402, -43.146813836063714]","[np.float64(-23.09589110424265), np.float64(-45.52362922911657)]",2026-06-13 12:35:00,708.0139383617036,1,2.358689452671987,243.37126907122072,19.32470024962844,31.5040460561033,12.961837177914267,4,4,3,885,11,0.24305555555555555,13.691003844580933,0.7523900573613767,ELECTRE-III,1
385,0063,1,0,"[-23.009689832553402, -43.146813836063714]","[np.float64(-23.09589110424265), np.float64(-45.52362922911657)]",2026-06-13 12:35:00,708.0139383617036,1,2.358689452671987,243.37126907122072,19.32470024962844,31.5040460561033,12.961837177914267,4,4,3,885,11,0.24305555555555555,13.691003844580933,0.7523900573613767,ELECTRE-III,1
386,0077,0,0,"[-23.009689832553402, -43.146813836063714]","[np.float64(-23.18056725063686), np.float64(-42.70330211205196)]",2026-06-13 12:35:00,980.5466411289955,2,4.090325066691281,49.18234929215649,4.053656662401767,33.068661394940214,8.33637729676163,3,3,3,1199,7,0.24305555555555555,8.82248840787274,0.5506692160611855,ELECTRE-III,1
387,0116,0,0,"[-23.009689832553402, -43.146813836063714]","[np.float64(-19.82547323691054), np.float64(-43.24791686704562)]",2026-06-13 12:35:00,355.400415958628,1,5.556367875439164,354.22381690567494,27.04017352301855,35.36767233371524,10.958158128693167,4,4,3,1075,4,0.24305555555555555,12.659547017582057,0.2208413001912046,ELECTRE-III,1
388,0131,0,0,"[-23.009689832553402, -43.146813836063714]","[np.float64(-24.10514475424264), np.float64(-42.74953765731617)]",2026-06-13 12:35:00,302.52946657660914,1,2.0713184530843023,128.36328865122638,10.47908585085104,32.31114901975619,12.081778485235255,2,2,2,554,7,0.24305555555555555,9.6512229296797,0.5506692160611855,ELECTRE-III,1
389,0555,0,0,"[-23.009689832553402, -43.146813836063714]","[np.float64(-22.55121870780887), np.float64(-43.45574144926327)]",2026-06-13 12:35:00,541.1026047043981,1,6.172093979050011,60.01682914960664,4.942617995367053,33.133937512838024,9.579938960624705,1,1,1,1404,2,0.24305555555555555,9.579938960624705,0.09751434034416825,ELECTRE-III,1
390,0691,0,0,"[-23.009689832553402, -43.146813836063714]","[np.float64(-22.86359250402419), np.float64(-42.8706713430586)]",2026-06-13 12:35:00,264.60101116388,1,3.9660786437745092,32.6121668815293,2.6904408740732144,33.22393208534211,10.081778485235255,3,3,3,1304,6,0.24305555555555555,11.297056263013033,0.4235181644359465,ELECTRE-III,1
391,0953,0,0,"[-23.009689832553402, -43.146813836063714]","[np.float64(-22.28518634998811), np.float64(-42.36685620541314)]",2026-06-13 12:35:00,903.2807309982267,2,3.5958823483603597,113.56221179795989,9.293194056092673,33.965472063152056,8.081778485235255,2,2,2,876,11,0.24305555555555555,6.6234451519019215,0.7523900573613767,ELECTRE-III,1
392,0014,0,0,"[-23.609506800180167, -43.29068152564628]","[np.float64(-22.62510280287139), np.float64(-44.23792260937919)]",2026-06-13 12:35:10,730.7696677237107,2,5.67470869074395,146.16867727825013,11.89367114675469,32.64685623255691,16.954479079472065,3,3,3,667,7,0.24328703703703702,15.494756857249843,0.5506692160611855,ELECTRE-III,1
393,0063,1,0,"[-23.609506800180167, -43.29068152564628]","[np.float64(-23.09589110424265), np.float64(-45.52362922911657)]",2026-06-13 12:35:10,708.0139383617036,1,2.358689452671987,234.99534923627047,18.706615078277633,31.528737189952896,10.961837177914267,4,4,3,885,11,0.24328703703703702,10.71855014087723,0.7523900573613767,ELECTRE-III,1
393,0063,1,0,"[-23.609506800180167, -43.29068152564628]","[np.float64(-23.09589110424265), np.float64(-45.52362922911657)]",2026-06-13 12:35:10,708.0139383617036,1,2.358689452671987,234.99534923627047,18.706615078277633,31.528737189952896,10.961837177914267,4,4,3,885,11,0.24328703703703702,10.71855014087723,0.7523900573613767,ELECTRE-III,1
394,0077,0,0,"[-23.609506800180167, -43.29068152564628]","[np.float64(-23.18056725063686), np.float64(-42.70330211205196)]",2026-06-13 12:35:10,980.5466411289955,2,4.090325066691281,76.60405593725935,6.298837100694161,33.092085528698775,0.0,3,3,3,1199,7,0.24328703703703702,0.0,0.5506692160611855,ELECTRE-III,1
395,0131,0,0,"[-23.609506800180167, -43.29068152564628]","[np.float64(-24.10514475424264), np.float64(-42.74953765731617)]",2026-06-13 12:35:10,302.52946657660914,1,2.0713184530843023,77.88311032616758,6.403142073132137,32.334238474245424,9.081778485235255,2,2,2,554,7,0.24328703703703702,11.02807478153155,0.5506692160611855,ELECTRE-III,1
396,0555,0,0,"[-23.609506800180167, -43.29068152564628]","[np.float64(-22.55121870780887), np.float64(-43.45574144926327)]",2026-06-13 12:35:10,541.1026047043981,1,6.172093979050011,118.88155704377556,9.720370536898628,33.15794562777062,9.579938960624705,1,1,1,1404,2,0.24328703703703702,9.093364886550631,0.09751434034416825,ELECTRE-III,1
397,0691,0,0,"[-23.609506800180167, -43.29068152564628]","[np.float64(-22.86359250402419), np.float64(-42.8706713430586)]",2026-06-13 12:35:10,264.60101116388,1,3.9660786437745092,93.38632191068247,7.663823802126568,33.24755770968119,12.081778485235255,3,3,3,1304,6,0.24328703703703702,12.081778485235255,0.4235181644359465,ELECTRE-III,1
398,0953,0,0,"[-23.609506800180167, -43.29068152564628]","[np.float64(-22.28518634998811), np.float64(-42.36685620541314)]",2026-06-13 12:35:10,903.2807309982267,2,3.5958823483603597,175.02163488494526,14.154416960403076,33.98909085730196,11.081778485235255,2,2,2,876,11,0.24328703703703702,8.648908114864884,0.7523900573613767,ELECTRE-III,1
399,0014,0,0,"[-24.209245220631477, -43.435484951145135]","[np.float64(-22.62510280287139), np.float64(-44.23792260937919)]",2026-06-13 12:35:20,730.7696677237107,2,5.67470869074395,194.24658467224057,15.636625866616104,32.671164875812984,13.954479079472067,3,3,3,667,7,0.24351851851851852,14.685034635027623,0.5506692160611855,ELECTRE-III,1
400,0063,1,0,"[-24.209245220631477, -43.435484951145135]","[np.float64(-23.09589110424265), np.float64(-45.52362922911657)]",2026-06-13 12:35:20,708.0139383617036,1,2.358689452671987,246.08670449376737,19.524088778014093,31.55341466342415,6.961837177914267,4,4,3,885,11,0.24351851851851852,4.526651992729082,0.7523900573613767,ELECTRE-III,1
400,0063,1,0,"[-24.209245220631477, -43.435484951145135]","[np.float64(-23.09589110424265), np.float64(-45.52362922911657)]",2026-06-13 12:35:20,708.0139383617036,1,2.358689452671987,246.08670449376737,19.524088778014093,31.55341466342415,6.961837177914267,4,4,3,885,11,0.24351851851851852,4.526651992729082,0.7523900573613767,ELECTRE-III,1
401,0077,0,0,"[-24.209245220631477, -43.435484951145135]","[np.float64(-23.18056725063686), np.float64(-42.70330211205196)]",2026-06-13 12:35:20,980.5466411289955,2,4.090325066691281,136.53348426205525,11.12989621600358,33.11549258698441,4.33637729676163,3,3,3,1199,7,0.24351851851851852,6.284525444909779,0.5506692160611855,ELECTRE-III,1
402,0131,0,0,"[-24.209245220631477, -43.435484951145135]","[np.float64(-24.10514475424264), np.float64(-42.74953765731617)]",2026-06-13 12:35:20,302.52946657660914,1,2.0713184530843023,70.5503666190163,5.804610139815646,32.35731085326173,11.081778485235255,2,2,2,554,7,0.24351851851851852,12.05585255930933,0.5506692160611855,ELECTRE-III,1
403,0555,0,0,"[-24.209245220631477, -43.435484951145135]","[np.float64(-22.55121870780887), np.float64(-43.45574144926327)]",2026-06-13 12:35:20,541.1026047043981,1,6.172093979050011,184.37598774417444,14.878168070483524,33.18193666723029,6.579938960624705,1,1,1,1404,2,0.24351851851851852,7.554013034698779,0.09751434034416825,ELECTRE-III,1
404,0691,0,0,"[-24.209245220631477, -43.435484951145135]","[np.float64(-22.86359250402419), np.float64(-42.8706713430586)]",2026-06-13 12:35:20,264.60101116388,1,3.9660786437745092,160.32557471524012,13.008076909164647,33.27116284345275,15.081778485235255,3,3,3,1304,6,0.24351851851851852,14.594741448198217,0.4235181644359465,ELECTRE-III,1
405,0834,0,0,"[-24.209245220631477, -43.435484951145135]","[np.float64(-24.35739991703869), np.float64(-47.35934700715942)]",2026-06-13 12:35:20,219.30747475400838,1,7.470963584260952,398.0381437566928,29.8360815631978,29.50391053502969,11.33637729676163,3,3,3,1306,6,0.24351851851851852,13.528043963428296,0.4235181644359465,ELECTRE-III,1
406,0953,0,0,"[-24.209245220631477, -43.435484951145135]","[np.float64(-22.28518634998811), np.float64(-42.36685620541314)]",2026-06-13 12:35:20,903.2807309982267,2,3.5958823483603597,240.18963317547025,19.090459194849437,34.01268916088436,13.081778485235255,2,2,2,876,11,0.24351851851851852,12.594741448198217,0.7523900573613767,ELECTRE-III,1
407,0014,0,0,"[-24.808898263718163, -43.5812650936953]","[np.float64(-22.62510280287139), np.float64(-44.23792260937919)]",2026-06-13 12:35:30,730.7696677237107,2,5.67470869074395,251.859500261635,19.946337926587667,32.69545302850155,11.954479079472067,3,3,3,667,7,0.24375,14.148229079472067,0.5506692160611855,ELECTRE-III,1
408,0063,1,0,"[-24.808898263718163, -43.5812650936953]","[np.float64(-23.09589110424265), np.float64(-45.52362922911657)]",2026-06-13 12:35:30,708.0139383617036,1,2.358689452671987,274.292102189349,21.565595697445286,31.57807506142248,11.961837177914267,4,4,3,885,11,0.24375,11.961837177914267,0.7523900573613767,ELECTRE-III,1
409,0077,0,0,"[-24.808898263718163, -43.5812650936953]","[np.float64(-23.18056725063686), np.float64(-42.70330211205196)]",2026-06-13 12:35:30,980.5466411289955,2,4.090325066691281,201.8349196433131,16.215931848255323,33.13888256979712,4.33637729676163,3,3,3,1199,7,0.24375,2.14262729676163,0.5506692160611855,ELECTRE-III,1
410,0131,0,0,"[-24.808898263718163, -43.5812650936953]","[np.float64(-24.10514475424264), np.float64(-42.74953765731617)]",2026-06-13 12:35:30,302.52946657660914,1,2.0713184530843023,114.93793104527698,9.403774790474653,32.3803661568051,10.081778485235255,2,2,2,554,7,0.24375,11.788028485235255,0.5506692160611855,ELECTRE-III,1
411,0555,0,0,"[-24.808898263718163, -43.5812650936953]","[np.float64(-22.55121870780887), np.float64(-43.45574144926327)]",2026-06-13 12:35:30,541.1026047043981,1,6.172093979050011,251.3680130388062,19.910475368101636,33.20591063121704,3.5799389606247054,1,1,1,1404,2,0.24375,5.042438960624706,0.09751434034416825,ELECTRE-III,1
412,0691,0,0,"[-24.808898263718163, -43.5812650936953]","[np.float64(-22.86359250402419), np.float64(-42.8706713430586)]",2026-06-13 12:35:30,264.60101116388,1,3.9660786437745092,228.06182905545174,18.191523831931036,33.29475090175139,9.081778485235255,3,3,3,1304,6,0.24375,8.106778485235255,0.4235181644359465,ELECTRE-III,1
413,0834,0,0,"[-24.808898263718163, -43.5812650936953]","[np.float64(-24.35739991703869), np.float64(-47.35934700715942)]",2026-06-13 12:35:30,219.30747475400838,1,7.470963584260952,385.2965097250937,29.038258993332985,29.528833895311067,5.33637729676163,3,3,3,1306,6,0.24375,4.11762729676163,0.4235181644359465,ELECTRE-III,1
414,0953,0,0,"[-24.808898263718163, -43.5812650936953]","[np.float64(-22.28518634998811), np.float64(-42.36685620541314)]",2026-06-13 12:35:30,903.2807309982267,2,3.5958823483603597,306.7092178995088,23.842750094893415,34.03627038899383,9.081778485235255,2,2,2,876,11,0.24375,6.6442784852352545,0.7523900573613767,ELECTRE-III,1
415,0014,0,0,"[-25.408467636987513, -43.72805268914804]","[np.float64(-22.62510280287139), np.float64(-44.23792260937919)]",2026-06-13 12:35:40,730.7696677237107,2,5.67470869074395,313.79785742020465,24.33049901529259,32.71972410571719,9.954479079472067,3,3,3,667,7,0.2439814814814815,9.954479079472067,0.5506692160611855,ELECTRE-III,1
416,0063,1,0,"[-25.408467636987513, -43.72805268914804]","[np.float64(-23.09589110424265), np.float64(-45.52362922911657)]",2026-06-13 12:35:40,708.0139383617036,1,2.358689452671987,315.04764940395,24.416107996206442,31.602714968853302,8.961837177914267,4,4,3,885,11,0.2439814814814815,10.669707548284638,0.7523900573613767,ELECTRE-III,1
417,0077,0,0,"[-25.408467636987513, -43.72805268914804]","[np.float64(-23.18056725063686), np.float64(-42.70330211205196)]",2026-06-13 12:35:40,980.5466411289955,2,4.090325066691281,268.61652224766584,21.159203505816564,33.16224864694773,3.33637729676163,3,3,3,1199,7,0.2439814814814815,4.8002661856505195,0.5506692160611855,ELECTRE-III,1
418,0131,0,0,"[-25.408467636987513, -43.72805268914804]","[np.float64(-24.10514475424264), np.float64(-42.74953765731617)]",2026-06-13 12:35:40,302.52946657660914,1,2.0713184530843023,175.39843864399924,14.183661424808285,32.403397554686386,10.081778485235255,2,2,2,554,7,0.2439814814814815,11.545667374124143,0.5506692160611855,ELECTRE-III,1
419,0555,0,0,"[-25.408467636987513, -43.72805268914804]","[np.float64(-22.55121870780887), np.float64(-43.45574144926327)]",2026-06-13 12:35:40,541.1026047043981,1,6.172093979050011,318.913940351636,24.68020847016906,33.22986410463627,5.579938960624705,1,1,1,1404,2,0.2439814814814815,5.091975997661742,0.09751434034416825,ELECTRE-III,1
420,0691,0,0,"[-25.408467636987513, -43.72805268914804]","[np.float64(-22.86359250402419), np.float64(-42.8706713430586)]",2026-06-13 12:35:40,264.60101116388,1,3.9660786437745092,296.0467099737446,23.10213910999643,33.31831846948252,7.0817784852352545,3,3,3,1304,6,0.2439814814814815,9.277611818568587,0.4235181644359465,ELECTRE-III,1
421,0834,0,0,"[-25.408467636987513, -43.72805268914804]","[np.float64(-24.35739991703869), np.float64(-47.35934700715942)]",2026-06-13 12:35:40,219.30747475400838,1,7.470963584260952,384.4737297147985,28.98630940604914,29.55374018011952,7.33637729676163,3,3,3,1306,6,0.2439814814814815,6.604432852317186,0.4235181644359465,ELECTRE-III,1
422,0953,0,0,"[-25.408467636987513, -43.72805268914804]","[np.float64(-22.28518634998811), np.float64(-42.36685620541314)]",2026-06-13 12:35:40,903.2807309982267,2,3.5958823483603597,373.8580893041511,28.31136505848291,34.059831126535784,5.0817784852352545,2,2,2,876,11,0.2439814814814815,4.105852559309328,0.7523900573613767,ELECTRE-III,1
423,0014,0,0,"[-26.007948217797654, -43.875888718638386]","[np.float64(-22.62510280287139), np.float64(-44.23792260937919)]",2026-06-13 12:35:50,730.7696677237107,2,5.67470869074395,377.9395850860476,28.571895202815607,32.7439781074599,9.954479079472067,3,3,3,667,7,0.24421296296296297,10.442905005397993,0.5506692160611855,ELECTRE-III,1
424,0063,1,0,"[-26.007948217797654, -43.875888718638386]","[np.float64(-23.09589110424265), np.float64(-45.52362922911657)]",2026-06-13 12:35:50,708.0139383617036,1,2.358689452671987,364.1625545299278,27.68733994314586,31.627337800811198,9.961837177914267,4,4,3,885,11,0.24421296296296297,11.915540881617972,0.7523900573613767,ELECTRE-III,1
425,0077,0,0,"[-26.007948217797654, -43.875888718638386]","[np.float64(-23.18056725063686), np.float64(-42.70330211205196)]",2026-06-13 12:35:50,980.5466411289955,2,4.090325066691281,335.9950016633945,25.833603924400045,33.18560106372,6.33637729676163,3,3,3,1199,7,0.24421296296296297,8.290081000465333,0.5506692160611855,ELECTRE-III,1
426,0131,0,0,"[-26.007948217797654, -43.875888718638386]","[np.float64(-24.10514475424264), np.float64(-42.74953765731617)]",2026-06-13 12:35:50,302.52946657660914,1,2.0713184530843023,240.07869923079966,19.082279901170374,32.42641529218933,4.0817784852352545,2,2,2,554,7,0.24421296296296297,4.57020441116118,0.5506692160611855,ELECTRE-III,1
427,0555,0,0,"[-26.007948217797654, -43.875888718638386]","[np.float64(-22.55121870780887), np.float64(-43.45574144926327)]",2026-06-13 12:35:50,541.1026047043981,1,6.172093979050011,386.722126513372,29.12814745317112,33.25380050258258,9.579938960624705,1,1,1,1404,2,0.24421296296296297,11.53364266432841,0.09751434034416825,ELECTRE-III,1
428,0691,0,0,"[-26.007948217797654, -43.875888718638386]","[np.float64(-22.86359250402419), np.float64(-42.8706713430586)]",2026-06-13 12:35:50,264.60101116388,1,3.9660786437745092,364.13928485764444,27.685833568708958,33.34186554664614,8.081778485235255,3,3,3,1304,6,0.24421296296296297,5.639648855605625,0.4235181644359465,ELECTRE-III,1
429,0834,0,0,"[-26.007948217797654, -43.875888718638386]","[np.float64(-24.35739991703869), np.float64(-47.35934700715942)]",2026-06-13 12:35:50,219.30747475400838,1,7.470963584260952,395.6433653451442,29.687088521514863,29.578632804549628,4.33637729676163,3,3,3,1306,6,0.24421296296296297,5.313229148613482,0.4235181644359465,ELECTRE-III,1
430,0077,0,0,"[-26.607336591054, -44.02481416330134]","[np.float64(-23.18056725063686), np.float64(-42.70330211205196)]",2026-06-13 12:36:00,980.5466411289955,2,4.090325066691281,403.6700291917476,30.18472739044464,33.20892957483018,0.3363772967616301,3,3,3,1199,7,0.24444444444444444,0.0,0.5506692160611855,ELECTRE-III,1
431,0131,0,0,"[-26.607336591054, -44.02481416330134]","[np.float64(-24.10514475424264), np.float64(-42.74953765731617)]",2026-06-13 12:36:00,302.52946657660914,1,2.0713184530843023,306.3151464300576,23.815526399067043,32.449409124030176,9.081778485235255,2,2,2,554,7,0.24444444444444444,10.548445151901921,0.5506692160611855,ELECTRE-III,1
432,0131,0,0,"[-27.20663275675655, -44.174863174082766]","[np.float64(-24.10514475424264), np.float64(-42.74953765731617)]",2026-06-13 12:36:10,302.52946657660914,1,2.0713184530843023,373.2785988192098,28.27427099264186,32.4723858803981,5.0817784852352545,2,2,2,554,7,0.24467592592592594,3.858398855605625,0.5506692160611855,ELECTRE-III,1
433,0322,0,0,"[11.649290610617777, -60.252076631160605]","[np.float64(9.53208137087383), np.float64(-63.25683105758648)]",2026-06-13 14:04:10,55.06135233584575,1,6.071031360960465,404.0680218830859,30.209272694455873,56.29775227156006,3.332698247540531,2,2,2,1313,5,0.36689814814814814,0.7644112105034937,0.32217973231357555,ELECTRE-III,1
434,0322,0,0,"[11.047880501367107, -60.383516791548324]","[np.float64(9.53208137087383), np.float64(-63.25683105758648)]",2026-06-13 14:04:20,55.06135233584575,1,6.071031360960465,356.68463656517997,27.201115706301536,56.33402057605283,1.332698247540531,2,2,2,1313,5,0.36712962962962964,0.23130935865164193,0.32217973231357555,ELECTRE-III,1
435,0322,0,0,"[10.446454170417159, -60.51458812172087]","[np.float64(9.53208137087383), np.float64(-63.25683105758648)]",2026-06-13 14:04:30,55.06135233584575,1,6.071031360960465,317.0423529839514,24.552502040152284,56.37028205035642,7.332698247540531,2,2,2,1313,5,0.36736111111111114,5.863253803096086,0.32217973231357555,ELECTRE-III,1
436,0322,0,0,"[9.845013325315223, -60.64531111224574]","[np.float64(9.53208137087383), np.float64(-63.25683105758648)]",2026-06-13 14:04:40,55.06135233584575,1,6.071031360960465,288.3525267991809,22.562569681566735,56.40653669447085,3.332698247540531,2,2,2,1313,5,0.3675925925925926,2.9651056549479384,0.32217973231357555,ELECTRE-III,1
437,0322,0,0,"[9.24356052738224, -60.77571308387963]","[np.float64(9.53208137087383), np.float64(-63.25683105758648)]",2026-06-13 14:04:50,55.06135233584575,1,6.071031360960465,274.07640107329405,21.55019199486979,56.44278109330153,10.332698247540531,2,2,2,1313,5,0.3678240740740741,13.275290840133124,0.32217973231357555,ELECTRE-III,1
438,0322,0,0,"[8.64209577661821, -60.90580769700086]","[np.float64(9.53208137087383), np.float64(-63.25683105758648)]",2026-06-13 14:05:00,55.06135233584575,1,6.071031360960465,276.4574204951989,21.72004442896911,56.47902207703761,2.332698247540531,2,2,2,1313,5,0.3680555555555556,0.0,0.32217973231357555,ELECTRE-III,1
439,0322,0,0,"[8.04062163434407, -61.035622272366126]","[np.float64(9.53208137087383), np.float64(-63.25683105758648)]",2026-06-13 14:05:10,55.06135233584575,1,6.071031360960465,295.0924960338632,23.035455736458662,56.515252815489944,7.332698247540531,2,2,2,1313,5,0.368287037037037,9.91070750679979,0.32217973231357555,ELECTRE-III,1
440,0322,0,0,"[7.439138954333469, -61.16517047035376]","[np.float64(9.53208137087383), np.float64(-63.25683105758648)]",2026-06-13 14:05:20,55.06135233584575,1,6.071031360960465,327.21731188257445,25.243628457660673,56.55147672375311,7.332698247540531,2,2,2,1313,5,0.3685185185185185,6.227142691984975,0.32217973231357555,ELECTRE-III,1
441,0322,0,0,"[6.837650724794167, -61.29447961172044]","[np.float64(9.53208137087383), np.float64(-63.25683105758648)]",2026-06-13 14:05:30,55.06135233584575,1,6.071031360960465,369.3281276094352,28.02070672093442,56.5876938018271,1.332698247540531,2,2,2,1313,5,0.36875,0.0,0.32217973231357555,ELECTRE-III,1
442,0608,0,0,"[-13.606331906896838, -65.68612049330939]","[np.float64(-17.06430554534382), np.float64(-66.04567811801935)]",2026-06-13 14:11:10,561.5512733223705,1,4.630743683248481,386.43733278566185,29.110203084495986,38.23747193614448,7.83085872292998,1,1,1,840,2,0.3766203703703704,6.7009976118188685,0.09751434034416825,ELECTRE-III,1
443,0283,0,0,"[-14.207120468933036, -65.81930235193546]","[np.float64(-17.75025465688937), np.float64(-66.64460688094775)]",2026-06-13 14:11:20,126.3399236789922,1,7.987895802244843,403.7325131293896,30.18858175662493,37.37081655311824,9.329019198319429,1,1,1,1408,8,0.3768518518518518,10.836426605726837,0.5984703632887189,ELECTRE-III,1
444,0608,0,0,"[-14.207120468933036, -65.81930235193546]","[np.float64(-17.06430554534382), np.float64(-66.04567811801935)]",2026-06-13 14:11:20,561.5512733223705,1,4.630743683248481,318.62810701407005,24.66072171560088,38.262999768167404,4.83085872292998,1,1,1,840,2,0.3768518518518518,1.8160439081151654,0.09751434034416825,ELECTRE-III,1
445,0283,0,0,"[-14.807862073418692, -65.95296232380345]","[np.float64(-17.75025465688937), np.float64(-66.64460688094775)]",2026-06-13 14:11:30,126.3399236789922,1,7.987895802244843,335.40269822718426,25.793976221038967,37.396320479479066,6.329019198319429,1,1,1,1408,8,0.3770833333333333,2.558185864986096,0.5984703632887189,ELECTRE-III,1
446,0608,0,0,"[-14.807862073418692, -65.95296232380345]","[np.float64(-17.06430554534382), np.float64(-66.04567811801935)]",2026-06-13 14:11:30,561.5512733223705,1,4.630743683248481,251.10115189444292,19.8909963811604,38.28850710962281,7.83085872292998,1,1,1,840,2,0.3770833333333333,4.43710872292998,0.09751434034416825,ELECTRE-III,1
447,0283,0,0,"[-15.408553305259218, -66.08714139004834]","[np.float64(-17.75025465688937), np.float64(-66.64460688094775)]",2026-06-13 14:11:40,126.3399236789922,1,7.987895802244843,267.07613453615215,21.048518076380994,37.421807330366974,6.329019198319429,1,1,1,1408,8,0.3773148148148148,7.460963642763874,0.5984703632887189,ELECTRE-III,1
448,0608,0,0,"[-15.408553305259218, -66.08714139004834]","[np.float64(-17.06430554534382), np.float64(-66.04567811801935)]",2026-06-13 14:11:40,561.5512733223705,1,4.630743683248481,184.16471173080174,14.86187411621883,38.313997375605304,7.83085872292998,1,1,1,840,2,0.3773148148148148,8.962803167374425,0.09751434034416825,ELECTRE-III,1
449,0283,0,0,"[-16.00919501822826, -66.22184638085933]","[np.float64(-17.75025465688937), np.float64(-66.64460688094775)]",2026-06-13 14:11:50,126.3399236789922,1,7.987895802244843,198.75418616856993,15.981147001341906,37.44727710578195,7.329019198319429,1,1,1,1408,8,0.37754629629629627,10.726935864986096,0.5984703632887189,ELECTRE-III,1
450,0608,0,0,"[-16.00919501822826, -66.22184638085933]","[np.float64(-17.06430554534382), np.float64(-66.04567811801935)]",2026-06-13 14:11:50,561.5512733223705,1,4.630743683248481,118.81641692638479,9.715145874791116,38.33946715102028,4.83085872292998,1,1,1,840,2,0.37754629629629627,5.963497611818869,0.09751434034416825,ELECTRE-III,1
451,0283,0,0,"[-16.609782089683947, -66.35711827737144]","[np.float64(-17.75025465688937), np.float64(-66.64460688094775)]",2026-06-13 14:12:00,126.3399236789922,1,7.987895802244843,130.44056702750174,10.644821211497224,37.47272639062942,10.329019198319429,1,1,1,1408,8,0.37777777777777777,12.217908087208318,0.5984703632887189,ELECTRE-III,1
452,0608,0,0,"[-16.609782089683947, -66.35711827737144]","[np.float64(-17.06430554534382), np.float64(-66.04567811801935)]",2026-06-13 14:12:00,561.5512733223705,1,4.630743683248481,60.440260874598025,4.977314671907425,38.36491643586775,1.83085872292998,1,1,1,840,2,0.37777777777777777,0.3197476118188689,0.09751434034416825,ELECTRE-III,1
453,0283,0,0,"[-17.21031451962627, -66.492970739963]","[np.float64(-17.75025465688937), np.float64(-66.64460688094775)]",2026-06-13 14:12:10,126.3399236789922,1,7.987895802244843,62.15537028764802,5.1178158074019295,37.49815518490937,13.329019198319429,1,1,1,1408,8,0.37800925925925927,11.816982161282391,0.5984703632887189,ELECTRE-III,1
454,0608,0,0,"[-17.21031451962627, -66.492970739963]","[np.float64(-17.06430554534382), np.float64(-66.04567811801935)]",2026-06-13 14:12:10,561.5512733223705,1,4.630743683248481,50.22495557324748,4.139293670999803,38.39034864524229,0.83085872292998,1,1,1,840,2,0.37800925925925927,3.854932797004054,0.09751434034416825,ELECTRE-III,1
455,0283,0,0,"[-17.810788892960648, -66.62943791957984]","[np.float64(-17.75025465688937), np.float64(-66.64460688094775)]",2026-06-13 14:12:20,126.3399236789922,1,7.987895802244843,6.920082094161268,0.5712944640254656,37.52356690371641,6.329019198319429,1,1,1,1408,8,0.37824074074074077,3.6813340131342436,0.5984703632887189,ELECTRE-III,1
456,0608,0,0,"[-17.810788892960648, -66.62943791957984]","[np.float64(-17.06430554534382), np.float64(-66.04567811801935)]",2026-06-13 14:12:20,561.5512733223705,1,4.630743683248481,103.56109885157669,8.487248670281526,38.41576036404932,1.83085872292998,1,1,1,840,2,0.37824074074074077,0.0,0.09751434034416825,ELECTRE-III,1
457,0283,0,0,"[-18.411206917234374, -66.76654030678951]","[np.float64(-17.75025465688937), np.float64(-66.64460688094775)]",2026-06-13 14:12:30,126.3399236789922,1,7.987895802244843,74.61624044031791,6.136650733775434,37.54895813195593,4.329019198319429,1,1,1,1408,8,0.3784722222222222,5.842908087208318,0.5984703632887189,ELECTRE-III,1
458,0608,0,0,"[-18.411206917234374, -66.76654030678951]","[np.float64(-17.06430554534382), np.float64(-66.04567811801935)]",2026-06-13 14:12:30,561.5512733223705,1,4.630743683248481,168.104181655272,13.616214744971302,38.44115159228885,4.83085872292998,1,1,1,840,2,0.3784722222222222,8.23710872292998,0.09751434034416825,ELECTRE-III,1
459,0712,0,0,"[-18.411206917234374, -66.76654030678951]","[np.float64(-21.4902902963777), np.float64(-64.83707616408573)]",2026-06-13 14:12:30,707.4936720760832,1,5.247980465274296,397.3417761672051,29.792802190062417,35.66052693966329,19.078099436014156,4,4,3,517,4,0.3784722222222222,15.671849436014156,0.2208413001912046,ELECTRE-III,1
460,0283,0,0,"[-19.011561762258278, -66.90431205253785]","[np.float64(-17.75025465688937), np.float64(-66.64460688094775)]",2026-06-13 14:12:40,126.3399236789922,1,7.987895802244843,142.90331511776603,11.63529422693787,37.57433228472252,6.329019198319429,1,1,1,1408,8,0.3787037037037037,6.707722902023133,0.5984703632887189,ELECTRE-III,1
461,0608,0,0,"[-19.011561762258278, -66.90431205253785]","[np.float64(-17.06430554534382), np.float64(-66.04567811801935)]",2026-06-13 14:12:40,561.5512733223705,1,4.630743683248481,234.7845353782879,18.69099938614644,38.46652574505544,3.83085872292998,1,1,1,840,2,0.3787037037037037,1.5586365007077578,0.09751434034416825,ELECTRE-III,1
462,0712,0,0,"[-19.011561762258278, -66.90431205253785]","[np.float64(-21.4902902963777), np.float64(-64.83707616408573)]",2026-06-13 14:12:40,707.4936720760832,1,5.247980465274296,349.950044251928,26.759561296900458,35.68354809226082,14.078099436014156,4,4,3,517,4,0.3787037037037037,12.184580917495637,0.2208413001912046,ELECTRE-III,1
463,0283,0,0,"[-19.61185513557965, -67.04277364739234]","[np.float64(-17.75025465688937), np.float64(-66.64460688094775)]",2026-06-13 14:12:50,126.3399236789922,1,7.987895802244843,211.20661423470355,16.9266987470306,37.59968253182703,12.329019198319429,1,1,1,1408,8,0.3789351851851852,8.918602531652763,0.5984703632887189,ELECTRE-III,1
464,0608,0,0,"[-19.61185513557965, -67.04277364739234]","[np.float64(-17.06430554534382), np.float64(-66.04567811801935)]",2026-06-13 14:12:50,561.5512733223705,1,4.630743683248481,302.18880193443863,23.52978048084421,38.49187599215994,4.83085872292998,1,1,1,840,2,0.3789351851851852,5.209793908115165,0.09751434034416825,ELECTRE-III,1
465,0712,0,0,"[-19.61185513557965, -67.04277364739234]","[np.float64(-21.4902902963777), np.float64(-64.83707616408573)]",2026-06-13 14:12:50,707.4936720760832,1,5.247980465274296,310.4211961507843,24.098623691838988,35.706552169385425,12.078099436014156,4,4,3,517,4,0.3789351851851852,15.488516102680823,0.2208413001912046,ELECTRE-III,1
466,0283,0,0,"[-20.212083622103908, -67.18195924229886]","[np.float64(-17.75025465688937), np.float64(-66.64460688094775)]",2026-06-13 14:13:00,126.3399236789922,1,7.987895802244843,279.51241811587977,21.937389388973905,37.62501911855319,13.329019198319429,1,1,1,1408,8,0.37916666666666665,13.708185864986095,0.5984703632887189,ELECTRE-III,1
467,0608,0,0,"[-20.212083622103908, -67.18195924229886]","[np.float64(-17.06430554534382), np.float64(-66.04567811801935)]",2026-06-13 14:13:00,561.5512733223705,1,4.630743683248481,369.92002546264945,28.0587746411273,38.51720916379152,7.83085872292998,1,1,1,840,2,0.37916666666666665,10.10585872292998,0.09751434034416825,ELECTRE-III,1
468,0712,0,0,"[-20.212083622103908, -67.18195924229886]","[np.float64(-21.4902902963777), np.float64(-64.83707616408573)]",2026-06-13 14:13:00,707.4936720760832,1,5.247980465274296,282.0782889496711,22.119424437434223,35.72953234084793,19.078099436014156,4,4,3,517,4,0.37916666666666665,20.215599436014156,0.2208413001912046,ELECTRE-III,1
469,0283,0,0,"[-20.812243806736465, -67.32190298820325]","[np.float64(-17.75025465688937), np.float64(-66.64460688094775)]",2026-06-13 14:13:10,126.3399236789922,1,7.987895802244843,347.8177262336884,26.619034089472265,37.650331799617256,10.329019198319429,1,1,1,1408,8,0.37939814814814815,12.605408087208318,0.5984703632887189,ELECTRE-III,1
470,0712,0,0,"[-20.812243806736465, -67.32190298820325]","[np.float64(-21.4902902963777), np.float64(-64.83707616408573)]",2026-06-13 14:13:10,707.4936720760832,1,5.247980465274296,268.4851939178956,21.14977327287057,35.75249202174293,11.078099436014156,4,4,3,517,4,0.37939814814814815,14.113284621199341,0.2208413001912046,ELECTRE-III,1
471,0712,0,0,"[-21.412335689477324, -67.46262537567303]","[np.float64(-21.4902902963777), np.float64(-64.83707616408573)]",2026-06-13 14:13:20,707.4936720760832,1,5.247980465274296,271.8595409019404,21.391691633889835,35.775434627165005,10.078099436014156,4,4,3,517,4,0.37962962962962965,11.216988324903046,0.2208413001912046,ELECTRE-III,1
472,0313,0,0,"[-22.012355855231895, -67.6041673858432]","[np.float64(-24.64141463657782), np.float64(-65.03942095316634)]",2026-06-13 14:13:30,52.46371071336583,1,6.688684271754036,392.45425184850006,29.487987411977894,33.13352770148783,8.710917415608993,1,1,1,1383,3,0.3798611111111111,7.571334082275659,0.16730401529636713,ELECTRE-III,1
473,0712,0,0,"[-22.012355855231895, -67.6041673858432]","[np.float64(-21.4902902963777), np.float64(-64.83707616408573)]",2026-06-13 14:13:30,707.4936720760832,1,5.247980465274296,291.61119600102273,22.791612333758348,35.79835332692498,11.078099436014156,4,4,3,517,4,0.3798611111111111,11.837821658236379,0.2208413001912046,ELECTRE-III,1
474,0313,0,0,"[-22.612302596452892, -67.74654950928128]","[np.float64(-24.64141463657782), np.float64(-65.03942095316634)]",2026-06-13 14:13:40,52.46371071336583,1,6.688684271754036,356.30188740211565,27.176113615873156,33.15531258984558,8.710917415608993,1,1,1,1383,3,0.3800925925925926,7.190547045238622,0.16730401529636713,ELECTRE-III,1
475,0712,0,0,"[-22.612302596452892, -67.74654950928128]","[np.float64(-21.4902902963777), np.float64(-64.83707616408573)]",2026-06-13 14:13:40,707.4936720760832,1,5.247980465274296,324.76219779634835,25.07757562527901,35.82125153611745,18.078099436014156,4,4,3,517,4,0.3800925925925926,18.078099436014156,0.2208413001912046,ELECTRE-III,1
476,0313,0,0,"[-23.212172498045724, -67.88981955731147]","[np.float64(-24.64141463657782), np.float64(-65.03942095316634)]",2026-06-13 14:13:50,52.46371071336583,1,6.688684271754036,330.4253444600974,25.45992311102011,33.17708040273041,3.710917415608993,1,1,1,1383,3,0.3803240740740741,4.4715655637571405,0.16730401529636713,ELECTRE-III,1
477,0712,0,0,"[-23.212172498045724, -67.88981955731147]","[np.float64(-21.4902902963777), np.float64(-64.83707616408573)]",2026-06-13 14:13:50,707.4936720760832,1,5.247980465274296,367.7051387094929,27.91618597158369,35.84413266983699,11.078099436014156,4,4,3,517,4,0.3803240740740741,8.796154991569711,0.2208413001912046,ELECTRE-III,1
478,0313,0,0,"[-23.8119638524631, -68.03399802050127]","[np.float64(-24.64141463657782), np.float64(-65.03942095316634)]",2026-06-13 14:14:00,52.46371071336583,1,6.688684271754036,317.34443140530664,24.573131794721373,33.198827725047735,5.710917415608993,1,1,1,1383,3,0.38055555555555554,8.37480630449788,0.16730401529636713,ELECTRE-III,1
479,0313,0,0,"[-24.411673244610437, -68.1791258799857]","[np.float64(-24.64141463657782), np.float64(-65.03942095316634)]",2026-06-13 14:14:10,52.46371071336583,1,6.688684271754036,318.63685830854723,24.66131842749312,33.220554556797545,4.710917415608993,1,1,1,1383,3,0.38078703703703703,4.330130378571956,0.16730401529636713,ELECTRE-III,1
480,0313,0,0,"[-25.011298966940444, -68.32524411689978]","[np.float64(-24.64141463657782), np.float64(-65.03942095316634)]",2026-06-13 14:14:20,52.46371071336583,1,6.688684271754036,334.1338024907707,25.708992305101916,33.24226089797985,3.710917415608993,1,1,1,1383,3,0.38101851851851853,2.948880378571956,0.16730401529636713,ELECTRE-III,1
481,0313,0,0,"[-25.61083931190582, -68.4723800520002]","[np.float64(-24.64141463657782), np.float64(-65.03942095316634)]",2026-06-13 14:14:30,52.46371071336583,1,6.688684271754036,362.0124493108815,27.54797630152319,33.263946748594634,5.710917415608993,1,1,1,1383,3,0.38125,2.279667415608993,0.16730401529636713,ELECTRE-III,1
482,0313,0,0,"[-26.210289156864697, -68.62058149661114]","[np.float64(-24.64141463657782), np.float64(-65.03942095316634)]",2026-06-13 14:14:40,52.46371071336583,1,6.688684271754036,399.6888459286484,29.938523330453762,33.285612108641914,0.7109174156089928,1,1,1,1383,3,0.3814814814814815,0.0,0.16730401529636713,ELECTRE-III,1
483,0463,0,0,"[-26.210289156864697, -68.62058149661114]","[np.float64(-29.2912219349268), np.float64(-66.86192049173229)]",2026-06-13 14:14:40,930.0641882372358,2,3.1555860995687555,383.7980636601922,28.943609395572395,28.548343164482812,11.085457534456356,4,4,3,819,4,0.3814814814814815,9.178050127048948,0.2208413001912046,ELECTRE-III,1
484,0463,0,0,"[-26.80964679426978, -68.76987577148927]","[np.float64(-29.2912219349268), np.float64(-66.86192049173229)]",2026-06-13 14:14:50,930.0641882372358,2,3.1555860995687555,333.4487882098239,25.663063146864676,28.569122307485284,12.085457534456356,4,4,3,819,4,0.381712962962963,12.46717049741932,0.2208413001912046,ELECTRE-III,1
485,0463,0,0,"[-27.408910516573773, -68.92031751814797]","[np.float64(-29.2912219349268), np.float64(-66.86192049173229)]",2026-06-13 14:15:00,930.0641882372358,2,3.1555860995687555,290.47389257580784,22.711761431325407,28.589882667467535,9.085457534456356,4,4,3,819,4,0.3819444444444444,8.703513090011912,0.2208413001912046,ELECTRE-III,1
486,0463,0,0,"[-28.0080752011348, -69.07194771772225]","[np.float64(-29.2912219349268), np.float64(-66.86192049173229)]",2026-06-13 14:15:10,930.0641882372358,2,3.1555860995687555,258.57393042248793,20.43463461096971,28.61062253688228,8.085457534456356,4,4,3,819,4,0.3821759259259259,6.174577904826727,0.2208413001912046,ELECTRE-III,1
487,0463,0,0,"[-28.60713914040557, -69.22480052115797]","[np.float64(-29.2912219349268), np.float64(-66.86192049173229)]",2026-06-13 14:15:20,930.0641882372358,2,3.1555860995687555,242.16163687065753,19.235722339487975,28.631343623276805,10.085457534456356,4,4,3,819,4,0.3824074074074074,6.64379086778969,0.2208413001912046,ELECTRE-III,1
488,0463,0,0,"[-29.206097211744208, -69.37892373977931]","[np.float64(-29.2912219349268), np.float64(-66.86192049173229)]",2026-06-13 14:15:30,930.0641882372358,2,3.1555860995687555,244.37462555982782,19.39843152685094,28.652045926651112,11.085457534456356,4,4,3,819,4,0.38263888888888886,9.554901978900801,0.2208413001912046,ELECTRE-III,1
489,0463,0,0,"[-29.804951122698, -69.53437201509963]","[np.float64(-29.2912219349268), np.float64(-66.86192049173229)]",2026-06-13 14:15:40,930.0641882372358,2,3.1555860995687555,264.7439474992923,20.880623932829533,28.672731154552498,12.085457534456356,4,4,3,819,4,0.38287037037037036,12.851198275197097,0.2208413001912046,ELECTRE-III,1
490,0677,0,0,"[-29.804951122698, -69.53437201509963]","[np.float64(-33.13217557972659), np.float64(-68.94243257995237)]",2026-06-13 14:15:40,855.6228618201533,2,6.950698225460529,374.2036670615841,28.333473708565815,24.5127890726306,7.703559317166793,1,1,1,656,6,0.38287037037037036,8.852170428277903,0.4235181644359465,ELECTRE-III,1
491,0304,0,0,"[-30.40369233553049, -69.69117949806478]","[np.float64(-33.0491248747741), np.float64(-71.6499149451426)]",2026-06-13 14:15:50,727.2393781165788,2,7.712145663017438,347.613453593636,26.605553624111987,23.2506025574108,6.707238366387893,3,3,3,1454,9,0.38310185185185186,6.707238366387893,0.6701720841300192,ELECTRE-III,1
492,0463,0,0,"[-30.40369233553049, -69.69117949806478]","[np.float64(-29.2912219349268), np.float64(-66.86192049173229)]",2026-06-13 14:15:50,930.0641882372358,2,3.1555860995687555,299.5849992225582,23.348827495786907,28.69339589188637,3.0854575344563564,4,4,3,819,4,0.38310185185185186,6.150272349271171,0.2208413001912046,ELECTRE-III,1
493,0677,0,0,"[-30.40369233553049, -69.69117949806478]","[np.float64(-33.13217557972659), np.float64(-68.94243257995237)]",2026-06-13 14:15:50,855.6228618201533,2,6.950698225460529,311.5384347253159,24.17543787736829,24.532972281627988,11.703559317166793,1,1,1,656,6,0.38310185185185186,9.02184635420383,0.4235181644359465,ELECTRE-III,1
494,0304,0,0,"[-31.002317435147088, -69.84941449056647]","[np.float64(-33.0491248747741), np.float64(-71.6499149451426)]",2026-06-13 14:16:00,727.2393781165788,2,7.712145663017438,283.9064814409884,22.248839107811094,23.27191104007395,7.707238366387893,3,3,3,1454,9,0.38333333333333336,7.707238366387893,0.6701720841300192,ELECTRE-III,1
495,0463,0,0,"[-31.002317435147088, -69.84941449056647]","[np.float64(-29.2912219349268), np.float64(-66.86192049173229)]",2026-06-13 14:16:00,930.0641882372358,2,3.1555860995687555,344.53397400193273,26.40194615021166,28.714040138652734,10.085457534456356,4,4,3,819,4,0.38333333333333336,10.085457534456356,0.2208413001912046,ELECTRE-III,1
496,0677,0,0,"[-31.002317435147088, -69.84941449056647]","[np.float64(-33.13217557972659), np.float64(-68.94243257995237)]",2026-06-13 14:16:00,855.6228618201533,2,6.950698225460529,251.77497756080763,19.940171681527975,24.55313670760516,10.703559317166793,1,1,1,656,6,0.38333333333333336,13.003559317166793,0.4235181644359465,ELECTRE-III,1
497,0304,0,0,"[-31.600823006453208, -70.0091179737397]","[np.float64(-33.0491248747741), np.float64(-71.6499149451426)]",2026-06-13 14:16:10,727.2393781165788,2,7.712145663017438,222.9386619598654,17.808953724234513,23.29320244726417,11.707238366387893,3,3,3,1454,9,0.3835648148148148,10.556543921943447,0.6701720841300192,ELECTRE-III,1
498,0463,0,0,"[-31.600823006453208, -70.0091179737397]","[np.float64(-29.2912219349268), np.float64(-66.86192049173229)]",2026-06-13 14:16:10,930.0641882372358,2,3.1555860995687555,396.16232425718647,29.719413568413806,28.734667309946172,5.085457534456356,4,4,3,819,4,0.3835648148148148,1.633374201123023,0.2208413001912046,ELECTRE-III,1
499,0677,0,0,"[-31.600823006453208, -70.0091179737397]","[np.float64(-33.13217557972659), np.float64(-68.94243257995237)]",2026-06-13 14:16:10,855.6228618201533,2,6.950698225460529,197.56045579326428,15.890023167447078,24.573285765656696,13.703559317166793,1,1,1,656,6,0.3835648148148148,15.237818576426053,0.4235181644359465,ELECTRE-III,1
500,0857,0,0,"[-31.600823006453208, -70.0091179737397]","[np.float64(-34.72402898068509), np.float64(-68.1909061684908)]",2026-06-13 14:16:10,553.3139527173413,1,2.7985896129764654,386.3087104835694,29.10209675953376,23.623694810633577,13.209077890998444,3,3,3,715,13,0.3835648148148148,10.907689002109555,0.9369024856596558,ELECTRE-III,1
501,0304,0,0,"[-32.19920563435427, -70.17034458909785]","[np.float64(-33.0491248747741), np.float64(-71.6499149451426)]",2026-06-13 14:16:20,727.2393781165788,2,7.712145663017438,167.72101545829548,13.586330426888205,23.31447848652876,12.707238366387893,3,3,3,1454,9,0.3837962962962963,8.869275403424929,0.6701720841300192,ELECTRE-III,1
502,0381,0,0,"[-32.19920563435427, -70.17034458909785]","[np.float64(-35.5199463062986), np.float64(-71.81780208617532)]",2026-06-13 14:16:20,203.51387991417684,1,4.6359830167592015,399.33790198722363,29.91676154375567,21.270412896260922,16.205398841777342,2,2,2,725,7,0.3837962962962963,13.518824767703268,0.5506692160611855,ELECTRE-III,1
503,0677,0,0,"[-32.19920563435427, -70.17034458909785]","[np.float64(-33.13217557972659), np.float64(-68.94243257995237)]",2026-06-13 14:16:20,855.6228618201533,2,6.950698225460529,154.83292877012977,12.576845254459517,24.593416040688016,10.703559317166793,1,1,1,656,6,0.3837962962962963,13.773929687537162,0.4235181644359465,ELECTRE-III,1
504,0857,0,0,"[-32.19920563435427, -70.17034458909785]","[np.float64(-34.72402898068509), np.float64(-68.1909061684908)]",2026-06-13 14:16:20,553.3139527173413,1,2.7985896129764654,335.44464786536116,25.796783708633402,23.642933745978212,8.209077890998444,3,3,3,715,13,0.3837962962962963,11.66324455766511,0.9369024856596558,ELECTRE-III,1
505,0304,0,0,"[-32.79746531885027, -70.33314897815428]","[np.float64(-33.0491248747741), np.float64(-71.6499149451426)]",2026-06-13 14:16:30,727.2393781165788,2,7.712145663017438,126.0474903569489,10.294111042548831,23.335737450320423,5.707238366387893,3,3,3,1454,9,0.3840277777777778,6.475293921943448,0.6701720841300192,ELECTRE-III,1
506,0381,0,0,"[-32.79746531885027, -70.33314897815428]","[np.float64(-35.5199463062986), np.float64(-71.81780208617532)]",2026-06-13 14:16:30,203.51387991417684,1,4.6359830167592015,332.1083312999941,25.573085148605475,21.290824916595504,8.205398841777342,2,2,2,725,7,0.3840277777777778,7.437343286221786,0.5506692160611855,ELECTRE-III,1
507,0677,0,0,"[-32.79746531885027, -70.33314897815428]","[np.float64(-33.13217557972659), np.float64(-68.94243257995237)]",2026-06-13 14:16:30,855.6228618201533,2,6.950698225460529,134.97572195352313,11.006028989213709,24.613527532699116,16.703559317166793,1,1,1,656,6,0.3840277777777778,13.247309317166792,0.4235181644359465,ELECTRE-III,1
508,0857,0,0,"[-32.79746531885027, -70.33314897815428]","[np.float64(-34.72402898068509), np.float64(-68.1909061684908)]",2026-06-13 14:16:30,553.3139527173413,1,2.7985896129764654,291.7201886458558,22.799259884099747,23.662153898302627,10.209077890998444,3,3,3,715,13,0.3840277777777778,9.441022335442888,0.9369024856596558,ELECTRE-III,1
509,0304,0,0,"[-33.39559181465746, -70.49759261261151]","[np.float64(-33.0491248747741), np.float64(-71.6499149451426)]",2026-06-13 14:16:40,727.2393781165788,2,7.712145663017438,113.9016037412738,9.320481007869146,23.356979338639164,13.707238366387893,3,3,3,1454,9,0.38425925925925924,12.554460588610116,0.6701720841300192,ELECTRE-III,1
510,0381,0,0,"[-33.39559181465746, -70.49759261261151]","[np.float64(-35.5199463062986), np.float64(-71.81780208617532)]",2026-06-13 14:16:40,203.51387991417684,1,4.6359830167592015,265.4169228129709,20.929110112417955,21.311221569004456,7.205398841777342,2,2,2,725,7,0.38425925925925924,3.3628062491847492,0.5506692160611855,ELECTRE-III,1
511,0677,0,0,"[-33.39559181465746, -70.49759261261151]","[np.float64(-33.13217557972659), np.float64(-68.94243257995237)]",2026-06-13 14:16:40,855.6228618201533,2,6.950698225460529,147.5280858554681,12.001092589299763,24.633621949237295,15.703559317166793,1,1,1,656,6,0.38425925925925924,15.703559317166793,0.4235181644359465,ELECTRE-III,1
512,0857,0,0,"[-33.39559181465746, -70.49759261261151]","[np.float64(-34.72402898068509), np.float64(-68.1909061684908)]",2026-06-13 14:16:40,553.3139527173413,1,2.7985896129764654,258.77787596452083,20.44941822835309,23.681356975154117,13.209077890998444,3,3,3,715,13,0.38425925925925924,12.824818631739184,0.9369024856596558,ELECTRE-III,1
513,0304,0,0,"[-33.99358512177583, -70.66373696417207]","[np.float64(-33.0491248747741), np.float64(-71.6499149451426)]",2026-06-13 14:16:50,727.2393781165788,2,7.712145663017438,139.23412168316494,11.344390390025508,23.37820585903227,13.707238366387893,3,3,3,1454,9,0.38449074074074074,12.16927540342493,0.6701720841300192,ELECTRE-III,1
514,0381,0,0,"[-33.99358512177583, -70.66373696417207]","[np.float64(-35.5199463062986), np.float64(-71.81780208617532)]",2026-06-13 14:16:50,203.51387991417684,1,4.6359830167592015,199.7999341240819,16.060906406550558,21.331602853487773,9.205398841777342,2,2,2,725,7,0.38449074074074074,6.129472915851416,0.5506692160611855,ELECTRE-III,1
515,0677,0,0,"[-33.99358512177583, -70.66373696417207]","[np.float64(-33.13217557972659), np.float64(-68.94243257995237)]",2026-06-13 14:16:50,855.6228618201533,2,6.950698225460529,186.03789654116184,15.006251208327313,24.653699290302548,8.703559317166793,1,1,1,656,6,0.38449074074074074,6.396614872722348,0.4235181644359465,ELECTRE-III,1
516,0857,0,0,"[-33.99358512177583, -70.66373696417207]","[np.float64(-34.72402898068509), np.float64(-68.1909061684908)]",2026-06-13 14:16:50,553.3139527173413,1,2.7985896129764654,241.075401884326,19.155738985425444,23.70054126898539,8.209077890998444,3,3,3,715,13,0.38449074074074074,6.2866241872947395,0.9369024856596558,ELECTRE-III,1
517,0304,0,0,"[-34.59143841001622, -70.83164350453849]","[np.float64(-33.0491248747741), np.float64(-71.6499149451426)]",2026-06-13 14:17:00,727.2393781165788,2,7.712145663017438,187.41581970939458,15.112331383299043,23.39941359640516,6.707238366387893,3,3,3,1454,9,0.38472222222222224,7.091960588610115,0.6701720841300192,ELECTRE-III,1
518,0381,0,0,"[-34.59143841001622, -70.83164350453849]","[np.float64(-35.5199463062986), np.float64(-71.81780208617532)]",2026-06-13 14:17:00,203.51387991417684,1,4.6359830167592015,136.8088587341074,11.151782006828437,21.351967062498165,9.205398841777342,2,2,2,725,7,0.38472222222222224,6.897065508444008,0.5506692160611855,ELECTRE-III,1
519,0677,0,0,"[-34.59143841001622, -70.83164350453849]","[np.float64(-33.13217557972659), np.float64(-68.94243257995237)]",2026-06-13 14:17:00,855.6228618201533,2,6.950698225460529,238.23027927753125,18.945874945048185,24.673759555894875,7.703559317166793,1,1,1,656,6,0.38472222222222224,10.011892650500126,0.4235181644359465,ELECTRE-III,1
520,0857,0,0,"[-34.59143841001622, -70.83164350453849]","[np.float64(-34.72402898068509), np.float64(-68.1909061684908)]",2026-06-13 14:17:00,553.3139527173413,1,2.7985896129764654,241.97768608844993,19.222182857418968,23.719708487343738,15.209077890998444,3,3,3,715,13,0.38472222222222224,17.517411224331777,0.9369024856596558,ELECTRE-III,1
521,0304,0,0,"[-35.18914484918945, -71.00137370541331]","[np.float64(-33.0491248747741), np.float64(-71.6499149451426)]",2026-06-13 14:17:10,727.2393781165788,2,7.712145663017438,245.33266938988626,19.468770717117184,23.420605965852417,12.707238366387893,3,3,3,1454,9,0.3849537037037037,15.786867996017522,0.6701720841300192,ELECTRE-III,1
522,0381,0,0,"[-35.18914484918945, -71.00137370541331]","[np.float64(-35.5199463062986), np.float64(-71.81780208617532)]",2026-06-13 14:17:10,203.51387991417684,1,4.6359830167592015,82.67448324545433,6.793487272625199,21.372315903582926,14.205398841777342,2,2,2,725,7,0.3849537037037037,16.515121063999565,0.5506692160611855,ELECTRE-III,1
523,0677,0,0,"[-35.18914484918945, -71.00137370541331]","[np.float64(-33.13217557972659), np.float64(-68.94243257995237)]",2026-06-13 14:17:10,855.6228618201533,2,6.950698225460529,296.97395242649014,23.166874265516306,24.693801038466983,13.703559317166793,1,1,1,656,6,0.3849537037037037,11.39383709494457,0.4235181644359465,ELECTRE-III,1
524,0857,0,0,"[-35.18914484918945, -71.00137370541331]","[np.float64(-34.72402898068509), np.float64(-68.1909061684908)]",2026-06-13 14:17:10,553.3139527173413,1,2.7985896129764654,261.2885707533355,20.631180254932527,23.73885692268187,11.209077890998444,3,3,3,715,13,0.3849537037037037,13.133846409516963,0.9369024856596558,ELECTRE-III,1
525,0304,0,0,"[-35.78670443929553, -71.17300269887738]","[np.float64(-33.0491248747741), np.float64(-71.6499149451426)]",2026-06-13 14:17:20,727.2393781165788,2,7.712145663017438,307.5313466393446,23.899508534758155,23.441782967374042,10.707238366387893,3,3,3,1454,9,0.3851851851851852,9.551682810832338,0.6701720841300192,ELECTRE-III,1
526,0381,0,0,"[-35.78670443929553, -71.17300269887738]","[np.float64(-35.5199463062986), np.float64(-71.81780208617532)]",2026-06-13 14:17:20,203.51387991417684,1,4.6359830167592015,65.3755184077388,5.381441227351084,21.39264596164747,15.205398841777342,2,2,2,725,7,0.3851851851851852,17.901695138073638,0.5506692160611855,ELECTRE-III,1
527,0677,0,0,"[-35.78670443929553, -71.17300269887738]","[np.float64(-33.13217557972659), np.float64(-68.94243257995237)]",2026-06-13 14:17:20,855.6228618201533,2,6.950698225460529,359.0663865127968,27.35644532182989,24.713823738018878,15.703559317166793,1,1,1,656,6,0.3851851851851852,16.08874450235198,0.4235181644359465,ELECTRE-III,1
528,0857,0,0,"[-35.78670443929553, -71.17300269887738]","[np.float64(-34.72402898068509), np.float64(-68.1909061684908)]",2026-06-13 14:17:20,553.3139527173413,1,2.7985896129764654,295.4177011251485,23.058189482923076,23.75798999009437,15.209077890998444,3,3,3,715,13,0.3851851851851852,14.438707520628073,0.9369024856596558,ELECTRE-III,1
529,0304,0,0,"[-36.38411035014527, -71.34659878682244]","[np.float64(-33.0491248747741), np.float64(-71.6499149451426)]",2026-06-13 14:17:30,727.2393781165788,2,7.712145663017438,371.8681051599908,28.183875118669633,23.46294118587545,14.707238366387893,3,3,3,1454,9,0.3854166666666667,16.24890503305456,0.6701720841300192,ELECTRE-III,1
530,0381,0,0,"[-36.38411035014527, -71.34659878682244]","[np.float64(-35.5199463062986), np.float64(-71.81780208617532)]",2026-06-13 14:17:30,203.51387991417684,1,4.6359830167592015,105.03498699816178,8.606243428608847,21.412962359333672,16.205398841777342,2,2,2,725,7,0.3854166666666667,18.132482175110674,0.5506692160611855,ELECTRE-III,1
531,0857,0,0,"[-36.38411035014527, -71.34659878682244]","[np.float64(-34.72402898068509), np.float64(-68.1909061684908)]",2026-06-13 14:17:30,553.3139527173413,1,2.7985896129764654,339.92823632191016,26.09608127952143,23.777102566939355,12.209077890998444,3,3,3,715,13,0.3854166666666667,14.521577890998444,0.9369024856596558,ELECTRE-III,1
532,0381,0,0,"[-36.98135575154953, -71.52223710132931]","[np.float64(-35.5199463062986), np.float64(-71.81780208617532)]",2026-06-13 14:17:40,203.51387991417684,1,4.6359830167592015,164.64843769724226,13.346419209568682,21.433259973999657,13.205398841777342,2,2,2,725,7,0.38564814814814813,11.662806249184749,0.5506692160611855,ELECTRE-III,1
533,0857,0,0,"[-36.98135575154953, -71.52223710132931]","[np.float64(-34.72402898068509), np.float64(-68.1909061684908)]",2026-06-13 14:17:40,553.3139527173413,1,2.7985896129764654,391.2912799148319,29.415185855607817,23.79619806831142,10.209077890998444,3,3,3,715,13,0.38564814814814813,8.666485298405851,0.9369024856596558,ELECTRE-III,1
534,0381,0,0,"[-37.578437228413705, -71.69998594428972]","[np.float64(-35.5199463062986), np.float64(-71.81780208617532)]",2026-06-13 14:17:50,203.51387991417684,1,4.6359830167592015,229.13582142620908,18.271512539715882,21.453543928287303,15.205398841777342,2,2,2,725,7,0.38587962962962963,18.29243587881438,0.5506692160611855,ELECTRE-III,1
535,0381,0,0,"[-38.175344535454045, -71.87993410816289]","[np.float64(-35.5199463062986), np.float64(-71.81780208617532)]",2026-06-13 14:18:00,203.51387991417684,1,4.6359830167592015,295.3189584674899,23.051287602477263,21.47380909955473,14.205398841777342,2,2,2,725,7,0.3861111111111111,16.90817661955512,0.5506692160611855,ELECTRE-III,1
536,0381,0,0,"[-38.77207767267055, -72.06216355521882]","[np.float64(-35.5199463062986), np.float64(-71.81780208617532)]",2026-06-13 14:18:10,203.51387991417684,1,4.6359830167592015,362.26856664390925,27.564595698142885,21.494058902896526,13.205398841777342,2,2,2,725,7,0.38634259259259257,15.90979698992549,0.5506692160611855,ELECTRE-III,1
537,0469,0,0,"[54.46677663056557, 89.50902118618097]","[np.float64(56.88911993583032), np.float64(84.62325407926258)]",2026-06-13 15:12:00,680.5618424324138,1,4.145383272197629,407.7265308382204,30.43432970831567,0.017945616680434352,1.7072383663878927,1,1,1,1166,8,0.46111111111111114,0.0,0.5984703632887189,ELECTRE-III,1
538,0469,0,0,"[55.05634489934273, 89.20791912681013]","[np.float64(56.88911993583032), np.float64(84.62325407926258)]",2026-06-13 15:12:10,680.5618424324138,1,4.145383272197629,350.47263145978314,26.79394873270587,0.005281073167913767,0.7072383663878927,1,1,1,1166,8,0.4613425925925926,3.936636514536041,0.5984703632887189,ELECTRE-III,1
539,0580,1,0,"[48.59665934085732, -74.70987272659592]","[np.float64(45.14600795418758), np.float64(-74.22434035818429)]",2026-06-13 15:32:40,360.6388106303331,1,4.053357853563606,385.4642046202691,29.04884068820336,62.18081959993465,6.33637729676163,1,1,1,1128,8,0.4898148148148148,4.37711803750237,0.5984703632887189,ELECTRE-III,1
540,0580,1,0,"[48.00239531702578, -74.94670270587694]","[np.float64(45.14600795418758), np.float64(-74.22434035818429)]",2026-06-13 15:32:50,360.6388106303331,1,4.053357853563606,322.3756077597876,24.915724542148592,62.201610695768174,0.0,1,1,1,1128,8,0.4900462962962963,1.4701388888888889,0.5984703632887189,ELECTRE-III,1
541,0847,0,0,"[48.00239531702578, -74.94670270587694]","[np.float64(44.87794131221349), np.float64(-72.93612358916735)]",2026-06-13 15:32:50,519.9531442424664,1,3.918526699476359,380.0156520936576,28.70392220994516,63.02774256644872,7.954479079472067,4,4,3,523,2,0.4900462962962963,4.034108709101696,0.09751434034416825,ELECTRE-III,1
542,0580,1,0,"[47.407810274303245, -75.17907940181912]","[np.float64(45.14600795418758), np.float64(-74.22434035818429)]",2026-06-13 15:33:00,360.6388106303331,1,4.053357853563606,261.9808547709015,20.68122213878909,62.22238130103418,0.0,1,1,1,1128,8,0.49027777777777776,0.0,0.5984703632887189,ELECTRE-III,1
543,0847,0,0,"[47.407810274303245, -75.17907940181912]","[np.float64(44.87794131221349), np.float64(-72.93612358916735)]",2026-06-13 15:33:00,519.9531442424664,1,3.918526699476359,330.11104956852364,25.438766659134938,63.04793943582445,4.954479079472067,4,4,3,523,2,0.49027777777777776,4.954479079472067,0.09751434034416825,ELECTRE-III,1
544,0580,1,0,"[46.81292128816264, -75.40720088990838]","[np.float64(45.14600795418758), np.float64(-74.22434035818429)]",2026-06-13 15:33:10,360.6388106303331,1,4.053357853563606,206.656971374954,16.582300787887593,62.24312458554351,4.33637729676163,1,1,1,1128,8,0.49050925925925926,4.82688655602089,0.5984703632887189,ELECTRE-III,1
544,0580,1,0,"[46.81292128816264, -75.40720088990838]","[np.float64(45.14600795418758), np.float64(-74.22434035818429)]",2026-06-13 15:33:10,360.6388106303331,1,4.053357853563606,206.656971374954,16.582300787887593,62.24312458554351,4.33637729676163,1,1,1,1128,8,0.49050925925925926,4.82688655602089,0.5984703632887189,ELECTRE-III,1
545,0847,0,0,"[46.81292128816264, -75.40720088990838]","[np.float64(44.87794131221349), np.float64(-72.93612358916735)]",2026-06-13 15:33:10,519.9531442424664,1,3.918526699476359,287.9449672889894,22.533869693114596,63.0681089844435,6.954479079472067,4,4,3,523,2,0.49050925925925926,8.916516116509104,0.09751434034416825,ELECTRE-III,1
546,0580,1,0,"[46.217742018982314, -75.63123792487396]","[np.float64(45.14600795418758), np.float64(-74.22434035818429)]",2026-06-13 15:33:20,360.6388106303331,1,4.053357853563606,161.69610263179837,13.11544669191413,62.26384737948533,4.33637729676163,1,1,1,1128,8,0.49074074074074076,7.280821741206075,0.5984703632887189,ELECTRE-III,1
546,0580,1,0,"[46.217742018982314, -75.63123792487396]","[np.float64(45.14600795418758), np.float64(-74.22434035818429)]",2026-06-13 15:33:20,360.6388106303331,1,4.053357853563606,161.69610263179837,13.11544669191413,62.26384737948533,4.33637729676163,1,1,1,1128,8,0.49074074074074076,7.280821741206075,0.5984703632887189,ELECTRE-III,1
547,0847,0,0,"[46.217742018982314, -75.63123792487396]","[np.float64(44.87794131221349), np.float64(-72.93612358916735)]",2026-06-13 15:33:20,519.9531442424664,1,3.918526699476359,257.34961541858075,20.345826666454304,63.08825121230586,3.9544790794720672,4,4,3,523,2,0.49074074074074076,4.935960560953549,0.09751434034416825,ELECTRE-III,1
548,0580,1,0,"[45.62228271204602, -75.85136126144513]","[np.float64(45.14600795418758), np.float64(-74.22434035818429)]",2026-06-13 15:33:30,360.6388106303331,1,4.053357853563606,137.65812736569134,11.21925810056421,62.2845360224813,0.0,1,1,1,1128,8,0.4909722222222222,0.0,0.5984703632887189,ELECTRE-III,1
548,0580,1,0,"[45.62228271204602, -75.85136126144513]","[np.float64(45.14600795418758), np.float64(-74.22434035818429)]",2026-06-13 15:33:30,360.6388106303331,1,4.053357853563606,137.65812736569134,11.21925810056421,62.2845360224813,0.0,1,1,1,1128,8,0.4909722222222222,0.0,0.5984703632887189,ELECTRE-III,1
549,0847,0,0,"[45.62228271204602, -75.85136126144513]","[np.float64(44.87794131221349), np.float64(-72.93612358916735)]",2026-06-13 15:33:30,519.9531442424664,1,3.918526699476359,242.7404894205896,19.2783135338351,63.108366119411556,9.954479079472067,4,4,3,523,2,0.4909722222222222,10.44545130169429,0.09751434034416825,ELECTRE-III,1
550,0962,0,0,"[45.62228271204602, -75.85136126144513]","[np.float64(43.54440981664251), np.float64(-79.63040160234651)]",2026-06-13 15:33:30,671.1924911930671,1,6.067107105841009,378.02363146986653,28.57724656632502,60.34690014740789,1.9581581286931673,4,4,3,1012,7,0.4909722222222222,0.0,0.5506692160611855,ELECTRE-III,1
551,0203,0,0,"[45.026557027732096, -76.0677279939728]","[np.float64(42.91473730034324), np.float64(-79.59129028307485)]",2026-06-13 15:33:40,401.83521750916475,1,7.402637357589794,366.8897576407778,27.863598891397963,60.750154516005445,14.332698247540531,2,2,2,671,6,0.4912037037037037,9.911864914207197,0.4235181644359465,ELECTRE-III,1
552,0580,1,0,"[45.026557027732096, -76.0677279939728]","[np.float64(45.14600795418758), np.float64(-74.22434035818429)]",2026-06-13 15:33:40,360.6388106303331,1,4.053357853563606,145.32625553316842,11.827059723551749,62.305211005098926,3.33637729676163,1,1,1,1128,8,0.4912037037037037,4.318784704169038,0.5984703632887189,ELECTRE-III,1
552,0580,1,0,"[45.026557027732096, -76.0677279939728]","[np.float64(45.14600795418758), np.float64(-74.22434035818429)]",2026-06-13 15:33:40,360.6388106303331,1,4.053357853563606,145.32625553316842,11.827059723551749,62.305211005098926,3.33637729676163,1,1,1,1128,8,0.4912037037037037,4.318784704169038,0.5984703632887189,ELECTRE-III,1
553,0847,0,0,"[45.026557027732096, -76.0677279939728]","[np.float64(44.87794131221349), np.float64(-72.93612358916735)]",2026-06-13 15:33:40,519.9531442424664,1,3.918526699476359,246.9710522122049,19.588918693301938,63.12845370576056,1.9544790794720672,4,4,3,523,2,0.4912037037037037,0.0,0.09751434034416825,ELECTRE-III,1
554,0962,0,0,"[45.026557027732096, -76.0677279939728]","[np.float64(43.54440981664251), np.float64(-79.63040160234651)]",2026-06-13 15:33:40,671.1924911930671,1,6.067107105841009,327.9582345800104,25.29365226600067,60.37171422466255,6.958158128693167,4,4,3,1012,7,0.4912037037037037,8.431769239804279,0.5506692160611855,ELECTRE-III,1
555,0203,0,0,"[44.43057521132429, -76.28049521680786]","[np.float64(42.91473730034324), np.float64(-79.59129028307485)]",2026-06-13 15:33:50,401.83521750916475,1,7.402637357589794,315.10187791402336,24.419819948089817,60.77546719706951,8.332698247540531,2,2,2,671,6,0.4914351851851852,11.281309358651642,0.4235181644359465,ELECTRE-III,1
556,0580,1,0,"[44.43057521132429, -76.28049521680786]","[np.float64(45.14600795418758), np.float64(-74.22434035818429)]",2026-06-13 15:33:50,360.6388106303331,1,4.053357853563606,180.70925533787766,14.595036060993685,62.3258518367707,1.33637729676163,1,1,1,1128,8,0.4914351851851852,1.8278124819468153,0.5984703632887189,ELECTRE-III,1
556,0580,1,0,"[44.43057521132429, -76.28049521680786]","[np.float64(45.14600795418758), np.float64(-74.22434035818429)]",2026-06-13 15:33:50,360.6388106303331,1,4.053357853563606,180.70925533787766,14.595036060993685,62.3258518367707,1.33637729676163,1,1,1,1128,8,0.4914351851851852,1.8278124819468153,0.5984703632887189,ELECTRE-III,1
557,0847,0,0,"[44.43057521132429, -76.28049521680786]","[np.float64(44.87794131221349), np.float64(-72.93612358916735)]",2026-06-13 15:33:50,519.9531442424664,1,3.918526699476359,269.15485294633703,21.19784661228126,63.14851397135289,8.954479079472067,4,4,3,523,2,0.4914351851851852,11.411655005397993,0.09751434034416825,ELECTRE-III,1
558,0946,0,0,"[44.43057521132429, -76.28049521680786]","[np.float64(42.04516368060606), np.float64(-72.70264486012896)]",2026-06-13 15:33:50,30.609943592861505,1,4.153987499417686,392.81181017664414,29.51034941661375,65.28436876632924,10.83453777215108,4,4,3,997,3,0.4914351851851852,11.325972957336266,0.16730401529636713,ELECTRE-III,1
559,0962,0,0,"[44.43057521132429, -76.28049521680786]","[np.float64(43.54440981664251), np.float64(-79.63040160234651)]",2026-06-13 15:33:50,671.1924911930671,1,6.067107105841009,285.5193295122105,22.3628117333221,60.396514641538865,8.958158128693167,4,4,3,1012,7,0.4914351851851852,8.466722943507982,0.5506692160611855,ELECTRE-III,1
560,0203,0,0,"[43.83434750810637, -76.48980636392291]","[np.float64(42.91473730034324), np.float64(-79.59129028307485)]",2026-06-13 15:34:00,401.83521750916475,1,7.402637357589794,270.7102242721229,21.30938256935324,60.80076621775524,13.332698247540531,2,2,2,671,6,0.49166666666666664,11.366031580873864,0.4235181644359465,ELECTRE-III,1
561,0374,0,0,"[43.83434750810637, -76.48980636392291]","[np.float64(41.15083827745396), np.float64(-73.66912015939977)]",2026-06-13 15:34:00,389.2244478321478,1,7.709763354669864,377.47280839695037,28.542164899673857,65.36848937614711,5.961837177914267,4,4,3,1172,14,0.49166666666666664,3.0118371779142676,1.0,ELECTRE-III,1
562,0392,0,0,"[43.83434750810637, -76.48980636392291]","[np.float64(40.51946326865131), np.float64(-76.8377454519946)]",2026-06-13 15:34:00,563.8387737970546,1,6.335096642577571,369.71118490929246,28.04534613348689,63.84515911574834,7.707238366387893,4,4,3,592,6,0.49166666666666664,10.657238366387892,0.4235181644359465,ELECTRE-III,1
563,0580,1,0,"[43.83434750810637, -76.48980636392291]","[np.float64(45.14600795418758), np.float64(-74.22434035818429)]",2026-06-13 15:34:00,360.6388106303331,1,4.053357853563606,231.42673821519563,18.441888794785463,62.34647217787497,0.0,1,1,1,1128,8,0.49166666666666664,0.9833333333333333,0.5984703632887189,ELECTRE-III,1
564,0582,1,0,"[43.83434750810637, -76.48980636392291]","[np.float64(42.5876613111998), np.float64(-71.83768924472187)]",2026-06-13 15:34:00,470.6496463004024,1,4.854200127532955,401.6285926345318,30.058633995088428,65.37846145233533,8.958158128693167,2,2,2,1181,4,0.49166666666666664,12.399824795359834,0.2208413001912046,ELECTRE-III,1
565,0710,1,0,"[43.83434750810637, -76.48980636392291]","[np.float64(40.33738995414572), np.float64(-76.70408721036215)]",2026-06-13 15:34:00,58.97253132173692,1,4.989586995770107,389.2459233170518,29.286893981203068,64.031595959333,2.83453777215108,3,3,3,1497,2,0.49166666666666664,6.2762044388177465,0.09751434034416825,ELECTRE-III,1
566,0847,0,0,"[43.83434750810637, -76.48980636392291]","[np.float64(44.87794131221349), np.float64(-72.93612358916735)]",2026-06-13 15:34:00,519.9531442424664,1,3.918526699476359,305.40449627465034,23.752572132308735,63.16854691618854,4.954479079472067,4,4,3,523,2,0.49166666666666664,7.4128124128054,0.09751434034416825,ELECTRE-III,1
567,0946,0,0,"[43.83434750810637, -76.48980636392291]","[np.float64(42.04516368060606), np.float64(-72.70264486012896)]",2026-06-13 15:34:00,30.609943592861505,1,4.153987499417686,366.8463122979586,27.860795499626388,65.30679227737438,3.83453777215108,4,4,3,997,3,0.49166666666666664,5.30953777215108,0.16730401529636713,ELECTRE-III,1
568,0962,0,0,"[43.83434750810637, -76.48980636392291]","[np.float64(43.54440981664251), np.float64(-79.63040160234651)]",2026-06-13 15:34:00,671.1924911930671,1,6.067107105841009,254.55218018530917,20.14252639396872,60.42129456784767,8.958158128693167,4,4,3,1012,7,0.49166666666666664,10.924824795359834,0.5506692160611855,ELECTRE-III,1
569,0203,0,0,"[43.237887578456665, -76.69580486929048]","[np.float64(42.91473730034324), np.float64(-79.59129028307485)]",2026-06-13 15:34:10,401.83521750916475,1,7.402637357589794,237.89330118130817,18.920983403452702,60.82604474787345,5.332698247540531,2,2,2,671,6,0.49189814814814814,1.8894112105034937,0.4235181644359465,ELECTRE-III,1
570,0374,0,0,"[43.237887578456665, -76.69580486929048]","[np.float64(41.15083827745396), np.float64(-73.66912015939977)]",2026-06-13 15:34:10,389.2244478321478,1,7.709763354669864,340.58379189298415,26.139714674837855,65.39234722691796,11.961837177914267,4,4,3,1172,14,0.49189814814814814,9.010448289025378,1.0,ELECTRE-III,1
571,0392,0,0,"[43.237887578456665, -76.69580486929048]","[np.float64(40.51946326865131), np.float64(-76.8377454519946)]",2026-06-13 15:34:10,563.8387737970546,1,6.335096642577571,302.50361519097254,23.55162503469987,63.87131874026949,11.707238366387893,4,4,3,592,6,0.49189814814814814,11.707238366387893,0.4235181644359465,ELECTRE-III,1
572,0580,1,0,"[43.237887578456665, -76.69580486929048]","[np.float64(45.14600795418758), np.float64(-74.22434035818429)]",2026-06-13 15:34:10,360.6388106303331,1,4.053357853563606,289.5297633103928,22.645402572298774,62.36706519822256,2.33637729676163,1,1,1,1128,8,0.49189814814814814,0.3687847041690375,0.5984703632887189,ELECTRE-III,1
573,0582,1,0,"[43.237887578456665, -76.69580486929048]","[np.float64(42.5876613111998), np.float64(-71.83768924472187)]",2026-06-13 15:34:10,470.6496463004024,1,4.854200127532955,402.1273376304919,30.08946969785225,65.39975798216743,8.958158128693167,2,2,2,1181,4,0.49189814814814814,10.433852573137612,0.2208413001912046,ELECTRE-III,1
574,0710,1,0,"[43.237887578456665, -76.69580486929048]","[np.float64(40.33738995414572), np.float64(-76.70408721036215)]",2026-06-13 15:34:10,58.97253132173692,1,4.989586995770107,322.5218066573557,24.92565154924833,64.05786486688088,6.83453777215108,3,3,3,1497,2,0.49189814814814814,6.83453777215108,0.09751434034416825,ELECTRE-III,1
575,0847,0,0,"[43.237887578456665, -76.69580486929048]","[np.float64(44.87794131221349), np.float64(-72.93612358916735)]",2026-06-13 15:34:10,519.9531442424664,1,3.918526699476359,351.39385790142745,26.854516809602583,63.1885525402675,1.9544790794720672,4,4,3,523,2,0.49189814814814814,0.0,0.09751434034416825,ELECTRE-III,1
576,0946,0,0,"[43.237887578456665, -76.69580486929048]","[np.float64(42.04516368060606), np.float64(-72.70264486012896)]",2026-06-13 15:34:10,30.609943592861505,1,4.153987499417686,352.47552579585175,26.925550792430766,65.3291816374737,6.83453777215108,4,4,3,997,3,0.49189814814814814,3.391250735114043,0.16730401529636713,ELECTRE-III,1
577,0962,0,0,"[43.237887578456665, -76.69580486929048]","[np.float64(43.54440981664251), np.float64(-79.63040160234651)]",2026-06-13 15:34:10,671.1924911930671,1,6.067107105841009,239.54909112663816,19.04322012417854,60.446060833778134,7.958158128693167,4,4,3,1012,7,0.49189814814814814,12.3852414620265,0.5506692160611855,ELECTRE-III,1
578,0985,0,0,"[43.237887578456665, -76.69580486929048]","[np.float64(40.31208734352321), np.float64(-74.64876167859748)]",2026-06-13 15:34:10,49.37452348035102,1,2.265761158420508,366.9275598420824,27.86603803095041,65.34290348751624,9.33637729676163,3,3,3,540,5,0.49189814814814814,13.271562481946814,0.32217973231357555,ELECTRE-III,1
579,0151,0,0,"[42.641198837469766, -76.89860684612651]","[np.float64(40.11636173112846), np.float64(-73.39155605102516)]",2026-06-13 15:34:20,625.772844748461,1,2.4728878348642054,405.44464729281776,30.294078594814575,66.24175638228992,15.703559317166793,3,3,3,789,3,0.49212962962962964,15.703559317166793,0.16730401529636713,ELECTRE-III,1
580,0203,0,0,"[42.641198837469766, -76.89860684612651]","[np.float64(42.91473730034324), np.float64(-79.59129028307485)]",2026-06-13 15:34:20,401.83521750916475,1,7.402637357589794,221.85145061668214,17.72755392089946,60.85130961761333,6.332698247540531,2,2,2,671,6,0.49212962962962964,5.348438988281272,0.4235181644359465,ELECTRE-III,1
581,0374,0,0,"[42.641198837469766, -76.89860684612651]","[np.float64(41.15083827745396), np.float64(-73.66912015939977)]",2026-06-13 15:34:20,389.2244478321478,1,7.709763354669864,314.46957586910025,24.37652518469842,65.41617775693214,2.9618371779142674,4,4,3,1172,14,0.49212962962962964,0.0,1.0,ELECTRE-III,1
582,0392,0,0,"[42.641198837469766, -76.89860684612651]","[np.float64(40.51946326865131), np.float64(-76.8377454519946)]",2026-06-13 15:34:20,563.8387737970546,1,6.335096642577571,235.98084731230486,18.779575990909255,63.8974647044123,14.707238366387893,4,4,3,592,6,0.49212962962962964,12.246590218239744,0.4235181644359465,ELECTRE-III,1
583,0580,1,0,"[42.641198837469766, -76.89860684612651]","[np.float64(45.14600795418758), np.float64(-74.22434035818429)]",2026-06-13 15:34:20,360.6388106303331,1,4.053357853563606,351.3734347946703,26.853174749035286,62.387630897813466,1.33637729676163,1,1,1,1128,8,0.49212962962962964,0.0,0.5984703632887189,ELECTRE-III,1
584,0710,1,0,"[42.641198837469766, -76.89860684612651]","[np.float64(40.33738995414572), np.float64(-76.70408721036215)]",2026-06-13 15:34:20,58.97253132173692,1,4.989586995770107,256.68385913804093,20.29749189257622,64.08410645367206,4.83453777215108,3,3,3,1497,2,0.49212962962962964,6.803056290669598,0.09751434034416825,ELECTRE-III,1
585,0847,0,0,"[42.641198837469766, -76.89860684612651]","[np.float64(44.87794131221349), np.float64(-72.93612358916735)]",2026-06-13 15:34:20,519.9531442424664,1,3.918526699476359,403.80827372685513,30.193254698407667,63.20853084358979,6.954479079472067,4,4,3,523,2,0.49212962962962964,9.907256857249845,0.09751434034416825,ELECTRE-III,1
586,0946,0,0,"[42.641198837469766, -76.89860684612651]","[np.float64(42.04516368060606), np.float64(-72.70264486012896)]",2026-06-13 15:34:20,30.609943592861505,1,4.153987499417686,351.12445978694876,26.836811332142748,65.3515436768163,11.83453777215108,4,4,3,997,3,0.49212962962962964,7.897500735114043,0.16730401529636713,ELECTRE-III,1
587,0962,0,0,"[42.641198837469766, -76.89860684612651]","[np.float64(43.54440981664251), np.float64(-79.63040160234651)]",2026-06-13 15:34:20,671.1924911930671,1,6.067107105841009,243.482121277429,19.332849458304842,60.47080660914109,3.9581581286931673,4,4,3,1012,7,0.49212962962962964,6.910935906470945,0.5506692160611855,ELECTRE-III,1
588,0985,0,0,"[42.641198837469766, -76.89860684612651]","[np.float64(40.31208734352321), np.float64(-74.64876167859748)]",2026-06-13 15:34:20,49.37452348035102,1,2.265761158420508,319.6675987208905,24.731560106531923,65.36810688555359,13.33637729676163,3,3,3,540,5,0.49212962962962964,9.399340259724593,0.32217973231357555,ELECTRE-III,1
589,0151,0,0,"[42.04429494552401, -77.09834889821437]","[np.float64(40.11636173112846), np.float64(-73.39155605102516)]",2026-06-13 15:34:30,625.772844748461,1,2.4728878348642054,377.4176662071833,28.538651631532417,66.26639287462616,7.703559317166793,3,3,3,789,3,0.49236111111111114,11.15008709494457,0.16730401529636713,ELECTRE-III,1
590,0203,0,0,"[42.04429494552401, -77.09834889821437]","[np.float64(42.91473730034324), np.float64(-79.59129028307485)]",2026-06-13 15:34:30,401.83521750916475,1,7.402637357589794,226.1833643920009,18.051443227705217,60.87656082697487,5.332698247540531,2,2,2,671,6,0.49236111111111114,1.3938093586516418,0.4235181644359465,ELECTRE-III,1
591,0374,0,0,"[42.04429494552401, -77.09834889821437]","[np.float64(41.15083827745396), np.float64(-73.66912015939977)]",2026-06-13 15:34:30,389.2244478321478,1,7.709763354669864,301.9400908400423,23.512517554776423,65.43998096618964,4.961837177914267,4,4,3,1172,14,0.49236111111111114,2.5000316223587116,1.0,ELECTRE-III,1
592,0392,0,0,"[42.04429494552401, -77.09834889821437]","[np.float64(40.51946326865131), np.float64(-76.8377454519946)]",2026-06-13 15:34:30,563.8387737970546,1,6.335096642577571,170.94615950700216,13.837632855040017,63.92358334779843,14.707238366387893,4,4,3,592,6,0.49236111111111114,16.676682810832336,0.4235181644359465,ELECTRE-III,1
593,0710,1,0,"[42.04429494552401, -77.09834889821437]","[np.float64(40.33738995414572), np.float64(-76.70408721036215)]",2026-06-13 15:34:30,58.97253132173692,1,4.989586995770107,192.6445731296393,15.51390104671366,64.11033438008492,7.83453777215108,3,3,3,1497,2,0.49236111111111114,6.8498155499288575,0.09751434034416825,ELECTRE-III,1
593,0710,1,0,"[42.04429494552401, -77.09834889821437]","[np.float64(40.33738995414572), np.float64(-76.70408721036215)]",2026-06-13 15:34:30,58.97253132173692,1,4.989586995770107,192.6445731296393,15.51390104671366,64.11033438008492,7.83453777215108,3,3,3,1497,2,0.49236111111111114,6.8498155499288575,0.09751434034416825,ELECTRE-III,1
594,0946,0,0,"[42.04429494552401, -77.09834889821437]","[np.float64(42.04516368060606), np.float64(-72.70264486012896)]",2026-06-13 15:34:30,30.609943592861505,1,4.153987499417686,362.9394708179231,27.608106667335445,65.37387839540226,6.83453777215108,4,4,3,997,3,0.49236111111111114,8.311621105484413,0.16730401529636713,ELECTRE-III,1
595,0962,0,0,"[42.04429494552401, -77.09834889821437]","[np.float64(43.54440981664251), np.float64(-79.63040160234651)]",2026-06-13 15:34:30,671.1924911930671,1,6.067107105841009,265.5116594317379,20.935933130173087,60.49553189393654,4.958158128693167,4,4,3,1012,7,0.49236111111111114,0.5269081286931669,0.5506692160611855,ELECTRE-III,1
596,0985,0,0,"[42.04429494552401, -77.09834889821437]","[np.float64(40.31208734352321), np.float64(-74.64876167859748)]",2026-06-13 15:34:30,49.37452348035102,1,2.265761158420508,281.2767219248278,22.062607747359174,65.3932966232126,12.33637729676163,3,3,3,540,5,0.49236111111111114,8.39748840787274,0.32217973231357555,ELECTRE-III,1
597,0151,0,0,"[41.44718273280857, -77.29514713876993]","[np.float64(40.11636173112846), np.float64(-73.39155605102516)]",2026-06-13 15:34:40,625.772844748461,1,2.4728878348642054,360.4022593477621,27.443376219577015,66.29100204620572,14.703559317166793,3,3,3,789,3,0.4925925925925926,10.762818576426053,0.16730401529636713,ELECTRE-III,1
598,0203,0,0,"[41.44718273280857, -77.29514713876993]","[np.float64(42.91473730034324), np.float64(-79.59129028307485)]",2026-06-13 15:34:40,401.83521750916475,1,7.402637357589794,249.83324793712288,19.798382866858745,60.90178471557972,13.332698247540531,2,2,2,671,6,0.4925925925925926,8.899364914207197,0.4235181644359465,ELECTRE-III,1
599,0355,0,0,"[41.44718273280857, -77.29514713876993]","[np.float64(41.29855340154394), np.float64(-82.11865261300181)]",2026-06-13 15:34:40,401.4623755661215,1,5.294317639146014,402.7769524731112,30.12960434882493,60.13913262304527,19.078099436014156,2,2,2,994,10,0.4925925925925926,18.092914250828972,0.6902485659655831,ELECTRE-III,1
600,0374,0,0,"[41.44718273280857, -77.29514713876993]","[np.float64(41.15083827745396), np.float64(-73.66912015939977)]",2026-06-13 15:34:40,389.2244478321478,1,7.709763354669864,304.675625285103,23.702140553690324,65.46376368487962,9.961837177914267,4,4,3,1172,14,0.4925925925925926,7.006281622358712,1.0,ELECTRE-III,1
601,0392,0,0,"[41.44718273280857, -77.29514713876993]","[np.float64(40.51946326865131), np.float64(-76.8377454519946)]",2026-06-13 15:34:40,563.8387737970546,1,6.335096642577571,110.07087391177974,9.012247247551468,63.94968833080622,8.707238366387893,4,4,3,592,6,0.4925925925925926,10.677608736758263,0.4235181644359465,ELECTRE-III,1
602,0710,1,0,"[41.44718273280857, -77.29514713876993]","[np.float64(40.33738995414572), np.float64(-76.70408721036215)]",2026-06-13 15:34:40,58.97253132173692,1,4.989586995770107,133.02832933172863,10.851033363893954,64.13654181593026,4.83453777215108,3,3,3,1497,2,0.4925925925925926,3.356759994373302,0.09751434034416825,ELECTRE-III,1
602,0710,1,0,"[41.44718273280857, -77.29514713876993]","[np.float64(40.33738995414572), np.float64(-76.70408721036215)]",2026-06-13 15:34:40,58.97253132173692,1,4.989586995770107,133.02832933172863,10.851033363893954,64.13654181593026,4.83453777215108,3,3,3,1497,2,0.4925925925925926,3.356759994373302,0.09751434034416825,ELECTRE-III,1
603,0862,0,0,"[41.44718273280857, -77.29514713876993]","[np.float64(38.18300521625489), np.float64(-75.73259286359264)]",2026-06-13 15:34:40,111.58490009999585,1,6.067447638409067,386.6991409761052,29.126699405809806,65.9462960591735,4.332698247540531,2,2,2,510,7,0.4925925925925926,6.795661210503494,0.5506692160611855,ELECTRE-III,1
604,0946,0,0,"[41.44718273280857, -77.29514713876993]","[np.float64(42.04516368060606), np.float64(-72.70264486012896)]",2026-06-13 15:34:40,30.609943592861505,1,4.153987499417686,386.71532955129396,29.127719261075026,65.39619262342069,12.83453777215108,4,4,3,997,3,0.4925925925925926,16.28268592029923,0.16730401529636713,ELECTRE-III,1
605,0962,0,0,"[41.44718273280857, -77.29514713876993]","[np.float64(43.54440981664251), np.float64(-79.63040160234651)]",2026-06-13 15:34:40,671.1924911930671,1,6.067107105841009,301.7008253997681,23.495905974948858,60.520243518353645,5.958158128693167,4,4,3,1012,7,0.4925925925925926,3.0026025731376116,0.5506692160611855,ELECTRE-III,1
606,0985,0,0,"[41.44718273280857, -77.29514713876993]","[np.float64(40.31208734352321), np.float64(-74.64876167859748)]",2026-06-13 15:34:40,49.37452348035102,1,2.265761158420508,255.7799611634233,20.231819423170627,65.41845904011493,8.33637729676163,3,3,3,540,5,0.4925925925925926,9.321562481946815,0.32217973231357555,ELECTRE-III,1
607,0069,0,0,"[40.8498724446072, -77.48911085081996]","[np.float64(38.89179125886753), np.float64(-73.82283052086814)]",2026-06-13 15:34:50,344.81936322505214,1,5.619447928368869,381.12964109517225,28.774629086805277,66.80813615883488,5.078099436014156,4,4,3,538,12,0.4928240740740741,8.527867954532674,0.8307839388145315,ELECTRE-III,1
608,0151,0,0,"[40.8498724446072, -77.48911085081996]","[np.float64(40.11636173112846), np.float64(-73.39155605102516)]",2026-06-13 15:34:50,625.772844748461,1,2.4728878348642054,355.98056308709147,27.15511528930484,66.31559072721777,13.703559317166793,3,3,3,789,3,0.4928240740740741,14.68920746531494,0.16730401529636713,ELECTRE-III,1
609,0203,0,0,"[40.8498724446072, -77.48911085081996]","[np.float64(42.91473730034324), np.float64(-79.59129028307485)]",2026-06-13 15:34:50,401.83521750916475,1,7.402637357589794,288.0834530727717,22.54362308130971,60.92699494380624,7.332698247540531,2,2,2,671,6,0.4928240740740741,3.3901056549479383,0.4235181644359465,ELECTRE-III,1
610,0355,0,0,"[40.8498724446072, -77.48911085081996]","[np.float64(41.29855340154394), np.float64(-82.11865261300181)]",2026-06-13 15:34:50,401.4623755661215,1,5.294317639146014,391.2187930210392,29.41064474790968,60.16665828540042,17.078099436014156,2,2,2,994,10,0.4928240740740741,15.599627213791933,0.6902485659655831,ELECTRE-III,1
611,0374,0,0,"[40.8498724446072, -77.48911085081996]","[np.float64(41.15083827745396), np.float64(-73.66912015939977)]",2026-06-13 15:34:50,389.2244478321478,1,7.709763354669864,322.287344736151,24.90973064761917,65.48751225262376,3.9618371779142674,4,4,3,1172,14,0.4928240740740741,2.4833649556920454,1.0,ELECTRE-III,1
612,0392,0,0,"[40.8498724446072, -77.48911085081996]","[np.float64(40.51946326865131), np.float64(-76.8377454519946)]",2026-06-13 15:34:50,563.8387737970546,1,6.335096642577571,66.07831088677743,5.438947100176993,63.975772823246494,7.707238366387893,4,4,3,592,6,0.4928240740740741,5.2431179960175225,0.4235181644359465,ELECTRE-III,1
613,0710,1,0,"[40.8498724446072, -77.48911085081996]","[np.float64(40.33738995414572), np.float64(-76.70408721036215)]",2026-06-13 15:34:50,58.97253132173692,1,4.989586995770107,87.41141656274368,7.178775670398495,64.16272876120809,6.83453777215108,3,3,3,1497,2,0.4928240740740741,10.777130364743673,0.09751434034416825,ELECTRE-III,1
613,0710,1,0,"[40.8498724446072, -77.48911085081996]","[np.float64(40.33738995414572), np.float64(-76.70408721036215)]",2026-06-13 15:34:50,58.97253132173692,1,4.989586995770107,87.41141656274368,7.178775670398495,64.16272876120809,6.83453777215108,3,3,3,1497,2,0.4928240740740741,10.777130364743673,0.09751434034416825,ELECTRE-III,1
614,0763,0,0,"[40.8498724446072, -77.48911085081996]","[np.float64(37.24493014260311), np.float64(-76.69208872012382)]",2026-06-13 15:34:50,36.44792174055178,1,5.751578165260005,406.71227829221004,30.372040498149694,65.79557427475883,5.961837177914267,3,3,3,911,11,0.4928240740740741,1.033596437173527,0.7523900573613767,ELECTRE-III,1
615,0862,0,0,"[40.8498724446072, -77.48911085081996]","[np.float64(38.18300521625489), np.float64(-75.73259286359264)]",2026-06-13 15:34:50,111.58490009999585,1,6.067447638409067,332.6067792538121,25.606559229125995,65.9740402875821,8.332698247540531,2,2,2,510,7,0.4928240740740741,9.318346395688678,0.5506692160611855,ELECTRE-III,1
616,0962,0,0,"[40.8498724446072, -77.48911085081996]","[np.float64(43.54440981664251), np.float64(-79.63040160234651)]",2026-06-13 15:34:50,671.1924911930671,1,6.067107105841009,347.6566770834841,26.6084063160318,60.54493465220324,8.958158128693167,4,4,3,1012,7,0.4928240740740741,8.465334054619094,0.5506692160611855,ELECTRE-III,1
617,0985,0,0,"[40.8498724446072, -77.48911085081996]","[np.float64(40.31208734352321), np.float64(-74.64876167859748)]",2026-06-13 15:34:50,49.37452348035102,1,2.265761158420508,247.1997336793092,19.605674428924353,65.44359413626057,7.336377296761629,3,3,3,540,5,0.4928240740740741,4.872256926391259,0.32217973231357555,ELECTRE-III,1
618,0069,0,0,"[40.25237432620366, -77.68035614758031]","[np.float64(38.89179125886753), np.float64(-73.82283052086814)]",2026-06-13 15:35:00,344.81936322505214,1,5.619447928368869,363.5603362233269,27.64834164558749,66.83417283995098,11.078099436014156,4,4,3,538,12,0.4930555555555556,8.119766102680822,0.8307839388145315,ELECTRE-III,1
619,0151,0,0,"[40.25237432620366, -77.68035614758031]","[np.float64(40.11636173112846), np.float64(-73.39155605102516)]",2026-06-13 15:35:00,625.772844748461,1,2.4728878348642054,364.6114273995496,27.716389829696013,66.34014525728395,15.703559317166793,3,3,3,789,3,0.4930555555555556,19.648003761611236,0.16730401529636713,ELECTRE-III,1
620,0203,0,0,"[40.25237432620366, -77.68035614758031]","[np.float64(42.91473730034324), np.float64(-79.59129028307485)]",2026-06-13 15:35:00,401.83521750916475,1,7.402637357589794,335.9843391489741,25.83289078969849,60.95219151165442,11.332698247540531,2,2,2,671,6,0.4930555555555556,10.839642691984976,0.4235181644359465,ELECTRE-III,1
621,0340,0,0,"[40.25237432620366, -77.68035614758031]","[np.float64(36.97291179604664), np.float64(-76.79462076709507)]",2026-06-13 15:35:00,631.0066516702844,1,5.162235949505593,372.6858765650356,28.23630319712841,65.88285726216243,8.710917415608993,1,1,1,590,14,0.4930555555555556,8.710917415608993,1.0,ELECTRE-III,1
622,0355,0,0,"[40.25237432620366, -77.68035614758031]","[np.float64(41.29855340154394), np.float64(-82.11865261300181)]",2026-06-13 15:35:00,401.4623755661215,1,5.294317639146014,391.3601812655014,29.419501962528898,60.19417028737723,14.078099436014156,2,2,2,994,10,0.4930555555555556,12.105877213791935,0.6902485659655831,ELECTRE-III,1
623,0374,0,0,"[40.25237432620366, -77.68035614758031]","[np.float64(41.15083827745396), np.float64(-73.66912015939977)]",2026-06-13 15:35:00,389.2244478321478,1,7.709763354669864,352.5532094207012,26.93064889920583,65.51124032980039,3.9618371779142674,4,4,3,1172,14,0.4930555555555556,0.5104482890253781,1.0,ELECTRE-III,1
624,0392,0,0,"[40.25237432620366, -77.68035614758031]","[np.float64(40.51946326865131), np.float64(-76.8377454519946)]",2026-06-13 15:35:00,563.8387737970546,1,6.335096642577571,77.29913189051246,6.355524750050206,64.00183682511926,8.707238366387893,4,4,3,592,6,0.4930555555555556,10.186405033054559,0.4235181644359465,ELECTRE-III,1
625,0560,0,0,"[40.25237432620366, -77.68035614758031]","[np.float64(36.98439248990215), np.float64(-76.73374625290286)]",2026-06-13 15:35:00,324.28935478370477,1,7.813690950519929,372.5663328788276,28.22864235329129,65.92023205730074,8.205398841777342,3,3,3,731,12,0.4930555555555556,3.767898841777342,0.8307839388145315,ELECTRE-III,1
626,0710,1,0,"[40.25237432620366, -77.68035614758031]","[np.float64(40.33738995414572), np.float64(-76.70408721036215)]",2026-06-13 15:35:00,58.97253132173692,1,4.989586995770107,83.33619432162526,6.8473468442854095,64.18889521591841,0.0,3,3,3,1497,2,0.4930555555555556,0.0,0.09751434034416825,ELECTRE-III,1
626,0710,1,0,"[40.25237432620366, -77.68035614758031]","[np.float64(40.33738995414572), np.float64(-76.70408721036215)]",2026-06-13 15:35:00,58.97253132173692,1,4.989586995770107,83.33619432162526,6.8473468442854095,64.18889521591841,0.0,3,3,3,1497,2,0.4930555555555556,0.0,0.09751434034416825,ELECTRE-III,1
627,0763,0,0,"[40.25237432620366, -77.68035614758031]","[np.float64(37.24493014260311), np.float64(-76.69208872012382)]",2026-06-13 15:35:00,36.44792174055178,1,5.751578165260005,345.2131691038976,26.446914844172703,65.82460940892057,0.0,3,3,3,911,11,0.4930555555555556,0.0,0.7523900573613767,ELECTRE-III,1
628,0862,0,0,"[40.25237432620366, -77.68035614758031]","[np.float64(38.18300521625489), np.float64(-75.73259286359264)]",2026-06-13 15:35:00,111.58490009999585,1,6.067447638409067,284.7685247436503,22.309778923114777,66.00177085561235,1.332698247540531,2,2,2,510,7,0.4930555555555556,2.318809358651642,0.5506692160611855,ELECTRE-III,1
629,0962,0,0,"[40.25237432620366, -77.68035614758031]","[np.float64(43.54440981664251), np.float64(-79.63040160234651)]",2026-06-13 15:35:00,671.1924911930671,1,6.067107105841009,400.027545768553,29.95951684494945,60.569605295485324,2.9581581286931673,4,4,3,1012,7,0.4930555555555556,5.423435906470945,0.5506692160611855,ELECTRE-III,1
630,0985,0,0,"[40.25237432620366, -77.68035614758031]","[np.float64(40.31208734352321), np.float64(-74.64876167859748)]",2026-06-13 15:35:00,49.37452348035102,1,2.265761158420508,257.2350095614967,20.337508284153486,65.46870874183871,9.33637729676163,3,3,3,540,5,0.4930555555555556,13.280821741206074,0.32217973231357555,ELECTRE-III,1
631,0069,0,0,"[39.654688377597935, -77.8689786516994]","[np.float64(38.89179125886753), np.float64(-73.82283052086814)]",2026-06-13 15:35:10,344.81936322505214,1,5.619447928368869,358.4390278481495,27.315573262631922,66.86018220031039,11.078099436014156,4,4,3,538,12,0.493287037037037,10.58481239897712,0.8307839388145315,ELECTRE-III,1
632,0151,0,0,"[39.654688377597935, -77.8689786516994]","[np.float64(40.11636173112846), np.float64(-73.39155605102516)]",2026-06-13 15:35:10,625.772844748461,1,2.4728878348642054,385.4181275609567,29.045933401626616,66.36467929678264,14.703559317166793,3,3,3,789,3,0.493287037037037,10.26397598383346,0.16730401529636713,ELECTRE-III,1
633,0203,0,0,"[39.654688377597935, -77.8689786516994]","[np.float64(42.91473730034324), np.float64(-79.59129028307485)]",2026-06-13 15:35:10,401.83521750916475,1,7.402637357589794,389.9977477089006,29.33408857183851,60.97736075874592,9.332698247540531,2,2,2,671,6,0.493287037037037,5.879688988281272,0.4235181644359465,ELECTRE-III,1
634,0340,0,0,"[39.654688377597935, -77.8689786516994]","[np.float64(36.97291179604664), np.float64(-76.79462076709507)]",2026-06-13 15:35:10,631.0066516702844,1,5.162235949505593,312.5777417740247,24.246811082657914,65.91216560389095,2.710917415608993,1,1,1,590,14,0.493287037037037,0.0,1.0,ELECTRE-III,1
635,0355,0,0,"[39.654688377597935, -77.8689786516994]","[np.float64(41.29855340154394), np.float64(-82.11865261300181)]",2026-06-13 15:35:10,401.4623755661215,1,5.294317639146014,403.190895439146,30.155161658453324,60.221668628975706,11.078099436014156,2,2,2,994,10,0.493287037037037,7.625090176754897,0.6902485659655831,ELECTRE-III,1
636,0374,0,0,"[39.654688377597935, -77.8689786516994]","[np.float64(41.15083827745396), np.float64(-73.66912015939977)]",2026-06-13 15:35:10,389.2244478321478,1,7.709763354669864,392.55673431531153,29.494397762987358,65.5349479164095,2.9618371779142674,4,4,3,1172,14,0.493287037037037,3.4551242149513044,1.0,ELECTRE-III,1
637,0392,0,0,"[39.654688377597935, -77.8689786516994]","[np.float64(40.51946326865131), np.float64(-76.8377454519946)]",2026-06-13 15:35:10,563.8387737970546,1,6.335096642577571,130.16252549865052,10.622648088395659,64.02788033642452,12.707238366387893,4,4,3,592,6,0.493287037037037,15.666960588610115,0.4235181644359465,ELECTRE-III,1
638,0560,0,0,"[39.654688377597935, -77.8689786516994]","[np.float64(36.98439248990215), np.float64(-76.73374625290286)]",2026-06-13 15:35:10,324.28935478370477,1,7.813690950519929,312.9966617283399,24.275557307343004,65.94950624808342,11.205398841777342,3,3,3,731,12,0.493287037037037,6.272528471406972,0.8307839388145315,ELECTRE-III,1
639,0710,1,0,"[39.654688377597935, -77.8689786516994]","[np.float64(40.33738995414572), np.float64(-76.70408721036215)]",2026-06-13 15:35:10,58.97253132173692,1,4.989586995770107,124.93682218559667,10.205318949274789,64.2150411800612,4.83453777215108,3,3,3,1497,2,0.493287037037037,8.28754703141034,0.09751434034416825,ELECTRE-III,1
639,0710,1,0,"[39.654688377597935, -77.8689786516994]","[np.float64(40.33738995414572), np.float64(-76.70408721036215)]",2026-06-13 15:35:10,58.97253132173692,1,4.989586995770107,124.93682218559667,10.205318949274789,64.2150411800612,4.83453777215108,3,3,3,1497,2,0.493287037037037,8.28754703141034,0.09751434034416825,ELECTRE-III,1
640,0763,0,0,"[39.654688377597935, -77.8689786516994]","[np.float64(37.24493014260311), np.float64(-76.69208872012382)]",2026-06-13 15:35:10,36.44792174055178,1,5.751578165260005,286.8760860495114,22.45854332432934,65.85363088270395,0.0,3,3,3,911,11,0.493287037037037,1.479861111111111,0.7523900573613767,ELECTRE-III,1
641,0862,0,0,"[39.654688377597935, -77.8689786516994]","[np.float64(38.18300521625489), np.float64(-75.73259286359264)]",2026-06-13 15:35:10,111.58490009999585,1,6.067447638409067,246.84654894780854,19.57979473930802,66.02947410288593,3.332698247540531,2,2,2,510,7,0.493287037037037,0.0,0.5506692160611855,ELECTRE-III,1
642,0985,0,0,"[39.654688377597935, -77.8689786516994]","[np.float64(40.31208734352321), np.float64(-74.64876167859748)]",2026-06-13 15:35:10,49.37452348035102,1,2.265761158420508,283.9181227814326,22.249662414525805,65.49379602666016,7.336377296761629,3,3,3,540,5,0.493287037037037,7.829664333798666,0.32217973231357555,ELECTRE-III,1
643,0069,0,0,"[39.05682825916838, -78.05508081601472]","[np.float64(38.89179125886753), np.float64(-73.82283052086814)]",2026-06-13 15:35:20,344.81936322505214,1,5.619447928368869,366.2885671353042,27.824793072449484,66.88616423991311,11.078099436014156,4,4,3,538,12,0.4935185185185185,11.078099436014156,0.8307839388145315,ELECTRE-III,1
644,0243,0,0,"[39.05682825916838, -78.05508081601472]","[np.float64(36.07661015360819), np.float64(-79.6780081485772)]",2026-06-13 15:35:20,820.7391712572143,2,4.892460939415273,360.92110708965276,27.477102964494794,64.23664506840596,6.0817784852352545,1,1,1,648,12,0.4935185185185185,3.614185892642662,0.8307839388145315,ELECTRE-III,1
645,0340,0,0,"[39.05682825916838, -78.05508081601472]","[np.float64(36.97291179604664), np.float64(-76.79462076709507)]",2026-06-13 15:35:20,631.0066516702844,1,5.162235949505593,256.6786769842023,20.297115543021643,65.94146711543031,1.7109174156089928,1,1,1,590,14,0.4935185185185185,1.7109174156089928,1.0,ELECTRE-III,1
646,0392,0,0,"[39.05682825916838, -78.05508081601472]","[np.float64(40.51946326865131), np.float64(-76.8377454519946)]",2026-06-13 15:35:20,563.8387737970546,1,6.335096642577571,193.04925866894513,15.544916498018985,64.05390335716227,16.70723836638789,4,4,3,592,6,0.4935185185185185,12.265571699721225,0.4235181644359465,ELECTRE-III,1
647,0560,0,0,"[39.05682825916838, -78.05508081601472]","[np.float64(36.98439248990215), np.float64(-76.73374625290286)]",2026-06-13 15:35:20,324.28935478370477,1,7.813690950519929,257.87141563214857,20.38368891824526,65.97876677848775,3.205398841777342,3,3,3,731,12,0.4935185185185185,0.0,0.8307839388145315,ELECTRE-III,1
648,0710,1,0,"[39.05682825916838, -78.05508081601472]","[np.float64(40.33738995414572), np.float64(-76.70408721036215)]",2026-06-13 15:35:20,58.97253132173692,1,4.989586995770107,183.39554323186886,14.802533812521325,64.24116665363651,0.0,3,3,3,1497,2,0.4935185185185185,0.0,0.09751434034416825,ELECTRE-III,1
648,0710,1,0,"[39.05682825916838, -78.05508081601472]","[np.float64(40.33738995414572), np.float64(-76.70408721036215)]",2026-06-13 15:35:20,58.97253132173692,1,4.989586995770107,183.39554323186886,14.802533812521325,64.24116665363651,0.0,3,3,3,1497,2,0.4935185185185185,0.0,0.09751434034416825,ELECTRE-III,1
649,0763,0,0,"[39.05682825916838, -78.05508081601472]","[np.float64(37.24493014260311), np.float64(-76.69208872012382)]",2026-06-13 15:35:20,36.44792174055178,1,5.751578165260005,234.0787216425435,18.638696431399985,65.88263186591982,6.961837177914267,3,3,3,911,11,0.4935185185185185,4.9877631038401935,0.7523900573613767,ELECTRE-III,1
650,0862,0,0,"[39.05682825916838, -78.05508081601472]","[np.float64(38.18300521625489), np.float64(-75.73259286359264)]",2026-06-13 15:35:20,111.58490009999585,1,6.067447638409067,223.9376900898311,17.88368578862589,66.05716368978116,6.332698247540531,2,2,2,510,7,0.4935185185185185,6.332698247540531,0.5506692160611855,ELECTRE-III,1
651,0985,0,0,"[39.05682825916838, -78.05508081601472]","[np.float64(40.31208734352321), np.float64(-74.64876167859748)]",2026-06-13 15:35:20,49.37452348035102,1,2.265761158420508,323.1513680430883,24.968380942885865,65.51886282091411,7.336377296761629,3,3,3,540,5,0.4935185185185185,2.8947106300949628,0.32217973231357555,ELECTRE-III,1
652,0069,0,0,"[38.45879738600957, -78.23875143298554]","[np.float64(38.89179125886753), np.float64(-73.82283052086814)]",2026-06-13 15:35:30,344.81936322505214,1,5.619447928368869,386.31834654736656,29.102704109542675,66.91211895875917,8.078099436014156,4,4,3,538,12,0.49375,8.078099436014156,0.8307839388145315,ELECTRE-III,1
653,0243,0,0,"[38.45879738600957, -78.23875143298554]","[np.float64(36.07661015360819), np.float64(-79.6780081485772)]",2026-06-13 15:35:30,820.7391712572143,2,4.892460939415273,293.903842624048,22.952296622963367,64.26768827818367,8.081778485235255,1,1,1,648,12,0.49375,11.044278485235255,0.8307839388145315,ELECTRE-III,1
654,0340,0,0,"[38.45879738600957, -78.23875143298554]","[np.float64(36.97291179604664), np.float64(-76.79462076709507)]",2026-06-13 15:35:30,631.0066516702844,1,5.162235949505593,208.40317014392465,16.714631503142,65.97074130621299,6.710917415608993,1,1,1,590,14,0.49375,8.685917415608992,1.0,ELECTRE-III,1
655,0392,0,0,"[38.45879738600957, -78.23875143298554]","[np.float64(40.51946326865131), np.float64(-76.8377454519946)]",2026-06-13 15:35:30,563.8387737970546,1,6.335096642577571,258.75202598726077,20.44754457093952,64.0799058873325,11.707238366387893,4,4,3,592,6,0.49375,16.150988366387892,0.4235181644359465,ELECTRE-III,1
656,0560,0,0,"[38.45879738600957, -78.23875143298554]","[np.float64(36.98439248990215), np.float64(-76.73374625290286)]",2026-06-13 15:35:30,324.28935478370477,1,7.813690950519929,210.7077437436142,16.888996306055105,66.00801364851375,7.205398841777342,3,3,3,731,12,0.49375,11.155398841777341,0.8307839388145315,ELECTRE-III,1
657,0710,1,0,"[38.45879738600957, -78.23875143298554]","[np.float64(40.33738995414572), np.float64(-76.70408721036215)]",2026-06-13 15:35:30,58.97253132173692,1,4.989586995770107,247.02079753101708,19.592563882937384,64.2672716366443,7.83453777215108,3,3,3,1497,2,0.49375,4.87203777215108,0.09751434034416825,ELECTRE-III,1
658,0763,0,0,"[38.45879738600957, -78.23875143298554]","[np.float64(37.24493014260311), np.float64(-76.69208872012382)]",2026-06-13 15:35:30,36.44792174055178,1,5.751578165260005,191.4597673715494,15.423042947631961,65.91161235856819,0.9618371779142674,3,3,3,911,11,0.49375,0.0,0.7523900573613767,ELECTRE-III,1
659,0862,0,0,"[38.45879738600957, -78.23875143298554]","[np.float64(38.18300521625489), np.float64(-75.73259286359264)]",2026-06-13 15:35:30,111.58490009999585,1,6.067447638409067,220.76561945608773,17.64618358963883,66.08483278610888,9.332698247540531,2,2,2,510,7,0.49375,6.863948247540531,0.5506692160611855,ELECTRE-III,1
660,0985,0,0,"[38.45879738600957, -78.23875143298554]","[np.float64(40.31208734352321), np.float64(-74.64876167859748)]",2026-06-13 15:35:30,49.37452348035102,1,2.265761158420508,370.97377414008855,28.126479818319172,65.54390912460055,5.336377296761629,3,3,3,540,5,0.49375,1.386377296761629,0.32217973231357555,ELECTRE-III,1
661,0243,0,0,"[37.86060600340527, -78.42009295544938]","[np.float64(36.07661015360819), np.float64(-79.6780081485772)]",2026-06-13 15:35:40,820.7391712572143,2,4.892460939415273,227.67834159793762,18.162944678122415,64.29871782758303,6.0817784852352545,1,1,1,648,12,0.49398148148148147,6.575759966716736,0.8307839388145315,ELECTRE-III,1
662,0340,0,0,"[37.86060600340527, -78.42009295544938]","[np.float64(36.97291179604664), np.float64(-76.79462076709507)]",2026-06-13 15:35:40,631.0066516702844,1,5.162235949505593,174.2102565089996,14.091418773033176,66.0000086668065,0.7109174156089928,1,1,1,590,14,0.49398148148148147,2.6868433415349187,1.0,ELECTRE-III,1
663,0392,0,0,"[37.86060600340527, -78.42009295544938]","[np.float64(40.51946326865131), np.float64(-76.8377454519946)]",2026-06-13 15:35:40,563.8387737970546,1,6.335096642577571,325.5708830178522,25.13232137027497,64.10588792693524,14.707238366387893,4,4,3,592,6,0.49398148148148147,16.189182810832335,0.4235181644359465,ELECTRE-III,1
664,0560,0,0,"[37.86060600340527, -78.42009295544938]","[np.float64(36.98439248990215), np.float64(-76.73374625290286)]",2026-06-13 15:35:40,324.28935478370477,1,7.813690950519929,177.95427967986473,14.381825433568613,66.03724002797223,10.205398841777342,3,3,3,731,12,0.49398148148148147,13.16928773066623,0.8307839388145315,ELECTRE-III,1
665,0710,1,0,"[37.86060600340527, -78.42009295544938]","[np.float64(40.33738995414572), np.float64(-76.70408721036215)]",2026-06-13 15:35:40,58.97253132173692,1,4.989586995770107,312.67492363196834,24.253480845308953,64.29335612908457,3.83453777215108,3,3,3,1497,2,0.49398148148148147,2.3525933277066358,0.09751434034416825,ELECTRE-III,1
666,0763,0,0,"[37.86060600340527, -78.42009295544938]","[np.float64(37.24493014260311), np.float64(-76.69208872012382)]",2026-06-13 15:35:40,36.44792174055178,1,5.751578165260005,167.00423759163203,13.530406478173537,65.9405791908382,0.0,3,3,3,911,11,0.49398148148148147,4.445833333333333,0.7523900573613767,ELECTRE-III,1
667,0862,0,0,"[37.86060600340527, -78.42009295544938]","[np.float64(38.18300521625489), np.float64(-75.73259286359264)]",2026-06-13 15:35:40,111.58490009999585,1,6.067447638409067,238.1215204860725,18.937842076532633,66.11247456167992,6.332698247540531,2,2,2,510,7,0.49398148148148147,2.380846395688679,0.5506692160611855,ELECTRE-III,1
668,0243,0,0,"[37.26225752645006, -78.59918051548712]","[np.float64(36.07661015360819), np.float64(-79.6780081485772)]",2026-06-13 15:35:50,820.7391712572143,2,4.892460939415273,163.21309800924735,13.234181761511778,64.32974054679323,10.081778485235255,1,1,1,648,12,0.49421296296296297,6.12807478153155,0.8307839388145315,ELECTRE-III,1
669,0340,0,0,"[37.26225752645006, -78.59918051548712]","[np.float64(36.97291179604664), np.float64(-76.79462076709507)]",2026-06-13 15:35:50,631.0066516702844,1,5.162235949505593,163.20447670079324,13.233507298474684,66.0292555368325,2.710917415608993,1,1,1,590,14,0.49421296296296297,4.193556304497882,1.0,ELECTRE-III,1
670,0392,0,0,"[37.26225752645006, -78.59918051548712]","[np.float64(40.51946326865131), np.float64(-76.8377454519946)]",2026-06-13 15:35:50,563.8387737970546,1,6.335096642577571,392.937065985933,29.518180686717862,64.13184947597045,15.707238366387893,4,4,3,592,6,0.49421296296296297,17.18987725527678,0.4235181644359465,ELECTRE-III,1
671,0560,0,0,"[37.26225752645006, -78.59918051548712]","[np.float64(36.98439248990215), np.float64(-76.73374625290286)]",2026-06-13 15:35:50,324.28935478370477,1,7.813690950519929,168.24781657669644,13.627415332557186,66.06645274705238,8.205398841777342,3,3,3,731,12,0.49421296296296297,11.17067661955512,0.8307839388145315,ELECTRE-III,1
672,0710,1,0,"[37.26225752645006, -78.59918051548712]","[np.float64(40.33738995414572), np.float64(-76.70408721036215)]",2026-06-13 15:35:50,58.97253132173692,1,4.989586995770107,379.3059738507587,28.65882776251907,64.31942013095734,2.83453777215108,3,3,3,1497,2,0.49421296296296297,0.0,0.09751434034416825,ELECTRE-III,1
673,0763,0,0,"[37.26225752645006, -78.59918051548712]","[np.float64(37.24493014260311), np.float64(-76.69208872012382)]",2026-06-13 15:35:50,36.44792174055178,1,5.751578165260005,168.79966091179097,13.670438029405238,65.9695323627299,6.961837177914267,3,3,3,911,11,0.49421296296296297,4.4907723630994525,0.7523900573613767,ELECTRE-III,1
674,0862,0,0,"[37.26225752645006, -78.59918051548712]","[np.float64(38.18300521625489), np.float64(-75.73259286359264)]",2026-06-13 15:35:50,111.58490009999585,1,6.067447638409067,272.10449238386224,21.409222038852736,66.14010267687263,8.332698247540531,2,2,2,510,7,0.49421296296296297,3.884781580873864,0.5506692160611855,ELECTRE-III,1
675,0930,0,0,"[37.26225752645006, -78.59918051548712]","[np.float64(34.96653568748317), np.float64(-81.95412306879736)]",2026-06-13 15:35:50,475.27423855918437,1,6.999642105278711,394.900412037291,29.640775037592356,62.98373565762633,5.459997653303718,1,1,1,1321,8,0.49421296296296297,3.9773587644148294,0.5984703632887189,ELECTRE-III,1
676,0243,0,0,"[36.66375878533311, -78.77609607536878]","[np.float64(36.07661015360819), np.float64(-79.6780081485772)]",2026-06-13 15:36:00,820.7391712572143,2,4.892460939415273,103.8425003929156,8.509973429454034,64.36074960562509,6.0817784852352545,1,1,1,648,12,0.49444444444444446,4.598445151901921,0.8307839388145315,ELECTRE-III,1
677,0305,0,0,"[36.66375878533311, -78.77609607536878]","[np.float64(33.57320925446322), np.float64(-78.89079433950931)]",2026-06-13 15:36:00,923.3508122671959,2,6.194395476627538,343.81212621637434,26.35411503053373,65.85835054342043,4.0817784852352545,4,4,3,790,7,0.49444444444444446,7.542889596346366,0.5506692160611855,ELECTRE-III,1
678,0340,0,0,"[36.66375878533311, -78.77609607536878]","[np.float64(36.97291179604664), np.float64(-76.79462076709507)]",2026-06-13 15:36:00,631.0066516702844,1,5.162235949505593,179.6981597987016,14.516833906367502,66.05848191629097,0.7109174156089928,1,1,1,590,14,0.49444444444444446,2.194250748942326,1.0,ELECTRE-III,1
679,0560,0,0,"[36.66375878533311, -78.77609607536878]","[np.float64(36.98439248990215), np.float64(-76.73374625290286)]",2026-06-13 15:36:00,324.28935478370477,1,7.813690950519929,185.2474950896472,14.945354109208292,66.09564497556501,7.205398841777342,3,3,3,731,12,0.49444444444444446,7.205398841777342,0.8307839388145315,ELECTRE-III,1
680,0763,0,0,"[36.66375878533311, -78.77609607536878]","[np.float64(37.24493014260311), np.float64(-76.69208872012382)]",2026-06-13 15:36:00,36.44792174055178,1,5.751578165260005,196.12660555813846,15.780460554682291,65.99846504405407,6.961837177914267,3,3,3,911,11,0.49444444444444446,2.0173927334698227,0.7523900573613767,ELECTRE-III,1
681,0806,0,0,"[36.66375878533311, -78.77609607536878]","[np.float64(34.89600267667592), np.float64(-82.3344915581176)]",2026-06-13 15:36:00,800.5400672661684,2,6.898029121425463,376.35986896266513,28.47121095550514,62.74128443265839,5.961837177914267,2,2,2,753,13,0.49444444444444446,4.972948289025378,0.9369024856596558,ELECTRE-III,1
682,0862,0,0,"[36.66375878533311, -78.77609607536878]","[np.float64(38.18300521625489), np.float64(-75.73259286359264)]",2026-06-13 15:36:00,111.58490009999585,1,6.067447638409067,317.4183190921728,24.57817675164791,66.16771030149782,7.332698247540531,2,2,2,510,7,0.49444444444444446,7.332698247540531,0.5506692160611855,ELECTRE-III,1
683,0930,0,0,"[36.66375878533311, -78.77609607536878]","[np.float64(34.96653568748317), np.float64(-81.95412306879736)]",2026-06-13 15:36:00,475.27423855918437,1,6.999642105278711,343.0893179788728,26.306180594450574,63.01616539580555,3.4599976533037182,1,1,1,1321,8,0.49444444444444446,7.415553208859274,0.5984703632887189,ELECTRE-III,1
684,0243,0,0,"[36.065116610243585, -78.9509284275536]","[np.float64(36.07661015360819), np.float64(-79.6780081485772)]",2026-06-13 15:36:10,820.7391712572143,2,4.892460939415273,65.36067527890026,5.3802265732313215,64.39174500407862,13.081778485235255,1,1,1,648,12,0.4946759259259259,12.092426633383402,0.8307839388145315,ELECTRE-III,1
685,0305,0,0,"[36.065116610243585, -78.9509284275536]","[np.float64(33.57320925446322), np.float64(-78.89079433950931)]",2026-06-13 15:36:10,923.3508122671959,2,6.194395476627538,277.14219672472365,21.76881960188129,65.89119009294986,0.08177848523525455,4,4,3,790,7,0.4946759259259259,0.5764544111611805,0.5506692160611855,ELECTRE-III,1
686,0340,0,0,"[36.065116610243585, -78.9509284275536]","[np.float64(36.97291179604664), np.float64(-76.79462076709507)]",2026-06-13 15:36:10,631.0066516702844,1,5.162235949505593,217.52415610088596,17.402837041433244,66.08769463537112,7.710917415608993,1,1,1,590,14,0.4946759259259259,9.19494519338677,1.0,ELECTRE-III,1
687,0560,0,0,"[36.065116610243585, -78.9509284275536]","[np.float64(36.98439248990215), np.float64(-76.73374625290286)]",2026-06-13 15:36:10,324.28935478370477,1,7.813690950519929,222.92601667013417,17.80800739424482,66.1248235436993,7.205398841777342,3,3,3,731,12,0.4946759259259259,11.657482175110676,0.8307839388145315,ELECTRE-III,1
688,0733,0,0,"[36.065116610243585, -78.9509284275536]","[np.float64(32.71206621206638), np.float64(-80.19923483589305)]",2026-06-13 15:36:10,138.32197964629103,1,4.713566060451443,390.0298581146862,29.33610327997457,65.10089622484435,3.9581581286931673,1,1,1,932,9,0.4946759259259259,3.463482202767241,0.6701720841300192,ELECTRE-III,1
689,0763,0,0,"[36.065116610243585, -78.9509284275536]","[np.float64(37.24493014260311), np.float64(-76.69208872012382)]",2026-06-13 15:36:10,36.44792174055178,1,5.751578165260005,240.4324021066795,19.108356021519803,66.02737723481073,5.961837177914267,3,3,3,911,11,0.4946759259259259,9.42456865939575,0.7523900573613767,ELECTRE-III,1
690,0806,0,0,"[36.065116610243585, -78.9509284275536]","[np.float64(34.89600267667592), np.float64(-82.3344915581176)]",2026-06-13 15:36:10,800.5400672661684,2,6.898029121425463,332.78692730525285,25.618652754796177,62.7738302840535,0.9618371779142674,2,2,2,753,13,0.4946759259259259,0.0,0.9369024856596558,ELECTRE-III,1
691,0862,0,0,"[36.065116610243585, -78.9509284275536]","[np.float64(38.18300521625489), np.float64(-75.73259286359264)]",2026-06-13 15:36:10,111.58490009999585,1,6.067447638409067,369.92274949131223,28.05894977479276,66.1952974355555,0.3326982475405309,2,2,2,510,7,0.4946759259259259,0.0,0.5506692160611855,ELECTRE-III,1
692,0930,0,0,"[36.065116610243585, -78.9509284275536]","[np.float64(34.96653568748317), np.float64(-81.95412306879736)]",2026-06-13 15:36:10,475.27423855918437,1,6.999642105278711,297.98139965386906,23.237138007784825,63.04858147360643,6.459997653303718,1,1,1,1321,8,0.4946759259259259,7.4493495051555705,0.5984703632887189,ELECTRE-III,1
693,0243,0,0,"[35.46633441627608, -79.12374587393326]","[np.float64(36.07661015360819), np.float64(-79.6780081485772)]",2026-06-13 15:36:20,820.7391712572143,2,4.892460939415273,84.2932256292283,6.925222297761839,64.42272674215378,6.0817784852352545,1,1,1,648,12,0.4949074074074074,7.071593300050069,0.8307839388145315,ELECTRE-III,1
694,0305,0,0,"[35.46633441627608, -79.12374587393326]","[np.float64(33.57320925446322), np.float64(-78.89079433950931)]",2026-06-13 15:36:20,923.3508122671959,2,6.194395476627538,211.58511152911794,16.955293840982716,65.92401598210093,3.0817784852352545,4,4,3,790,7,0.4949074074074074,1.102148855605625,0.5506692160611855,ELECTRE-III,1
695,0340,0,0,"[35.46633441627608, -79.12374587393326]","[np.float64(36.97291179604664), np.float64(-76.79462076709507)]",2026-06-13 15:36:20,631.0066516702844,1,5.162235949505593,267.79015720172373,21.099845099251933,66.11688686388375,0.7109174156089928,1,1,1,590,14,0.4949074074074074,0.0,1.0,ELECTRE-III,1
696,0560,0,0,"[35.46633441627608, -79.12374587393326]","[np.float64(36.98439248990215), np.float64(-76.73374625290286)]",2026-06-13 15:36:20,324.28935478370477,1,7.813690950519929,272.8466853954652,21.462312771808037,66.15398162126608,8.205398841777342,3,3,3,731,12,0.4949074074074074,9.690121063999564,0.8307839388145315,ELECTRE-III,1
697,0733,0,0,"[35.46633441627608, -79.12374587393326]","[np.float64(32.71206621206638), np.float64(-80.19923483589305)]",2026-06-13 15:36:20,138.32197964629103,1,4.713566060451443,321.8697267164797,24.881362535451554,65.13463735934421,12.958158128693167,1,1,1,932,9,0.4949074074074074,16.42250998054502,0.6701720841300192,ELECTRE-III,1
698,0763,0,0,"[35.46633441627608, -79.12374587393326]","[np.float64(37.24493014260311), np.float64(-76.69208872012382)]",2026-06-13 15:36:20,36.44792174055178,1,5.751578165260005,294.1419463476439,22.968962747125413,66.05627576518906,0.0,3,3,3,911,11,0.4949074074074074,0.0,0.7523900573613767,ELECTRE-III,1
699,0806,0,0,"[35.46633441627608, -79.12374587393326]","[np.float64(34.89600267667592), np.float64(-82.3344915581176)]",2026-06-13 15:36:20,800.5400672661684,2,6.898029121425463,298.6005220264067,23.280281624729405,62.80636930525944,6.961837177914267,2,2,2,753,13,0.4949074074074074,7.456744585321675,0.9369024856596558,ELECTRE-III,1
700,0930,0,0,"[35.46633441627608, -79.12374587393326]","[np.float64(34.96653568748317), np.float64(-81.95412306879736)]",2026-06-13 15:36:20,475.27423855918437,1,6.999642105278711,263.0501136937897,20.758448910785045,63.080997551407314,0.0,1,1,1,1321,8,0.4949074074074074,0.0,0.5984703632887189,ELECTRE-III,1
701,0243,0,0,"[34.867419033619754, -79.29461671639947]","[np.float64(36.07661015360819), np.float64(-79.6780081485772)]",2026-06-13 15:36:30,820.7391712572143,2,4.892460939415273,138.8658656104119,11.315161016201763,64.45369481985063,8.081778485235255,1,1,1,648,12,0.4951388888888889,5.60608404079081,0.8307839388145315,ELECTRE-III,1
702,0305,0,0,"[34.867419033619754, -79.29461671639947]","[np.float64(33.57320925446322), np.float64(-78.89079433950931)]",2026-06-13 15:36:30,923.3508122671959,2,6.194395476627538,148.6219311304436,12.087466940404694,65.95683504106285,8.081778485235255,4,4,3,790,7,0.4951388888888889,5.60608404079081,0.5506692160611855,ELECTRE-III,1
703,0340,0,0,"[34.867419033619754, -79.29461671639947]","[np.float64(36.97291179604664), np.float64(-76.79462076709507)]",2026-06-13 15:36:30,631.0066516702844,1,5.162235949505593,324.7702090277736,25.07811820377623,66.14606543201805,7.710917415608993,1,1,1,590,14,0.4951388888888889,5.730361860053437,1.0,ELECTRE-III,1
704,0560,0,0,"[34.867419033619754, -79.29461671639947]","[np.float64(36.98439248990215), np.float64(-76.73374625290286)]",2026-06-13 15:36:30,324.28935478370477,1,7.813690950519929,329.4910715220838,25.397011650984094,66.18312603845453,10.205398841777342,3,3,3,731,12,0.4951388888888889,13.671371063999564,0.8307839388145315,ELECTRE-III,1
705,0733,0,0,"[34.867419033619754, -79.29461671639947]","[np.float64(32.71206621206638), np.float64(-80.19923483589305)]",2026-06-13 15:36:30,138.32197964629103,1,4.713566060451443,253.82234994003497,20.089399460974857,65.16837166365491,10.958158128693167,1,1,1,932,9,0.4951388888888889,9.472741462026502,0.6701720841300192,ELECTRE-III,1
706,0763,0,0,"[34.867419033619754, -79.29461671639947]","[np.float64(37.24493014260311), np.float64(-76.69208872012382)]",2026-06-13 15:36:30,36.44792174055178,1,5.751578165260005,352.9882260410464,26.959189014271203,66.08515380499988,0.0,3,3,3,911,11,0.4951388888888889,4.45625,0.7523900573613767,ELECTRE-III,1
707,0806,0,0,"[34.867419033619754, -79.29461671639947]","[np.float64(34.89600267667592), np.float64(-82.3344915581176)]",2026-06-13 15:36:30,800.5400672661684,2,6.898029121425463,277.296318970226,21.779792838328056,62.83890149627621,6.961837177914267,2,2,2,753,13,0.4951388888888889,6.961837177914267,0.9369024856596558,ELECTRE-III,1
708,0930,0,0,"[34.867419033619754, -79.29461671639947]","[np.float64(34.96653568748317), np.float64(-81.95412306879736)]",2026-06-13 15:36:30,475.27423855918437,1,6.999642105278711,242.73160709936673,19.277660151706083,63.11339996882985,1.4599976533037182,1,1,1,1321,8,0.4951388888888889,3.935692097748163,0.5984703632887189,ELECTRE-III,1
709,0243,0,0,"[34.26837729246378, -79.46362974741143]","[np.float64(36.07661015360819), np.float64(-79.6780081485772)]",2026-06-13 15:36:40,820.7391712572143,2,4.892460939415273,202.0083846715122,16.229135191677685,64.48465606735829,9.081778485235255,1,1,1,648,12,0.49537037037037035,6.604926633383403,0.8307839388145315,ELECTRE-III,1
710,0305,0,0,"[34.26837729246378, -79.46362974741143]","[np.float64(33.57320925446322), np.float64(-78.89079433950931)]",2026-06-13 15:36:40,923.3508122671959,2,6.194395476627538,93.64209484948891,7.684563534081794,65.98964726983559,9.081778485235255,4,4,3,790,7,0.49537037037037035,5.118815522272292,0.5506692160611855,ELECTRE-III,1
711,0340,0,0,"[34.26837729246378, -79.46362974741143]","[np.float64(36.97291179604664), np.float64(-76.79462076709507)]",2026-06-13 15:36:40,631.0066516702844,1,5.162235949505593,385.49941168560264,29.05106200921027,66.175230339774,7.710917415608993,1,1,1,590,14,0.49537037037037035,7.215547045238623,1.0,ELECTRE-III,1
712,0560,0,0,"[34.26837729246378, -79.46362974741143]","[np.float64(36.98439248990215), np.float64(-76.73374625290286)]",2026-06-13 15:36:40,324.28935478370477,1,7.813690950519929,389.94083235489177,29.33051732736783,66.21224996507547,3.205398841777342,3,3,3,731,12,0.49537037037037035,3.700769212147712,0.8307839388145315,ELECTRE-III,1
713,0733,0,0,"[34.26837729246378, -79.46362974741143]","[np.float64(32.71206621206638), np.float64(-80.19923483589305)]",2026-06-13 15:36:40,138.32197964629103,1,4.713566060451443,186.0120171731907,15.004257860735498,65.20209913777643,9.958158128693167,1,1,1,932,9,0.49537037037037035,10.453528499063538,0.6701720841300192,ELECTRE-III,1
714,0806,0,0,"[34.26837729246378, -79.46362974741143]","[np.float64(34.89600267667592), np.float64(-82.3344915581176)]",2026-06-13 15:36:40,800.5400672661684,2,6.898029121425463,271.918901873118,21.395940297310112,62.87142685710381,8.961837177914267,2,2,2,753,13,0.49537037037037035,9.952577918655008,0.9369024856596558,ELECTRE-III,1
715,0930,0,0,"[34.26837729246378, -79.46362974741143]","[np.float64(34.96653568748317), np.float64(-81.95412306879736)]",2026-06-13 15:36:40,475.27423855918437,1,6.999642105278711,240.75424444981493,19.13207613750227,63.14579555606323,0.4599976533037182,1,1,1,1321,8,0.49537037037037035,4.422960616266681,0.5984703632887189,ELECTRE-III,1
716,0243,0,0,"[33.66920919280817, -79.63083277829335]","[np.float64(36.07661015360819), np.float64(-79.6780081485772)]",2026-06-13 15:36:50,820.7391712572143,2,4.892460939415273,267.72573160358866,21.095215364646183,64.51560365448762,12.081778485235255,1,1,1,648,12,0.49560185185185185,13.56858404079081,0.8307839388145315,ELECTRE-III,1
717,0305,0,0,"[33.66920919280817, -79.63083277829335]","[np.float64(33.57320925446322), np.float64(-78.89079433950931)]",2026-06-13 15:36:50,923.3508122671959,2,6.194395476627538,69.34941359845735,5.706458107080852,66.02244583822998,3.0817784852352545,4,4,3,790,7,0.49560185185185185,4.072982188938958,0.5506692160611855,ELECTRE-III,1
718,0733,0,0,"[33.66920919280817, -79.63083277829335]","[np.float64(32.71206621206638), np.float64(-80.19923483589305)]",2026-06-13 15:36:50,138.32197964629103,1,4.713566060451443,118.84728521500979,9.717621733131624,65.23581978170878,10.958158128693167,1,1,1,932,9,0.49560185185185185,14.922972943507983,0.6701720841300192,ELECTRE-III,1
719,0806,0,0,"[33.66920919280817, -79.63083277829335]","[np.float64(34.89600267667592), np.float64(-82.3344915581176)]",2026-06-13 15:36:50,800.5400672661684,2,6.898029121425463,283.37966230006083,22.211570922037208,62.903938557553076,1.9618371779142674,2,2,2,753,13,0.49560185185185185,0.0,0.9369024856596558,ELECTRE-III,1
720,0930,0,0,"[33.66920919280817, -79.63083277829335]","[np.float64(34.96653568748317), np.float64(-81.95412306879736)]",2026-06-13 15:36:50,475.27423855918437,1,6.999642105278711,257.54406897423684,20.35993854721326,63.17818431310742,0.0,1,1,1,1321,8,0.49560185185185185,3.964814814814815,0.5984703632887189,ELECTRE-III,1
721,0243,0,0,"[33.069924979936665, -79.79629411093691]","[np.float64(36.07661015360819), np.float64(-79.6780081485772)]",2026-06-13 15:37:00,820.7391712572143,2,4.892460939415273,334.50387712826546,25.733790505109848,64.54653758123861,11.081778485235255,1,1,1,648,12,0.49583333333333335,8.106778485235255,0.8307839388145315,ELECTRE-III,1
722,0305,0,0,"[33.069924979936665, -79.79629411093691]","[np.float64(33.57320925446322), np.float64(-78.89079433950931)]",2026-06-13 15:37:00,923.3508122671959,2,6.194395476627538,101.04576518200417,8.28400259963994,66.05523757643522,7.0817784852352545,4,4,3,790,7,0.49583333333333335,6.090111818568587,0.5506692160611855,ELECTRE-III,1
723,0545,0,0,"[33.069924979936665, -79.79629411093691]","[np.float64(29.7478931171751), np.float64(-80.98193319510803)]",2026-06-13 15:37:00,624.5382934519674,1,7.3143632494217385,386.1405819574643,29.091498658562774,65.2511467262063,2.7072383663878927,2,2,2,1106,13,0.49583333333333335,2.211405033054559,0.9369024856596558,ELECTRE-III,1
724,0733,0,0,"[33.069924979936665, -79.79629411093691]","[np.float64(32.71206621206638), np.float64(-80.19923483589305)]",2026-06-13 15:37:00,138.32197964629103,1,4.713566060451443,54.762151700974755,4.511746753815974,65.2695267652628,5.958158128693167,1,1,1,932,9,0.49583333333333335,1.9914914620265005,0.6701720841300192,ELECTRE-III,1
725,0806,0,0,"[33.069924979936665, -79.79629411093691]","[np.float64(34.89600267667592), np.float64(-82.3344915581176)]",2026-06-13 15:37:00,800.5400672661684,2,6.898029121425463,309.8162770659646,24.05699482346147,62.93644342781316,5.961837177914267,2,2,2,753,13,0.49583333333333335,7.945170511247601,0.9369024856596558,ELECTRE-III,1
726,0930,0,0,"[33.069924979936665, -79.79629411093691]","[np.float64(34.96653568748317), np.float64(-81.95412306879736)]",2026-06-13 15:37:00,475.27423855918437,1,6.999642105278711,289.85868934380295,22.668528684370802,63.21055940977328,0.0,1,1,1,1321,8,0.49583333333333335,0.0,0.5984703632887189,ELECTRE-III,1
727,0243,0,0,"[32.47052806894386, -79.96008204723381]","[np.float64(36.07661015360819), np.float64(-79.6780081485772)]",2026-06-13 15:37:10,820.7391712572143,2,4.892460939415273,401.8147533111188,30.07014592316905,64.57746467780042,6.0817784852352545,1,1,1,648,12,0.4960648148148148,10.546361818568588,0.8307839388145315,ELECTRE-III,1
728,0305,0,0,"[32.47052806894386, -79.96008204723381]","[np.float64(33.57320925446322), np.float64(-78.89079433950931)]",2026-06-13 15:37:10,923.3508122671959,2,6.194395476627538,158.0245469839603,12.82760106597901,66.08801565426211,4.0817784852352545,4,4,3,790,7,0.4960648148148148,0.609324781531551,0.5506692160611855,ELECTRE-III,1
729,0545,0,0,"[32.47052806894386, -79.96008204723381]","[np.float64(29.7478931171751), np.float64(-80.98193319510803)]",2026-06-13 15:37:10,624.5382934519674,1,7.3143632494217385,317.98433375361975,24.616810029907015,65.28687544575463,3.7072383663878927,2,2,2,1106,13,0.4960648148148148,7.179692070091596,0.9369024856596558,ELECTRE-III,1
730,0733,0,0,"[32.47052806894386, -79.96008204723381]","[np.float64(32.71206621206638), np.float64(-80.19923483589305)]",2026-06-13 15:37:10,138.32197964629103,1,4.713566060451443,34.976204660348856,2.885151022088277,65.30323374881681,3.9581581286931673,1,1,1,932,9,0.4960648148148148,7.926676647211686,0.6701720841300192,ELECTRE-III,1
731,0806,0,0,"[32.47052806894386, -79.96008204723381]","[np.float64(34.89600267667592), np.float64(-82.3344915581176)]",2026-06-13 15:37:10,800.5400672661684,2,6.898029121425463,347.8312947445593,26.619929397068415,62.968941467884086,8.961837177914267,2,2,2,753,13,0.4960648148148148,5.489383474210564,0.9369024856596558,ELECTRE-III,1
732,0930,0,0,"[32.47052806894386, -79.96008204723381]","[np.float64(34.96653568748317), np.float64(-81.95412306879736)]",2026-06-13 15:37:10,475.27423855918437,1,6.999642105278711,333.2122006434419,25.64719208590852,63.24292767624998,7.459997653303718,1,1,1,1321,8,0.4960648148148148,2.9954143199703847,0.5984703632887189,ELECTRE-III,1
733,0305,0,0,"[31.871021874924327, -80.12225122869742]","[np.float64(33.57320925446322), np.float64(-78.89079433950931)]",2026-06-13 15:37:20,923.3508122671959,2,6.194395476627538,221.57153809951768,17.706584807831934,66.12078690189983,3.0817784852352545,4,4,3,790,7,0.4962962962962963,0.0,0.5506692160611855,ELECTRE-III,1
734,0545,0,0,"[31.871021874924327, -80.12225122869742]","[np.float64(29.7478931171751), np.float64(-80.98193319510803)]",2026-06-13 15:37:20,624.5382934519674,1,7.3143632494217385,249.94713492117862,19.80670610936576,65.3225973351138,1.7072383663878927,2,2,2,1106,13,0.4962962962962963,0.0,0.9369024856596558,ELECTRE-III,1
735,0733,0,0,"[31.871021874924327, -80.12225122869742]","[np.float64(32.71206621206638), np.float64(-80.19923483589305)]",2026-06-13 15:37:20,138.32197964629103,1,4.713566060451443,93.79952715916873,7.697328161941288,65.33692707199249,8.958158128693167,1,1,1,932,9,0.4962962962962963,6.972972943507982,0.6701720841300192,ELECTRE-III,1
736,0806,0,0,"[31.871021874924327, -80.12225122869742]","[np.float64(34.89600267667592), np.float64(-82.3344915581176)]",2026-06-13 15:37:20,800.5400672661684,2,6.898029121425463,394.0894048493565,29.590170597443834,63.001432677765834,9.961837177914267,2,2,2,753,13,0.4962962962962963,13.932207548284637,0.9369024856596558,ELECTRE-III,1
737,0930,0,0,"[31.871021874924327, -80.12225122869742]","[np.float64(34.96653568748317), np.float64(-81.95412306879736)]",2026-06-13 15:37:20,475.27423855918437,1,6.999642105278711,383.88379118050204,28.94902906168119,63.27528911253749,0.4599976533037182,1,1,1,1321,8,0.4962962962962963,0.9562939496000145,0.5984703632887189,ELECTRE-III,1
738,0305,0,0,"[31.271409812972664, -80.28286312703028]","[np.float64(33.57320925446322), np.float64(-78.89079433950931)]",2026-06-13 15:37:30,923.3508122671959,2,6.194395476627538,287.36228097214394,22.4928166995726,66.15355131934838,2.0817784852352545,4,4,3,790,7,0.4965277777777778,3.07483404079081,0.5506692160611855,ELECTRE-III,1
739,0545,0,0,"[31.271409812972664, -80.28286312703028]","[np.float64(29.7478931171751), np.float64(-80.98193319510803)]",2026-06-13 15:37:30,624.5382934519674,1,7.3143632494217385,182.16316417653348,14.707389736253846,65.35831922447296,1.7072383663878927,2,2,2,1106,13,0.4965277777777778,0.21765503305455924,0.9369024856596558,ELECTRE-III,1
740,0733,0,0,"[31.271409812972664, -80.28286312703028]","[np.float64(32.71206621206638), np.float64(-80.19923483589305)]",2026-06-13 15:37:30,138.32197964629103,1,4.713566060451443,160.38791182865776,13.012962542630397,65.37062039516816,7.958158128693167,1,1,1,932,9,0.4965277777777778,9.944269239804278,0.6701720841300192,ELECTRE-III,1
741,0305,0,0,"[30.67169529818345, -80.44197238374572]","[np.float64(33.57320925446322), np.float64(-78.89079433950931)]",2026-06-13 15:37:40,923.3508122671959,2,6.194395476627538,354.14878835730894,27.035259242936373,66.18630207641858,0.08177848523525455,4,4,3,790,7,0.49675925925925923,0.0,0.5506692160611855,ELECTRE-III,1
742,0515,2,0,"[30.67169529818345, -80.44197238374572]","[np.float64(27.32515845053345), np.float64(-80.26028845491872)]",2026-06-13 15:37:40,336.71499520434196,1,6.933573815682267,372.53749204922076,28.226793951362573,66.3022103866337,10.961837177914267,1,1,1,905,7,0.49675925925925923,9.47155940013649,0.5506692160611855,ELECTRE-III,1
743,0545,0,0,"[30.67169529818345, -80.44197238374572]","[np.float64(29.7478931171751), np.float64(-80.98193319510803)]",2026-06-13 15:37:40,624.5382934519674,1,7.3143632494217385,115.08247013627496,9.41538879880335,65.39403428364297,3.7072383663878927,2,2,2,1106,13,0.49675925925925923,6.191034662684189,0.9369024856596558,ELECTRE-III,1
744,0733,0,0,"[30.67169529818345, -80.44197238374572]","[np.float64(32.71206621206638), np.float64(-80.19923483589305)]",2026-06-13 15:37:40,138.32197964629103,1,4.713566060451443,228.03840843237043,18.189778693641482,65.40430005796549,9.958158128693167,1,1,1,932,9,0.49675925925925923,9.461398869433909,0.6701720841300192,ELECTRE-III,1
745,0274,0,0,"[30.071885160745854, -80.59963364035713]","[np.float64(27.09421786188543), np.float64(-82.12130791802556)]",2026-06-13 15:37:50,228.92557453082,1,2.394938107628864,362.89825680021625,27.6054347596642,64.70102963007513,6.209077890998444,1,1,1,1169,6,0.49699074074074073,3.2271334465539994,0.4235181644359465,ELECTRE-III,1
746,0515,2,0,"[30.071885160745854, -80.59963364035713]","[np.float64(27.32515845053345), np.float64(-80.26028845491872)]",2026-06-13 15:37:50,336.71499520434196,1,6.933573815682267,307.21003266412345,23.877331461252716,66.33911389871929,5.961837177914267,1,1,1,905,7,0.49699074074074073,3.4768834742105637,0.5506692160611855,ELECTRE-III,1
747,0545,0,0,"[30.071885160745854, -80.59963364035713]","[np.float64(29.7478931171751), np.float64(-80.98193319510803)]",2026-06-13 15:37:50,624.5382934519674,1,7.3143632494217385,51.53310392430979,4.246715380364476,65.42974934281295,8.707238366387893,2,2,2,1106,13,0.49699074074074073,10.695201329350855,0.9369024856596558,ELECTRE-III,1
748,0733,0,0,"[30.071885160745854, -80.59963364035713]","[np.float64(32.71206621206638), np.float64(-80.19923483589305)]",2026-06-13 15:37:50,138.32197964629103,1,4.713566060451443,296.0240448691979,23.100555970129488,65.43797972076283,10.958158128693167,1,1,1,932,9,0.49699074074074073,8.970195165730205,0.6701720841300192,ELECTRE-III,1
749,0274,0,0,"[29.471982815754465, -80.75588787799951]","[np.float64(27.09421786188543), np.float64(-82.12130791802556)]",2026-06-13 15:38:00,228.92557453082,1,2.394938107628864,296.2709155282568,23.11779768234282,64.7380697459441,13.209077890998444,1,1,1,1169,6,0.49722222222222223,17.684077890998445,0.4235181644359465,ELECTRE-III,1
750,0515,2,0,"[29.471982815754465, -80.75588787799951]","[np.float64(27.32515845053345), np.float64(-80.26028845491872)]",2026-06-13 15:38:00,336.71499520434196,1,6.933573815682267,243.58762837841385,19.340604970636804,66.37601741080486,2.9618371779142674,1,1,1,905,7,0.49722222222222223,0.9729482890253784,0.5506692160611855,ELECTRE-III,1
751,0545,0,0,"[29.471982815754465, -80.75588787799951]","[np.float64(29.7478931171751), np.float64(-80.98193319510803)]",2026-06-13 15:38:00,624.5382934519674,1,7.3143632494217385,37.666874619401725,3.106682324572659,65.46546440198296,5.707238366387893,2,2,2,1106,13,0.49722222222222223,8.690571699721225,0.9369024856596558,ELECTRE-III,1
752,0733,0,0,"[29.471982815754465, -80.75588787799951]","[np.float64(32.71206621206638), np.float64(-80.19923483589305)]",2026-06-13 15:38:00,138.32197964629103,1,4.713566060451443,364.1573741821133,27.68700459421012,65.47164572318182,11.958158128693167,1,1,1,932,9,0.49722222222222223,7.483158128693168,0.6701720841300192,ELECTRE-III,1
753,0244,0,0,"[28.87198826320928, -80.9107965683754]","[np.float64(25.68481308088697), np.float64(-80.31496110407862)]",2026-06-13 15:38:10,725.2572769503871,2,3.4749876097398262,359.2548178315745,27.368715627734595,66.43074771662418,6.205398841777342,4,4,3,837,9,0.49745370370370373,3.2206766195551193,0.6701720841300192,ELECTRE-III,1
754,0274,0,0,"[28.87198826320928, -80.9107965683754]","[np.float64(27.09421786188543), np.float64(-82.12130791802556)]",2026-06-13 15:38:10,228.92557453082,1,2.394938107628864,230.65996804956467,18.384901285171644,64.77510986181309,9.209077890998444,1,1,1,1169,6,0.49745370370370373,4.2345408539614064,0.4235181644359465,ELECTRE-III,1
755,0515,2,0,"[28.87198826320928, -80.9107965683754]","[np.float64(27.32515845053345), np.float64(-80.26028845491872)]",2026-06-13 15:38:10,336.71499520434196,1,6.933573815682267,183.452848785908,14.806955979782785,66.41292092289045,8.961837177914267,1,1,1,905,7,0.49745370370370373,9.45929088161797,0.5506692160611855,ELECTRE-III,1
755,0515,2,0,"[28.87198826320928, -80.9107965683754]","[np.float64(27.32515845053345), np.float64(-80.26028845491872)]",2026-06-13 15:38:10,336.71499520434196,1,6.933573815682267,183.452848785908,14.806955979782785,66.41292092289045,8.961837177914267,1,1,1,905,7,0.49745370370370373,9.45929088161797,0.5506692160611855,ELECTRE-III,1
756,0545,0,0,"[28.87198826320928, -80.9107965683754]","[np.float64(29.7478931171751), np.float64(-80.98193319510803)]",2026-06-13 15:38:10,624.5382934519674,1,7.3143632494217385,97.64023088429883,8.008491812120978,65.50117263096378,7.707238366387893,2,2,2,1106,13,0.49745370370370373,4.225062440461967,0.9369024856596558,ELECTRE-III,1
757,0244,0,0,"[28.271908333299468, -81.06440752280899]","[np.float64(25.68481308088697), np.float64(-80.31496110407862)]",2026-06-13 15:38:20,725.2572769503871,2,3.4749876097398262,297.10117441747764,23.17575135387168,66.4682796061134,10.205398841777342,4,4,3,837,9,0.4976851851851852,12.196139582518082,0.6701720841300192,ELECTRE-III,1
758,0274,0,0,"[28.271908333299468, -81.06440752280899]","[np.float64(27.09421786188543), np.float64(-82.12130791802556)]",2026-06-13 15:38:20,228.92557453082,1,2.394938107628864,167.2677080677256,13.550965849669346,64.81214997768207,14.209077890998444,1,1,1,1169,6,0.4976851851851852,10.227596409516963,0.4235181644359465,ELECTRE-III,1
759,0515,2,0,"[28.271908333299468, -81.06440752280899]","[np.float64(27.32515845053345), np.float64(-80.26028845491872)]",2026-06-13 15:38:20,336.71499520434196,1,6.933573815682267,131.67515797041082,10.743237743902998,66.44982443497602,6.961837177914267,1,1,1,905,7,0.4976851851851852,8.454892733469823,0.5506692160611855,ELECTRE-III,1
759,0515,2,0,"[28.271908333299468, -81.06440752280899]","[np.float64(27.32515845053345), np.float64(-80.26028845491872)]",2026-06-13 15:38:20,336.71499520434196,1,6.933573815682267,131.67515797041082,10.743237743902998,66.44982443497602,6.961837177914267,1,1,1,905,7,0.4976851851851852,8.454892733469823,0.5506692160611855,ELECTRE-III,1
760,0545,0,0,"[28.271908333299468, -81.06440752280899]","[np.float64(29.7478931171751), np.float64(-80.98193319510803)]",2026-06-13 15:38:20,624.5382934519674,1,7.3143632494217385,164.3180735703719,13.320595350304282,65.53687402975544,9.707238366387893,2,2,2,1106,13,0.4976851851851852,9.209553181202708,0.9369024856596558,ELECTRE-III,1
761,0244,0,0,"[27.67174814866691, -81.21675489224612]","[np.float64(25.68481308088697), np.float64(-80.31496110407862)]",2026-06-13 15:38:30,725.2572769503871,2,3.4749876097398262,238.41148891999714,18.95925727894511,66.50581149560261,12.205398841777342,4,4,3,837,9,0.4979166666666667,7.226232175110675,0.6701720841300192,ELECTRE-III,1
762,0274,0,0,"[27.67174814866691, -81.21675489224612]","[np.float64(27.09421786188543), np.float64(-82.12130791802556)]",2026-06-13 15:38:30,228.92557453082,1,2.394938107628864,110.00213759575328,9.006711624682023,64.84918326336188,9.209077890998444,1,1,1,1169,6,0.4979166666666667,13.690327890998443,0.4235181644359465,ELECTRE-III,1
763,0515,2,0,"[27.67174814866691, -81.21675489224612]","[np.float64(27.32515845053345), np.float64(-80.26028845491872)]",2026-06-13 15:38:30,336.71499520434196,1,6.933573815682267,101.90670191818343,8.353592619331588,66.48672111687243,8.961837177914267,1,1,1,905,7,0.4979166666666667,8.961837177914267,0.5506692160611855,ELECTRE-III,1
763,0515,2,0,"[27.67174814866691, -81.21675489224612]","[np.float64(27.32515845053345), np.float64(-80.26028845491872)]",2026-06-13 15:38:30,336.71499520434196,1,6.933573815682267,101.90670191818343,8.353592619331588,66.48672111687243,8.961837177914267,1,1,1,905,7,0.4979166666666667,8.961837177914267,0.5506692160611855,ELECTRE-III,1
764,0545,0,0,"[27.67174814866691, -81.21675489224612]","[np.float64(29.7478931171751), np.float64(-80.98193319510803)]",2026-06-13 15:38:30,624.5382934519674,1,7.3143632494217385,231.98998871812202,18.483726354247132,65.5725754285471,0.7072383663878927,2,2,2,1106,13,0.4979166666666667,5.188488366387893,0.9369024856596558,ELECTRE-III,1
765,0244,0,0,"[27.071506001764313, -81.36789331820016]","[np.float64(25.68481308088697), np.float64(-80.31496110407862)]",2026-06-13 15:38:40,725.2572769503871,2,3.4749876097398262,186.48498923805252,15.040682465233909,66.54335021528101,12.205398841777342,4,4,3,837,9,0.4981481481481482,12.205398841777342,0.6701720841300192,ELECTRE-III,1
766,0274,0,0,"[27.071506001764313, -81.36789331820016]","[np.float64(27.09421786188543), np.float64(-82.12130791802556)]",2026-06-13 15:38:40,228.92557453082,1,2.394938107628864,74.6325080793308,6.13797841885151,64.88622337923086,9.209077890998444,1,1,1,1169,6,0.4981481481481482,11.201670483591036,0.4235181644359465,ELECTRE-III,1
767,0515,2,0,"[27.071506001764313, -81.36789331820016]","[np.float64(27.32515845053345), np.float64(-80.26028845491872)]",2026-06-13 15:38:40,336.71499520434196,1,6.933573815682267,113.11467682782923,9.257205955329134,66.523624628958,5.961837177914267,1,1,1,905,7,0.4981481481481482,6.459985326062416,0.5506692160611855,ELECTRE-III,1
767,0515,2,0,"[27.071506001764313, -81.36789331820016]","[np.float64(27.32515845053345), np.float64(-80.26028845491872)]",2026-06-13 15:38:40,336.71499520434196,1,6.933573815682267,113.11467682782923,9.257205955329134,66.523624628958,5.961837177914267,1,1,1,905,7,0.4981481481481482,6.459985326062416,0.5506692160611855,ELECTRE-III,1
768,0545,0,0,"[27.071506001764313, -81.36789331820016]","[np.float64(29.7478931171751), np.float64(-80.98193319510803)]",2026-06-13 15:38:40,624.5382934519674,1,7.3143632494217385,299.9847582524807,23.376641201014387,65.60826999714958,4.707238366387893,2,2,2,1106,13,0.4981481481481482,7.696127255276782,0.9369024856596558,ELECTRE-III,1
769,0244,0,0,"[26.47119043032814, -81.5178706119953]","[np.float64(25.68481308088697), np.float64(-80.31496110407862)]",2026-06-13 15:38:50,725.2572769503871,2,3.4749876097398262,148.590903124889,12.085017612766357,66.58088210477023,4.205398841777342,4,4,3,837,9,0.4983796296296296,4.703778471406971,0.6701720841300192,ELECTRE-III,1
770,0274,0,0,"[26.47119043032814, -81.5178706119953]","[np.float64(27.09421786188543), np.float64(-82.12130791802556)]",2026-06-13 15:38:50,228.92557453082,1,2.394938107628864,91.58298059475467,7.517540118770153,64.92326349509983,12.209077890998444,1,1,1,1169,6,0.4983796296296296,14.202596409516962,0.4235181644359465,ELECTRE-III,1
771,0515,2,0,"[26.47119043032814, -81.5178706119953]","[np.float64(27.32515845053345), np.float64(-80.26028845491872)]",2026-06-13 15:38:50,336.71499520434196,1,6.933573815682267,156.74295494697293,12.726969722563648,66.56052131085441,6.961837177914267,1,1,1,905,7,0.4983796296296296,7.460216807543897,0.5506692160611855,ELECTRE-III,1
771,0515,2,0,"[26.47119043032814, -81.5178706119953]","[np.float64(27.32515845053345), np.float64(-80.26028845491872)]",2026-06-13 15:38:50,336.71499520434196,1,6.933573815682267,156.74295494697293,12.726969722563648,66.56052131085441,6.961837177914267,1,1,1,905,7,0.4983796296296296,7.460216807543897,0.5506692160611855,ELECTRE-III,1
772,0545,0,0,"[26.47119043032814, -81.5178706119953]","[np.float64(29.7478931171751), np.float64(-80.98193319510803)]",2026-06-13 15:38:50,624.5382934519674,1,7.3143632494217385,368.12347723074123,27.943146409974467,65.64396456575207,3.7072383663878927,2,2,2,1106,13,0.4983796296296296,7.1958957737953,0.9369024856596558,ELECTRE-III,1
773,0244,0,0,"[25.870799726811093, -81.66671409438823]","[np.float64(25.68481308088697), np.float64(-80.31496110407862)]",2026-06-13 15:39:00,725.2572769503871,2,3.4749876097398262,136.9208531665676,11.160681986559796,66.61841399425944,5.205398841777342,4,4,3,837,9,0.4986111111111111,4.20817661955512,0.6701720841300192,ELECTRE-III,1
774,0274,0,0,"[25.870799726811093, -81.66671409438823]","[np.float64(27.09421786188543), np.float64(-82.12130791802556)]",2026-06-13 15:39:00,228.92557453082,1,2.394938107628864,143.3641942857473,11.67179136566342,64.96029678077964,9.209077890998444,1,1,1,1169,6,0.4986111111111111,13.696577890998444,0.4235181644359465,ELECTRE-III,1
775,0515,2,0,"[25.870799726811093, -81.66671409438823]","[np.float64(27.32515845053345), np.float64(-80.26028845491872)]",2026-06-13 15:39:00,336.71499520434196,1,6.933573815682267,213.78715184442316,17.121482939953736,66.59741799275083,10.961837177914267,1,1,1,905,7,0.4986111111111111,5.975726066803157,0.5506692160611855,ELECTRE-III,1
775,0515,2,0,"[25.870799726811093, -81.66671409438823]","[np.float64(27.32515845053345), np.float64(-80.26028845491872)]",2026-06-13 15:39:00,336.71499520434196,1,6.933573815682267,213.78715184442316,17.121482939953736,66.59741799275083,10.961837177914267,1,1,1,905,7,0.4986111111111111,5.975726066803157,0.5506692160611855,ELECTRE-III,1
776,0244,0,0,"[25.270340721402345, -81.81447840689228]","[np.float64(25.68481308088697), np.float64(-80.31496110407862)]",2026-06-13 15:39:10,725.2572769503871,2,3.4749876097398262,157.4203584413305,12.780169822619007,66.65594588374867,10.205398841777342,4,4,3,837,9,0.4988425925925926,6.214658101036601,0.6701720841300192,ELECTRE-III,1
777,0274,0,0,"[25.270340721402345, -81.81447840689228]","[np.float64(27.09421786188543), np.float64(-82.12130791802556)]",2026-06-13 15:39:10,228.92557453082,1,2.394938107628864,205.10393131284596,16.464454882141027,64.99733006645945,10.209077890998444,1,1,1,1169,6,0.4988425925925926,7.216022335442888,0.4235181644359465,ELECTRE-III,1
778,0515,2,0,"[25.270340721402345, -81.81447840689228]","[np.float64(27.32515845053345), np.float64(-80.26028845491872)]",2026-06-13 15:39:10,336.71499520434196,1,6.933573815682267,276.0524199904045,21.691181512265498,66.63431467464724,5.961837177914267,1,1,1,905,7,0.4988425925925926,2.9687816223587116,0.5506692160611855,ELECTRE-III,1
779,0244,0,0,"[24.669815121649194, -81.96119087026415]","[np.float64(25.68481308088697), np.float64(-80.31496110407862)]",2026-06-13 15:39:20,725.2572769503871,2,3.4749876097398262,200.4502897567967,16.110476958668464,66.69347777323789,4.205398841777342,4,4,3,837,9,0.49907407407407406,7.199843286221786,0.6701720841300192,ELECTRE-III,1
780,0274,0,0,"[24.669815121649194, -81.96119087026415]","[np.float64(27.09421786188543), np.float64(-82.12130791802556)]",2026-06-13 15:39:20,228.92557453082,1,2.394938107628864,270.05702614281745,21.262562187368342,65.03437018232843,7.209077890998444,1,1,1,1169,6,0.49907407407407406,8.706300113220665,0.4235181644359465,ELECTRE-III,1
781,0515,2,0,"[24.669815121649194, -81.96119087026415]","[np.float64(27.32515845053345), np.float64(-80.26028845491872)]",2026-06-13 15:39:20,336.71499520434196,1,6.933573815682267,340.6874452726674,26.146610799635447,66.67120452635447,10.961837177914267,1,1,1,905,7,0.49907407407407406,15.453503844580933,0.5506692160611855,ELECTRE-III,1
782,0796,0,0,"[24.669815121649194, -81.96119087026415]","[np.float64(21.9617985715757), np.float64(-79.56607577016823)]",2026-06-13 15:39:20,434.8492347019315,1,4.74338243439419,387.905823513557,29.202663094092213,67.13877878636603,5.5836180098458055,3,3,3,1275,5,0.49907407407407406,9.077136528364324,0.32217973231357555,ELECTRE-III,1
783,0244,0,0,"[24.069224635098923, -82.10689929582803]","[np.float64(25.68481308088697), np.float64(-80.31496110407862)]",2026-06-13 15:39:30,725.2572769503871,2,3.4749876097398262,254.84303643762397,20.16368879191575,66.7310096627271,11.205398841777342,4,4,3,837,9,0.49930555555555556,11.205398841777342,0.6701720841300192,ELECTRE-III,1
784,0274,0,0,"[24.069224635098923, -82.10689929582803]","[np.float64(27.09421786188543), np.float64(-82.12130791802556)]",2026-06-13 15:39:30,228.92557453082,1,2.394938107628864,336.36747816421666,25.85851065722221,65.07140346800824,6.209077890998444,1,1,1,1169,6,0.49930555555555556,9.704216779887332,0.4235181644359465,ELECTRE-III,1
785,0515,2,0,"[24.069224635098923, -82.10689929582803]","[np.float64(27.32515845053345), np.float64(-80.26028845491872)]",2026-06-13 15:39:30,336.71499520434196,1,6.933573815682267,406.56394707419526,30.362924237680858,66.70810120825088,9.961837177914267,1,1,1,905,7,0.49930555555555556,7.964614955692046,0.5506692160611855,ELECTRE-III,1
786,0796,0,0,"[24.069224635098923, -82.10689929582803]","[np.float64(21.9617985715757), np.float64(-79.56607577016823)]",2026-06-13 15:39:30,434.8492347019315,1,4.74338243439419,350.02746343242956,26.76465697066778,67.17703467590728,8.583618009845805,3,3,3,1275,5,0.49930555555555556,10.580840232068027,0.32217973231357555,ELECTRE-III,1
787,0244,0,0,"[23.468572676846126, -82.25163783452977]","[np.float64(25.68481308088697), np.float64(-80.31496110407862)]",2026-06-13 15:39:40,725.2572769503871,2,3.4749876097398262,314.7616755780995,24.396529421553442,66.76854155221633,5.205398841777342,4,4,3,837,9,0.49953703703703706,5.7049358788143785,0.6701720841300192,ELECTRE-III,1
788,0274,0,0,"[23.468572676846126, -82.25163783452977]","[np.float64(27.09421786188543), np.float64(-82.12130791802556)]",2026-06-13 15:39:40,228.92557453082,1,2.394938107628864,403.3667099560775,30.166012641005594,65.10843675368805,10.209077890998444,1,1,1,1169,6,0.49953703703703706,14.704911224331777,0.4235181644359465,ELECTRE-III,1
789,0796,0,0,"[23.468572676846126, -82.25163783452977]","[np.float64(21.9617985715757), np.float64(-79.56607577016823)]",2026-06-13 15:39:40,434.8492347019315,1,4.74338243439419,322.3980754025869,24.917250214696875,67.21529056544853,7.5836180098458055,3,3,3,1275,5,0.49953703703703706,8.582692083919879,0.32217973231357555,ELECTRE-III,1
790,0244,0,0,"[22.86786095443809, -82.39544063731522]","[np.float64(25.68481308088697), np.float64(-80.31496110407862)]",2026-06-13 15:39:50,725.2572769503871,2,3.4749876097398262,377.58440364135157,28.549274237958087,66.80607344170555,7.205398841777342,4,4,3,837,9,0.4997685185185185,9.704241434369933,0.6701720841300192,ELECTRE-III,1
791,0796,0,0,"[22.86786095443809, -82.39544063731522]","[np.float64(21.9617985715757), np.float64(-79.56607577016823)]",2026-06-13 15:39:50,434.8492347019315,1,4.74338243439419,307.7893009835491,23.91730702663687,67.25354645498976,2.5836180098458055,3,3,3,1275,5,0.4997685185185185,2.083849491327287,0.32217973231357555,ELECTRE-III,1
792,0796,0,0,"[22.26709459051669, -82.53833502494106]","[np.float64(21.9617985715757), np.float64(-79.56607577016823)]",2026-06-13 15:40:00,434.8492347019315,1,4.74338243439419,308.05770012938007,23.935820990672198,67.291802344531,7.5836180098458055,3,3,3,1275,5,0.5,6.0836180098458055,0.32217973231357555,ELECTRE-III,1
793,0796,0,0,"[21.666275292629226, -82.68036880873147]","[np.float64(21.9617985715757), np.float64(-79.56607577016823)]",2026-06-13 15:40:10,434.8492347019315,1,4.74338243439419,323.1666699723818,24.969419141557285,67.33005823407224,2.5836180098458055,3,3,3,1275,5,0.5002314814814814,0.0,0.32217973231357555,ELECTRE-III,1
794,0796,0,0,"[21.065403060775697, -82.82156930944315]","[np.float64(21.9617985715757), np.float64(-79.56607577016823)]",2026-06-13 15:40:20,434.8492347019315,1,4.74338243439419,351.20491207025594,26.842099425371828,67.36831412361349,7.5836180098458055,3,3,3,1275,5,0.500462962962963,6.082229120956916,0.32217973231357555,ELECTRE-III,1
795,0796,0,0,"[20.464484725145265, -82.96196384783276]","[np.float64(21.9617985715757), np.float64(-79.56607577016823)]",2026-06-13 15:40:30,434.8492347019315,1,4.74338243439419,389.3882001698043,29.29582853478138,67.40657001315473,6.5836180098458055,3,3,3,1275,5,0.5006944444444444,3.579451343179139,0.32217973231357555,ELECTRE-III,1
796,0798,0,0,"[17.459233933738215, -83.65296725597378]","[np.float64(15.66681142700058), np.float64(-86.92981242009621)]",2026-06-13 15:41:20,452.8104997610848,1,5.145498388051244,402.0998982423012,30.087773713647042,59.31495418646734,6.332698247540531,4,4,3,806,3,0.5018518518518519,8.340105654947939,0.16730401529636713,ELECTRE-III,1
797,0798,0,0,"[16.858068003750372, -83.78917488840217]","[np.float64(15.66681142700058), np.float64(-86.92981242009621)]",2026-06-13 15:41:30,452.8104997610848,1,5.145498388051244,360.4606639793378,27.447173736047336,59.352800264658384,2.332698247540531,4,4,3,806,3,0.5020833333333333,0.0,0.16730401529636713,ELECTRE-III,1
798,0798,0,0,"[16.256869630363973, -83.92478146418361]","[np.float64(15.66681142700058), np.float64(-86.92981242009621)]",2026-06-13 15:41:40,452.8104997610848,1,5.145498388051244,327.88879022895196,25.28896544327443,59.39064634284942,7.332698247540531,4,4,3,806,3,0.5023148148148148,7.332698247540531,0.16730401529636713,ELECTRE-III,1
799,0798,0,0,"[15.655638813579014, -84.05981430407476]","[np.float64(15.66681142700058), np.float64(-86.92981242009621)]",2026-06-13 15:41:50,452.8104997610848,1,5.145498388051244,307.2820504081289,23.882302783224258,59.42849242104047,10.332698247540531,4,4,3,806,3,0.5025462962962963,13.850522321614605,0.16730401529636713,ELECTRE-III,1
800,0798,0,0,"[15.054378968490084, -84.19429389864314]","[np.float64(15.66681142700058), np.float64(-86.92981242009621)]",2026-06-13 15:42:00,452.8104997610848,1,5.145498388051244,301.1085536361162,23.45476806650844,59.46633166904233,2.332698247540531,4,4,3,806,3,0.5027777777777778,5.3493649142071975,0.16730401529636713,ELECTRE-III,1
801,0798,0,0,"[14.453091802644474, -84.3282543988346]","[np.float64(15.66681142700058), np.float64(-86.92981242009621)]",2026-06-13 15:42:10,452.8104997610848,1,5.145498388051244,310.23098816912363,24.085537015076387,59.504170917044206,10.332698247540531,4,4,3,806,3,0.5030092592592592,8.823670469762753,0.16730401529636713,ELECTRE-III,1
802,0798,0,0,"[13.85177816981583, -84.46170946502748]","[np.float64(15.66681142700058), np.float64(-86.92981242009621)]",2026-06-13 15:42:20,452.8104997610848,1,5.145498388051244,333.397875478327,25.659648112401445,59.54200333485691,8.332698247540531,4,4,3,806,3,0.5032407407407408,11.352142691984977,0.16730401529636713,ELECTRE-III,1
803,0798,0,0,"[13.250440631325091, -84.59469324816763]","[np.float64(15.66681142700058), np.float64(-86.92981242009621)]",2026-06-13 15:42:30,452.8104997610848,1,5.145498388051244,367.96580242471606,27.93298640574448,59.57983575266961,8.332698247540531,4,4,3,806,3,0.5034722222222222,9.843114914207197,0.16730401529636713,ELECTRE-III,1
804,0588,0,0,"[12.64908089471955, -84.72722623882255]","[np.float64(9.515838710085152), np.float64(-83.83785504081678)]",2026-06-13 15:42:40,553.0171821500551,1,7.613127712786419,361.6618925321268,27.525220595148635,59.767133200089695,3.33637729676163,4,4,3,1494,7,0.5037037037037037,0.0,0.5506692160611855,ELECTRE-III,1
805,0618,0,0,"[12.64908089471955, -84.72722623882255]","[np.float64(9.278166332601291), np.float64(-84.83392999348334)]",2026-06-13 15:42:40,820.5729596459892,2,2.709793340244329,375.01002056734535,28.385025140423846,58.79896754561873,0.5836180098458055,1,1,1,899,3,0.5037037037037037,4.613247639475435,0.16730401529636713,ELECTRE-III,1
806,0588,0,0,"[12.047700667546499, -84.85932892755977]","[np.float64(9.515838710085152), np.float64(-83.83785504081678)]",2026-06-13 15:42:50,553.0171821500551,1,7.613127712786419,302.831342763429,23.574357988254235,59.802534070557876,4.33637729676163,4,4,3,1494,7,0.5039351851851852,6.856053222687557,0.5506692160611855,ELECTRE-III,1
807,0618,0,0,"[12.047700667546499, -84.85932892755977]","[np.float64(9.278166332601291), np.float64(-84.83392999348334)]",2026-06-13 15:42:50,820.5729596459892,2,2.709793340244329,307.9711062306923,23.92984839107921,58.83451185005948,4.5836180098458055,1,1,1,899,3,0.5039351851851852,3.575747639475435,0.16730401529636713,ELECTRE-III,1
808,0588,0,0,"[11.446300803579584, -84.99102863513596]","[np.float64(9.515838710085152), np.float64(-83.83785504081678)]",2026-06-13 15:43:00,553.0171821500551,1,7.613127712786419,248.94670377130035,19.7335614972413,59.83792811083688,9.33637729676163,4,4,3,1494,7,0.5041666666666667,4.7988772967616296,0.5506692160611855,ELECTRE-III,1
809,0618,0,0,"[11.446300803579584, -84.99102863513596]","[np.float64(9.278166332601291), np.float64(-84.83392999348334)]",2026-06-13 15:43:00,820.5729596459892,2,2.709793340244329,241.69743204669197,19.201550797243176,58.870049324311054,1.5836180098458055,1,1,1,899,3,0.5041666666666667,0.0,0.16730401529636713,ELECTRE-III,1
810,0588,0,0,"[10.84488471791339, -85.12233902192945]","[np.float64(9.515838710085152), np.float64(-83.83785504081678)]",2026-06-13 15:43:10,553.0171821500551,1,7.613127712786419,203.96462522639828,16.377912182795725,59.87330849073754,8.33637729676163,4,4,3,1494,7,0.5043981481481481,3.2923958152801482,0.5506692160611855,ELECTRE-III,1
811,0618,0,0,"[10.84488471791339, -85.12233902192945]","[np.float64(9.278166332601291), np.float64(-84.83392999348334)]",2026-06-13 15:43:10,820.5729596459892,2,2.709793340244329,177.04973946092795,14.311732931479144,58.90557313818429,8.583618009845805,1,1,1,899,3,0.5043981481481481,11.105608750586546,0.16730401529636713,ELECTRE-III,1
812,0588,0,0,"[10.243452410547917, -85.2532942388861]","[np.float64(9.515838710085152), np.float64(-83.83785504081678)]",2026-06-13 15:43:20,553.0171821500551,1,7.613127712786419,174.8939079131226,14.144502114834339,59.908682040449044,8.33637729676163,4,4,3,1494,7,0.5046296296296297,9.345636556020889,0.5506692160611855,ELECTRE-III,1
813,0618,0,0,"[10.243452410547917, -85.2532942388861]","[np.float64(9.278166332601291), np.float64(-84.83392999348334)]",2026-06-13 15:43:20,820.5729596459892,2,2.709793340244329,116.75930491127458,9.550068572464884,58.941090121868356,8.583618009845805,1,1,1,899,3,0.5046296296296297,8.583618009845805,0.16730401529636713,ELECTRE-III,1
814,0588,0,0,"[9.642006442804105, -85.38390794638426]","[np.float64(9.515838710085152), np.float64(-83.83785504081678)]",2026-06-13 15:43:30,553.0171821500551,1,7.613127712786419,170.09590924395667,13.771433834221765,59.944041929782195,3.33637729676163,4,4,3,1494,7,0.5048611111111111,0.0,0.5506692160611855,ELECTRE-III,1
815,0618,0,0,"[9.642006442804105, -85.38390794638426]","[np.float64(9.278166332601291), np.float64(-84.83392999348334)]",2026-06-13 15:43:30,820.5729596459892,2,2.709793340244329,72.63371896885894,5.974797918817679,58.97659344517408,5.5836180098458055,1,1,1,899,3,0.5048611111111111,7.098201343179139,0.16730401529636713,ELECTRE-III,1
816,0588,0,0,"[9.040548522229244, -85.51420063499143]","[np.float64(9.515838710085152), np.float64(-83.83785504081678)]",2026-06-13 15:43:40,553.0171821500551,1,7.613127712786419,191.40305122191566,15.418691610534195,59.97939498892618,3.33637729676163,4,4,3,1494,7,0.5050925925925925,0.8109143337986673,0.5506692160611855,ELECTRE-III,1
817,0618,0,0,"[9.040548522229244, -85.51420063499143]","[np.float64(9.278166332601291), np.float64(-84.83392999348334)]",2026-06-13 15:43:40,820.5729596459892,2,2.709793340244329,79.2145891490666,6.511676913840315,59.012089938290636,2.5836180098458055,1,1,1,899,3,0.5050925925925925,0.058155046882842676,0.16730401529636713,ELECTRE-III,1
818,0588,0,0,"[8.439079502596982, -85.64419962546428]","[np.float64(9.515838710085152), np.float64(-83.83785504081678)]",2026-06-13 15:43:50,553.0171821500551,1,7.613127712786419,231.72190613325586,18.463816051338238,60.01473438769183,1.33637729676163,4,4,3,1494,7,0.5053240740740741,4.873645815280149,0.5506692160611855,ELECTRE-III,1
819,0618,0,0,"[8.439079502596982, -85.64419962546428]","[np.float64(9.278166332601291), np.float64(-84.83392999348334)]",2026-06-13 15:43:50,820.5729596459892,2,2.709793340244329,128.95855499968044,10.526597349174171,59.047579601218025,8.583618009845805,1,1,1,899,3,0.5053240740740741,12.626210602438398,0.16730401529636713,ELECTRE-III,1
820,0588,0,0,"[7.837601945228258, -85.77391857818115]","[np.float64(9.515838710085152), np.float64(-83.83785504081678)]",2026-06-13 15:44:00,553.0171821500551,1,7.613127712786419,283.0395648157997,22.187501258742184,60.05006012607913,0.3363772967616301,4,4,3,1494,7,0.5055555555555555,0.0,0.5506692160611855,ELECTRE-III,1
821,0618,0,0,"[7.837601945228258, -85.77391857818115]","[np.float64(9.278166332601291), np.float64(-84.83392999348334)]",2026-06-13 15:44:00,820.5729596459892,2,2.709793340244329,190.63356361337796,15.359637518134384,59.08305560376707,8.583618009845805,1,1,1,899,3,0.5055555555555555,10.605840232068028,0.16730401529636713,ELECTRE-III,1
822,0588,0,0,"[7.236116703896718, -85.90338481389875]","[np.float64(9.515838710085152), np.float64(-83.83785504081678)]",2026-06-13 15:44:10,553.0171821500551,1,7.613127712786419,340.4171566740424,26.12862662075456,60.085379034277274,0.3363772967616301,4,4,3,1494,7,0.5057870370370371,0.8421643337986672,0.5506692160611855,ELECTRE-III,1
823,0618,0,0,"[7.236116703896718, -85.90338481389875]","[np.float64(9.278166332601291), np.float64(-84.83392999348334)]",2026-06-13 15:44:10,820.5729596459892,2,2.709793340244329,255.74829199518723,20.22951750058156,59.118517945937775,9.583618009845805,1,1,1,899,3,0.5057870370370371,7.560469861697657,0.16730401529636713,ELECTRE-III,1
824,0588,0,0,"[6.634625913036476, -86.03261882318456]","[np.float64(9.515838710085152), np.float64(-83.83785504081678)]",2026-06-13 15:44:20,553.0171821500551,1,7.613127712786419,401.2626205968801,30.03599496565336,60.12069111228624,4.33637729676163,4,4,3,1494,7,0.5060185185185185,8.384525444909778,0.5506692160611855,ELECTRE-III,1
825,0618,0,0,"[6.634625913036476, -86.03261882318456]","[np.float64(9.278166332601291), np.float64(-84.83392999348334)]",2026-06-13 15:44:20,820.5729596459892,2,2.709793340244329,322.22342183030054,24.90538931375345,59.153973457919314,8.583618009845805,1,1,1,899,3,0.5060185185185185,3.5234328246606204,0.16730401529636713,ELECTRE-III,1
826,0618,0,0,"[6.033130426421181, -86.16163426641693]","[np.float64(9.278166332601291), np.float64(-84.83392999348334)]",2026-06-13 15:44:30,820.5729596459892,2,2.709793340244329,389.3619725463902,29.294181637326503,59.18942213971168,0.5836180098458055,1,1,1,899,3,0.50625,3.621118009845805,0.16730401529636713,ELECTRE-III,1
827,0661,0,0,"[58.19281557753678, 62.76468466075485]","[np.float64(57.73168061754825), np.float64(56.03924441548581)]",2026-06-13 16:51:50,827.986430099781,2,5.790185556938642,399.83893753181223,29.94782749980065,1.7517790639596613,4.958158128693167,3,3,3,1116,10,0.5997685185185185,5.557926647211686,0.6902485659655831,ELECTRE-III,1
828,0661,0,0,"[58.77824475167691, 62.406898861462075]","[np.float64(57.73168061754825), np.float64(56.03924441548581)]",2026-06-13 16:52:00,827.986430099781,2,5.790185556938642,390.11185936195284,29.34124793555011,1.7371593642063665,7.958158128693167,3,3,3,1116,10,0.6,7.958158128693167,0.6902485659655831,ELECTRE-III,1
829,0661,0,0,"[59.36287479368415, 62.03828038214566]","[np.float64(57.73168061754825), np.float64(56.03924441548581)]",2026-06-13 16:52:10,827.986430099781,2,5.790185556938642,392.29774235734317,29.478196066765225,1.7225562063174675,4.958158128693167,3,3,3,1116,10,0.6002314814814815,3.1574636842487225,0.6902485659655831,ELECTRE-III,1
830,0661,0,0,"[59.946664722423485, 61.65820767559113]","[np.float64(57.73168061754825), np.float64(56.03924441548581)]",2026-06-13 16:52:20,827.986430099781,2,5.790185556938642,406.2045141956303,30.34082687009381,1.7079696970146707,11.958158128693167,3,3,3,1116,10,0.600462962962963,6.5539914620265005,0.6902485659655831,ELECTRE-III,1
831,0904,0,0,"[53.72872004923234, -97.13369796044961]","[np.float64(50.06723925632738), np.float64(-97.48180044457159)]",2026-06-13 17:10:00,150.53598143353761,1,4.951451087989204,407.8372651012885,30.441125520143267,58.96037857608447,4.459997653303718,1,1,1,1487,12,0.625,0.0,0.8307839388145315,ELECTRE-III,1
832,0904,0,0,"[53.137929176593744, -97.41872175451424]","[np.float64(50.06723925632738), np.float64(-97.48180044457159)]",2026-06-13 17:10:10,150.53598143353761,1,4.951451087989204,341.47337556953966,26.198872722935764,58.97666857725495,0.4599976533037182,1,1,1,1487,12,0.6252314814814814,0.0,0.8307839388145315,ELECTRE-III,1
833,0904,0,0,"[52.54666019071325, -97.6971339254623]","[np.float64(50.06723925632738), np.float64(-97.48180044457159)]",2026-06-13 17:10:20,150.53598143353761,1,4.951451087989204,276.105103878004,21.69493675670288,58.99293808785792,0.0,1,1,1,1487,12,0.625462962962963,0.0,0.8307839388145315,ELECTRE-III,1
834,0904,0,0,"[51.95493699725295, -97.96924866199561]","[np.float64(50.06723925632738), np.float64(-97.48180044457159)]",2026-06-13 17:10:30,150.53598143353761,1,4.951451087989204,212.65350719796498,17.03596310200192,59.00918027770421,0.4599976533037182,1,1,1,1487,12,0.6256944444444444,1.0856920977481628,0.8307839388145315,ELECTRE-III,1
835,0904,0,0,"[51.362776671685765, -98.23535966224847]","[np.float64(50.06723925632738), np.float64(-97.48180044457159)]",2026-06-13 17:10:40,150.53598143353761,1,4.951451087989204,153.51454822441346,12.473120410982531,59.02539514679382,0.4599976533037182,1,1,1,1487,12,0.6259259259259259,0.0,0.8307839388145315,ELECTRE-III,1
836,0904,0,0,"[50.7702031196738, -98.49573330359853]","[np.float64(50.06723925632738), np.float64(-97.48180044457159)]",2026-06-13 17:10:50,150.53598143353761,1,4.951451087989204,106.16096244142992,8.697099039844002,59.04158952531592,0.4599976533037182,1,1,1,1487,12,0.6261574074074074,2.964627282933348,0.8307839388145315,ELECTRE-III,1
837,0904,0,0,"[50.17723341668997, -98.7506359634234]","[np.float64(50.06723925632738), np.float64(-97.48180044457159)]",2026-06-13 17:11:00,150.53598143353761,1,4.951451087989204,91.2809632842869,7.493031345737393,59.05775658308134,0.0,1,1,1,1487,12,0.6263888888888889,2.5055555555555555,0.8307839388145315,ELECTRE-III,1
838,0005,0,0,"[49.58389146839638, -99.00029986815488]","[np.float64(46.64604914512537), np.float64(-96.85205387171732)]",2026-06-13 17:11:10,648.3163406005037,1,5.218287714664618,363.485945284331,27.643522324962802,62.0136712105661,10.954479079472067,2,2,2,937,7,0.6266203703703703,7.821377227620216,0.5506692160611855,ELECTRE-III,1
839,0904,0,0,"[49.58389146839638, -99.00029986815488]","[np.float64(50.06723925632738), np.float64(-97.48180044457159)]",2026-06-13 17:11:10,150.53598143353761,1,4.951451087989204,121.46236828976154,9.927236272038948,59.073896320090086,0.0,1,1,1,1487,12,0.6266203703703703,0.6266203703703703,0.8307839388145315,ELECTRE-III,1
840,0005,0,0,"[48.99018752007678, -99.24497090460308]","[np.float64(46.64604914512537), np.float64(-96.85205387171732)]",2026-06-13 17:11:20,648.3163406005037,1,5.218287714664618,315.9769119154031,24.4796859950222,62.03196928735257,8.954479079472067,2,2,2,937,7,0.6268518518518519,8.954479079472067,0.5506692160611855,ELECTRE-III,1
841,0904,0,0,"[48.99018752007678, -99.24497090460308]","[np.float64(50.06723925632738), np.float64(-97.48180044457159)]",2026-06-13 17:11:20,150.53598143353761,1,4.951451087989204,174.73804612932244,14.13240212429574,59.090015566531314,2.4599976533037182,1,1,1,1487,12,0.6268518518518519,5.594256912562978,0.8307839388145315,ELECTRE-III,1
842,0005,0,0,"[48.39613864720409, -99.4848539784431]","[np.float64(46.64604914512537), np.float64(-96.85205387171732)]",2026-06-13 17:11:30,648.3163406005037,1,5.218287714664618,277.37759114788105,21.785578600184447,62.050240043382345,8.954479079472067,2,2,2,937,7,0.6270833333333333,11.4628124128054,0.5506692160611855,ELECTRE-III,1
843,0904,0,0,"[48.39613864720409, -99.4848539784431]","[np.float64(50.06723925632738), np.float64(-97.48180044457159)]",2026-06-13 17:11:30,150.53598143353761,1,4.951451087989204,235.95178439436035,18.77742523332559,59.10610749221586,4.459997653303718,1,1,1,1487,12,0.6270833333333333,0.07041431997038483,0.8307839388145315,ELECTRE-III,1
844,0005,0,0,"[47.801765340345824, -99.7201608255392]","[np.float64(46.64604914512537), np.float64(-96.85205387171732)]",2026-06-13 17:11:40,648.3163406005037,1,5.218287714664618,251.82000239713065,19.943456470563437,62.06848347865545,6.954479079472067,2,2,2,937,7,0.6273148148148148,9.463738338731327,0.5506692160611855,ELECTRE-III,1
845,0904,0,0,"[47.801765340345824, -99.7201608255392]","[np.float64(50.06723925632738), np.float64(-97.48180044457159)]",2026-06-13 17:11:40,150.53598143353761,1,4.951451087989204,300.28798967614495,23.397731102891367,59.12217209714373,0.0,1,1,1,1487,12,0.6273148148148148,1.2546296296296295,0.8307839388145315,ELECTRE-III,1
846,0005,0,0,"[47.207074429691154, -99.95108269118816]","[np.float64(46.64604914512537), np.float64(-96.85205387171732)]",2026-06-13 17:11:50,648.3163406005037,1,5.218287714664618,243.44636338218208,19.3302208349158,62.08669276298271,9.954479079472067,2,2,2,937,7,0.6275462962962963,14.974849449842438,0.5506692160611855,ELECTRE-III,1
847,0904,0,0,"[47.207074429691154, -99.95108269118816]","[np.float64(50.06723925632738), np.float64(-97.48180044457159)]",2026-06-13 17:11:50,150.53598143353761,1,4.951451087989204,366.10500839993836,27.812939137166346,59.138216211504094,0.0,1,1,1,1487,12,0.6275462962962963,1.882638888888889,0.8307839388145315,ELECTRE-III,1
848,0005,0,0,"[46.61208640580759, -100.17780399049757]","[np.float64(46.64604914512537), np.float64(-96.85205387171732)]",2026-06-13 17:12:00,648.3163406005037,1,5.218287714664618,253.96268894357112,20.099618036821088,62.10488155674245,7.954479079472067,2,2,2,937,7,0.6277777777777778,11.093367968360957,0.5506692160611855,ELECTRE-III,1
849,0005,0,0,"[46.01681151397888, -100.40050230838584]","[np.float64(46.64604914512537), np.float64(-96.85205387171732)]",2026-06-13 17:12:10,648.3163406005037,1,5.218287714664618,281.25820855828783,22.061294942292996,62.12304302974552,8.954479079472067,2,2,2,937,7,0.6280092592592592,14.606562412805399,0.5506692160611855,ELECTRE-III,1
850,0005,0,0,"[45.42125999948879, -100.61934156939304]","[np.float64(46.64604914512537), np.float64(-96.85205387171732)]",2026-06-13 17:12:20,648.3163406005037,1,5.218287714664618,321.08191512829546,24.827812294278157,62.1411771819919,6.954479079472067,2,2,2,937,7,0.6282407407407408,5.069756857249844,0.5506692160611855,ELECTRE-III,1
851,0005,0,0,"[44.825445522715654, -100.8344788678701]","[np.float64(46.64604914512537), np.float64(-96.85205387171732)]",2026-06-13 17:12:30,648.3163406005037,1,5.218287714664618,369.4040224800397,28.0255894065553,62.1592840134816,13.954479079472067,2,2,2,937,7,0.6284722222222222,9.555173523916512,0.5506692160611855,ELECTRE-III,1
852,0717,0,0,"[43.0365301866301, -101.45914747879196]","[np.float64(40.33709396384561), np.float64(-104.2016485672987)]",2026-06-13 17:13:00,654.052398696909,1,5.858106094484014,376.72976718647163,28.494803904236942,62.259161869714696,8.456318604082618,3,3,3,1305,14,0.6291666666666667,2.7938186040826185,1.0,ELECTRE-III,1
853,0717,0,0,"[42.43976972865692, -101.66090443668497]","[np.float64(40.33709396384561), np.float64(-104.2016485672987)]",2026-06-13 17:13:10,654.052398696909,1,5.858106094484014,315.5501627659726,24.45049676719851,62.28660556979981,7.456318604082618,3,3,3,1305,14,0.6293981481481481,8.715114900378914,1.0,ELECTRE-III,1
854,0717,0,0,"[41.84279411972488, -101.85963562077566]","[np.float64(40.33709396384561), np.float64(-104.2016485672987)]",2026-06-13 17:13:20,654.052398696909,1,5.858106094484014,257.96360354939105,20.390376218011586,62.31403560950658,10.456318604082618,3,3,3,1305,14,0.6296296296296297,10.456318604082618,1.0,ELECTRE-III,1
855,0802,0,0,"[41.84279411972488, -101.85963562077566]","[np.float64(39.80394266104254), np.float64(-105.3320988949999)]",2026-06-13 17:13:20,74.93057112380298,1,7.205480184764208,369.77208410783464,28.049262315907004,61.81715300776649,6.209077890998443,3,3,3,529,12,0.6296296296296297,6.8387075206280725,0.8307839388145315,ELECTRE-III,1
856,0717,0,0,"[41.24561360511774, -102.05546397446909]","[np.float64(40.33709396384561), np.float64(-104.2016485672987)]",2026-06-13 17:13:30,654.052398696909,1,5.858106094484014,206.99245337081533,16.607738515489224,62.34144515864584,16.456318604082618,3,3,3,1305,14,0.6298611111111111,13.936874159638174,1.0,ELECTRE-III,1
857,0802,0,0,"[41.24561360511774, -102.05546397446909]","[np.float64(39.80394266104254), np.float64(-105.3320988949999)]",2026-06-13 17:13:30,74.93057112380298,1,7.205480184764208,319.9638276314285,24.751732508435655,61.84542999093035,6.209077890998443,3,3,3,529,12,0.6298611111111111,9.988244557665109,0.8307839388145315,ELECTRE-III,1
858,0717,0,0,"[40.64823843011926, -102.24850561098117]","[np.float64(40.33709396384561), np.float64(-104.2016485672987)]",2026-06-13 17:13:40,654.052398696909,1,5.858106094484014,168.74380708863484,13.666084286858611,62.36884104740676,16.456318604082618,3,3,3,1305,14,0.6300925925925925,15.826226011490025,1.0,ELECTRE-III,1
859,0802,0,0,"[40.64823843011926, -102.24850561098117]","[np.float64(39.80394266104254), np.float64(-105.3320988949999)]",2026-06-13 17:13:40,74.93057112380298,1,7.205480184764208,278.09510721197364,21.83663826165428,61.873700143905026,7.209077890998443,3,3,3,529,12,0.6300925925925925,2.7984297428502947,0.8307839388145315,ELECTRE-III,1
860,0717,0,0,"[40.050672009824005, -102.43884932277108]","[np.float64(40.33709396384561), np.float64(-104.2016485672987)]",2026-06-13 17:13:50,654.052398696909,1,5.858106094484014,153.0755922841862,12.438566657098814,62.396223275789346,10.456318604082618,3,3,3,1305,14,0.6303240740740741,6.044050085564099,1.0,ELECTRE-III,1
861,0802,0,0,"[40.050672009824005, -102.43884932277108]","[np.float64(39.80394266104254), np.float64(-105.3320988949999)]",2026-06-13 17:13:50,74.93057112380298,1,7.205480184764208,248.21968778922266,19.68036503545787,61.9019498063122,5.209077890998443,3,3,3,529,12,0.6303240740740741,2.6877815947021464,0.8307839388145315,ELECTRE-III,1
862,0717,0,0,"[39.45292800461034, -102.62661122305472]","[np.float64(40.33709396384561), np.float64(-104.2016485672987)]",2026-06-13 17:14:00,654.052398696909,1,5.858106094484014,166.4905175259938,13.490309191141199,62.423585013604416,12.456318604082618,3,3,3,1305,14,0.6305555555555555,6.150763048527063,1.0,ELECTRE-III,1
863,0802,0,0,"[39.45292800461034, -102.62661122305472]","[np.float64(39.80394266104254), np.float64(-105.3320988949999)]",2026-06-13 17:14:00,74.93057112380298,1,7.205480184764208,234.95836216456996,18.70387552976596,61.93018580834104,7.209077890998443,3,3,3,529,12,0.6305555555555555,8.470189002109553,0.8307839388145315,ELECTRE-III,1
864,0717,0,0,"[38.85500982957284, -102.81188010429132]","[np.float64(40.33709396384561), np.float64(-104.2016485672987)]",2026-06-13 17:14:10,654.052398696909,1,5.858106094484014,203.31295621786242,16.328376234539043,62.45093309104114,16.456318604082618,3,3,3,1305,14,0.6307870370370371,18.979466752230767,1.0,ELECTRE-III,1
865,0802,0,0,"[38.85500982957284, -102.81188010429132]","[np.float64(39.80394266104254), np.float64(-105.3320988949999)]",2026-06-13 17:14:10,74.93057112380298,1,7.205480184764208,241.0709430217051,19.15541050332161,61.95840814999153,6.209077890998443,3,3,3,529,12,0.6307870370370371,4.947503816924368,0.8307839388145315,ELECTRE-III,1
866,0717,0,0,"[38.25692431490067, -102.99475841931842]","[np.float64(40.33709396384561), np.float64(-104.2016485672987)]",2026-06-13 17:14:20,654.052398696909,1,5.858106094484014,253.54242416237867,20.069013100198404,62.47826067791037,16.456318604082618,3,3,3,1305,14,0.6310185185185185,15.19428156704558,1.0,ELECTRE-III,1
867,0802,0,0,"[38.25692431490067, -102.99475841931842]","[np.float64(39.80394266104254), np.float64(-105.3320988949999)]",2026-06-13 17:14:20,74.93057112380298,1,7.205480184764208,265.2220290475032,20.915071731115052,61.98661683126368,9.209077890998444,3,3,3,529,12,0.6310185185185185,8.578059372479926,0.8307839388145315,ELECTRE-III,1
868,0717,0,0,"[37.658674875688426, -103.17532813040604]","[np.float64(40.33709396384561), np.float64(-104.2016485672987)]",2026-06-13 17:14:30,654.052398696909,1,5.858106094484014,310.7456650661651,24.12094160997554,62.50557460440125,14.456318604082618,3,3,3,1305,14,0.63125,17.612568604082618,1.0,ELECTRE-III,1
869,0802,0,0,"[37.658674875688426, -103.17532813040604]","[np.float64(39.80394266104254), np.float64(-105.3320988949999)]",2026-06-13 17:14:30,74.93057112380298,1,7.205480184764208,303.13230424136964,23.59522736999847,62.01480502196832,0.20907789099844276,3,3,3,529,12,0.63125,0.0,0.8307839388145315,ELECTRE-III,1
870,0717,0,0,"[37.06027517231444, -103.35367119982425]","[np.float64(40.33709396384561), np.float64(-104.2016485672987)]",2026-06-13 17:14:40,654.052398696909,1,5.858106094484014,371.7171576466097,28.174192107836376,62.53287487051379,10.456318604082618,3,3,3,1305,14,0.6314814814814815,14.876688974452989,1.0,ELECTRE-III,1
871,0802,0,0,"[37.06027517231444, -103.35367119982425]","[np.float64(39.80394266104254), np.float64(-105.3320988949999)]",2026-06-13 17:14:40,74.93057112380298,1,7.205480184764208,350.3641856641336,26.78681446363149,62.0429863824838,7.209077890998443,3,3,3,529,12,0.6314814814814815,12.260929742850294,0.8307839388145315,ELECTRE-III,1
872,0802,0,0,"[36.4617286198733, -103.52987642003224]","[np.float64(39.80394266104254), np.float64(-105.3320988949999)]",2026-06-13 17:14:50,74.93057112380298,1,7.205480184764208,403.6593184120018,30.1840666580838,62.07114725243176,3.2090778909984428,3,3,3,529,12,0.631712962962963,0.6822260391465909,0.8307839388145315,ELECTRE-III,1
873,0178,0,0,"[35.264208628167886, -103.87617384114105]","[np.float64(32.26335503153177), np.float64(-102.2535479307044)]",2026-06-13 17:15:10,714.6281905214267,2,3.388721073942299,365.8262421704489,27.79493190154479,67.40606457915615,13.332698247540531,3,3,3,1379,3,0.632175925925926,17.757929729022013,0.16730401529636713,ELECTRE-III,1
874,0178,0,0,"[34.66524884928196, -104.04640947601445]","[np.float64(32.26335503153177), np.float64(-102.2535479307044)]",2026-06-13 17:15:20,714.6281905214267,2,3.388721073942299,314.6108509634723,24.386201097849014,67.43963495892676,6.332698247540531,3,3,3,1379,3,0.6324074074074074,1.9058463956886786,0.16730401529636713,ELECTRE-III,1
875,0222,0,0,"[34.66524884928196, -104.04640947601445]","[np.float64(31.90554499096895), np.float64(-106.7358690341176)]",2026-06-13 17:15:20,693.8924961819027,1,7.9473706765317464,395.7679127503495,29.694848260083543,63.86370307934492,7.961837177914267,3,3,3,791,3,0.6324074074074074,1.637763103840193,0.16730401529636713,ELECTRE-III,1
876,0178,0,0,"[34.06616271189639, -104.21480095981194]","[np.float64(32.26335503153177), np.float64(-102.2535479307044)]",2026-06-13 17:15:30,714.6281905214267,2,3.388721073942299,271.1183230501453,21.33861941458958,67.47319167831903,10.332698247540531,3,3,3,1379,3,0.6326388888888889,14.761170469762753,0.16730401529636713,ELECTRE-III,1
877,0222,0,0,"[34.06616271189639, -104.21480095981194]","[np.float64(31.90554499096895), np.float64(-106.7358690341176)]",2026-06-13 17:15:30,693.8924961819027,1,7.9473706765317464,336.1467280702554,25.84375082140172,63.898243345977676,2.9618371779142674,3,3,3,791,3,0.6326388888888889,5.492392733469822,0.16730401529636713,ELECTRE-III,1
878,0178,0,0,"[33.466957046200335, -104.38140976423607]","[np.float64(32.26335503153177), np.float64(-102.2535479307044)]",2026-06-13 17:15:40,714.6281905214267,2,3.388721073942299,239.59168062985532,19.046361875198066,67.50674156752214,4.332698247540531,3,3,3,1379,3,0.6328703703703704,0.0,0.16730401529636713,ELECTRE-III,1
879,0222,0,0,"[33.466957046200335, -104.38140976423607]","[np.float64(31.90554499096895), np.float64(-106.7358690341176)]",2026-06-13 17:15:40,693.8924961819027,1,7.9473706765317464,280.5131230760792,22.008439806742874,63.932783612610436,0.0,3,3,3,791,3,0.6328703703703704,0.0,0.16730401529636713,ELECTRE-III,1
880,0178,0,0,"[32.86763185219382, -104.5463041911785]","[np.float64(32.26335503153177), np.float64(-102.2535479307044)]",2026-06-13 17:15:50,714.6281905214267,2,3.388721073942299,225.11557538242897,17.971716468890534,67.54028462653606,10.332698247540531,3,3,3,1379,3,0.6331018518518519,14.131309358651642,0.16730401529636713,ELECTRE-III,1
881,0222,0,0,"[32.86763185219382, -104.5463041911785]","[np.float64(31.90554499096895), np.float64(-106.7358690341176)]",2026-06-13 17:15:50,693.8924961819027,1,7.9473706765317464,231.75736884512187,18.466450107025878,63.967310218864846,3.9618371779142674,3,3,3,791,3,0.6331018518518519,7.127346437173527,0.16730401529636713,ELECTRE-III,1
882,0178,0,0,"[32.26819737516057, -104.70953888215264]","[np.float64(32.26335503153177), np.float64(-102.2535479307044)]",2026-06-13 17:16:00,714.6281905214267,2,3.388721073942299,230.91874909271536,18.404138499438208,67.57381402517166,8.332698247540531,3,3,3,1379,3,0.6333333333333333,10.866031580873864,0.16730401529636713,ELECTRE-III,1
883,0222,0,0,"[32.26819737516057, -104.70953888215264]","[np.float64(31.90554499096895), np.float64(-106.7358690341176)]",2026-06-13 17:16:00,693.8924961819027,1,7.9473706765317464,195.10840227970928,15.702586124611864,64.00183682511926,0.9618371779142674,3,3,3,791,3,0.6333333333333333,0.0,0.16730401529636713,ELECTRE-III,1
884,0178,0,0,"[31.668653615100606, -104.87118213905016]","[np.float64(32.26335503153177), np.float64(-102.2535479307044)]",2026-06-13 17:16:10,714.6281905214267,2,3.388721073942299,255.624226910422,20.22049898102554,67.60733659361809,13.332698247540531,3,3,3,1379,3,0.6335648148148149,12.065568617910902,0.16730401529636713,ELECTRE-III,1
885,0222,0,0,"[31.668653615100606, -104.87118213905016]","[np.float64(31.90554499096895), np.float64(-106.7358690341176)]",2026-06-13 17:16:10,693.8924961819027,1,7.9473706765317464,178.19993273850963,14.400853421253972,64.03635660118451,6.961837177914267,3,3,3,791,3,0.6335648148148149,1.259753844580934,0.16730401529636713,ELECTRE-III,1
886,0178,0,0,"[31.06900740220309, -105.0312749430061]","[np.float64(32.26335503153177), np.float64(-102.2535479307044)]",2026-06-13 17:16:20,714.6281905214267,2,3.388721073942299,294.51143025444253,22.994816722457823,67.64084550168617,6.332698247540531,3,3,3,1379,3,0.6337962962962963,3.7975130623553457,0.16730401529636713,ELECTRE-III,1
887,0222,0,0,"[31.06900740220309, -105.0312749430061]","[np.float64(31.90554499096895), np.float64(-106.7358690341176)]",2026-06-13 17:16:20,693.8924961819027,1,7.9473706765317464,186.4842973280066,15.040629188821217,64.07086954706058,2.9618371779142674,3,3,3,791,3,0.6337962962962963,7.398411251988342,0.16730401529636713,ELECTRE-III,1
888,0178,0,0,"[30.469258736468028, -105.18989242610131]","[np.float64(32.26335503153177), np.float64(-102.2535479307044)]",2026-06-13 17:16:30,714.6281905214267,2,3.388721073942299,342.7887885784104,26.28623872098284,67.67435440975424,6.332698247540531,3,3,3,1379,3,0.6340277777777777,5.698670469762753,0.16730401529636713,ELECTRE-III,1
889,0222,0,0,"[30.469258736468028, -105.18989242610131]","[np.float64(31.90554499096895), np.float64(-106.7358690341176)]",2026-06-13 17:16:30,693.8924961819027,1,7.9473706765317464,217.09637232093638,17.370673349606413,64.10537566274749,3.9618371779142674,3,3,3,791,3,0.6340277777777777,1.4257260668031564,0.16730401529636713,ELECTRE-III,1
890,0747,0,0,"[30.469258736468028, -105.18989242610131]","[np.float64(26.87769369263977), np.float64(-105.8612376757188)]",2026-06-13 17:16:30,599.5657084937993,1,6.2051268668549895,404.6960937744483,30.247982719840486,65.53328135025201,15.456318604082618,3,3,3,1215,5,0.6340277777777777,19.260485270749285,0.32217973231357555,ELECTRE-III,1
891,0178,0,0,"[29.869414448084584, -105.34706873928164]","[np.float64(32.26335503153177), np.float64(-102.2535479307044)]",2026-06-13 17:16:40,714.6281905214267,2,3.388721073942299,397.0442121620717,29.77429710702008,67.70784965744399,10.332698247540531,3,3,3,1379,3,0.6342592592592593,12.23547602531831,0.16730401529636713,ELECTRE-III,1
892,0222,0,0,"[29.869414448084584, -105.34706873928164]","[np.float64(31.90554499096895), np.float64(-106.7358690341176)]",2026-06-13 17:16:40,693.8924961819027,1,7.9473706765317464,262.3349562323117,20.70680568670511,64.13988177843439,0.9618371779142674,3,3,3,791,3,0.6342592592592593,0.0,0.16730401529636713,ELECTRE-III,1
893,0747,0,0,"[29.869414448084584, -105.34706873928164]","[np.float64(26.87769369263977), np.float64(-105.8612376757188)]",2026-06-13 17:16:40,599.5657084937993,1,6.2051268668549895,336.44501466024303,25.8636940431368,65.57039659820187,16.456318604082618,3,3,3,1215,5,0.6342592592592593,13.28502230778632,0.32217973231357555,ELECTRE-III,1
894,0222,0,0,"[29.269481367241927, -105.50286535424962]","[np.float64(31.90554499096895), np.float64(-106.7358690341176)]",2026-06-13 17:16:50,693.8924961819027,1,7.9473706765317464,315.97911968325724,24.479836969014986,64.17438106393213,7.961837177914267,3,3,3,791,3,0.6344907407407407,5.423874214951304,0.16730401529636713,ELECTRE-III,1
895,0747,0,0,"[29.269481367241927, -105.50286535424962]","[np.float64(26.87769369263977), np.float64(-105.8612376757188)]",2026-06-13 17:16:50,599.5657084937993,1,6.2051268668549895,268.26856307397094,21.134215137033028,65.60750501596254,10.456318604082618,3,3,3,1215,5,0.6344907407407407,8.552846381860396,0.32217973231357555,ELECTRE-III,1
896,0222,0,0,"[28.66945949394006, -105.65733008232947]","[np.float64(31.90554499096895), np.float64(-106.7358690341176)]",2026-06-13 17:17:00,693.8924961819027,1,7.9473706765317464,374.43433916596643,28.348226047647568,64.20887351924068,2.9618371779142674,3,3,3,791,3,0.6347222222222222,0.0,0.16730401529636713,ELECTRE-III,1
897,0747,0,0,"[28.66945949394006, -105.65733008232947]","[np.float64(26.87769369263977), np.float64(-105.8612376757188)]",2026-06-13 17:17:00,599.5657084937993,1,6.2051268668549895,200.24286484680889,16.094669576558353,65.64461343372322,10.456318604082618,3,3,3,1215,5,0.6347222222222222,5.378540826304841,0.32217973231357555,ELECTRE-III,1
898,0118,0,0,"[28.06935053572628, -105.81051073484534]","[np.float64(27.09116414667865), np.float64(-109.4127318698908)]",2026-06-13 17:17:10,56.89199865202195,1,6.123290247086689,371.3006189399701,28.147462806330218,62.51239796338209,8.205398841777342,2,2,2,1488,7,0.6349537037037037,6.30053773066623,0.5506692160611855,ELECTRE-III,1
899,0747,0,0,"[28.06935053572628, -105.81051073484534]","[np.float64(26.87769369263977), np.float64(-105.8612376757188)]",2026-06-13 17:17:10,599.5657084937993,1,6.2051268668549895,132.60084620686257,10.816987792703879,65.6817218514839,7.456318604082618,3,3,3,1215,5,0.6349537037037037,4.281550085564099,0.32217973231357555,ELECTRE-III,1
900,0921,0,0,"[28.06935053572628, -105.81051073484534]","[np.float64(25.65684064861116), np.float64(-103.1691937063162)]",2026-06-13 17:17:10,20.019928561719247,1,5.391883917739318,374.9542124843926,28.38145885592686,68.13653965051067,9.579938960624705,1,1,1,1096,13,0.6349537037037037,7.040124145809891,0.9369024856596558,ELECTRE-III,1
901,0118,0,0,"[27.46916132278975, -105.96244829293228]","[np.float64(27.09116414667865), np.float64(-109.4127318698908)]",2026-06-13 17:17:20,56.89199865202195,1,6.123290247086689,343.55186294325284,26.33685973772592,62.54946540000775,3.205398841777342,2,2,2,1488,7,0.6351851851851852,4.475769212147712,0.5506692160611855,ELECTRE-III,1
902,0747,0,0,"[27.46916132278975, -105.96244829293228]","[np.float64(26.87769369263977), np.float64(-105.8612376757188)]",2026-06-13 17:17:20,599.5657084937993,1,6.2051268668549895,66.52598427186219,5.475572175186381,65.71883026924458,7.456318604082618,3,3,3,1215,5,0.6351851851851852,1.7396519374159514,0.32217973231357555,ELECTRE-III,1
903,0921,0,0,"[27.46916132278975, -105.96244829293228]","[np.float64(25.65684064861116), np.float64(-103.1691937063162)]",2026-06-13 17:17:20,20.019928561719247,1,5.391883917739318,343.18392291101486,26.31245676225422,68.17407153999989,5.579938960624705,1,1,1,1096,13,0.6351851851851852,6.215124145809891,0.9369024856596558,ELECTRE-III,1
904,0118,0,0,"[26.868893562677762, -106.11319056791446]","[np.float64(27.09116414667865), np.float64(-109.4127318698908)]",2026-06-13 17:17:30,56.89199865202195,1,6.123290247086689,327.88505396105984,25.288713271020697,62.58653283663341,4.205398841777342,2,2,2,1488,7,0.6354166666666666,2.299148841777342,0.5506692160611855,ELECTRE-III,1
905,0747,0,0,"[26.868893562677762, -106.11319056791446]","[np.float64(26.87769369263977), np.float64(-105.8612376757188)]",2026-06-13 17:17:30,599.5657084937993,1,6.2051268668549895,25.009582629515563,2.0638670244349826,65.75593868700525,12.456318604082618,3,3,3,1215,5,0.6354166666666666,10.550068604082618,0.32217973231357555,ELECTRE-III,1
906,0921,0,0,"[26.868893562677762, -106.11319056791446]","[np.float64(25.65684064861116), np.float64(-103.1691937063162)]",2026-06-13 17:17:30,20.019928561719247,1,5.391883917739318,323.010519380887,24.958823881081635,68.21161025967828,2.5799389606247054,1,1,1,1096,13,0.6354166666666666,0.0,0.9369024856596558,ELECTRE-III,1
907,0118,0,0,"[26.268550670484906, -106.2627785409269]","[np.float64(27.09116414667865), np.float64(-109.4127318698908)]",2026-06-13 17:17:40,56.89199865202195,1,6.123290247086689,326.0479349377902,25.164593468354738,62.623607103448236,5.205398841777342,2,2,2,1488,7,0.6356481481481482,5.8410469899254895,0.5506692160611855,ELECTRE-III,1
908,0747,0,0,"[26.268550670484906, -106.2627785409269]","[np.float64(26.87769369263977), np.float64(-105.8612376757188)]",2026-06-13 17:17:40,599.5657084937993,1,6.2051268668549895,78.62859595124277,6.463915702690637,65.79304710476593,16.456318604082618,3,3,3,1215,5,0.6356481481481482,11.371133418897433,0.32217973231357555,ELECTRE-III,1
909,0921,0,0,"[26.268550670484906, -106.2627785409269]","[np.float64(25.65684064861116), np.float64(-103.1691937063162)]",2026-06-13 17:17:40,20.019928561719247,1,5.391883917739318,316.6574911487208,24.526208947561603,68.2491421491675,6.579938960624705,1,1,1,1096,13,0.6356481481481482,3.4016982198839645,0.9369024856596558,ELECTRE-III,1
910,0118,0,0,"[25.668136061305766, -106.41125319310464]","[np.float64(27.09116414667865), np.float64(-109.4127318698908)]",2026-06-13 17:17:50,56.89199865202195,1,6.123290247086689,338.2670727515595,25.985369377565227,62.6606745400739,1.2053988417773418,2,2,2,1488,7,0.6358796296296296,1.8412784714069714,0.5506692160611855,ELECTRE-III,1
911,0747,0,0,"[25.668136061305766, -106.41125319310464]","[np.float64(26.87769369263977), np.float64(-105.8612376757188)]",2026-06-13 17:17:50,599.5657084937993,1,6.2051268668549895,145.24719384243073,11.820806541062572,65.83015552252661,8.456318604082618,3,3,3,1215,5,0.6358796296296296,5.27692045593447,0.32217973231357555,ELECTRE-III,1
912,0921,0,0,"[25.668136061305766, -106.41125319310464]","[np.float64(25.65684064861116), np.float64(-103.1691937063162)]",2026-06-13 17:17:50,20.019928561719247,1,5.391883917739318,324.935812923545,25.08933301938523,68.28667403865673,1.5799389606247054,1,1,1,1096,13,0.6358796296296296,0.0,0.9369024856596558,ELECTRE-III,1
913,0118,0,0,"[25.067653150234925, -106.55865550558269]","[np.float64(27.09116414667865), np.float64(-109.4127318698908)]",2026-06-13 17:18:00,56.89199865202195,1,6.123290247086689,363.12716996731524,27.62027356815491,62.69774197669956,1.2053988417773418,2,2,2,1488,7,0.6361111111111111,6.9303988417773414,0.5506692160611855,ELECTRE-III,1
914,0747,0,0,"[25.067653150234925, -106.55865550558269]","[np.float64(26.87769369263977), np.float64(-105.8612376757188)]",2026-06-13 17:18:00,599.5657084937993,1,6.2051268668549895,212.99866591924078,17.062009474444924,65.86725711009812,14.456318604082618,3,3,3,1215,5,0.6361111111111111,15.09242971519373,0.32217973231357555,ELECTRE-III,1
915,0921,0,0,"[25.067653150234925, -106.55865550558269]","[np.float64(25.65684064861116), np.float64(-103.1691937063162)]",2026-06-13 17:18:00,20.019928561719247,1,5.391883917739318,346.79871571821405,26.55175541023524,68.32420592814594,10.579938960624705,1,1,1,1096,13,0.6361111111111111,6.127161182846928,0.9369024856596558,ELECTRE-III,1
916,0118,0,0,"[24.467105352366968, -106.70502645949607]","[np.float64(27.09116414667865), np.float64(-109.4127318698908)]",2026-06-13 17:18:10,56.89199865202195,1,6.123290247086689,398.26874740065904,29.85040536374031,62.734809413325216,4.205398841777342,2,2,2,1488,7,0.6363425925925926,5.478084026962527,0.5506692160611855,ELECTRE-III,1
917,0747,0,0,"[24.467105352366968, -106.70502645949607]","[np.float64(26.87769369263977), np.float64(-105.8612376757188)]",2026-06-13 17:18:10,599.5657084937993,1,6.2051268668549895,281.06506096959913,22.047597160744132,65.9043655278588,15.456318604082618,3,3,3,1215,5,0.6363425925925926,18.63803156704558,0.32217973231357555,ELECTRE-III,1
918,0771,0,0,"[24.467105352366968, -106.70502645949607]","[np.float64(21.39224816169694), np.float64(-105.0597606537757)]",2026-06-13 17:18:10,423.33516291326924,1,4.097507899337242,381.15588712817015,28.776293815559182,66.32865004891083,14.83085872292998,4,4,3,985,8,0.6363425925925926,18.012571685892944,0.5984703632887189,ELECTRE-III,1
919,0921,0,0,"[24.467105352366968, -106.70502645949607]","[np.float64(25.65684064861116), np.float64(-103.1691937063162)]",2026-06-13 17:18:10,20.019928561719247,1,5.391883917739318,379.9076528770913,28.697062217816992,68.36174464782434,1.5799389606247054,1,1,1,1096,13,0.6363425925925926,4.761651923587669,0.9369024856596558,ELECTRE-III,1
920,0747,0,0,"[23.8664926677019, -106.85040703597979]","[np.float64(26.87769369263977), np.float64(-105.8612376757188)]",2026-06-13 17:18:20,599.5657084937993,1,6.2051268668549895,349.2627426082398,26.71430356723125,65.94146711543031,14.456318604082618,3,3,3,1215,5,0.6365740740740741,20.185485270749286,0.32217973231357555,ELECTRE-III,1
921,0771,0,0,"[23.8664926677019, -106.85040703597979]","[np.float64(21.39224816169694), np.float64(-105.0597606537757)]",2026-06-13 17:18:20,423.33516291326924,1,4.097507899337242,330.8482999069593,25.48838220405297,66.3669195988304,7.83085872292998,4,4,3,985,8,0.6365740740740741,11.01372909330035,0.5984703632887189,ELECTRE-III,1
922,0771,0,0,"[23.26582021888159, -106.99481772560137]","[np.float64(21.39224816169694), np.float64(-105.0597606537757)]",2026-06-13 17:18:30,423.33516291326924,1,4.097507899337242,288.116733953686,22.54596680857213,66.40518914874998,11.83085872292998,4,4,3,985,8,0.6368055555555555,16.925303167374423,0.5984703632887189,ELECTRE-III,1
923,0771,0,0,"[22.665089713453334, -107.13831316987417]","[np.float64(21.39224816169694), np.float64(-105.0597606537757)]",2026-06-13 17:18:40,423.33516291326924,1,4.097507899337242,256.7725217602115,20.30393065747577,66.4434518684804,12.83085872292998,4,4,3,985,8,0.6370370370370371,9.008636500707757,0.5984703632887189,ELECTRE-III,1
924,0771,0,0,"[22.06430456651172, -107.28091385936568]","[np.float64(21.39224816169694), np.float64(-105.0597606537757)]",2026-06-13 17:18:50,423.33516291326924,1,4.097507899337242,241.29301319399775,19.171768707757327,66.48172141839999,8.83085872292998,4,4,3,985,8,0.6372685185185185,6.919053167374424,0.5984703632887189,ELECTRE-III,1
925,0771,0,0,"[21.46346648560404, -107.42266760540014]","[np.float64(21.39224816169694), np.float64(-105.0597606537757)]",2026-06-13 17:19:00,423.33516291326924,1,4.097507899337242,244.70818442982548,19.422928197540596,66.51999096831956,12.83085872292998,4,4,3,985,8,0.6375,13.46835872292998,0.5984703632887189,ELECTRE-III,1
926,0771,0,0,"[20.862577178277583, -107.56358806835584]","[np.float64(21.39224816169694), np.float64(-105.0597606537757)]",2026-06-13 17:19:10,423.33516291326924,1,4.097507899337242,266.2896033109719,20.99193783695118,66.55826051823914,5.83085872292998,4,4,3,985,8,0.6377314814814815,11.570442056263314,0.5984703632887189,ELECTRE-III,1
927,0771,0,0,"[20.26164176717423, -107.70372305955699]","[np.float64(21.39224816169694), np.float64(-105.0597606537757)]",2026-06-13 17:19:20,423.33516291326924,1,4.097507899337242,302.17025303219845,23.528493166070053,66.59653006815873,10.83085872292998,4,4,3,985,8,0.637962962962963,15.29659946367072,0.5984703632887189,ELECTRE-III,1
928,0771,0,0,"[19.660658544746685, -107.8430930695711]","[np.float64(21.39224816169694), np.float64(-105.0597606537757)]",2026-06-13 17:19:30,423.33516291326924,1,4.097507899337242,347.953032585465,26.627961546099478,66.6347996180783,12.83085872292998,4,4,3,985,8,0.6381944444444444,10.278080945152203,0.5984703632887189,ELECTRE-III,1
929,0771,0,0,"[19.05963434118412, -107.98173224934402]","[np.float64(21.39224816169694), np.float64(-105.0597606537757)]",2026-06-13 17:19:40,423.33516291326924,1,4.097507899337242,400.2537928761301,29.973535302761068,66.6730691679979,5.83085872292998,4,4,3,985,8,0.638425925925926,9.02298835255961,0.5984703632887189,ELECTRE-III,1
930,0076,0,0,"[58.97563038850111, 37.58919819145106]","[np.float64(61.88599621454934), np.float64(34.29573543686479)]",2026-06-13 18:30:50,353.2095801002427,1,4.324062437948207,370.55199375523927,28.09938995003067,3.557543729675692,10.078099436014156,4,4,3,1055,5,0.7372685185185185,16.71351610268082,0.32217973231357555,ELECTRE-III,1
931,0076,0,0,"[59.55998039275238, 37.2167855420507]","[np.float64(61.88599621454934), np.float64(34.29573543686479)]",2026-06-13 18:31:00,353.2095801002427,1,4.324062437948207,303.4553884734332,23.617623407601936,3.5446568702591703,6.078099436014156,4,4,3,1055,5,0.7375,8.290599436014157,0.32217973231357555,ELECTRE-III,1
932,0076,0,0,"[60.1434766233574, 36.8326966842642]","[np.float64(61.88599621454934), np.float64(34.29573543686479)]",2026-06-13 18:31:10,353.2095801002427,1,4.324062437948207,237.090423530481,18.861647414324135,3.531781323343462,8.078099436014156,4,4,3,1055,5,0.7377314814814815,0.7007846211993414,0.32217973231357555,ELECTRE-III,1
933,0076,0,0,"[60.72605760861364, 36.43624518407998]","[np.float64(61.88599621454934), np.float64(34.29573543686479)]",2026-06-13 18:31:20,353.2095801002427,1,4.324062437948207,172.30522658572787,13.943369211165034,3.5189166620417427,11.078099436014156,4,4,3,1055,5,0.7379629629629629,16.243840176754897,0.32217973231357555,ELECTRE-III,1
934,0076,0,0,"[61.3076755371969, 36.02669338106767]","[np.float64(61.88599621454934), np.float64(34.29573543686479)]",2026-06-13 18:31:30,353.2095801002427,1,4.324062437948207,111.87615765440785,9.157573268777838,3.5060628863540133,6.078099436014156,4,4,3,1055,5,0.7381944444444445,4.6017105471252675,0.32217973231357555,ELECTRE-III,1
935,0172,1,0,"[61.3076755371969, 36.02669338106767]","[np.float64(64.37631688325476), np.float64(40.37562777966092)]",2026-06-13 18:31:30,235.60121309838533,1,3.4670744911642775,406.18667649701183,30.339729976509087,3.6129933397919713,14.703559317166793,3,3,3,995,6,0.7381944444444445,8.059809317166792,0.4235181644359465,ELECTRE-III,1
936,0076,0,0,"[61.888255277026325, 35.60324897328356]","[np.float64(61.88599621454934), np.float64(34.29573543686479)]",2026-06-13 18:31:40,353.2095801002427,1,4.324062437948207,68.50810289126206,5.637679028314002,3.4932202097236855,13.078099436014156,4,4,3,1055,5,0.7384259259259259,11.601247584162305,0.32217973231357555,ELECTRE-III,1
937,0172,1,0,"[61.888255277026325, 35.60324897328356]","[np.float64(64.37631688325476), np.float64(40.37562777966092)]",2026-06-13 18:31:40,235.60121309838533,1,3.4670744911642775,365.9447890593265,27.802590308020388,3.602387336671411,10.703559317166793,3,3,3,995,6,0.7384259259259259,10.703559317166793,0.4235181644359465,ELECTRE-III,1
938,0076,0,0,"[62.46774901677772, 35.16505135689223]","[np.float64(61.88599621454934), np.float64(34.29573543686479)]",2026-06-13 18:31:50,353.2095801002427,1,4.324062437948207,78.86611924592039,6.483276063244371,3.4803886321507584,7.078099436014156,4,4,3,1055,5,0.7386574074074074,13.726016102680823,0.32217973231357555,ELECTRE-III,1
939,0172,1,0,"[62.46774901677772, 35.16505135689223]","[np.float64(64.37631688325476), np.float64(40.37562777966092)]",2026-06-13 18:31:50,235.60121309838533,1,3.4670744911642775,334.8436397315737,25.756548430716244,3.5917920057214285,16.703559317166793,3,3,3,995,6,0.7386574074074074,11.53295746531494,0.4235181644359465,ELECTRE-III,1
940,0076,0,0,"[63.04607479418104, 34.71117504126113]","[np.float64(61.88599621454934), np.float64(34.29573543686479)]",2026-06-13 18:32:00,353.2095801002427,1,4.324062437948207,130.74996240504134,10.669490934891787,3.4675679401918216,6.078099436014156,4,4,3,1055,5,0.7388888888888889,2.3836549915697116,0.32217973231357555,ELECTRE-III,1
941,0172,1,0,"[63.04607479418104, 34.71117504126113]","[np.float64(64.37631688325476), np.float64(40.37562777966092)]",2026-06-13 18:32:00,235.60121309838533,1,3.4670744911642775,315.59744854392534,24.453731735123714,3.581206493168378,12.703559317166793,3,3,3,995,6,0.7388888888888889,12.703559317166793,0.4235181644359465,ELECTRE-III,1
941,0172,1,0,"[63.04607479418104, 34.71117504126113]","[np.float64(64.37631688325476), np.float64(40.37562777966092)]",2026-06-13 18:32:00,235.60121309838533,1,3.4670744911642775,315.59744854392534,24.453731735123714,3.581206493168378,12.703559317166793,3,3,3,995,6,0.7388888888888889,12.703559317166793,0.4235181644359465,ELECTRE-III,1
942,0076,0,0,"[63.62315747715542, 34.24061940367685]","[np.float64(61.88599621454934), np.float64(34.29573543686479)]",2026-06-13 18:32:10,353.2095801002427,1,4.324062437948207,193.18414818716812,15.555252473627647,3.4547585607336972,10.078099436014156,4,4,3,1055,5,0.7391203703703704,5.6433772137919345,0.32217973231357555,ELECTRE-III,1
943,0172,1,0,"[63.62315747715542, 34.24061940367685]","[np.float64(64.37631688325476), np.float64(40.37562777966092)]",2026-06-13 18:32:10,235.60121309838533,1,3.4670744911642775,310.4178771335112,24.098395359952086,3.570631652785906,13.703559317166793,3,3,3,995,6,0.7391203703703704,12.964438946796422,0.4235181644359465,ELECTRE-III,1
943,0172,1,0,"[63.62315747715542, 34.24061940367685]","[np.float64(64.37631688325476), np.float64(40.37562777966092)]",2026-06-13 18:32:10,235.60121309838533,1,3.4670744911642775,310.4178771335112,24.098395359952086,3.570631652785906,13.703559317166793,3,3,3,995,6,0.7391203703703704,12.964438946796422,0.4235181644359465,ELECTRE-III,1
944,0076,0,0,"[64.19890827324164, 33.75229502896679]","[np.float64(61.88599621454934), np.float64(34.29573543686479)]",2026-06-13 18:32:20,353.2095801002427,1,4.324062437948207,258.6367583844965,20.43918919132458,3.4419600668895627,5.078099436014156,4,4,3,1055,5,0.7393518518518518,4.338747584162304,0.32217973231357555,ELECTRE-III,1
945,0172,1,0,"[64.19890827324164, 33.75229502896679]","[np.float64(64.37631688325476), np.float64(40.37562777966092)]",2026-06-13 18:32:20,235.60121309838533,1,3.4670744911642775,319.9880319813773,24.75338047108131,3.5600670576871885,15.703559317166793,3,3,3,995,6,0.7393518518518518,20.879022280129753,0.4235181644359465,ELECTRE-III,1
946,0076,0,0,"[64.77324522016967, 33.24503395478287]","[np.float64(61.88599621454934), np.float64(34.29573543686479)]",2026-06-13 18:32:30,353.2095801002427,1,4.324062437948207,325.2910555037451,25.113383370616297,3.429172885546241,7.078099436014156,4,4,3,1055,5,0.7395833333333334,6.338516102680823,0.32217973231357555,ELECTRE-III,1
947,0172,1,0,"[64.77324522016967, 33.24503395478287]","[np.float64(64.37631688325476), np.float64(40.37562777966092)]",2026-06-13 18:32:30,235.60121309838533,1,3.4670744911642775,343.0742991525025,26.30518417081882,3.5495127078722266,15.703559317166793,3,3,3,995,6,0.7395833333333334,9.786892650500125,0.4235181644359465,ELECTRE-III,1
948,0076,0,0,"[65.3460590349128, 32.717552105561126]","[np.float64(61.88599621454934), np.float64(34.29573543686479)]",2026-06-13 18:32:40,353.2095801002427,1,4.324062437948207,392.53420150177413,29.49298838908992,3.4163965898169093,11.078099436014156,4,4,3,1055,5,0.7398148148148148,17.736432769347488,0.32217973231357555,ELECTRE-III,1
949,0172,1,0,"[65.3460590349128, 32.717552105561126]","[np.float64(64.37631688325476), np.float64(40.37562777966092)]",2026-06-13 18:32:40,235.60121309838533,1,3.4670744911642775,377.2025417386238,28.524943190164986,3.5389690302278423,18.703559317166793,3,3,3,995,6,0.7398148148148148,21.66281857642605,0.4235181644359465,ELECTRE-III,1
950,0981,0,0,"[52.938426181126836, -122.20795761115923]","[np.float64(49.5315546699447), np.float64(-123.4898797386901)]",2026-06-13 18:49:00,487.70458351315483,1,6.584520697947984,389.1816211492756,29.28285548778852,58.86982392806844,0.3363772967616301,3,3,3,1122,11,0.7625,0.0,0.7523900573613767,ELECTRE-III,1
951,0981,0,0,"[52.347000100895436, -122.48421144232957]","[np.float64(49.5315546699447), np.float64(-123.4898797386901)]",2026-06-13 18:49:10,487.70458351315483,1,6.584520697947984,320.8873791847723,24.81458188530278,58.88724091045197,0.0,3,3,3,1122,11,0.7627314814814815,0.0,0.7523900573613767,ELECTRE-III,1
952,0981,0,0,"[51.75512322817881, -122.75426346173353]","[np.float64(49.5315546699447), np.float64(-123.4898797386901)]",2026-06-13 18:49:20,487.70458351315483,1,6.584520697947984,252.6287026546901,20.002431952508736,58.904637402267994,0.0,3,3,3,1122,11,0.762962962962963,5.340740740740741,0.7523900573613767,ELECTRE-III,1
953,0981,0,0,"[51.16282288373365, -123.0184141976946]","[np.float64(49.5315546699447), np.float64(-123.4898797386901)]",2026-06-13 18:49:30,487.70458351315483,1,6.584520697947984,184.4470885155312,14.883650925603575,58.92201340351651,0.0,3,3,3,1122,11,0.7631944444444444,5.342361111111111,0.7523900573613767,ELECTRE-III,1
954,0159,0,0,"[50.57011272793828, -123.2769095370229]","[np.float64(47.46773403328909), np.float64(-121.9569001150466)]",2026-06-13 18:49:40,901.5761038885463,2,4.913959253639478,358.131328171419,27.295515787253375,61.174671263489245,9.954479079472067,3,3,3,526,13,0.763425925925926,3.0836457461387337,0.9369024856596558,ELECTRE-III,1
955,0981,0,0,"[50.57011272793828, -123.2769095370229]","[np.float64(49.5315546699447), np.float64(-123.4898797386901)]",2026-06-13 18:49:40,487.70458351315483,1,6.584520697947984,116.47920601168057,9.52757899744563,58.939362084008344,4.33637729676163,3,3,3,1122,11,0.763425925925926,0.0,0.7523900573613767,ELECTRE-III,1
956,0159,0,0,"[49.9770166664548, -123.53002268728524]","[np.float64(47.46773403328909), np.float64(-121.9569001150466)]",2026-06-13 18:49:50,901.5761038885463,2,4.913959253639478,301.9238621727332,23.511390972872878,61.19263466100638,3.9544790794720672,3,3,3,526,13,0.7636574074074074,6.245451301694289,0.9369024856596558,ELECTRE-III,1
957,0981,0,0,"[49.9770166664548, -123.53002268728524]","[np.float64(49.5315546699447), np.float64(-123.4898797386901)]",2026-06-13 18:49:50,487.70458351315483,1,6.584520697947984,49.61706034941698,4.089364942101999,58.95668344374349,0.0,3,3,3,1122,11,0.7636574074074074,2.290972222222222,0.7523900573613767,ELECTRE-III,1
958,0159,0,0,"[49.38354835966157, -123.77797221453504]","[np.float64(47.46773403328909), np.float64(-121.9569001150466)]",2026-06-13 18:50:00,901.5761038885463,2,4.913959253639478,251.85053903137495,19.945684194368972,61.21057073776683,5.954479079472067,3,3,3,526,13,0.7638888888888888,8.246145746138733,0.9369024856596558,ELECTRE-III,1
959,0981,0,0,"[49.38354835966157, -123.77797221453504]","[np.float64(49.5315546699447), np.float64(-123.4898797386901)]",2026-06-13 18:50:00,487.70458351315483,1,6.584520697947984,26.54124066062377,2.1901445733384057,58.973984312911135,0.0,3,3,3,1122,11,0.7638888888888888,0.0,0.7523900573613767,ELECTRE-III,1
960,0159,0,0,"[48.78972488303149, -124.02100400558243]","[np.float64(47.46773403328909), np.float64(-121.9569001150466)]",2026-06-13 18:50:10,901.5761038885463,2,4.913959253639478,212.29873384171736,17.00918362549895,61.22847949377061,2.9544790794720672,3,3,3,526,13,0.7641203703703704,1.4262383387313264,0.9369024856596558,ELECTRE-III,1
961,0981,0,0,"[48.78972488303149, -124.02100400558243]","[np.float64(49.5315546699447), np.float64(-123.4898797386901)]",2026-06-13 18:50:10,487.70458351315483,1,6.584520697947984,91.08066684246906,7.476775722509319,58.9912578613221,1.33637729676163,3,3,3,1122,11,0.7641203703703704,2.864618037502371,0.7523900573613767,ELECTRE-III,1
962,0095,0,0,"[48.19556672713208, -124.25932296610252]","[np.float64(44.92658566264259), np.float64(-123.0066149884628)]",2026-06-13 18:50:20,774.6372998753174,2,4.353321371612167,375.8862637245078,28.440987948727283,62.654445407550845,12.078099436014156,3,3,3,603,2,0.7643518518518518,5.19893276934749,0.09751434034416825,ELECTRE-III,1
963,0159,0,0,"[48.19556672713208, -124.25932296610252]","[np.float64(47.46773403328909), np.float64(-121.9569001150466)]",2026-06-13 18:50:20,901.5761038885463,2,4.913959253639478,189.95897895822392,15.307839198398288,61.24636775920687,7.954479079472067,3,3,3,526,13,0.7643518518518518,1.0753124128054008,0.9369024856596558,ELECTRE-III,1
964,0981,0,0,"[48.19556672713208, -124.25932296610252]","[np.float64(49.5315546699447), np.float64(-123.4898797386901)]",2026-06-13 18:50:20,487.70458351315483,1,6.584520697947984,158.85820721459697,12.893017406131335,59.00851091916555,0.0,3,3,3,1122,11,0.7643518518518518,3.0574074074074074,0.7523900573613767,ELECTRE-III,1
965,0095,0,0,"[47.60108072215251, -124.49312034139206]","[np.float64(44.92658566264259), np.float64(-123.0066149884628)]",2026-06-13 18:50:30,774.6372998753174,2,4.353321371612167,318.57334996635706,24.656987946223502,62.67504525808761,11.078099436014156,3,3,3,603,2,0.7645833333333333,12.607266102680823,0.09751434034416825,ELECTRE-III,1
966,0159,0,0,"[47.60108072215251, -124.49312034139206]","[np.float64(47.46773403328909), np.float64(-121.9569001150466)]",2026-06-13 18:50:30,901.5761038885463,2,4.913959253639478,190.96966497109818,15.385435635629216,61.26422187369728,3.9544790794720672,3,3,3,526,13,0.7645833333333333,9.3065624128054,0.9369024856596558,ELECTRE-III,1
967,0981,0,0,"[47.60108072215251, -124.49312034139206]","[np.float64(49.5315546699447), np.float64(-123.4898797386901)]",2026-06-13 18:50:30,487.70458351315483,1,6.584520697947984,226.99273392347624,18.11182690073109,59.02574348644149,1.33637729676163,3,3,3,1122,11,0.7645833333333333,1.33637729676163,0.7523900573613767,ELECTRE-III,1
968,0095,0,0,"[47.00629077375488, -124.72260103712614]","[np.float64(44.92658566264259), np.float64(-123.0066149884628)]",2026-06-13 18:50:40,774.6372998753174,2,4.353321371612167,266.5693368740335,21.01206578757103,62.695624618056854,9.078099436014156,3,3,3,603,2,0.7648148148148148,15.196617954532675,0.09751434034416825,ELECTRE-III,1
969,0159,0,0,"[47.00629077375488, -124.72260103712614]","[np.float64(47.46773403328909), np.float64(-121.9569001150466)]",2026-06-13 18:50:40,901.5761038885463,2,4.913959253639478,215.00320504563783,17.213132157447877,61.282055497620185,2.9544790794720672,3,3,3,526,13,0.7648148148148148,0.0,0.9369024856596558,ELECTRE-III,1
970,0981,0,0,"[47.00629077375488, -124.72260103712614]","[np.float64(49.5315546699447), np.float64(-123.4898797386901)]",2026-06-13 18:50:40,487.70458351315483,1,6.584520697947984,295.2373666628115,23.04558399251694,59.04294190277159,0.0,3,3,3,1122,11,0.7648148148148148,0.0,0.7523900573613767,ELECTRE-III,1
971,0095,0,0,"[46.41120029703376, -124.94795629860154]","[np.float64(44.92658566264259), np.float64(-123.0066149884628)]",2026-06-13 18:50:50,774.6372998753174,2,4.353321371612167,223.60920492814336,17.859120460333312,62.71616982708025,17.078099436014156,3,3,3,603,2,0.7650462962962963,10.19268276934749,0.09751434034416825,ELECTRE-III,1
972,0159,0,0,"[46.41120029703376, -124.94795629860154]","[np.float64(47.46773403328909), np.float64(-121.9569001150466)]",2026-06-13 18:50:50,901.5761038885463,2,4.913959253639478,255.64803025989872,20.222229371436324,61.29985497059724,1.9544790794720672,3,3,3,526,13,0.7650462962962963,5.014664264657252,0.9369024856596558,ELECTRE-III,1
973,0981,0,0,"[46.41120029703376, -124.94795629860154]","[np.float64(49.5315546699447), np.float64(-123.4898797386901)]",2026-06-13 18:50:50,487.70458351315483,1,6.584520697947984,363.5316488209595,27.646483219690122,59.060126658723334,4.33637729676163,3,3,3,1122,11,0.7650462962962963,10.456747667132,0.7523900573613767,ELECTRE-III,1
974,0095,0,0,"[45.81582978255667, -125.16933638997999]","[np.float64(44.92658566264259), np.float64(-123.0066149884628)]",2026-06-13 18:51:00,774.6372998753174,2,4.353321371612167,195.7414523738942,15.751010208072808,62.73669454553614,16.078099436014156,3,3,3,603,2,0.7652777777777777,9.955877213791934,0.09751434034416825,ELECTRE-III,1
975,0159,0,0,"[45.81582978255667, -125.16933638997999]","[np.float64(47.46773403328909), np.float64(-121.9569001150466)]",2026-06-13 18:51:00,901.5761038885463,2,4.913959253639478,306.36155314207184,23.81873291411494,61.31763395300678,4.954479079472067,3,3,3,526,13,0.7652777777777777,3.423923523916512,0.9369024856596558,ELECTRE-III,1
976,0095,0,0,"[45.22018947560737, -125.38690523580158]","[np.float64(44.92658566264259), np.float64(-123.0066149884628)]",2026-06-13 18:51:10,774.6372998753174,2,4.353321371612167,189.73701801430244,15.290790205328806,62.75719194323535,10.078099436014156,3,3,3,603,2,0.7655092592592593,7.01606239897712,0.09751434034416825,ELECTRE-III,1
977,0159,0,0,"[45.22018947560737, -125.38690523580158]","[np.float64(47.46773403328909), np.float64(-121.9569001150466)]",2026-06-13 18:51:10,901.5761038885463,2,4.913959253639478,362.94756138358906,27.60863116397551,61.33538561465964,0.9544790794720672,3,3,3,526,13,0.7655092592592593,0.0,0.9369024856596558,ELECTRE-III,1
978,0095,0,0,"[44.62428962146961, -125.60082676060638]","[np.float64(44.92658566264259), np.float64(-123.0066149884628)]",2026-06-13 18:51:20,774.6372998753174,2,4.353321371612167,207.50350618435888,16.646475851440776,62.77766885036705,11.078099436014156,3,3,3,603,2,0.7657407407407407,8.015136473051193,0.09751434034416825,ELECTRE-III,1
979,0095,0,0,"[44.02813705033255, -125.81125122855613]","[np.float64(44.92658566264259), np.float64(-123.0066149884628)]",2026-06-13 18:51:30,774.6372998753174,2,4.353321371612167,243.90123465575556,19.363652881933653,62.798111606552894,15.078099436014156,3,3,3,603,2,0.7659722222222223,19.673932769347488,0.09751434034416825,ELECTRE-III,1
980,0095,0,0,"[43.43174883766913, -126.0183015830559]","[np.float64(44.92658566264259), np.float64(-123.0066149884628)]",2026-06-13 18:51:40,774.6372998753174,2,4.353321371612167,292.0443996135252,22.8220033160224,62.81853387217123,12.078099436014156,3,3,3,603,2,0.7662037037037037,9.013284621199341,0.09751434034416825,ELECTRE-III,1
981,0095,0,0,"[42.83513522876311, -126.22212808826743]","[np.float64(44.92658566264259), np.float64(-123.0066149884628)]",2026-06-13 18:51:50,774.6372998753174,2,4.353321371612167,347.0801915336503,26.570347343145905,62.838928817032894,11.078099436014156,3,3,3,603,2,0.7664351851851852,17.976016102680823,0.09751434034416825,ELECTRE-III,1
982,0095,0,0,"[42.23829963870905, -126.42285368759575]","[np.float64(44.92658566264259), np.float64(-123.0066149884628)]",2026-06-13 18:52:00,774.6372998753174,2,4.353321371612167,406.21701292193836,30.341595439612654,62.85929644113787,11.078099436014156,3,3,3,603,2,0.7666666666666667,7.244766102680822,0.09751434034416825,ELECTRE-III,1
983,0908,0,0,"[55.06365661684923, 15.1204969072031]","[np.float64(56.85498003448757), np.float64(10.09099112855863)]",2026-06-13 20:08:30,126.91199263812258,1,7.6219022890157735,370.9163050545347,28.12278953222287,0.1341114180236483,6.33637729676163,3,3,3,1319,6,0.8729166666666667,12.446793963428297,0.4235181644359465,ELECTRE-III,1
984,0908,0,0,"[55.65265114973611, 14.811545252928621]","[np.float64(56.85498003448757), np.float64(10.09099112855863)]",2026-06-13 20:08:40,126.91199263812258,1,7.6219022890157735,320.6896567165311,24.80113186486665,0.12118080270775633,4.33637729676163,3,3,3,1319,6,0.8731481481481481,12.194710630094963,0.4235181644359465,ELECTRE-III,1
985,0908,0,0,"[56.241054871259784, 14.494431522595976]","[np.float64(56.85498003448757), np.float64(10.09099112855863)]",2026-06-13 20:08:50,126.91199263812258,1,7.6219022890157735,278.3530231069117,21.85498309320678,0.10827433984790404,2.33637729676163,3,3,3,1319,6,0.8733796296296297,0.0,0.4235181644359465,ELECTRE-III,1
986,0908,0,0,"[56.82883021537982, 14.168722852966518]","[np.float64(56.85498003448757), np.float64(10.09099112855863)]",2026-06-13 20:09:00,126.91199263812258,1,7.6219022890157735,247.980939387753,19.662887870128266,0.09539206279462446,5.33637729676163,3,3,3,1319,6,0.8736111111111111,7.957210630094964,0.4235181644359465,ELECTRE-III,1
987,0908,0,0,"[57.415943031150356, 13.83395991381856]","[np.float64(56.85498003448757), np.float64(10.09099112855863)]",2026-06-13 20:09:10,126.91199263812258,1,7.6219022890157735,234.27361886896995,18.653142134799655,0.08253402490877051,6.33637729676163,3,3,3,1319,6,0.8738425925925926,1.0933217412060747,0.4235181644359465,ELECTRE-III,1
988,0908,0,0,"[58.00236258272014, 13.489649223984571]","[np.float64(56.85498003448757), np.float64(10.09099112855863)]",2026-06-13 20:09:20,126.91199263812258,1,7.6219022890157735,240.10230231583913,19.084020252798638,0.06970027288108845,5.33637729676163,3,3,3,1319,6,0.8740740740740741,0.09193285231718562,0.4235181644359465,ELECTRE-III,1
989,0908,0,0,"[58.5880376436704, 13.13526229757752]","[np.float64(56.85498003448757), np.float64(10.09099112855863)]",2026-06-13 20:09:30,126.91199263812258,1,7.6219022890157735,264.17625869920903,20.83969902312702,0.05689084673221795,6.33637729676163,3,3,3,1319,6,0.8743055555555556,0.0,0.4235181644359465,ELECTRE-III,1
990,0908,0,0,"[59.172934063055266, 12.770233082669943]","[np.float64(56.85498003448757), np.float64(10.09099112855863)]",2026-06-13 20:09:40,126.91199263812258,1,7.6219022890157735,302.1657251065457,23.52817891908895,0.044105793152905276,4.33637729676163,3,3,3,1319,6,0.874537037037037,0.0,0.4235181644359465,ELECTRE-III,1
991,0908,0,0,"[59.757004029550565, 12.393952838652064]","[np.float64(56.85498003448757), np.float64(10.09099112855863)]",2026-06-13 20:09:50,126.91199263812258,1,7.6219022890157735,349.5625787543763,26.734051733704614,0.031345155498843424,4.33637729676163,3,3,3,1319,6,0.8747685185185186,3.4616087782431118,0.4235181644359465,ELECTRE-III,1
992,0668,0,0,"[60.34019973183211, 12.005770990005436]","[np.float64(60.38358141677607), np.float64(5.086849104259948)]",2026-06-13 20:10:00,466.7906703753182,1,4.5849181289518635,380.31490477740874,28.7229257144805,3.993043421344875,8.579938960624705,2,2,2,998,11,0.875,5.079938960624705,0.7523900573613767,ELECTRE-III,1
993,0908,0,0,"[60.34019973183211, 12.005770990005436]","[np.float64(56.85498003448757), np.float64(10.09099112855863)]",2026-06-13 20:10:00,126.91199263812258,1,7.6219022890157735,403.0617160332877,30.147187396105032,0.01859068936092371,4.33637729676163,3,3,3,1319,6,0.875,0.0,0.4235181644359465,ELECTRE-III,1
994,0668,0,0,"[60.92245969819735, 11.604983173471904]","[np.float64(60.38358141677607), np.float64(5.086849104259948)]",2026-06-13 20:10:10,466.7906703753182,1,4.5849181289518635,360.0763598443555,27.422181170437067,3.978542929736938,6.579938960624705,2,2,2,998,11,0.8752314814814814,12.706559330995075,0.7523900573613767,ELECTRE-III,1
995,0668,0,0,"[61.50373611732212, 11.190834653148181]","[np.float64(60.38358141677607), np.float64(5.086849104259948)]",2026-06-13 20:10:20,466.7906703753182,1,4.5849181289518635,352.22296339852045,26.908972814081846,3.9640535371864023,6.579938960624705,2,2,2,998,11,0.875462962962963,12.708179701365445,0.7523900573613767,ELECTRE-III,1
996,0668,0,0,"[62.08395385712553, 10.76250922142845]","[np.float64(60.38358141677607), np.float64(5.086849104259948)]",2026-06-13 20:10:30,466.7906703753182,1,4.5849181289518635,357.5711814693561,27.258983883601047,3.9495743899196216,6.579938960624705,2,2,2,998,11,0.8756944444444444,8.331327849513594,0.7523900573613767,ELECTRE-III,1
997,0668,0,0,"[62.663065106283405, 10.319127491457072]","[np.float64(60.38358141677607), np.float64(5.086849104259948)]",2026-06-13 20:10:40,466.7906703753182,1,4.5849181289518635,375.5583327758736,28.420050987893028,3.935106341710242,5.579938960624705,2,2,2,998,11,0.8759259259259259,10.835494516180262,0.7523900573613767,ELECTRE-III,1
998,0668,0,0,"[63.24097424214735, 9.859737505618478]","[np.float64(60.38358141677607), np.float64(5.086849104259948)]",2026-06-13 20:10:50,466.7906703753182,1,4.5849181289518635,404.50049501985126,30.23593062769486,3.9206493925582637,4.579938960624705,2,2,2,998,11,0.8761574074074074,9.83688340506915,0.7523900573613767,ELECTRE-III,1
