index,ID,stereo,satellite,satellite location,request location,time,area,strips,duration,distance,angle,sun elevation,cloud cover estimate,priority,priority mod,customer type mod,price,waiting time,uncertainty,cloud cover real,score_scenario,score_method,score_alpha
0,0167,0,0,"[57.46718311030379, 3.6317802019909142]","[np.float64(55.14931047733401), np.float64(-1.225701160577773)]",2026-06-13 10:33:50,465.83258539996734,1,4.254321407838318,395.0561138900931,29.650484556748697,53.88696528701777,21.249437967082546,1,1,1,1260,7,0.037384259259259256,21.324206485601064,0.45926459985580387,ELECTRE-III,1
1,0167,0,0,"[56.88007712472242, 3.296180351226219]","[np.float64(55.14931047733401), np.float64(-1.225701160577773)]",2026-06-13 10:34:00,465.83258539996734,1,4.254321407838318,340.5286145390034,26.136043358333545,53.90132575974773,18.249437967082546,1,1,1,1260,7,0.0375,18.136937967082545,0.45926459985580387,ELECTRE-III,1
2,0167,0,0,"[56.29230861079156, 2.969677885549157]","[np.float64(55.14931047733401), np.float64(-1.225701160577773)]",2026-06-13 10:34:10,465.83258539996734,1,4.254321407838318,291.8076942361302,22.805399158229456,53.91566574191017,17.249437967082546,1,1,1,1260,7,0.03761574074074074,16.873280559675138,0.45926459985580387,ELECTRE-III,1
3,0391,0,0,"[56.29230861079156, 2.969677885549157]","[np.float64(53.74478430611913), np.float64(-0.9365127738544263)]",2026-06-13 10:34:10,958.6987571018185,2,5.521670865885921,377.0461493753172,28.514975113736657,55.13318111241079,8.253117016303648,2,2,2,1033,4,0.03761574074074074,8.027422571859203,0.20908435472242248,ELECTRE-III,1
4,0167,0,0,"[55.703911719457054, 2.6518092058698146]","[np.float64(55.14931047733401), np.float64(-1.225701160577773)]",2026-06-13 10:34:20,465.83258539996734,1,4.254321407838318,252.28147088178514,19.977115045071088,53.92998864859968,18.249437967082546,1,1,1,1260,7,0.037731481481481484,17.985317596712175,0.45926459985580387,ELECTRE-III,1
5,0194,0,0,"[55.703911719457054, 2.6518092058698146]","[np.float64(53.82691247916946), np.float64(-2.496038888896625)]",2026-06-13 10:34:20,431.93693110526704,1,6.879279714096848,390.5162672422625,29.36661238400133,54.50684935042604,13.50403677860892,1,1,1,504,8,0.037731481481481484,13.73042566749781,0.5508291276135544,ELECTRE-III,1
6,0391,0,0,"[55.703911719457054, 2.6518092058698146]","[np.float64(53.74478430611913), np.float64(-0.9365127738544263)]",2026-06-13 10:34:20,958.6987571018185,2,5.521670865885921,317.02735529201,24.551477630187758,55.14826558519276,8.253117016303648,2,2,2,1033,4,0.037731481481481484,8.29084849778513,0.20908435472242248,ELECTRE-III,1
7,0167,0,0,"[55.11491377147559, 2.3421405951758953]","[np.float64(55.14931047733401), np.float64(-1.225701160577773)]",2026-06-13 10:34:30,465.83258539996734,1,4.254321407838318,226.81056826763478,18.098239908248352,53.94429106472169,20.249437967082546,1,1,1,1260,7,0.03784722222222222,20.060201855971435,0.45926459985580387,ELECTRE-III,1
8,0194,0,0,"[55.11491377147559, 2.3421405951758953]","[np.float64(53.82691247916946), np.float64(-2.496038888896625)]",2026-06-13 10:34:30,431.93693110526704,1,6.879279714096848,343.77676728967486,26.351771057863342,54.52262025721959,13.50403677860892,1,1,1,504,8,0.03784722222222222,13.428342334164476,0.5508291276135544,ELECTRE-III,1
9,0391,0,0,"[55.11491377147559, 2.3421405951758953]","[np.float64(53.74478430611913), np.float64(-0.9365127738544263)]",2026-06-13 10:34:30,958.6987571018185,2,5.521670865885921,261.07845653652805,20.615985591761714,55.163329567407224,12.253117016303648,2,2,2,1033,4,0.03784722222222222,12.48020034963698,0.20908435472242248,ELECTRE-III,1
10,0167,0,0,"[54.52534891779302, 2.0402656572117843]","[np.float64(55.14931047733401), np.float64(-1.225701160577773)]",2026-06-13 10:34:40,465.83258539996734,1,4.254321407838318,220.32660156505813,17.61326343539334,53.958569575181606,20.249437967082546,1,1,1,1260,7,0.03796296296296296,19.945734263378842,0.45926459985580387,ELECTRE-III,1
11,0194,0,0,"[54.52534891779302, 2.0402656572117843]","[np.float64(53.82691247916946), np.float64(-2.496038888896625)]",2026-06-13 10:34:40,431.93693110526704,1,6.879279714096848,305.2147149403317,23.739444660451525,54.53837408854023,11.50403677860892,1,1,1,504,8,0.03796296296296296,11.845703445275587,0.5508291276135544,ELECTRE-III,1
12,0391,0,0,"[54.52534891779302, 2.0402656572117843]","[np.float64(53.74478430611913), np.float64(-0.9365127738544263)]",2026-06-13 10:34:40,958.6987571018185,2,5.521670865885921,212.4418683789117,17.0199888201458,55.17837305905418,12.253117016303648,2,2,2,1033,4,0.03796296296296296,11.873487386674018,0.20908435472242248,ELECTRE-III,1
13,0167,0,0,"[53.93524789426059, 1.7458030753227234]","[np.float64(55.14931047733401), np.float64(-1.225701160577773)]",2026-06-13 10:34:50,465.83258539996734,1,4.254321407838318,234.41179053915687,18.663381873726994,53.97283101016859,18.249437967082546,1,1,1,1260,7,0.038078703703703705,18.515988893008473,0.45926459985580387,ELECTRE-III,1
14,0194,0,0,"[53.93524789426059, 1.7458030753227234]","[np.float64(53.82691247916946), np.float64(-2.496038888896625)]",2026-06-13 10:34:50,431.93693110526704,1,6.879279714096848,278.25240834737394,21.847827208852372,54.55410401419877,19.50403677860892,1,1,1,504,8,0.038078703703703705,19.465958074905217,0.5508291276135544,ELECTRE-III,1
15,0391,0,0,"[53.93524789426059, 1.7458030753227234]","[np.float64(53.74478430611913), np.float64(-0.9365127738544263)]",2026-06-13 10:34:50,958.6987571018185,2,5.521670865885921,177.24493425588454,14.326862217218974,55.19339606013362,13.253117016303648,2,2,2,1033,4,0.038078703703703705,12.948487386674017,0.20908435472242248,ELECTRE-III,1
16,0167,0,0,"[53.344631191445835, 1.4583957586811684]","[np.float64(55.14931047733401), np.float64(-1.225701160577773)]",2026-06-13 10:35:00,465.83258539996734,1,4.254321407838318,265.8178693439424,20.95798239507553,53.98707195458807,23.249437967082546,1,1,1,1260,7,0.03819444444444445,23.364021300415878,0.45926459985580387,ELECTRE-III,1
17,0194,0,0,"[53.344631191445835, 1.4583957586811684]","[np.float64(53.82691247916946), np.float64(-2.496038888896625)]",2026-06-13 10:35:00,431.93693110526704,1,6.879279714096848,266.4364614605004,21.002505546146544,54.569816864384386,18.50403677860892,1,1,1,504,8,0.03819444444444445,18.77139788972003,0.5508291276135544,ELECTRE-III,1
18,0391,0,0,"[53.344631191445835, 1.4583957586811684]","[np.float64(53.74478430611913), np.float64(-0.9365127738544263)]",2026-06-13 10:35:00,958.6987571018185,2,5.521670865885921,164.36315478907932,13.324119578031322,55.208398570645556,13.253117016303648,2,2,2,1033,4,0.03819444444444445,12.909367016303648,0.20908435472242248,ELECTRE-III,1
19,0167,0,0,"[52.75352954520001, 1.1777079608007308]","[np.float64(55.14931047733401), np.float64(-1.225701160577773)]",2026-06-13 10:35:10,465.83258539996734,1,4.254321407838318,309.3138701431604,24.022400018106808,54.00129582353462,25.249437967082546,1,1,1,1260,7,0.03831018518518518,24.90464630041588,0.45926459985580387,ELECTRE-III,1
20,0194,0,0,"[52.75352954520001, 1.1777079608007308]","[np.float64(53.82691247916946), np.float64(-2.496038888896625)]",2026-06-13 10:35:10,431.93693110526704,1,6.879279714096848,271.7512766449688,21.383942162972197,54.585509224002486,20.50403677860892,1,1,1,504,8,0.03831018518518518,20.733897889720033,0.5508291276135544,ELECTRE-III,1
21,0306,0,0,"[52.75352954520001, 1.1777079608007308]","[np.float64(51.23110964035691), np.float64(6.530698714847926)]",2026-06-13 10:35:10,49.12137359329464,1,5.700020200683206,403.593458966569,30.180003690257525,59.783409540881834,23.747598442471997,4,4,3,537,9,0.03831018518518518,23.364496590620146,0.635183850036049,ELECTRE-III,1
22,0391,0,0,"[52.75352954520001, 1.1777079608007308]","[np.float64(53.74478430611913), np.float64(-0.9365127738544263)]",2026-06-13 10:35:10,958.6987571018185,2,5.521670865885921,178.69151141351387,14.438920762308841,55.22337717549539,16.253117016303648,2,2,2,1033,4,0.03831018518518518,16.253117016303648,0.20908435472242248,ELECTRE-III,1
23,0167,0,0,"[52.16196344609062, 0.9034238921540033]","[np.float64(55.14931047733401), np.float64(-1.225701160577773)]",2026-06-13 10:35:20,465.83258539996734,1,4.254321407838318,360.55164189287433,27.45308867288395,54.01549578681907,21.249437967082546,1,1,1,1260,7,0.038425925925925926,21.441567596712176,0.45926459985580387,ELECTRE-III,1
24,0194,0,0,"[52.16196344609062, 0.9034238921540033]","[np.float64(53.82691247916946), np.float64(-2.496038888896625)]",2026-06-13 10:35:20,431.93693110526704,1,6.879279714096848,293.2683264396646,22.907793416798206,54.601181093053086,17.50403677860892,1,1,1,504,8,0.038425925925925926,17.465610852682996,0.5508291276135544,ELECTRE-III,1
25,0306,0,0,"[52.16196344609062, 0.9034238921540033]","[np.float64(51.23110964035691), np.float64(6.530698714847926)]",2026-06-13 10:35:20,49.12137359329464,1,5.700020200683206,401.29864036419474,30.03822360753141,59.79547848514525,22.747598442471997,4,4,3,537,9,0.038425925925925926,22.44019103506459,0.635183850036049,ELECTRE-III,1
26,0391,0,0,"[52.16196344609062, 0.9034238921540033]","[np.float64(53.74478430611913), np.float64(-0.9365127738544263)]",2026-06-13 10:35:20,958.6987571018185,2,5.521670865885921,214.85498653557318,17.20196635216399,55.238338704872305,9.253117016303648,2,2,2,1033,4,0.038425925925925926,9.3299688681555,0.20908435472242248,ELECTRE-III,1
27,0194,0,0,"[51.56995338468518, 0.6352467596772077]","[np.float64(53.82691247916946), np.float64(-2.496038888896625)]",2026-06-13 10:35:30,431.93693110526704,1,6.879279714096848,327.8138955774204,25.283910371862394,54.61683588663075,20.50403677860892,1,1,1,504,8,0.03854166666666667,20.349870111942256,0.5508291276135544,ELECTRE-III,1
28,0391,0,0,"[51.56995338468518, 0.6352467596772077]","[np.float64(53.74478430611913), np.float64(-0.9365127738544263)]",2026-06-13 10:35:30,958.6987571018185,2,5.521670865885921,264.03037307083815,20.8291784733539,55.25327632858713,16.253117016303648,2,2,2,1033,4,0.03854166666666667,15.983325349636981,0.20908435472242248,ELECTRE-III,1
29,0194,0,0,"[50.977526681740365, 0.3728968991403436]","[np.float64(53.82691247916946), np.float64(-2.496038888896625)]",2026-06-13 10:35:40,431.93693110526704,1,6.879279714096848,371.7742135640201,28.17785234818674,54.63246677454632,14.50403677860892,1,1,1,504,8,0.038657407407407404,14.117462704534846,0.5508291276135544,ELECTRE-III,1
30,0391,0,0,"[50.977526681740365, 0.3728968991403436]","[np.float64(53.74478430611913), np.float64(-0.9365127738544263)]",2026-06-13 10:35:40,958.6987571018185,2,5.521670865885921,320.27965803386184,24.77323250898863,55.268193461734434,15.253117016303648,2,2,2,1033,4,0.038657407407407404,15.36908923852587,0.20908435472242248,ELECTRE-III,1
31,0391,0,0,"[50.38469699763453, 0.11611074795077057]","[np.float64(53.74478430611913), np.float64(-0.9365127738544263)]",2026-06-13 10:35:50,958.6987571018185,2,5.521670865885921,380.4795112759664,28.73337581080369,55.28309010431423,10.253117016303648,2,2,2,1033,4,0.03877314814814815,10.408209608896241,0.20908435472242248,ELECTRE-III,1
32,0219,0,0,"[42.05166813473304, -3.0122600595993667]","[np.float64(38.95097140340685), np.float64(-1.854129262952509)]",2026-06-13 10:38:10,26.478831795368883,1,6.046580211407279,358.40745017599806,27.313515198525504,65.36998518757535,16.7512774916931,4,4,3,914,14,0.040393518518518516,16.387735825026432,1.0,ELECTRE-III,1
33,0219,0,0,"[41.45455933711219, -3.209092664544206]","[np.float64(38.95097140340685), np.float64(-1.854129262952509)]",2026-06-13 10:38:20,26.478831795368883,1,6.046580211407279,301.2208773799277,23.462571800695063,65.39710786876947,21.7512774916931,4,4,3,914,14,0.04050925925925926,22.07535156576717,1.0,ELECTRE-III,1
34,0219,0,0,"[40.8572524640054, -3.4030924485307823]","[np.float64(38.95097140340685), np.float64(-1.854129262952509)]",2026-06-13 10:38:30,26.478831795368883,1,6.046580211407279,249.7655727094749,19.793436521995414,65.42421005939607,23.7512774916931,4,4,3,914,14,0.040625,23.995027491693097,1.0,ELECTRE-III,1
35,0357,1,0,"[40.8572524640054, -3.4030924485307823]","[np.float64(37.76131249306622), np.float64(-5.011013629053059)]",2026-06-13 10:38:30,836.4187543620312,1,2.674798615768187,370.9898064268096,28.127509260831058,63.869160400491765,7.63133618437211,2,2,2,652,4,0.040625,7.590711184372109,0.20908435472242248,ELECTRE-III,1
36,0219,0,0,"[40.25975776069644, -3.5943678408121698]","[np.float64(38.95097140340685), np.float64(-1.854129262952509)]",2026-06-13 10:38:40,26.478831795368883,1,6.046580211407279,208.33279802569518,16.70930208982583,65.45129175945517,20.7512774916931,4,4,3,914,14,0.040740740740740744,20.91424045465606,1.0,ELECTRE-III,1
37,0311,1,0,"[40.25975776069644, -3.5943678408121698]","[np.float64(37.3569628721152), np.float64(-6.357247410893716)]",2026-06-13 10:38:40,73.24469784449248,1,5.383424303635184,401.81608960062084,30.07022854785091,63.107164006117635,9.005876303219473,1,1,1,903,8,0.040740740740740744,9.005876303219473,0.5508291276135544,ELECTRE-III,1
38,0357,1,0,"[40.25975776069644, -3.5943678408121698]","[np.float64(37.76131249306622), np.float64(-5.011013629053059)]",2026-06-13 10:38:40,836.4187543620312,1,2.674798615768187,303.5716076102036,23.62567778865137,63.89861900638203,8.63133618437211,2,2,2,652,4,0.040740740740740744,8.223928776964701,0.20908435472242248,ELECTRE-III,1
39,0493,0,0,"[40.25975776069644, -3.5943678408121698]","[np.float64(36.78983297350138), np.float64(-4.481296075919123)]",2026-06-13 10:38:40,272.9597100770449,1,6.046600834492825,393.4705917522022,29.551524321995867,64.7032904226904,19.62397808592991,4,4,3,1454,7,0.040740740740740744,19.66471882667065,0.45926459985580387,ELECTRE-III,1
40,0219,0,0,"[39.662075227185305, -3.783021934556153]","[np.float64(38.95097140340685), np.float64(-1.854129262952509)]",2026-06-13 10:38:50,26.478831795368883,1,6.046580211407279,183.82874523797457,14.835958762119958,65.47835296894677,19.7512774916931,4,4,3,914,14,0.04085648148148148,19.587851565767174,1.0,ELECTRE-III,1
41,0311,1,0,"[39.662075227185305, -3.783021934556153]","[np.float64(37.3569628721152), np.float64(-6.357247410893716)]",2026-06-13 10:38:50,73.24469784449248,1,5.383424303635184,340.35998494512194,26.124821878483722,63.13738759319494,7.005876303219473,1,1,1,903,8,0.04085648148148148,6.801593895812066,0.5508291276135544,ELECTRE-III,1
42,0357,1,0,"[39.662075227185305, -3.783021934556153]","[np.float64(37.76131249306622), np.float64(-5.011013629053059)]",2026-06-13 10:38:50,836.4187543620312,1,2.674798615768187,236.68615215138271,18.831754172942965,63.928070782083125,7.63133618437211,2,2,2,652,4,0.04085648148148148,7.794762110298036,0.20908435472242248,ELECTRE-III,1
43,0493,0,0,"[39.662075227185305, -3.783021934556153]","[np.float64(36.78983297350138), np.float64(-4.481296075919123)]",2026-06-13 10:38:50,272.9597100770449,1,6.046600834492825,325.14816403714127,25.103710583079984,64.73340472674099,14.62397808592991,4,4,3,1454,7,0.04085648148148148,14.501408641485465,0.45926459985580387,ELECTRE-III,1
44,0219,0,0,"[39.06421852385033, -3.969153554062286]","[np.float64(38.95097140340685), np.float64(-1.854129262952509)]",2026-06-13 10:39:00,26.478831795368883,1,6.046580211407279,183.17894807730454,14.785817922158136,65.50539368787085,18.7512774916931,4,4,3,914,14,0.04097222222222222,18.95613860280421,1.0,ELECTRE-III,1
45,0311,1,0,"[39.06421852385033, -3.969153554062286]","[np.float64(37.3569628721152), np.float64(-6.357247410893716)]",2026-06-13 10:39:00,73.24469784449248,1,5.383424303635184,282.0666695927152,22.118601160684662,63.16759068970473,5.005876303219473,1,1,1,903,8,0.04097222222222222,4.964904080997251,0.5508291276135544,ELECTRE-III,1
46,0357,1,0,"[39.06421852385033, -3.969153554062286]","[np.float64(37.76131249306622), np.float64(-5.011013629053059)]",2026-06-13 10:39:00,836.4187543620312,1,2.674798615768187,170.962546833039,13.838908374579173,63.95750206721671,6.63133618437211,2,2,2,652,4,0.04097222222222222,6.877169517705443,0.20908435472242248,ELECTRE-III,1
46,0357,1,0,"[39.06421852385033, -3.969153554062286]","[np.float64(37.76131249306622), np.float64(-5.011013629053059)]",2026-06-13 10:39:00,836.4187543620312,1,2.674798615768187,170.962546833039,13.838908374579173,63.95750206721671,6.63133618437211,2,2,2,652,4,0.04097222222222222,6.877169517705443,0.20908435472242248,ELECTRE-III,1
47,0493,0,0,"[39.06421852385033, -3.969153554062286]","[np.float64(36.78983297350138), np.float64(-4.481296075919123)]",2026-06-13 10:39:00,272.9597100770449,1,6.046600834492825,256.85738479242946,20.310092991039422,64.76350537041323,19.62397808592991,4,4,3,1454,7,0.04097222222222222,19.95175586370769,0.45926459985580387,ELECTRE-III,1
48,0219,0,0,"[38.466194480880695, -4.152857041318479]","[np.float64(38.95097140340685), np.float64(-1.854129262952509)]",2026-06-13 10:39:10,26.478831795368883,1,6.046580211407279,206.60862216300484,16.578634182118364,65.53241391622743,24.7512774916931,4,4,3,914,14,0.041087962962962965,24.50474971391532,1.0,ELECTRE-III,1
49,0311,1,0,"[38.466194480880695, -4.152857041318479]","[np.float64(37.3569628721152), np.float64(-6.357247410893716)]",2026-06-13 10:39:10,73.24469784449248,1,5.383424303635184,229.36178202327642,18.28833223939044,63.19778012583619,13.005876303219473,1,1,1,903,8,0.041087962962962965,12.923700377293548,0.5508291276135544,ELECTRE-III,1
49,0311,1,0,"[38.466194480880695, -4.152857041318479]","[np.float64(37.3569628721152), np.float64(-6.357247410893716)]",2026-06-13 10:39:10,73.24469784449248,1,5.383424303635184,229.36178202327642,18.28833223939044,63.19778012583619,13.005876303219473,1,1,1,903,8,0.041087962962962965,12.923700377293548,0.5508291276135544,ELECTRE-III,1
50,0357,1,0,"[38.466194480880695, -4.152857041318479]","[np.float64(37.76131249306622), np.float64(-5.011013629053059)]",2026-06-13 10:39:10,836.4187543620312,1,2.674798615768187,108.53435415873366,8.888464577342356,63.986919691971956,8.63133618437211,2,2,2,652,4,0.041087962962962965,8.22045655474248,0.20908435472242248,ELECTRE-III,1
50,0357,1,0,"[38.466194480880695, -4.152857041318479]","[np.float64(37.76131249306622), np.float64(-5.011013629053059)]",2026-06-13 10:39:10,836.4187543620312,1,2.674798615768187,108.53435415873366,8.888464577342356,63.986919691971956,8.63133618437211,2,2,2,652,4,0.041087962962962965,8.22045655474248,0.20908435472242248,ELECTRE-III,1
51,0493,0,0,"[38.466194480880695, -4.152857041318479]","[np.float64(36.78983297350138), np.float64(-4.481296075919123)]",2026-06-13 10:39:10,272.9597100770449,1,6.046600834492825,188.63344706221943,15.205982918190312,64.79358552351798,21.62397808592991,4,4,3,1454,7,0.041087962962962965,21.21309845630028,0.45926459985580387,ELECTRE-III,1
52,0219,0,0,"[37.8680030982764, -4.33422204255759]","[np.float64(38.95097140340685), np.float64(-1.854129262952509)]",2026-06-13 10:39:20,26.478831795368883,1,6.046580211407279,247.36804926689098,19.618004862375937,65.55941365401648,16.7512774916931,4,4,3,914,14,0.0412037037037037,16.957296010211618,1.0,ELECTRE-III,1
53,0311,1,0,"[37.8680030982764, -4.33422204255759]","[np.float64(37.3569628721152), np.float64(-6.357247410893716)]",2026-06-13 10:39:20,73.24469784449248,1,5.383424303635184,187.03237084314648,15.08282197824183,63.227962731778476,12.005876303219473,1,1,1,903,8,0.0412037037037037,11.882265192108362,0.5508291276135544,ELECTRE-III,1
53,0311,1,0,"[37.8680030982764, -4.33422204255759]","[np.float64(37.3569628721152), np.float64(-6.357247410893716)]",2026-06-13 10:39:20,73.24469784449248,1,5.383424303635184,187.03237084314648,15.08282197824183,63.227962731778476,12.005876303219473,1,1,1,903,8,0.0412037037037037,11.882265192108362,0.5508291276135544,ELECTRE-III,1
54,0357,1,0,"[37.8680030982764, -4.33422204255759]","[np.float64(37.76131249306622), np.float64(-5.011013629053059)]",2026-06-13 10:39:20,836.4187543620312,1,2.674798615768187,60.62397702875783,4.992367532224644,64.01632365634886,8.63133618437211,2,2,2,652,4,0.0412037037037037,8.219299147335073,0.20908435472242248,ELECTRE-III,1
54,0357,1,0,"[37.8680030982764, -4.33422204255759]","[np.float64(37.76131249306622), np.float64(-5.011013629053059)]",2026-06-13 10:39:20,836.4187543620312,1,2.674798615768187,60.62397702875783,4.992367532224644,64.01632365634886,8.63133618437211,2,2,2,652,4,0.0412037037037037,8.219299147335073,0.20908435472242248,ELECTRE-III,1
55,0493,0,0,"[37.8680030982764, -4.33422204255759]","[np.float64(36.78983297350138), np.float64(-4.481296075919123)]",2026-06-13 10:39:20,272.9597100770449,1,6.046600834492825,120.5903714990871,9.857370058456944,64.82365884643353,18.62397808592991,4,4,3,1454,7,0.0412037037037037,18.376755863707686,0.45926459985580387,ELECTRE-III,1
56,0219,0,0,"[37.26966145151035, -4.513335642691535]","[np.float64(38.95097140340685), np.float64(-1.854129262952509)]",2026-06-13 10:39:30,26.478831795368883,1,6.046580211407279,298.43904272196727,23.26903161220033,65.58639290123803,20.7512774916931,4,4,3,914,14,0.04131944444444444,20.420721936137543,1.0,ELECTRE-III,1
57,0311,1,0,"[37.26966145151035, -4.513335642691535]","[np.float64(37.3569628721152), np.float64(-6.357247410893716)]",2026-06-13 10:39:30,73.24469784449248,1,5.383424303635184,163.35623738848125,13.245379309452133,63.258131677342426,13.005876303219473,1,1,1,903,8,0.04131944444444444,13.212473525441695,0.5508291276135544,ELECTRE-III,1
57,0311,1,0,"[37.26966145151035, -4.513335642691535]","[np.float64(37.3569628721152), np.float64(-6.357247410893716)]",2026-06-13 10:39:30,73.24469784449248,1,5.383424303635184,163.35623738848125,13.245379309452133,63.258131677342426,13.005876303219473,1,1,1,903,8,0.04131944444444444,13.212473525441695,0.5508291276135544,ELECTRE-III,1
58,0357,1,0,"[37.26966145151035, -4.513335642691535]","[np.float64(37.76131249306622), np.float64(-5.011013629053059)]",2026-06-13 10:39:30,836.4187543620312,1,2.674798615768187,70.11000736509797,5.768624197625896,64.04571396034743,6.63133618437211,2,2,2,652,4,0.04131944444444444,6.383419517705443,0.20908435472242248,ELECTRE-III,1
58,0357,1,0,"[37.26966145151035, -4.513335642691535]","[np.float64(37.76131249306622), np.float64(-5.011013629053059)]",2026-06-13 10:39:30,836.4187543620312,1,2.674798615768187,70.11000736509797,5.768624197625896,64.04571396034743,6.63133618437211,2,2,2,652,4,0.04131944444444444,6.383419517705443,0.20908435472242248,ELECTRE-III,1
59,0493,0,0,"[37.26966145151035, -4.513335642691535]","[np.float64(36.78983297350138), np.float64(-4.481296075919123)]",2026-06-13 10:39:30,272.9597100770449,1,6.046600834492825,53.43031819849986,4.402456308644528,64.85371850897076,17.62397808592991,4,4,3,1454,7,0.04131944444444444,17.747936419263244,0.45926459985580387,ELECTRE-III,1
60,0219,0,0,"[36.671166125487986, -4.690280230877178]","[np.float64(38.95097140340685), np.float64(-1.854129262952509)]",2026-06-13 10:39:40,26.478831795368883,1,6.046580211407279,355.4042313064984,27.117432611551116,65.61335165789207,19.7512774916931,4,4,3,914,14,0.041435185185185186,19.91701823243384,1.0,ELECTRE-III,1
61,0311,1,0,"[36.671166125487986, -4.690280230877178]","[np.float64(37.3569628721152), np.float64(-6.357247410893716)]",2026-06-13 10:39:40,73.24469784449248,1,5.383424303635184,166.49273872886556,13.490482591248284,63.28828696252803,4.005876303219473,1,1,1,903,8,0.041435185185185186,4.130181858775029,0.5508291276135544,ELECTRE-III,1
61,0311,1,0,"[36.671166125487986, -4.690280230877178]","[np.float64(37.3569628721152), np.float64(-6.357247410893716)]",2026-06-13 10:39:40,73.24469784449248,1,5.383424303635184,166.49273872886556,13.490482591248284,63.28828696252803,4.005876303219473,1,1,1,903,8,0.041435185185185186,4.130181858775029,0.5508291276135544,ELECTRE-III,1
62,0357,1,0,"[36.671166125487986, -4.690280230877178]","[np.float64(37.76131249306622), np.float64(-5.011013629053059)]",2026-06-13 10:39:40,836.4187543620312,1,2.674798615768187,124.5013777503436,10.17049390279718,64.07508377377847,7.63133618437211,2,2,2,652,4,0.041435185185185186,7.382725073260999,0.20908435472242248,ELECTRE-III,1
62,0357,1,0,"[36.671166125487986, -4.690280230877178]","[np.float64(37.76131249306622), np.float64(-5.011013629053059)]",2026-06-13 10:39:40,836.4187543620312,1,2.674798615768187,124.5013777503436,10.17049390279718,64.07508377377847,7.63133618437211,2,2,2,652,4,0.041435185185185186,7.382725073260999,0.20908435472242248,ELECTRE-III,1
63,0493,0,0,"[36.671166125487986, -4.690280230877178]","[np.float64(36.78983297350138), np.float64(-4.481296075919123)]",2026-06-13 10:39:40,272.9597100770449,1,6.046600834492825,22.82489187872206,1.8837157767272779,64.88375768094048,21.62397808592991,4,4,3,1454,7,0.041435185185185186,21.831154011855837,0.45926459985580387,ELECTRE-III,1
64,0311,1,0,"[36.07252395039846, -4.865134781176796]","[np.float64(37.3569628721152), np.float64(-6.357247410893716)]",2026-06-13 10:39:50,73.24469784449248,1,5.383424303635184,195.1552548920002,15.706170824551386,63.3184285873353,8.005876303219473,1,1,1,903,8,0.04155092592592593,7.83967259951577,0.5508291276135544,ELECTRE-III,1
64,0311,1,0,"[36.07252395039846, -4.865134781176796]","[np.float64(37.3569628721152), np.float64(-6.357247410893716)]",2026-06-13 10:39:50,73.24469784449248,1,5.383424303635184,195.1552548920002,15.706170824551386,63.3184285873353,8.005876303219473,1,1,1,903,8,0.04155092592592593,7.83967259951577,0.5508291276135544,ELECTRE-III,1
65,0357,1,0,"[36.07252395039846, -4.865134781176796]","[np.float64(37.76131249306622), np.float64(-5.011013629053059)]",2026-06-13 10:39:50,836.4187543620312,1,2.674798615768187,188.23219005620564,15.175130150170311,64.10444675702037,7.63133618437211,2,2,2,652,4,0.04155092592592593,7.21582692511285,0.20908435472242248,ELECTRE-III,1
65,0357,1,0,"[36.07252395039846, -4.865134781176796]","[np.float64(37.76131249306622), np.float64(-5.011013629053059)]",2026-06-13 10:39:50,836.4187543620312,1,2.674798615768187,188.23219005620564,15.175130150170311,64.10444675702037,7.63133618437211,2,2,2,652,4,0.04155092592592593,7.21582692511285,0.20908435472242248,ELECTRE-III,1
66,0493,0,0,"[36.07252395039846, -4.865134781176796]","[np.float64(36.78983297350138), np.float64(-4.481296075919123)]",2026-06-13 10:39:50,272.9597100770449,1,6.046600834492825,86.8391569374125,7.1322636791534775,64.91378319253185,16.62397808592991,4,4,3,1454,7,0.04155092592592593,16.582427160003984,0.45926459985580387,ELECTRE-III,1
67,0311,1,0,"[35.473748586620125, -5.037975279444908]","[np.float64(37.3569628721152), np.float64(-6.357247410893716)]",2026-06-13 10:40:00,73.24469784449248,1,5.383424303635184,240.3805745279086,19.1045356385788,63.34856338195339,9.005876303219473,1,1,1,903,8,0.041666666666666664,8.755876303219473,0.5508291276135544,ELECTRE-III,1
68,0357,1,0,"[35.473748586620125, -5.037975279444908]","[np.float64(37.76131249306622), np.float64(-5.011013629053059)]",2026-06-13 10:40:00,836.4187543620312,1,2.674798615768187,254.37723764445,20.12979499435215,64.13378924969474,7.63133618437211,2,2,2,652,4,0.041666666666666664,7.25633618437211,0.20908435472242248,ELECTRE-III,1
69,0493,0,0,"[35.473748586620125, -5.037975279444908]","[np.float64(36.78983297350138), np.float64(-4.481296075919123)]",2026-06-13 10:40:00,272.9597100770449,1,6.046600834492825,154.64525215374138,12.562084715331892,64.94380187393406,15.62397808592991,4,4,3,1454,7,0.041666666666666664,15.582311419263243,0.45926459985580387,ELECTRE-III,1
70,0311,1,0,"[34.874836619058385, -5.20887515021509]","[np.float64(37.3569628721152), np.float64(-6.357247410893716)]",2026-06-13 10:40:10,73.24469784449248,1,5.383424303635184,294.639513407726,23.00377680193976,63.37867768600398,13.005876303219473,1,1,1,903,8,0.04178240740740741,13.340135562478732,0.5508291276135544,ELECTRE-III,1
71,0357,1,0,"[34.874836619058385, -5.20887515021509]","[np.float64(37.76131249306622), np.float64(-5.011013629053059)]",2026-06-13 10:40:10,836.4187543620312,1,2.674798615768187,321.4508378661415,24.852895003954966,64.16311808199077,13.63133618437211,2,2,2,652,4,0.04178240740740741,13.213512110298035,0.20908435472242248,ELECTRE-III,1
72,0493,0,0,"[34.874836619058385, -5.20887515021509]","[np.float64(36.78983297350138), np.float64(-4.481296075919123)]",2026-06-13 10:40:10,272.9597100770449,1,6.046600834492825,222.80887503438996,17.79924043981621,64.97380006476875,19.62397808592991,4,4,3,1454,7,0.04178240740740741,19.373283641485465,0.45926459985580387,ELECTRE-III,1
73,0311,1,0,"[34.275798292997, -5.377903976039511]","[np.float64(37.3569628721152), np.float64(-6.357247410893716)]",2026-06-13 10:40:20,73.24469784449248,1,5.383424303635184,353.8004712794268,27.012439256849763,63.408785159865396,7.005876303219473,1,1,1,903,8,0.04189814814814815,7.215367043960214,0.5508291276135544,ELECTRE-III,1
74,0357,1,0,"[34.275798292997, -5.377903976039511]","[np.float64(37.76131249306622), np.float64(-5.011013629053059)]",2026-06-13 10:40:20,836.4187543620312,1,2.674798615768187,388.9730520978665,29.269754124903155,64.19243325390846,11.63133618437211,2,2,2,652,4,0.04189814814814815,11.84082692511285,0.20908435472242248,ELECTRE-III,1
75,0493,0,0,"[34.275798292997, -5.377903976039511]","[np.float64(36.78983297350138), np.float64(-4.481296075919123)]",2026-06-13 10:40:20,272.9597100770449,1,6.046600834492825,291.07914627567243,22.754268353998697,65.00378459522511,18.62397808592991,4,4,3,1454,7,0.04189814814814815,18.246894752596575,0.45926459985580387,ELECTRE-III,1
76,0496,0,0,"[34.275798292997, -5.377903976039511]","[np.float64(31.61402405519459), np.float64(-7.961106265620023)]",2026-06-13 10:40:20,367.5182664858514,1,3.6723931547170823,381.68083757131484,28.80957912124692,63.951115840342744,13.125817610540459,4,4,3,626,3,0.04189814814814815,13.502900943873792,0.13121845710165825,ELECTRE-III,1
77,0493,0,0,"[33.67663360843598, -5.545128778149403]","[np.float64(36.78983297350138), np.float64(-4.481296075919123)]",2026-06-13 10:40:30,272.9597100770449,1,6.046600834492825,359.39607704778274,27.377912388017737,65.03375546530313,19.62397808592991,4,4,3,1454,7,0.04201388888888889,19.665991974818798,0.45926459985580387,ELECTRE-III,1
78,0496,0,0,"[33.67663360843598, -5.545128778149403]","[np.float64(31.61402405519459), np.float64(-7.961106265620023)]",2026-06-13 10:40:30,367.5182664858514,1,3.6723931547170823,322.1132216834156,24.897904336778495,63.98583369189392,14.125817610540459,4,4,3,626,3,0.04201388888888889,13.789706499429348,0.13121845710165825,ELECTRE-III,1
79,0496,0,0,"[33.07735281065906, -5.710614443341879]","[np.float64(31.61402405519459), np.float64(-7.961106265620023)]",2026-06-13 10:40:40,367.5182664858514,1,3.6723931547170823,266.7683125869589,21.02637958231579,64.02054471325593,13.125817610540459,4,4,3,626,3,0.04212962962962963,12.704521314244163,0.13121845710165825,ELECTRE-III,1
80,0066,0,0,"[32.47795931476083, -5.8744228702062955]","[np.float64(30.7477137956541), np.float64(-9.500422258138515)]",2026-06-13 10:40:50,40.441813478611415,1,4.582096987582565,393.5532033851413,29.556685315983703,62.91714131321871,10.002197253998371,4,4,3,1404,6,0.04224537037037037,10.002197253998371,0.3446286950252343,ELECTRE-III,1
81,0496,0,0,"[32.47795931476083, -5.8744228702062955]","[np.float64(31.61402405519459), np.float64(-7.961106265620023)]",2026-06-13 10:40:50,367.5182664858514,1,3.6723931547170823,218.87438700787388,17.504282293798386,64.05524890442877,17.12581761054046,4,4,3,626,3,0.04224537037037037,17.16806298091083,0.13121845710165825,ELECTRE-III,1
82,0066,0,0,"[31.8784531207413, -6.036613396011065]","[np.float64(30.7477137956541), np.float64(-9.500422258138515)]",2026-06-13 10:41:00,40.441813478611415,1,4.582096987582565,352.23640546609107,26.9098552625391,62.952501202551865,10.002197253998371,4,4,3,1404,6,0.04236111111111111,9.57858614288726,0.3446286950252343,ELECTRE-III,1
83,0496,0,0,"[31.8784531207413, -6.036613396011065]","[np.float64(31.61402405519459), np.float64(-7.961106265620023)]",2026-06-13 10:41:00,367.5182664858514,1,3.6723931547170823,184.33522910165118,14.875024888396023,64.0899530956016,13.125817610540459,4,4,3,626,3,0.04236111111111111,12.998734277207125,0.13121845710165825,ELECTRE-III,1
84,0066,0,0,"[31.278844473884224, -6.1972440773641315]","[np.float64(30.7477137956541), np.float64(-9.500422258138515)]",2026-06-13 10:41:10,40.441813478611415,1,4.582096987582565,320.26982397082384,24.772563172217286,62.98785426169585,17.00219725399837,4,4,3,1404,6,0.04247685185185185,17.00219725399837,0.3446286950252343,ELECTRE-III,1
85,0496,0,0,"[31.278844473884224, -6.1972440773641315]","[np.float64(31.61402405519459), np.float64(-7.961106265620023)]",2026-06-13 10:41:10,367.5182664858514,1,3.6723931547170823,171.42474515091644,13.874878153901678,64.12465045658526,14.125817610540459,4,4,3,626,3,0.04247685185185185,14.465632425355274,0.13121845710165825,ELECTRE-III,1
86,0066,0,0,"[30.679133374189593, -6.356370409552504]","[np.float64(30.7477137956541), np.float64(-9.500422258138515)]",2026-06-13 10:41:20,40.441813478611415,1,4.582096987582565,300.6520524346366,23.423042983450603,63.02320732083984,9.002197253998371,4,4,3,1404,6,0.04259259259259259,8.661456513257631,0.3446286950252343,ELECTRE-III,1
87,0496,0,0,"[30.679133374189593, -6.356370409552504]","[np.float64(31.61402405519459), np.float64(-7.961106265620023)]",2026-06-13 10:41:20,367.5182664858514,1,3.6723931547170823,184.73616456027196,14.905939823353307,64.15934098737975,19.12581761054046,4,4,3,626,3,0.04259259259259259,19.381373166096015,0.13121845710165825,ELECTRE-III,1
88,0066,0,0,"[30.079326651846582, -6.514044899655425]","[np.float64(30.7477137956541), np.float64(-9.500422258138515)]",2026-06-13 10:41:30,40.441813478611415,1,4.582096987582565,295.85137787275795,23.088494090169444,63.058560379983824,17.00219725399837,4,4,3,1404,6,0.042708333333333334,16.87407225399837,0.3446286950252343,ELECTRE-III,1
89,0496,0,0,"[30.079326651846582, -6.514044899655425]","[np.float64(31.61402405519459), np.float64(-7.961106265620023)]",2026-06-13 10:41:30,367.5182664858514,1,3.6723931547170823,219.5518972877213,17.555142236748566,64.19403151817426,22.12581761054046,4,4,3,626,3,0.042708333333333334,22.083109277207125,0.13121845710165825,ELECTRE-III,1
90,0066,0,0,"[29.47942772194978, -6.67032005475214]","[np.float64(30.7477137956541), np.float64(-9.500422258138515)]",2026-06-13 10:41:40,40.441813478611415,1,4.582096987582565,306.5657728977956,23.832841785880184,63.09390660893864,17.00219725399837,4,4,3,1404,6,0.04282407407407408,16.616780587331704,0.3446286950252343,ELECTRE-III,1
91,0496,0,0,"[29.47942772194978, -6.67032005475214]","[np.float64(31.61402405519459), np.float64(-7.961106265620023)]",2026-06-13 10:41:40,367.5182664858514,1,3.6723931547170823,267.60729626077983,21.086703643589196,64.22871521877957,15.125817610540459,4,4,3,626,3,0.04282407407407408,15.04016946239231,0.13121845710165825,ELECTRE-III,1
92,0066,0,0,"[28.879436584499178, -6.825244539940485]","[np.float64(30.7477137956541), np.float64(-9.500422258138515)]",2026-06-13 10:41:50,40.441813478611415,1,4.582096987582565,331.29473408137295,25.518406479030073,63.12924600770428,14.002197253998371,4,4,3,1404,6,0.04293981481481481,13.701618550294668,0.3446286950252343,ELECTRE-III,1
93,0496,0,0,"[28.879436584499178, -6.825244539940485]","[np.float64(31.61402405519459), np.float64(-7.961106265620023)]",2026-06-13 10:41:50,367.5182664858514,1,3.6723931547170823,323.04811635728515,24.96137510929452,64.26339208919573,22.12581761054046,4,4,3,626,3,0.04293981481481481,22.426396314244162,0.13121845710165825,ELECTRE-III,1
94,0066,0,0,"[28.279360069683953, -6.978866593431473]","[np.float64(30.7477137956541), np.float64(-9.500422258138515)]",2026-06-13 10:42:00,40.441813478611415,1,4.582096987582565,367.21867661682006,27.88481829650886,63.16458540646993,15.002197253998371,4,4,3,1404,6,0.043055555555555555,14.700808365109483,0.3446286950252343,ELECTRE-III,1
95,0496,0,0,"[28.279360069683953, -6.978866593431473]","[np.float64(31.61402405519459), np.float64(-7.961106265620023)]",2026-06-13 10:42:00,367.5182664858514,1,3.6723931547170823,382.6782380924836,28.872762303986633,64.29806212942272,21.12581761054046,4,4,3,626,3,0.043055555555555555,20.82442872165157,0.13121845710165825,ELECTRE-III,1
96,0188,1,0,"[19.269999044978633, -9.155109577630576]","[np.float64(16.51776549961032), np.float64(-7.265073856058398)]",2026-06-13 10:44:30,973.9304811700555,1,6.1350905536594516,365.57556495186645,27.77873401226993,64.55311505340933,17.253117016303648,3,3,3,597,7,0.04479166666666667,16.984367016303647,0.45926459985580387,ELECTRE-III,1
97,0188,1,0,"[18.66894922820668, -9.293290280955457]","[np.float64(16.51776549961032), np.float64(-7.265073856058398)]",2026-06-13 10:44:40,973.9304811700555,1,6.1350905536594516,321.59838390215396,24.862923673782966,64.5907493957361,16.253117016303648,3,3,3,597,7,0.04490740740740741,15.893857757044389,0.45926459985580387,ELECTRE-III,1
98,0188,1,0,"[18.06785843029971, -9.43078711158969]","[np.float64(16.51776549961032), np.float64(-7.265073856058398)]",2026-06-13 10:44:50,973.9304811700555,1,6.1350905536594516,287.35446197621195,22.4922656487322,64.6283769078737,8.253117016303648,3,3,3,597,7,0.045023148148148145,7.892931831118463,0.45926459985580387,ELECTRE-III,1
99,0188,1,0,"[17.466731773899596, -9.56762909783725]","[np.float64(16.51776549961032), np.float64(-7.265073856058398)]",2026-06-13 10:45:00,973.9304811700555,1,6.1350905536594516,266.6202145696848,21.01572605802862,64.6660044200113,11.253117016303648,3,3,3,597,7,0.04513888888888889,11.56908923852587,0.45926459985580387,ELECTRE-III,1
99,0188,1,0,"[17.466731773899596, -9.56762909783725]","[np.float64(16.51776549961032), np.float64(-7.265073856058398)]",2026-06-13 10:45:00,973.9304811700555,1,6.1350905536594516,266.6202145696848,21.01572605802862,64.6660044200113,11.253117016303648,3,3,3,597,7,0.04513888888888889,11.56908923852587,0.45926459985580387,ELECTRE-III,1
100,0188,1,0,"[16.86556925900634, -9.703843560454814]","[np.float64(16.51776549961032), np.float64(-7.265073856058398)]",2026-06-13 10:45:10,973.9304811700555,1,6.1350905536594516,262.6140384038993,20.72696306758182,64.70362510195973,8.253117016303648,3,3,3,597,7,0.04525462962962963,8.07209849778513,0.45926459985580387,ELECTRE-III,1
100,0188,1,0,"[16.86556925900634, -9.703843560454814]","[np.float64(16.51776549961032), np.float64(-7.265073856058398)]",2026-06-13 10:45:10,973.9304811700555,1,6.1350905536594516,262.6140384038993,20.72696306758182,64.70362510195973,8.253117016303648,3,3,3,597,7,0.04525462962962963,8.07209849778513,0.45926459985580387,ELECTRE-III,1
101,0188,1,0,"[16.26437259316723, -9.83945611265177]","[np.float64(16.51776549961032), np.float64(-7.265073856058398)]",2026-06-13 10:45:20,973.9304811700555,1,6.1350905536594516,276.0640331311408,21.69200929985929,64.74124578390816,15.253117016303648,3,3,3,597,7,0.04537037037037037,14.980894794081426,0.45926459985580387,ELECTRE-III,1
101,0188,1,0,"[16.26437259316723, -9.83945611265177]","[np.float64(16.51776549961032), np.float64(-7.265073856058398)]",2026-06-13 10:45:20,973.9304811700555,1,6.1350905536594516,276.0640331311408,21.69200929985929,64.74124578390816,15.253117016303648,3,3,3,597,7,0.04537037037037037,14.980894794081426,0.45926459985580387,ELECTRE-III,1
102,0188,1,0,"[15.663145191476858, -9.974494928958448]","[np.float64(16.51776549961032), np.float64(-7.265073856058398)]",2026-06-13 10:45:30,973.9304811700555,1,6.1350905536594516,304.66622512210995,23.701489888742568,64.77885963566742,8.253117016303648,3,3,3,597,7,0.04548611111111111,8.34408923852587,0.45926459985580387,ELECTRE-III,1
103,0188,1,0,"[15.061887053935221, -10.108983061263292]","[np.float64(16.51776549961032), np.float64(-7.265073856058398)]",2026-06-13 10:45:40,973.9304811700555,1,6.1350905536594516,344.66776700342115,26.410807198767113,64.81647348742668,14.253117016303648,3,3,3,597,7,0.04560185185185185,13.888302201488832,0.45926459985580387,ELECTRE-III,1
104,0188,1,0,"[14.460601595636904, -10.242947830322983]","[np.float64(16.51776549961032), np.float64(-7.265073856058398)]",2026-06-13 10:45:50,973.9304811700555,1,6.1350905536594516,392.5989099211289,29.49703564142305,64.85408050899677,16.253117016303648,3,3,3,597,7,0.045717592592592594,16.527422571859205,0.45926459985580387,ELECTRE-III,1
105,0065,0,0,"[13.257954693185752, -10.509401193807996]","[np.float64(10.22615855566197), np.float64(-9.42958483369425)]",2026-06-13 10:46:10,449.20395472897263,1,2.6301683886807936,357.02463595607526,27.223315877967572,60.37719886656607,8.500357729387822,4,4,3,554,9,0.04594907407407407,8.91389939605449,0.635183850036049,ELECTRE-III,1
106,0065,0,0,"[12.65659751790115, -10.641938453331154]","[np.float64(10.22615855566197), np.float64(-9.42958483369425)]",2026-06-13 10:46:20,449.20395472897263,1,2.6301683886807936,300.8183632158237,23.434602708732278,60.41284562384436,16.500357729387822,4,4,3,554,9,0.046064814814814815,16.59248735901745,0.635183850036049,ELECTRE-III,1
107,0404,1,0,"[12.65659751790115, -10.641938453331154]","[np.float64(9.919447044330399), np.float64(-13.04980515197564)]",2026-06-13 10:46:20,190.17508322771002,1,2.1514093135208125,401.94300255935445,30.078075127909877,57.13956625657496,13.998518204777273,2,2,2,782,7,0.046064814814814815,14.274907093666162,0.45926459985580387,ELECTRE-III,1
108,0065,0,0,"[12.05521899827539, -10.774046264710249]","[np.float64(10.22615855566197), np.float64(-9.42958483369425)]",2026-06-13 10:46:30,449.20395472897263,1,2.6301683886807936,250.75385189594317,19.865638745617538,60.44847872074432,11.500357729387822,4,4,3,554,9,0.04618055555555556,11.546538284943377,0.635183850036049,ELECTRE-III,1
109,0404,1,0,"[12.05521899827539, -10.774046264710249]","[np.float64(9.919447044330399), np.float64(-13.04980515197564)]",2026-06-13 10:46:30,190.17508322771002,1,2.1514093135208125,343.6594045425098,26.343990302712232,57.17583797616231,19.998518204777273,2,2,2,782,7,0.04618055555555556,20.367962649221717,0.45926459985580387,ELECTRE-III,1
110,0065,0,0,"[11.453821695629413, -10.905748533607373]","[np.float64(10.22615855566197), np.float64(-9.42958483369425)]",2026-06-13 10:46:40,449.20395472897263,1,2.6301683886807936,211.24289384562425,16.929440012209806,60.484104987455105,16.500357729387822,4,4,3,554,9,0.046296296296296294,16.315172544202635,0.635183850036049,ELECTRE-III,1
111,0404,1,0,"[11.453821695629413, -10.905748533607373]","[np.float64(9.919447044330399), np.float64(-13.04980515197564)]",2026-06-13 10:46:40,190.17508322771002,1,2.1514093135208125,289.80981119348854,22.665092655262697,57.212099450465914,14.998518204777273,2,2,2,782,7,0.046296296296296294,15.368888575147643,0.45926459985580387,ELECTRE-III,1
112,0065,0,0,"[10.852407317510512, -11.037066604363684]","[np.float64(10.22615855566197), np.float64(-9.42958483369425)]",2026-06-13 10:46:50,449.20395472897263,1,2.6301683886807936,189.02190223814114,15.235842748645599,60.519717593787554,17.500357729387822,4,4,3,554,9,0.046412037037037036,17.68600587753597,0.635183850036049,ELECTRE-III,1
113,0404,1,0,"[10.852407317510512, -11.037066604363684]","[np.float64(9.919447044330399), np.float64(-13.04980515197564)]",2026-06-13 10:46:50,190.17508322771002,1,2.1514093135208125,243.35626775018258,19.323597377403022,57.248357509674925,15.998518204777273,2,2,2,782,7,0.046412037037037036,15.720045982555051,0.45926459985580387,ELECTRE-III,1
113,0404,1,0,"[10.852407317510512, -11.037066604363684]","[np.float64(9.919447044330399), np.float64(-13.04980515197564)]",2026-06-13 10:46:50,190.17508322771002,1,2.1514093135208125,243.35626775018258,19.323597377403022,57.248357509674925,15.998518204777273,2,2,2,782,7,0.046412037037037036,15.720045982555051,0.45926459985580387,ELECTRE-III,1
114,0065,0,0,"[10.25097757146598, -11.168022675093985]","[np.float64(10.22615855566197), np.float64(-9.42958483369425)]",2026-06-13 10:47:00,449.20395472897263,1,2.6301683886807936,190.24736144966505,15.329985934479327,60.555323369930825,10.500357729387822,4,4,3,554,9,0.04652777777777778,10.5468855071656,0.635183850036049,ELECTRE-III,1
115,0404,1,0,"[10.25097757146598, -11.168022675093985]","[np.float64(9.919447044330399), np.float64(-13.04980515197564)]",2026-06-13 10:47:00,190.17508322771002,1,2.1514093135208125,209.28355902027397,16.781279832924017,57.28460532360018,19.998518204777273,2,2,2,782,7,0.04652777777777778,20.417268204777272,0.45926459985580387,ELECTRE-III,1
115,0404,1,0,"[10.25097757146598, -11.168022675093985]","[np.float64(9.919447044330399), np.float64(-13.04980515197564)]",2026-06-13 10:47:00,190.17508322771002,1,2.1514093135208125,209.28355902027397,16.781279832924017,57.28460532360018,19.998518204777273,2,2,2,782,7,0.04652777777777778,20.417268204777272,0.45926459985580387,ELECTRE-III,1
116,0065,0,0,"[9.649533311269458, -11.298639797686723]","[np.float64(10.22615855566197), np.float64(-9.42958483369425)]",2026-06-13 10:47:10,449.20395472897263,1,2.6301683886807936,214.51653695879358,17.176464742083503,60.59092231588493,12.500357729387822,4,4,3,554,9,0.04664351851851852,12.173853099758192,0.635183850036049,ELECTRE-III,1
117,0404,1,0,"[9.649533311269458, -11.298639797686723]","[np.float64(9.919447044330399), np.float64(-13.04980515197564)]",2026-06-13 10:47:10,190.17508322771002,1,2.1514093135208125,194.2211251186099,15.634676641240771,57.32084630733627,15.998518204777273,2,2,2,782,7,0.04664351851851852,16.231735797369865,0.45926459985580387,ELECTRE-III,1
117,0404,1,0,"[9.649533311269458, -11.298639797686723]","[np.float64(9.919447044330399), np.float64(-13.04980515197564)]",2026-06-13 10:47:10,190.17508322771002,1,2.1514093135208125,194.2211251186099,15.634676641240771,57.32084630733627,15.998518204777273,2,2,2,782,7,0.04664351851851852,16.231735797369865,0.45926459985580387,ELECTRE-III,1
118,0065,0,0,"[9.048077952015536, -11.428937608935765]","[np.float64(10.22615855566197), np.float64(-9.42958483369425)]",2026-06-13 10:47:20,449.20395472897263,1,2.6301683886807936,255.3397754279712,20.199817731360447,60.6265076014607,16.500357729387822,4,4,3,554,9,0.04675925925925926,16.313320692350786,0.635183850036049,ELECTRE-III,1
119,0404,1,0,"[9.048077952015536, -11.428937608935765]","[np.float64(9.919447044330399), np.float64(-13.04980515197564)]",2026-06-13 10:47:20,190.17508322771002,1,2.1514093135208125,202.45790499523267,16.26334232398314,57.35708046088319,15.998518204777273,2,2,2,782,7,0.04675925925925926,15.951758945518014,0.45926459985580387,ELECTRE-III,1
119,0404,1,0,"[9.048077952015536, -11.428937608935765]","[np.float64(9.919447044330399), np.float64(-13.04980515197564)]",2026-06-13 10:47:20,190.17508322771002,1,2.1514093135208125,202.45790499523267,16.26334232398314,57.35708046088319,15.998518204777273,2,2,2,782,7,0.04675925925925926,15.951758945518014,0.45926459985580387,ELECTRE-III,1
120,0065,0,0,"[8.446611493704214, -11.55893830695591]","[np.float64(10.22615855566197), np.float64(-9.42958483369425)]",2026-06-13 10:47:30,449.20395472897263,1,2.6301683886807936,306.16438935737057,23.80510860532384,60.66207922665813,17.500357729387822,4,4,3,554,9,0.046875,17.312857729387822,0.635183850036049,ELECTRE-III,1
121,0404,1,0,"[8.446611493704214, -11.55893830695591]","[np.float64(9.919447044330399), np.float64(-13.04980515197564)]",2026-06-13 10:47:30,190.17508322771002,1,2.1514093135208125,231.52055865311596,18.448859078083544,57.39330095405177,20.998518204777273,2,2,2,782,7,0.046875,20.717268204777273,0.45926459985580387,ELECTRE-III,1
121,0404,1,0,"[8.446611493704214, -11.55893830695591]","[np.float64(9.919447044330399), np.float64(-13.04980515197564)]",2026-06-13 10:47:30,190.17508322771002,1,2.1514093135208125,231.52055865311596,18.448859078083544,57.39330095405177,20.998518204777273,2,2,2,782,7,0.046875,20.717268204777273,0.45926459985580387,ELECTRE-III,1
122,0065,0,0,"[7.845135643882782, -11.688663236088315]","[np.float64(10.22615855566197), np.float64(-9.42958483369425)]",2026-06-13 10:47:40,449.20395472897263,1,2.6301683886807936,362.8104178923446,27.599739722239477,60.697644021666385,10.500357729387822,4,4,3,554,9,0.04699074074074074,10.500357729387822,0.635183850036049,ELECTRE-III,1
123,0404,1,0,"[7.845135643882782, -11.688663236088315]","[np.float64(9.919447044330399), np.float64(-13.04980515197564)]",2026-06-13 10:47:40,190.17508322771002,1,2.1514093135208125,274.88114759682696,21.60764408120243,57.429521447220345,12.998518204777273,2,2,2,782,7,0.04699074074074074,13.186481167740236,0.45926459985580387,ELECTRE-III,1
124,0404,1,0,"[7.243652110098534, -11.8181311793532]","[np.float64(9.919447044330399), np.float64(-13.04980515197564)]",2026-06-13 10:47:50,190.17508322771002,1,2.1514093135208125,326.89903179378933,25.222126942476496,57.46572828001058,19.998518204777273,2,2,2,782,7,0.04710648148148148,19.95141172329579,0.45926459985580387,ELECTRE-III,1
125,0404,1,0,"[6.642163026785585, -11.947363481091719]","[np.float64(9.919447044330399), np.float64(-13.04980515197564)]",2026-06-13 10:48:00,190.17508322771002,1,2.1514093135208125,384.0725765339539,28.960962011222783,57.501935112800815,20.998518204777273,2,2,2,782,7,0.04722222222222222,21.045740426999494,0.45926459985580387,ELECTRE-III,1
126,0381,0,0,"[-4.988246806532161, -39.12197460347196]","[np.float64(-4.793908467388751), np.float64(-42.76470313767426)]",2026-06-13 12:30:00,160.76947027984139,1,4.586092934058506,404.1559671647215,30.2146948709181,45.61991605149861,14.751277491693099,4,4,3,1498,14,0.11805555555555555,14.16099971391532,1.0,ELECTRE-III,1
127,0381,0,0,"[-5.589539948793295, -39.250631461772905]","[np.float64(-4.793908467388751), np.float64(-42.76470313767426)]",2026-06-13 12:30:10,160.76947027984139,1,4.586092934058506,399.07081022177425,29.900192994157962,45.65138956319403,20.7512774916931,4,4,3,1498,14,0.1181712962962963,21.105791380581987,1.0,ELECTRE-III,1
128,0381,0,0,"[-6.1908087585055105, -39.37946590499227]","[np.float64(-4.793908467388751), np.float64(-42.76470313767426)]",2026-06-13 12:30:20,160.76947027984139,1,4.586092934058506,405.60409116300826,30.303891544916326,45.68284599941652,21.7512774916931,4,4,3,1498,14,0.11828703703703704,21.63299045465606,1.0,ELECTRE-III,1
129,0132,0,0,"[-17.007611580533215, -41.75250584908648]","[np.float64(-19.82547323691054), np.float64(-43.24791686704562)]",2026-06-13 12:33:20,472.67019480324586,1,6.7590512401053005,350.7998124357348,26.815467386804993,35.116782410027746,19.7512774916931,3,3,3,1089,7,0.12037037037037036,20.59387008428569,0.45926459985580387,ELECTRE-III,1
130,0132,0,0,"[-17.60810473688781, -41.888761292839064]","[np.float64(-19.82547323691054), np.float64(-43.24791686704562)]",2026-06-13 12:33:30,472.67019480324586,1,6.7590512401053005,285.0917617566294,22.33261559160198,35.14195507221383,20.7512774916931,3,3,3,1089,7,0.12048611111111111,19.666902491693097,0.45926459985580387,ELECTRE-III,1
131,0132,0,0,"[-18.208541544181756, -42.02564511399529]","[np.float64(-19.82547323691054), np.float64(-43.24791686704562)]",2026-06-13 12:33:40,472.67019480324586,1,6.7590512401053005,220.9865465236353,17.662745456925414,35.16711065892699,15.751277491693099,3,3,3,1089,7,0.12060185185185185,15.027666380581987,0.45926459985580387,ELECTRE-III,1
132,0237,1,0,"[-18.208541544181756, -42.02564511399529]","[np.float64(-20.9452415423945), np.float64(-39.87658613409322)]",2026-06-13 12:33:40,818.0316041497487,1,2.9161852738138903,378.52616883568624,28.609232538772464,36.24298839660906,13.380416422066835,3,3,3,745,5,0.12060185185185185,14.34523123688165,0.3193943763518385,ELECTRE-III,1
133,0106,0,0,"[-18.808918587320463, -42.163188048406425]","[np.float64(-20.36284793492202), np.float64(-45.1790639650761)]",2026-06-13 12:33:50,54.19004377692197,1,3.926833501675378,360.09408860709897,27.423334379387782,33.60519665990681,17.005876303219473,2,2,2,1122,5,0.1207175925925926,17.609464266182435,0.3193943763518385,ELECTRE-III,1
134,0132,0,0,"[-18.808918587320463, -42.163188048406425]","[np.float64(-19.82547323691054), np.float64(-43.24791686704562)]",2026-06-13 12:33:50,472.67019480324586,1,6.7590512401053005,160.41497062711076,13.015083199625073,35.19224575507263,11.751277491693099,3,3,3,1089,7,0.1207175925925926,12.837735825026432,0.45926459985580387,ELECTRE-III,1
135,0237,1,0,"[-18.808918587320463, -42.163188048406425]","[np.float64(-20.9452415423945), np.float64(-39.87658613409322)]",2026-06-13 12:33:50,818.0316041497487,1,2.9161852738138903,337.03622526339564,25.90320206367758,36.26610175676038,8.380416422066835,3,3,3,745,5,0.1207175925925926,7.897546051696465,0.3193943763518385,ELECTRE-III,1
136,0106,0,0,"[-19.409232451209345, -42.30141400173456]","[np.float64(-20.36284793492202), np.float64(-45.1790639650761)]",2026-06-13 12:34:00,54.19004377692197,1,3.926833501675378,319.029574713505,24.688090139897035,33.63093281269942,18.005876303219473,2,2,2,1122,5,0.12083333333333333,18.24754296988614,0.3193943763518385,ELECTRE-III,1
137,0132,0,0,"[-19.409232451209345, -42.30141400173456]","[np.float64(-19.82547323691054), np.float64(-43.24791686704562)]",2026-06-13 12:34:00,472.67019480324586,1,6.7590512401053005,109.40916340344401,8.958949903856503,35.21736036065077,14.751277491693099,3,3,3,1089,7,0.12083333333333333,13.905444158359765,0.45926459985580387,ELECTRE-III,1
138,0237,1,0,"[-19.409232451209345, -42.30141400173456]","[np.float64(-20.9452415423945), np.float64(-39.87658613409322)]",2026-06-13 12:34:00,818.0316041497487,1,2.9161852738138903,305.31195749374655,23.746171410625895,36.28919121124961,13.380416422066835,3,3,3,745,5,0.12083333333333333,14.347083088733502,0.3193943763518385,ELECTRE-III,1
139,0287,0,0,"[-19.409232451209345, -42.30141400173456]","[np.float64(-22.55121870780887), np.float64(-43.45574144926327)]",2026-06-13 12:34:00,346.3699787817411,1,3.9868414335513886,369.3502728221399,28.022131475783116,32.98948584208143,18.376737372845735,2,2,2,605,5,0.12083333333333333,17.8934040395124,0.3193943763518385,ELECTRE-III,1
140,0106,0,0,"[-20.00948142830111, -42.44035370983096]","[np.float64(-20.36284793492202), np.float64(-45.1790639650761)]",2026-06-13 12:34:10,54.19004377692197,1,3.926833501675378,288.5100179346485,22.57365687279587,33.656648474924516,19.005876303219473,2,2,2,1122,5,0.12094907407407407,19.973468895812065,0.3193943763518385,ELECTRE-III,1
141,0132,0,0,"[-20.00948142830111, -42.44035370983096]","[np.float64(-19.82547323691054), np.float64(-43.24791686704562)]",2026-06-13 12:34:10,472.67019480324586,1,6.7590512401053005,86.86963730723942,7.134741294718529,35.24246130585057,17.7512774916931,3,3,3,1089,7,0.12094907407407407,16.783684899100507,0.45926459985580387,ELECTRE-III,1
142,0237,1,0,"[-20.00948142830111, -42.44035370983096]","[np.float64(-20.9452415423945), np.float64(-39.87658613409322)]",2026-06-13 12:34:10,818.0316041497487,1,2.9161852738138903,286.6120813344559,22.439925715243447,36.31226359026591,9.380416422066835,3,3,3,745,5,0.12094907407407407,10.468958088733501,0.3193943763518385,ELECTRE-III,1
142,0237,1,0,"[-20.00948142830111, -42.44035370983096]","[np.float64(-20.9452415423945), np.float64(-39.87658613409322)]",2026-06-13 12:34:10,818.0316041497487,1,2.9161852738138903,286.6120813344559,22.439925715243447,36.31226359026591,9.380416422066835,3,3,3,745,5,0.12094907407407407,10.468958088733501,0.3193943763518385,ELECTRE-III,1
143,0287,0,0,"[-20.00948142830111, -42.44035370983096]","[np.float64(-22.55121870780887), np.float64(-43.45574144926327)]",2026-06-13 12:34:10,346.3699787817411,1,3.9868414335513886,301.5708171713073,23.48687808404266,33.01360665513533,20.376737372845735,2,2,2,605,5,0.12094907407407407,20.134839224697586,0.3193943763518385,ELECTRE-III,1
144,0106,0,0,"[-20.609665518595765, -42.5800344934523]","[np.float64(-20.36284793492202), np.float64(-45.1790639650761)]",2026-06-13 12:34:20,54.19004377692197,1,3.926833501675378,272.10633249014114,21.40935371354468,33.682350476771276,16.005876303219473,2,2,2,1122,5,0.12106481481481482,14.795228155071324,0.3193943763518385,ELECTRE-III,1
145,0132,0,0,"[-20.609665518595765, -42.5800344934523]","[np.float64(-19.82547323691054), np.float64(-43.24791686704562)]",2026-06-13 12:34:20,472.67019480324586,1,6.7590512401053005,111.62466938444535,9.137335447914708,35.26753834538827,13.751277491693099,3,3,3,1089,7,0.12106481481481482,13.99340712132273,0.45926459985580387,ELECTRE-III,1
146,0237,1,0,"[-20.609665518595765, -42.5800344934523]","[np.float64(-20.9452415423945), np.float64(-39.87658613409322)]",2026-06-13 12:34:20,818.0316041497487,1,2.9161852738138903,283.5224320506635,22.221672682352477,36.335312063620115,16.380416422066837,3,3,3,745,5,0.12106481481481482,17.106805310955725,0.3193943763518385,ELECTRE-III,1
146,0237,1,0,"[-20.609665518595765, -42.5800344934523]","[np.float64(-20.9452415423945), np.float64(-39.87658613409322)]",2026-06-13 12:34:20,818.0316041497487,1,2.9161852738138903,283.5224320506635,22.221672682352477,36.335312063620115,16.380416422066837,3,3,3,745,5,0.12106481481481482,17.106805310955725,0.3193943763518385,ELECTRE-III,1
147,0287,0,0,"[-20.609665518595765, -42.5800344934523]","[np.float64(-22.55121870780887), np.float64(-43.45574144926327)]",2026-06-13 12:34:20,346.3699787817411,1,3.9868414335513886,234.10866414112104,18.640915917045977,33.0377103927163,21.376737372845735,2,2,2,605,5,0.12106481481481482,20.166089224697586,0.3193943763518385,ELECTRE-III,1
148,0106,0,0,"[-21.209779599451426, -42.72049050354444]","[np.float64(-20.36284793492202), np.float64(-45.1790639650761)]",2026-06-13 12:34:30,54.19004377692197,1,3.926833501675378,272.3795565256851,21.428902499676568,33.70803540314511,15.005876303219473,2,2,2,1122,5,0.12118055555555556,14.399973525441695,0.3193943763518385,ELECTRE-III,1
149,0132,0,0,"[-21.209779599451426, -42.72049050354444]","[np.float64(-19.82547323691054), np.float64(-43.24791686704562)]",2026-06-13 12:34:30,472.67019480324586,1,6.7590512401053005,163.43378251963117,13.25144510180488,35.29260172454763,20.7512774916931,3,3,3,1089,7,0.12118055555555556,20.872458047248653,0.45926459985580387,ELECTRE-III,1
150,0237,1,0,"[-21.209779599451426, -42.72049050354444]","[np.float64(-20.9452415423945), np.float64(-39.87658613409322)]",2026-06-13 12:34:30,818.0316041497487,1,2.9161852738138903,296.52915636383466,23.13582876041873,36.358340046406816,12.380416422066835,3,3,3,745,5,0.12118055555555556,12.986319199844614,0.3193943763518385,ELECTRE-III,1
150,0237,1,0,"[-21.209779599451426, -42.72049050354444]","[np.float64(-20.9452415423945), np.float64(-39.87658613409322)]",2026-06-13 12:34:30,818.0316041497487,1,2.9161852738138903,296.52915636383466,23.13582876041873,36.358340046406816,12.380416422066835,3,3,3,745,5,0.12118055555555556,12.986319199844614,0.3193943763518385,ELECTRE-III,1
151,0287,0,0,"[-21.209779599451426, -42.72049050354444]","[np.float64(-22.55121870780887), np.float64(-43.45574144926327)]",2026-06-13 12:34:30,346.3699787817411,1,3.9868414335513886,167.34547307351613,13.557033401017376,33.061793639729764,18.376737372845735,2,2,2,605,5,0.12118055555555556,18.376737372845735,0.3193943763518385,ELECTRE-III,1
152,0106,0,0,"[-21.809823670868095, -42.861752475958646]","[np.float64(-20.36284793492202), np.float64(-45.1790639650761)]",2026-06-13 12:34:40,54.19004377692197,1,3.926833501675378,289.2816260089049,22.62795139378055,33.73370325404601,14.005876303219473,2,2,2,1122,5,0.12129629629629629,13.156802229145399,0.3193943763518385,ELECTRE-III,1
153,0132,0,0,"[-21.809823670868095, -42.861752475958646]","[np.float64(-19.82547323691054), np.float64(-43.24791686704562)]",2026-06-13 12:34:40,472.67019480324586,1,6.7590512401053005,224.2701964567019,17.90854491695187,35.317644613139485,13.751277491693099,3,3,3,1089,7,0.12129629629629629,14.721647862063469,0.45926459985580387,ELECTRE-III,1
154,0237,1,0,"[-21.809823670868095, -42.861752475958646]","[np.float64(-20.9452415423945), np.float64(-39.87658613409322)]",2026-06-13 12:34:40,818.0316041497487,1,2.9161852738138903,323.6952025130608,25.00526803347841,36.381347538626,11.380416422066835,3,3,3,745,5,0.12129629629629629,12.22949049614091,0.3193943763518385,ELECTRE-III,1
155,0287,0,0,"[-21.809823670868095, -42.861752475958646]","[np.float64(-22.55121870780887), np.float64(-43.45574144926327)]",2026-06-13 12:34:40,346.3699787817411,1,3.9868414335513886,102.6491677214657,8.413586644596489,33.0858598112703,21.376737372845735,2,2,2,605,5,0.12129629629629629,22.104515150623513,0.3193943763518385,ELECTRE-III,1
156,0106,0,0,"[-22.40979431775118, -43.00384773145159]","[np.float64(-20.36284793492202), np.float64(-45.1790639650761)]",2026-06-13 12:34:50,54.19004377692197,1,3.926833501675378,320.1893758714841,24.767087354551563,33.759350614379414,10.005876303219473,2,2,2,1122,5,0.12141203703703704,9.034580006923177,0.3193943763518385,ELECTRE-III,1
157,0132,0,0,"[-22.40979431775118, -43.00384773145159]","[np.float64(-19.82547323691054), np.float64(-43.24791686704562)]",2026-06-13 12:34:50,472.67019480324586,1,6.7590512401053005,288.47656774779654,22.571302168036347,35.342667011163826,17.7512774916931,3,3,3,1089,7,0.12141203703703704,17.7512774916931,0.45926459985580387,ELECTRE-III,1
158,0237,1,0,"[-22.40979431775118, -43.00384773145159]","[np.float64(-20.9452415423945), np.float64(-39.87658613409322)]",2026-06-13 12:34:50,818.0316041497487,1,2.9161852738138903,361.842774174483,27.536963349337878,36.40433454027768,17.380416422066837,3,3,3,745,5,0.12141203703703704,17.987476607252024,0.3193943763518385,ELECTRE-III,1
159,0287,0,0,"[-22.40979431775118, -43.00384773145159]","[np.float64(-22.55121870780887), np.float64(-43.45574144926327)]",2026-06-13 12:34:50,346.3699787817411,1,3.9868414335513886,49.020775537600066,4.040383774762577,33.109908907337925,20.376737372845735,2,2,2,605,5,0.12141203703703704,19.769677187660548,0.3193943763518385,ELECTRE-III,1
160,0106,0,0,"[-23.009689832553402, -43.146813836063714]","[np.float64(-20.36284793492202), np.float64(-45.1790639650761)]",2026-06-13 12:35:00,54.19004377692197,1,3.926833501675378,361.5273057945785,27.51648165729363,33.78498089923988,17.005876303219473,2,2,2,1122,5,0.12152777777777778,16.64129296988614,0.3193943763518385,ELECTRE-III,1
161,0132,0,0,"[-23.009689832553402, -43.146813836063714]","[np.float64(-19.82547323691054), np.float64(-43.24791686704562)]",2026-06-13 12:35:00,472.67019480324586,1,6.7590512401053005,354.22381690567494,27.04017352301855,35.36767233371524,20.7512774916931,3,3,3,1089,7,0.12152777777777778,19.900583047248656,0.45926459985580387,ELECTRE-III,1
162,0237,1,0,"[-23.009689832553402, -43.146813836063714]","[np.float64(-20.9452415423945), np.float64(-39.87658613409322)]",2026-06-13 12:35:00,818.0316041497487,1,2.9161852738138903,407.9008043832317,30.445024526927355,36.42730105136185,17.380416422066837,3,3,3,745,5,0.12152777777777778,17.015833088733505,0.3193943763518385,ELECTRE-III,1
163,0287,0,0,"[-23.009689832553402, -43.146813836063714]","[np.float64(-22.55121870780887), np.float64(-43.45574144926327)]",2026-06-13 12:35:00,346.3699787817411,1,3.9868414335513886,60.01682914960664,4.942617995367053,33.133937512838024,22.376737372845735,2,2,2,605,5,0.12152777777777778,23.227431817290178,0.3193943763518385,ELECTRE-III,1
164,0287,0,0,"[-23.609506800180167, -43.29068152564628]","[np.float64(-22.55121870780887), np.float64(-43.45574144926327)]",2026-06-13 12:35:10,346.3699787817411,1,3.9868414335513886,118.88155704377556,9.720370536898628,33.15794562777062,17.376737372845735,2,2,2,605,5,0.12164351851851851,17.133450335808696,0.3193943763518385,ELECTRE-III,1
165,0287,0,0,"[-24.209245220631477, -43.435484951145135]","[np.float64(-22.55121870780887), np.float64(-43.45574144926327)]",2026-06-13 12:35:20,346.3699787817411,1,3.9868414335513886,184.37598774417444,14.878168070483524,33.18193666723029,16.376737372845735,2,2,2,605,5,0.12175925925925926,17.10729292840129,0.3193943763518385,ELECTRE-III,1
166,0287,0,0,"[-24.808898263718163, -43.5812650936953]","[np.float64(-22.55121870780887), np.float64(-43.45574144926327)]",2026-06-13 12:35:30,346.3699787817411,1,3.9868414335513886,251.3680130388062,19.910475368101636,33.20591063121704,21.376737372845735,2,2,2,605,5,0.121875,20.157987372845735,0.3193943763518385,ELECTRE-III,1
167,0287,0,0,"[-25.408467636987513, -43.72805268914804]","[np.float64(-22.55121870780887), np.float64(-43.45574144926327)]",2026-06-13 12:35:40,346.3699787817411,1,3.9868414335513886,318.913940351636,24.68020847016906,33.22986410463627,17.376737372845735,2,2,2,605,5,0.12199074074074075,18.4746540395124,0.3193943763518385,ELECTRE-III,1
168,0287,0,0,"[-26.007948217797654, -43.875888718638386]","[np.float64(-22.55121870780887), np.float64(-43.45574144926327)]",2026-06-13 12:35:50,346.3699787817411,1,3.9868414335513886,386.722126513372,29.12814745317112,33.25380050258258,15.376737372845735,2,2,2,605,5,0.12210648148148148,14.766204965438327,0.3193943763518385,ELECTRE-III,1
169,0297,0,0,"[-18.411206917234374, -66.76654030678951]","[np.float64(-21.4902902963777), np.float64(-64.83707616408573)]",2026-06-13 14:12:30,304.30935286120587,1,4.829404780188357,397.3417761672051,29.792802190062417,35.66052693966329,11.754956540914197,1,1,1,1104,13,0.1892361111111111,13.268845429803086,0.9149242970439798,ELECTRE-III,1
170,0297,0,0,"[-19.011561762258278, -66.90431205253785]","[np.float64(-21.4902902963777), np.float64(-64.83707616408573)]",2026-06-13 14:12:40,304.30935286120587,1,4.829404780188357,349.950044251928,26.759561296900458,35.68354809226082,14.754956540914197,1,1,1,1104,13,0.18935185185185185,15.512363948321605,0.9149242970439798,ELECTRE-III,1
171,0297,0,0,"[-19.61185513557965, -67.04277364739234]","[np.float64(-21.4902902963777), np.float64(-64.83707616408573)]",2026-06-13 14:12:50,304.30935286120587,1,4.829404780188357,310.4211961507843,24.098623691838988,35.706552169385425,18.754956540914197,1,1,1,1104,13,0.1894675925925926,17.049748207580862,0.9149242970439798,ELECTRE-III,1
172,0297,0,0,"[-20.212083622103908, -67.18195924229886]","[np.float64(-21.4902902963777), np.float64(-64.83707616408573)]",2026-06-13 14:13:00,304.30935286120587,1,4.829404780188357,282.0782889496711,22.119424437434223,35.72953234084793,19.754956540914197,1,1,1,1104,13,0.18958333333333333,21.08203987424753,0.9149242970439798,ELECTRE-III,1
173,0297,0,0,"[-20.812243806736465, -67.32190298820325]","[np.float64(-21.4902902963777), np.float64(-64.83707616408573)]",2026-06-13 14:13:10,304.30935286120587,1,4.829404780188357,268.4851939178956,21.14977327287057,35.75249202174293,14.754956540914197,1,1,1,1104,13,0.18969907407407408,12.857965800173456,0.9149242970439798,ELECTRE-III,1
174,0297,0,0,"[-21.412335689477324, -67.46262537567303]","[np.float64(-21.4902902963777), np.float64(-64.83707616408573)]",2026-06-13 14:13:20,304.30935286120587,1,4.829404780188357,271.8595409019404,21.391691633889835,35.775434627165005,15.754956540914197,1,1,1,1104,13,0.18981481481481483,13.856808392766048,0.9149242970439798,ELECTRE-III,1
175,0297,0,0,"[-22.012355855231895, -67.6041673858432]","[np.float64(-21.4902902963777), np.float64(-64.83707616408573)]",2026-06-13 14:13:30,304.30935286120587,1,4.829404780188357,291.61119600102273,22.791612333758348,35.79835332692498,11.754956540914197,1,1,1,1104,13,0.18993055555555555,12.51467876313642,0.9149242970439798,ELECTRE-III,1
176,0297,0,0,"[-22.612302596452892, -67.74654950928128]","[np.float64(-21.4902902963777), np.float64(-64.83707616408573)]",2026-06-13 14:13:40,304.30935286120587,1,4.829404780188357,324.76219779634835,25.07757562527901,35.82125153611745,10.754956540914197,1,1,1,1104,13,0.1900462962962963,10.754956540914197,0.9149242970439798,ELECTRE-III,1
177,0297,0,0,"[-23.212172498045724, -67.88981955731147]","[np.float64(-21.4902902963777), np.float64(-64.83707616408573)]",2026-06-13 14:13:50,304.30935286120587,1,4.829404780188357,367.7051387094929,27.91618597158369,35.84413266983699,14.754956540914197,1,1,1,1104,13,0.19016203703703705,15.89592876313642,0.9149242970439798,ELECTRE-III,1
178,0399,0,0,"[-29.804951122698, -69.53437201509963]","[np.float64(-33.13217557972659), np.float64(-68.94243257995237)]",2026-06-13 14:15:40,100.97823539776887,1,3.468435066242505,374.2036670615841,28.333473708565815,24.5127890726306,13.878576897456284,1,1,1,1488,8,0.19143518518518518,12.155660230789618,0.5508291276135544,ELECTRE-III,1
179,0210,0,0,"[-30.40369233553049, -69.69117949806478]","[np.float64(-33.0491248747741), np.float64(-71.6499149451426)]",2026-06-13 14:15:50,326.145420214933,1,6.669076920294665,347.613453593636,26.605553624111987,23.2506025574108,23.373058323624633,4,4,3,1344,13,0.19155092592592593,21.840650916217225,0.9149242970439798,ELECTRE-III,1
180,0399,0,0,"[-30.40369233553049, -69.69117949806478]","[np.float64(-33.13217557972659), np.float64(-68.94243257995237)]",2026-06-13 14:15:50,100.97823539776887,1,3.468435066242505,311.5384347253159,24.17543787736829,24.532972281627988,13.878576897456284,1,1,1,1488,8,0.19155092592592593,14.836331527085914,0.5508291276135544,ELECTRE-III,1
181,0210,0,0,"[-31.002317435147088, -69.84941449056647]","[np.float64(-33.0491248747741), np.float64(-71.6499149451426)]",2026-06-13 14:16:00,326.145420214933,1,6.669076920294665,283.9064814409884,22.248839107811094,23.27191104007395,21.373058323624633,4,4,3,1344,13,0.19166666666666668,20.4147249902913,0.9149242970439798,ELECTRE-III,1
182,0399,0,0,"[-31.002317435147088, -69.84941449056647]","[np.float64(-33.13217557972659), np.float64(-68.94243257995237)]",2026-06-13 14:16:00,100.97823539776887,1,3.468435066242505,251.77497756080763,19.940171681527975,24.55313670760516,13.878576897456284,1,1,1,1488,8,0.19166666666666668,12.728576897456284,0.5508291276135544,ELECTRE-III,1
183,0210,0,0,"[-31.600823006453208, -70.0091179737397]","[np.float64(-33.0491248747741), np.float64(-71.6499149451426)]",2026-06-13 14:16:10,326.145420214933,1,6.669076920294665,222.9386619598654,17.808953724234513,23.29320244726417,19.373058323624633,4,4,3,1344,13,0.1917824074074074,18.414146286587595,0.9149242970439798,ELECTRE-III,1
184,0399,0,0,"[-31.600823006453208, -70.0091179737397]","[np.float64(-33.13217557972659), np.float64(-68.94243257995237)]",2026-06-13 14:16:10,100.97823539776887,1,3.468435066242505,197.56045579326428,15.890023167447078,24.573285765656696,15.878576897456284,1,1,1,1488,8,0.1917824074074074,14.72788245301184,0.5508291276135544,ELECTRE-III,1
185,0210,0,0,"[-32.19920563435427, -70.17034458909785]","[np.float64(-33.0491248747741), np.float64(-71.6499149451426)]",2026-06-13 14:16:20,326.145420214933,1,6.669076920294665,167.72101545829548,13.586330426888205,23.31447848652876,19.373058323624633,4,4,3,1344,13,0.19189814814814815,18.221669434735745,0.9149242970439798,ELECTRE-III,1
186,0399,0,0,"[-32.19920563435427, -70.17034458909785]","[np.float64(-33.13217557972659), np.float64(-68.94243257995237)]",2026-06-13 14:16:20,100.97823539776887,1,3.468435066242505,154.83292877012977,12.576845254459517,24.593416040688016,22.878576897456284,1,1,1,1488,8,0.19189814814814815,22.686678749308136,0.5508291276135544,ELECTRE-III,1
187,0210,0,0,"[-32.79746531885027, -70.33314897815428]","[np.float64(-33.0491248747741), np.float64(-71.6499149451426)]",2026-06-13 14:16:30,326.145420214933,1,6.669076920294665,126.0474903569489,10.294111042548831,23.335737450320423,17.373058323624633,4,4,3,1344,13,0.1920138888888889,18.525141656957967,0.9149242970439798,ELECTRE-III,1
188,0399,0,0,"[-32.79746531885027, -70.33314897815428]","[np.float64(-33.13217557972659), np.float64(-68.94243257995237)]",2026-06-13 14:16:30,100.97823539776887,1,3.468435066242505,134.97572195352313,11.006028989213709,24.613527532699116,17.878576897456284,1,1,1,1488,8,0.1920138888888889,18.45461856412295,0.5508291276135544,ELECTRE-III,1
189,0210,0,0,"[-33.39559181465746, -70.49759261261151]","[np.float64(-33.0491248747741), np.float64(-71.6499149451426)]",2026-06-13 14:16:40,326.145420214933,1,6.669076920294665,113.9016037412738,9.320481007869146,23.356979338639164,23.373058323624633,4,4,3,1344,13,0.19212962962962962,23.949447212513522,0.9149242970439798,ELECTRE-III,1
190,0399,0,0,"[-33.39559181465746, -70.49759261261151]","[np.float64(-33.13217557972659), np.float64(-68.94243257995237)]",2026-06-13 14:16:40,100.97823539776887,1,3.468435066242505,147.5280858554681,12.001092589299763,24.633621949237295,13.878576897456284,1,1,1,1488,8,0.19212962962962962,15.41561393449332,0.5508291276135544,ELECTRE-III,1
191,0210,0,0,"[-33.99358512177583, -70.66373696417207]","[np.float64(-33.0491248747741), np.float64(-71.6499149451426)]",2026-06-13 14:16:50,326.145420214933,1,6.669076920294665,139.23412168316494,11.344390390025508,23.37820585903227,18.373058323624633,4,4,3,1344,13,0.19224537037037037,16.45060461992093,0.9149242970439798,ELECTRE-III,1
192,0399,0,0,"[-33.99358512177583, -70.66373696417207]","[np.float64(-33.13217557972659), np.float64(-68.94243257995237)]",2026-06-13 14:16:50,100.97823539776887,1,3.468435066242505,186.03789654116184,15.006251208327313,24.653699290302548,13.878576897456284,1,1,1,1488,8,0.19224537037037037,13.301840786345172,0.5508291276135544,ELECTRE-III,1
193,0210,0,0,"[-34.59143841001622, -70.83164350453849]","[np.float64(-33.0491248747741), np.float64(-71.6499149451426)]",2026-06-13 14:17:00,326.145420214933,1,6.669076920294665,187.41581970939458,15.112331383299043,23.39941359640516,16.373058323624633,4,4,3,1344,13,0.19236111111111112,15.795974990291299,0.9149242970439798,ELECTRE-III,1
194,0399,0,0,"[-34.59143841001622, -70.83164350453849]","[np.float64(-33.13217557972659), np.float64(-68.94243257995237)]",2026-06-13 14:17:00,100.97823539776887,1,3.468435066242505,238.23027927753125,18.945874945048185,24.673759555894875,19.878576897456284,1,1,1,1488,8,0.19236111111111112,18.147326897456285,0.5508291276135544,ELECTRE-III,1
195,0210,0,0,"[-35.18914484918945, -71.00137370541331]","[np.float64(-33.0491248747741), np.float64(-71.6499149451426)]",2026-06-13 14:17:10,326.145420214933,1,6.669076920294665,245.33266938988626,19.468770717117184,23.420605965852417,20.373058323624633,4,4,3,1344,13,0.19247685185185184,18.83324350880982,0.9149242970439798,ELECTRE-III,1
196,0399,0,0,"[-35.18914484918945, -71.00137370541331]","[np.float64(-33.13217557972659), np.float64(-68.94243257995237)]",2026-06-13 14:17:10,100.97823539776887,1,3.468435066242505,296.97395242649014,23.166874265516306,24.693801038466983,14.878576897456284,1,1,1,1488,8,0.19247685185185184,15.071053749308136,0.5508291276135544,ELECTRE-III,1
197,0210,0,0,"[-35.78670443929553, -71.17300269887738]","[np.float64(-33.0491248747741), np.float64(-71.6499149451426)]",2026-06-13 14:17:20,326.145420214933,1,6.669076920294665,307.5313466393446,23.899508534758155,23.441782967374042,15.373058323624633,4,4,3,1344,13,0.1925925925925926,15.565650916217226,0.9149242970439798,ELECTRE-III,1
198,0399,0,0,"[-35.78670443929553, -71.17300269887738]","[np.float64(-33.13217557972659), np.float64(-68.94243257995237)]",2026-06-13 14:17:20,100.97823539776887,1,3.468435066242505,359.0663865127968,27.35644532182989,24.713823738018878,17.878576897456284,1,1,1,1488,8,0.1925925925925926,19.03413245301184,0.5508291276135544,ELECTRE-III,1
199,0210,0,0,"[-36.38411035014527, -71.34659878682244]","[np.float64(-33.0491248747741), np.float64(-71.6499149451426)]",2026-06-13 14:17:30,326.145420214933,1,6.669076920294665,371.8681051599908,28.183875118669633,23.46294118587545,21.373058323624633,4,4,3,1344,13,0.19270833333333334,22.143891656957965,0.9149242970439798,ELECTRE-III,1
200,0079,0,0,"[54.46677663056557, 89.50902118618097]","[np.float64(56.88911993583032), np.float64(84.62325407926258)]",2026-06-13 15:12:00,989.1963429990627,2,2.155232635355786,407.7265308382204,30.43432970831567,0.017945616680434352,15.249437967082546,4,4,3,715,7,0.23055555555555557,15.941104633749212,0.45926459985580387,ELECTRE-III,1
201,0079,0,0,"[55.05634489934273, 89.20791912681013]","[np.float64(56.88911993583032), np.float64(84.62325407926258)]",2026-06-13 15:12:10,989.1963429990627,2,2.155232635355786,350.47263145978314,26.79394873270587,0.005281073167913767,12.249437967082546,4,4,3,715,7,0.2306712962962963,12.249437967082546,0.45926459985580387,ELECTRE-III,1
202,0149,0,0,"[48.59665934085732, -74.70987272659592]","[np.float64(45.14600795418758), np.float64(-74.22434035818429)]",2026-06-13 15:32:40,427.23138280533135,1,3.5030292147617503,385.4642046202691,29.04884068820336,62.18081959993465,11.63133618437211,4,4,3,963,10,0.2449074074074074,10.65170655474248,0.6863734679163662,ELECTRE-III,1
203,0149,0,0,"[48.00239531702578, -74.94670270587694]","[np.float64(45.14600795418758), np.float64(-74.22434035818429)]",2026-06-13 15:32:50,427.23138280533135,1,3.5030292147617503,322.3756077597876,24.915724542148592,62.201610695768174,14.63133618437211,4,4,3,963,10,0.24502314814814816,12.426127851038776,0.6863734679163662,ELECTRE-III,1
204,0149,0,0,"[47.407810274303245, -75.17907940181912]","[np.float64(45.14600795418758), np.float64(-74.22434035818429)]",2026-06-13 15:33:00,427.23138280533135,1,3.5030292147617503,261.9808547709015,20.68122213878909,62.22238130103418,14.63133618437211,4,4,3,963,10,0.24513888888888888,16.347308406594333,0.6863734679163662,ELECTRE-III,1
205,0149,0,0,"[46.81292128816264, -75.40720088990838]","[np.float64(45.14600795418758), np.float64(-74.22434035818429)]",2026-06-13 15:33:10,427.23138280533135,1,3.5030292147617503,206.656971374954,16.582300787887593,62.24312458554351,10.63133618437211,4,4,3,963,10,0.24525462962962963,12.348118591779517,0.6863734679163662,ELECTRE-III,1
206,0149,0,0,"[46.217742018982314, -75.63123792487396]","[np.float64(45.14600795418758), np.float64(-74.22434035818429)]",2026-06-13 15:33:20,427.23138280533135,1,3.5030292147617503,161.69610263179837,13.11544669191413,62.26384737948533,11.63133618437211,4,4,3,963,10,0.24537037037037038,9.423002851038776,0.6863734679163662,ELECTRE-III,1
207,0149,0,0,"[45.62228271204602, -75.85136126144513]","[np.float64(45.14600795418758), np.float64(-74.22434035818429)]",2026-06-13 15:33:30,427.23138280533135,1,3.5030292147617503,137.65812736569134,11.21925810056421,62.2845360224813,12.63133618437211,4,4,3,963,10,0.2454861111111111,11.403905628816554,0.6863734679163662,ELECTRE-III,1
208,0149,0,0,"[45.026557027732096, -76.0677279939728]","[np.float64(45.14600795418758), np.float64(-74.22434035818429)]",2026-06-13 15:33:40,427.23138280533135,1,3.5030292147617503,145.32625553316842,11.827059723551749,62.305211005098926,9.63133618437211,4,4,3,963,10,0.24560185185185185,10.613743591779517,0.6863734679163662,ELECTRE-III,1
209,0149,0,0,"[44.43057521132429, -76.28049521680786]","[np.float64(45.14600795418758), np.float64(-74.22434035818429)]",2026-06-13 15:33:50,427.23138280533135,1,3.5030292147617503,180.70925533787766,14.595036060993685,62.3258518367707,15.63133618437211,4,4,3,963,10,0.2457175925925926,15.385618591779517,0.6863734679163662,ELECTRE-III,1
210,0448,0,0,"[44.43057521132429, -76.28049521680786]","[np.float64(42.04516368060606), np.float64(-72.70264486012896)]",2026-06-13 15:33:50,902.4668737394572,2,6.849102575195936,392.81181017664414,29.51034941661375,65.28436876632924,7.380416422066835,2,2,2,1139,4,0.2457175925925926,8.85472197762239,0.20908435472242248,ELECTRE-III,1
211,0055,0,0,"[43.83434750810637, -76.48980636392291]","[np.float64(40.51946326865131), np.float64(-76.8377454519946)]",2026-06-13 15:34:00,455.9527058673055,1,3.611156814116467,369.71118490929246,28.04534613348689,63.84515911574834,14.62765713515101,4,4,3,925,12,0.24583333333333332,12.906823801817676,0.8284066330209084,ELECTRE-III,1
212,0149,0,0,"[43.83434750810637, -76.48980636392291]","[np.float64(45.14600795418758), np.float64(-74.22434035818429)]",2026-06-13 15:34:00,427.23138280533135,1,3.5030292147617503,231.42673821519563,18.441888794785463,62.34647217787497,18.63133618437211,4,4,3,963,10,0.24583333333333332,20.10633618437211,0.6863734679163662,ELECTRE-III,1
213,0448,0,0,"[43.83434750810637, -76.48980636392291]","[np.float64(42.04516368060606), np.float64(-72.70264486012896)]",2026-06-13 15:34:00,902.4668737394572,2,6.849102575195936,366.8463122979586,27.860795499626388,65.30679227737438,14.380416422066835,2,2,2,1139,4,0.24583333333333332,15.855416422066835,0.20908435472242248,ELECTRE-III,1
214,0055,0,0,"[43.237887578456665, -76.69580486929048]","[np.float64(40.51946326865131), np.float64(-76.8377454519946)]",2026-06-13 15:34:10,455.9527058673055,1,3.611156814116467,302.50361519097254,23.55162503469987,63.87131874026949,13.62765713515101,4,4,3,925,12,0.24594907407407407,12.151962690706565,0.8284066330209084,ELECTRE-III,1
215,0149,0,0,"[43.237887578456665, -76.69580486929048]","[np.float64(45.14600795418758), np.float64(-74.22434035818429)]",2026-06-13 15:34:10,427.23138280533135,1,3.5030292147617503,289.5297633103928,22.645402572298774,62.36706519822256,10.63133618437211,4,4,3,963,10,0.24594907407407407,9.40159081400174,0.6863734679163662,ELECTRE-III,1
216,0448,0,0,"[43.237887578456665, -76.69580486929048]","[np.float64(42.04516368060606), np.float64(-72.70264486012896)]",2026-06-13 15:34:10,902.4668737394572,2,6.849102575195936,352.47552579585175,26.925550792430766,65.3291816374737,9.380416422066835,2,2,2,1139,4,0.24594907407407407,7.166874755400169,0.20908435472242248,ELECTRE-III,1
217,0485,2,0,"[43.237887578456665, -76.69580486929048]","[np.float64(40.31208734352321), np.float64(-74.64876167859748)]",2026-06-13 15:34:10,334.34484249126996,1,7.100691594538089,366.9275598420824,27.86603803095041,65.34290348751624,15.62397808592991,2,2,2,662,12,0.24594907407407407,16.607774382226207,0.8284066330209084,ELECTRE-III,1
218,0055,0,0,"[42.641198837469766, -76.89860684612651]","[np.float64(40.51946326865131), np.float64(-76.8377454519946)]",2026-06-13 15:34:20,455.9527058673055,1,3.611156814116467,235.98084731230486,18.779575990909255,63.8974647044123,18.62765713515101,4,4,3,925,12,0.24606481481481482,19.857981209225084,0.8284066330209084,ELECTRE-III,1
219,0149,0,0,"[42.641198837469766, -76.89860684612651]","[np.float64(45.14600795418758), np.float64(-74.22434035818429)]",2026-06-13 15:34:20,427.23138280533135,1,3.5030292147617503,351.3734347946703,26.853174749035286,62.387630897813466,14.63133618437211,4,4,3,963,10,0.24606481481481482,15.861660258446184,0.6863734679163662,ELECTRE-III,1
220,0321,0,0,"[42.641198837469766, -76.89860684612651]","[np.float64(40.11636173112846), np.float64(-73.39155605102516)]",2026-06-13 15:34:20,48.92581229113027,1,5.485057257942185,405.44464729281776,30.294078594814575,66.24175638228992,20.376737372845735,4,4,3,1163,11,0.24606481481481482,18.654283669142032,0.7274693583273252,ELECTRE-III,1
221,0448,0,0,"[42.641198837469766, -76.89860684612651]","[np.float64(42.04516368060606), np.float64(-72.70264486012896)]",2026-06-13 15:34:20,902.4668737394572,2,6.849102575195936,351.12445978694876,26.836811332142748,65.3515436768163,12.380416422066835,2,2,2,1139,4,0.24606481481481482,10.657962718363132,0.20908435472242248,ELECTRE-III,1
222,0485,2,0,"[42.641198837469766, -76.89860684612651]","[np.float64(40.31208734352321), np.float64(-74.64876167859748)]",2026-06-13 15:34:20,334.34484249126996,1,7.100691594538089,319.6675987208905,24.731560106531923,65.36810688555359,20.62397808592991,2,2,2,662,12,0.24606481481481482,18.65545956741139,0.8284066330209084,ELECTRE-III,1
223,0055,0,0,"[42.04429494552401, -77.09834889821437]","[np.float64(40.51946326865131), np.float64(-76.8377454519946)]",2026-06-13 15:34:30,455.9527058673055,1,3.611156814116467,170.94615950700216,13.837632855040017,63.92358334779843,12.62765713515101,4,4,3,925,12,0.24618055555555557,14.350921024039899,0.8284066330209084,ELECTRE-III,1
224,0321,0,0,"[42.04429494552401, -77.09834889821437]","[np.float64(40.11636173112846), np.float64(-73.39155605102516)]",2026-06-13 15:34:30,48.92581229113027,1,5.485057257942185,377.4176662071833,28.538651631532417,66.26639287462616,22.376737372845735,4,4,3,1163,11,0.24618055555555557,24.34618181729018,0.7274693583273252,ELECTRE-III,1
225,0448,0,0,"[42.04429494552401, -77.09834889821437]","[np.float64(42.04516368060606), np.float64(-72.70264486012896)]",2026-06-13 15:34:30,902.4668737394572,2,6.849102575195936,362.9394708179231,27.608106667335445,65.37387839540226,7.380416422066835,2,2,2,1139,4,0.24618055555555557,5.903333088733502,0.20908435472242248,ELECTRE-III,1
226,0485,2,0,"[42.04429494552401, -77.09834889821437]","[np.float64(40.31208734352321), np.float64(-74.64876167859748)]",2026-06-13 15:34:30,334.34484249126996,1,7.100691594538089,281.2767219248278,22.062607747359174,65.3932966232126,14.62397808592991,2,2,2,662,12,0.24618055555555557,14.377797530374353,0.8284066330209084,ELECTRE-III,1
227,0055,0,0,"[41.44718273280857, -77.29514713876993]","[np.float64(40.51946326865131), np.float64(-76.8377454519946)]",2026-06-13 15:34:40,455.9527058673055,1,3.611156814116467,110.07087391177974,9.012247247551468,63.94968833080622,15.62765713515101,4,4,3,925,12,0.2462962962962963,14.396175653669529,0.8284066330209084,ELECTRE-III,1
228,0321,0,0,"[41.44718273280857, -77.29514713876993]","[np.float64(40.11636173112846), np.float64(-73.39155605102516)]",2026-06-13 15:34:40,48.92581229113027,1,5.485057257942185,360.4022593477621,27.443376219577015,66.29100204620572,13.376737372845735,4,4,3,1163,11,0.2462962962962963,11.898959595067957,0.7274693583273252,ELECTRE-III,1
229,0448,0,0,"[41.44718273280857, -77.29514713876993]","[np.float64(42.04516368060606), np.float64(-72.70264486012896)]",2026-06-13 15:34:40,902.4668737394572,2,6.849102575195936,386.71532955129396,29.127719261075026,65.39619262342069,13.380416422066835,2,2,2,1139,4,0.2462962962962963,13.626712718363132,0.20908435472242248,ELECTRE-III,1
230,0485,2,0,"[41.44718273280857, -77.29514713876993]","[np.float64(40.31208734352321), np.float64(-74.64876167859748)]",2026-06-13 15:34:40,334.34484249126996,1,7.100691594538089,255.7799611634233,20.231819423170627,65.41845904011493,22.62397808592991,2,2,2,662,12,0.2462962962962963,23.3628669748188,0.8284066330209084,ELECTRE-III,1
230,0485,2,0,"[41.44718273280857, -77.29514713876993]","[np.float64(40.31208734352321), np.float64(-74.64876167859748)]",2026-06-13 15:34:40,334.34484249126996,1,7.100691594538089,255.7799611634233,20.231819423170627,65.41845904011493,22.62397808592991,2,2,2,662,12,0.2462962962962963,23.3628669748188,0.8284066330209084,ELECTRE-III,1
231,0043,0,0,"[40.8498724446072, -77.48911085081996]","[np.float64(38.89179125886753), np.float64(-73.82283052086814)]",2026-06-13 15:34:50,578.7430772438584,1,6.6416718031890225,381.12964109517225,28.774629086805277,66.80813615883488,8.005876303219473,2,2,2,1278,4,0.24641203703703704,9.484348525441696,0.20908435472242248,ELECTRE-III,1
232,0055,0,0,"[40.8498724446072, -77.48911085081996]","[np.float64(40.51946326865131), np.float64(-76.8377454519946)]",2026-06-13 15:34:50,455.9527058673055,1,3.611156814116467,66.07831088677743,5.438947100176993,63.975772823246494,19.62765713515101,4,4,3,925,12,0.24641203703703704,20.120481209225087,0.8284066330209084,ELECTRE-III,1
233,0321,0,0,"[40.8498724446072, -77.48911085081996]","[np.float64(40.11636173112846), np.float64(-73.39155605102516)]",2026-06-13 15:34:50,48.92581229113027,1,5.485057257942185,355.98056308709147,27.15511528930484,66.31559072721777,21.376737372845735,4,4,3,1163,11,0.24641203703703704,22.362385520993882,0.7274693583273252,ELECTRE-III,1
234,0485,2,0,"[40.8498724446072, -77.48911085081996]","[np.float64(40.31208734352321), np.float64(-74.64876167859748)]",2026-06-13 15:34:50,334.34484249126996,1,7.100691594538089,247.1997336793092,19.605674428924353,65.44359413626057,21.62397808592991,2,2,2,662,12,0.24641203703703704,22.609626234078057,0.8284066330209084,ELECTRE-III,1
234,0485,2,0,"[40.8498724446072, -77.48911085081996]","[np.float64(40.31208734352321), np.float64(-74.64876167859748)]",2026-06-13 15:34:50,334.34484249126996,1,7.100691594538089,247.1997336793092,19.605674428924353,65.44359413626057,21.62397808592991,2,2,2,662,12,0.24641203703703704,22.609626234078057,0.8284066330209084,ELECTRE-III,1
235,0043,0,0,"[40.25237432620366, -77.68035614758031]","[np.float64(38.89179125886753), np.float64(-73.82283052086814)]",2026-06-13 15:35:00,578.7430772438584,1,6.6416718031890225,363.5603362233269,27.64834164558749,66.83417283995098,14.005876303219473,2,2,2,1278,4,0.2465277777777778,14.005876303219473,0.20908435472242248,ELECTRE-III,1
236,0055,0,0,"[40.25237432620366, -77.68035614758031]","[np.float64(40.51946326865131), np.float64(-76.8377454519946)]",2026-06-13 15:35:00,455.9527058673055,1,3.611156814116467,77.29913189051246,6.355524750050206,64.00183682511926,10.62765713515101,4,4,3,925,12,0.2465277777777778,8.901962690706565,0.8284066330209084,ELECTRE-III,1
237,0321,0,0,"[40.25237432620366, -77.68035614758031]","[np.float64(40.11636173112846), np.float64(-73.39155605102516)]",2026-06-13 15:35:00,48.92581229113027,1,5.485057257942185,364.6114273995496,27.716389829696013,66.34014525728395,13.376737372845735,4,4,3,1163,11,0.2465277777777778,12.637154039512401,0.7274693583273252,ELECTRE-III,1
238,0366,1,0,"[40.25237432620366, -77.68035614758031]","[np.float64(36.98439248990215), np.float64(-76.73374625290286)]",2026-06-13 15:35:00,830.9545088778011,1,3.2096800654880937,372.5663328788276,28.22864235329129,65.92023205730074,15.62397808592991,4,4,3,645,14,0.2465277777777778,13.651755863707688,1.0,ELECTRE-III,1
239,0485,2,0,"[40.25237432620366, -77.68035614758031]","[np.float64(40.31208734352321), np.float64(-74.64876167859748)]",2026-06-13 15:35:00,334.34484249126996,1,7.100691594538089,257.2350095614967,20.337508284153486,65.46870874183871,16.62397808592991,2,2,2,662,12,0.2465277777777778,17.61008919704102,0.8284066330209084,ELECTRE-III,1
239,0485,2,0,"[40.25237432620366, -77.68035614758031]","[np.float64(40.31208734352321), np.float64(-74.64876167859748)]",2026-06-13 15:35:00,334.34484249126996,1,7.100691594538089,257.2350095614967,20.337508284153486,65.46870874183871,16.62397808592991,2,2,2,662,12,0.2465277777777778,17.61008919704102,0.8284066330209084,ELECTRE-III,1
240,0043,0,0,"[39.654688377597935, -77.8689786516994]","[np.float64(38.89179125886753), np.float64(-73.82283052086814)]",2026-06-13 15:35:10,578.7430772438584,1,6.6416718031890225,358.4390278481495,27.315573262631922,66.86018220031039,14.005876303219473,2,2,2,1278,4,0.2466435185185185,14.74580685877503,0.20908435472242248,ELECTRE-III,1
241,0055,0,0,"[39.654688377597935, -77.8689786516994]","[np.float64(40.51946326865131), np.float64(-76.8377454519946)]",2026-06-13 15:35:10,455.9527058673055,1,3.611156814116467,130.16252549865052,10.622648088395659,64.02788033642452,19.62765713515101,4,4,3,925,12,0.2466435185185185,20.367587690706568,0.8284066330209084,ELECTRE-III,1
242,0321,0,0,"[39.654688377597935, -77.8689786516994]","[np.float64(40.11636173112846), np.float64(-73.39155605102516)]",2026-06-13 15:35:10,48.92581229113027,1,5.485057257942185,385.4181275609567,29.045933401626616,66.36467929678264,20.376737372845735,4,4,3,1163,11,0.2466435185185185,18.15694570617907,0.7274693583273252,ELECTRE-III,1
243,0366,1,0,"[39.654688377597935, -77.8689786516994]","[np.float64(36.98439248990215), np.float64(-76.73374625290286)]",2026-06-13 15:35:10,830.9545088778011,1,3.2096800654880937,312.9966617283399,24.275557307343004,65.94950624808342,24.62397808592991,4,4,3,645,14,0.2466435185185185,25.363908641485466,1.0,ELECTRE-III,1
244,0485,2,0,"[39.654688377597935, -77.8689786516994]","[np.float64(40.31208734352321), np.float64(-74.64876167859748)]",2026-06-13 15:35:10,334.34484249126996,1,7.100691594538089,283.9181227814326,22.249662414525805,65.49379602666016,20.62397808592991,2,2,2,662,12,0.2466435185185185,22.597126234078058,0.8284066330209084,ELECTRE-III,1
245,0043,0,0,"[39.05682825916838, -78.05508081601472]","[np.float64(38.89179125886753), np.float64(-73.82283052086814)]",2026-06-13 15:35:20,578.7430772438584,1,6.6416718031890225,366.2885671353042,27.824793072449484,66.88616423991311,13.005876303219473,2,2,2,1278,4,0.24675925925925926,11.031802229145399,0.20908435472242248,ELECTRE-III,1
246,0055,0,0,"[39.05682825916838, -78.05508081601472]","[np.float64(40.51946326865131), np.float64(-76.8377454519946)]",2026-06-13 15:35:20,455.9527058673055,1,3.611156814116467,193.04925866894513,15.544916498018985,64.05390335716227,16.62765713515101,4,4,3,925,12,0.24675925925925926,17.36793491292879,0.8284066330209084,ELECTRE-III,1
247,0366,1,0,"[39.05682825916838, -78.05508081601472]","[np.float64(36.98439248990215), np.float64(-76.73374625290286)]",2026-06-13 15:35:20,830.9545088778011,1,3.2096800654880937,257.87141563214857,20.38368891824526,65.97876677848775,16.62397808592991,4,4,3,645,14,0.24675925925925926,15.390181789633614,1.0,ELECTRE-III,1
248,0485,2,0,"[39.05682825916838, -78.05508081601472]","[np.float64(40.31208734352321), np.float64(-74.64876167859748)]",2026-06-13 15:35:20,334.34484249126996,1,7.100691594538089,323.1513680430883,24.968380942885865,65.51886282091411,15.62397808592991,2,2,2,662,12,0.24675925925925926,17.598052160003984,0.8284066330209084,ELECTRE-III,1
249,0043,0,0,"[38.45879738600957, -78.23875143298554]","[np.float64(38.89179125886753), np.float64(-73.82283052086814)]",2026-06-13 15:35:30,578.7430772438584,1,6.6416718031890225,386.31834654736656,29.102704109542675,66.91211895875917,15.005876303219473,2,2,2,1278,4,0.246875,13.524626303219474,0.20908435472242248,ELECTRE-III,1
250,0055,0,0,"[38.45879738600957, -78.23875143298554]","[np.float64(40.51946326865131), np.float64(-76.8377454519946)]",2026-06-13 15:35:30,455.9527058673055,1,3.611156814116467,258.75202598726077,20.44754457093952,64.0799058873325,19.62765713515101,4,4,3,925,12,0.246875,18.64015713515101,0.8284066330209084,ELECTRE-III,1
251,0366,1,0,"[38.45879738600957, -78.23875143298554]","[np.float64(36.98439248990215), np.float64(-76.73374625290286)]",2026-06-13 15:35:30,830.9545088778011,1,3.2096800654880937,210.7077437436142,16.888996306055105,66.00801364851375,23.62397808592991,4,4,3,645,14,0.246875,25.10522808592991,1.0,ELECTRE-III,1
251,0366,1,0,"[38.45879738600957, -78.23875143298554]","[np.float64(36.98439248990215), np.float64(-76.73374625290286)]",2026-06-13 15:35:30,830.9545088778011,1,3.2096800654880937,210.7077437436142,16.888996306055105,66.00801364851375,23.62397808592991,4,4,3,645,14,0.246875,25.10522808592991,1.0,ELECTRE-III,1
252,0485,2,0,"[38.45879738600957, -78.23875143298554]","[np.float64(40.31208734352321), np.float64(-74.64876167859748)]",2026-06-13 15:35:30,334.34484249126996,1,7.100691594538089,370.97377414008855,28.126479818319172,65.54390912460055,19.62397808592991,2,2,2,662,12,0.246875,19.87085308592991,0.8284066330209084,ELECTRE-III,1
253,0055,0,0,"[37.86060600340527, -78.42009295544938]","[np.float64(40.51946326865131), np.float64(-76.8377454519946)]",2026-06-13 15:35:40,455.9527058673055,1,3.611156814116467,325.5708830178522,25.13232137027497,64.10588792693524,18.62765713515101,4,4,3,925,12,0.24699074074074073,20.109601579595456,0.8284066330209084,ELECTRE-III,1
254,0366,1,0,"[37.86060600340527, -78.42009295544938]","[np.float64(36.98439248990215), np.float64(-76.73374625290286)]",2026-06-13 15:35:40,830.9545088778011,1,3.2096800654880937,177.95427967986473,14.381825433568613,66.03724002797223,18.62397808592991,4,4,3,645,14,0.24699074074074073,16.895042900744723,1.0,ELECTRE-III,1
254,0366,1,0,"[37.86060600340527, -78.42009295544938]","[np.float64(36.98439248990215), np.float64(-76.73374625290286)]",2026-06-13 15:35:40,830.9545088778011,1,3.2096800654880937,177.95427967986473,14.381825433568613,66.03724002797223,18.62397808592991,4,4,3,645,14,0.24699074074074073,16.895042900744723,1.0,ELECTRE-III,1
255,0055,0,0,"[37.26225752645006, -78.59918051548712]","[np.float64(40.51946326865131), np.float64(-76.8377454519946)]",2026-06-13 15:35:50,455.9527058673055,1,3.611156814116467,392.937065985933,29.518180686717862,64.13184947597045,19.62765713515101,4,4,3,925,12,0.24710648148148148,17.65080528329916,0.8284066330209084,ELECTRE-III,1
256,0366,1,0,"[37.26225752645006, -78.59918051548712]","[np.float64(36.98439248990215), np.float64(-76.73374625290286)]",2026-06-13 15:35:50,830.9545088778011,1,3.2096800654880937,168.24781657669644,13.627415332557186,66.06645274705238,23.62397808592991,4,4,3,645,14,0.24710648148148148,24.11819104889287,1.0,ELECTRE-III,1
256,0366,1,0,"[37.26225752645006, -78.59918051548712]","[np.float64(36.98439248990215), np.float64(-76.73374625290286)]",2026-06-13 15:35:50,830.9545088778011,1,3.2096800654880937,168.24781657669644,13.627415332557186,66.06645274705238,23.62397808592991,4,4,3,645,14,0.24710648148148148,24.11819104889287,1.0,ELECTRE-III,1
257,0432,1,0,"[37.26225752645006, -78.59918051548712]","[np.float64(34.96653568748317), np.float64(-81.95412306879736)]",2026-06-13 15:35:50,337.53254742901896,1,4.7795663966012985,394.900412037291,29.640775037592356,62.98373565762633,13.874897848235186,3,3,3,1075,14,0.24710648148148148,14.863323774161112,1.0,ELECTRE-III,1
258,0171,0,0,"[36.66375878533311, -78.77609607536878]","[np.float64(34.89600267667592), np.float64(-82.3344915581176)]",2026-06-13 15:36:00,40.91519342496955,1,7.374456609192537,376.35986896266513,28.47121095550514,62.74128443265839,7.63133618437211,4,4,3,1105,2,0.24722222222222223,8.620225073260999,0.05767844268204758,ELECTRE-III,1
259,0366,1,0,"[36.66375878533311, -78.77609607536878]","[np.float64(36.98439248990215), np.float64(-76.73374625290286)]",2026-06-13 15:36:00,830.9545088778011,1,3.2096800654880937,185.2474950896472,14.945354109208292,66.09564497556501,20.62397808592991,4,4,3,645,14,0.24722222222222223,18.398978085929908,1.0,ELECTRE-III,1
259,0366,1,0,"[36.66375878533311, -78.77609607536878]","[np.float64(36.98439248990215), np.float64(-76.73374625290286)]",2026-06-13 15:36:00,830.9545088778011,1,3.2096800654880937,185.2474950896472,14.945354109208292,66.09564497556501,20.62397808592991,4,4,3,645,14,0.24722222222222223,18.398978085929908,1.0,ELECTRE-III,1
260,0432,1,0,"[36.66375878533311, -78.77609607536878]","[np.float64(34.96653568748317), np.float64(-81.95412306879736)]",2026-06-13 15:36:00,337.53254742901896,1,4.7795663966012985,343.0893179788728,26.306180594450574,63.01616539580555,19.874897848235186,3,3,3,1075,14,0.24722222222222223,19.13323118156852,1.0,ELECTRE-III,1
261,0171,0,0,"[36.065116610243585, -78.9509284275536]","[np.float64(34.89600267667592), np.float64(-82.3344915581176)]",2026-06-13 15:36:10,40.91519342496955,1,7.374456609192537,332.78692730525285,25.618652754796177,62.7738302840535,4.63133618437211,4,4,3,1105,2,0.24733796296296295,4.878674147335072,0.05767844268204758,ELECTRE-III,1
262,0366,1,0,"[36.065116610243585, -78.9509284275536]","[np.float64(36.98439248990215), np.float64(-76.73374625290286)]",2026-06-13 15:36:10,830.9545088778011,1,3.2096800654880937,222.92601667013417,17.80800739424482,66.1248235436993,17.62397808592991,4,4,3,645,14,0.24733796296296295,17.376640122966947,1.0,ELECTRE-III,1
262,0366,1,0,"[36.065116610243585, -78.9509284275536]","[np.float64(36.98439248990215), np.float64(-76.73374625290286)]",2026-06-13 15:36:10,830.9545088778011,1,3.2096800654880937,222.92601667013417,17.80800739424482,66.1248235436993,17.62397808592991,4,4,3,645,14,0.24733796296296295,17.376640122966947,1.0,ELECTRE-III,1
263,0432,1,0,"[36.065116610243585, -78.9509284275536]","[np.float64(34.96653568748317), np.float64(-81.95412306879736)]",2026-06-13 15:36:10,337.53254742901896,1,4.7795663966012985,297.98139965386906,23.237138007784825,63.04858147360643,20.874897848235186,3,3,3,1075,14,0.24733796296296295,19.390870070457407,1.0,ELECTRE-III,1
264,0171,0,0,"[35.46633441627608, -79.12374587393326]","[np.float64(34.89600267667592), np.float64(-82.3344915581176)]",2026-06-13 15:36:20,40.91519342496955,1,7.374456609192537,298.6005220264067,23.280281624729405,62.80636930525944,9.63133618437211,4,4,3,1105,2,0.2474537037037037,11.858419517705443,0.05767844268204758,ELECTRE-III,1
265,0366,1,0,"[35.46633441627608, -79.12374587393326]","[np.float64(36.98439248990215), np.float64(-76.73374625290286)]",2026-06-13 15:36:20,830.9545088778011,1,3.2096800654880937,272.8466853954652,21.462312771808037,66.15398162126608,24.62397808592991,4,4,3,645,14,0.2474537037037037,22.396894752596577,1.0,ELECTRE-III,1
266,0432,1,0,"[35.46633441627608, -79.12374587393326]","[np.float64(34.96653568748317), np.float64(-81.95412306879736)]",2026-06-13 15:36:20,337.53254742901896,1,4.7795663966012985,263.0501136937897,20.758448910785045,63.080997551407314,19.874897848235186,3,3,3,1075,14,0.2474537037037037,20.369805255642593,1.0,ELECTRE-III,1
266,0432,1,0,"[35.46633441627608, -79.12374587393326]","[np.float64(34.96653568748317), np.float64(-81.95412306879736)]",2026-06-13 15:36:20,337.53254742901896,1,4.7795663966012985,263.0501136937897,20.758448910785045,63.080997551407314,19.874897848235186,3,3,3,1075,14,0.2474537037037037,20.369805255642593,1.0,ELECTRE-III,1
267,0171,0,0,"[34.867419033619754, -79.29461671639947]","[np.float64(34.89600267667592), np.float64(-82.3344915581176)]",2026-06-13 15:36:30,40.91519342496955,1,7.374456609192537,277.296318970226,21.779792838328056,62.83890149627621,9.63133618437211,4,4,3,1105,2,0.24756944444444445,8.145919517705444,0.05767844268204758,ELECTRE-III,1
268,0366,1,0,"[34.867419033619754, -79.29461671639947]","[np.float64(36.98439248990215), np.float64(-76.73374625290286)]",2026-06-13 15:36:30,830.9545088778011,1,3.2096800654880937,329.4910715220838,25.397011650984094,66.18312603845453,23.62397808592991,4,4,3,645,14,0.24756944444444445,21.148283641485463,1.0,ELECTRE-III,1
269,0432,1,0,"[34.867419033619754, -79.29461671639947]","[np.float64(34.96653568748317), np.float64(-81.95412306879736)]",2026-06-13 15:36:30,337.53254742901896,1,4.7795663966012985,242.73160709936673,19.277660151706083,63.11339996882985,16.874897848235186,3,3,3,1075,14,0.24756944444444445,15.637050626012964,1.0,ELECTRE-III,1
269,0432,1,0,"[34.867419033619754, -79.29461671639947]","[np.float64(34.96653568748317), np.float64(-81.95412306879736)]",2026-06-13 15:36:30,337.53254742901896,1,4.7795663966012985,242.73160709936673,19.277660151706083,63.11339996882985,16.874897848235186,3,3,3,1075,14,0.24756944444444445,15.637050626012964,1.0,ELECTRE-III,1
270,0171,0,0,"[34.26837729246378, -79.46362974741143]","[np.float64(34.89600267667592), np.float64(-82.3344915581176)]",2026-06-13 15:36:40,40.91519342496955,1,7.374456609192537,271.918901873118,21.395940297310112,62.87142685710381,9.63133618437211,4,4,3,1105,2,0.24768518518518517,10.869762110298035,0.05767844268204758,ELECTRE-III,1
271,0366,1,0,"[34.26837729246378, -79.46362974741143]","[np.float64(36.98439248990215), np.float64(-76.73374625290286)]",2026-06-13 15:36:40,830.9545088778011,1,3.2096800654880937,389.94083235489177,29.33051732736783,66.21224996507547,18.62397808592991,4,4,3,645,14,0.24768518518518517,18.62397808592991,1.0,ELECTRE-III,1
272,0432,1,0,"[34.26837729246378, -79.46362974741143]","[np.float64(34.96653568748317), np.float64(-81.95412306879736)]",2026-06-13 15:36:40,337.53254742901896,1,4.7795663966012985,240.75424444981493,19.13207613750227,63.14579555606323,19.874897848235186,3,3,3,1075,14,0.24768518518518517,19.379527477864816,1.0,ELECTRE-III,1
272,0432,1,0,"[34.26837729246378, -79.46362974741143]","[np.float64(34.96653568748317), np.float64(-81.95412306879736)]",2026-06-13 15:36:40,337.53254742901896,1,4.7795663966012985,240.75424444981493,19.13207613750227,63.14579555606323,19.874897848235186,3,3,3,1075,14,0.24768518518518517,19.379527477864816,1.0,ELECTRE-III,1
273,0171,0,0,"[33.66920919280817, -79.63083277829335]","[np.float64(34.89600267667592), np.float64(-82.3344915581176)]",2026-06-13 15:36:50,40.91519342496955,1,7.374456609192537,283.37966230006083,22.211570922037208,62.903938557553076,10.63133618437211,4,4,3,1105,2,0.24780092592592592,8.648928776964702,0.05767844268204758,ELECTRE-III,1
274,0432,1,0,"[33.66920919280817, -79.63083277829335]","[np.float64(34.96653568748317), np.float64(-81.95412306879736)]",2026-06-13 15:36:50,337.53254742901896,1,4.7795663966012985,257.54406897423684,20.35993854721326,63.17818431310742,14.874897848235186,3,3,3,1075,14,0.24780092592592592,14.131495070457408,1.0,ELECTRE-III,1
274,0432,1,0,"[33.66920919280817, -79.63083277829335]","[np.float64(34.96653568748317), np.float64(-81.95412306879736)]",2026-06-13 15:36:50,337.53254742901896,1,4.7795663966012985,257.54406897423684,20.35993854721326,63.17818431310742,14.874897848235186,3,3,3,1075,14,0.24780092592592592,14.131495070457408,1.0,ELECTRE-III,1
275,0171,0,0,"[33.069924979936665, -79.79629411093691]","[np.float64(34.89600267667592), np.float64(-82.3344915581176)]",2026-06-13 15:37:00,40.91519342496955,1,7.374456609192537,309.8162770659646,24.05699482346147,62.93644342781316,8.63133618437211,4,4,3,1105,2,0.24791666666666667,6.895919517705443,0.05767844268204758,ELECTRE-III,1
276,0422,0,0,"[33.069924979936665, -79.79629411093691]","[np.float64(29.7478931171751), np.float64(-80.98193319510803)]",2026-06-13 15:37:00,277.4708168091523,1,5.239523612905863,386.1405819574643,29.091498658562774,65.2511467262063,20.500357729387822,1,1,1,1032,5,0.24791666666666667,19.26077439605449,0.3193943763518385,ELECTRE-III,1
277,0432,1,0,"[33.069924979936665, -79.79629411093691]","[np.float64(34.96653568748317), np.float64(-81.95412306879736)]",2026-06-13 15:37:00,337.53254742901896,1,4.7795663966012985,289.85868934380295,22.668528684370802,63.21055940977328,13.874897848235186,3,3,3,1075,14,0.24791666666666667,16.106147848235185,1.0,ELECTRE-III,1
278,0171,0,0,"[32.47052806894386, -79.96008204723381]","[np.float64(34.89600267667592), np.float64(-82.3344915581176)]",2026-06-13 15:37:10,40.91519342496955,1,7.374456609192537,347.8312947445593,26.619929397068415,62.968941467884086,7.63133618437211,4,4,3,1105,2,0.2480324074074074,8.62346581400174,0.05767844268204758,ELECTRE-III,1
279,0422,0,0,"[32.47052806894386, -79.96008204723381]","[np.float64(29.7478931171751), np.float64(-80.98193319510803)]",2026-06-13 15:37:10,277.4708168091523,1,5.239523612905863,317.98433375361975,24.616810029907015,65.28687544575463,18.500357729387822,1,1,1,1032,5,0.2480324074074074,19.988552173832268,0.3193943763518385,ELECTRE-III,1
280,0432,1,0,"[32.47052806894386, -79.96008204723381]","[np.float64(34.96653568748317), np.float64(-81.95412306879736)]",2026-06-13 15:37:10,337.53254742901896,1,4.7795663966012985,333.2122006434419,25.64719208590852,63.24292767624998,19.874897848235186,3,3,3,1075,14,0.2480324074074074,18.634735811198148,1.0,ELECTRE-III,1
281,0171,0,0,"[31.871021874924327, -80.12225122869742]","[np.float64(34.89600267667592), np.float64(-82.3344915581176)]",2026-06-13 15:37:20,40.91519342496955,1,7.374456609192537,394.0894048493565,29.590170597443834,63.001432677765834,6.63133618437211,4,4,3,1105,2,0.24814814814814815,4.398002851038776,0.05767844268204758,ELECTRE-III,1
282,0422,0,0,"[31.871021874924327, -80.12225122869742]","[np.float64(29.7478931171751), np.float64(-80.98193319510803)]",2026-06-13 15:37:20,277.4708168091523,1,5.239523612905863,249.94713492117862,19.80670610936576,65.3225973351138,20.500357729387822,1,1,1,1032,5,0.24814814814814815,22.485542914573006,0.3193943763518385,ELECTRE-III,1
283,0432,1,0,"[31.871021874924327, -80.12225122869742]","[np.float64(34.96653568748317), np.float64(-81.95412306879736)]",2026-06-13 15:37:20,337.53254742901896,1,4.7795663966012985,383.88379118050204,28.94902906168119,63.27528911253749,16.874897848235186,3,3,3,1075,14,0.24814814814814815,15.634157107494445,1.0,ELECTRE-III,1
284,0422,0,0,"[31.271409812972664, -80.28286312703028]","[np.float64(29.7478931171751), np.float64(-80.98193319510803)]",2026-06-13 15:37:30,277.4708168091523,1,5.239523612905863,182.16316417653348,14.707389736253846,65.35831922447296,22.500357729387822,1,1,1,1032,5,0.2482638888888889,20.7625105071656,0.3193943763518385,ELECTRE-III,1
285,0422,0,0,"[30.67169529818345, -80.44197238374572]","[np.float64(29.7478931171751), np.float64(-80.98193319510803)]",2026-06-13 15:37:40,277.4708168091523,1,5.239523612905863,115.08247013627496,9.41538879880335,65.39403428364297,15.500357729387822,1,1,1,1032,5,0.24837962962962962,17.735774396054488,0.3193943763518385,ELECTRE-III,1
286,0427,0,0,"[30.67169529818345, -80.44197238374572]","[np.float64(27.32515845053345), np.float64(-80.26028845491872)]",2026-06-13 15:37:40,725.9821093405315,2,3.7031886038891164,372.53749204922076,28.226793951362573,66.3022103866337,7.751277491693099,1,1,1,1024,3,0.24837962962962962,9.986694158359764,0.13121845710165825,ELECTRE-III,1
287,0422,0,0,"[30.071885160745854, -80.59963364035713]","[np.float64(29.7478931171751), np.float64(-80.98193319510803)]",2026-06-13 15:37:50,277.4708168091523,1,5.239523612905863,51.53310392430979,4.246715380364476,65.42974934281295,13.500357729387822,1,1,1,1032,5,0.24849537037037037,13.748853099758193,0.3193943763518385,ELECTRE-III,1
288,0427,0,0,"[30.071885160745854, -80.59963364035713]","[np.float64(27.32515845053345), np.float64(-80.26028845491872)]",2026-06-13 15:37:50,725.9821093405315,2,3.7031886038891164,307.21003266412345,23.877331461252716,66.33911389871929,7.751277491693099,1,1,1,1024,3,0.24849537037037037,8.49676360280421,0.13121845710165825,ELECTRE-III,1
289,0422,0,0,"[29.471982815754465, -80.75588787799951]","[np.float64(29.7478931171751), np.float64(-80.98193319510803)]",2026-06-13 15:38:00,277.4708168091523,1,5.239523612905863,37.666874619401725,3.106682324572659,65.46546440198296,18.500357729387822,1,1,1,1032,5,0.24861111111111112,17.008691062721155,0.3193943763518385,ELECTRE-III,1
290,0427,0,0,"[29.471982815754465, -80.75588787799951]","[np.float64(27.32515845053345), np.float64(-80.26028845491872)]",2026-06-13 15:38:00,725.9821093405315,2,3.7031886038891164,243.58762837841385,19.340604970636804,66.37601741080486,10.751277491693099,1,1,1,1024,3,0.24861111111111112,11.24849971391532,0.13121845710165825,ELECTRE-III,1
291,0422,0,0,"[28.87198826320928, -80.9107965683754]","[np.float64(29.7478931171751), np.float64(-80.98193319510803)]",2026-06-13 15:38:10,277.4708168091523,1,5.239523612905863,97.64023088429883,8.008491812120978,65.50117263096378,15.500357729387822,1,1,1,1032,5,0.24872685185185187,13.013089210869303,0.3193943763518385,ELECTRE-III,1
292,0427,0,0,"[28.87198826320928, -80.9107965683754]","[np.float64(27.32515845053345), np.float64(-80.26028845491872)]",2026-06-13 15:38:10,725.9821093405315,2,3.7031886038891164,183.452848785908,14.806955979782785,66.41292092289045,12.751277491693099,1,1,1,1024,3,0.24872685185185187,14.492365454656062,0.13121845710165825,ELECTRE-III,1
293,0422,0,0,"[28.271908333299468, -81.06440752280899]","[np.float64(29.7478931171751), np.float64(-80.98193319510803)]",2026-06-13 15:38:20,277.4708168091523,1,5.239523612905863,164.3180735703719,13.320595350304282,65.53687402975544,20.500357729387822,1,1,1,1032,5,0.2488425925925926,20.25151513679523,0.3193943763518385,ELECTRE-III,1
294,0427,0,0,"[28.271908333299468, -81.06440752280899]","[np.float64(27.32515845053345), np.float64(-80.26028845491872)]",2026-06-13 15:38:20,725.9821093405315,2,3.7031886038891164,131.67515797041082,10.743237743902998,66.44982443497602,11.751277491693099,1,1,1,1024,3,0.2488425925925926,11.502434899100505,0.13121845710165825,ELECTRE-III,1
295,0422,0,0,"[27.67174814866691, -81.21675489224612]","[np.float64(29.7478931171751), np.float64(-80.98193319510803)]",2026-06-13 15:38:30,277.4708168091523,1,5.239523612905863,231.98998871812202,18.483726354247132,65.5725754285471,14.500357729387822,1,1,1,1032,5,0.24895833333333334,14.998274396054489,0.3193943763518385,ELECTRE-III,1
296,0427,0,0,"[27.67174814866691, -81.21675489224612]","[np.float64(27.32515845053345), np.float64(-80.26028845491872)]",2026-06-13 15:38:30,725.9821093405315,2,3.7031886038891164,101.90670191818343,8.353592619331588,66.48672111687243,14.751277491693099,1,1,1,1024,3,0.24895833333333334,12.510652491693099,0.13121845710165825,ELECTRE-III,1
297,0422,0,0,"[27.071506001764313, -81.36789331820016]","[np.float64(29.7478931171751), np.float64(-80.98193319510803)]",2026-06-13 15:38:40,277.4708168091523,1,5.239523612905863,299.9847582524807,23.376641201014387,65.60826999714958,16.500357729387822,1,1,1,1032,5,0.2490740740740741,14.009616988647082,0.3193943763518385,ELECTRE-III,1
298,0427,0,0,"[27.071506001764313, -81.36789331820016]","[np.float64(27.32515845053345), np.float64(-80.26028845491872)]",2026-06-13 15:38:40,725.9821093405315,2,3.7031886038891164,113.11467682782923,9.257205955329134,66.523624628958,11.751277491693099,1,1,1,1024,3,0.2490740740740741,11.25312934354495,0.13121845710165825,ELECTRE-III,1
299,0422,0,0,"[26.47119043032814, -81.5178706119953]","[np.float64(29.7478931171751), np.float64(-80.98193319510803)]",2026-06-13 15:38:50,277.4708168091523,1,5.239523612905863,368.12347723074123,27.943146409974467,65.64396456575207,13.500357729387822,1,1,1,1032,5,0.2491898148148148,13.001978099758192,0.3193943763518385,ELECTRE-III,1
300,0427,0,0,"[26.47119043032814, -81.5178706119953]","[np.float64(27.32515845053345), np.float64(-80.26028845491872)]",2026-06-13 15:38:50,725.9821093405315,2,3.7031886038891164,156.74295494697293,12.726969722563648,66.56052131085441,14.751277491693099,1,1,1,1024,3,0.2491898148148148,13.505328417619024,0.13121845710165825,ELECTRE-III,1
301,0427,0,0,"[25.870799726811093, -81.66671409438823]","[np.float64(27.32515845053345), np.float64(-80.26028845491872)]",2026-06-13 15:39:00,725.9821093405315,2,3.7031886038891164,213.78715184442316,17.121482939953736,66.59741799275083,13.751277491693099,1,1,1,1024,3,0.24930555555555556,11.756833047248655,0.13121845710165825,ELECTRE-III,1
302,0427,0,0,"[25.270340721402345, -81.81447840689228]","[np.float64(27.32515845053345), np.float64(-80.26028845491872)]",2026-06-13 15:39:10,725.9821093405315,2,3.7031886038891164,276.0524199904045,21.691181512265498,66.63431467464724,7.751277491693099,1,1,1,1024,3,0.2494212962962963,6.254749713915321,0.13121845710165825,ELECTRE-III,1
303,0427,0,0,"[24.669815121649194, -81.96119087026415]","[np.float64(27.32515845053345), np.float64(-80.26028845491872)]",2026-06-13 15:39:20,725.9821093405315,2,3.7031886038891164,340.6874452726674,26.146610799635447,66.67120452635447,8.751277491693099,1,1,1,1024,3,0.24953703703703703,9.49988860280421,0.13121845710165825,ELECTRE-III,1
304,0454,0,0,"[24.669815121649194, -81.96119087026415]","[np.float64(21.9617985715757), np.float64(-79.56607577016823)]",2026-06-13 15:39:20,403.47211027755793,1,6.263595148050509,387.905823513557,29.202663094092213,67.13877878636603,18.500357729387822,4,4,3,1223,14,0.24953703703703703,18.500357729387822,1.0,ELECTRE-III,1
305,0427,0,0,"[24.069224635098923, -82.10689929582803]","[np.float64(27.32515845053345), np.float64(-80.26028845491872)]",2026-06-13 15:39:30,725.9821093405315,2,3.7031886038891164,406.56394707419526,30.362924237680858,66.70810120825088,15.751277491693099,1,1,1,1024,3,0.24965277777777778,13.5044024916931,0.13121845710165825,ELECTRE-III,1
306,0454,0,0,"[24.069224635098923, -82.10689929582803]","[np.float64(21.9617985715757), np.float64(-79.56607577016823)]",2026-06-13 15:39:30,403.47211027755793,1,6.263595148050509,350.02746343242956,26.76465697066778,67.17703467590728,16.500357729387822,4,4,3,1223,14,0.24965277777777778,14.5031355071656,1.0,ELECTRE-III,1
307,0454,0,0,"[23.468572676846126, -82.25163783452977]","[np.float64(21.9617985715757), np.float64(-79.56607577016823)]",2026-06-13 15:39:40,403.47211027755793,1,6.263595148050509,322.3980754025869,24.917250214696875,67.21529056544853,14.500357729387822,4,4,3,1223,14,0.24976851851851853,13.751052173832267,1.0,ELECTRE-III,1
308,0454,0,0,"[22.86786095443809, -82.39544063731522]","[np.float64(21.9617985715757), np.float64(-79.56607577016823)]",2026-06-13 15:39:50,403.47211027755793,1,6.263595148050509,307.7893009835491,23.91730702663687,67.25354645498976,19.500357729387822,4,4,3,1223,14,0.24988425925925925,18.750704951610043,1.0,ELECTRE-III,1
309,0454,0,0,"[22.26709459051669, -82.53833502494106]","[np.float64(21.9617985715757), np.float64(-79.56607577016823)]",2026-06-13 15:40:00,403.47211027755793,1,6.263595148050509,308.05770012938007,23.935820990672198,67.291802344531,22.500357729387822,4,4,3,1223,14,0.25,21.000357729387822,1.0,ELECTRE-III,1
310,0454,0,0,"[21.666275292629226, -82.68036880873147]","[np.float64(21.9617985715757), np.float64(-79.56607577016823)]",2026-06-13 15:40:10,403.47211027755793,1,6.263595148050509,323.1666699723818,24.969419141557285,67.33005823407224,16.500357729387822,4,4,3,1223,14,0.2501157407407407,14.999663284943377,1.0,ELECTRE-III,1
311,0454,0,0,"[21.065403060775697, -82.82156930944315]","[np.float64(21.9617985715757), np.float64(-79.56607577016823)]",2026-06-13 15:40:20,403.47211027755793,1,6.263595148050509,351.20491207025594,26.842099425371828,67.36831412361349,18.500357729387822,4,4,3,1223,14,0.2502314814814815,20.502209581239676,1.0,ELECTRE-III,1
312,0454,0,0,"[20.464484725145265, -82.96196384783276]","[np.float64(21.9617985715757), np.float64(-79.56607577016823)]",2026-06-13 15:40:30,403.47211027755793,1,6.263595148050509,389.3882001698043,29.29582853478138,67.40657001315473,23.500357729387822,4,4,3,1223,14,0.2503472222222222,21.747927173832267,1.0,ELECTRE-III,1
313,0130,0,0,"[17.459233933738215, -83.65296725597378]","[np.float64(15.66681142700058), np.float64(-86.92981242009621)]",2026-06-13 15:41:20,633.8796153251394,1,2.55261426285107,402.0998982423012,30.087773713647042,59.31495418646734,12.754956540914197,3,3,3,914,2,0.25092592592592594,13.256808392766048,0.05767844268204758,ELECTRE-III,1
314,0130,0,0,"[16.858068003750372, -83.78917488840217]","[np.float64(15.66681142700058), np.float64(-86.92981242009621)]",2026-06-13 15:41:30,633.8796153251394,1,2.55261426285107,360.4606639793378,27.447173736047336,59.352800264658384,13.754956540914197,3,3,3,914,2,0.25104166666666666,15.512248207580864,0.05767844268204758,ELECTRE-III,1
315,0130,0,0,"[16.256869630363973, -83.92478146418361]","[np.float64(15.66681142700058), np.float64(-86.92981242009621)]",2026-06-13 15:41:40,633.8796153251394,1,2.55261426285107,327.88879022895196,25.28896544327443,59.39064634284942,11.754956540914197,3,3,3,914,2,0.2511574074074074,11.001484318691976,0.05767844268204758,ELECTRE-III,1
316,0130,0,0,"[15.655638813579014, -84.05981430407476]","[np.float64(15.66681142700058), np.float64(-86.92981242009621)]",2026-06-13 15:41:50,633.8796153251394,1,2.55261426285107,307.2820504081289,23.882302783224258,59.42849242104047,10.754956540914197,3,3,3,914,2,0.25127314814814816,10.001137096469753,0.05767844268204758,ELECTRE-III,1
317,0130,0,0,"[15.054378968490084, -84.19429389864314]","[np.float64(15.66681142700058), np.float64(-86.92981242009621)]",2026-06-13 15:42:00,633.8796153251394,1,2.55261426285107,301.1085536361162,23.45476806650844,59.46633166904233,6.754956540914197,3,3,3,914,2,0.2513888888888889,5.498012096469752,0.05767844268204758,ELECTRE-III,1
318,0130,0,0,"[14.453091802644474, -84.3282543988346]","[np.float64(15.66681142700058), np.float64(-86.92981242009621)]",2026-06-13 15:42:10,633.8796153251394,1,2.55261426285107,310.23098816912363,24.085537015076387,59.504170917044206,4.754956540914197,3,3,3,914,2,0.2515046296296296,5.760975059432715,0.05767844268204758,ELECTRE-III,1
319,0130,0,0,"[13.85177816981583, -84.46170946502748]","[np.float64(15.66681142700058), np.float64(-86.92981242009621)]",2026-06-13 15:42:20,633.8796153251394,1,2.55261426285107,333.397875478327,25.659648112401445,59.54200333485691,4.754956540914197,3,3,3,914,2,0.2516203703703704,6.26467876313642,0.05767844268204758,ELECTRE-III,1
320,0130,0,0,"[13.250440631325091, -84.59469324816763]","[np.float64(15.66681142700058), np.float64(-86.92981242009621)]",2026-06-13 15:42:30,633.8796153251394,1,2.55261426285107,367.96580242471606,27.93298640574448,59.57983575266961,4.754956540914197,3,3,3,914,2,0.2517361111111111,5.761900985358642,0.05767844268204758,ELECTRE-III,1
321,0010,0,0,"[12.64908089471955, -84.72722623882255]","[np.float64(9.278166332601291), np.float64(-84.83392999348334)]",2026-06-13 15:42:40,599.3030986900742,1,2.0134742508659316,375.01002056734535,28.385025140423846,58.79896754561873,17.62765713515101,4,4,3,891,5,0.2518518518518518,15.360990468484346,0.3193943763518385,ELECTRE-III,1
322,0010,0,0,"[12.047700667546499, -84.85932892755977]","[np.float64(9.278166332601291), np.float64(-84.83392999348334)]",2026-06-13 15:42:50,599.3030986900742,1,2.0134742508659316,307.9711062306923,23.92984839107921,58.83451185005948,15.627657135151011,4,4,3,891,5,0.2519675925925926,14.871754357373234,0.3193943763518385,ELECTRE-III,1
323,0010,0,0,"[11.446300803579584, -84.99102863513596]","[np.float64(9.278166332601291), np.float64(-84.83392999348334)]",2026-06-13 15:43:00,599.3030986900742,1,2.0134742508659316,241.69743204669197,19.201550797243176,58.870049324311054,18.62765713515101,4,4,3,891,5,0.2520833333333333,20.644323801817677,0.3193943763518385,ELECTRE-III,1
324,0010,0,0,"[10.84488471791339, -85.12233902192945]","[np.float64(9.278166332601291), np.float64(-84.83392999348334)]",2026-06-13 15:43:10,599.3030986900742,1,2.0134742508659316,177.04973946092795,14.311732931479144,58.90557313818429,17.62765713515101,4,4,3,891,5,0.25219907407407405,19.645249727743604,0.3193943763518385,ELECTRE-III,1
325,0010,0,0,"[10.243452410547917, -85.2532942388861]","[np.float64(9.278166332601291), np.float64(-84.83392999348334)]",2026-06-13 15:43:20,599.3030986900742,1,2.0134742508659316,116.75930491127458,9.550068572464884,58.941090121868356,16.62765713515101,4,4,3,891,5,0.2523148148148148,15.366083061076937,0.3193943763518385,ELECTRE-III,1
326,0010,0,0,"[9.642006442804105, -85.38390794638426]","[np.float64(9.278166332601291), np.float64(-84.83392999348334)]",2026-06-13 15:43:30,599.3030986900742,1,2.0134742508659316,72.63371896885894,5.974797918817679,58.97659344517408,13.627657135151011,4,4,3,891,5,0.25243055555555555,12.617934912928789,0.3193943763518385,ELECTRE-III,1
327,0010,0,0,"[9.040548522229244, -85.51420063499143]","[np.float64(9.278166332601291), np.float64(-84.83392999348334)]",2026-06-13 15:43:40,599.3030986900742,1,2.0134742508659316,79.2145891490666,6.511676913840315,59.012089938290636,13.627657135151011,4,4,3,891,5,0.25254629629629627,12.870018246262124,0.3193943763518385,ELECTRE-III,1
328,0010,0,0,"[8.439079502596982, -85.64419962546428]","[np.float64(9.278166332601291), np.float64(-84.83392999348334)]",2026-06-13 15:43:50,599.3030986900742,1,2.0134742508659316,128.95855499968044,10.526597349174171,59.047579601218025,20.62765713515101,4,4,3,891,5,0.25266203703703705,22.901615468484344,0.3193943763518385,ELECTRE-III,1
329,0010,0,0,"[7.837601945228258, -85.77391857818115]","[np.float64(9.278166332601291), np.float64(-84.83392999348334)]",2026-06-13 15:44:00,599.3030986900742,1,2.0134742508659316,190.63356361337796,15.359637518134384,59.08305560376707,11.627657135151011,4,4,3,891,5,0.25277777777777777,13.902657135151012,0.3193943763518385,ELECTRE-III,1
330,0010,0,0,"[7.236116703896718, -85.90338481389875]","[np.float64(9.278166332601291), np.float64(-84.83392999348334)]",2026-06-13 15:44:10,599.3030986900742,1,2.0134742508659316,255.74829199518723,20.22951750058156,59.118517945937775,17.62765713515101,4,4,3,891,5,0.25289351851851855,15.857402505521382,0.3193943763518385,ELECTRE-III,1
331,0010,0,0,"[6.634625913036476, -86.03261882318456]","[np.float64(9.278166332601291), np.float64(-84.83392999348334)]",2026-06-13 15:44:20,599.3030986900742,1,2.0134742508659316,322.22342183030054,24.90538931375345,59.153973457919314,16.62765713515101,4,4,3,891,5,0.25300925925925927,14.09756454255842,0.3193943763518385,ELECTRE-III,1
332,0010,0,0,"[6.033130426421181, -86.16163426641693]","[np.float64(9.278166332601291), np.float64(-84.83392999348334)]",2026-06-13 15:44:30,599.3030986900742,1,2.0134742508659316,389.3619725463902,29.294181637326503,59.18942213971168,15.627657135151011,4,4,3,891,5,0.253125,13.096407135151011,0.3193943763518385,ELECTRE-III,1
333,0263,0,0,"[43.0365301866301, -101.45914747879196]","[np.float64(40.33709396384561), np.float64(-104.2016485672987)]",2026-06-13 17:13:00,155.87932703640388,1,3.1390346628492587,376.72976718647163,28.494803904236942,62.259161869714696,10.12949665976156,1,1,1,1486,5,0.3145833333333333,7.298246659761561,0.3193943763518385,ELECTRE-III,1
334,0263,0,0,"[42.43976972865692, -101.66090443668497]","[np.float64(40.33709396384561), np.float64(-104.2016485672987)]",2026-06-13 17:13:10,155.87932703640388,1,3.1390346628492587,315.5501627659726,24.45049676719851,62.28660556979981,16.12949665976156,1,1,1,1486,5,0.31469907407407405,14.241302215317116,0.3193943763518385,ELECTRE-III,1
335,0263,0,0,"[41.84279411972488, -101.85963562077566]","[np.float64(40.33709396384561), np.float64(-104.2016485672987)]",2026-06-13 17:13:20,155.87932703640388,1,3.1390346628492587,257.96360354939105,20.390376218011586,62.31403560950658,16.12949665976156,1,1,1,1486,5,0.3148148148148148,12.981348511613412,0.3193943763518385,ELECTRE-III,1
336,0333,0,0,"[41.84279411972488, -101.85963562077566]","[np.float64(39.80394266104254), np.float64(-105.3320988949999)]",2026-06-13 17:13:20,888.6050453254903,2,3.1172633748303724,369.77208410783464,28.049262315907004,61.81715300776649,14.754956540914197,1,1,1,614,9,0.3148148148148148,13.180882466840123,0.635183850036049,ELECTRE-III,1
337,0263,0,0,"[41.24561360511774, -102.05546397446909]","[np.float64(40.33709396384561), np.float64(-104.2016485672987)]",2026-06-13 17:13:30,155.87932703640388,1,3.1390346628492587,206.99245337081533,16.607738515489224,62.34144515864584,10.12949665976156,1,1,1,1486,5,0.31493055555555555,10.759357770872672,0.3193943763518385,ELECTRE-III,1
338,0333,0,0,"[41.24561360511774, -102.05546397446909]","[np.float64(39.80394266104254), np.float64(-105.3320988949999)]",2026-06-13 17:13:30,888.6050453254903,2,3.1172633748303724,319.9638276314285,24.751732508435655,61.84542999093035,16.754956540914197,1,1,1,614,9,0.31493055555555555,19.5893315409142,0.635183850036049,ELECTRE-III,1
339,0263,0,0,"[40.64823843011926, -102.24850561098117]","[np.float64(40.33709396384561), np.float64(-104.2016485672987)]",2026-06-13 17:13:40,155.87932703640388,1,3.1390346628492587,168.74380708863484,13.666084286858611,62.36884104740676,14.12949665976156,1,1,1,1486,5,0.31504629629629627,15.389681844946745,0.3193943763518385,ELECTRE-III,1
340,0333,0,0,"[40.64823843011926, -102.24850561098117]","[np.float64(39.80394266104254), np.float64(-105.3320988949999)]",2026-06-13 17:13:40,888.6050453254903,2,3.1172633748303724,278.09510721197364,21.83663826165428,61.873700143905026,16.754956540914197,1,1,1,614,9,0.31504629629629627,14.86467876313642,0.635183850036049,ELECTRE-III,1
341,0263,0,0,"[40.050672009824005, -102.43884932277108]","[np.float64(40.33709396384561), np.float64(-104.2016485672987)]",2026-06-13 17:13:50,155.87932703640388,1,3.1390346628492587,153.0755922841862,12.438566657098814,62.396223275789346,10.12949665976156,1,1,1,1486,5,0.31516203703703705,10.444658696798598,0.3193943763518385,ELECTRE-III,1
342,0333,0,0,"[40.050672009824005, -102.43884932277108]","[np.float64(39.80394266104254), np.float64(-105.3320988949999)]",2026-06-13 17:13:50,888.6050453254903,2,3.1172633748303724,248.21968778922266,19.68036503545787,61.9019498063122,10.754956540914197,1,1,1,614,9,0.31516203703703705,13.276252837210492,0.635183850036049,ELECTRE-III,1
343,0263,0,0,"[39.45292800461034, -102.62661122305472]","[np.float64(40.33709396384561), np.float64(-104.2016485672987)]",2026-06-13 17:14:00,155.87932703640388,1,3.1390346628492587,166.4905175259938,13.490309191141199,62.423585013604416,9.12949665976156,1,1,1,1486,5,0.31527777777777777,6.922552215317117,0.3193943763518385,ELECTRE-III,1
344,0333,0,0,"[39.45292800461034, -102.62661122305472]","[np.float64(39.80394266104254), np.float64(-105.3320988949999)]",2026-06-13 17:14:00,888.6050453254903,2,3.1172633748303724,234.95836216456996,18.70387552976596,61.93018580834104,12.754956540914197,1,1,1,614,9,0.31527777777777777,12.754956540914197,0.635183850036049,ELECTRE-III,1
345,0263,0,0,"[38.85500982957284, -102.81188010429132]","[np.float64(40.33709396384561), np.float64(-104.2016485672987)]",2026-06-13 17:14:10,155.87932703640388,1,3.1390346628492587,203.31295621786242,16.328376234539043,62.45093309104114,11.12949665976156,1,1,1,1486,5,0.31539351851851855,13.968038326428228,0.3193943763518385,ELECTRE-III,1
346,0333,0,0,"[38.85500982957284, -102.81188010429132]","[np.float64(39.80394266104254), np.float64(-105.3320988949999)]",2026-06-13 17:14:10,888.6050453254903,2,3.1172633748303724,241.0709430217051,19.15541050332161,61.95840814999153,18.754956540914197,1,1,1,614,9,0.31539351851851855,17.80877598535864,0.635183850036049,ELECTRE-III,1
347,0263,0,0,"[38.25692431490067, -102.99475841931842]","[np.float64(40.33709396384561), np.float64(-104.2016485672987)]",2026-06-13 17:14:20,155.87932703640388,1,3.1390346628492587,253.54242416237867,20.069013100198404,62.47826067791037,12.12949665976156,1,1,1,1486,5,0.31550925925925927,10.551950363465265,0.3193943763518385,ELECTRE-III,1
348,0333,0,0,"[38.25692431490067, -102.99475841931842]","[np.float64(39.80394266104254), np.float64(-105.3320988949999)]",2026-06-13 17:14:20,888.6050453254903,2,3.1172633748303724,265.2220290475032,20.915071731115052,61.98661683126368,16.754956540914197,1,1,1,614,9,0.31550925925925927,18.016993577951233,0.635183850036049,ELECTRE-III,1
349,0263,0,0,"[37.658674875688426, -103.17532813040604]","[np.float64(40.33709396384561), np.float64(-104.2016485672987)]",2026-06-13 17:14:30,155.87932703640388,1,3.1390346628492587,310.7456650661651,24.12094160997554,62.50557460440125,16.12949665976156,1,1,1,1486,5,0.315625,17.07637165976156,0.3193943763518385,ELECTRE-III,1
350,0333,0,0,"[37.658674875688426, -103.17532813040604]","[np.float64(39.80394266104254), np.float64(-105.3320988949999)]",2026-06-13 17:14:30,888.6050453254903,2,3.1172633748303724,303.13230424136964,23.59522736999847,62.01480502196832,18.754956540914197,1,1,1,614,9,0.315625,19.3862065409142,0.635183850036049,ELECTRE-III,1
351,0263,0,0,"[37.06027517231444, -103.35367119982425]","[np.float64(40.33709396384561), np.float64(-104.2016485672987)]",2026-06-13 17:14:40,155.87932703640388,1,3.1390346628492587,371.7171576466097,28.174192107836376,62.53287487051379,14.12949665976156,1,1,1,1486,5,0.31574074074074077,16.339681844946746,0.3193943763518385,ELECTRE-III,1
352,0333,0,0,"[37.06027517231444, -103.35367119982425]","[np.float64(39.80394266104254), np.float64(-105.3320988949999)]",2026-06-13 17:14:40,888.6050453254903,2,3.1172633748303724,350.3641856641336,26.78681446363149,62.0429863824838,17.754956540914197,1,1,1,614,9,0.31574074074074077,14.597549133506789,0.635183850036049,ELECTRE-III,1
353,0333,0,0,"[36.4617286198733, -103.52987642003224]","[np.float64(39.80394266104254), np.float64(-105.3320988949999)]",2026-06-13 17:14:50,888.6050453254903,2,3.1172633748303724,403.6593184120018,30.1840666580838,62.07114725243176,16.754956540914197,1,1,1,614,9,0.3158564814814815,16.754956540914197,0.635183850036049,ELECTRE-III,1
354,0214,0,0,"[35.264208628167886, -103.87617384114105]","[np.float64(32.26335503153177), np.float64(-102.2535479307044)]",2026-06-13 17:15:10,396.82651739244295,1,3.108426450142871,365.8262421704489,27.79493190154479,67.40606457915615,17.373058323624633,4,4,3,705,11,0.316087962962963,18.95349813843945,0.7274693583273252,ELECTRE-III,1
355,0214,0,0,"[34.66524884928196, -104.04640947601445]","[np.float64(32.26335503153177), np.float64(-102.2535479307044)]",2026-06-13 17:15:20,396.82651739244295,1,3.108426450142871,314.6108509634723,24.386201097849014,67.43963495892676,17.373058323624633,4,4,3,705,11,0.3162037037037037,15.475836101402411,0.7274693583273252,ELECTRE-III,1
356,0214,0,0,"[34.06616271189639, -104.21480095981194]","[np.float64(32.26335503153177), np.float64(-102.2535479307044)]",2026-06-13 17:15:30,396.82651739244295,1,3.108426450142871,271.1183230501453,21.33861941458958,67.47319167831903,21.373058323624633,4,4,3,705,11,0.31631944444444443,19.475141656957966,0.7274693583273252,ELECTRE-III,1
357,0214,0,0,"[33.466957046200335, -104.38140976423607]","[np.float64(32.26335503153177), np.float64(-102.2535479307044)]",2026-06-13 17:15:40,396.82651739244295,1,3.108426450142871,239.59168062985532,19.046361875198066,67.50674156752214,21.373058323624633,4,4,3,705,11,0.3164351851851852,21.05662313843945,0.7274693583273252,ELECTRE-III,1
358,0214,0,0,"[32.86763185219382, -104.5463041911785]","[np.float64(32.26335503153177), np.float64(-102.2535479307044)]",2026-06-13 17:15:50,396.82651739244295,1,3.108426450142871,225.11557538242897,17.971716468890534,67.54028462653606,14.373058323624633,4,4,3,705,11,0.31655092592592593,13.739956471772782,0.7274693583273252,ELECTRE-III,1
359,0214,0,0,"[32.26819737516057, -104.70953888215264]","[np.float64(32.26335503153177), np.float64(-102.2535479307044)]",2026-06-13 17:16:00,396.82651739244295,1,3.108426450142871,230.91874909271536,18.404138499438208,67.57381402517166,19.373058323624633,4,4,3,705,11,0.31666666666666665,21.906391656957965,0.7274693583273252,ELECTRE-III,1
360,0214,0,0,"[31.668653615100606, -104.87118213905016]","[np.float64(32.26335503153177), np.float64(-102.2535479307044)]",2026-06-13 17:16:10,396.82651739244295,1,3.108426450142871,255.624226910422,20.22049898102554,67.60733659361809,21.373058323624633,4,4,3,705,11,0.31678240740740743,20.73949350880982,0.7274693583273252,ELECTRE-III,1
361,0214,0,0,"[31.06900740220309, -105.0312749430061]","[np.float64(32.26335503153177), np.float64(-102.2535479307044)]",2026-06-13 17:16:20,396.82651739244295,1,3.108426450142871,294.51143025444253,22.994816722457823,67.64084550168617,19.373058323624633,4,4,3,705,11,0.31689814814814815,19.373058323624633,0.7274693583273252,ELECTRE-III,1
362,0214,0,0,"[30.469258736468028, -105.18989242610131]","[np.float64(32.26335503153177), np.float64(-102.2535479307044)]",2026-06-13 17:16:30,396.82651739244295,1,3.108426450142871,342.7887885784104,26.28623872098284,67.67435440975424,20.373058323624633,4,4,3,705,11,0.3170138888888889,17.202919434735744,0.7274693583273252,ELECTRE-III,1
363,0283,1,0,"[30.469258736468028, -105.18989242610131]","[np.float64(26.87769369263977), np.float64(-105.8612376757188)]",2026-06-13 17:16:30,603.807125989499,1,2.7072967064909133,404.6960937744483,30.247982719840486,65.53328135025201,9.380416422066835,3,3,3,1496,12,0.3170138888888889,10.331458088733502,0.8284066330209084,ELECTRE-III,1
364,0214,0,0,"[29.869414448084584, -105.34706873928164]","[np.float64(32.26335503153177), np.float64(-102.2535479307044)]",2026-06-13 17:16:40,396.82651739244295,1,3.108426450142871,397.0442121620717,29.77429710702008,67.70784965744399,17.373058323624633,4,4,3,705,11,0.31712962962962965,14.201762027328336,0.7274693583273252,ELECTRE-III,1
365,0283,1,0,"[29.869414448084584, -105.34706873928164]","[np.float64(26.87769369263977), np.float64(-105.8612376757188)]",2026-06-13 17:16:40,603.807125989499,1,2.7072967064909133,336.44501466024303,25.8636940431368,65.57039659820187,10.380416422066835,3,3,3,1496,12,0.31712962962962965,12.917453459103871,0.8284066330209084,ELECTRE-III,1
366,0283,1,0,"[29.269481367241927, -105.50286535424962]","[np.float64(26.87769369263977), np.float64(-105.8612376757188)]",2026-06-13 17:16:50,603.807125989499,1,2.7072967064909133,268.26856307397094,21.134215137033028,65.60750501596254,12.380416422066835,3,3,3,1496,12,0.31724537037037037,13.649397903548316,0.8284066330209084,ELECTRE-III,1
367,0283,1,0,"[28.66945949394006, -105.65733008232947]","[np.float64(26.87769369263977), np.float64(-105.8612376757188)]",2026-06-13 17:17:00,603.807125989499,1,2.7072967064909133,200.24286484680889,16.094669576558353,65.64461343372322,9.380416422066835,3,3,3,1496,12,0.3173611111111111,10.649860866511279,0.8284066330209084,ELECTRE-III,1
367,0283,1,0,"[28.66945949394006, -105.65733008232947]","[np.float64(26.87769369263977), np.float64(-105.8612376757188)]",2026-06-13 17:17:00,603.807125989499,1,2.7072967064909133,200.24286484680889,16.094669576558353,65.64461343372322,9.380416422066835,3,3,3,1496,12,0.3173611111111111,10.649860866511279,0.8284066330209084,ELECTRE-III,1
368,0075,0,0,"[28.06935053572628, -105.81051073484534]","[np.float64(27.09116414667865), np.float64(-109.4127318698908)]",2026-06-13 17:17:10,481.43675823274424,1,2.1213887702306735,371.3006189399701,28.147462806330218,62.51239796338209,19.62765713515101,4,4,3,819,13,0.31747685185185187,18.992703431447307,0.9149242970439798,ELECTRE-III,1
369,0283,1,0,"[28.06935053572628, -105.81051073484534]","[np.float64(26.87769369263977), np.float64(-105.8612376757188)]",2026-06-13 17:17:10,603.807125989499,1,2.7072967064909133,132.60084620686257,10.816987792703879,65.6817218514839,14.380416422066835,3,3,3,1496,12,0.31747685185185187,17.237708088733502,0.8284066330209084,ELECTRE-III,1
369,0283,1,0,"[28.06935053572628, -105.81051073484534]","[np.float64(26.87769369263977), np.float64(-105.8612376757188)]",2026-06-13 17:17:10,603.807125989499,1,2.7072967064909133,132.60084620686257,10.816987792703879,65.6817218514839,14.380416422066835,3,3,3,1496,12,0.31747685185185187,17.237708088733502,0.8284066330209084,ELECTRE-III,1
370,0075,0,0,"[27.46916132278975, -105.96244829293228]","[np.float64(27.09116414667865), np.float64(-109.4127318698908)]",2026-06-13 17:17:20,481.43675823274424,1,2.1213887702306735,343.55186294325284,26.33685973772592,62.54946540000775,19.62765713515101,4,4,3,819,13,0.3175925925925926,18.992471949965825,0.9149242970439798,ELECTRE-III,1
371,0283,1,0,"[27.46916132278975, -105.96244829293228]","[np.float64(26.87769369263977), np.float64(-105.8612376757188)]",2026-06-13 17:17:20,603.807125989499,1,2.7072967064909133,66.52598427186219,5.475572175186381,65.71883026924458,7.380416422066835,3,3,3,1496,12,0.3175925925925926,10.238749755400168,0.8284066330209084,ELECTRE-III,1
371,0283,1,0,"[27.46916132278975, -105.96244829293228]","[np.float64(26.87769369263977), np.float64(-105.8612376757188)]",2026-06-13 17:17:20,603.807125989499,1,2.7072967064909133,66.52598427186219,5.475572175186381,65.71883026924458,7.380416422066835,3,3,3,1496,12,0.3175925925925926,10.238749755400168,0.8284066330209084,ELECTRE-III,1
372,0075,0,0,"[26.868893562677762, -106.11319056791446]","[np.float64(27.09116414667865), np.float64(-109.4127318698908)]",2026-06-13 17:17:30,481.43675823274424,1,2.1213887702306735,327.88505396105984,25.288713271020697,62.58653283663341,19.62765713515101,4,4,3,819,13,0.3177083333333333,19.62765713515101,0.9149242970439798,ELECTRE-III,1
373,0283,1,0,"[26.868893562677762, -106.11319056791446]","[np.float64(26.87769369263977), np.float64(-105.8612376757188)]",2026-06-13 17:17:30,603.807125989499,1,2.7072967064909133,25.009582629515563,2.0638670244349826,65.75593868700525,10.380416422066835,3,3,3,1496,12,0.3177083333333333,7.521041422066835,0.8284066330209084,ELECTRE-III,1
373,0283,1,0,"[26.868893562677762, -106.11319056791446]","[np.float64(26.87769369263977), np.float64(-105.8612376757188)]",2026-06-13 17:17:30,603.807125989499,1,2.7072967064909133,25.009582629515563,2.0638670244349826,65.75593868700525,10.380416422066835,3,3,3,1496,12,0.3177083333333333,7.521041422066835,0.8284066330209084,ELECTRE-III,1
374,0075,0,0,"[26.268550670484906, -106.2627785409269]","[np.float64(27.09116414667865), np.float64(-109.4127318698908)]",2026-06-13 17:17:40,481.43675823274424,1,2.1213887702306735,326.0479349377902,25.164593468354738,62.623607103448236,17.62765713515101,4,4,3,819,13,0.3178240740740741,19.85242565366953,0.9149242970439798,ELECTRE-III,1
375,0283,1,0,"[26.268550670484906, -106.2627785409269]","[np.float64(26.87769369263977), np.float64(-105.8612376757188)]",2026-06-13 17:17:40,603.807125989499,1,2.7072967064909133,78.62859595124277,6.463915702690637,65.79304710476593,6.380416422066835,3,3,3,1496,12,0.3178240740740741,8.28736086651128,0.8284066330209084,ELECTRE-III,1
375,0283,1,0,"[26.268550670484906, -106.2627785409269]","[np.float64(26.87769369263977), np.float64(-105.8612376757188)]",2026-06-13 17:17:40,603.807125989499,1,2.7072967064909133,78.62859595124277,6.463915702690637,65.79304710476593,6.380416422066835,3,3,3,1496,12,0.3178240740740741,8.28736086651128,0.8284066330209084,ELECTRE-III,1
376,0075,0,0,"[25.668136061305766, -106.41125319310464]","[np.float64(27.09116414667865), np.float64(-109.4127318698908)]",2026-06-13 17:17:50,481.43675823274424,1,2.1213887702306735,338.2670727515595,25.985369377565227,62.6606745400739,13.627657135151011,4,4,3,819,13,0.3179398148148148,12.355897875891753,0.9149242970439798,ELECTRE-III,1
377,0283,1,0,"[25.668136061305766, -106.41125319310464]","[np.float64(26.87769369263977), np.float64(-105.8612376757188)]",2026-06-13 17:17:50,603.807125989499,1,2.7072967064909133,145.24719384243073,11.820806541062572,65.83015552252661,8.380416422066835,3,3,3,1496,12,0.3179398148148148,6.790717347992761,0.8284066330209084,ELECTRE-III,1
377,0283,1,0,"[25.668136061305766, -106.41125319310464]","[np.float64(26.87769369263977), np.float64(-105.8612376757188)]",2026-06-13 17:17:50,603.807125989499,1,2.7072967064909133,145.24719384243073,11.820806541062572,65.83015552252661,8.380416422066835,3,3,3,1496,12,0.3179398148148148,6.790717347992761,0.8284066330209084,ELECTRE-III,1
378,0075,0,0,"[25.067653150234925, -106.55865550558269]","[np.float64(27.09116414667865), np.float64(-109.4127318698908)]",2026-06-13 17:18:00,481.43675823274424,1,2.1213887702306735,363.12716996731524,27.62027356815491,62.69774197669956,15.627657135151011,4,4,3,819,13,0.31805555555555554,12.447101579595456,0.9149242970439798,ELECTRE-III,1
379,0283,1,0,"[25.067653150234925, -106.55865550558269]","[np.float64(26.87769369263977), np.float64(-105.8612376757188)]",2026-06-13 17:18:00,603.807125989499,1,2.7072967064909133,212.99866591924078,17.062009474444924,65.86725711009812,5.380416422066835,3,3,3,1496,12,0.31805555555555554,5.380416422066835,0.8284066330209084,ELECTRE-III,1
380,0075,0,0,"[24.467105352366968, -106.70502645949607]","[np.float64(27.09116414667865), np.float64(-109.4127318698908)]",2026-06-13 17:18:10,481.43675823274424,1,2.1213887702306735,398.26874740065904,29.85040536374031,62.734809413325216,16.62765713515101,4,4,3,819,13,0.3181712962962963,18.854856209225087,0.9149242970439798,ELECTRE-III,1
381,0283,1,0,"[24.467105352366968, -106.70502645949607]","[np.float64(26.87769369263977), np.float64(-105.8612376757188)]",2026-06-13 17:18:10,603.807125989499,1,2.7072967064909133,281.06506096959913,22.047597160744132,65.9043655278588,9.380416422066835,3,3,3,1496,12,0.3181712962962963,11.289444199844613,0.8284066330209084,ELECTRE-III,1
382,0283,1,0,"[23.8664926677019, -106.85040703597979]","[np.float64(26.87769369263977), np.float64(-105.8612376757188)]",2026-06-13 17:18:20,603.807125989499,1,2.7072967064909133,349.2627426082398,26.71430356723125,65.94146711543031,11.380416422066835,3,3,3,1496,12,0.31828703703703703,13.290138644289058,0.8284066330209084,ELECTRE-III,1
383,0018,0,0,"[58.97563038850111, 37.58919819145106]","[np.float64(61.88599621454934), np.float64(34.29573543686479)]",2026-06-13 18:30:50,581.8397235079647,1,6.199325471308922,370.55199375523927,28.09938995003067,3.557543729675692,15.500357729387822,2,2,2,1107,9,0.36863425925925924,14.763089210869303,0.635183850036049,ELECTRE-III,1
384,0018,0,0,"[59.55998039275238, 37.2167855420507]","[np.float64(61.88599621454934), np.float64(34.29573543686479)]",2026-06-13 18:31:00,581.8397235079647,1,6.199325471308922,303.4553884734332,23.617623407601936,3.5446568702591703,12.500357729387822,2,2,2,1107,9,0.36875,15.819107729387822,0.635183850036049,ELECTRE-III,1
385,0018,0,0,"[60.1434766233574, 36.8326966842642]","[np.float64(61.88599621454934), np.float64(34.29573543686479)]",2026-06-13 18:31:10,581.8397235079647,1,6.199325471308922,237.090423530481,18.861647414324135,3.531781323343462,17.500357729387822,2,2,2,1107,9,0.36886574074074074,16.3937605071656,0.635183850036049,ELECTRE-III,1
386,0018,0,0,"[60.72605760861364, 36.43624518407998]","[np.float64(61.88599621454934), np.float64(34.29573543686479)]",2026-06-13 18:31:20,581.8397235079647,1,6.199325471308922,172.30522658572787,13.943369211165034,3.5189166620417427,12.500357729387822,2,2,2,1107,9,0.36898148148148147,11.024431803461896,0.635183850036049,ELECTRE-III,1
387,0018,0,0,"[61.3076755371969, 36.02669338106767]","[np.float64(61.88599621454934), np.float64(34.29573543686479)]",2026-06-13 18:31:30,581.8397235079647,1,6.199325471308922,111.87615765440785,9.157573268777838,3.5060628863540133,12.500357729387822,2,2,2,1107,9,0.36909722222222224,13.238552173832266,0.635183850036049,ELECTRE-III,1
388,0018,0,0,"[61.888255277026325, 35.60324897328356]","[np.float64(61.88599621454934), np.float64(34.29573543686479)]",2026-06-13 18:31:40,581.8397235079647,1,6.199325471308922,68.50810289126206,5.637679028314002,3.4932202097236855,18.500357729387822,2,2,2,1107,9,0.36921296296296297,21.454061433091525,0.635183850036049,ELECTRE-III,1
389,0018,0,0,"[62.46774901677772, 35.16505135689223]","[np.float64(61.88599621454934), np.float64(34.29573543686479)]",2026-06-13 18:31:50,581.8397235079647,1,6.199325471308922,78.86611924592039,6.483276063244371,3.4803886321507584,19.500357729387822,2,2,2,1107,9,0.3693287037037037,22.45498735901745,0.635183850036049,ELECTRE-III,1
390,0018,0,0,"[63.04607479418104, 34.71117504126113]","[np.float64(61.88599621454934), np.float64(34.29573543686479)]",2026-06-13 18:32:00,581.8397235079647,1,6.199325471308922,130.74996240504134,10.669490934891787,3.4675679401918216,12.500357729387822,2,2,2,1107,9,0.36944444444444446,13.239246618276711,0.635183850036049,ELECTRE-III,1
391,0018,0,0,"[63.62315747715542, 34.24061940367685]","[np.float64(61.88599621454934), np.float64(34.29573543686479)]",2026-06-13 18:32:10,581.8397235079647,1,6.199325471308922,193.18414818716812,15.555252473627647,3.4547585607336972,19.500357729387822,2,2,2,1107,9,0.3695601851851852,22.456839210869305,0.635183850036049,ELECTRE-III,1
392,0018,0,0,"[64.19890827324164, 33.75229502896679]","[np.float64(61.88599621454934), np.float64(34.29573543686479)]",2026-06-13 18:32:20,581.8397235079647,1,6.199325471308922,258.6367583844965,20.43918919132458,3.4419600668895627,13.500357729387822,2,2,2,1107,9,0.3696759259259259,9.803598470128563,0.635183850036049,ELECTRE-III,1
393,0018,0,0,"[64.77324522016967, 33.24503395478287]","[np.float64(61.88599621454934), np.float64(34.29573543686479)]",2026-06-13 18:32:30,581.8397235079647,1,6.199325471308922,325.2910555037451,25.113383370616297,3.429172885546241,14.500357729387822,2,2,2,1107,9,0.3697916666666667,15.979524396054488,0.635183850036049,ELECTRE-III,1
394,0018,0,0,"[65.3460590349128, 32.717552105561126]","[np.float64(61.88599621454934), np.float64(34.29573543686479)]",2026-06-13 18:32:40,581.8397235079647,1,6.199325471308922,392.53420150177413,29.49298838908992,3.4163965898169093,13.500357729387822,2,2,2,1107,9,0.3699074074074074,10.171191062721157,0.635183850036049,ELECTRE-III,1
395,0284,0,0,"[50.57011272793828, -123.2769095370229]","[np.float64(47.46773403328909), np.float64(-121.9569001150466)]",2026-06-13 18:49:40,913.2134481822776,2,5.910568034408606,358.131328171419,27.295515787253375,61.174671263489245,19.998518204777273,2,2,2,760,13,0.381712962962963,22.28879598255505,0.9149242970439798,ELECTRE-III,1
396,0284,0,0,"[49.9770166664548, -123.53002268728524]","[np.float64(47.46773403328909), np.float64(-121.9569001150466)]",2026-06-13 18:49:50,913.2134481822776,2,5.910568034408606,301.9238621727332,23.511390972872878,61.19263466100638,15.998518204777273,2,2,2,760,13,0.3818287037037037,14.089374686258754,0.9149242970439798,ELECTRE-III,1
397,0284,0,0,"[49.38354835966157, -123.77797221453504]","[np.float64(47.46773403328909), np.float64(-121.9569001150466)]",2026-06-13 18:50:00,913.2134481822776,2,5.910568034408606,251.85053903137495,19.945684194368972,61.21057073776683,16.998518204777273,2,2,2,760,13,0.3819444444444444,14.324907093666162,0.9149242970439798,ELECTRE-III,1
398,0284,0,0,"[48.78972488303149, -124.02100400558243]","[np.float64(47.46773403328909), np.float64(-121.9569001150466)]",2026-06-13 18:50:10,913.2134481822776,2,5.910568034408606,212.29873384171736,17.00918362549895,61.22847949377061,14.998518204777273,2,2,2,760,13,0.3820601851851852,13.852337649221717,0.9149242970439798,ELECTRE-III,1
399,0284,0,0,"[48.19556672713208, -124.25932296610252]","[np.float64(47.46773403328909), np.float64(-121.9569001150466)]",2026-06-13 18:50:20,913.2134481822776,2,5.910568034408606,189.95897895822392,15.307839198398288,61.24636775920687,20.998518204777273,2,2,2,760,13,0.3821759259259259,19.469814501073568,0.9149242970439798,ELECTRE-III,1
400,0362,0,0,"[48.19556672713208, -124.25932296610252]","[np.float64(44.92658566264259), np.float64(-123.0066149884628)]",2026-06-13 18:50:20,32.47646731331068,1,7.783773259233384,375.8862637245078,28.440987948727283,62.654445407550845,19.747598442471997,1,1,1,1465,12,0.3821759259259259,19.365422516546072,0.8284066330209084,ELECTRE-III,1
401,0284,0,0,"[47.60108072215251, -124.49312034139206]","[np.float64(47.46773403328909), np.float64(-121.9569001150466)]",2026-06-13 18:50:30,913.2134481822776,2,5.910568034408606,190.96966497109818,15.385435635629216,61.26422187369728,23.998518204777273,2,2,2,760,13,0.38229166666666664,27.056851538110607,0.9149242970439798,ELECTRE-III,1
402,0362,0,0,"[47.60108072215251, -124.49312034139206]","[np.float64(44.92658566264259), np.float64(-123.0066149884628)]",2026-06-13 18:50:30,32.47646731331068,1,7.783773259233384,318.57334996635706,24.656987946223502,62.67504525808761,18.747598442471997,1,1,1,1465,12,0.38229166666666664,14.92468177580533,0.8284066330209084,ELECTRE-III,1
403,0284,0,0,"[47.00629077375488, -124.72260103712614]","[np.float64(47.46773403328909), np.float64(-121.9569001150466)]",2026-06-13 18:50:40,913.2134481822776,2,5.910568034408606,215.00320504563783,17.213132157447877,61.282055497620185,20.998518204777273,2,2,2,760,13,0.3824074074074074,23.675370056629124,0.9149242970439798,ELECTRE-III,1
404,0362,0,0,"[47.00629077375488, -124.72260103712614]","[np.float64(44.92658566264259), np.float64(-123.0066149884628)]",2026-06-13 18:50:40,32.47646731331068,1,7.783773259233384,266.5693368740335,21.01206578757103,62.695624618056854,23.747598442471997,1,1,1,1465,12,0.3824074074074074,22.600376220249775,0.8284066330209084,ELECTRE-III,1
405,0284,0,0,"[46.41120029703376, -124.94795629860154]","[np.float64(47.46773403328909), np.float64(-121.9569001150466)]",2026-06-13 18:50:50,913.2134481822776,2,5.910568034408606,255.64803025989872,20.222229371436324,61.29985497059724,14.998518204777273,2,2,2,760,13,0.38252314814814814,11.938333019592088,0.9149242970439798,ELECTRE-III,1
406,0362,0,0,"[46.41120029703376, -124.94795629860154]","[np.float64(44.92658566264259), np.float64(-123.0066149884628)]",2026-06-13 18:50:50,32.47646731331068,1,7.783773259233384,223.60920492814336,17.859120460333312,62.71616982708025,24.747598442471997,1,1,1,1465,12,0.38252314814814814,23.600028998027554,0.8284066330209084,ELECTRE-III,1
407,0284,0,0,"[45.81582978255667, -125.16933638997999]","[np.float64(47.46773403328909), np.float64(-121.9569001150466)]",2026-06-13 18:51:00,913.2134481822776,2,5.910568034408606,306.36155314207184,23.81873291411494,61.31763395300678,19.998518204777273,2,2,2,760,13,0.38263888888888886,21.529073760332828,0.9149242970439798,ELECTRE-III,1
408,0362,0,0,"[45.81582978255667, -125.16933638997999]","[np.float64(44.92658566264259), np.float64(-123.0066149884628)]",2026-06-13 18:51:00,32.47646731331068,1,7.783773259233384,195.7414523738942,15.751010208072808,62.73669454553614,21.747598442471997,1,1,1,1465,12,0.38263888888888886,18.686487331360887,0.8284066330209084,ELECTRE-III,1
409,0284,0,0,"[45.22018947560737, -125.38690523580158]","[np.float64(47.46773403328909), np.float64(-121.9569001150466)]",2026-06-13 18:51:10,913.2134481822776,2,5.910568034408606,362.94756138358906,27.60863116397551,61.33538561465964,16.998518204777273,2,2,2,760,13,0.38275462962962964,13.170971908480977,0.9149242970439798,ELECTRE-III,1
410,0362,0,0,"[45.22018947560737, -125.38690523580158]","[np.float64(44.92658566264259), np.float64(-123.0066149884628)]",2026-06-13 18:51:10,32.47646731331068,1,7.783773259233384,189.73701801430244,15.290790205328806,62.75719194323535,24.747598442471997,1,1,1,1465,12,0.38275462962962964,21.30280677580533,0.8284066330209084,ELECTRE-III,1
411,0362,0,0,"[44.62428962146961, -125.60082676060638]","[np.float64(44.92658566264259), np.float64(-123.0066149884628)]",2026-06-13 18:51:20,32.47646731331068,1,7.783773259233384,207.50350618435888,16.646475851440776,62.77766885036705,19.747598442471997,1,1,1,1465,12,0.38287037037037036,20.89620955358311,0.8284066330209084,ELECTRE-III,1
412,0362,0,0,"[44.02813705033255, -125.81125122855613]","[np.float64(44.92658566264259), np.float64(-123.0066149884628)]",2026-06-13 18:51:30,32.47646731331068,1,7.783773259233384,243.90123465575556,19.363652881933653,62.798111606552894,24.747598442471997,1,1,1,1465,12,0.38298611111111114,25.89655677580533,0.8284066330209084,ELECTRE-III,1
413,0362,0,0,"[43.43174883766913, -126.0183015830559]","[np.float64(44.92658566264259), np.float64(-123.0066149884628)]",2026-06-13 18:51:40,32.47646731331068,1,7.783773259233384,292.0443996135252,22.8220033160224,62.81853387217123,20.747598442471997,1,1,1,1465,12,0.38310185185185186,24.195515109138665,0.8284066330209084,ELECTRE-III,1
414,0362,0,0,"[42.83513522876311, -126.22212808826743]","[np.float64(44.92658566264259), np.float64(-123.0066149884628)]",2026-06-13 18:51:50,32.47646731331068,1,7.783773259233384,347.0801915336503,26.570347343145905,62.838928817032894,21.747598442471997,1,1,1,1465,12,0.3832175925925926,22.897251220249775,0.8284066330209084,ELECTRE-III,1
415,0362,0,0,"[42.23829963870905, -126.42285368759575]","[np.float64(44.92658566264259), np.float64(-123.0066149884628)]",2026-06-13 18:52:00,32.47646731331068,1,7.783773259233384,406.21701292193836,30.341595439612654,62.85929644113787,23.747598442471997,1,1,1,1465,12,0.38333333333333336,25.664265109138665,0.8284066330209084,ELECTRE-III,1
416,0396,1,0,"[50.955246604667785, 138.11224433883066]","[np.float64(48.54539894304915), np.float64(135.0391574110673)]",2026-06-14 01:24:40,621.5150588271346,1,5.078571474012108,347.1412990956157,26.574382799534828,58.465073748042656,17.249437967082546,1,1,1,674,13,0.6560185185185186,14.625363893008473,0.9149242970439798,ELECTRE-III,1
417,0396,1,0,"[50.36239984508902, 137.85566145246997]","[np.float64(48.54539894304915), np.float64(135.0391574110673)]",2026-06-14 01:24:50,621.5150588271346,1,5.078571474012108,286.7852242776032,22.45213631754925,58.48464224001474,25.249437967082546,1,1,1,674,13,0.6561342592592593,22.62490093004551,0.9149242970439798,ELECTRE-III,1
418,0396,1,0,"[49.76916717982215, 137.6043787929052]","[np.float64(48.54539894304915), np.float64(135.0391574110673)]",2026-06-14 01:25:00,621.5150588271346,1,5.078571474012108,230.8790704466546,18.40118915491776,58.504190241419316,16.249437967082546,1,1,1,674,13,0.65625,21.499437967082546,0.9149242970439798,ELECTRE-III,1
419,0396,1,0,"[49.175572514529264, 137.35817779408293]","[np.float64(48.54539894304915), np.float64(135.0391574110673)]",2026-06-14 01:25:10,621.5150588271346,1,5.078571474012108,183.53913458419046,14.81361416033856,58.52371775225639,18.249437967082546,1,1,1,674,13,0.6563657407407407,13.654877781897362,0.9149242970439798,ELECTRE-III,1
419,0396,1,0,"[49.175572514529264, 137.35817779408293]","[np.float64(48.54539894304915), np.float64(135.0391574110673)]",2026-06-14 01:25:10,621.5150588271346,1,5.078571474012108,183.53913458419046,14.81361416033856,58.52371775225639,18.249437967082546,1,1,1,674,13,0.6563657407407407,13.654877781897362,0.9149242970439798,ELECTRE-III,1
420,0396,1,0,"[48.581626094494126, 137.11682622957136]","[np.float64(48.54539894304915), np.float64(135.0391574110673)]",2026-06-14 01:25:20,621.5150588271346,1,5.078571474012108,152.93927162347876,12.427833888831016,58.543217942336774,17.249437967082546,1,1,1,674,13,0.6564814814814814,11.341104633749213,0.9149242970439798,ELECTRE-III,1
420,0396,1,0,"[48.581626094494126, 137.11682622957136]","[np.float64(48.54539894304915), np.float64(135.0391574110673)]",2026-06-14 01:25:20,621.5150588271346,1,5.078571474012108,152.93927162347876,12.427833888831016,58.543217942336774,17.249437967082546,1,1,1,674,13,0.6564814814814814,11.341104633749213,0.9149242970439798,ELECTRE-III,1
421,0396,1,0,"[47.98734841028424, 136.88010553331705]","[np.float64(48.54539894304915), np.float64(135.0391574110673)]",2026-06-14 01:25:30,621.5150588271346,1,5.078571474012108,149.72353452970916,12.174397574611985,58.562697641849645,16.249437967082546,1,1,1,674,13,0.6565972222222223,18.875826855971436,0.9149242970439798,ELECTRE-III,1
421,0396,1,0,"[47.98734841028424, 136.88010553331705]","[np.float64(48.54539894304915), np.float64(135.0391574110673)]",2026-06-14 01:25:30,621.5150588271346,1,5.078571474012108,149.72353452970916,12.174397574611985,58.562697641849645,16.249437967082546,1,1,1,674,13,0.6565972222222223,18.875826855971436,0.9149242970439798,ELECTRE-III,1
422,0396,1,0,"[47.39275312227795, 136.6478381204016]","[np.float64(48.54539894304915), np.float64(135.0391574110673)]",2026-06-14 01:25:40,621.5150588271346,1,5.078571474012108,175.40757625760673,14.184370518944391,58.582156850795016,20.249437967082546,1,1,1,674,13,0.656712962962963,26.159854633749212,0.9149242970439798,ELECTRE-III,1
422,0396,1,0,"[47.39275312227795, 136.6478381204016]","[np.float64(48.54539894304915), np.float64(135.0391574110673)]",2026-06-14 01:25:40,621.5150588271346,1,5.078571474012108,175.40757625760673,14.184370518944391,58.582156850795016,20.249437967082546,1,1,1,674,13,0.656712962962963,26.159854633749212,0.9149242970439798,ELECTRE-III,1
423,0396,1,0,"[46.797853890853595, 136.4198190851499]","[np.float64(48.54539894304915), np.float64(135.0391574110673)]",2026-06-14 01:25:50,621.5150588271346,1,5.078571474012108,220.09714551329714,17.5960526838917,58.60159556917287,25.249437967082546,1,1,1,674,13,0.6568287037037037,19.337979633749214,0.9149242970439798,ELECTRE-III,1
423,0396,1,0,"[46.797853890853595, 136.4198190851499]","[np.float64(48.54539894304915), np.float64(135.0391574110673)]",2026-06-14 01:25:50,621.5150588271346,1,5.078571474012108,220.09714551329714,17.5960526838917,58.60159556917287,25.249437967082546,1,1,1,674,13,0.6568287037037037,19.337979633749214,0.9149242970439798,ELECTRE-III,1
424,0396,1,0,"[46.202664376389514, 136.19588450302186]","[np.float64(48.54539894304915), np.float64(135.0391574110673)]",2026-06-14 01:26:00,621.5150588271346,1,5.078571474012108,274.6684581954357,21.592464289953316,58.62101379698322,18.249437967082546,1,1,1,674,13,0.6569444444444444,18.90638241152699,0.9149242970439798,ELECTRE-III,1
425,0396,1,0,"[45.60719482416946, 135.97585678909905]","[np.float64(48.54539894304915), np.float64(135.0391574110673)]",2026-06-14 01:26:10,621.5150588271346,1,5.078571474012108,334.31787275723127,25.721327896791735,58.640411534226054,19.249437967082546,1,1,1,674,13,0.6570601851851852,15.307076855971435,0.9149242970439798,ELECTRE-III,1
426,0396,1,0,"[45.01145889457178, 135.75958567921978]","[np.float64(48.54539894304915), np.float64(135.0391574110673)]",2026-06-14 01:26:20,621.5150588271346,1,5.078571474012108,396.76238279165636,29.756764230475387,58.65978195071221,20.249437967082546,1,1,1,674,13,0.6571759259259259,16.963558337452916,0.9149242970439798,ELECTRE-III,1
427,0064,0,0,"[37.845405417407406, 133.40807449138944]","[np.float64(34.90085176593495), np.float64(135.0445482737043)]",2026-06-14 01:28:20,602.795919876362,1,3.9550073755385924,358.6887521663817,27.331846270830244,66.92000099706136,21.00219725399837,1,1,1,1196,10,0.6585648148148148,15.07511392066504,0.6863734679163662,ELECTRE-III,1
428,0038,0,0,"[37.24704669516844, 133.22904157286507]","[np.float64(35.28555991126415), np.float64(130.0139427660055)]",2026-06-14 01:28:30,187.59863683427906,1,3.390349737887889,361.4250543173592,27.509841372523148,62.98141339330853,12.62397808592991,2,2,2,524,2,0.6586805555555556,13.282658641485465,0.05767844268204758,ELECTRE-III,1
429,0064,0,0,"[37.24704669516844, 133.22904157286507]","[np.float64(34.90085176593495), np.float64(135.0445482737043)]",2026-06-14 01:28:30,602.795919876362,1,3.9550073755385924,307.69194339253676,23.910590063871503,66.9511739804333,15.002197253998371,1,1,1,1196,10,0.6586805555555556,20.930322253998373,0.6863734679163662,ELECTRE-III,1
430,0189,0,0,"[37.24704669516844, 133.22904157286507]","[np.float64(34.20654701424958), np.float64(131.1176548214416)]",2026-06-14 01:28:30,570.7844643320799,1,7.817518813452769,388.0806978798018,29.213662547309358,64.18239287582855,19.63133618437211,2,2,2,828,14,0.6586805555555556,20.290016739927665,1.0,ELECTRE-III,1
431,007,0,0,"[36.648541123862316, 133.05218065449677]","[np.float64(33.37960566356249), np.float64(131.6024973648121)]",2026-06-14 01:28:40,134.8087201405482,1,5.42107821192337,386.70743841754177,29.127222134348326,64.84749620663688,11.878576897456284,3,3,3,577,8,0.6587962962962963,15.831354675234062,0.5508291276135544,ELECTRE-III,1
432,0038,0,0,"[36.648541123862316, 133.05218065449677]","[np.float64(35.28555991126415), np.float64(130.0139427660055)]",2026-06-14 01:28:40,187.59863683427906,1,3.390349737887889,312.5993553091846,24.248294518257573,63.01358358429929,17.62397808592991,2,2,2,524,2,0.6587962962962963,19.600366974818797,0.05767844268204758,ELECTRE-III,1
433,0064,0,0,"[36.648541123862316, 133.05218065449677]","[np.float64(34.90085176593495), np.float64(135.0445482737043)]",2026-06-14 01:28:40,602.795919876362,1,3.9550073755385924,264.6986400477744,20.877358518954274,66.98232647323772,19.00219725399837,1,1,1,1196,10,0.6587962962962963,22.95497503177615,0.6863734679163662,ELECTRE-III,1
434,0189,0,0,"[36.648541123862316, 133.05218065449677]","[np.float64(34.20654701424958), np.float64(131.1176548214416)]",2026-06-14 01:28:40,570.7844643320799,1,7.817518813452769,323.1777174398208,24.970168674453156,64.21515046308794,11.63133618437211,2,2,2,828,14,0.6587962962962963,16.901706554742482,1.0,ELECTRE-III,1
435,007,0,0,"[36.04989211858363, 132.87739611363614]","[np.float64(33.37960566356249), np.float64(131.6024973648121)]",2026-06-14 01:28:50,134.8087201405482,1,5.42107821192337,318.9604871728801,24.683381234079704,64.88077288827319,4.878576897456284,3,3,3,577,8,0.658912037037037,6.8553130085673954,0.5508291276135544,ELECTRE-III,1
436,0038,0,0,"[36.04989211858363, 132.87739611363614]","[np.float64(35.28555991126415), np.float64(130.0139427660055)]",2026-06-14 01:28:50,187.59863683427906,1,3.390349737887889,272.2646856382011,21.420684290718146,63.045753775290045,16.62397808592991,2,2,2,524,2,0.658912037037037,14.647241974818797,0.05767844268204758,ELECTRE-III,1
437,0064,0,0,"[36.04989211858363, 132.87739611363614]","[np.float64(34.90085176593495), np.float64(135.0445482737043)]",2026-06-14 01:28:50,602.795919876362,1,3.9550073755385924,234.16035278038942,18.64474719738043,67.01346530566381,14.002197253998371,1,1,1,1196,10,0.658912037037037,15.320021328072446,0.6863734679163662,ELECTRE-III,1
438,0189,0,0,"[36.04989211858363, 132.87739611363614]","[np.float64(34.20654701424958), np.float64(131.1176548214416)]",2026-06-14 01:28:50,570.7844643320799,1,7.817518813452769,260.03525442816016,20.540500293337928,64.24790122015814,18.63133618437211,2,2,2,828,14,0.658912037037037,15.995688036223962,1.0,ELECTRE-III,1
439,0257,1,0,"[36.04989211858363, 132.87739611363614]","[np.float64(34.73662381879044), np.float64(128.8013889108951)]",2026-06-14 01:28:50,400.55138354062314,1,2.816806423562703,397.24087393472684,29.786527990057966,62.26783620996061,17.62765713515101,3,3,3,1395,13,0.658912037037037,17.62765713515101,0.9149242970439798,ELECTRE-III,1
440,007,0,0,"[35.45110309442695, 132.70463330876984]","[np.float64(33.37960566356249), np.float64(131.6024973648121)]",2026-06-14 01:29:00,134.8087201405482,1,5.42107821192337,251.54574927281945,19.923446202608616,64.91404273972032,7.878576897456284,3,3,3,577,8,0.6590277777777778,9.19663245301184,0.5508291276135544,ELECTRE-III,1
441,0038,0,0,"[35.45110309442695, 132.70463330876984]","[np.float64(35.28555991126415), np.float64(130.0139427660055)]",2026-06-14 01:29:00,187.59863683427906,1,3.390349737887889,244.66083941021887,19.419451613588524,63.07791030590247,9.62397808592991,2,2,2,524,2,0.6590277777777778,5.669811419263243,0.05767844268204758,ELECTRE-III,1
442,0064,0,0,"[35.45110309442695, 132.70463330876984]","[np.float64(34.90085176593495), np.float64(135.0445482737043)]",2026-06-14 01:29:00,602.795919876362,1,3.9550073755385924,221.29312424068328,17.685723101747605,67.04459047771157,18.00219725399837,1,1,1,1196,10,0.6590277777777778,22.615391698442814,0.6863734679163662,ELECTRE-III,1
443,0189,0,0,"[35.45110309442695, 132.70463330876984]","[np.float64(34.20654701424958), np.float64(131.1176548214416)]",2026-06-14 01:29:00,570.7844643320799,1,7.817518813452769,200.3278375911998,16.10114546121868,64.28064514703918,14.63133618437211,2,2,2,828,14,0.6590277777777778,13.972308406594331,1.0,ELECTRE-III,1
444,0197,0,0,"[35.45110309442695, 132.70463330876984]","[np.float64(33.27893894963736), np.float64(135.9399414540354)]",2026-06-14 01:29:00,785.068679504204,2,7.876900209739688,382.7406469413974,28.87671321948568,68.3642581574389,18.376737372845735,4,4,3,1295,11,0.6590277777777778,17.05868181729018,0.7274693583273252,ELECTRE-III,1
445,0257,1,0,"[35.45110309442695, 132.70463330876984]","[np.float64(34.73662381879044), np.float64(128.8013889108951)]",2026-06-14 01:29:00,400.55138354062314,1,2.816806423562703,363.87190644373794,27.668521704500517,62.30062794816585,14.62765713515101,3,3,3,1395,13,0.6590277777777778,8.69640713515101,0.9149242970439798,ELECTRE-III,1
446,007,0,0,"[34.852180881581454, 132.53381027762782]","[np.float64(33.37960566356249), np.float64(131.6024973648121)]",2026-06-14 01:29:10,134.8087201405482,1,5.42107821192337,184.8280424779946,14.913023005175257,64.9472989307891,4.878576897456284,3,3,3,577,8,0.6591435185185185,0.9237157863451735,0.5508291276135544,ELECTRE-III,1
447,0038,0,0,"[34.852180881581454, 132.53381027762782]","[np.float64(35.28555991126415), np.float64(130.0139427660055)]",2026-06-14 01:29:10,187.59863683427906,1,3.390349737887889,234.3315960449201,18.657438905172903,63.110053176136546,16.62397808592991,2,2,2,524,2,0.6591435185185185,13.328260493337318,0.05767844268204758,ELECTRE-III,1
448,0064,0,0,"[34.852180881581454, 132.53381027762782]","[np.float64(34.90085176593495), np.float64(135.0445482737043)]",2026-06-14 01:29:10,602.795919876362,1,3.9550073755385924,229.09478631971618,18.268457683030565,67.07570198938097,22.00219725399837,1,1,1,1196,10,0.6591435185185185,22.66134077251689,0.6863734679163662,ELECTRE-III,1
449,0189,0,0,"[34.852180881581454, 132.53381027762782]","[np.float64(34.20654701424958), np.float64(131.1176548214416)]",2026-06-14 01:29:10,570.7844643320799,1,7.817518813452769,148.2663407289264,12.059394213008762,64.31338224373106,16.63133618437211,2,2,2,828,14,0.6591435185185185,15.97219266585359,1.0,ELECTRE-III,1
450,0197,0,0,"[34.852180881581454, 132.53381027762782]","[np.float64(33.27893894963736), np.float64(135.9399414540354)]",2026-06-14 01:29:10,785.068679504204,2,7.876900209739688,359.1921475123859,27.36463495202383,68.39655129183471,20.376737372845735,4,4,3,1295,11,0.6591435185185185,17.081019780253143,0.7274693583273252,ELECTRE-III,1
451,0257,1,0,"[34.852180881581454, 132.53381027762782]","[np.float64(34.73662381879044), np.float64(128.8013889108951)]",2026-06-14 01:29:10,400.55138354062314,1,2.816806423562703,341.0445312505065,26.170361716162148,62.33341285618191,16.62765713515101,3,3,3,1395,13,0.6591435185185185,10.695365468484345,0.9149242970439798,ELECTRE-III,1
452,007,0,0,"[34.25313231023632, 132.36484505794004]","[np.float64(33.37960566356249), np.float64(131.6024973648121)]",2026-06-14 01:29:20,134.8087201405482,1,5.42107821192337,119.97719270185134,9.808223137522104,64.9805551218579,12.878576897456284,3,3,3,577,8,0.6592592592592592,10.241539860419248,0.5508291276135544,ELECTRE-III,1
453,0038,0,0,"[34.25313231023632, 132.36484505794004]","[np.float64(35.28555991126415), np.float64(130.0139427660055)]",2026-06-14 01:29:20,187.59863683427906,1,3.390349737887889,243.48588447248937,19.33312609222074,63.14219604637063,17.62397808592991,2,2,2,524,2,0.6592592592592592,18.94249660444843,0.05767844268204758,ELECTRE-III,1
454,0064,0,0,"[34.25313231023632, 132.36484505794004]","[np.float64(34.90085176593495), np.float64(135.0445482737043)]",2026-06-14 01:29:20,602.795919876362,1,3.9550073755385924,255.68115659395806,20.224637434456863,67.10679984067204,13.002197253998371,1,1,1,1196,10,0.6592592592592592,14.97997503177615,0.6863734679163662,ELECTRE-III,1
455,0189,0,0,"[34.25313231023632, 132.36484505794004]","[np.float64(34.20654701424958), np.float64(131.1176548214416)]",2026-06-14 01:29:20,570.7844643320799,1,7.817518813452769,114.77632678062291,9.390788637582212,64.34610568004459,11.63133618437211,2,2,2,828,14,0.6592592592592592,11.63133618437211,1.0,ELECTRE-III,1
456,0197,0,0,"[34.25313231023632, 132.36484505794004]","[np.float64(33.27893894963736), np.float64(135.9399414540354)]",2026-06-14 01:29:20,785.068679504204,2,7.876900209739688,347.75130400805864,26.614651068422486,68.4288307658522,15.376737372845735,4,4,3,1295,11,0.6592592592592592,20.65081144691981,0.7274693583273252,ELECTRE-III,1
457,0257,1,0,"[34.25313231023632, 132.36484505794004]","[np.float64(34.73662381879044), np.float64(128.8013889108951)]",2026-06-14 01:29:20,400.55138354062314,1,2.816806423562703,330.94756959544384,25.495059739011438,62.3661909340088,13.62765713515101,3,3,3,1395,13,0.6592592592592592,9.012842320336194,0.9149242970439798,ELECTRE-III,1
457,0257,1,0,"[34.25313231023632, 132.36484505794004]","[np.float64(34.73662381879044), np.float64(128.8013889108951)]",2026-06-14 01:29:20,400.55138354062314,1,2.816806423562703,330.94756959544384,25.495059739011438,62.3661909340088,13.62765713515101,3,3,3,1395,13,0.6592592592592592,9.012842320336194,0.9149242970439798,ELECTRE-III,1
458,007,0,0,"[33.653960795486114, 132.19768300819317]","[np.float64(33.37960566356249), np.float64(131.6024973648121)]",2026-06-14 01:29:30,134.8087201405482,1,5.42107821192337,63.04907142722106,5.191003135491703,65.01379765254835,6.878576897456284,3,3,3,577,8,0.659375,6.878576897456284,0.5508291276135544,ELECTRE-III,1
459,0038,0,0,"[33.653960795486114, 132.19768300819317]","[np.float64(35.28555991126415), np.float64(130.0139427660055)]",2026-06-14 01:29:30,187.59863683427906,1,3.390349737887889,270.15256076603725,21.269411844418542,63.17432525622637,15.62397808592991,2,2,2,524,2,0.659375,15.62397808592991,0.05767844268204758,ELECTRE-III,1
460,0064,0,0,"[33.653960795486114, 132.19768300819317]","[np.float64(34.90085176593495), np.float64(135.0445482737043)]",2026-06-14 01:29:30,602.795919876362,1,3.9550073755385924,296.0327020569187,23.101160672341447,67.13788403158476,16.00219725399837,1,1,1,1196,10,0.659375,19.958447253998372,0.6863734679163662,ELECTRE-III,1
461,0189,0,0,"[33.653960795486114, 132.19768300819317]","[np.float64(34.20654701424958), np.float64(131.1176548214416)]",2026-06-14 01:29:30,570.7844643320799,1,7.817518813452769,117.06459483007785,9.574577390681599,64.37882228616894,16.63133618437211,2,2,2,828,14,0.659375,14.65321118437211,1.0,ELECTRE-III,1
462,0197,0,0,"[33.653960795486114, 132.19768300819317]","[np.float64(33.27893894963736), np.float64(135.9399414540354)]",2026-06-14 01:29:30,785.068679504204,2,7.876900209739688,349.6073108645701,26.736997345828073,68.46109657949134,17.376737372845735,4,4,3,1295,11,0.659375,11.442362372845736,0.7274693583273252,ELECTRE-III,1
463,0257,1,0,"[33.653960795486114, 132.19768300819317]","[np.float64(34.73662381879044), np.float64(128.8013889108951)]",2026-06-14 01:29:30,400.55138354062314,1,2.816806423562703,334.73748778841184,25.749439114288254,62.39896218164652,15.62765713515101,3,3,3,1395,13,0.659375,18.26515713515101,0.9149242970439798,ELECTRE-III,1
464,007,0,0,"[33.05466975242544, 132.0322694868738]","[np.float64(33.37960566356249), np.float64(131.6024973648121)]",2026-06-14 01:29:40,134.8087201405482,1,5.42107821192337,53.887393931523796,4.439967666104334,65.04703335304963,11.878576897456284,3,3,3,577,8,0.6594907407407408,7.921632453011839,0.5508291276135544,ELECTRE-III,1
465,0038,0,0,"[33.05466975242544, 132.0322694868738]","[np.float64(35.28555991126415), np.float64(130.0139427660055)]",2026-06-14 01:29:40,187.59863683427906,1,3.390349737887889,309.8442778449369,24.058922356689177,63.206447635892935,15.62397808592991,2,2,2,524,2,0.6594907407407408,9.029070678522501,0.05767844268204758,ELECTRE-III,1
466,0064,0,0,"[33.05466975242544, 132.0322694868738]","[np.float64(34.90085176593495), np.float64(135.0445482737043)]",2026-06-14 01:29:40,602.795919876362,1,3.9550073755385924,345.3569161442349,26.45642766549026,67.16894773192999,22.00219725399837,1,1,1,1196,10,0.6594907407407408,17.385762068813186,0.6863734679163662,ELECTRE-III,1
467,0189,0,0,"[33.05466975242544, 132.0322694868738]","[np.float64(34.20654701424958), np.float64(131.1176548214416)]",2026-06-14 01:29:40,570.7844643320799,1,7.817518813452769,153.54193834218714,12.475276202260991,64.41153206210414,13.63133618437211,2,2,2,828,14,0.6594907407407408,18.907262110298035,1.0,ELECTRE-III,1
468,0197,0,0,"[33.05466975242544, 132.0322694868738]","[np.float64(33.27893894963736), np.float64(135.9399414540354)]",2026-06-14 01:29:40,785.068679504204,2,7.876900209739688,364.5558218947046,27.712792025150787,68.4933555629413,17.376737372845735,4,4,3,1295,11,0.6594907407407408,23.3121540395124,0.7274693583273252,ELECTRE-III,1
469,0257,1,0,"[33.05466975242544, 132.0322694868738]","[np.float64(34.73662381879044), np.float64(128.8013889108951)]",2026-06-14 01:29:40,400.55138354062314,1,2.816806423562703,351.96804490094235,26.89223524467389,62.43172659909507,9.62765713515101,3,3,3,1395,13,0.6594907407407408,10.946638616632491,0.9149242970439798,ELECTRE-III,1
470,007,0,0,"[32.45526601124347, 131.8685225317119]","[np.float64(33.37960566356249), np.float64(131.6024973648121)]",2026-06-14 01:29:50,134.8087201405482,1,5.42107821192337,105.7389461814994,8.663051442106202,65.08026222336174,5.878576897456284,3,3,3,577,8,0.6596064814814815,4.559363934493321,0.5508291276135544,ELECTRE-III,1
471,0038,0,0,"[32.45526601124347, 131.8685225317119]","[np.float64(35.28555991126415), np.float64(130.0139427660055)]",2026-06-14 01:29:50,187.59863683427906,1,3.390349737887889,358.2575083844514,27.30374175086096,63.23855635518117,17.62397808592991,2,2,2,524,2,0.6596064814814815,11.687519752596575,0.05767844268204758,ELECTRE-III,1
472,0064,0,0,"[32.45526601124347, 131.8685225317119]","[np.float64(34.90085176593495), np.float64(135.0445482737043)]",2026-06-14 01:29:50,602.795919876362,1,3.9550073755385924,400.3520513600269,29.979622247799522,67.20000460208604,17.00219725399837,1,1,1,1196,10,0.6596064814814815,15.682984291035408,0.6863734679163662,ELECTRE-III,1
473,0189,0,0,"[32.45526601124347, 131.8685225317119]","[np.float64(34.20654701424958), np.float64(131.1176548214416)]",2026-06-14 01:29:50,570.7844643320799,1,7.817518813452769,206.84950132042172,16.596900082320342,64.44423500785015,18.63133618437211,2,2,2,828,14,0.6596064814814815,16.652516739927666,1.0,ELECTRE-III,1
474,0197,0,0,"[32.45526601124347, 131.8685225317119]","[np.float64(33.27893894963736), np.float64(135.9399414540354)]",2026-06-14 01:29:50,785.068679504204,2,7.876900209739688,391.0997381026379,29.4031853988883,68.52559405582377,15.376737372845735,4,4,3,1295,11,0.6596064814814815,8.78067255803092,0.7274693583273252,ELECTRE-III,1
475,0257,1,0,"[32.45526601124347, 131.8685225317119]","[np.float64(34.73662381879044), np.float64(128.8013889108951)]",2026-06-14 01:29:50,400.55138354062314,1,2.816806423562703,380.81872063284584,28.754904036036486,62.464484186354454,17.62765713515101,3,3,3,1395,13,0.6596064814814815,17.62765713515101,0.9149242970439798,ELECTRE-III,1
476,007,0,0,"[31.85574957194018, 131.70638750119414]","[np.float64(33.37960566356249), np.float64(131.6024973648121)]",2026-06-14 01:30:00,134.8087201405482,1,5.42107821192337,169.72440897215017,13.742497678166739,65.1134842634847,11.878576897456284,3,3,3,577,8,0.6597222222222222,11.218854675234063,0.5508291276135544,ELECTRE-III,1
477,0189,0,0,"[31.85574957194018, 131.70638750119414]","[np.float64(34.20654701424958), np.float64(131.1176548214416)]",2026-06-14 01:30:00,570.7844643320799,1,7.817518813452769,267.094897960609,21.04986732538759,64.47692429321783,18.63133618437211,2,2,2,828,14,0.6597222222222222,15.99244729548322,1.0,ELECTRE-III,1
478,007,0,0,"[31.256130679799345, 131.54580975380713]","[np.float64(33.37960566356249), np.float64(131.6024973648121)]",2026-06-14 01:30:10,134.8087201405482,1,5.42107821192337,236.18004496485167,18.794315835982463,65.14669264322929,6.878576897456284,3,3,3,577,8,0.6598379629629629,1.5998731937525807,0.5508291276135544,ELECTRE-III,1
479,0189,0,0,"[31.256130679799345, 131.54580975380713]","[np.float64(34.20654701424958), np.float64(131.1176548214416)]",2026-06-14 01:30:10,570.7844643320799,1,7.817518813452769,330.5060378981046,25.465353710907387,64.50960674839635,11.63133618437211,2,2,2,828,14,0.6598379629629629,7.6723084065943326,1.0,ELECTRE-III,1
480,007,0,0,"[30.656412749915546, 131.38673464803753]","[np.float64(33.37960566356249), np.float64(131.6024973648121)]",2026-06-14 01:30:20,134.8087201405482,1,5.42107821192337,303.48789820484734,23.619876542212726,65.1799010229739,6.878576897456284,3,3,3,577,8,0.6599537037037037,3.578808378937766,0.5508291276135544,ELECTRE-III,1
481,0189,0,0,"[30.656412749915546, 131.38673464803753]","[np.float64(34.20654701424958), np.float64(131.1176548214416)]",2026-06-14 01:30:20,570.7844643320799,1,7.817518813452769,395.563859776134,29.68213442004503,64.54228237338569,11.63133618437211,2,2,2,828,14,0.6599537037037037,12.291289888075813,1.0,ELECTRE-III,1
482,007,0,0,"[30.05659578228878, 131.22912120275032]","[np.float64(33.37960566356249), np.float64(131.6024973648121)]",2026-06-14 01:30:30,134.8087201405482,1,5.42107821192337,371.18528488144386,28.140059456326107,65.21309574234016,6.878576897456284,3,3,3,577,8,0.6600694444444445,2.918160230789617,0.5508291276135544,ELECTRE-III,1
483,0137,0,0,"[11.4308543307716, 126.83834775518596]","[np.float64(8.393387796179182), np.float64(125.2863501989723)]",2026-06-14 01:35:40,960.471147736266,2,6.426106624002637,378.11110649512295,28.582815658537754,56.93622810988909,17.747598442471997,4,4,3,542,10,0.6636574074074074,21.72954288691644,0.6863734679163662,ELECTRE-III,1
484,0137,0,0,"[10.829433976237175, 126.70704419858164]","[np.float64(8.393387796179182), np.float64(125.2863501989723)]",2026-06-14 01:35:50,960.471147736266,2,6.426106624002637,312.4582202023378,24.23860714683699,56.971786074708184,26.747598442471997,4,4,3,542,10,0.6637731481481481,30.730237331360886,0.6863734679163662,ELECTRE-III,1
485,0137,0,0,"[10.22799740000347, 126.5761094721925]","[np.float64(8.393387796179182), np.float64(125.2863501989723)]",2026-06-14 01:36:00,960.471147736266,2,6.426106624002637,248.2809154912517,19.684846489696277,57.007333794243515,24.747598442471997,4,4,3,542,10,0.6638888888888889,30.058709553583107,0.6863734679163662,ELECTRE-III,1
486,0137,0,0,"[9.626547163391427, 126.44550259488352]","[np.float64(8.393387796179182), np.float64(125.2863501989723)]",2026-06-14 01:36:10,960.471147736266,2,6.426106624002637,187.10228964865982,15.088203391260015,57.04287468358967,24.747598442471997,4,4,3,542,10,0.6640046296296296,28.731626220249773,0.6863734679163662,ELECTRE-III,1
487,0137,0,0,"[9.025084973948335, 126.31520990627635]","[np.float64(8.393387796179182), np.float64(125.2863501989723)]",2026-06-14 01:36:20,960.471147736266,2,6.426106624002637,133.123839592068,10.858638924179491,57.078405327652085,23.747598442471997,4,4,3,542,10,0.6641203703703704,19.762876220249773,0.6863734679163662,ELECTRE-III,1
488,0137,0,0,"[8.423612539221487, 126.18521774599267]","[np.float64(8.393387796179182), np.float64(125.2863501989723)]",2026-06-14 01:36:30,960.471147736266,2,6.426106624002637,98.93233771589854,8.113069012877169,57.113925726430736,22.747598442471997,4,4,3,542,10,0.6642361111111111,26.068778998027554,0.6863734679163662,ELECTRE-III,1
489,0137,0,0,"[7.822130712984533, 126.05549879327579]","[np.float64(8.393387796179182), np.float64(125.2863501989723)]",2026-06-14 01:36:40,960.471147736266,2,6.426106624002637,105.84882278057411,8.671916705257166,57.149435879925626,22.747598442471997,4,4,3,542,10,0.6643518518518519,20.75454288691644,0.6863734679163662,ELECTRE-III,1
490,0137,0,0,"[7.2206420565584075, 125.92603938774737]","[np.float64(8.393387796179182), np.float64(125.2863501989723)]",2026-06-14 01:36:50,960.471147736266,2,6.426106624002637,148.22640319618887,12.056240904857711,57.18493920323136,25.747598442471997,4,4,3,542,10,0.6644675925925926,30.398871590620146,0.6863734679163662,ELECTRE-III,1
491,0137,0,0,"[6.619146996829935, 125.79682586902906]","[np.float64(8.393387796179182), np.float64(125.2863501989723)]",2026-06-14 01:37:00,960.471147736266,2,6.426106624002637,205.1556003670686,16.468377881597828,57.22042886615874,25.747598442471997,4,4,3,542,10,0.6645833333333333,26.41218177580533,0.6863734679163662,ELECTRE-III,1
492,0137,0,0,"[6.017647241346409, 125.66781725598587]","[np.float64(8.393387796179182), np.float64(125.2863501989723)]",2026-06-14 01:37:10,960.471147736266,2,6.426106624002637,267.5010183478766,21.07906482345763,57.25591169889696,26.747598442471997,4,4,3,542,10,0.664699074074074,25.41820029432385,0.6863734679163662,ELECTRE-III,1
493,0137,0,0,"[5.416145351428766, 125.53899988823942]","[np.float64(8.393387796179182), np.float64(125.2863501989723)]",2026-06-14 01:37:20,960.471147736266,2,6.426106624002637,332.22715042296505,25.58106633978761,57.291384286351416,26.747598442471997,4,4,3,542,10,0.6648148148148149,29.406857701731255,0.6863734679163662,ELECTRE-III,1
494,0137,0,0,"[4.814641753963832, 125.4103601054114]","[np.float64(8.393387796179182), np.float64(125.2863501989723)]",2026-06-14 01:37:30,960.471147736266,2,6.426106624002637,398.17456806055566,29.844555969531342,57.32685004361671,26.747598442471997,4,4,3,542,10,0.6649305555555556,30.072251220249775,0.6863734679163662,ELECTRE-III,1
495,0180,0,0,"[3.6116362665812543, 125.15351767186225]","[np.float64(0.6293316218054639), np.float64(123.1522794338821)]",2026-06-14 01:37:50,111.67312768393306,1,2.4573138103314838,399.26166224673386,29.912032712905063,51.243176644224256,23.62397808592991,4,4,3,770,9,0.665162037037037,27.61495030815213,0.635183850036049,ELECTRE-III,1
496,0180,0,0,"[3.0101371514279625, 125.02528770038442]","[np.float64(0.6293316218054639), np.float64(123.1522794338821)]",2026-06-14 01:38:00,111.67312768393306,1,2.4573138103314838,336.7642057349766,25.88502747115711,51.27593764657823,23.62397808592991,4,4,3,770,9,0.6652777777777777,20.962866974818798,0.635183850036049,ELECTRE-III,1
497,0180,0,0,"[2.408642732029725, 124.89715335155499]","[np.float64(0.6293316218054639), np.float64(123.1522794338821)]",2026-06-14 01:38:10,111.67312768393306,1,2.4573138103314838,277.055408147971,21.76263966695489,51.30868498855385,21.62397808592991,4,4,3,770,9,0.6653935185185185,18.962404011855835,0.635183850036049,ELECTRE-III,1
498,0180,0,0,"[1.807154289047011, 124.76908730461724]","[np.float64(0.6293316218054639), np.float64(123.1522794338821)]",2026-06-14 01:38:20,111.67312768393306,1,2.4573138103314838,222.39183808938586,17.76802213946839,51.341418670151135,25.62397808592991,4,4,3,770,9,0.6655092592592593,30.948052160003982,0.635183850036049,ELECTRE-III,1
499,0180,0,0,"[1.2056733165837017, 124.64108955957121]","[np.float64(0.6293316218054639), np.float64(123.1522794338821)]",2026-06-14 01:38:30,111.67312768393306,1,2.4573138103314838,177.4994783026246,14.346588518110064,51.374138691370085,24.62397808592991,4,4,3,770,9,0.665625,29.28335308592991,0.635183850036049,ELECTRE-III,1
500,0180,0,0,"[0.6042010953002667, 124.51313279566018]","[np.float64(0.6293316218054639), np.float64(123.1522794338821)]",2026-06-14 01:38:40,111.67312768393306,1,2.4573138103314838,151.3372356590144,12.30163651639603,51.40684505221069,23.62397808592991,4,4,3,770,9,0.6657407407407407,28.284163271115094,0.635183850036049,ELECTRE-III,1
501,0180,0,0,"[0.0027391195090275076, 124.38518969212751]","[np.float64(0.6293316218054639), np.float64(123.1522794338821)]",2026-06-14 01:38:50,111.67312768393306,1,2.4573138103314838,153.78020658075553,12.494028042184514,51.43953433757837,20.62397808592991,4,4,3,770,9,0.6658564814814815,17.960552160003985,0.635183850036049,ELECTRE-III,1
502,0180,0,0,"[-0.5987112240331631, 124.25726024897317]","[np.float64(0.6293316218054639), np.float64(123.1522794338821)]",2026-06-14 01:39:00,111.67312768393306,1,2.4573138103314838,183.6916196672697,14.825379559628566,51.4722133776623,19.62397808592991,4,4,3,770,9,0.6659722222222222,24.285783641485466,0.635183850036049,ELECTRE-III,1
503,0180,0,0,"[-1.200148440597102, 124.12930348506215]","[np.float64(0.6293316218054639), np.float64(123.1522794338821)]",2026-06-14 01:39:10,111.67312768393306,1,2.4573138103314838,230.6184025731925,18.381810998613954,51.504875342273294,26.62397808592991,4,4,3,770,9,0.6660879629629629,23.95962623407806,0.635183850036049,ELECTRE-III,1
504,0180,0,0,"[-1.8015710362873485, 124.00131940039445]","[np.float64(0.6293316218054639), np.float64(123.1522794338821)]",2026-06-14 01:39:20,111.67312768393306,1,2.4573138103314838,286.31326275849517,22.41884700302089,51.53752364650596,17.62397808592991,4,4,3,770,9,0.6662037037037037,19.62258919704102,0.635183850036049,ELECTRE-III,1
505,0180,0,0,"[-2.4029777304434337, 123.87326701383505]","[np.float64(0.6293316218054639), np.float64(123.1522794338821)]",2026-06-14 01:39:30,111.67312768393306,1,2.4573138103314838,346.5734601616365,26.53687257164753,51.57015487526569,24.62397808592991,4,4,3,770,9,0.6663194444444445,19.293422530374354,0.635183850036049,ELECTRE-III,1
506,0410,2,0,"[44.21417774294536, 110.78133799767303]","[np.float64(40.81262398931596), np.float64(109.8750581943191)]",2026-06-14 03:05:20,870.0809929725027,1,4.353229464941202,385.45378517028877,29.048183275016022,63.39778855530167,11.249437967082546,2,2,2,712,13,0.725925925925926,5.442030559675138,0.9149242970439798,ELECTRE-III,1
507,0410,2,0,"[43.61786124726823, 110.57324262423026]","[np.float64(40.81262398931596), np.float64(109.8750581943191)]",2026-06-14 03:05:30,870.0809929725027,1,4.353229464941202,317.18005155185676,24.561906690871034,63.42392085906614,14.249437967082546,2,2,2,712,13,0.7260416666666667,14.249437967082546,0.9149242970439798,ELECTRE-III,1
508,0410,2,0,"[43.02131252515932, 110.36841891139991]","[np.float64(40.81262398931596), np.float64(109.8750581943191)]",2026-06-14 03:05:40,870.0809929725027,1,4.353229464941202,248.9633375796357,19.73477819492651,63.4500326722631,17.249437967082546,2,2,2,712,13,0.7261574074074074,17.975595374489952,0.9149242970439798,ELECTRE-III,1
509,0410,2,0,"[42.42454182190237, 110.16674391577695]","[np.float64(40.81262398931596), np.float64(109.8750581943191)]",2026-06-14 03:05:50,870.0809929725027,1,4.353229464941202,180.8696069289775,14.60743319430285,63.47612399489255,16.249437967082546,2,2,2,712,13,0.7262731481481481,19.154530559675138,0.9149242970439798,ELECTRE-III,1
509,0410,2,0,"[42.42454182190237, 110.16674391577695]","[np.float64(40.81262398931596), np.float64(109.8750581943191)]",2026-06-14 03:05:50,870.0809929725027,1,4.353229464941202,180.8696069289775,14.60743319430285,63.47612399489255,16.249437967082546,2,2,2,712,13,0.7262731481481481,19.154530559675138,0.9149242970439798,ELECTRE-III,1
510,0410,2,0,"[41.82755596768658, 109.96808103357796]","[np.float64(40.81262398931596), np.float64(109.8750581943191)]",2026-06-14 03:06:00,870.0809929725027,1,4.353229464941202,113.1224788948476,9.25783341435812,63.50220165714366,17.249437967082546,2,2,2,712,13,0.7263888888888889,21.60777130041588,0.9149242970439798,ELECTRE-III,1
510,0410,2,0,"[41.82755596768658, 109.96808103357796]","[np.float64(40.81262398931596), np.float64(109.8750581943191)]",2026-06-14 03:06:00,870.0809929725027,1,4.353229464941202,113.1224788948476,9.25783341435812,63.50220165714366,17.249437967082546,2,2,2,712,13,0.7263888888888889,21.60777130041588,0.9149242970439798,ELECTRE-III,1
511,0346,0,0,"[41.23036862289027, 109.77232098177622]","[np.float64(39.09537393106385), np.float64(106.6765177722966)]",2026-06-14 03:06:10,805.0076485172597,2,5.899195774454,354.3074162409834,27.045648672617368,62.29075832481518,13.504036778608922,4,4,3,879,6,0.7265046296296296,14.957046037868182,0.3446286950252343,ELECTRE-III,1
512,0410,2,0,"[41.23036862289027, 109.77232098177622]","[np.float64(40.81262398931596), np.float64(109.8750581943191)]",2026-06-14 03:06:10,870.0809929725027,1,4.353229464941202,47.243978844882655,3.8943959397032333,63.52825199863809,11.249437967082546,2,2,2,712,13,0.7265046296296296,3.98439167078625,0.9149242970439798,ELECTRE-III,1
512,0410,2,0,"[41.23036862289027, 109.77232098177622]","[np.float64(40.81262398931596), np.float64(109.8750581943191)]",2026-06-14 03:06:10,870.0809929725027,1,4.353229464941202,47.243978844882655,3.8943959397032333,63.52825199863809,11.249437967082546,2,2,2,712,13,0.7265046296296296,3.98439167078625,0.9149242970439798,ELECTRE-III,1
513,0346,0,0,"[40.63298320260803, 109.57935447734502]","[np.float64(39.09537393106385), np.float64(106.6765177722966)]",2026-06-14 03:06:20,805.0076485172597,2,5.899195774454,300.995835064774,23.446935974245168,62.31957489292346,19.50403677860892,4,4,3,879,6,0.7266203703703704,20.23065714897929,0.3446286950252343,ELECTRE-III,1
514,0410,2,0,"[40.63298320260803, 109.57935447734502]","[np.float64(40.81262398931596), np.float64(109.8750581943191)]",2026-06-14 03:06:20,870.0809929725027,1,4.353229464941202,31.93725307213974,2.634841079435651,63.55428867975418,11.249437967082546,2,2,2,712,13,0.7266203703703704,5.436475004119583,0.9149242970439798,ELECTRE-III,1
514,0410,2,0,"[40.63298320260803, 109.57935447734502]","[np.float64(40.81262398931596), np.float64(109.8750581943191)]",2026-06-14 03:06:20,870.0809929725027,1,4.353229464941202,31.93725307213974,2.634841079435651,63.55428867975418,11.249437967082546,2,2,2,712,13,0.7266203703703704,5.436475004119583,0.9149242970439798,ELECTRE-III,1
515,0346,0,0,"[40.035409952123615, 109.38907223725764]","[np.float64(39.09537393106385), np.float64(106.6765177722966)]",2026-06-14 03:06:30,805.0076485172597,2,5.899195774454,254.91942071767997,20.169245481225104,62.3483778006534,19.50403677860892,4,4,3,879,6,0.7267361111111111,12.96341177860892,0.3446286950252343,ELECTRE-III,1
516,0410,2,0,"[40.035409952123615, 109.38907223725764]","[np.float64(40.81262398931596), np.float64(109.8750581943191)]",2026-06-14 03:06:30,870.0809929725027,1,4.353229464941202,95.71362810707733,7.852461821554625,63.580304870302754,16.249437967082546,2,2,2,712,13,0.7267361111111111,17.702910189304767,0.9149242970439798,ELECTRE-III,1
516,0410,2,0,"[40.035409952123615, 109.38907223725764]","[np.float64(40.81262398931596), np.float64(109.8750581943191)]",2026-06-14 03:06:30,870.0809929725027,1,4.353229464941202,95.71362810707733,7.852461821554625,63.580304870302754,16.249437967082546,2,2,2,712,13,0.7267361111111111,17.702910189304767,0.9149242970439798,ELECTRE-III,1
517,0346,0,0,"[39.43765911672078, 109.20137863886568]","[np.float64(39.09537393106385), np.float64(106.6765177722966)]",2026-06-14 03:06:40,805.0076485172597,2,5.899195774454,220.66033625933738,17.63828992969329,62.37717387819418,11.504036778608922,4,4,3,879,6,0.7268518518518519,5.6892219637941075,0.3446286950252343,ELECTRE-III,1
518,0410,2,0,"[39.43765911672078, 109.20137863886568]","[np.float64(40.81262398931596), np.float64(109.8750581943191)]",2026-06-14 03:06:40,870.0809929725027,1,4.353229464941202,163.26518454230276,13.2382565207648,63.60630057028382,16.249437967082546,2,2,2,712,13,0.7268518518518519,18.4299935226381,0.9149242970439798,ELECTRE-III,1
518,0410,2,0,"[39.43765911672078, 109.20137863886568]","[np.float64(40.81262398931596), np.float64(109.8750581943191)]",2026-06-14 03:06:40,870.0809929725027,1,4.353229464941202,163.26518454230276,13.2382565207648,63.60630057028382,16.249437967082546,2,2,2,712,13,0.7268518518518519,18.4299935226381,0.9149242970439798,ELECTRE-III,1
519,0346,0,0,"[38.83973069639952, 109.01616439914245]","[np.float64(39.09537393106385), np.float64(106.6765177722966)]",2026-06-14 03:06:50,805.0076485172597,2,5.899195774454,204.25447643811665,16.39993684295206,62.405949465167446,13.504036778608922,4,4,3,879,6,0.7269675925925926,17.865842334164476,0.3446286950252343,ELECTRE-III,1
520,0410,2,0,"[38.83973069639952, 109.01616439914245]","[np.float64(40.81262398931596), np.float64(109.8750581943191)]",2026-06-14 03:06:50,870.0809929725027,1,4.353229464941202,231.3091348665469,18.433150788241477,63.63227577969738,14.249437967082546,2,2,2,712,13,0.7269675925925926,14.976405559675138,0.9149242970439798,ELECTRE-III,1
521,0266,0,0,"[38.241638351538185, 108.83334755581788]","[np.float64(35.08020700577351), np.float64(108.0991195646698)]",2026-06-14 03:07:00,645.3255145756307,1,3.72904947666804,357.58021860390994,27.259573462212536,65.12963766087177,16.62765713515101,4,4,3,1136,5,0.7270833333333333,20.26307380181768,0.3193943763518385,ELECTRE-III,1
522,0346,0,0,"[38.241638351538185, 108.83334755581788]","[np.float64(39.09537393106385), np.float64(106.6765177722966)]",2026-06-14 03:07:00,805.0076485172597,2,5.899195774454,209.9328076549008,16.830400159651116,62.43471139176236,17.50403677860892,4,4,3,879,6,0.7270833333333333,18.231120111942253,0.3446286950252343,ELECTRE-III,1
523,0349,0,0,"[38.241638351538185, 108.83334755581788]","[np.float64(34.62513784384307), np.float64(109.2612493917191)]",2026-06-14 03:07:00,953.1292299101609,2,6.615501080936172,403.95342271639123,30.20220630325545,66.18380905737153,17.380416422066837,2,2,2,537,9,0.7270833333333333,16.653333088733504,0.635183850036049,ELECTRE-III,1
524,0410,2,0,"[38.241638351538185, 108.83334755581788]","[np.float64(40.81262398931596), np.float64(109.8750581943191)]",2026-06-14 03:07:00,870.0809929725027,1,4.353229464941202,299.51001365596903,23.343608987611358,63.65823049854343,18.249437967082546,2,2,2,712,13,0.7270833333333333,15.341104633749213,0.9149242970439798,ELECTRE-III,1
525,0266,0,0,"[37.64338208213677, 108.65283931643279]","[np.float64(35.08020700577351), np.float64(108.0991195646698)]",2026-06-14 03:07:10,645.3255145756307,1,3.72904947666804,289.29126711906736,22.62862952347728,65.16132973862062,11.62765713515101,4,4,3,1136,5,0.727199074074074,7.264462690706566,0.3193943763518385,ELECTRE-III,1
526,0346,0,0,"[37.64338208213677, 108.65283931643279]","[np.float64(39.09537393106385), np.float64(106.6765177722966)]",2026-06-14 03:07:10,805.0076485172597,2,5.899195774454,236.10897488348027,18.789057224713776,62.46345965797895,10.504036778608922,4,4,3,879,6,0.727199074074074,14.867231223053366,0.3446286950252343,ELECTRE-III,1
527,0349,0,0,"[37.64338208213677, 108.65283931643279]","[np.float64(34.62513784384307), np.float64(109.2612493917191)]",2026-06-14 03:07:10,953.1292299101609,2,6.615501080936172,340.02979318518135,26.102842977676374,66.21556260682293,11.380416422066835,2,2,2,537,9,0.727199074074074,12.834814570214983,0.635183850036049,ELECTRE-III,1
528,0410,2,0,"[37.64338208213677, 108.65283931643279]","[np.float64(40.81262398931596), np.float64(109.8750581943191)]",2026-06-14 03:07:10,870.0809929725027,1,4.353229464941202,367.78143762997604,27.92110417009011,63.68417155701114,17.249437967082546,2,2,2,712,13,0.727199074074074,22.339831485601064,0.9149242970439798,ELECTRE-III,1
529,0450,0,0,"[37.64338208213677, 108.65283931643279]","[np.float64(34.55784217130976), np.float64(108.4980001147001)]",2026-06-14 03:07:10,30.005628012936885,1,5.2054683359233564,343.378603489366,26.325369890428735,65.6562110949339,20.747598442471997,3,3,3,956,4,0.727199074074074,25.837991960990514,0.20908435472242248,ELECTRE-III,1
530,0266,0,0,"[37.04497554857361, 108.47455088852794]","[np.float64(35.08020700577351), np.float64(108.0991195646698)]",2026-06-14 03:07:20,645.3255145756307,1,3.72904947666804,221.0629170567629,17.668469889129238,65.19301498618032,12.62765713515101,4,4,3,1136,5,0.7273148148148149,16.264231209225084,0.3193943763518385,ELECTRE-III,1
531,0346,0,0,"[37.04497554857361, 108.47455088852794]","[np.float64(39.09537393106385), np.float64(106.6765177722966)]",2026-06-14 03:07:20,805.0076485172597,2,5.899195774454,277.0328912456354,21.761036223924645,62.4921942638172,10.504036778608922,4,4,3,879,6,0.7273148148148149,12.685981223053368,0.3446286950252343,ELECTRE-III,1
532,0349,0,0,"[37.04497554857361, 108.47455088852794]","[np.float64(34.62513784384307), np.float64(109.2612493917191)]",2026-06-14 03:07:20,953.1292299101609,2,6.615501080936172,278.2593788163293,21.848322982981603,66.24730932608514,17.380416422066837,2,2,2,537,9,0.7273148148148149,20.289675681326095,0.635183850036049,ELECTRE-III,1
533,0450,0,0,"[37.04497554857361, 108.47455088852794]","[np.float64(34.55784217130976), np.float64(108.4980001147001)]",2026-06-14 03:07:20,30.005628012936885,1,5.2054683359233564,276.5650862730134,21.727715430386606,65.68822419157375,17.747598442471997,3,3,3,956,4,0.7273148148148149,12.656394738768292,0.20908435472242248,ELECTRE-III,1
534,0266,0,0,"[36.446418750848714, 108.29839347964415]","[np.float64(35.08020700577351), np.float64(108.0991195646698)]",2026-06-14 03:07:30,645.3255145756307,1,3.72904947666804,152.97621972266757,12.4307429660196,65.22468657336167,17.62765713515101,4,4,3,1136,5,0.7274305555555556,13.263073801817677,0.3193943763518385,ELECTRE-III,1
535,0346,0,0,"[36.446418750848714, 108.29839347964415]","[np.float64(39.09537393106385), np.float64(106.6765177722966)]",2026-06-14 03:07:30,805.0076485172597,2,5.899195774454,327.21831224381134,25.243696025400475,62.5209152092771,14.504036778608922,4,4,3,879,6,0.7274305555555556,14.504036778608922,0.3446286950252343,ELECTRE-III,1
536,0349,0,0,"[36.446418750848714, 108.29839347964415]","[np.float64(34.62513784384307), np.float64(109.2612493917191)]",2026-06-14 03:07:30,953.1292299101609,2,6.615501080936172,220.45928995579905,17.62321446211115,66.27904238496902,14.380416422066835,2,2,2,537,9,0.7274305555555556,11.470694199844612,0.635183850036049,ELECTRE-III,1
537,0450,0,0,"[36.446418750848714, 108.29839347964415]","[np.float64(34.55784217130976), np.float64(108.4980001147001)]",2026-06-14 03:07:30,30.005628012936885,1,5.2054683359233564,210.77617598910956,16.894169007067138,65.72022362783527,24.747598442471997,3,3,3,956,4,0.7274305555555556,26.929890109138665,0.20908435472242248,ELECTRE-III,1
538,0266,0,0,"[35.84772193424583, 108.12430561807886]","[np.float64(35.08020700577351), np.float64(108.0991195646698)]",2026-06-14 03:07:40,645.3255145756307,1,3.72904947666804,85.37436263188546,7.013165533058404,65.25635133035384,15.62765713515101,4,4,3,1136,5,0.7275462962962963,15.62765713515101,0.3193943763518385,ELECTRE-III,1
539,0346,0,0,"[35.84772193424583, 108.12430561807886]","[np.float64(39.09537393106385), np.float64(106.6765177722966)]",2026-06-14 03:07:40,805.0076485172597,2,5.899195774454,383.0431733537842,28.89586099310035,62.54962249435866,11.504036778608922,4,4,3,879,6,0.7275462962962963,8.593851593423738,0.3446286950252343,ELECTRE-III,1
540,0349,0,0,"[35.84772193424583, 108.12430561807886]","[np.float64(34.62513784384307), np.float64(109.2612493917191)]",2026-06-14 03:07:40,953.1292299101609,2,6.615501080936172,170.71165676264584,13.819378630073746,66.31076178347456,12.380416422066835,2,2,2,537,9,0.7275462962962963,7.287592347992761,0.635183850036049,ELECTRE-III,1
541,0434,0,0,"[35.84772193424583, 108.12430561807886]","[np.float64(32.96764896585764), np.float64(106.8046809372893)]",2026-06-14 03:07:40,199.72948525161462,1,3.4177616371462727,342.35732409775204,26.25759655146225,64.9244109668804,14.504036778608922,4,4,3,1489,3,0.7275462962962963,21.05195344527559,0.13121845710165825,ELECTRE-III,1
542,0450,0,0,"[35.84772193424583, 108.12430561807886]","[np.float64(34.55784217130976), np.float64(108.4980001147001)]",2026-06-14 03:07:40,30.005628012936885,1,5.2054683359233564,147.39199962484787,11.990342800549207,65.75220940371842,22.747598442471997,3,3,3,956,4,0.7275462962962963,28.567968812842366,0.20908435472242248,ELECTRE-III,1
543,0266,0,0,"[35.248885098764966, 107.95219851137288]","[np.float64(35.08020700577351), np.float64(108.0991195646698)]",2026-06-14 03:07:50,645.3255145756307,1,3.72904947666804,23.02523537386958,1.9002378583633805,65.28800242696768,17.62765713515101,4,4,3,1136,5,0.727662037037037,17.62765713515101,0.3193943763518385,ELECTRE-III,1
544,0349,0,0,"[35.248885098764966, 107.95219851137288]","[np.float64(34.62513784384307), np.float64(109.2612493917191)]",2026-06-14 03:07:50,953.1292299101609,2,6.615501080936172,138.01805632488004,11.24784567987737,66.34247435179093,10.380416422066835,2,2,2,537,9,0.727662037037037,8.925092347992761,0.635183850036049,ELECTRE-III,1
545,0434,0,0,"[35.248885098764966, 107.95219851137288]","[np.float64(32.96764896585764), np.float64(106.8046809372893)]",2026-06-14 03:07:50,199.72948525161462,1,3.4177616371462727,274.77732208287324,21.600234379550127,64.95800183721852,7.504036778608922,4,4,3,1489,3,0.727662037037037,1.6827404823126262,0.13121845710165825,ELECTRE-III,1
546,0450,0,0,"[35.248885098764966, 107.95219851137288]","[np.float64(34.55784217130976), np.float64(108.4980001147001)]",2026-06-14 03:07:50,30.005628012936885,1,5.2054683359233564,91.55206542768062,7.515031472934933,65.78418834941243,24.747598442471997,3,3,3,956,4,0.727662037037037,21.109288257286813,0.20908435472242248,ELECTRE-III,1
547,0266,0,0,"[34.64992190478445, 107.78201068782367]","[np.float64(35.08020700577351), np.float64(108.0991195646698)]",2026-06-14 03:08:00,645.3255145756307,1,3.72904947666804,55.912691243924584,4.606133740648434,65.31963986320318,12.62765713515101,4,4,3,1136,5,0.7277777777777777,8.260990468484344,0.3193943763518385,ELECTRE-III,1
548,0349,0,0,"[34.64992190478445, 107.78201068782367]","[np.float64(34.62513784384307), np.float64(109.2612493917191)]",2026-06-14 03:08:00,953.1292299101609,2,6.615501080936172,135.35845304622094,11.036471983548488,66.37416642953978,14.380416422066835,2,2,2,537,9,0.7277777777777777,17.291527533177945,0.635183850036049,ELECTRE-III,1
549,0434,0,0,"[34.64992190478445, 107.78201068782367]","[np.float64(32.96764896585764), np.float64(106.8046809372893)]",2026-06-14 03:08:00,199.72948525161462,1,3.4177616371462727,207.71085764247047,16.66218843933481,64.99158587736747,13.504036778608922,4,4,3,1489,3,0.7277777777777777,17.870703445275588,0.13121845710165825,ELECTRE-III,1
550,0450,0,0,"[34.64992190478445, 107.78201068782367]","[np.float64(34.55784217130976), np.float64(108.4980001147001)]",2026-06-14 03:08:00,30.005628012936885,1,5.2054683359233564,66.32543623504273,5.45916548340335,65.8161536347281,25.747598442471997,3,3,3,956,4,0.7277777777777777,19.925376220249774,0.20908435472242248,ELECTRE-III,1
551,0266,0,0,"[34.05082893720971, 107.61366701535037]","[np.float64(35.08020700577351), np.float64(108.0991195646698)]",2026-06-14 03:08:10,645.3255145756307,1,3.72904947666804,122.78959075908014,10.033518847296014,65.35126363906033,11.62765713515101,4,4,3,1136,5,0.7278935185185185,15.99501824626212,0.3193943763518385,ELECTRE-III,1
552,0349,0,0,"[34.05082893720971, 107.61366701535037]","[np.float64(34.62513784384307), np.float64(109.2612493917191)]",2026-06-14 03:08:10,953.1292299101609,2,6.615501080936172,164.1992216504682,13.311303600347774,66.40585167709948,18.380416422066837,2,2,2,537,9,0.7278935185185185,12.55726827391869,0.635183850036049,ELECTRE-III,1
553,0434,0,0,"[34.05082893720971, 107.61366701535037]","[np.float64(32.96764896585764), np.float64(106.8046809372893)]",2026-06-14 03:08:10,199.72948525161462,1,3.4177616371462727,141.88753717332057,11.554820735461709,65.02515625713808,8.504036778608922,4,4,3,1489,3,0.7278935185185185,13.599291408238551,0.13121845710165825,ELECTRE-III,1
554,0450,0,0,"[34.05082893720971, 107.61366701535037]","[np.float64(34.55784217130976), np.float64(108.4980001147001)]",2026-06-14 03:08:10,30.005628012936885,1,5.2054683359233564,98.87570160146528,8.10848628057786,65.84811208985458,17.747598442471997,3,3,3,956,4,0.7278935185185185,11.924450294323849,0.20908435472242248,ELECTRE-III,1
555,0124,0,0,"[33.45161302622991, 107.44709919206127]","[np.float64(31.03278181291179), np.float64(104.4029732396626)]",2026-06-14 03:08:20,326.98317234153956,1,6.979961875174615,392.7774910200328,29.50820349555711,63.51188003519757,6.878576897456284,1,1,1,680,7,0.7280092592592593,3.2385306011599875,0.45926459985580387,ELECTRE-III,1
556,0266,0,0,"[33.45161302622991, 107.44709919206127]","[np.float64(35.08020700577351), np.float64(108.0991195646698)]",2026-06-14 03:08:20,645.3255145756307,1,3.72904947666804,190.74515814208632,15.368203882821255,65.38288058472833,15.62765713515101,4,4,3,1136,5,0.7280092592592593,18.539694172188046,0.3193943763518385,ELECTRE-III,1
557,0349,0,0,"[33.45161302622991, 107.44709919206127]","[np.float64(34.62513784384307), np.float64(109.2612493917191)]",2026-06-14 03:08:20,953.1292299101609,2,6.615501080936172,212.05581248963594,16.990842692801518,66.43752326428083,17.380416422066837,2,2,2,537,9,0.7280092592592593,15.924397903548318,0.635183850036049,ELECTRE-III,1
558,0434,0,0,"[33.45161302622991, 107.44709919206127]","[np.float64(32.96764896585764), np.float64(106.8046809372893)]",2026-06-14 03:08:20,199.72948525161462,1,3.4177616371462727,80.42377481345196,6.610202459235456,65.0587266369087,10.504036778608922,4,4,3,1489,3,0.7280092592592593,12.6880645563867,0.13121845710165825,ELECTRE-III,1
559,0450,0,0,"[33.45161302622991, 107.44709919206127]","[np.float64(34.55784217130976), np.float64(108.4980001147001)]",2026-06-14 03:08:20,30.005628012936885,1,5.2054683359233564,156.56997413534225,12.713381038186718,65.88005688460272,21.747598442471997,3,3,3,956,4,0.7280092592592593,15.195515109138663,0.20908435472242248,ELECTRE-III,1
560,0124,0,0,"[32.85228441712879, 107.28225257644301]","[np.float64(31.03278181291179), np.float64(104.4029732396626)]",2026-06-14 03:08:30,326.98317234153956,1,6.979961875174615,338.7136010808631,26.015149783754918,63.54702135847728,12.878576897456284,1,1,1,680,7,0.728125,7.053576897456284,0.45926459985580387,ELECTRE-III,1
561,0266,0,0,"[32.85228441712879, 107.28225257644301]","[np.float64(35.08020700577351), np.float64(108.0991195646698)]",2026-06-14 03:08:30,645.3255145756307,1,3.72904947666804,258.9313673075661,20.46054264286131,65.41448387001797,16.62765713515101,4,4,3,1136,5,0.728125,10.802657135151012,0.3193943763518385,ELECTRE-III,1
562,0349,0,0,"[32.85228441712879, 107.28225257644301]","[np.float64(34.62513784384307), np.float64(109.2612493917191)]",2026-06-14 03:08:30,953.1292299101609,2,6.615501080936172,268.96167183203687,21.1839817748665,66.46918119108383,17.380416422066837,2,2,2,537,9,0.728125,10.827291422066835,0.635183850036049,ELECTRE-III,1
563,0434,0,0,"[32.85228441712879, 107.28225257644301]","[np.float64(32.96764896585764), np.float64(106.8046809372893)]",2026-06-14 03:08:30,199.72948525161462,1,3.4177616371462727,46.390644539609234,3.8242648831884885,65.09228335630097,16.50403677860892,4,4,3,1489,3,0.728125,15.04778677860892,0.13121845710165825,ELECTRE-III,1
564,0450,0,0,"[32.85228441712879, 107.28225257644301]","[np.float64(34.55784217130976), np.float64(108.4980001147001)]",2026-06-14 03:08:30,30.005628012936885,1,5.2054683359233564,220.48170583391354,17.624895442777646,65.91198801897254,24.747598442471997,3,3,3,956,4,0.728125,20.378848442472,0.20908435472242248,ELECTRE-III,1
565,0124,0,0,"[32.25284310990638, 107.11905203641473]","[np.float64(31.03278181291179), np.float64(104.4029732396626)]",2026-06-14 03:08:40,326.98317234153956,1,6.979961875174615,290.69683871126784,22.727421996068674,63.582162681757,5.878576897456284,1,1,1,680,7,0.7282407407407407,8.791539860419247,0.45926459985580387,ELECTRE-III,1
566,0266,0,0,"[32.25284310990638, 107.11905203641473]","[np.float64(35.08020700577351), np.float64(108.0991195646698)]",2026-06-14 03:08:40,645.3255145756307,1,3.72904947666804,327.20492610785874,25.242791874835433,65.44608032511846,13.62765713515101,4,4,3,1136,5,0.7282407407407407,11.442934912928788,0.3193943763518385,ELECTRE-III,1
567,0278,0,0,"[32.25284310990638, 107.11905203641473]","[np.float64(29.11799783394254), np.float64(105.153099770934)]",2026-06-14 03:08:40,653.204658084189,1,4.544036617414408,396.0188701795148,29.710480144616202,64.5052012763817,13.874897848235186,1,1,1,537,9,0.7282407407407407,17.51610155193889,0.635183850036049,ELECTRE-III,1
568,0349,0,0,"[32.25284310990638, 107.11905203641473]","[np.float64(34.62513784384307), np.float64(109.2612493917191)]",2026-06-14 03:08:40,953.1292299101609,2,6.615501080936172,330.27280812201,25.449656205879986,66.50083228769768,18.380416422066837,2,2,2,537,9,0.7282407407407407,23.47810160725202,0.635183850036049,ELECTRE-III,1
569,0434,0,0,"[32.25284310990638, 107.11905203641473]","[np.float64(32.96764896585764), np.float64(106.8046809372893)]",2026-06-14 03:08:40,199.72948525161462,1,3.4177616371462727,84.76179858176512,6.963341611790634,65.12584007569325,12.504036778608922,4,4,3,1489,3,0.7282407407407407,8.134592334164477,0.13121845710165825,ELECTRE-III,1
570,0450,0,0,"[32.25284310990638, 107.11905203641473]","[np.float64(34.55784217130976), np.float64(108.4980001147001)]",2026-06-14 03:08:40,30.005628012936885,1,5.2054683359233564,286.4803836225684,22.430636525655977,65.94391232315317,21.747598442471997,3,3,3,956,4,0.7282407407407407,23.20407992395348,0.20908435472242248,ELECTRE-III,1
571,0033,0,0,"[31.653292519657246, 106.95745659084139]","[np.float64(28.10243289381832), np.float64(106.664718585556)]",2026-06-14 03:08:50,584.7680502222614,1,5.593268230930198,395.8450129571795,29.699651271820475,65.97039296656531,13.751277491693099,2,2,2,809,13,0.7283564814814815,18.849772862063467,0.9149242970439798,ELECTRE-III,1
572,0124,0,0,"[31.653292519657246, 106.95745659084139]","[np.float64(31.03278181291179), np.float64(104.4029732396626)]",2026-06-14 03:08:50,326.98317234153956,1,6.979961875174615,252.20828586105387,19.971778036590305,63.61729717484754,11.878576897456284,1,1,1,680,7,0.7283564814814815,13.335289860419246,0.45926459985580387,ELECTRE-III,1
573,0266,0,0,"[31.653292519657246, 106.95745659084139]","[np.float64(35.08020700577351), np.float64(108.0991195646698)]",2026-06-14 03:08:50,645.3255145756307,1,3.72904947666804,395.52066422107464,29.67944264079815,65.4776631198406,10.62765713515101,4,4,3,1136,5,0.7283564814814815,4.800805283299158,0.3193943763518385,ELECTRE-III,1
574,0278,0,0,"[31.653292519657246, 106.95745659084139]","[np.float64(29.11799783394254), np.float64(105.153099770934)]",2026-06-14 03:08:50,653.204658084189,1,4.544036617414408,330.78606241513467,25.484195320773093,64.54133297709106,16.874897848235186,1,1,1,537,9,0.7283564814814815,14.689828403790742,0.635183850036049,ELECTRE-III,1
575,0349,0,0,"[31.653292519657246, 106.95745659084139]","[np.float64(34.62513784384307), np.float64(109.2612493917191)]",2026-06-14 03:08:50,953.1292299101609,2,6.615501080936172,393.93704572532084,29.580658171085787,66.53246289374401,10.380416422066835,2,2,2,537,9,0.7283564814814815,8.19534697762239,0.635183850036049,ELECTRE-III,1
576,0434,0,0,"[31.653292519657246, 106.95745659084139]","[np.float64(32.96764896585764), np.float64(106.8046809372893)]",2026-06-14 03:08:50,199.72948525161462,1,3.4177616371462727,146.85344730657866,11.9477928198361,65.15938313470717,7.504036778608922,4,4,3,1489,3,0.7283564814814815,3.862254371201515,0.13121845710165825,ELECTRE-III,1
577,0443,0,0,"[31.653292519657246, 106.95745659084139]","[np.float64(28.19128554769927), np.float64(107.3508499153849)]",2026-06-14 03:08:50,898.3228094300208,2,7.218698981866461,386.8194250002432,29.134276630503066,66.56267282044297,10.380416422066835,1,1,1,1261,7,0.7283564814814815,16.207268273918686,0.45926459985580387,ELECTRE-III,1
578,0450,0,0,"[31.653292519657246, 106.95745659084139]","[np.float64(34.55784217130976), np.float64(108.4980001147001)]",2026-06-14 03:08:50,30.005628012936885,1,5.2054683359233564,353.3984642783571,26.98609025231965,65.97582296695548,24.747598442471997,3,3,3,956,4,0.7283564814814815,17.46403362765718,0.20908435472242248,ELECTRE-III,1
579,0033,0,0,"[31.053636061475977, 106.79739110764214]","[np.float64(28.10243289381832), np.float64(106.664718585556)]",2026-06-14 03:09:00,584.7680502222614,1,5.593268230930198,328.4098866919586,25.324125577637325,66.00694813900323,21.7512774916931,2,2,2,809,13,0.7284722222222222,23.208221936137544,0.9149242970439798,ELECTRE-III,1
580,0124,0,0,"[31.053636061475977, 106.79739110764214]","[np.float64(31.03278181291179), np.float64(104.4029732396626)]",2026-06-14 03:09:00,326.98317234153956,1,6.979961875174615,228.12253749762164,18.19604723070535,63.65243166793809,12.878576897456284,1,1,1,680,7,0.7284722222222222,12.150104675234061,0.45926459985580387,ELECTRE-III,1
581,0278,0,0,"[31.053636061475977, 106.79739110764214]","[np.float64(29.11799783394254), np.float64(105.153099770934)]",2026-06-14 03:09:00,653.204658084189,1,4.544036617414408,267.11212720008325,21.051106231972188,64.57746467780042,12.874897848235186,1,1,1,537,9,0.7284722222222222,9.232536737124075,0.635183850036049,ELECTRE-III,1
582,0434,0,0,"[31.053636061475977, 106.79739110764214]","[np.float64(32.96764896585764), np.float64(106.8046809372893)]",2026-06-14 03:09:00,199.72948525161462,1,3.4177616371462727,212.82993482929172,17.049277593807282,65.19291936353194,13.504036778608922,4,4,3,1489,3,0.7284722222222222,9.133203445275589,0.13121845710165825,ELECTRE-III,1
583,0443,0,0,"[31.053636061475977, 106.79739110764214]","[np.float64(28.19128554769927), np.float64(107.3508499153849)]",2026-06-14 03:09:00,898.3228094300208,2,7.218698981866461,322.7423458000651,24.94062328666165,66.59915969098918,12.380416422066835,1,1,1,1261,7,0.7284722222222222,18.208194199844613,0.45926459985580387,ELECTRE-III,1
584,0033,0,0,"[30.453883980646328, 106.63881460568196]","[np.float64(28.10243289381832), np.float64(106.664718585556)]",2026-06-14 03:09:10,584.7680502222614,1,5.593268230930198,261.48186782104193,20.645156086554078,66.0435101416303,19.7512774916931,2,2,2,809,13,0.7285879629629629,19.022689528730137,0.9149242970439798,ELECTRE-III,1
585,0124,0,0,"[30.453883980646328, 106.63881460568196]","[np.float64(31.03278181291179), np.float64(104.4029732396626)]",2026-06-14 03:09:10,326.98317234153956,1,6.979961875174615,223.15595853273726,17.82521388314374,63.68755933083946,13.878576897456284,1,1,1,680,7,0.7285879629629629,13.878576897456284,0.45926459985580387,ELECTRE-III,1
586,0278,0,0,"[30.453883980646328, 106.63881460568196]","[np.float64(29.11799783394254), np.float64(105.153099770934)]",2026-06-14 03:09:10,653.204658084189,1,4.544036617414408,206.4475992147239,16.56642185532863,64.61358954832062,13.874897848235186,1,1,1,537,9,0.7285879629629629,10.960545996383335,0.635183850036049,ELECTRE-III,1
587,0434,0,0,"[30.453883980646328, 106.63881460568196]","[np.float64(32.96764896585764), np.float64(106.8046809372893)]",2026-06-14 03:09:10,199.72948525161462,1,3.4177616371462727,279.95817533574046,21.969047095656034,65.22644876216752,8.504036778608922,4,4,3,1489,3,0.7285879629629629,3.403921037868182,0.13121845710165825,ELECTRE-III,1
588,0443,0,0,"[30.453883980646328, 106.63881460568196]","[np.float64(28.19128554769927), np.float64(107.3508499153849)]",2026-06-14 03:09:10,898.3228094300208,2,7.218698981866461,260.88589396613827,20.60205753402865,66.63563973134622,4.380416422066835,1,1,1,1261,7,0.7285879629629629,6.566180310955724,0.45926459985580387,ELECTRE-III,1
589,0033,0,0,"[29.854036277168298, 106.48167244344748]","[np.float64(28.10243289381832), np.float64(106.664718585556)]",2026-06-14 03:09:20,584.7680502222614,1,5.593268230930198,195.58175369321617,15.738796505085949,66.08006531406821,19.7512774916931,2,2,2,809,13,0.7287037037037037,13.192944158359765,0.9149242970439798,ELECTRE-III,1
590,0124,0,0,"[29.854036277168298, 106.48167244344748]","[np.float64(31.03278181291179), np.float64(104.4029732396626)]",2026-06-14 03:09:20,326.98317234153956,1,6.979961875174615,238.50696554791506,18.96630736522894,63.72268016355167,4.878576897456284,1,1,1,680,7,0.7287037037037037,3.421169490048877,0.45926459985580387,ELECTRE-III,1
591,0278,0,0,"[29.854036277168298, 106.48167244344748]","[np.float64(29.11799783394254), np.float64(105.153099770934)]",2026-06-14 03:09:20,653.204658084189,1,4.544036617414408,152.42944454231807,12.38768644578859,64.64971441884082,9.874897848235186,1,1,1,537,9,0.7287037037037037,7.688786737124074,0.635183850036049,ELECTRE-III,1
592,0434,0,0,"[29.854036277168298, 106.48167244344748]","[np.float64(32.96764896585764), np.float64(106.8046809372893)]",2026-06-14 03:09:20,199.72948525161462,1,3.4177616371462727,347.57206073363454,26.602821617909648,65.25997133061395,8.504036778608922,4,4,3,1489,3,0.7287037037037037,9.96144418601633,0.13121845710165825,ELECTRE-III,1
593,0443,0,0,"[29.854036277168298, 106.48167244344748]","[np.float64(28.19128554769927), np.float64(107.3508499153849)]",2026-06-14 03:09:20,898.3228094300208,2,7.218698981866461,203.2866804478446,16.326378382034505,66.67211977170325,5.380416422066835,1,1,1,1261,7,0.7287037037037037,9.023934940585354,0.45926459985580387,ELECTRE-III,1
594,0033,0,0,"[29.254092951041887, 106.32590997942533]","[np.float64(28.10243289381832), np.float64(106.664718585556)]",2026-06-14 03:09:30,584.7680502222614,1,5.593268230930198,132.25534986471484,10.789466154103867,66.11662048650612,18.7512774916931,2,2,2,809,13,0.7288194444444445,24.581833047248654,0.9149242970439798,ELECTRE-III,1
595,0124,0,0,"[29.254092951041887, 106.32590997942533]","[np.float64(31.03278181291179), np.float64(104.4029732396626)]",2026-06-14 03:09:30,326.98317234153956,1,6.979961875174615,270.74251067590023,21.31169604290317,63.757800996263875,10.878576897456284,1,1,1,680,7,0.7288194444444445,10.14975745301184,0.45926459985580387,ELECTRE-III,1
596,0278,0,0,"[29.254092951041887, 106.32590997942533]","[np.float64(29.11799783394254), np.float64(105.153099770934)]",2026-06-14 03:09:30,653.204658084189,1,4.544036617414408,114.85469661682623,9.397086381886933,64.68583928936101,17.874897848235186,1,1,1,537,9,0.7288194444444445,11.315522848235187,0.635183850036049,ELECTRE-III,1
597,0443,0,0,"[29.254092951041887, 106.32590997942533]","[np.float64(28.19128554769927), np.float64(107.3508499153849)]",2026-06-14 03:09:30,898.3228094300208,2,7.218698981866461,154.77304421099828,12.572135590460617,66.7085998120603,7.380416422066835,1,1,1,1261,7,0.7288194444444445,2.278680310955724,0.45926459985580387,ELECTRE-III,1
598,0033,0,0,"[28.654064247550853, 106.17147940229135]","[np.float64(28.10243289381832), np.float64(106.664718585556)]",2026-06-14 03:09:40,584.7680502222614,1,5.593268230930198,78.04443811724857,6.416295101427067,66.15317565894402,16.7512774916931,2,2,2,809,13,0.7289351851851852,11.648731195396802,0.9149242970439798,ELECTRE-III,1
599,0124,0,0,"[28.654064247550853, 106.17147940229135]","[np.float64(31.03278181291179), np.float64(104.4029732396626)]",2026-06-14 03:09:40,326.98317234153956,1,6.979961875174615,314.71705471044186,24.393474003572347,63.792921828976084,5.878576897456284,1,1,1,680,7,0.7289351851851852,0.776030601159988,0.45926459985580387,ELECTRE-III,1
600,0278,0,0,"[28.654064247550853, 106.17147940229135]","[np.float64(29.11799783394254), np.float64(105.153099770934)]",2026-06-14 03:09:40,653.204658084189,1,4.544036617414408,111.76659511358072,9.148756810255495,64.72195732969205,9.874897848235186,1,1,1,537,9,0.7289351851851852,10.60383303342037,0.635183850036049,ELECTRE-III,1
601,0443,0,0,"[28.654064247550853, 106.17147940229135]","[np.float64(28.19128554769927), np.float64(107.3508499153849)]",2026-06-14 03:09:40,898.3228094300208,2,7.218698981866461,126.29079774538079,10.313555534682342,66.74507985241733,8.380416422066835,1,1,1,1261,7,0.7289351851851852,12.754027533177947,0.45926459985580387,ELECTRE-III,1
602,0033,0,0,"[28.053951874242486, 106.01833290072132]","[np.float64(28.10243289381832), np.float64(106.664718585556)]",2026-06-14 03:09:50,584.7680502222614,1,5.593268230930198,63.64431315907786,5.239739499558358,66.18973083138194,22.7512774916931,2,2,2,809,13,0.7290509259259259,15.46076823243384,0.9149242970439798,ELECTRE-III,1
603,0124,0,0,"[28.053951874242486, 106.01833290072132]","[np.float64(31.03278181291179), np.float64(104.4029732396626)]",2026-06-14 03:09:50,326.98317234153956,1,6.979961875174615,366.22685829406294,27.820808301040124,63.828035831499115,9.878576897456284,1,1,1,680,7,0.7290509259259259,14.981933378937764,0.45926459985580387,ELECTRE-III,1
604,0278,0,0,"[28.053951874242486, 106.01833290072132]","[np.float64(29.11799783394254), np.float64(105.153099770934)]",2026-06-14 03:09:50,653.204658084189,1,4.544036617414408,145.3808081738046,11.831374258691412,64.75807537002308,10.874897848235186,1,1,1,537,9,0.7290509259259259,13.062050626012963,0.635183850036049,ELECTRE-III,1
605,0443,0,0,"[28.053951874242486, 106.01833290072132]","[np.float64(28.19128554769927), np.float64(107.3508499153849)]",2026-06-14 03:09:50,898.3228094300208,2,7.218698981866461,131.5651344619052,10.734469714847208,66.78155989277437,6.380416422066835,1,1,1,1261,7,0.7290509259259259,0.5480090146594279,0.45926459985580387,ELECTRE-III,1
606,0033,0,0,"[27.453755831116784, 105.86642949358024]","[np.float64(28.10243289381832), np.float64(106.664718585556)]",2026-06-14 03:10:00,584.7680502222614,1,5.593268230930198,106.63261344187475,8.735143764688415,66.22627917363067,16.7512774916931,2,2,2,809,13,0.7291666666666666,17.480444158359767,0.9149242970439798,ELECTRE-III,1
607,0278,0,0,"[27.453755831116784, 105.86642949358024]","[np.float64(29.11799783394254), np.float64(105.153099770934)]",2026-06-14 03:10:00,653.204658084189,1,4.544036617414408,197.7968301911366,15.908073459947252,64.7941934103541,15.874897848235186,1,1,1,537,9,0.7291666666666666,15.874897848235186,0.635183850036049,ELECTRE-III,1
608,0443,0,0,"[27.453755831116784, 105.86642949358024]","[np.float64(28.19128554769927), np.float64(107.3508499153849)]",2026-06-14 03:10:00,898.3228094300208,2,7.218698981866461,167.4354319608587,13.564051983500281,66.81803310294224,3.380416422066835,1,1,1,1261,7,0.7291666666666666,0.0,0.45926459985580387,ELECTRE-III,1
609,0033,0,0,"[26.85348294836292, 105.71571453935474]","[np.float64(28.10243289381832), np.float64(106.664718585556)]",2026-06-14 03:10:10,584.7680502222614,1,5.593268230930198,167.48407496446714,13.567846932497204,66.26282751587941,15.751277491693099,2,2,2,809,13,0.7292824074074075,15.751277491693099,0.9149242970439798,ELECTRE-III,1
610,0278,0,0,"[26.85348294836292, 105.71571453935474]","[np.float64(29.11799783394254), np.float64(105.153099770934)]",2026-06-14 03:10:10,653.204658084189,1,4.544036617414408,257.79047272148296,20.37781685155747,64.83030462049597,18.874897848235186,1,1,1,537,9,0.7292824074074075,12.311356181568518,0.635183850036049,ELECTRE-III,1
611,0443,0,0,"[26.85348294836292, 105.71571453935474]","[np.float64(28.19128554769927), np.float64(107.3508499153849)]",2026-06-14 03:10:10,898.3228094300208,2,7.218698981866461,219.37486231896563,17.541855171653012,66.85449948292094,4.380416422066835,1,1,1,1261,7,0.7292824074074075,0.0,0.45926459985580387,ELECTRE-III,1
612,0033,0,0,"[26.253134933528187, 105.56615388709896]","[np.float64(28.10243289381832), np.float64(106.664718585556)]",2026-06-14 03:10:20,584.7680502222614,1,5.593268230930198,232.57633595888294,18.527257823461756,66.29937585812816,13.751277491693099,2,2,2,809,13,0.7293981481481482,7.916092306507913,0.9149242970439798,ELECTRE-III,1
613,0278,0,0,"[26.253134933528187, 105.56615388709896]","[np.float64(29.11799783394254), np.float64(105.153099770934)]",2026-06-14 03:10:20,653.204658084189,1,4.544036617414408,321.1434836298065,24.831998985453463,64.86641583063782,17.874897848235186,1,1,1,537,9,0.7293981481481482,14.957305255642593,0.635183850036049,ELECTRE-III,1
614,0443,0,0,"[26.253134933528187, 105.56615388709896]","[np.float64(28.19128554769927), np.float64(107.3508499153849)]",2026-06-14 03:10:20,898.3228094300208,2,7.218698981866461,278.5340659710677,21.867857348893367,66.89097269308881,9.380416422066835,1,1,1,1261,7,0.7293981481481482,9.380416422066835,0.45926459985580387,ELECTRE-III,1
615,0033,0,0,"[25.65271520170717, 105.41770655567791]","[np.float64(28.10243289381832), np.float64(106.664718585556)]",2026-06-14 03:10:30,584.7680502222614,1,5.593268230930198,299.1538558668922,23.318817118189898,66.33591737018772,16.7512774916931,2,2,2,809,13,0.7295138888888889,10.185652491693098,0.9149242970439798,ELECTRE-III,1
616,0278,0,0,"[25.65271520170717, 105.41770655567791]","[np.float64(29.11799783394254), np.float64(105.153099770934)]",2026-06-14 03:10:30,653.204658084189,1,4.544036617414408,386.2065751413721,29.095658845887847,64.90252704077967,12.874897848235186,1,1,1,537,9,0.7295138888888889,12.874897848235186,0.635183850036049,ELECTRE-III,1
617,0443,0,0,"[25.65271520170717, 105.41770655567791]","[np.float64(28.19128554769927), np.float64(107.3508499153849)]",2026-06-14 03:10:30,898.3228094300208,2,7.218698981866461,341.1776548940701,26.179213715227366,66.9274390730675,5.380416422066835,1,1,1,1261,7,0.7295138888888889,9.757499755400168,0.45926459985580387,ELECTRE-III,1
618,0033,0,0,"[25.052227167994452, 105.27032473376737]","[np.float64(28.10243289381832), np.float64(106.664718585556)]",2026-06-14 03:10:40,584.7680502222614,1,5.593268230930198,366.408140184701,27.832513520331496,66.37246571243645,20.7512774916931,2,2,2,809,13,0.7296296296296296,23.669796010211616,0.9149242970439798,ELECTRE-III,1
619,0443,0,0,"[25.052227167994452, 105.27032473376737]","[np.float64(28.19128554769927), np.float64(107.3508499153849)]",2026-06-14 03:10:40,898.3228094300208,2,7.218698981866461,405.6949499954163,30.309482560196983,66.9639054530462,7.380416422066835,1,1,1,1261,7,0.7296296296296296,13.947083088733502,0.45926459985580387,ELECTRE-III,1
620,0161,0,0,"[20.847113629996674, 104.26555609553431]","[np.float64(17.65213607451746), np.float64(102.6669995678322)]",2026-06-14 03:11:50,66.30504256433107,1,2.2402476842887546,392.89320677006106,29.515438649462464,61.923717619197035,12.751277491693099,3,3,3,926,4,0.7304398148148148,18.594796010211617,0.20908435472242248,ELECTRE-III,1
621,0161,0,0,"[20.246173096251443, 104.12544159490066]","[np.float64(17.65213607451746), np.float64(102.6669995678322)]",2026-06-14 03:12:00,66.30504256433107,1,2.2402476842887546,326.6815234501273,25.207428721324117,61.96176860306317,15.751277491693099,3,3,3,926,4,0.7305555555555555,11.367944158359766,0.20908435472242248,ELECTRE-III,1
622,0161,0,0,"[19.64518475118202, 103.9860852452649]","[np.float64(17.65213607451746), np.float64(102.6669995678322)]",2026-06-14 03:12:10,66.30504256433107,1,2.2402476842887546,261.5827313811305,20.652447738941376,61.99981958692931,9.751277491693099,3,3,3,926,4,0.7306712962962963,2.444564528730135,0.20908435472242248,ELECTRE-III,1
623,0161,0,0,"[19.04415542497758, 103.84746655605949]","[np.float64(17.65213607451746), np.float64(102.6669995678322)]",2026-06-14 03:12:20,66.30504256433107,1,2.2402476842887546,198.69561339535346,15.976677759804554,62.037863740606284,16.7512774916931,3,3,3,926,4,0.7307870370370371,13.097342306507914,0.20908435472242248,ELECTRE-III,1
624,0161,0,0,"[18.44308341009082, 103.70954454614942]","[np.float64(17.65213607451746), np.float64(102.6669995678322)]",2026-06-14 03:12:30,66.30504256433107,1,2.2402476842887546,141.00980661446926,11.485246588625003,62.075914724472426,8.751277491693099,3,3,3,926,4,0.7309027777777778,2.9040552694708763,0.20908435472242248,ELECTRE-III,1
625,0344,0,0,"[18.44308341009082, 103.70954454614942]","[np.float64(15.16804195423713), np.float64(104.723740023503)]",2026-06-14 03:12:30,354.63985662579006,1,6.1006521636502,379.8280958983023,28.692008270261002,63.12762042268182,7.500357729387822,1,1,1,1089,7,0.7309027777777778,8.2312605071656,0.45926459985580387,ELECTRE-III,1
626,0161,0,0,"[17.841973829163635, 103.57229872496718]","[np.float64(17.65213607451746), np.float64(102.6669995678322)]",2026-06-14 03:12:40,66.30504256433107,1,2.2402476842887546,98.1705064662933,8.051416424336667,62.1139588781494,8.751277491693099,3,3,3,926,4,0.7310185185185185,11.675351565767173,0.20908435472242248,ELECTRE-III,1
627,0344,0,0,"[17.841973829163635, 103.57229872496718]","[np.float64(15.16804195423713), np.float64(104.723740023503)]",2026-06-14 03:12:40,354.63985662579006,1,6.1006521636502,321.66791163776395,24.86764889400785,63.16496106687428,14.500357729387822,1,1,1,1089,7,0.7310185185185185,16.69341328494338,0.45926459985580387,ELECTRE-III,1
628,0161,0,0,"[17.24082668219601, 103.43569494156694]","[np.float64(17.65213607451746), np.float64(102.6669995678322)]",2026-06-14 03:12:50,66.30504256433107,1,2.2402476842887546,93.49315265877594,7.672486579418367,62.15200303182637,15.751277491693099,3,3,3,926,4,0.7311342592592592,20.138083047248653,0.20908435472242248,ELECTRE-III,1
629,0344,0,0,"[17.24082668219601, 103.43569494156694]","[np.float64(15.16804195423713), np.float64(104.723740023503)]",2026-06-14 03:12:50,354.63985662579006,1,6.1006521636502,268.39459890324827,21.143267258273855,63.20229488087757,11.500357729387822,1,1,1,1089,7,0.7311342592592592,9.306954951610045,0.45926459985580387,ELECTRE-III,1
630,0161,0,0,"[16.63964367673524, 103.29970587519198]","[np.float64(17.65213607451746), np.float64(102.6669995678322)]",2026-06-14 03:13:00,66.30504256433107,1,2.2402476842887546,131.12789939340203,10.699620411483307,62.19004035531417,8.751277491693099,3,3,3,926,4,0.73125,15.3325274916931,0.20908435472242248,ELECTRE-III,1
631,0344,0,0,"[16.63964367673524, 103.29970587519198]","[np.float64(15.16804195423713), np.float64(104.723740023503)]",2026-06-14 03:13:00,354.63985662579006,1,6.1006521636502,223.5291805992542,17.85313491810904,63.23962186469169,13.500357729387822,1,1,1,1089,7,0.73125,7.650357729387823,0.45926459985580387,ELECTRE-III,1
632,0161,0,0,"[16.03842993542321, 103.1643110352748]","[np.float64(17.65213607451746), np.float64(102.6669995678322)]",2026-06-14 03:13:10,66.30504256433107,1,2.2402476842887546,187.0781803917523,15.086347814410006,62.22808450899114,11.751277491693099,3,3,3,926,4,0.7313657407407408,5.900351565767172,0.20908435472242248,ELECTRE-III,1
633,0344,0,0,"[16.03842993542321, 103.1643110352748]","[np.float64(15.16804195423713), np.float64(104.723740023503)]",2026-06-14 03:13:10,354.63985662579006,1,6.1006521636502,193.02503448125378,15.543060197836551,63.27694884850581,10.500357729387822,1,1,1,1089,7,0.7313657407407408,12.694454951610044,0.45926459985580387,ELECTRE-III,1
634,0161,0,0,"[15.437183750712618, 103.02948310105876]","[np.float64(17.65213607451746), np.float64(102.6669995678322)]",2026-06-14 03:13:20,66.30504256433107,1,2.2402476842887546,249.30360143945876,19.759663089525663,62.266121832478944,15.751277491693099,3,3,3,926,4,0.7314814814814815,17.945721936137545,0.20908435472242248,ELECTRE-III,1
635,0344,0,0,"[15.437183750712618, 103.02948310105876]","[np.float64(15.16804195423713), np.float64(104.723740023503)]",2026-06-14 03:13:20,354.63985662579006,1,6.1006521636502,184.16091889850412,14.861581584262309,63.31426900213076,13.500357729387822,1,1,1,1089,7,0.7314814814814815,17.88924661827671,0.45926459985580387,ELECTRE-III,1
636,0161,0,0,"[14.835908537698057, 102.89519475178714]","[np.float64(17.65213607451746), np.float64(102.6669995678322)]",2026-06-14 03:13:30,66.30504256433107,1,2.2402476842887546,314.096566234444,24.350970685375035,62.304159155966744,10.751277491693099,3,3,3,926,4,0.7315972222222222,5.630096936137543,0.20908435472242248,ELECTRE-III,1
637,0344,0,0,"[14.835908537698057, 102.89519475178714]","[np.float64(15.16804195423713), np.float64(104.723740023503)]",2026-06-14 03:13:30,354.63985662579006,1,6.1006521636502,199.8366903195173,16.063708648190072,63.35158232556654,15.500357729387822,1,1,1,1089,7,0.7315972222222222,11.842371618276712,0.45926459985580387,ELECTRE-III,1
638,0161,0,0,"[14.23460685770046, 102.76141866670326]","[np.float64(17.65213607451746), np.float64(102.6669995678322)]",2026-06-14 03:13:40,66.30504256433107,1,2.2402476842887546,380.1464629224048,28.712229966347,62.34219647945454,15.751277491693099,3,3,3,926,4,0.731712962962963,9.165860825026432,0.20908435472242248,ELECTRE-III,1
639,0344,0,0,"[14.23460685770046, 102.76141866670326]","[np.float64(15.16804195423713), np.float64(104.723740023503)]",2026-06-14 03:13:40,354.63985662579006,1,6.1006521636502,235.194946979478,18.72139729924863,63.388895649002315,14.500357729387822,1,1,1,1089,7,0.731712962962963,12.305218840498934,0.45926459985580387,ELECTRE-III,1
640,0344,0,0,"[13.633280418267123, 102.62813435523964]","[np.float64(15.16804195423713), np.float64(104.723740023503)]",2026-06-14 03:13:50,354.63985662579006,1,6.1006521636502,282.9495337721916,22.181128125191965,63.426195312059754,7.500357729387822,1,1,1,1089,7,0.7318287037037037,5.304871618276711,0.45926459985580387,ELECTRE-III,1
641,0344,0,0,"[13.03193007317169, 102.49531449663958]","[np.float64(15.16804195423713), np.float64(104.723740023503)]",2026-06-14 03:14:00,354.63985662579006,1,6.1006521636502,337.8841515451168,25.95981910988346,63.4634949751172,11.500357729387822,1,1,1,1089,7,0.7319444444444444,16.623968840498932,0.45926459985580387,ELECTRE-III,1
642,0344,0,0,"[12.430557529961455, 102.36293860033555]","[np.float64(15.16804195423713), np.float64(104.723740023503)]",2026-06-14 03:14:10,354.63985662579006,1,6.1006521636502,397.02869248554384,29.773331772661216,63.50078780798547,8.500357729387822,1,1,1,1089,7,0.7320601851851852,10.696538284943378,0.45926459985580387,ELECTRE-III,1
643,0170,0,0,"[6.41601503647964, 101.05869348775411]","[np.float64(4.050883341734679), np.float64(98.64490216070004)]",2026-06-14 03:15:50,439.0286134842539,1,2.0777706029469485,374.9585404071172,28.381735430246042,53.259226506063996,15.249437967082546,2,2,2,939,10,0.7332175925925926,15.249437967082546,0.6863734679163662,ELECTRE-III,1
644,0170,0,0,"[5.814513573448821, 100.92975317660262]","[np.float64(4.050883341734679), np.float64(98.64490216070004)]",2026-06-14 03:16:00,439.0286134842539,1,2.0777706029469485,320.193850434297,24.767391934904566,53.29344233871117,18.249437967082546,2,2,2,939,10,0.7333333333333333,10.916104633749214,0.6863734679163662,ELECTRE-III,1
645,0170,0,0,"[5.213009975983886, 100.8009972805587]","[np.float64(4.050883341734679), np.float64(98.64490216070004)]",2026-06-14 03:16:10,439.0286134842539,1,2.0777706029469485,271.66220864889345,21.377566129901446,53.327644510980015,15.249437967082546,2,2,2,939,10,0.7334490740740741,13.782539818934398,0.6863734679163662,ELECTRE-III,1
646,0170,0,0,"[4.611505951632128, 100.67241213924405]","[np.float64(4.050883341734679), np.float64(98.64490216070004)]",2026-06-14 03:16:20,439.0286134842539,1,2.0777706029469485,233.28751937659592,18.580027616504527,53.361836437965096,17.249437967082546,2,2,2,939,10,0.7335648148148148,17.249437967082546,0.6863734679163662,ELECTRE-III,1
647,0170,0,0,"[4.010001927280371, 100.54397043190195]","[np.float64(4.050883341734679), np.float64(98.64490216070004)]",2026-06-14 03:16:30,439.0286134842539,1,2.0777706029469485,210.69379929169648,16.88794222898518,53.39601470457184,15.249437967082546,2,2,2,939,10,0.7336805555555556,21.11888241152699,0.6863734679163662,ELECTRE-III,1
648,0170,0,0,"[3.40850025080614, 100.41566532834327]","[np.float64(4.050883341734679), np.float64(98.64490216070004)]",2026-06-14 03:16:40,439.0286134842539,1,2.0777706029469485,209.06319870451432,16.76460221210403,53.43018272589483,17.249437967082546,2,2,2,939,10,0.7337962962962963,15.781845374489954,0.6863734679163662,ELECTRE-III,1
649,0170,0,0,"[2.8070022028699055, 100.2874695078113]","[np.float64(4.050883341734679), np.float64(98.64490216070004)]",2026-06-14 03:16:50,439.0286134842539,1,2.0777706029469485,228.84339157494102,18.249740265374314,53.46434050193407,10.249437967082546,2,2,2,939,10,0.733912037037037,10.983350004119583,0.6863734679163662,ELECTRE-III,1
650,0170,0,0,"[2.2055090641321375, 100.15936247973853]","[np.float64(4.050883341734679), np.float64(98.64490216070004)]",2026-06-14 03:17:00,439.0286134842539,1,2.0777706029469485,265.28747576780523,20.91978621324708,53.49848461759496,18.249437967082546,2,2,2,939,10,0.7340277777777777,20.45152130041588,0.6863734679163662,ELECTRE-III,1
651,0170,0,0,"[1.6040223286967161, 100.03132375355747]","[np.float64(4.050883341734679), np.float64(98.64490216070004)]",2026-06-14 03:17:10,439.0286134842539,1,2.0777706029469485,312.6208336134261,24.24976863806694,53.53261507287751,15.249437967082546,2,2,2,939,10,0.7341435185185186,21.85672963374921,0.6863734679163662,ELECTRE-III,1
652,0170,0,0,"[1.0025434906675226, 99.90333966888977]","[np.float64(4.050883341734679), np.float64(98.64490216070004)]",2026-06-14 03:17:20,439.0286134842539,1,2.0777706029469485,366.6503025971215,27.848145805103034,53.56673528287631,10.249437967082546,2,2,2,939,10,0.7342592592592593,9.515178707823287,0.6863734679163662,ELECTRE-III,1
653,0133,0,0,"[59.39195773917007, 93.16552197721228]","[np.float64(56.37599540038676), np.float64(90.7047273741157)]",2026-06-14 04:39:50,156.88041275590297,1,6.218941335393352,365.4910195787093,27.77326989626644,53.981027237172604,10.754956540914197,1,1,1,1231,3,0.7915509259259259,16.295813022395677,0.13121845710165825,ELECTRE-III,1
654,0133,0,0,"[58.80731403678448, 92.7963229318164]","[np.float64(56.37599540038676), np.float64(90.7047273741157)]",2026-06-14 04:40:00,156.88041275590297,1,6.218941335393352,297.6673359574469,23.21524176777519,53.99298006822013,3.754956540914197,1,1,1,1231,3,0.7916666666666666,0.0,0.13121845710165825,ELECTRE-III,1
655,0133,0,0,"[58.22187803245518, 92.43798388720086]","[np.float64(56.37599540038676), np.float64(90.7047273741157)]",2026-06-14 04:40:10,156.88041275590297,1,6.218941335393352,230.13504694890625,18.34586661652907,54.004915823794725,3.754956540914197,1,1,1,1231,3,0.7917824074074075,0.0,0.13121845710165825,ELECTRE-III,1
656,0133,0,0,"[57.63567704693884, 92.08993793766452]","[np.float64(56.37599540038676), np.float64(90.7047273741157)]",2026-06-14 04:40:20,156.88041275590297,1,6.218941335393352,163.25593501819117,13.23753293516172,54.016824258612644,11.754956540914197,1,1,1,1231,3,0.7918981481481482,13.338752837210492,0.13121845710165825,ELECTRE-III,1
657,0133,0,0,"[57.0487691368434, 91.75163183788462]","[np.float64(56.37599540038676), np.float64(90.7047273741157)]",2026-06-14 04:40:30,156.88041275590297,1,6.218941335393352,98.37693602547782,8.068123974301415,54.02871561795764,3.754956540914197,1,1,1,1231,3,0.7920138888888889,5.338984318691975,0.13121845710165825,ELECTRE-III,1
658,0133,0,0,"[56.461185038020126, 91.42256015386258]","[np.float64(56.37599540038676), np.float64(90.7047273741157)]",2026-06-14 04:40:40,156.88041275590297,1,6.218941335393352,45.15440409092886,3.722644481264979,54.040586486735116,6.754956540914197,1,1,1,1231,3,0.7921296296296296,3.5864380223956784,0.13121845710165825,ELECTRE-III,1
659,0133,0,0,"[55.87295890141487, 91.10225843273483]","[np.float64(56.37599540038676), np.float64(90.7047273741157)]",2026-06-14 04:40:50,156.88041275590297,1,6.218941335393352,61.12098270087207,5.033086432390291,54.052433449850504,4.754956540914197,1,1,1,1231,3,0.7922453703703703,0.7937296890623453,0.13121845710165825,ELECTRE-III,1
660,0133,0,0,"[55.28412487797349, 90.79027588201615]","[np.float64(56.37599540038676), np.float64(90.7047273741157)]",2026-06-14 04:41:00,156.88041275590297,1,6.218941335393352,121.52810526184405,9.932502050328084,54.06425992239838,9.754956540914197,1,1,1,1231,3,0.7923611111111111,12.13203987424753,0.13121845710165825,ELECTRE-III,1
661,0133,0,0,"[54.69471370354724, 90.48619586016719]","[np.float64(56.37599540038676), np.float64(90.7047273741157)]",2026-06-14 04:41:10,156.88041275590297,1,6.218941335393352,187.45504004018937,15.115349233706345,54.07606248928416,12.754956540914197,1,1,1,1231,3,0.7924768518518519,18.30229450387716,0.13121845710165825,ELECTRE-III,1
662,0133,0,0,"[54.10475952908197, 90.18964270678357]","[np.float64(56.37599540038676), np.float64(90.7047273741157)]",2026-06-14 04:41:20,156.88041275590297,1,6.218941335393352,254.65060528442808,20.14968834387443,54.08784798069702,4.754956540914197,1,1,1,1231,3,0.7925925925925926,3.962363948321604,0.13121845710165825,ELECTRE-III,1
663,0133,0,0,"[53.514282845145196, 89.90024076146096]","[np.float64(56.37599540038676), np.float64(90.7047273741157)]",2026-06-14 04:41:30,156.88041275590297,1,6.218941335393352,322.3235708364669,24.912190813106193,54.09960956644778,9.754956540914197,1,1,1,1231,3,0.7927083333333333,10.54766487424753,0.13121845710165825,ELECTRE-III,1
664,0133,0,0,"[52.9233109724936, 89.61765534493003]","[np.float64(56.37599540038676), np.float64(90.7047273741157)]",2026-06-14 04:41:40,156.88041275590297,1,6.218941335393352,390.2261380872625,29.348416773564406,54.111350661631036,3.754956540914197,1,1,1,1231,3,0.7928240740740741,1.3764843186919746,0.13121845710165825,ELECTRE-III,1
665,0293,1,0,"[41.02866972160521, 85.01231833477888]","[np.float64(40.91596440505024), np.float64(80.40301807772518)]",2026-06-14 04:45:00,166.9591127164909,1,2.690671794992206,387.1326898611571,29.154005332584138,60.38904241458687,14.747598442471997,4,4,3,1319,5,0.7951388888888888,10.771903998027552,0.3193943763518385,ELECTRE-III,1
666,0293,1,0,"[40.431219414525856, 84.82026707569646]","[np.float64(40.91596440505024), np.float64(80.40301807772518)]",2026-06-14 04:45:10,166.9591127164909,1,2.690671794992206,376.3622567105624,28.471363285293886,60.4168686052655,20.747598442471997,4,4,3,1319,5,0.7952546296296297,16.771325294323848,0.3193943763518385,ELECTRE-III,1
667,0293,1,0,"[39.83358469233891, 84.63087276020119]","[np.float64(40.91596440505024), np.float64(80.40301807772518)]",2026-06-14 04:45:20,166.9591127164909,1,2.690671794992206,377.7795718778397,28.561705408908534,60.444681135565794,20.747598442471997,4,4,3,1319,5,0.7953703703703704,17.566116960990517,0.3193943763518385,ELECTRE-III,1
668,0293,1,0,"[39.235768970138956, 84.44402610526632]","[np.float64(40.91596440505024), np.float64(80.40301807772518)]",2026-06-14 04:45:30,166.9591127164909,1,2.690671794992206,391.25286006937796,29.41277900682425,60.472480005487746,20.747598442471997,4,4,3,1319,5,0.7954861111111111,26.316001220249774,0.3193943763518385,ELECTRE-III,1
669,0374,0,0,"[38.03963550683506, 84.07760694686264]","[np.float64(37.19276942880283), np.float64(79.82078676598965)]",2026-06-14 04:45:50,814.1109513422635,2,5.644634463693773,386.5427507720952,29.11684602247017,61.674197148438125,15.62397808592991,3,3,3,511,7,0.7957175925925926,13.236825308152131,0.45926459985580387,ELECTRE-III,1
670,0374,0,0,"[37.44132801101487, 83.89785002828624]","[np.float64(37.19276942880283), np.float64(79.82078676598965)]",2026-06-14 04:46:00,814.1109513422635,2,5.644634463693773,361.574796422971,27.519565460356397,61.70511058462161,9.62397808592991,3,3,3,511,7,0.7958333333333333,16.786478085929907,0.45926459985580387,ELECTRE-III,1
671,0374,0,0,"[36.842870251032934, 83.72029243062259]","[np.float64(37.19276942880283), np.float64(79.82078676598965)]",2026-06-14 04:46:10,814.1109513422635,2,5.644634463693773,348.3656540597803,26.655177527114468,61.73601719061591,14.62397808592991,3,3,3,511,7,0.7959490740740741,14.62397808592991,0.45926459985580387,ELECTRE-III,1
672,0374,0,0,"[36.244265641983844, 83.54484536141247]","[np.float64(37.19276942880283), np.float64(79.82078676598965)]",2026-06-14 04:46:20,814.1109513422635,2,5.644634463693773,348.25646202503856,26.64797662324441,61.76691013623188,11.62397808592991,3,3,3,511,7,0.7960648148148148,15.604302160003984,0.45926459985580387,ELECTRE-III,1
673,0374,0,0,"[35.645521014056776, 83.37143368857502]","[np.float64(37.19276942880283), np.float64(79.82078676598965)]",2026-06-14 04:46:30,814.1109513422635,2,5.644634463693773,361.2605229141968,27.49915490161269,61.797796251658674,11.62397808592991,3,3,3,511,7,0.7961805555555556,7.643075308152132,0.45926459985580387,ELECTRE-III,1
674,0374,0,0,"[35.046639782346304, 83.19998228002936]","[np.float64(37.19276942880283), np.float64(79.82078676598965)]",2026-06-14 04:46:40,814.1109513422635,2,5.644634463693773,386.056165518951,29.086176585648673,61.828675536896306,17.62397808592991,3,3,3,511,7,0.7962962962962963,11.25360771555954,0.45926459985580387,ELECTRE-III,1
675,0500,0,0,"[30.851117537490513, 82.0491432162064]","[np.float64(28.05199619459493), np.float64(84.00460268817112)]",2026-06-14 04:47:50,264.5960256714063,1,5.474449329994129,364.29368457446986,27.695827938302486,67.80595166449288,14.12949665976156,4,4,3,1166,8,0.7971064814814814,13.332390178280079,0.5508291276135544,ELECTRE-III,1
676,0172,0,0,"[30.251331305715016, 81.89105848786646]","[np.float64(26.6900983085824), np.float64(82.02390902942602)]",2026-06-14 04:48:00,609.9463859778404,1,6.083297902220643,396.2043366895315,29.722029539247917,66.20251011531903,16.62397808592991,1,1,1,1470,11,0.7972222222222223,17.42120030815213,0.7274693583273252,ELECTRE-III,1
677,0500,0,0,"[30.251331305715016, 81.89105848786646]","[np.float64(28.05199619459493), np.float64(84.00460268817112)]",2026-06-14 04:48:00,264.5960256714063,1,5.474449329994129,319.253026163103,24.703317827813436,67.8424385350391,12.12949665976156,4,4,3,1166,8,0.7972222222222223,12.926718881983783,0.5508291276135544,ELECTRE-III,1
678,0172,0,0,"[29.651449451291136, 81.73438760868471]","[np.float64(26.6900983085824), np.float64(82.02390902942602)]",2026-06-14 04:48:10,609.9463859778404,1,6.083297902220643,330.5078893383386,25.46547830551103,66.23968683497141,23.62397808592991,1,1,1,1470,11,0.797337962962963,25.218654011855836,0.7274693583273252,ELECTRE-III,1
679,0354,0,0,"[29.651449451291136, 81.73438760868471]","[np.float64(27.01997852084376), np.float64(79.18184992959758)]",2026-06-14 04:48:10,190.14760823379874,1,6.761732631797464,384.71629310770766,29.00163007048116,63.6942255954694,8.63133618437211,4,4,3,724,2,0.797337962962963,15.010039888075813,0.05767844268204758,ELECTRE-III,1
680,0500,0,0,"[29.651449451291136, 81.73438760868471]","[np.float64(28.05199619459493), np.float64(84.00460268817112)]",2026-06-14 04:48:10,264.5960256714063,1,5.474449329994129,283.7423135464464,22.23722768481878,67.87891857539613,12.12949665976156,4,4,3,1166,8,0.797337962962963,14.52151054865045,0.5508291276135544,ELECTRE-III,1
681,0172,0,0,"[29.05147538931346, 81.57907593714779]","[np.float64(26.6900983085824), np.float64(82.02390902942602)]",2026-06-14 04:48:20,609.9463859778404,1,6.083297902220643,266.1884542496353,20.98465842044646,66.27686355462379,18.62397808592991,1,1,1,1470,11,0.7974537037037037,20.218885493337318,0.7274693583273252,ELECTRE-III,1
682,0354,0,0,"[29.05147538931346, 81.57907593714779]","[np.float64(27.01997852084376), np.float64(79.18184992959758)]",2026-06-14 04:48:20,190.14760823379874,1,6.761732631797464,326.1466905616388,25.1712720577096,63.731306692473396,13.63133618437211,4,4,3,724,2,0.7974537037037037,20.01096581400174,0.05767844268204758,ELECTRE-III,1
683,0437,0,0,"[29.05147538931346, 81.57907593714779]","[np.float64(27.23273465917707), np.float64(84.8995652894349)]",2026-06-14 04:48:20,882.9498017050298,2,4.000415193208481,383.24083346491074,28.90836766066617,68.79392486755688,13.627657135151011,3,3,3,1375,9,0.7974537037037037,9.640388616632492,0.635183850036049,ELECTRE-III,1
684,0500,0,0,"[29.05147538931346, 81.57907593714779]","[np.float64(28.05199619459493), np.float64(84.00460268817112)]",2026-06-14 04:48:20,264.5960256714063,1,5.474449329994129,261.6707227979513,20.658808264037315,67.91539861575316,7.1294966597615606,4,4,3,1166,8,0.7974537037037037,13.50912628939119,0.5508291276135544,ELECTRE-III,1
685,009,0,0,"[28.45141765751845, 81.42508249212068]","[np.float64(27.35734379800816), np.float64(85.29206795841348)]",2026-06-14 04:48:30,766.3843243283203,2,2.609004979866673,398.968734263727,29.89385944280915,69.16461972438098,13.63133618437211,4,4,3,1085,9,0.7975694444444444,8.845919517705443,0.635183850036049,ELECTRE-III,1
686,0172,0,0,"[28.45141765751845, 81.42508249212068]","[np.float64(26.6900983085824), np.float64(82.02390902942602)]",2026-06-14 04:48:30,609.9463859778404,1,6.083297902220643,204.54996216251647,16.422384519026565,66.314033444087,22.62397808592991,1,1,1,1470,11,0.7975694444444444,21.02883919704102,0.7274693583273252,ELECTRE-III,1
687,0354,0,0,"[28.45141765751845, 81.42508249212068]","[np.float64(27.01997852084376), np.float64(79.18184992959758)]",2026-06-14 04:48:30,190.14760823379874,1,6.761732631797464,272.16048321626505,21.413228535754975,63.768394619666566,8.63133618437211,4,4,3,724,2,0.7975694444444444,7.833766739927666,0.05767844268204758,ELECTRE-III,1
688,0420,0,0,"[28.45141765751845, 81.42508249212068]","[np.float64(25.24491213164131), np.float64(82.96245616846963)]",2026-06-14 04:48:30,734.0649581538501,2,7.86089845510736,387.7859439824936,29.19512140653251,67.18704090304135,17.12581761054046,2,2,2,649,8,0.7975694444444444,10.745262054984902,0.5508291276135544,ELECTRE-III,1
689,0437,0,0,"[28.45141765751845, 81.42508249212068]","[np.float64(27.23273465917707), np.float64(84.8995652894349)]",2026-06-14 04:48:30,882.9498017050298,2,4.000415193208481,367.49512104777165,27.902646004814127,68.83078056831827,17.62765713515101,3,3,3,1375,9,0.7975694444444444,20.817934912928788,0.635183850036049,ELECTRE-III,1
690,0500,0,0,"[28.45141765751845, 81.42508249212068]","[np.float64(28.05199619459493), np.float64(84.00460268817112)]",2026-06-14 04:48:30,264.5960256714063,1,5.474449329994129,256.5300578318133,20.286321424195332,67.95187865611021,6.1294966597615606,4,4,3,1166,8,0.7975694444444444,2.939218881983783,0.5508291276135544,ELECTRE-III,1
691,009,0,0,"[27.85127625590611, 81.2723594622792]","[np.float64(27.35734379800816), np.float64(85.29206795841348)]",2026-06-14 04:48:40,766.3843243283203,2,2.609004979866673,399.8626764006149,29.94929891141057,69.20138663268317,8.63133618437211,4,4,3,1085,9,0.7976851851851852,15.810502851038777,0.635183850036049,ELECTRE-III,1
692,0172,0,0,"[27.85127625590611, 81.2723594622792]","[np.float64(26.6900983085824), np.float64(82.02390902942602)]",2026-06-14 04:48:40,609.9463859778404,1,6.083297902220643,148.9578828596651,12.113983846532774,66.35121016373938,19.62397808592991,1,1,1,1470,11,0.7976851851851852,14.040181789633614,0.7274693583273252,ELECTRE-III,1
693,0354,0,0,"[27.85127625590611, 81.2723594622792]","[np.float64(27.01997852084376), np.float64(79.18184992959758)]",2026-06-14 04:48:40,190.14760823379874,1,6.761732631797464,226.06619762377414,18.042698463931888,63.805475716670564,9.63133618437211,4,4,3,724,2,0.7976851851851852,15.215132480668405,0.05767844268204758,ELECTRE-III,1
694,0420,0,0,"[27.85127625590611, 81.2723594622792]","[np.float64(25.24491213164131), np.float64(82.96245616846963)]",2026-06-14 04:48:40,734.0649581538501,2,7.86089845510736,335.0318952932604,25.76915438138499,67.22470939631397,15.125817610540459,2,2,2,649,8,0.7976851851851852,21.50729909202194,0.5508291276135544,ELECTRE-III,1
695,0437,0,0,"[27.85127625590611, 81.2723594622792]","[np.float64(27.23273465917707), np.float64(84.8995652894349)]",2026-06-14 04:48:40,882.9498017050298,2,4.000415193208481,364.1574052673911,27.68700660651644,68.86762943889049,20.62765713515101,3,3,3,1375,9,0.7976851851851852,15.043860838854716,0.635183850036049,ELECTRE-III,1
696,0500,0,0,"[27.85127625590611, 81.2723594622792]","[np.float64(28.05199619459493), np.float64(84.00460268817112)]",2026-06-14 04:48:40,264.5960256714063,1,5.474449329994129,269.2910517577087,21.207620198465477,67.98835186627808,15.12949665976156,4,4,3,1166,8,0.7976851851851852,7.950329993094894,0.5508291276135544,ELECTRE-III,1
697,0172,0,0,"[27.251052892023733, 81.12086586648832]","[np.float64(26.6900983085824), np.float64(82.02390902942602)]",2026-06-14 04:48:50,609.9463859778404,1,6.083297902220643,109.08491943040889,8.93282802280982,66.38838005320258,18.62397808592991,1,1,1,1470,11,0.7978009259259259,11.443769752596577,0.7274693583273252,ELECTRE-III,1
698,0354,0,0,"[27.251052892023733, 81.12086586648832]","[np.float64(27.01997852084376), np.float64(79.18184992959758)]",2026-06-14 04:48:50,190.14760823379874,1,6.761732631797464,193.58761501880545,15.586162120382735,63.842563643863734,7.63133618437211,4,4,3,724,2,0.7978009259259259,2.0467297028906284,0.05767844268204758,ELECTRE-III,1
699,0420,0,0,"[27.251052892023733, 81.12086586648832]","[np.float64(25.24491213164131), np.float64(82.96245616846963)]",2026-06-14 04:48:50,734.0649581538501,2,7.86089845510736,288.9401278213597,22.60392701660092,67.26238471977575,20.12581761054046,2,2,2,649,8,0.7978009259259259,16.934613906836756,0.5508291276135544,ELECTRE-III,1
700,0437,0,0,"[27.251052892023733, 81.12086586648832]","[np.float64(27.23273465917707), np.float64(84.8995652894349)]",2026-06-14 04:48:50,882.9498017050298,2,4.000415193208481,373.5593955744414,28.292248447964727,68.90447830946272,21.62765713515101,3,3,3,1375,9,0.7978009259259259,28.010064542558418,0.635183850036049,ELECTRE-III,1
701,0500,0,0,"[27.251052892023733, 81.12086586648832]","[np.float64(28.05199619459493), np.float64(84.00460268817112)]",2026-06-14 04:48:50,264.5960256714063,1,5.474449329994129,297.6593619017447,23.214685730259756,68.02482507644594,8.12949665976156,4,4,3,1166,8,0.7978009259259259,8.927297585687487,0.5508291276135544,ELECTRE-III,1
702,0172,0,0,"[26.65075439606048, 80.97054706323468]","[np.float64(26.6900983085824), np.float64(82.02390902942602)]",2026-06-14 04:49:00,609.9463859778404,1,6.083297902220643,104.75764449139935,8.583857787573718,66.4255499426658,17.62397808592991,1,1,1,1470,11,0.7979166666666667,19.219811419263245,0.7274693583273252,ELECTRE-III,1
703,0354,0,0,"[26.65075439606048, 80.97054706323468]","[np.float64(27.01997852084376), np.float64(79.18184992959758)]",2026-06-14 04:49:00,190.14760823379874,1,6.761732631797464,182.15982632903854,14.707131929561925,63.87964474086773,7.63133618437211,4,4,3,724,2,0.7979166666666667,5.237586184372109,0.05767844268204758,ELECTRE-III,1
704,0420,0,0,"[26.65075439606048, 80.97054706323468]","[np.float64(25.24491213164131), np.float64(82.96245616846963)]",2026-06-14 04:49:00,734.0649581538501,2,7.86089845510736,253.17661668469012,20.042364179453056,67.30005321304839,19.12581761054046,2,2,2,649,8,0.7979166666666667,22.317484277207125,0.5508291276135544,ELECTRE-III,1
705,0437,0,0,"[26.65075439606048, 80.97054706323468]","[np.float64(27.23273465917707), np.float64(84.8995652894349)]",2026-06-14 04:49:00,882.9498017050298,2,4.000415193208481,394.79237831392174,29.634036987584544,68.94132718003493,12.627657135151011,3,3,3,1375,9,0.7979166666666667,6.244323801817678,0.635183850036049,ELECTRE-III,1
706,0500,0,0,"[26.65075439606048, 80.97054706323468]","[np.float64(28.05199619459493), np.float64(84.00460268817112)]",2026-06-14 04:49:00,264.5960256714063,1,5.474449329994129,337.72505067857105,25.949199902750156,68.06129145642464,15.12949665976156,4,4,3,1166,8,0.7979166666666667,12.73574665976156,0.5508291276135544,ELECTRE-III,1
707,0172,0,0,"[26.05038076801636, 80.82136207138325]","[np.float64(26.6900983085824), np.float64(82.02390902942602)]",2026-06-14 04:49:10,609.9463859778404,1,6.083297902220643,139.3282841416113,11.351863331940939,66.46271983212901,18.62397808592991,1,1,1,1470,11,0.7980324074074074,22.614140122966948,0.7274693583273252,ELECTRE-III,1
708,0354,0,0,"[26.05038076801636, 80.82136207138325]","[np.float64(27.01997852084376), np.float64(79.18184992959758)]",2026-06-14 04:49:10,190.14760823379874,1,6.761732631797464,195.51123559286057,15.73340283661191,63.91672583787173,12.63133618437211,4,4,3,724,2,0.7980324074074074,11.833303776964701,0.05767844268204758,ELECTRE-III,1
709,0413,0,0,"[26.05038076801636, 80.82136207138325]","[np.float64(22.72030692974466), np.float64(80.26534786698726)]",2026-06-14 04:49:10,413.47514183549276,1,3.339157758321102,374.5430671260076,28.355178184250207,64.7236307260387,10.253117016303648,1,1,1,633,2,0.7980324074074074,5.464922571859203,0.05767844268204758,ELECTRE-III,1
710,0420,0,0,"[26.05038076801636, 80.82136207138325]","[np.float64(25.24491213164131), np.float64(82.96245616846963)]",2026-06-14 04:49:10,734.0649581538501,2,7.86089845510736,232.5553812080471,18.525702486795858,67.33772853651017,19.12581761054046,2,2,2,649,8,0.7980324074074074,15.13565557350342,0.5508291276135544,ELECTRE-III,1
711,0500,0,0,"[26.05038076801636, 80.82136207138325]","[np.float64(28.05199619459493), np.float64(84.00460268817112)]",2026-06-14 04:49:10,264.5960256714063,1,5.474449329994129,385.8610622450088,29.07387410592471,68.09776466659251,14.12949665976156,4,4,3,1166,8,0.7980324074074074,17.32162628939119,0.5508291276135544,ELECTRE-III,1
712,0172,0,0,"[25.449937130533247, 80.67328357017738]","[np.float64(26.6900983085824), np.float64(82.02390902942602)]",2026-06-14 04:49:20,609.9463859778404,1,6.083297902220643,192.90874735923757,15.534148646687289,66.49988972159221,22.62397808592991,1,1,1,1470,11,0.7981481481481482,19.431385493337316,0.7274693583273252,ELECTRE-III,1
713,0342,0,0,"[25.449937130533247, 80.67328357017738]","[np.float64(22.44477907087294), np.float64(82.07061950940755)]",2026-06-14 04:49:20,493.55559764076975,1,3.6238880793081245,363.06901213422725,27.616503991458654,66.3836603924861,21.500357729387822,1,1,1,1361,4,0.7981481481481482,28.683691062721156,0.20908435472242248,ELECTRE-III,1
714,0354,0,0,"[25.449937130533247, 80.67328357017738]","[np.float64(27.01997852084376), np.float64(79.18184992959758)]",2026-06-14 04:49:20,190.14760823379874,1,6.761732631797464,229.35650169959595,18.287939228185195,63.95380693487573,7.63133618437211,4,4,3,724,2,0.7981481481481482,4.438743591779517,0.05767844268204758,ELECTRE-III,1
715,0413,0,0,"[25.449937130533247, 80.67328357017738]","[np.float64(22.72030692974466), np.float64(80.26534786698726)]",2026-06-14 04:49:20,413.47514183549276,1,3.339157758321102,306.33259313538133,23.816731914026906,64.76178416274239,14.253117016303648,1,1,1,633,2,0.7981481481481482,19.042005905192536,0.05767844268204758,ELECTRE-III,1
716,0420,0,0,"[25.449937130533247, 80.67328357017738]","[np.float64(25.24491213164131), np.float64(82.96245616846963)]",2026-06-14 04:49:20,734.0649581538501,2,7.86089845510736,231.16325463481311,18.42231055612517,67.37539702978279,23.12581761054046,2,2,2,649,8,0.7981481481481482,15.942484277207125,0.5508291276135544,ELECTRE-III,1
717,0172,0,0,"[24.84942519115843, 80.52625691810368]","[np.float64(26.6900983085824), np.float64(82.02390902942602)]",2026-06-14 04:49:30,609.9463859778404,1,6.083297902220643,253.729680408681,20.08265113596775,66.53705961105543,17.62397808592991,1,1,1,1470,11,0.7982638888888889,12.834394752596577,0.7274693583273252,ELECTRE-III,1
718,0342,0,0,"[24.84942519115843, 80.52625691810368]","[np.float64(22.44477907087294), np.float64(82.07061950940755)]",2026-06-14 04:49:30,493.55559764076975,1,3.6238880793081245,310.21598136451087,24.084504404147403,66.42186847070316,17.500357729387822,1,1,1,1361,4,0.7982638888888889,9.517718840498933,0.20908435472242248,ELECTRE-III,1
719,0354,0,0,"[24.84942519115843, 80.52625691810368]","[np.float64(27.01997852084376), np.float64(79.18184992959758)]",2026-06-14 04:49:30,190.14760823379874,1,6.761732631797464,276.26349605202046,21.706225581773197,63.990888031879734,13.63133618437211,4,4,3,724,2,0.7982638888888889,14.429600073260998,0.05767844268204758,ELECTRE-III,1
720,0413,0,0,"[24.84942519115843, 80.52625691810368]","[np.float64(22.72030692974466), np.float64(80.26534786698726)]",2026-06-14 04:49:30,413.47514183549276,1,3.339157758321102,238.23103037271116,18.945930417864876,64.79994442963525,16.253117016303648,1,1,1,633,2,0.7982638888888889,10.665269794081425,0.05767844268204758,ELECTRE-III,1
721,0420,0,0,"[24.84942519115843, 80.52625691810368]","[np.float64(25.24491213164131), np.float64(82.96245616846963)]",2026-06-14 04:49:30,734.0649581538501,2,7.86089845510736,249.32328032820607,19.76110205014093,67.41306552305541,21.12581761054046,2,2,2,649,8,0.7982638888888889,24.318873166096015,0.5508291276135544,ELECTRE-III,1
722,0172,0,0,"[24.248848364986504, 80.38024796421632]","[np.float64(26.6900983085824), np.float64(82.02390902942602)]",2026-06-14 04:49:40,609.9463859778404,1,6.083297902220643,317.6587869453831,24.594592776545664,66.57422950051864,24.62397808592991,1,1,1,1470,11,0.7983796296296296,18.236941048892874,0.7274693583273252,ELECTRE-III,1
723,0342,0,0,"[24.248848364986504, 80.38024796421632]","[np.float64(22.44477907087294), np.float64(82.07061950940755)]",2026-06-14 04:49:40,493.55559764076975,1,3.6238880793081245,264.6100867079386,20.870975862984892,66.46007654892021,18.500357729387822,1,1,1,1361,4,0.7983796296296296,20.89549661827671,0.20908435472242248,ELECTRE-III,1
724,0354,0,0,"[24.248848364986504, 80.38024796421632]","[np.float64(27.01997852084376), np.float64(79.18184992959758)]",2026-06-14 04:49:40,190.14760823379874,1,6.761732631797464,330.72130209522555,25.47983841041543,64.02796912888373,15.63133618437211,4,4,3,724,2,0.7983796296296296,14.83295655474248,0.05767844268204758,ELECTRE-III,1
725,0413,0,0,"[24.248848364986504, 80.38024796421632]","[np.float64(22.72030692974466), np.float64(80.26534786698726)]",2026-06-14 04:49:40,413.47514183549276,1,3.339157758321102,170.36971608105281,13.792756064999852,64.83810469652812,17.253117016303648,1,1,1,633,2,0.7983796296296296,9.269320720007352,0.05767844268204758,ELECTRE-III,1
726,0420,0,0,"[24.248848364986504, 80.38024796421632]","[np.float64(25.24491213164131), np.float64(82.96245616846963)]",2026-06-14 04:49:40,734.0649581538501,2,7.86089845510736,283.2993102702084,22.20588492565021,67.4507408465172,19.12581761054046,2,2,2,649,8,0.7983796296296296,26.311234277207127,0.5508291276135544,ELECTRE-III,1
727,0172,0,0,"[23.648210067112046, 80.23522938775861]","[np.float64(26.6900983085824), np.float64(82.02390902942602)]",2026-06-14 04:49:50,609.9463859778404,1,6.083297902220643,383.1427495341964,28.902161913661217,66.61139938998184,22.62397808592991,1,1,1,1470,11,0.7984953703703703,22.62397808592991,0.7274693583273252,ELECTRE-III,1
728,0342,0,0,"[23.648210067112046, 80.23522938775861]","[np.float64(22.44477907087294), np.float64(82.07061950940755)]",2026-06-14 04:49:50,493.55559764076975,1,3.6238880793081245,230.59083914783974,18.379761667547708,66.49828462713727,13.500357729387822,1,1,1,1361,4,0.7984953703703703,20.686816062721157,0.20908435472242248,ELECTRE-III,1
729,0354,0,0,"[23.648210067112046, 80.23522938775861]","[np.float64(27.01997852084376), np.float64(79.18184992959758)]",2026-06-14 04:49:50,190.14760823379874,1,6.761732631797464,389.57693980109326,29.30767839731098,64.06505022588773,14.63133618437211,4,4,3,724,2,0.7984953703703703,14.63133618437211,0.05767844268204758,ELECTRE-III,1
730,0413,0,0,"[23.648210067112046, 80.23522938775861]","[np.float64(22.72030692974466), np.float64(80.26534786698726)]",2026-06-14 04:49:50,413.47514183549276,1,3.339157758321102,103.2241835557297,8.460037324687846,64.87626496342098,13.253117016303648,1,1,1,633,2,0.7984953703703703,16.447098497785127,0.05767844268204758,ELECTRE-III,1
731,0420,0,0,"[23.648210067112046, 80.23522938775861]","[np.float64(25.24491213164131), np.float64(82.96245616846963)]",2026-06-14 04:49:50,734.0649581538501,2,7.86089845510736,328.2145266444161,25.31094636781479,67.48840933978983,19.12581761054046,2,2,2,649,8,0.7984953703703703,19.92431298091083,0.5508291276135544,ELECTRE-III,1
732,0342,0,0,"[23.04751200508235, 80.09114654721719]","[np.float64(22.44477907087294), np.float64(82.07061950940755)]",2026-06-14 04:50:00,493.55559764076975,1,3.6238880793081245,213.7644467444389,17.119770883721717,66.53649270535432,17.500357729387822,1,1,1,1361,4,0.7986111111111112,22.29202439605449,0.20908435472242248,ELECTRE-III,1
733,0413,0,0,"[23.04751200508235, 80.09114654721719]","[np.float64(22.72030692974466), np.float64(80.26534786698726)]",2026-06-14 04:50:00,413.47514183549276,1,3.339157758321102,40.5245184750903,3.3418591954392642,64.91442523031384,9.253117016303648,1,1,1,633,2,0.7986111111111112,10.051728127414759,0.05767844268204758,ELECTRE-III,1
734,0420,0,0,"[23.04751200508235, 80.09114654721719]","[np.float64(25.24491213164131), np.float64(82.96245616846963)]",2026-06-14 04:50:00,734.0649581538501,2,7.86089845510736,380.2126140418516,28.716430701713065,67.52608466325161,22.12581761054046,2,2,2,649,8,0.7986111111111112,25.3202620549849,0.5508291276135544,ELECTRE-III,1
735,0342,0,0,"[22.446755886444706, 79.94797895202456]","[np.float64(22.44477907087294), np.float64(82.07061950940755)]",2026-06-14 04:50:10,493.55559764076975,1,3.6238880793081245,218.14438297708205,17.449449815033432,66.57470078357136,18.500357729387822,1,1,1,1361,4,0.7987268518518519,19.299084581239676,0.20908435472242248,ELECTRE-III,1
736,0413,0,0,"[22.446755886444706, 79.94797895202456]","[np.float64(22.72030692974466), np.float64(80.26534786698726)]",2026-06-14 04:50:10,413.47514183549276,1,3.339157758321102,44.574999683602385,3.675008653014083,64.9525854972067,12.253117016303648,1,1,1,633,2,0.7987268518518519,17.84420497926661,0.05767844268204758,ELECTRE-III,1
737,0342,0,0,"[21.845946833840998, 79.80569245123485]","[np.float64(22.44477907087294), np.float64(82.07061950940755)]",2026-06-14 04:50:20,493.55559764076975,1,3.6238880793081245,242.583995798128,19.26680112503279,66.61290886178841,14.500357729387822,1,1,1,1361,4,0.7988425925925926,12.902672544202638,0.20908435472242248,ELECTRE-III,1
738,0413,0,0,"[21.845946833840998, 79.80569245123485]","[np.float64(22.72030692974466), np.float64(80.26534786698726)]",2026-06-14 04:50:20,413.47514183549276,1,3.339157758321102,108.11713163266906,8.854838462594223,64.99074576409956,13.253117016303648,1,1,1,633,2,0.7988425925925926,20.44270034963698,0.05767844268204758,ELECTRE-III,1
739,0342,0,0,"[21.245086554818513, 79.66424606371305]","[np.float64(22.44477907087294), np.float64(82.07061950940755)]",2026-06-14 04:50:30,493.55559764076975,1,3.6238880793081245,281.9136294722815,22.107756774025813,66.65111694000547,22.500357729387822,1,1,1,1361,4,0.7989583333333333,14.51077439605449,0.20908435472242248,ELECTRE-III,1
740,0413,0,0,"[21.245086554818513, 79.66424606371305]","[np.float64(22.72030692974466), np.float64(80.26534786698726)]",2026-06-14 04:50:30,413.47514183549276,1,3.339157758321102,175.35516911729866,14.180303576756701,65.02890603099242,15.253117016303648,1,1,1,633,2,0.7989583333333333,8.861450349636982,0.05767844268204758,ELECTRE-III,1
741,0271,0,0,"[20.644175049377253, 79.5236124687025]","[np.float64(17.39103690109519), np.float64(79.45515424972086)]",2026-06-14 04:50:40,117.15188311499895,1,5.361820532487275,361.8045256127009,27.534480479232524,63.209070428534226,13.005876303219473,3,3,3,1037,10,0.799074074074074,8.211431858775029,0.6863734679163662,ELECTRE-III,1
742,0335,0,0,"[20.644175049377253, 79.5236124687025]","[np.float64(17.40919319602953), np.float64(79.62608259559241)]",2026-06-14 04:50:40,525.8038031359381,1,6.856319990234182,359.87526322265967,27.409098683004483,63.370133119352296,13.002197253998371,2,2,2,1465,10,0.799074074074074,8.207752809553927,0.6863734679163662,ELECTRE-III,1
743,0342,0,0,"[20.644175049377253, 79.5236124687025]","[np.float64(22.44477907087294), np.float64(82.07061950940755)]",2026-06-14 04:50:40,493.55559764076975,1,3.6238880793081245,330.8645660245335,25.489476421402337,66.68932501822252,13.500357729387822,1,1,1,1361,4,0.799074074074074,18.294802173832267,0.20908435472242248,ELECTRE-III,1
744,0413,0,0,"[20.644175049377253, 79.5236124687025]","[np.float64(22.72030692974466), np.float64(80.26534786698726)]",2026-06-14 04:50:40,413.47514183549276,1,3.339157758321102,243.2433865089281,19.31529805840893,65.06706629788528,11.253117016303648,1,1,1,633,2,0.799074074074074,13.65033923852587,0.05767844268204758,ELECTRE-III,1
745,0451,0,0,"[20.644175049377253, 79.5236124687025]","[np.float64(17.73778874401928), np.float64(77.62397099064269)]",2026-06-14 04:50:40,733.6361819560962,2,7.7927724502652325,379.7733401470976,28.688529565362902,61.63836597605224,18.00219725399837,1,1,1,1498,12,0.799074074074074,25.193863920665038,0.8284066330209084,ELECTRE-III,1
746,0084,0,0,"[20.043217440159097, 79.3837575152573]","[np.float64(17.44335053413444), np.float64(76.83479555317345)]",2026-06-14 04:50:50,930.8257154901896,2,7.4951962784676285,394.4561720259657,29.613062073645622,60.871813845501705,21.998518204777273,3,3,3,581,5,0.7991898148148148,27.592846908480976,0.3193943763518385,ELECTRE-III,1
747,0271,0,0,"[20.043217440159097, 79.3837575152573]","[np.float64(17.39103690109519), np.float64(79.45515424972086)]",2026-06-14 04:50:50,117.15188311499895,1,5.361820532487275,295.00525336171853,23.029355655575237,63.247012129373644,15.005876303219473,3,3,3,1037,10,0.7991898148148148,15.005876303219473,0.6863734679163662,ELECTRE-III,1
748,0335,0,0,"[20.043217440159097, 79.3837575152573]","[np.float64(17.40919319602953), np.float64(79.62608259559241)]",2026-06-14 04:50:50,525.8038031359381,1,6.856319990234182,293.9998901601536,22.959019986333033,63.40806115981337,10.002197253998371,2,2,2,1465,10,0.7991898148148148,15.596525957702074,0.6863734679163662,ELECTRE-III,1
749,0342,0,0,"[20.043217440159097, 79.3837575152573]","[np.float64(22.44477907087294), np.float64(82.07061950940755)]",2026-06-14 04:50:50,493.55559764076975,1,3.6238880793081245,385.7912365422834,29.069470445417767,66.72753992662874,21.500357729387822,1,1,1,1361,4,0.7991898148148148,18.303598470128563,0.20908435472242248,ELECTRE-III,1
750,0413,0,0,"[20.043217440159097, 79.3837575152573]","[np.float64(22.72030692974466), np.float64(80.26534786698726)]",2026-06-14 04:50:50,413.47514183549276,1,3.339157758321102,311.35664225342106,24.162945276333197,65.10522656477814,16.253117016303648,1,1,1,633,2,0.7991898148148148,19.449876275562907,0.05767844268204758,ELECTRE-III,1
751,0451,0,0,"[20.043217440159097, 79.3837575152573]","[np.float64(17.73778874401928), np.float64(77.62397099064269)]",2026-06-14 04:50:50,733.6361819560962,2,7.7927724502652325,316.2069758589059,24.495416530774392,61.67643745048589,10.002197253998371,1,1,1,1498,12,0.7991898148148148,10.801387068813186,0.8284066330209084,ELECTRE-III,1
752,0084,0,0,"[19.442215434711336, 79.24466071281]","[np.float64(17.44335053413444), np.float64(76.83479555317345)]",2026-06-14 04:51:00,930.8257154901896,2,7.4951962784676285,337.6543649595591,25.94448136093893,60.90987848974619,22.998518204777273,3,3,3,581,5,0.7993055555555556,30.192268204777275,0.3193943763518385,ELECTRE-III,1
753,0271,0,0,"[19.442215434711336, 79.24466071281]","[np.float64(17.39103690109519), np.float64(79.45515424972086)]",2026-06-14 04:51:00,117.15188311499895,1,5.361820532487275,229.15936250860304,18.273265006005467,63.28494700002389,14.005876303219473,3,3,3,1037,10,0.7993055555555556,15.604487414330585,0.6863734679163662,ELECTRE-III,1
754,0335,0,0,"[19.442215434711336, 79.24466071281]","[np.float64(17.40919319602953), np.float64(79.62608259559241)]",2026-06-14 04:51:00,525.8038031359381,1,6.856319990234182,229.61473893821162,18.307157577351862,63.445996030463625,12.002197253998371,2,2,2,1465,10,0.7993055555555556,15.99872503177615,0.6863734679163662,ELECTRE-III,1
755,0413,0,0,"[19.442215434711336, 79.24466071281]","[np.float64(22.72030692974466), np.float64(80.26534786698726)]",2026-06-14 04:51:00,413.47514183549276,1,3.339157758321102,379.57348396136666,28.67583047726993,65.14339366186017,10.253117016303648,1,1,1,633,2,0.7993055555555556,9.453811460748092,0.05767844268204758,ELECTRE-III,1
756,0451,0,0,"[19.442215434711336, 79.24466071281]","[np.float64(17.73778874401928), np.float64(77.62397099064269)]",2026-06-14 04:51:00,733.6361819560962,2,7.7927724502652325,255.13184707879265,20.18469667478409,61.714515755108714,15.002197253998371,1,1,1,1498,12,0.7993055555555556,12.604280587331704,0.8284066330209084,ELECTRE-III,1
757,0084,0,0,"[18.841170740581262, 79.10627425003636]","[np.float64(17.44335053413444), np.float64(76.83479555317345)]",2026-06-14 04:51:10,930.8257154901896,2,7.4951962784676285,285.944311531488,22.392812292206266,60.94794313399067,18.998518204777273,3,3,3,581,5,0.7994212962962963,11.00430524181431,0.3193943763518385,ELECTRE-III,1
758,0271,0,0,"[18.841170740581262, 79.10627425003636]","[np.float64(17.39103690109519), np.float64(79.45515424972086)]",2026-06-14 04:51:10,117.15188311499895,1,5.361820532487275,165.4091540466268,13.4058617747834,63.322881870674145,14.005876303219473,3,3,3,1037,10,0.7994212962962963,11.607612414330585,0.6863734679163662,ELECTRE-III,1
759,0335,0,0,"[18.841170740581262, 79.10627425003636]","[np.float64(17.40919319602953), np.float64(79.62608259559241)]",2026-06-14 04:51:10,525.8038031359381,1,6.856319990234182,168.43737704613645,13.642195549001958,63.483917240735536,14.002197253998371,2,2,2,1465,10,0.7994212962962963,9.205669476220594,0.6863734679163662,ELECTRE-III,1
760,0451,0,0,"[18.841170740581262, 79.10627425003636]","[np.float64(17.73778874401928), np.float64(77.62397099064269)]",2026-06-14 04:51:10,733.6361819560962,2,7.7927724502652325,198.85574022908455,15.988895343824387,61.752587229542364,14.002197253998371,1,1,1,1498,12,0.7994212962962963,17.199882439183558,0.8284066330209084,ELECTRE-III,1
761,0084,0,0,"[18.240085065316165, 78.96858446655808]","[np.float64(17.44335053413444), np.float64(76.83479555317345)]",2026-06-14 04:51:20,930.8257154901896,2,7.4951962784676285,242.60657624149752,19.268462348784535,60.986000948045984,18.998518204777273,3,3,3,581,5,0.799537037037037,11.003147834406903,0.3193943763518385,ELECTRE-III,1
762,0271,0,0,"[18.240085065316165, 78.96858446655808]","[np.float64(17.39103690109519), np.float64(79.45515424972086)]",2026-06-14 04:51:20,117.15188311499895,1,5.361820532487275,107.54732042719282,8.808904508484973,63.36080991113523,14.005876303219473,3,3,3,1037,10,0.799537037037037,14.005876303219473,0.6863734679163662,ELECTRE-III,1
763,0335,0,0,"[18.240085065316165, 78.96858446655808]","[np.float64(17.40919319602953), np.float64(79.62608259559241)]",2026-06-14 04:51:20,525.8038031359381,1,6.856319990234182,115.67328957559545,9.462854208536916,63.52184528119662,18.00219725399837,2,2,2,1465,10,0.799537037037037,23.59895651325763,0.6863734679163662,ELECTRE-III,1
764,0451,0,0,"[18.240085065316165, 78.96858446655808]","[np.float64(17.73778874401928), np.float64(77.62397099064269)]",2026-06-14 04:51:20,733.6361819560962,2,7.7927724502652325,152.779938616137,12.415288194384196,61.790658703976014,10.002197253998371,1,1,1,1498,12,0.799537037037037,14.799419476220594,0.8284066330209084,ELECTRE-III,1
765,0084,0,0,"[17.638960116463345, 78.83155721142928]","[np.float64(17.44335053413444), np.float64(76.83479555317345)]",2026-06-14 04:51:30,930.8257154901896,2,7.4951962784676285,212.81915257923822,17.04846394247288,61.02406559229046,26.998518204777273,3,3,3,581,5,0.7996527777777778,24.59955987144394,0.3193943763518385,ELECTRE-III,1
766,0271,0,0,"[17.638960116463345, 78.83155721142928]","[np.float64(17.39103690109519), np.float64(79.45515424972086)]",2026-06-14 04:51:30,117.15188311499895,1,5.361820532487275,71.64245626188259,5.893835284104394,63.3987379515963,15.005876303219473,3,3,3,1037,10,0.7996527777777778,19.80379296988614,0.6863734679163662,ELECTRE-III,1
767,0335,0,0,"[17.638960116463345, 78.83155721142928]","[np.float64(17.40919319602953), np.float64(79.62608259559241)]",2026-06-14 04:51:30,525.8038031359381,1,6.856319990234182,88.03584852114011,7.229517261505795,63.55976649146853,16.00219725399837,2,2,2,1465,10,0.7996527777777778,18.401155587331704,0.6863734679163662,ELECTRE-III,1
768,0361,0,0,"[17.638960116463345, 78.83155721142928]","[np.float64(14.23205713145524), np.float64(78.1642658125473)]",2026-06-14 04:51:30,230.0099236092601,1,4.827348507249552,385.4886607596785,29.05038371068859,61.150232846638936,12.874897848235186,4,4,3,1495,5,0.7996527777777778,4.878370070457408,0.3193943763518385,ELECTRE-III,1
769,0451,0,0,"[17.638960116463345, 78.83155721142928]","[np.float64(17.73778874401928), np.float64(77.62397099064269)]",2026-06-14 04:51:30,733.6361819560962,2,7.7927724502652325,128.40031456028782,10.4820415191648,61.82872334822049,9.002197253998371,1,1,1,1498,12,0.7996527777777778,15.399419476220594,0.8284066330209084,ELECTRE-III,1
770,0084,0,0,"[17.037801016664673, 78.69516516389331]","[np.float64(17.44335053413444), np.float64(76.83479555317345)]",2026-06-14 04:51:40,930.8257154901896,2,7.4951962784676285,202.649160203872,16.27789265387774,61.062123406345776,21.998518204777273,3,3,3,581,5,0.7997685185185185,25.997360797369865,0.3193943763518385,ELECTRE-III,1
771,0271,0,0,"[17.037801016664673, 78.69516516389331]","[np.float64(17.39103690109519), np.float64(79.45515424972086)]",2026-06-14 04:51:40,117.15188311499895,1,5.361820532487275,89.77019888615085,7.370391237204367,63.436665992057385,12.005876303219473,3,3,3,1037,10,0.7997685185185185,10.406339266182437,0.6863734679163662,ELECTRE-III,1
772,0335,0,0,"[17.037801016664673, 78.69516516389331]","[np.float64(17.40919319602953), np.float64(79.62608259559241)]",2026-06-14 04:51:40,525.8038031359381,1,6.856319990234182,107.14928473346492,8.77681104644437,63.59768770174044,18.00219725399837,2,2,2,1465,10,0.7997685185185185,10.804280587331705,0.6863734679163662,ELECTRE-III,1
773,0361,0,0,"[17.037801016664673, 78.69516516389331]","[np.float64(14.23205713145524), np.float64(78.1642658125473)]",2026-06-14 04:51:40,230.0099236092601,1,4.827348507249552,317.1208155981749,24.557861117600474,61.187505188939696,10.874897848235186,4,4,3,1495,5,0.7997685185185185,6.876055255642593,0.3193943763518385,ELECTRE-III,1
774,0451,0,0,"[17.037801016664673, 78.69516516389331]","[np.float64(17.73778874401928), np.float64(77.62397099064269)]",2026-06-14 04:51:40,733.6361819560962,2,7.7927724502652325,137.7629410344227,11.227583575422075,61.86679482265415,17.00219725399837,1,1,1,1498,12,0.7997685185185185,9.004512068813186,0.8284066330209084,ELECTRE-III,1
775,0084,0,0,"[16.43660776592015, 78.55938100319345]","[np.float64(17.44335053413444), np.float64(76.83479555317345)]",2026-06-14 04:51:50,930.8257154901896,2,7.4951962784676285,214.90073950325657,17.20541322288618,61.10017439021191,25.998518204777273,3,3,3,581,5,0.7998842592592592,29.997939501073567,0.3193943763518385,ELECTRE-III,1
776,0271,0,0,"[16.43660776592015, 78.55938100319345]","[np.float64(17.39103690109519), np.float64(79.45515424972086)]",2026-06-14 04:51:50,117.15188311499895,1,5.361820532487275,142.63361177856294,11.613931907193258,63.474587202329296,16.005876303219473,3,3,3,1037,10,0.7998842592592592,17.605644821737993,0.6863734679163662,ELECTRE-III,1
777,0335,0,0,"[16.43660776592015, 78.55938100319345]","[np.float64(17.40919319602953), np.float64(79.62608259559241)]",2026-06-14 04:51:50,525.8038031359381,1,6.856319990234182,156.75469163855345,12.727891657643935,63.63560891201235,17.00219725399837,2,2,2,1465,10,0.7998842592592592,17.00219725399837,0.6863734679163662,ELECTRE-III,1
778,0361,0,0,"[16.43660776592015, 78.55938100319345]","[np.float64(14.23205713145524), np.float64(78.1642658125473)]",2026-06-14 04:51:50,230.0099236092601,1,4.827348507249552,248.7695134022058,19.72059956805482,61.22477070105129,12.874897848235186,4,4,3,1495,5,0.7998842592592592,5.675939514901853,0.3193943763518385,ELECTRE-III,1
779,0451,0,0,"[16.43660776592015, 78.55938100319345]","[np.float64(17.73778874401928), np.float64(77.62397099064269)]",2026-06-14 04:51:50,733.6361819560962,2,7.7927724502652325,175.55011665907784,14.195431318635412,61.90485946689863,14.002197253998371,1,1,1,1498,12,0.7998842592592592,16.40185003177615,0.8284066330209084,ELECTRE-III,1
780,0084,0,0,"[15.835380364229778, 78.42417740857304]","[np.float64(17.44335053413444), np.float64(76.83479555317345)]",2026-06-14 04:52:00,930.8257154901896,2,7.4951962784676285,246.2505081752934,19.53610085832762,61.138232204267226,20.998518204777273,3,3,3,581,5,0.8,16.998518204777273,0.3193943763518385,ELECTRE-III,1
781,0271,0,0,"[15.835380364229778, 78.42417740857304]","[np.float64(17.39103690109519), np.float64(79.45515424972086)]",2026-06-14 04:52:00,117.15188311499895,1,5.361820532487275,204.91342684454608,16.449989360952546,63.51251524279038,10.005876303219473,3,3,3,1037,10,0.8,6.005876303219473,0.6863734679163662,ELECTRE-III,1
782,0335,0,0,"[15.835380364229778, 78.42417740857304]","[np.float64(17.40919319602953), np.float64(79.62608259559241)]",2026-06-14 04:52:00,525.8038031359381,1,6.856319990234182,216.84872216624285,17.352048162516283,63.67352329209509,10.002197253998371,2,2,2,1465,10,0.8,15.602197253998373,0.6863734679163662,ELECTRE-III,1
783,0361,0,0,"[15.835380364229778, 78.42417740857304]","[np.float64(14.23205713145524), np.float64(78.1642658125473)]",2026-06-14 04:52:00,230.0099236092601,1,4.827348507249552,180.4531860461364,14.575235885732935,61.26203621316288,17.874897848235186,4,4,3,1495,5,0.8,24.274897848235184,0.3193943763518385,ELECTRE-III,1
784,0414,0,0,"[15.835380364229778, 78.42417740857304]","[np.float64(12.6703914164964), np.float64(76.73416482409996)]",2026-06-14 04:52:00,344.5837688555258,1,4.650334947301577,396.25636010911586,29.7252686711238,59.36321630314265,13.751277491693099,1,1,1,946,12,0.8,10.5512774916931,0.8284066330209084,ELECTRE-III,1
785,0451,0,0,"[15.835380364229778, 78.42417740857304]","[np.float64(17.73778874401928), np.float64(77.62397099064269)]",2026-06-14 04:52:00,733.6361819560962,2,7.7927724502652325,228.04505922442877,18.190274266923833,61.94292411114311,17.00219725399837,1,1,1,1498,12,0.8,20.20219725399837,0.8284066330209084,ELECTRE-III,1
786,0084,0,0,"[15.234123934235432, 78.28953388946458]","[np.float64(17.44335053413444), np.float64(76.83479555317345)]",2026-06-14 04:52:10,930.8257154901896,2,7.4951962784676285,290.5822635722641,22.719374260410365,61.17628318813337,17.998518204777273,3,3,3,581,5,0.8001157407407408,18.798633945518013,0.3193943763518385,ELECTRE-III,1
787,0271,0,0,"[15.234123934235432, 78.28953388946458]","[np.float64(17.39103690109519), np.float64(79.45515424972086)]",2026-06-14 04:52:10,117.15188311499895,1,5.361820532487275,270.17354709626284,21.270916440364157,63.55042962287312,17.005876303219473,3,3,3,1037,10,0.8001157407407408,13.80541334025651,0.6863734679163662,ELECTRE-III,1
788,0335,0,0,"[15.234123934235432, 78.28953388946458]","[np.float64(17.40919319602953), np.float64(79.62608259559241)]",2026-06-14 04:52:10,525.8038031359381,1,6.856319990234182,280.7747825856877,22.027005997165976,63.71143767217783,13.002197253998371,2,2,2,1465,10,0.8001157407407408,19.403123179924297,0.6863734679163662,ELECTRE-III,1
789,0361,0,0,"[15.234123934235432, 78.28953388946458]","[np.float64(14.23205713145524), np.float64(78.1642658125473)]",2026-06-14 04:52:10,230.0099236092601,1,4.827348507249552,112.23625477409726,9.186547072233116,61.299288064896125,17.874897848235186,4,4,3,1495,5,0.8001157407407408,9.873740440827778,0.3193943763518385,ELECTRE-III,1
790,0414,0,0,"[15.234123934235432, 78.28953388946458]","[np.float64(12.6703914164964), np.float64(76.73416482409996)]",2026-06-14 04:52:10,344.5837688555258,1,4.650334947301577,330.8086163491635,25.485712618206616,59.40018128693076,13.751277491693099,1,1,1,946,12,0.8001157407407408,18.551971936137544,0.8284066330209084,ELECTRE-III,1
791,0445,0,0,"[15.234123934235432, 78.28953388946458]","[np.float64(11.99003758206099), np.float64(78.10334361938055)]",2026-06-14 04:52:10,484.1788277824973,1,3.848455975937984,361.28705816425594,27.500878531684474,60.31662874900639,15.874897848235186,2,2,2,895,7,0.8001157407407408,16.675013588975926,0.45926459985580387,ELECTRE-III,1
792,0451,0,0,"[15.234123934235432, 78.28953388946458]","[np.float64(17.73778874401928), np.float64(77.62397099064269)]",2026-06-14 04:52:10,733.6361819560962,2,7.7927724502652325,287.29582003511297,22.488132664778604,61.98098875538759,14.002197253998371,1,1,1,1498,12,0.8001157407407408,14.002197253998371,0.8284066330209084,ELECTRE-III,1
793,0084,0,0,"[14.632840183484408, 78.15542312511138]","[np.float64(17.44335053413444), np.float64(76.83479555317345)]",2026-06-14 04:52:20,930.8257154901896,2,7.4951962784676285,342.89750457150154,26.2934534512527,61.21433417199951,19.998518204777273,3,3,3,581,5,0.8002314814814815,17.59782376033283,0.3193943763518385,ELECTRE-III,1
794,0271,0,0,"[14.632840183484408, 78.15542312511138]","[np.float64(17.39103690109519), np.float64(79.45515424972086)]",2026-06-14 04:52:20,117.15188311499895,1,5.361820532487275,336.6849843338412,25.879733355099376,63.58835083314503,17.005876303219473,3,3,3,1037,10,0.8002314814814815,9.803792969886139,0.6863734679163662,ELECTRE-III,1
795,0335,0,0,"[14.632840183484408, 78.15542312511138]","[np.float64(17.40919319602953), np.float64(79.62608259559241)]",2026-06-14 04:52:20,525.8038031359381,1,6.856319990234182,346.41747910626424,26.52656449890334,63.7493452220714,17.00219725399837,2,2,2,1465,10,0.8002314814814815,10.60034540214652,0.6863734679163662,ELECTRE-III,1
796,0361,0,0,"[14.632840183484408, 78.15542312511138]","[np.float64(14.23205713145524), np.float64(78.1642658125473)]",2026-06-14 04:52:20,230.0099236092601,1,4.827348507249552,44.57527712243889,3.675031463916248,61.33653991662938,13.874897848235186,4,4,3,1495,5,0.8002314814814815,11.474203403790742,0.3193943763518385,ELECTRE-III,1
797,0414,0,0,"[14.632840183484408, 78.15542312511138]","[np.float64(12.6703914164964), np.float64(76.73416482409996)]",2026-06-14 04:52:20,344.5837688555258,1,4.650334947301577,266.83192212741955,21.030954907303474,59.43714627071887,14.751277491693099,1,1,1,946,12,0.8002314814814815,10.75012008428569,0.8284066330209084,ELECTRE-III,1
798,0445,0,0,"[14.632840183484408, 78.15542312511138]","[np.float64(11.99003758206099), np.float64(78.10334361938055)]",2026-06-14 04:52:20,484.1788277824973,1,3.848455975937984,293.9206745995721,22.953474915829865,60.35314977049845,17.874897848235186,2,2,2,895,7,0.8002314814814815,18.67512932971667,0.45926459985580387,ELECTRE-III,1
799,0451,0,0,"[14.632840183484408, 78.15542312511138]","[np.float64(17.73778874401928), np.float64(77.62397099064269)]",2026-06-14 04:52:20,733.6361819560962,2,7.7927724502652325,349.8869808257581,26.755410170562435,62.0190465694429,13.002197253998371,1,1,1,1498,12,0.8002314814814815,5.800113920665038,0.8284066330209084,ELECTRE-III,1
800,0074,0,0,"[14.031529111976702, 78.02181096456759]","[np.float64(10.66575478290597), np.float64(79.16246012099437)]",2026-06-14 04:52:30,725.6085979313453,2,4.045276281843428,394.2269671896373,29.59875765734956,60.694194776135525,18.62765713515101,4,4,3,813,13,0.8003472222222222,21.8290460240399,0.9149242970439798,ELECTRE-III,1
801,0084,0,0,"[14.031529111976702, 78.02181096456759]","[np.float64(17.44335053413444), np.float64(76.83479555317345)]",2026-06-14 04:52:30,930.8257154901896,2,7.4951962784676285,400.07669436637264,29.962562468971036,61.252385155865646,20.998518204777273,3,3,3,581,5,0.8003472222222222,24.199907093666162,0.3193943763518385,ELECTRE-III,1
802,0271,0,0,"[14.031529111976702, 78.02181096456759]","[np.float64(17.39103690109519), np.float64(79.45515424972086)]",2026-06-14 04:52:30,117.15188311499895,1,5.361820532487275,403.8300875123425,30.1946000985696,63.62626521322777,14.005876303219473,3,3,3,1037,10,0.8003472222222222,10.004140192108363,0.6863734679163662,ELECTRE-III,1
803,0361,0,0,"[14.031529111976702, 78.02181096456759]","[np.float64(14.23205713145524), np.float64(78.1642658125473)]",2026-06-14 04:52:30,230.0099236092601,1,4.827348507249552,27.076663311090982,2.2342825365710084,61.37378493817346,10.874897848235186,4,4,3,1495,5,0.8003472222222222,11.675245070457407,0.3193943763518385,ELECTRE-III,1
804,0414,0,0,"[14.031529111976702, 78.02181096456759]","[np.float64(12.6703914164964), np.float64(76.73416482409996)]",2026-06-14 04:52:30,344.5837688555258,1,4.650334947301577,205.70276789778617,16.509912106703727,59.47410442431781,17.7512774916931,1,1,1,946,12,0.8003472222222222,17.7512774916931,0.8284066330209084,ELECTRE-III,1
805,0429,0,0,"[14.031529111976702, 78.02181096456759]","[np.float64(11.64931035885412), np.float64(75.3454645023892)]",2026-06-14 04:52:30,934.8378781471071,2,4.762470440153329,392.86399329607474,29.513612167877334,57.81281800306312,12.005876303219473,2,2,2,1161,5,0.8003472222222222,16.007612414330584,0.3193943763518385,ELECTRE-III,1
806,0445,0,0,"[14.031529111976702, 78.02181096456759]","[np.float64(11.99003758206099), np.float64(78.10334361938055)]",2026-06-14 04:52:30,484.1788277824973,1,3.848455975937984,227.17559806480415,18.125463870894976,60.38967079199051,17.874897848235186,2,2,2,895,7,0.8003472222222222,21.076286737124075,0.45926459985580387,ELECTRE-III,1
807,0074,0,0,"[13.430193281033256, 77.88869057764404]","[np.float64(10.66575478290597), np.float64(79.16246012099437)]",2026-06-14 04:52:40,725.6085979313453,2,4.045276281843428,337.15359201521926,25.911042025328303,60.729964476818886,22.62765713515101,4,4,3,813,13,0.8004629629629629,17.02441639441027,0.9149242970439798,ELECTRE-III,1
808,0361,0,0,"[13.430193281033256, 77.88869057764404]","[np.float64(14.23205713145524), np.float64(78.1642658125473)]",2026-06-14 04:52:40,230.0099236092601,1,4.827348507249552,93.99674180643945,7.713317261114673,61.41102995971754,11.874897848235186,4,4,3,1495,5,0.8004629629629629,15.076749700087039,0.3193943763518385,ELECTRE-III,1
809,0414,0,0,"[13.430193281033256, 77.88869057764404]","[np.float64(12.6703914164964), np.float64(76.73416482409996)]",2026-06-14 04:52:40,344.5837688555258,1,4.650334947301577,150.92416800518376,12.269078169216211,59.51105574772758,16.7512774916931,1,1,1,946,12,0.8004629629629629,18.352203417619023,0.8284066330209084,ELECTRE-III,1
810,0429,0,0,"[13.430193281033256, 77.88869057764404]","[np.float64(11.64931035885412), np.float64(75.3454645023892)]",2026-06-14 04:52:40,934.8378781471071,2,4.762470440153329,339.7191863605134,26.082160185299387,57.849653213257,11.005876303219473,2,2,2,1161,5,0.8004629629629629,17.40958000692318,0.3193943763518385,ELECTRE-III,1
811,0445,0,0,"[13.430193281033256, 77.88869057764404]","[np.float64(11.99003758206099), np.float64(78.10334361938055)]",2026-06-14 04:52:40,484.1788277824973,1,3.848455975937984,161.82194417637788,13.12530067360067,60.426178153104225,14.874897848235186,2,2,2,895,7,0.8004629629629629,17.276286737124074,0.45926459985580387,ELECTRE-III,1
812,0074,0,0,"[12.82883439820136, 77.7560278133949]","[np.float64(10.66575478290597), np.float64(79.16246012099437)]",2026-06-14 04:52:50,725.6085979313453,2,4.045276281843428,285.1176033802023,22.33444097751721,60.76573417750224,17.62765713515101,4,4,3,813,13,0.8005787037037037,21.63055065366953,0.9149242970439798,ELECTRE-III,1
813,0361,0,0,"[12.82883439820136, 77.7560278133949]","[np.float64(14.23205713145524), np.float64(78.1642658125473)]",2026-06-14 04:52:50,230.0099236092601,1,4.827348507249552,162.15279989255785,13.151204452625512,61.44826815107245,13.874897848235186,4,4,3,1495,5,0.8005787037037037,21.080106181568517,0.3193943763518385,ELECTRE-III,1
814,0414,0,0,"[12.82883439820136, 77.7560278133949]","[np.float64(12.6703914164964), np.float64(76.73416482409996)]",2026-06-14 04:52:50,344.5837688555258,1,4.650334947301577,112.21610156653173,9.184925648414024,59.54800024094818,15.751277491693099,1,1,1,946,12,0.8005787037037037,13.349541380581988,0.8284066330209084,ELECTRE-III,1
815,0429,0,0,"[12.82883439820136, 77.7560278133949]","[np.float64(11.64931035885412), np.float64(75.3454645023892)]",2026-06-14 04:52:50,934.8378781471071,2,4.762470440153329,292.9455982427992,22.885182579218984,57.886474763072535,15.005876303219473,2,2,2,1161,5,0.8005787037037037,9.401825377293548,0.3193943763518385,ELECTRE-III,1
816,0445,0,0,"[12.82883439820136, 77.7560278133949]","[np.float64(11.99003758206099), np.float64(78.10334361938055)]",2026-06-14 04:52:50,484.1788277824973,1,3.848455975937984,100.60760969098146,8.248576769200962,60.46267868402877,14.874897848235186,2,2,2,895,7,0.8005787037037037,7.669689514901853,0.45926459985580387,ELECTRE-III,1
817,0054,0,0,"[12.227455024801955, 77.62379535106344]","[np.float64(8.67085002369178), np.float64(77.10043284384746)]",2026-06-14 04:53:00,372.9846409036249,1,6.1663715800537915,399.5950336066708,29.932707026343166,58.045597680166324,7.380416422066835,1,1,1,576,8,0.8006944444444445,8.981805310955725,0.5508291276135544,ELECTRE-III,1
818,0074,0,0,"[12.227455024801955, 77.62379535106344]","[np.float64(10.66575478290597), np.float64(79.16246012099437)]",2026-06-14 04:53:00,725.6085979313453,2,4.045276281843428,241.39814077087914,19.179511516847008,60.801490217807256,17.62765713515101,4,4,3,813,13,0.8006944444444445,17.62765713515101,0.9149242970439798,ELECTRE-III,1
819,0227,0,0,"[12.227455024801955, 77.62379535106344]","[np.float64(8.890929153223404), np.float64(78.31236587070501)]",2026-06-14 04:53:00,191.0364697199967,1,5.741841618625928,378.56119786988324,28.611461374060376,59.18568602623568,21.373058323624633,3,3,3,1354,12,0.8006944444444445,22.17375276806908,0.8284066330209084,ELECTRE-III,1
820,0361,0,0,"[12.227455024801955, 77.62379535106344]","[np.float64(14.23205713145524), np.float64(78.1642658125473)]",2026-06-14 04:53:00,230.0099236092601,1,4.827348507249552,230.45045344294576,18.36932328356406,61.485499512238185,18.874897848235186,4,4,3,1495,5,0.8006944444444445,15.672120070457408,0.3193943763518385,ELECTRE-III,1
821,0414,0,0,"[12.227455024801955, 77.62379535106344]","[np.float64(12.6703914164964), np.float64(76.73416482409996)]",2026-06-14 04:53:00,344.5837688555258,1,4.650334947301577,108.42813377256584,8.87990431344425,59.58494473416878,19.7512774916931,1,1,1,946,12,0.8006944444444445,24.555444158359766,0.8284066330209084,ELECTRE-III,1
822,0429,0,0,"[12.227455024801955, 77.62379535106344]","[np.float64(11.64931035885412), np.float64(75.3454645023892)]",2026-06-14 04:53:00,934.8378781471071,2,4.762470440153329,256.05908101270006,20.252104733573166,57.92329631288808,15.005876303219473,2,2,2,1161,5,0.8006944444444445,14.20518185877503,0.3193943763518385,ELECTRE-III,1
823,0445,0,0,"[12.227455024801955, 77.62379535106344]","[np.float64(11.99003758206099), np.float64(78.10334361938055)]",2026-06-14 04:53:00,484.1788277824973,1,3.848455975937984,58.43976691228517,4.813359201670744,60.49917921495332,20.874897848235186,2,2,2,895,7,0.8006944444444445,15.270036737124075,0.45926459985580387,ELECTRE-III,1
824,0054,0,0,"[11.626056014608686, 77.49197953027137]","[np.float64(8.67085002369178), np.float64(77.10043284384746)]",2026-06-14 04:53:10,372.9846409036249,1,6.1663715800537915,331.38663772691154,25.52458546044013,58.0809985506345,10.380416422066835,1,1,1,576,8,0.8008101851851852,4.774745125770538,0.5508291276135544,ELECTRE-III,1
825,0074,0,0,"[11.626056014608686, 77.49197953027137]","[np.float64(10.66575478290597), np.float64(79.16246012099437)]",2026-06-14 04:53:10,725.6085979313453,2,4.045276281843428,211.22181119515093,16.927847029770305,60.83723259773394,19.62765713515101,4,4,3,813,13,0.8008101851851852,16.424416394410272,0.9149242970439798,ELECTRE-III,1
826,0227,0,0,"[11.626056014608686, 77.49197953027137]","[np.float64(8.890929153223404), np.float64(78.31236587070501)]",2026-06-14 04:53:10,191.0364697199967,1,5.741841618625928,317.1004343305182,24.556469100042598,59.22087516083959,20.373058323624633,3,3,3,1354,12,0.8008101851851852,12.364956471772782,0.8284066330209084,ELECTRE-III,1
827,0361,0,0,"[11.626056014608686, 77.49197953027137]","[np.float64(14.23205713145524), np.float64(78.1642658125473)]",2026-06-14 04:53:10,230.0099236092601,1,4.827348507249552,298.79214433886966,23.293629188042047,61.52272404321475,16.874897848235186,4,4,3,1495,5,0.8008101851851852,18.476518218605555,0.3193943763518385,ELECTRE-III,1
828,0414,0,0,"[11.626056014608686, 77.49197953027137]","[np.float64(12.6703914164964), np.float64(76.73416482409996)]",2026-06-14 04:53:10,344.5837688555258,1,4.650334947301577,142.37615058505654,11.5935361928723,59.62187556701104,22.7512774916931,1,1,1,946,12,0.8008101851851852,25.95451823243384,0.8284066330209084,ELECTRE-III,1
829,0429,0,0,"[11.626056014608686, 77.49197953027137]","[np.float64(11.64931035885412), np.float64(75.3454645023892)]",2026-06-14 04:53:10,934.8378781471071,2,4.762470440153329,233.78902573256406,18.61721974750185,57.96011103251444,12.005876303219473,2,2,2,1161,5,0.8008101851851852,10.404255932849104,0.3193943763518385,ELECTRE-III,1
830,0445,0,0,"[11.626056014608686, 77.49197953027137]","[np.float64(11.99003758206099), np.float64(78.10334361938055)]",2026-06-14 04:53:10,484.1788277824973,1,3.848455975937984,77.88385917590148,6.403203128294581,60.53566608549953,22.874897848235186,2,2,2,895,7,0.8008101851851852,21.273277477864816,0.45926459985580387,ELECTRE-III,1
831,0054,0,0,"[11.024639075168846, 77.36055303026198]","[np.float64(8.67085002369178), np.float64(77.10043284384746)]",2026-06-14 04:53:20,372.9846409036249,1,6.1663715800537915,263.27643105526744,20.774784483596715,58.116385760724334,16.380416422066837,1,1,1,576,8,0.8009259259259259,15.579490496140911,0.5508291276135544,ELECTRE-III,1
832,0074,0,0,"[11.024639075168846, 77.36055303026198]","[np.float64(10.66575478290597), np.float64(79.16246012099437)]",2026-06-14 04:53:20,725.6085979313453,2,4.045276281843428,200.78946059858743,16.13631897199063,60.87296814747144,21.62765713515101,4,4,3,813,13,0.8009259259259259,25.63228676478064,0.9149242970439798,ELECTRE-III,1
833,0227,0,0,"[11.024639075168846, 77.36055303026198]","[np.float64(8.890929153223404), np.float64(78.31236587070501)]",2026-06-14 04:53:20,191.0364697199967,1,5.741841618625928,259.14572659437755,20.476075816062963,59.25605063506515,15.373058323624633,3,3,3,1354,12,0.8009259259259259,10.567502768069078,0.8284066330209084,ELECTRE-III,1
834,0361,0,0,"[11.024639075168846, 77.36055303026198]","[np.float64(14.23205713145524), np.float64(78.1642658125473)]",2026-06-14 04:53:20,230.0099236092601,1,4.827348507249552,367.1530431615847,27.880584778189622,61.559948574191324,12.874897848235186,4,4,3,1495,5,0.8009259259259259,18.481379329716667,0.3193943763518385,ELECTRE-III,1
835,0414,0,0,"[11.024639075168846, 77.36055303026198]","[np.float64(12.6703914164964), np.float64(76.73416482409996)]",2026-06-14 04:53:20,344.5837688555258,1,4.650334947301577,195.28259591806886,15.71591306699206,59.6588063998533,20.7512774916931,1,1,1,946,12,0.8009259259259259,27.158684899100507,0.8284066330209084,ELECTRE-III,1
836,0429,0,0,"[11.024639075168846, 77.36055303026198]","[np.float64(11.64931035885412), np.float64(75.3454645023892)]",2026-06-14 04:53:20,934.8378781471071,2,4.762470440153329,230.41335720296698,18.366564780342014,57.99691892195164,9.005876303219473,2,2,2,1161,5,0.8009259259259259,5.802172599515769,0.3193943763518385,ELECTRE-III,1
837,0445,0,0,"[11.024639075168846, 77.36055303026198]","[np.float64(11.99003758206099), np.float64(78.10334361938055)]",2026-06-14 04:53:20,484.1788277824973,1,3.848455975937984,134.4384839555095,10.963285674999042,60.57214612585657,22.874897848235186,2,2,2,895,7,0.8009259259259259,28.481379329716667,0.45926459985580387,ELECTRE-III,1
838,0054,0,0,"[10.423206767803373, 77.22949536046778]","[np.float64(8.67085002369178), np.float64(77.10043284384746)]",2026-06-14 04:53:30,372.9846409036249,1,6.1663715800537915,195.36668341635726,15.72234568146596,58.151766140625,9.380416422066835,1,1,1,576,8,0.8010416666666667,3.7731247554001683,0.5508291276135544,ELECTRE-III,1
839,0074,0,0,"[10.423206767803373, 77.22949536046778]","[np.float64(10.66575478290597), np.float64(79.16246012099437)]",2026-06-14 04:53:30,725.6085979313453,2,4.045276281843428,213.02029061276164,17.06364107558761,60.90869686701978,23.62765713515101,4,4,3,813,13,0.8010416666666667,15.617240468484345,0.9149242970439798,ELECTRE-III,1
840,0227,0,0,"[10.423206767803373, 77.22949536046778]","[np.float64(8.890929153223404), np.float64(78.31236587070501)]",2026-06-14 04:53:30,191.0364697199967,1,5.741841618625928,207.65249110715072,16.657765826324844,59.29121927910155,21.373058323624633,3,3,3,1354,12,0.8010416666666667,26.9803499902913,0.8284066330209084,ELECTRE-III,1
841,0414,0,0,"[10.423206767803373, 77.22949536046778]","[np.float64(12.6703914164964), np.float64(76.73416482409996)]",2026-06-14 04:53:30,344.5837688555258,1,4.650334947301577,255.63569675988097,20.221332789390978,59.695730402506385,17.7512774916931,1,1,1,946,12,0.8010416666666667,20.955444158359764,0.8284066330209084,ELECTRE-III,1
842,0429,0,0,"[10.423206767803373, 77.22949536046778]","[np.float64(11.64931035885412), np.float64(75.3454645023892)]",2026-06-14 04:53:30,934.8378781471071,2,4.762470440153329,246.70953568040488,19.56975282195206,58.033719981199674,6.005876303219473,2,2,2,1161,5,0.8010416666666667,0.0,0.3193943763518385,ELECTRE-III,1
843,0445,0,0,"[10.423206767803373, 77.22949536046778]","[np.float64(11.99003758206099), np.float64(78.10334361938055)]",2026-06-14 04:53:30,484.1788277824973,1,3.848455975937984,198.59066794839487,15.968669674021436,60.60861933602444,14.874897848235186,2,2,2,895,7,0.8010416666666667,6.86448118156852,0.45926459985580387,ELECTRE-III,1
844,0054,0,0,"[9.821759946285914, 77.09877920013207]","[np.float64(8.67085002369178), np.float64(77.10043284384746)]",2026-06-14 04:53:40,372.9846409036249,1,6.1663715800537915,127.97565388521724,10.448138735498066,58.187139690336494,13.380416422066835,1,1,1,576,8,0.8011574074074074,18.18736086651128,0.5508291276135544,ELECTRE-III,1
845,0074,0,0,"[9.821759946285914, 77.09877920013207]","[np.float64(10.66575478290597), np.float64(79.16246012099437)]",2026-06-14 04:53:40,725.6085979313453,2,4.045276281843428,244.5362459536095,19.410301902286434,60.94441192618977,19.62765713515101,4,4,3,813,13,0.8011574074074074,23.63344417218805,0.9149242970439798,ELECTRE-III,1
846,0227,0,0,"[9.821759946285914, 77.09877920013207]","[np.float64(8.890929153223404), np.float64(78.31236587070501)]",2026-06-14 04:53:40,191.0364697199967,1,5.741841618625928,168.64583336198876,13.65844695672507,59.3263742627596,19.373058323624633,3,3,3,1354,12,0.8011574074074074,22.577687953254262,0.8284066330209084,ELECTRE-III,1
847,0414,0,0,"[9.821759946285914, 77.09877920013207]","[np.float64(12.6703914164964), np.float64(76.73416482409996)]",2026-06-14 04:53:40,344.5837688555258,1,4.650334947301577,319.23949795844646,24.70239601851119,59.7326475749703,15.751277491693099,1,1,1,946,12,0.8011574074074074,12.54664786206347,0.8284066330209084,ELECTRE-III,1
848,0429,0,0,"[9.821759946285914, 77.09877920013207]","[np.float64(11.64931035885412), np.float64(75.3454645023892)]",2026-06-14 04:53:40,934.8378781471071,2,4.762470440153329,279.2546327220595,21.91907501979628,58.0705210404477,15.005876303219473,2,2,2,1161,5,0.8011574074074074,13.403561488404659,0.3193943763518385,ELECTRE-III,1
849,0445,0,0,"[9.821759946285914, 77.09877920013207]","[np.float64(11.99003758206099), np.float64(78.10334361938055)]",2026-06-14 04:53:40,484.1788277824973,1,3.848455975937984,264.87604367368994,20.890143602240432,60.64508571600314,21.874897848235186,2,2,2,895,7,0.8011574074074074,14.664481181568519,0.45926459985580387,ELECTRE-III,1
850,0054,0,0,"[9.220300318163762, 76.96839088887653]","[np.float64(8.67085002369178), np.float64(77.10043284384746)]",2026-06-14 04:53:50,372.9846409036249,1,6.1663715800537915,62.794119321964054,5.17012621772157,58.22249274948048,9.380416422066835,1,1,1,576,8,0.8012731481481481,6.175323829474243,0.5508291276135544,ELECTRE-III,1
851,0074,0,0,"[9.220300318163762, 76.96839088887653]","[np.float64(10.66575478290597), np.float64(79.16246012099437)]",2026-06-14 04:53:50,725.6085979313453,2,4.045276281843428,289.09578755892903,22.614878710802348,60.9801201551706,18.62765713515101,4,4,3,813,13,0.8012731481481481,24.236569172188048,0.9149242970439798,ELECTRE-III,1
852,0227,0,0,"[9.220300318163762, 76.96839088887653]","[np.float64(8.890929153223404), np.float64(78.31236587070501)]",2026-06-14 04:53:50,191.0364697199967,1,5.741841618625928,152.05702836834874,12.358351908954212,59.36151558603932,17.373058323624633,3,3,3,1354,12,0.8012731481481481,16.571785175476485,0.8284066330209084,ELECTRE-III,1
853,0414,0,0,"[9.220300318163762, 76.96839088887653]","[np.float64(12.6703914164964), np.float64(76.73416482409996)]",2026-06-14 04:53:50,344.5837688555258,1,4.650334947301577,384.4841534162569,28.98696787589396,59.76955791724505,18.7512774916931,1,1,1,946,12,0.8012731481481481,15.546184899100506,0.8284066330209084,ELECTRE-III,1
854,0429,0,0,"[9.220300318163762, 76.96839088887653]","[np.float64(11.64931035885412), np.float64(75.3454645023892)]",2026-06-14 04:53:50,934.8378781471071,2,4.762470440153329,323.1772538921281,24.97013722451056,58.107308439317386,14.005876303219473,2,2,2,1161,5,0.8012731481481481,18.813515192108362,0.3193943763518385,ELECTRE-III,1
855,0445,0,0,"[9.220300318163762, 76.96839088887653]","[np.float64(11.99003758206099), np.float64(78.10334361938055)]",2026-06-14 04:53:50,484.1788277824973,1,3.848455975937984,332.0186048425203,25.567057433617645,60.68153843560349,19.874897848235186,2,2,2,895,7,0.8012731481481481,22.27871729267963,0.45926459985580387,ELECTRE-III,1
856,0054,0,0,"[8.618829590984207, 76.83830993613364]","[np.float64(8.67085002369178), np.float64(77.10043284384746)]",2026-06-14 04:54:00,372.9846409036249,1,6.1663715800537915,29.390486492360758,2.424993097291604,58.25784580862447,9.380416422066835,1,1,1,576,8,0.8013888888888889,3.7706941998446126,0.5508291276135544,ELECTRE-III,1
857,0074,0,0,"[8.618829590984207, 76.83830993613364]","[np.float64(10.66575478290597), np.float64(79.16246012099437)]",2026-06-14 04:54:00,725.6085979313453,2,4.045276281843428,341.63149881768635,26.209381765065537,61.01581472377309,23.62765713515101,4,4,3,813,13,0.8013888888888889,19.62071269070657,0.9149242970439798,ELECTRE-III,1
858,0227,0,0,"[8.618829590984207, 76.83830993613364]","[np.float64(8.890929153223404), np.float64(78.31236587070501)]",2026-06-14 04:54:00,191.0364697199967,1,5.741841618625928,164.798976156554,13.358184649186446,59.39665007912986,24.373058323624633,3,3,3,1354,12,0.8013888888888889,21.167502768069077,0.8284066330209084,ELECTRE-III,1
859,0429,0,0,"[8.618829590984207, 76.83830993613364]","[np.float64(11.64931035885412), np.float64(75.3454645023892)]",2026-06-14 04:54:00,934.8378781471071,2,4.762470440153329,374.4955741831917,28.35214156652418,58.14409583818708,9.005876303219473,2,2,2,1161,5,0.8013888888888889,6.6017096365528065,0.3193943763518385,ELECTRE-III,1
860,0445,0,0,"[8.618829590984207, 76.83830993613364]","[np.float64(11.99003758206099), np.float64(78.10334361938055)]",2026-06-14 04:54:00,484.1788277824973,1,3.848455975937984,399.5859096661741,29.932141311569502,60.717991155203855,17.874897848235186,2,2,2,895,7,0.8013888888888889,9.861008959346297,0.45926459985580387,ELECTRE-III,1
861,0054,0,0,"[8.017349472294544, 76.70850219095755]","[np.float64(8.67085002369178), np.float64(77.10043284384746)]",2026-06-14 04:54:10,372.9846409036249,1,6.1663715800537915,84.4962630755294,6.941740544281153,58.29318520739012,10.380416422066835,1,1,1,576,8,0.8015046296296297,3.968379385029798,0.5508291276135544,ELECTRE-III,1
862,0074,0,0,"[8.017349472294544, 76.70850219095755]","[np.float64(10.66575478290597), np.float64(79.16246012099437)]",2026-06-14 04:54:10,725.6085979313453,2,4.045276281843428,399.0051612726468,29.896119737656143,61.051502462186406,22.62765713515101,4,4,3,813,13,0.8015046296296297,20.223143246262122,0.9149242970439798,ELECTRE-III,1
863,0227,0,0,"[8.017349472294544, 76.70850219095755]","[np.float64(8.890929153223404), np.float64(78.31236587070501)]",2026-06-14 04:54:10,191.0364697199967,1,5.741841618625928,201.3787074324107,16.181198670750746,59.43177091184207,15.373058323624633,3,3,3,1354,12,0.8015046296296297,11.365535175476484,0.8284066330209084,ELECTRE-III,1
864,0054,0,0,"[7.415860815868419, 76.57896765334826]","[np.float64(8.67085002369178), np.float64(77.10043284384746)]",2026-06-14 04:54:20,372.9846409036249,1,6.1663715800537915,150.89745139748644,12.26697206592954,58.328510945777424,15.380416422066835,1,1,1,576,8,0.8016203703703704,12.173934940585355,0.5508291276135544,ELECTRE-III,1
865,0227,0,0,"[7.415860815868419, 76.57896765334826]","[np.float64(8.890929153223404), np.float64(78.31236587070501)]",2026-06-14 04:54:20,191.0364697199967,1,5.741841618625928,251.6028764961672,19.927614781064698,59.4668849143651,18.373058323624633,3,3,3,1354,12,0.8016203703703704,19.976299064365374,0.8284066330209084,ELECTRE-III,1
866,0054,0,0,"[6.814366609913593, 76.44966534217075]","[np.float64(8.67085002369178), np.float64(77.10043284384746)]",2026-06-14 04:54:30,372.9846409036249,1,6.1663715800537915,218.52886370887575,17.478333269687393,58.36382985397556,7.380416422066835,1,1,1,576,8,0.8017361111111111,0.16479142206683495,0.5508291276135544,ELECTRE-III,1
867,0227,0,0,"[6.814366609913593, 76.44966534217075]","[np.float64(8.890929153223404), np.float64(78.31236587070501)]",2026-06-14 04:54:30,191.0364697199967,1,5.741841618625928,308.8862313295153,23.992938927957503,59.501985256509805,19.373058323624633,3,3,3,1354,12,0.8017361111111111,20.174794434735745,0.8284066330209084,ELECTRE-III,1
868,0054,0,0,"[6.212866854430066, 76.32058842723583]","[np.float64(8.67085002369178), np.float64(77.10043284384746)]",2026-06-14 04:54:40,372.9846409036249,1,6.1663715800537915,286.51976018485175,22.43341404936011,58.39913510179535,11.380416422066835,1,1,1,576,8,0.8018518518518518,8.97486086651128,0.5508291276135544,ELECTRE-III,1
869,0227,0,0,"[6.212866854430066, 76.32058842723583]","[np.float64(8.890929153223404), np.float64(78.31236587070501)]",2026-06-14 04:54:40,191.0364697199967,1,5.741841618625928,369.96258166589837,28.061510605840596,59.537071938276156,20.373058323624633,3,3,3,1354,12,0.8018518518518518,17.967502768069078,0.8284066330209084,ELECTRE-III,1
870,0054,0,0,"[5.611364110738778, 76.19170958778687]","[np.float64(8.67085002369178), np.float64(77.10043284384746)]",2026-06-14 04:54:50,372.9846409036249,1,6.1663715800537915,354.6629560533892,27.068927982457065,58.43443351942598,8.380416422066835,1,1,1,576,8,0.8019675925925925,1.9646756813260948,0.5508291276135544,ELECTRE-III,1
871,0466,0,0,"[57.437574240251784, 67.2800954002936]","[np.float64(57.09960681636306), np.float64(60.62345453503075)]",2026-06-14 06:19:10,5.533175697574648,1,6.62192560419607,401.8166894623841,30.070265638112655,51.74967273722114,16.253117016303648,4,4,3,996,10,0.8605324074074074,17.113649423711056,0.6863734679163662,ELECTRE-III,1
872,0466,0,0,"[56.850430688629984, 66.94496533847776]","[np.float64(57.09960681636306), np.float64(60.62345453503075)]",2026-06-14 06:19:20,5.533175697574648,1,6.62192560419607,383.9571057069434,28.95366353247101,51.76366437973591,20.253117016303648,4,4,3,996,10,0.8606481481481482,13.367931831118462,0.6863734679163662,ELECTRE-III,1
873,0466,0,0,"[56.26262460865868, 66.61890576787968]","[np.float64(57.09960681636306), np.float64(60.62345453503075)]",2026-06-14 06:19:30,5.533175697574648,1,6.62192560419607,377.7011106953161,28.556708204837875,51.777635531683174,16.253117016303648,4,4,3,996,10,0.8607638888888889,11.949297571859203,0.6863734679163662,ELECTRE-III,1
874,0193,0,0,"[55.674190151283746, 66.301459065825]","[np.float64(55.23524104763229), np.float64(60.14537012990487)]",2026-06-14 06:19:40,536.4209051248264,1,2.853673452114733,391.09004048223045,29.402577749269796,53.06925162448926,12.380416422066837,3,3,3,923,8,0.8608796296296296,13.241296051696466,0.5508291276135544,ELECTRE-III,1
875,0466,0,0,"[55.674190151283746, 66.301459065825]","[np.float64(57.09960681636306), np.float64(60.62345453503075)]",2026-06-14 06:19:40,5.533175697574648,1,6.62192560419607,383.6182152735321,28.932237595994465,51.79158960815751,12.253117016303648,4,4,3,996,10,0.8608796296296296,7.9487188681555,0.6863734679163662,ELECTRE-III,1
876,0193,0,0,"[55.085158052356434, 65.992194930396]","[np.float64(55.23524104763229), np.float64(60.14537012990487)]",2026-06-14 06:19:50,536.4209051248264,1,2.853673452114733,371.6789303750579,28.171739619048164,53.084588814270525,11.380416422066837,3,3,3,923,8,0.8609953703703703,4.492453459103874,0.5508291276135544,ELECTRE-III,1
877,0466,0,0,"[55.085158052356434, 65.992194930396]","[np.float64(57.09960681636306), np.float64(60.62345453503075)]",2026-06-14 06:19:50,5.533175697574648,1,6.62192560419607,401.1714106568323,30.03035110796346,51.805523194064335,12.253117016303648,4,4,3,996,10,0.8609953703703703,20.002075349636982,0.6863734679163662,ELECTRE-III,1
878,0193,0,0,"[54.49555904772801, 65.6906967200533]","[np.float64(55.23524104763229), np.float64(60.14537012990487)]",2026-06-14 06:20:00,536.4209051248264,1,2.853673452114733,364.1602148220872,27.68718848281134,53.0999020983897,18.380416422066837,3,3,3,923,8,0.8611111111111112,19.241527533177948,0.5508291276135544,ELECTRE-III,1
879,0193,0,0,"[53.90542387324973, 65.39659560458172]","[np.float64(55.23524104763229), np.float64(60.14537012990487)]",2026-06-14 06:20:10,536.4209051248264,1,2.853673452114733,369.26290156880293,28.016510059064785,53.11520172213052,20.380416422066837,3,3,3,923,8,0.8612268518518519,14.351828459103874,0.5508291276135544,ELECTRE-III,1
880,0193,0,0,"[53.31477643458371, 65.10953641414442]","[np.float64(55.23524104763229), np.float64(60.14537012990487)]",2026-06-14 06:20:20,536.4209051248264,1,2.853673452114733,386.4886823051268,29.113438993099532,53.130480855303844,15.380416422066837,3,3,3,923,8,0.8613425925925926,17.10310160725202,0.5508291276135544,ELECTRE-III,1
881,0478,0,0,"[49.761462726438374, 63.51753543183034]","[np.float64(47.72787662898534), np.float64(67.74428874484721)]",2026-06-14 06:21:20,775.2623891166508,2,4.71787718550889,383.54891932183716,28.927855352259503,62.04847785457648,16.00219725399837,1,1,1,875,12,0.862037037037037,20.31238243918356,0.8284066330209084,ELECTRE-III,1
882,0478,0,0,"[49.16786123095632, 63.27139590471059]","[np.float64(47.72787662898534), np.float64(67.74428874484721)]",2026-06-14 06:21:30,775.2623891166508,2,4.71787718550889,366.6263631059273,27.846600642310648,62.06450147836934,17.00219725399837,1,1,1,875,12,0.8621527777777778,21.31296114288726,0.8284066330209084,ELECTRE-III,1
883,0478,0,0,"[48.5739113958266, 63.03009898171238]","[np.float64(47.72787662898534), np.float64(67.74428874484721)]",2026-06-14 06:21:40,775.2623891166508,2,4.71787718550889,362.0920497703092,27.553142096406145,62.080497781405505,8.002197253998371,1,1,1,875,12,0.8622685185185185,12.313539846590963,0.8284066330209084,ELECTRE-III,1
884,0478,0,0,"[47.97962688142754, 62.79344658734978]","[np.float64(47.72787662898534), np.float64(67.74428874484721)]",2026-06-14 06:21:50,775.2623891166508,2,4.71787718550889,370.4004300165463,28.089652058944864,62.09645993349582,15.002197253998371,1,1,1,875,12,0.8623842592592592,22.763655587331705,0.8284066330209084,ELECTRE-III,1
885,0478,0,0,"[47.38502476323208, 62.56123381594768]","[np.float64(47.72787662898534), np.float64(67.74428874484721)]",2026-06-14 06:22:00,775.2623891166508,2,4.71787718550889,390.733595793508,29.38023800569429,62.11239476482947,10.002197253998371,1,1,1,875,12,0.8625,14.314697253998371,0.8284066330209084,ELECTRE-III,1
886,0238,0,0,"[30.048747894932436, 57.1434526342127]","[np.float64(27.06543720001891), np.float64(56.14235632273806)]",2026-06-14 06:26:50,514.2127989178518,1,6.610407335742401,345.83251395644703,26.48789034180879,65.13771094447073,18.00219725399837,1,1,1,777,11,0.8658564814814815,24.929049105850225,0.7274693583273252,ELECTRE-III,1
887,0238,0,0,"[29.44883530465729, 56.98724620789451]","[np.float64(27.06543720001891), np.float64(56.14235632273806)]",2026-06-14 06:27:00,514.2127989178518,1,6.610407335742401,277.63783723389986,21.804102362547926,65.17475789052887,19.00219725399837,1,1,1,777,11,0.8659722222222223,13.806363920665039,0.7274693583273252,ELECTRE-III,1
888,0116,0,0,"[28.848833921922935, 56.83238874393739]","[np.float64(25.3434923222493), np.float64(56.1451305277499)]",2026-06-14 06:27:10,67.31422667207167,1,2.4532095244920162,395.66614970708423,29.688508156448172,65.24163910288163,10.874897848235186,1,1,1,1042,9,0.866087962962963,8.276633959346297,0.635183850036049,ELECTRE-III,1
889,0143,0,0,"[28.848833921922935, 56.83238874393739]","[np.float64(25.56539114408521), np.float64(56.00579791249965)]",2026-06-14 06:27:10,734.4132497009952,2,4.404405072766209,374.13725401372443,28.329225587466436,65.11875033933477,19.878576897456284,1,1,1,1285,3,0.866087962962963,20.74466486041925,0.13121845710165825,ELECTRE-III,1
890,0238,0,0,"[28.848833921922935, 56.83238874393739]","[np.float64(27.06543720001891), np.float64(56.14235632273806)]",2026-06-14 06:27:10,514.2127989178518,1,6.610407335742401,209.56493066190697,16.802570743550703,65.21180483658702,12.002197253998371,1,1,1,777,11,0.866087962962963,19.796988920665036,0.7274693583273252,ELECTRE-III,1
891,0116,0,0,"[28.248747161823957, 56.67883243101716]","[np.float64(25.3434923222493), np.float64(56.1451305277499)]",2026-06-14 06:27:20,67.31422667207167,1,2.4532095244920162,327.3627064845085,25.253448106589595,65.2792734452084,12.874897848235186,1,1,1,1042,9,0.8662037037037037,18.938323774161113,0.635183850036049,ELECTRE-III,1
892,0143,0,0,"[28.248747161823957, 56.67883243101716]","[np.float64(25.56539114408521), np.float64(56.00579791249965)]",2026-06-14 06:27:20,734.4132497009952,2,4.404405072766209,305.74583100769365,23.7761761286455,65.15632320995901,19.878576897456284,1,1,1,1285,3,0.8662037037037037,16.41376208264147,0.13121845710165825,ELECTRE-III,1
893,0238,0,0,"[28.248747161823957, 56.67883243101716]","[np.float64(27.06543720001891), np.float64(56.14235632273806)]",2026-06-14 06:27:20,514.2127989178518,1,6.610407335742401,141.79020047430248,11.54710694844151,65.248844952456,12.002197253998371,1,1,1,777,11,0.8662037037037037,16.33321577251689,0.7274693583273252,ELECTRE-III,1
894,0116,0,0,"[27.648576731907642, 56.526526042715055]","[np.float64(25.3434923222493), np.float64(56.1451305277499)]",2026-06-14 06:27:30,67.31422667207167,1,2.4532095244920162,259.108326793651,20.47336593089975,65.31690778753517,12.874897848235186,1,1,1,1042,9,0.8663194444444444,20.671772848235186,0.635183850036049,ELECTRE-III,1
895,0143,0,0,"[27.648576731907642, 56.526526042715055]","[np.float64(25.56539114408521), np.float64(56.00579791249965)]",2026-06-14 06:27:30,734.4132497009952,2,4.404405072766209,237.35364643863826,18.88110531256378,65.19389608058324,13.878576897456284,1,1,1,1285,3,0.8663194444444444,16.477535230789616,0.13121845710165825,ELECTRE-III,1
896,0238,0,0,"[27.648576731907642, 56.526526042715055]","[np.float64(27.06543720001891), np.float64(56.14235632273806)]",2026-06-14 06:27:30,514.2127989178518,1,6.610407335742401,75.12626728553884,6.178273473783432,65.28589189851415,15.002197253998371,1,1,1,777,11,0.8663194444444444,6.339002809553927,0.7274693583273252,ELECTRE-III,1
897,0261,0,0,"[27.648576731907642, 56.526526042715055]","[np.float64(24.60431228843975), np.float64(54.75734952573463)]",2026-06-14 06:27:30,901.4737932100328,2,6.767510846123755,381.79817812963665,28.81701637672101,64.0347173557837,17.874897848235186,2,2,2,1206,9,0.8663194444444444,23.939133959346297,0.635183850036049,ELECTRE-III,1
898,0116,0,0,"[27.04832604726858, 56.375432012990615]","[np.float64(25.3434923222493), np.float64(56.1451305277499)]",2026-06-14 06:27:40,67.31422667207167,1,2.4532095244920162,190.95649420865107,15.384424808246331,65.35454212986195,8.874897848235186,1,1,1,1042,9,0.8664351851851851,7.142027477864816,0.635183850036049,ELECTRE-III,1
899,0143,0,0,"[27.04832604726858, 56.375432012990615]","[np.float64(25.56539114408521), np.float64(56.00579791249965)]",2026-06-14 06:27:40,734.4132497009952,2,4.404405072766209,168.96090621039775,13.683006015604258,65.23146212101831,16.878576897456284,1,1,1,1285,3,0.8664351851851851,9.080660230789618,0.13121845710165825,ELECTRE-III,1
900,0238,0,0,"[27.04832604726858, 56.375432012990615]","[np.float64(27.06543720001891), np.float64(56.14235632273806)]",2026-06-14 06:27:40,514.2127989178518,1,6.610407335742401,23.158697790091335,1.911244164401824,65.32293201438313,20.00219725399837,1,1,1,777,11,0.8664351851851851,18.269326883628,0.7274693583273252,ELECTRE-III,1
901,0261,0,0,"[27.04832604726858, 56.375432012990615]","[np.float64(24.60431228843975), np.float64(54.75734952573463)]",2026-06-14 06:27:40,901.4737932100328,2,6.767510846123755,316.34802177715903,24.5050585470211,64.07253611321806,11.874897848235186,2,2,2,1206,9,0.8664351851851851,11.874897848235186,0.635183850036049,ELECTRE-III,1
902,0073,0,0,"[26.448001938095945, 56.22550253051966]","[np.float64(24.06850013242735), np.float64(59.08742500385519)]",2026-06-14 06:27:50,375.7835059197796,1,2.8856825373604194,390.9181764962914,29.391807604985118,68.02287164234332,11.249437967082546,1,1,1,1247,12,0.866550925925926,19.04839630041588,0.8284066330209084,ELECTRE-III,1
903,0116,0,0,"[26.448001938095945, 56.22550253051966]","[np.float64(25.3434923222493), np.float64(56.1451305277499)]",2026-06-14 06:27:50,67.31422667207167,1,2.4532095244920162,123.07888295521983,10.056675829719472,65.39217647218872,13.874897848235186,1,1,1,1042,9,0.866550925925926,7.809041366753704,0.635183850036049,ELECTRE-III,1
904,0143,0,0,"[26.448001938095945, 56.22550253051966]","[np.float64(25.56539114408521), np.float64(56.00579791249965)]",2026-06-14 06:27:50,734.4132497009952,2,4.404405072766209,100.56795429152533,8.245370229531336,65.26903499164256,13.878576897456284,1,1,1,1285,3,0.866550925925926,9.545822267826654,0.13121845710165825,ELECTRE-III,1
905,0238,0,0,"[26.448001938095945, 56.22550253051966]","[np.float64(27.06543720001891), np.float64(56.14235632273806)]",2026-06-14 06:27:50,514.2127989178518,1,6.610407335742401,69.15031693272842,5.69018298117746,65.35997896044128,14.002197253998371,1,1,1,777,11,0.866550925925926,14.002197253998371,0.7274693583273252,ELECTRE-III,1
906,0261,0,0,"[26.448001938095945, 56.22550253051966]","[np.float64(24.60431228843975), np.float64(54.75734952573463)]",2026-06-14 06:27:50,901.4737932100328,2,6.767510846123755,252.4430089555056,19.988893909556303,64.11035487065243,16.874897848235186,2,2,2,1206,9,0.866550925925926,11.67559229267963,0.635183850036049,ELECTRE-III,1
907,0073,0,0,"[25.847602696842436, 56.07669661416718]","[np.float64(24.06850013242735), np.float64(59.08742500385519)]",2026-06-14 06:28:00,375.7835059197796,1,2.8856825373604194,362.27258910078325,27.564856674343794,68.06085432431776,12.249437967082546,1,1,1,1247,12,0.8666666666666667,11.382771300415879,0.8284066330209084,ELECTRE-III,1
908,0116,0,0,"[25.847602696842436, 56.07669661416718]","[np.float64(25.3434923222493), np.float64(56.1451305277499)]",2026-06-14 06:28:00,67.31422667207167,1,2.4532095244920162,56.4731322200654,4.652101680902113,65.42981764470466,7.874897848235186,1,1,1,1042,9,0.8666666666666667,7.008231181568519,0.635183850036049,ELECTRE-III,1
909,0143,0,0,"[25.847602696842436, 56.07669661416718]","[np.float64(25.56539114408521), np.float64(56.00579791249965)]",2026-06-14 06:28:00,734.4132497009952,2,4.404405072766209,32.174450433307335,2.6543821082072507,65.30660103207762,17.878576897456284,1,1,1,1285,3,0.8666666666666667,23.94524356412295,0.13121845710165825,ELECTRE-III,1
910,0238,0,0,"[25.847602696842436, 56.07669661416718]","[np.float64(27.06543720001891), np.float64(56.14235632273806)]",2026-06-14 06:28:00,514.2127989178518,1,6.610407335742401,135.57485979759127,11.05368250410099,65.39701907631026,14.002197253998371,1,1,1,777,11,0.8666666666666667,13.135530587331704,0.7274693583273252,ELECTRE-III,1
911,0261,0,0,"[25.847602696842436, 56.07669661416718]","[np.float64(24.60431228843975), np.float64(54.75734952573463)]",2026-06-14 06:28:00,901.4737932100328,2,6.767510846123755,191.63567187157503,15.436537410845126,64.14817362808678,16.874897848235186,2,2,2,1206,9,0.8666666666666667,9.941564514901852,0.635183850036049,ELECTRE-III,1
912,0073,0,0,"[25.24713515369723, 55.92897328279815]","[np.float64(24.06850013242735), np.float64(59.08742500385519)]",2026-06-14 06:28:10,375.7835059197796,1,2.8856825373604194,345.0243300537897,26.43441555758538,68.0988370062922,15.249437967082546,1,1,1,1247,12,0.8667824074074074,23.050479633749212,0.8284066330209084,ELECTRE-III,1
913,0116,0,0,"[25.24713515369723, 55.92897328279815]","[np.float64(25.3434923222493), np.float64(56.1451305277499)]",2026-06-14 06:28:10,67.31422667207167,1,2.4532095244920162,24.22883734818814,1.9994906819679499,65.46745198703142,15.874897848235186,1,1,1,1042,9,0.8667824074074074,19.342027477864814,0.635183850036049,ELECTRE-III,1
914,0143,0,0,"[25.24713515369723, 55.92897328279815]","[np.float64(25.56539114408521), np.float64(56.00579791249965)]",2026-06-14 06:28:10,734.4132497009952,2,4.404405072766209,36.21999441211581,2.9875672689693222,65.34417390270187,16.878576897456284,1,1,1,1285,3,0.8667824074074074,9.944317638197024,0.13121845710165825,ELECTRE-III,1
915,0238,0,0,"[25.24713515369723, 55.92897328279815]","[np.float64(27.06543720001891), np.float64(56.14235632273806)]",2026-06-14 06:28:10,514.2127989178518,1,6.610407335742401,203.3046754461673,16.32774661855717,65.43405919217923,13.002197253998371,1,1,1,777,11,0.8667824074074074,5.201155587331705,0.7274693583273252,ELECTRE-III,1
916,0261,0,0,"[25.24713515369723, 55.92897328279815]","[np.float64(24.60431228843975), np.float64(54.75734952573463)]",2026-06-14 06:28:10,901.4737932100328,2,6.767510846123755,138.08287478096193,11.25299332332283,64.18598555533198,13.874897848235186,2,2,2,1206,9,0.8667824074074074,19.942374700087036,0.635183850036049,ELECTRE-III,1
917,0073,0,0,"[24.64660101620761, 55.78229838546671]","[np.float64(24.06850013242735), np.float64(59.08742500385519)]",2026-06-14 06:28:20,375.7835059197796,1,2.8856825373604194,340.9064571181272,26.161179116234162,68.13681968826664,12.249437967082546,1,1,1,1247,12,0.8668981481481481,18.317725004119584,0.8284066330209084,ELECTRE-III,1
918,0116,0,0,"[24.64660101620761, 55.78229838546671]","[np.float64(25.3434923222493), np.float64(56.1451305277499)]",2026-06-14 06:28:20,67.31422667207167,1,2.4532095244920162,85.68503743683208,7.038430719014139,65.50508632935819,16.874897848235186,1,1,1,1042,9,0.8668981481481481,9.072814514901854,0.635183850036049,ELECTRE-III,1
919,0143,0,0,"[24.64660101620761, 55.78229838546671]","[np.float64(25.56539114408521), np.float64(56.00579791249965)]",2026-06-14 06:28:20,734.4132497009952,2,4.404405072766209,104.61402423748896,8.572264471320008,65.38174677332611,20.878576897456284,1,1,1,1285,3,0.8668981481481481,12.209595415974803,0.13121845710165825,ELECTRE-III,1
920,0238,0,0,"[24.64660101620761, 55.78229838546671]","[np.float64(27.06543720001891), np.float64(56.14235632273806)]",2026-06-14 06:28:20,514.2127989178518,1,6.610407335742401,271.3644567984784,21.356247195172156,65.47109930804821,15.002197253998371,1,1,1,777,11,0.8668981481481481,17.602891698442818,0.7274693583273252,ELECTRE-III,1
921,0261,0,0,"[24.64660101620761, 55.78229838546671]","[np.float64(24.60431228843975), np.float64(54.75734952573463)]",2026-06-14 06:28:20,901.4737932100328,2,6.767510846123755,103.71030405456352,8.499298166148018,64.22380431276633,11.874897848235186,2,2,2,1206,9,0.8668981481481481,14.47559229267963,0.635183850036049,ELECTRE-III,1
922,0073,0,0,"[24.046001991920882, 55.63662752594326]","[np.float64(24.06850013242735), np.float64(59.08742500385519)]",2026-06-14 06:28:30,375.7835059197796,1,2.8856825373604194,350.38209548611115,26.78799274993452,68.17480237024108,14.249437967082546,1,1,1,1247,12,0.8670138888888889,16.850479633749213,0.8284066330209084,ELECTRE-III,1
923,0116,0,0,"[24.046001991920882, 55.63662752594326]","[np.float64(25.3434923222493), np.float64(56.1451305277499)]",2026-06-14 06:28:30,67.31422667207167,1,2.4532095244920162,153.14710907975513,12.44419694708803,65.54272750187414,10.874897848235186,1,1,1,1042,9,0.8670138888888889,3.938786737124075,0.635183850036049,ELECTRE-III,1
924,0143,0,0,"[24.046001991920882, 55.63662752594326]","[np.float64(25.56539114408521), np.float64(56.00579791249965)]",2026-06-14 06:28:30,734.4132497009952,2,4.404405072766209,173.00864057259497,13.998057323798493,65.41931281376118,14.878576897456284,1,1,1,1285,3,0.8670138888888889,13.144549119678507,0.13121845710165825,ELECTRE-III,1
925,0238,0,0,"[24.046001991920882, 55.63662752594326]","[np.float64(27.06543720001891), np.float64(56.14235632273806)]",2026-06-14 06:28:30,514.2127989178518,1,6.610407335742401,339.5562298419385,26.07130625698009,65.5081394239172,17.00219725399837,1,1,1,777,11,0.8670138888888889,18.73622503177615,0.7274693583273252,ELECTRE-III,1
926,0261,0,0,"[24.046001991920882, 55.63662752594326]","[np.float64(24.60431228843975), np.float64(54.75734952573463)]",2026-06-14 06:28:30,901.4737932100328,2,6.767510846123755,108.58757479168973,8.892753459205087,64.2616230702007,15.874897848235186,2,2,2,1206,9,0.8670138888888889,8.071772848235186,0.635183850036049,ELECTRE-III,1
927,0073,0,0,"[23.445343203478913, 55.49192655328196]","[np.float64(24.06850013242735), np.float64(59.08742500385519)]",2026-06-14 06:28:40,375.7835059197796,1,2.8856825373604194,372.414146349084,28.218888032299162,68.21279188240469,16.249437967082546,1,1,1,1247,12,0.8671296296296296,8.445271300415879,0.8284066330209084,ELECTRE-III,1
928,0116,0,0,"[23.445343203478913, 55.49192655328196]","[np.float64(25.3434923222493), np.float64(56.1451305277499)]",2026-06-14 06:28:40,67.31422667207167,1,2.4532095244920162,221.1862626318665,17.67771461468993,65.58036184420091,10.874897848235186,1,1,1,1042,9,0.8671296296296296,14.343416366753704,0.635183850036049,ELECTRE-III,1
929,0143,0,0,"[23.445343203478913, 55.49192655328196]","[np.float64(25.56539114408521), np.float64(56.00579791249965)]",2026-06-14 06:28:40,734.4132497009952,2,4.404405072766209,241.4033858582067,19.179897806602376,65.45688568438541,15.878576897456284,1,1,1,1285,3,0.8671296296296296,17.612836156715545,0.13121845710165825,ELECTRE-III,1
930,0238,0,0,"[23.445343203478913, 55.49192655328196]","[np.float64(27.06543720001891), np.float64(56.14235632273806)]",2026-06-14 06:28:40,514.2127989178518,1,6.610407335742401,407.8137241794507,30.439680882400033,65.54517953978618,15.002197253998371,1,1,1,777,11,0.8671296296296296,21.072104661405778,0.7274693583273252,ELECTRE-III,1
931,0261,0,0,"[23.445343203478913, 55.49192655328196]","[np.float64(24.60431228843975), np.float64(54.75734952573463)]",2026-06-14 06:28:40,901.4737932100328,2,6.767510846123755,148.90779090907694,12.110030387549658,64.29944182763506,16.874897848235186,2,2,2,1206,9,0.8671296296296296,16.874897848235186,0.635183850036049,ELECTRE-III,1
932,0073,0,0,"[22.844624650881705, 55.348161316536945]","[np.float64(24.06850013242735), np.float64(59.08742500385519)]",2026-06-14 06:28:50,375.7835059197796,1,2.8856825373604194,404.9575459942139,30.264087849534352,68.25077456437913,10.249437967082546,1,1,1,1247,12,0.8672453703703704,17.18740093004551,0.8284066330209084,ELECTRE-III,1
933,0116,0,0,"[22.844624650881705, 55.348161316536945]","[np.float64(25.3434923222493), np.float64(56.1451305277499)]",2026-06-14 06:28:50,67.31422667207167,1,2.4532095244920162,289.3959750373097,22.63599396518286,65.61800301671686,9.874897848235186,1,1,1,1042,9,0.8672453703703704,4.671425626012963,0.635183850036049,ELECTRE-III,1
934,0143,0,0,"[22.844624650881705, 55.348161316536945]","[np.float64(25.56539114408521), np.float64(56.00579791249965)]",2026-06-14 06:28:50,734.4132497009952,2,4.404405072766209,309.79846498412417,24.055768635314852,65.49445855500966,14.878576897456284,1,1,1,1285,3,0.8672453703703704,7.0733685641229505,0.13121845710165825,ELECTRE-III,1
935,0261,0,0,"[22.844624650881705, 55.348161316536945]","[np.float64(24.60431228843975), np.float64(54.75734952573463)]",2026-06-14 06:28:50,901.4737932100328,2,6.767510846123755,204.70220753422484,16.43394838408398,64.33726058506942,20.874897848235186,2,2,2,1206,9,0.8672453703703704,13.069689514901853,0.635183850036049,ELECTRE-III,1
936,0116,0,0,"[22.243849749223845, 55.20529424966779]","[np.float64(25.3434923222493), np.float64(56.1451305277499)]",2026-06-14 06:29:00,67.31422667207167,1,2.4532095244920162,357.6787729757166,27.26600269944407,65.65563735904362,8.874897848235186,1,1,1,1042,9,0.8673611111111111,12.344342292679631,0.635183850036049,ELECTRE-III,1
937,0143,0,0,"[22.243849749223845, 55.20529424966779]","[np.float64(25.56539114408521), np.float64(56.00579791249965)]",2026-06-14 06:29:00,734.4132497009952,2,4.404405072766209,378.1938096561764,28.588080407905796,65.5320314256339,20.878576897456284,1,1,1,1285,3,0.8673611111111111,27.817465786345174,0.13121845710165825,ELECTRE-III,1
938,0261,0,0,"[22.243849749223845, 55.20529424966779]","[np.float64(24.60431228843975), np.float64(54.75734952573463)]",2026-06-14 06:29:00,901.4737932100328,2,6.767510846123755,266.4205053688781,21.00135744032708,64.37508617269295,19.874897848235186,2,2,2,1206,9,0.8673611111111111,12.936008959346296,0.635183850036049,ELECTRE-III,1
939,0261,0,0,"[21.64302191359992, 55.06329461682322]","[np.float64(24.60431228843975), np.float64(54.75734952573463)]",2026-06-14 06:29:10,901.4737932100328,2,6.767510846123755,330.7634125872177,25.482671533607874,64.41290493012731,15.874897848235186,2,2,2,1206,9,0.8674768518518519,14.139944144531482,0.635183850036049,ELECTRE-III,1
940,0261,0,0,"[21.042142851557216, 54.92212485196281]","[np.float64(24.60431228843975), np.float64(54.75734952573463)]",2026-06-14 06:29:20,901.4737932100328,2,6.767510846123755,396.45539421387525,29.737659192487175,64.45072368756168,13.874897848235186,2,2,2,1206,9,0.8675925925925926,10.404527477864816,0.635183850036049,ELECTRE-III,1
941,0334,0,0,"[-12.631029558516852, 47.58371155109317]","[np.float64(-15.50091911811069), np.float64(46.46302837561331)]",2026-06-14 06:38:40,328.67035002266863,1,7.955163081572024,341.23877577345473,26.18327747131425,38.99066763177305,7.005876303219473,4,4,3,1221,8,0.8740740740740741,0.8873577847009546,0.5508291276135544,ELECTRE-III,1
942,0334,0,0,"[-13.231897521502153, 47.45126735289745]","[np.float64(-15.50091911811069), np.float64(46.46302837561331)]",2026-06-14 06:38:50,328.67035002266863,1,7.955163081572024,273.8381985061887,21.533177611691286,39.01711412423934,10.005876303219473,4,4,3,1221,8,0.8741898148148148,6.509117043960214,0.5508291276135544,ELECTRE-III,1
943,0334,0,0,"[-13.832721088257848, 47.3183757773111]","[np.float64(-15.50091911811069), np.float64(46.46302837561331)]",2026-06-14 06:39:00,328.67035002266863,1,7.955163081572024,207.06009325696164,16.61286645497234,39.0435435412327,14.005876303219473,4,4,3,1221,8,0.8743055555555556,19.251709636552807,0.5508291276135544,ELECTRE-III,1
944,0334,0,0,"[-14.433497697463, 47.185012918672015]","[np.float64(-15.50091911811069), np.float64(46.46302837561331)]",2026-06-14 06:39:10,328.67035002266863,1,7.955163081572024,141.78414260033344,11.546626857009143,39.06995588275314,11.005876303219473,4,4,3,1221,8,0.8744212962962963,7.508191118034288,0.5508291276135544,ELECTRE-III,1
945,0334,0,0,"[-15.034224787796669, 47.05115828641269]","[np.float64(-15.50091911811069), np.float64(46.46302837561331)]",2026-06-14 06:39:20,328.67035002266863,1,7.955163081572024,81.68965821381896,6.713305722879496,39.096347733706075,10.005876303219473,4,4,3,1221,8,0.874537037037037,17.876709636552807,0.5508291276135544,ELECTRE-III,1
946,0334,0,0,"[-15.634904066806149, 46.91678455977644]","[np.float64(-15.50091911811069), np.float64(46.46302837561331)]",2026-06-14 06:39:30,328.67035002266863,1,7.955163081572024,50.83649965532194,4.189515740729728,39.122722509186076,10.005876303219473,4,4,3,1221,8,0.8746527777777777,5.632612414330585,0.5508291276135544,ELECTRE-III,1
947,0334,0,0,"[-16.23553041184956, 46.78186783310118]","[np.float64(-15.50091911811069), np.float64(46.46302837561331)]",2026-06-14 06:39:40,328.67035002266863,1,7.955163081572024,88.5178914974634,7.268680474941928,39.14907679409857,13.005876303219473,4,4,3,1221,8,0.8747685185185186,19.129255932849105,0.5508291276135544,ELECTRE-III,1
948,0334,0,0,"[-16.83610211537961, 46.64638078563022]","[np.float64(-15.50091911811069), np.float64(46.46302837561331)]",2026-06-14 06:39:50,328.67035002266863,1,7.955163081572024,149.7514675913135,12.176601113486345,39.175410588443555,11.005876303219473,4,4,3,1221,8,0.8748842592592593,18.879834636552808,0.5508291276135544,ELECTRE-III,1
949,0334,0,0,"[-17.436619177396302, 46.510299511701476]","[np.float64(-15.50091911811069), np.float64(46.46302837561331)]",2026-06-14 06:40:00,328.67035002266863,1,7.955163081572024,215.2993383027702,17.235436846532377,39.201727307315615,9.005876303219473,4,4,3,1221,8,0.875,5.505876303219473,0.5508291276135544,ELECTRE-III,1
950,0334,0,0,"[-18.037076475257756, 46.37359669055825]","[np.float64(-15.50091911811069), np.float64(46.46302837561331)]",2026-06-14 06:40:10,328.67035002266863,1,7.955163081572024,282.1688882183683,22.12584341908579,39.22802695071475,12.005876303219473,4,4,3,1221,8,0.8751157407407407,14.631223525441696,0.5508291276135544,ELECTRE-III,1
951,0334,0,0,"[-18.637475716511265, 46.236241586349294]","[np.float64(-15.50091911811069), np.float64(46.46302837561331)]",2026-06-14 06:40:20,328.67035002266863,1,7.955163081572024,349.6015376070046,26.7366171850477,39.25430610354637,13.005876303219473,4,4,3,1221,8,0.8752314814814814,7.754487414330585,0.5508291276135544,ELECTRE-III,1
952,0216,0,0,"[59.58157062071879, 43.89873911650666]","[np.float64(56.13766847153499), np.float64(44.619884707889)]",2026-06-14 07:57:20,128.13822641959973,1,7.155013718678922,385.3076331317087,29.038960957249035,55.075373806370386,8.754956540914197,2,2,2,877,12,0.9287037037037037,3.182734318691975,0.8284066330209084,ELECTRE-III,1
953,0044,0,0,"[58.99720012590001, 43.525879089715666]","[np.float64(56.39574564915846), np.float64(47.93145060156018)]",2026-06-14 07:57:30,246.95544180501227,1,6.773062759672634,389.9843494380763,29.33324789852489,55.588563484753884,17.500357729387822,1,1,1,1009,9,0.9288194444444444,9.140982729387822,0.635183850036049,ELECTRE-III,1
954,0216,0,0,"[58.99720012590001, 43.525879089715666]","[np.float64(56.13766847153499), np.float64(44.619884707889)]",2026-06-14 07:57:30,128.13822641959973,1,7.155013718678922,324.5783269303918,25.06512123950071,55.08569763730086,7.754956540914197,2,2,2,877,12,0.9288194444444444,3.1108593186919746,0.8284066330209084,ELECTRE-III,1
955,0044,0,0,"[58.412010008380825, 43.164080554285505]","[np.float64(56.39574564915846), np.float64(47.93145060156018)]",2026-06-14 07:57:40,246.95544180501227,1,6.773062759672634,362.9262384329515,27.607248825088977,55.5968280136496,15.500357729387822,1,1,1,1009,9,0.9289351851851851,14.571422544202637,0.635183850036049,ELECTRE-III,1
956,0216,0,0,"[58.412010008380825, 43.164080554285505]","[np.float64(56.13766847153499), np.float64(44.619884707889)]",2026-06-14 07:57:40,128.13822641959973,1,7.155013718678922,267.5931630331894,21.085687850474628,55.09599756256924,9.754956540914197,2,2,2,877,12,0.9289351851851851,6.039215800173457,0.8284066330209084,ELECTRE-III,1
957,0359,0,0,"[58.412010008380825, 43.164080554285505]","[np.float64(55.85040109816477), np.float64(38.76299719116687)]",2026-06-14 07:57:40,959.7028988210645,2,7.054564652267333,389.29748690895667,29.290132198527395,53.66504902578947,15.380416422066837,4,4,3,1135,2,0.9289351851851851,6.091064570214986,0.05767844268204758,ELECTRE-III,1
958,0044,0,0,"[57.8260549096746, 42.81275611394756]","[np.float64(56.39574564915846), np.float64(47.93145060156018)]",2026-06-14 07:57:50,246.95544180501227,1,6.773062759672634,347.4672761716892,26.595905057510667,55.60506863688322,15.500357729387822,1,1,1,1009,9,0.929050925925926,22.003714210869305,0.635183850036049,ELECTRE-III,1
959,0216,0,0,"[57.8260549096746, 42.81275611394756]","[np.float64(56.13766847153499), np.float64(44.619884707889)]",2026-06-14 07:57:50,128.13822641959973,1,7.155013718678922,217.3197569097316,17.387470331775205,55.106273582175525,7.754956540914197,2,2,2,877,12,0.929050925925926,14.25831302239568,0.8284066330209084,ELECTRE-III,1
960,0359,0,0,"[57.8260549096746, 42.81275611394756]","[np.float64(55.85040109816477), np.float64(38.76299719116687)]",2026-06-14 07:57:50,959.7028988210645,2,7.054564652267333,329.9544626172866,25.42822338756111,53.678548894684006,15.380416422066837,4,4,3,1135,2,0.929050925925926,17.23851827391869,0.05767844268204758,ELECTRE-III,1
961,0044,0,0,"[57.239372395821775, 42.4713422780953]","[np.float64(56.39574564915846), np.float64(47.93145060156018)]",2026-06-14 07:58:00,246.95544180501227,1,6.773062759672634,345.1696709956221,26.44403593790857,55.61328535445474,14.500357729387822,1,1,1,1009,9,0.9291666666666667,20.07535772938782,0.635183850036049,ELECTRE-III,1
962,0216,0,0,"[57.239372395821775, 42.4713422780953]","[np.float64(56.13766847153499), np.float64(44.619884707889)]",2026-06-14 07:58:00,128.13822641959973,1,7.155013718678922,179.48963469312133,14.50069885654468,55.1165291112143,5.754956540914197,2,2,2,877,12,0.9291666666666667,11.329956540914196,0.8284066330209084,ELECTRE-III,1
963,0359,0,0,"[57.239372395821775, 42.4713422780953]","[np.float64(55.85040109816477), np.float64(38.76299719116687)]",2026-06-14 07:58:00,959.7028988210645,2,7.054564652267333,274.76617862692433,21.59943906091255,53.69203168810561,15.380416422066837,4,4,3,1135,2,0.9291666666666667,23.742916422066838,0.05767844268204758,ELECTRE-III,1
964,0044,0,0,"[56.65200003286277, 42.139330197635566]","[np.float64(56.39574564915846), np.float64(47.93145060156018)]",2026-06-14 07:58:10,246.95544180501227,1,6.773062759672634,356.28778972618386,27.175192507957952,55.62147475126959,17.500357729387822,1,1,1,1009,9,0.9292824074074074,10.99538087753597,0.635183850036049,ELECTRE-III,1
965,0216,0,0,"[56.65200003286277, 42.139330197635566]","[np.float64(56.13766847153499), np.float64(44.619884707889)]",2026-06-14 07:58:10,128.13822641959973,1,7.155013718678922,163.00986769853253,13.218281634966349,55.12675731949639,4.754956540914197,2,2,2,877,12,0.9292824074074074,13.118498207580863,0.8284066330209084,ELECTRE-III,1
966,0359,0,0,"[56.65200003286277, 42.139330197635566]","[np.float64(55.85040109816477), np.float64(38.76299719116687)]",2026-06-14 07:58:10,959.7028988210645,2,7.054564652267333,226.7884129001697,18.096587286163196,53.7054939909597,12.380416422066837,4,4,3,1135,2,0.9292824074074074,9.592569199844615,0.05767844268204758,ELECTRE-III,1
967,0044,0,0,"[56.06397880193262, 41.816228098948116]","[np.float64(56.39574564915846), np.float64(47.93145060156018)]",2026-06-14 07:58:20,246.95544180501227,1,6.773062759672634,379.6453809259646,28.68039924638685,55.62963682732775,13.500357729387822,1,1,1,1009,9,0.9293981481481481,11.641561433091526,0.635183850036049,ELECTRE-III,1
968,0216,0,0,"[56.06397880193262, 41.816228098948116]","[np.float64(56.13766847153499), np.float64(44.619884707889)]",2026-06-14 07:58:20,128.13822641959973,1,7.155013718678922,174.055831331061,14.079424729817303,55.13696503721098,6.754956540914197,2,2,2,877,12,0.9293981481481481,2.1079658001734565,0.8284066330209084,ELECTRE-III,1
969,0359,0,0,"[56.06397880193262, 41.816228098948116]","[np.float64(55.85040109816477), np.float64(38.76299719116687)]",2026-06-14 07:58:20,959.7028988210645,2,7.054564652267333,191.5204948954365,15.427701840475141,53.71893238815171,20.380416422066837,4,4,3,1135,2,0.9293981481481481,19.451018273918688,0.05767844268204758,ELECTRE-III,1
970,0470,0,0,"[56.06397880193262, 41.816228098948116]","[np.float64(54.85922225367985), np.float64(36.43583153325513)]",2026-06-14 07:58:20,477.1976545198759,1,2.239311088917992,364.5706488881602,27.713751389067898,53.71035367055417,11.747598442471997,2,2,2,618,12,0.9293981481481481,9.888802146175701,0.8284066330209084,ELECTRE-III,1
971,0216,0,0,"[55.475336023787996, 41.50158860464231]","[np.float64(56.13766847153499), np.float64(44.619884707889)]",2026-06-14 07:58:30,128.13822641959973,1,7.155013718678922,208.29392326704536,16.706357903362004,55.147145434168884,3.754956540914197,2,2,2,877,12,0.9295138888888889,1.8959287631364192,0.8284066330209084,ELECTRE-III,1
972,0359,0,0,"[55.475336023787996, 41.50158860464231]","[np.float64(55.85040109816477), np.float64(38.76299719116687)]",2026-06-14 07:58:30,959.7028988210645,2,7.054564652267333,176.7443006115631,14.288054687283777,53.73235370987078,19.380416422066837,4,4,3,1135,2,0.9295138888888889,10.085277533177948,0.05767844268204758,ELECTRE-III,1
973,0470,0,0,"[55.475336023787996, 41.50158860464231]","[np.float64(54.85922225367985), np.float64(36.43583153325513)]",2026-06-14 07:58:30,477.1976545198759,1,2.239311088917992,328.87283492097055,25.355345135360054,53.72550644522784,12.747598442471997,2,2,2,618,12,0.9295138888888889,17.39516788691644,0.8284066330209084,ELECTRE-III,1
974,0216,0,0,"[54.88610926446933, 41.19499165808419]","[np.float64(56.13766847153499), np.float64(44.619884707889)]",2026-06-14 07:58:40,128.13822641959973,1,7.155013718678922,256.60310285726865,20.291626827974664,55.157305340559276,3.754956540914197,2,2,2,877,12,0.9296296296296296,2.8253269112845674,0.8284066330209084,ELECTRE-III,1
975,0359,0,0,"[54.88610926446933, 41.19499165808419]","[np.float64(55.85040109816477), np.float64(38.76299719116687)]",2026-06-14 07:58:40,959.7028988210645,2,7.054564652267333,187.37414984125272,15.109124956549465,53.74575454102234,12.380416422066837,4,4,3,1135,2,0.9296296296296296,9.591527533177949,0.05767844268204758,ELECTRE-III,1
976,0470,0,0,"[54.88610926446933, 41.19499165808419]","[np.float64(54.85922225367985), np.float64(36.43583153325513)]",2026-06-14 07:58:40,477.1976545198759,1,2.239311088917992,304.45263878679003,23.686704020047582,53.74063531423942,15.747598442471997,2,2,2,618,12,0.9296296296296296,15.747598442471997,0.8284066330209084,ELECTRE-III,1
977,0216,0,0,"[54.29632584473332, 40.89603427811273]","[np.float64(56.13766847153499), np.float64(44.619884707889)]",2026-06-14 07:58:50,128.13822641959973,1,7.155013718678922,312.5256087074639,24.243232809902846,55.16744134128758,9.754956540914197,2,2,2,877,12,0.9297453703703704,1.387248207580864,0.8284066330209084,ELECTRE-III,1
978,0359,0,0,"[54.29632584473332, 40.89603427811273]","[np.float64(55.85040109816477), np.float64(38.76299719116687)]",2026-06-14 07:58:50,959.7028988210645,2,7.054564652267333,219.75485721109632,17.570372657740933,53.7591348816064,18.380416422066837,4,4,3,1135,2,0.9297453703703704,15.591180310955725,0.05767844268204758,ELECTRE-III,1
979,0470,0,0,"[54.29632584473332, 40.89603427811273]","[np.float64(54.85922225367985), np.float64(36.43583153325513)]",2026-06-14 07:58:50,477.1976545198759,1,2.239311088917992,294.13343176825515,22.9683668380316,53.75574710777808,11.747598442471997,2,2,2,618,12,0.9297453703703704,15.466579923953478,0.8284066330209084,ELECTRE-III,1
980,0216,0,0,"[53.70601308533663, 40.604347634512756]","[np.float64(56.13766847153499), np.float64(44.619884707889)]",2026-06-14 07:59:00,128.13822641959973,1,7.155013718678922,372.64981984260993,28.233992652093562,55.177553436353776,3.754956540914197,2,2,2,877,12,0.9298611111111111,5.6146787631364194,0.8284066330209084,ELECTRE-III,1
981,0359,0,0,"[53.70601308533663, 40.604347634512756]","[np.float64(55.85040109816477), np.float64(38.76299719116687)]",2026-06-14 07:59:00,959.7028988210645,2,7.054564652267333,266.0614101274936,20.97551440322786,53.77249473162295,13.380416422066837,4,4,3,1135,2,0.9298611111111111,7.80124975540017,0.05767844268204758,ELECTRE-III,1
982,0470,0,0,"[53.70601308533663, 40.604347634512756]","[np.float64(54.85922225367985), np.float64(36.43583153325513)]",2026-06-14 07:59:00,477.1976545198759,1,2.239311088917992,299.3785330167794,23.33445779911102,53.7708418258438,11.747598442471997,2,2,2,618,12,0.9298611111111111,6.16843177580533,0.8284066330209084,ELECTRE-III,1
983,0359,0,0,"[53.11520172213052, 40.319586802731166]","[np.float64(55.85040109816477), np.float64(38.76299719116687)]",2026-06-14 07:59:10,959.7028988210645,2,7.054564652267333,320.3106459043324,24.775341592173326,53.78583409107198,18.380416422066837,4,4,3,1135,2,0.9299768518518519,20.24037012577054,0.05767844268204758,ELECTRE-III,1
984,0470,0,0,"[53.11520172213052, 40.319586802731166]","[np.float64(54.85922225367985), np.float64(36.43583153325513)]",2026-06-14 07:59:10,477.1976545198759,1,2.239311088917992,319.42333449087005,24.71492143782197,53.78591605334202,18.747598442471997,2,2,2,618,12,0.9299768518518519,18.747598442471997,0.8284066330209084,ELECTRE-III,1
985,0359,0,0,"[52.523908830587935, 40.04141710349864]","[np.float64(55.85040109816477), np.float64(38.76299719116687)]",2026-06-14 07:59:20,959.7028988210645,2,7.054564652267333,379.1093142112907,28.646324724525144,53.7991529599535,11.380416422066837,4,4,3,1135,2,0.9300925925925926,13.240601607252023,0.05767844268204758,ELECTRE-III,1
986,0470,0,0,"[52.523908830587935, 40.04141710349864]","[np.float64(54.85922225367985), np.float64(36.43583153325513)]",2026-06-14 07:59:20,477.1976545198759,1,2.239311088917992,351.7478999526626,26.877776862754143,53.80096979027273,13.747598442471997,2,2,2,618,12,0.9300925925925926,6.306857701731256,0.8284066330209084,ELECTRE-III,1
987,0470,0,0,"[51.93216173146554, 39.7695380084917]","[np.float64(54.85922225367985), np.float64(36.43583153325513)]",2026-06-14 07:59:30,477.1976545198759,1,2.239311088917992,393.33741534404487,29.543203286396285,53.81600303663593,18.747598442471997,2,2,2,618,12,0.9302083333333333,24.328848442471998,0.8284066330209084,ELECTRE-III,1
988,0056,0,0,"[50.74738687275137, 39.243490498995655]","[np.float64(47.13803792370443), np.float64(39.85157614431118)]",2026-06-14 07:59:50,699.0293404907906,1,7.477046953735134,403.7875646150044,30.19197739674209,61.15100465801515,9.878576897456284,1,1,1,566,14,0.9304398148148149,18.25253523078962,1.0,ELECTRE-III,1
989,0056,0,0,"[50.15440009429462, 38.98879274484588]","[np.float64(47.13803792370443), np.float64(39.85157614431118)]",2026-06-14 08:00:00,699.0293404907906,1,7.477046953735134,341.3349440894298,26.189670859507107,61.16966473482763,9.878576897456284,1,1,1,566,14,0.9305555555555556,7.086910230789617,1.0,ELECTRE-III,1
990,0056,0,0,"[49.561037655433516, 38.739320085411165]","[np.float64(47.13803792370443), np.float64(39.85157614431118)]",2026-06-14 08:00:10,699.0293404907906,1,7.477046953735134,281.675540718539,22.090882545939035,61.18829749088342,14.878576897456284,1,1,1,566,14,0.9306712962962963,17.670590786345173,1.0,ELECTRE-III,1
991,0056,0,0,"[48.96731321654641, 38.49484029425973]","[np.float64(47.13803792370443), np.float64(39.85157614431118)]",2026-06-14 08:00:20,699.0293404907906,1,7.477046953735134,227.02257314102494,18.114052285294026,61.2069097563717,8.878576897456284,1,1,1,566,14,0.930787037037037,8.878576897456284,1.0,ELECTRE-III,1
992,0056,0,0,"[48.373250683295375, 38.25513480533813]","[np.float64(47.13803792370443), np.float64(39.85157614431118)]",2026-06-14 08:00:30,699.0293404907906,1,7.477046953735134,181.94682507017484,14.690679005243089,61.22548787091414,8.878576897456284,1,1,1,566,14,0.9309027777777777,12.602188008567396,1.0,ELECTRE-III,1
993,0056,0,0,"[47.7788568858696, 38.020002128065855]","[np.float64(47.13803792370443), np.float64(39.85157614431118)]",2026-06-14 08:00:40,699.0293404907906,1,7.477046953735134,155.03926597468032,12.593071468273948,61.244045494889065,7.878576897456284,1,1,1,566,14,0.9310185185185185,4.15450282338221,1.0,ELECTRE-III,1
994,0151,0,0,"[47.7788568858696, 38.020002128065855]","[np.float64(44.41139282978252), np.float64(39.91154998747761)]",2026-06-14 08:00:40,818.1628690790864,2,6.856779601435967,401.816621405744,30.070261430080215,63.280650811035954,17.747598442471997,3,3,3,663,14,0.9310185185185185,25.195746590620146,1.0,ELECTRE-III,1
995,0056,0,0,"[47.18415231483659, 37.78924418695698]","[np.float64(47.13803792370443), np.float64(39.85157614431118)]",2026-06-14 08:00:50,699.0293404907906,1,7.477046953735134,156.00424226447112,12.66892924407226,61.26257579810731,14.878576897456284,1,1,1,566,14,0.9311342592592593,9.291771341900729,1.0,ELECTRE-III,1
996,0151,0,0,"[47.18415231483659, 37.78924418695698]","[np.float64(44.41139282978252), np.float64(39.91154998747761)]",2026-06-14 08:00:50,818.1628690790864,2,6.856779601435967,349.43694350687736,26.725777829205107,63.30141458611279,19.747598442471997,3,3,3,663,14,0.9311342592592593,16.95419566469422,1.0,ELECTRE-III,1
997,0056,0,0,"[46.589147215480104, 37.562676566903896]","[np.float64(47.13803792370443), np.float64(39.85157614431118)]",2026-06-14 08:01:00,699.0293404907906,1,7.477046953735134,184.40526468804205,14.880425762482009,61.281078780568876,14.878576897456284,1,1,1,566,14,0.93125,10.222326897456284,1.0,ELECTRE-III,1
998,0151,0,0,"[46.589147215480104, 37.562676566903896]","[np.float64(44.41139282978252), np.float64(39.91154998747761)]",2026-06-14 08:01:00,818.1628690790864,2,6.856779601435967,303.5343468683111,23.623095600498967,63.322151040432956,15.747598442471997,3,3,3,663,14,0.93125,12.953848442471998,1.0,ELECTRE-III,1
999,0056,0,0,"[45.99385524817847, 37.340128513177376]","[np.float64(47.13803792370443), np.float64(39.85157614431118)]",2026-06-14 08:01:10,699.0293404907906,1,7.477046953735134,230.30689120281372,18.358647401881175,61.299561272462924,12.878576897456284,1,1,1,566,14,0.9313657407407407,11.015845415974802,1.0,ELECTRE-III,1
1000,0151,0,0,"[45.99385524817847, 37.340128513177376]","[np.float64(44.41139282978252), np.float64(39.91154998747761)]",2026-06-14 08:01:10,818.1628690790864,2,6.856779601435967,267.46490138218354,21.076468705452633,63.342860173996435,16.747598442471997,3,3,3,663,14,0.9313657407407407,20.47306140543496,1.0,ELECTRE-III,1
1001,0056,0,0,"[45.398286658215454, 37.12143610123732]","[np.float64(47.13803792370443), np.float64(39.85157614431118)]",2026-06-14 08:01:20,699.0293404907906,1,7.477046953735134,285.38649887025184,22.353432228510236,61.318009613411135,6.878576897456284,1,1,1,566,14,0.9314814814814815,0.0,1.0,ELECTRE-III,1
1002,0151,0,0,"[45.398286658215454, 37.12143610123732]","[np.float64(44.41139282978252), np.float64(39.91154998747761)]",2026-06-14 08:01:20,818.1628690790864,2,6.856779601435967,245.59990165110906,19.48837992689876,63.36354198680323,15.747598442471997,3,3,3,663,14,0.9314814814814815,9.227228072101626,1.0,ELECTRE-III,1
1003,0056,0,0,"[44.802458521063976, 36.90643540654366]","[np.float64(47.13803792370443), np.float64(39.85157614431118)]",2026-06-14 08:01:30,699.0293404907906,1,7.477046953735134,345.27967758575414,26.45131640530674,61.336437463791825,8.878576897456284,1,1,1,566,14,0.9315972222222222,11.673368564122951,1.0,ELECTRE-III,1
1004,0151,0,0,"[44.802458521063976, 36.90643540654366]","[np.float64(44.41139282978252), np.float64(39.91154998747761)]",2026-06-14 08:01:30,818.1628690790864,2,6.856779601435967,241.82450523990983,19.210906457447052,63.38419647885335,23.747598442471997,3,3,3,663,14,0.9315972222222222,21.88440399802755,1.0,ELECTRE-III,1
1005,0056,0,0,"[44.206377666913205, 36.69497958002923]","[np.float64(47.13803792370443), np.float64(39.85157614431118)]",2026-06-14 08:01:40,699.0293404907906,1,7.477046953735134,407.87173792870266,30.44324093981638,61.35483799341584,13.878576897456284,1,1,1,566,14,0.9317129629629629,20.400567638197025,1.0,ELECTRE-III,1
1006,0136,0,0,"[44.206377666913205, 36.69497958002923]","[np.float64(41.01530165103067), np.float64(36.68108950893681)]",2026-06-14 08:01:40,751.7370688135851,2,6.975518570741706,354.833783819622,27.080109657331157,63.83437424704889,27.373058323624633,1,1,1,1011,11,0.9317129629629629,20.851067582883893,0.7274693583273252,ELECTRE-III,1
1007,0151,0,0,"[44.206377666913205, 36.69497958002923]","[np.float64(44.41139282978252), np.float64(39.91154998747761)]",2026-06-14 08:01:40,818.1628690790864,2,6.856779601435967,256.93718353350073,20.31588713331045,63.40482365014679,22.747598442471997,3,3,3,663,14,0.9317129629629629,14.36218177580533,1.0,ELECTRE-III,1
1008,0110,0,0,"[43.610054341046904, 36.48693201791065]","[np.float64(40.41150928358038), np.float64(34.88042992026906)]",2026-06-14 08:01:50,435.17543154418587,1,2.7939020951426032,379.6006244836699,28.677555197466408,63.06286339916093,13.005876303219473,2,2,2,536,3,0.9318287037037037,14.86953371062688,0.13121845710165825,ELECTRE-III,1
1009,0136,0,0,"[43.610054341046904, 36.48693201791065]","[np.float64(41.01530165103067), np.float64(36.68108950893681)]",2026-06-14 08:01:50,751.7370688135851,2,6.975518570741706,288.9648378957223,22.605665650520926,63.8599054941664,22.373058323624633,1,1,1,1011,11,0.9318287037037037,27.032201842143152,0.7274693583273252,ELECTRE-III,1
1010,0151,0,0,"[43.610054341046904, 36.48693201791065]","[np.float64(44.41139282978252), np.float64(39.91154998747761)]",2026-06-14 08:01:50,818.1628690790864,2,6.856779601435967,287.9793140109279,22.53628882018621,63.42542350068354,16.747598442471997,3,3,3,663,14,0.9318287037037037,16.747598442471997,1.0,ELECTRE-III,1
1011,0110,0,0,"[43.0135022038434, 36.28214928621532]","[np.float64(40.41150928358038), np.float64(34.88042992026906)]",2026-06-14 08:02:00,435.17543154418587,1,2.7939020951426032,311.8343954594334,24.19577077920156,63.08975385392327,17.005876303219473,2,2,2,536,3,0.9319444444444445,20.73365408099725,0.13121845710165825,ELECTRE-III,1
1012,0136,0,0,"[43.0135022038434, 36.28214928621532]","[np.float64(41.01530165103067), np.float64(36.68108950893681)]",2026-06-14 08:02:00,751.7370688135851,2,6.975518570741706,224.6203882273646,17.93471872175284,63.885416250716396,18.373058323624633,1,1,1,1011,11,0.9319444444444445,15.577224990291299,0.7274693583273252,ELECTRE-III,1
1013,0151,0,0,"[43.0135022038434, 36.28214928621532]","[np.float64(44.41139282978252), np.float64(39.91154998747761)]",2026-06-14 08:02:00,818.1628690790864,2,6.856779601435967,330.49286375472497,25.46446713572225,63.445996030463625,16.747598442471997,3,3,3,663,14,0.9319444444444445,14.883709553583108,1.0,ELECTRE-III,1
1014,0224,0,0,"[43.0135022038434, 36.28214928621532]","[np.float64(40.44234051592937), np.float64(33.33123206441388)]",2026-06-14 08:02:00,233.99945143482722,1,2.9861502542146203,376.388589056996,28.473043165825132,62.06334034621043,14.376737372845735,3,3,3,759,7,0.9319444444444445,11.5809040395124,0.45926459985580387,ELECTRE-III,1
1015,0110,0,0,"[42.41672467039729, 36.08050844153821]","[np.float64(40.41150928358038), np.float64(34.88042992026906)]",2026-06-14 08:02:10,435.17543154418587,1,2.7939020951426032,244.39136461446446,19.399661024293696,63.11661698792893,17.005876303219473,2,2,2,536,3,0.9320601851851852,23.53029759951577,0.13121845710165825,ELECTRE-III,1
1016,0136,0,0,"[42.41672467039729, 36.08050844153821]","[np.float64(41.01530165103067), np.float64(36.68108950893681)]",2026-06-14 08:02:10,751.7370688135851,2,6.975518570741706,163.60909225264524,13.26515719390247,63.91090651669888,23.373058323624633,1,1,1,1011,11,0.9320601851851852,31.7615999902913,0.7274693583273252,ELECTRE-III,1
1017,0151,0,0,"[42.41672467039729, 36.08050844153821]","[np.float64(44.41139282978252), np.float64(39.91154998747761)]",2026-06-14 08:02:10,818.1628690790864,2,6.856779601435967,380.65346352372,28.744416954239405,63.46654806967619,18.747598442471997,3,3,3,663,14,0.9320601851851852,19.679658627657183,1.0,ELECTRE-III,1
1018,0224,0,0,"[42.41672467039729, 36.08050844153821]","[np.float64(40.44234051592937), np.float64(33.33123206441388)]",2026-06-14 08:02:10,233.99945143482722,1,2.9861502542146203,317.35424572628426,24.573801927427116,62.090804536863054,8.376737372845735,3,3,3,759,7,0.9320601851851852,11.17291792840129,0.45926459985580387,ELECTRE-III,1
1019,0110,0,0,"[41.8197388161815, 35.881886540474234]","[np.float64(40.41150928358038), np.float64(34.88042992026906)]",2026-06-14 08:02:20,435.17543154418587,1,2.7939020951426032,177.64271022696,14.357686979875975,63.14347329174542,8.005876303219473,2,2,2,536,3,0.9321759259259259,0.548468895812066,0.13121845710165825,ELECTRE-III,1
1020,0136,0,0,"[41.8197388161815, 35.881886540474234]","[np.float64(41.01530165103067), np.float64(36.68108950893681)]",2026-06-14 08:02:20,751.7370688135851,2,6.975518570741706,111.54438808434182,9.130874548526476,63.93637629211386,27.373058323624633,1,1,1,1011,11,0.9321759259259259,23.64435461992093,0.7274693583273252,ELECTRE-III,1
1021,0224,0,0,"[41.8197388161815, 35.881886540474234]","[np.float64(40.44234051592937), np.float64(33.33123206441388)]",2026-06-14 08:02:20,233.99945143482722,1,2.9861502542146203,262.8364977675317,20.743026887044973,62.11824823694817,6.376737372845735,3,3,3,759,7,0.9321759259259259,7.308913298771661,0.45926459985580387,ELECTRE-III,1
1022,0110,0,0,"[41.22254464119602, 35.68616746980752]","[np.float64(40.41150928358038), np.float64(34.88042992026906)]",2026-06-14 08:02:30,435.17543154418587,1,2.7939020951426032,112.82826355514713,9.234170433961959,63.17030227480523,16.005876303219473,2,2,2,536,3,0.9322916666666666,19.73504296988614,0.13121845710165825,ELECTRE-III,1
1023,0136,0,0,"[41.22254464119602, 35.68616746980752]","[np.float64(41.01530165103067), np.float64(36.68108950893681)]",2026-06-14 08:02:30,751.7370688135851,2,6.975518570741706,86.46967083635235,7.102227644814153,63.961825576961324,19.373058323624633,1,1,1,1011,11,0.9322916666666666,21.237641656957965,0.7274693583273252,ELECTRE-III,1
1024,0224,0,0,"[41.22254464119602, 35.68616746980752]","[np.float64(40.44234051592937), np.float64(33.33123206441388)]",2026-06-14 08:02:30,233.99945143482722,1,2.9861502542146203,216.2791520016893,17.30919777073654,62.145678276654934,10.376737372845735,3,3,3,759,7,0.9322916666666666,7.579862372845735,0.45926459985580387,ELECTRE-III,1
1025,0110,0,0,"[40.6251558058192, 35.49323511632217]","[np.float64(40.41150928358038), np.float64(34.88042992026906)]",2026-06-14 08:02:40,435.17543154418587,1,2.7939020951426032,56.988160158345494,4.694339507332556,63.1971175974867,15.005876303219473,2,2,2,536,3,0.9324074074074075,17.803098525441698,0.13121845710165825,ELECTRE-III,1
1026,0136,0,0,"[40.6251558058192, 35.49323511632217]","[np.float64(41.01530165103067), np.float64(36.68108950893681)]",2026-06-14 08:02:40,751.7370688135851,2,6.975518570741706,108.96317795418298,8.923019266741077,63.987254371241285,24.373058323624633,1,1,1,1011,11,0.9324074074074075,25.30546573103204,0.7274693583273252,ELECTRE-III,1
1027,0147,0,0,"[40.6251558058192, 35.49323511632217]","[np.float64(37.62852006744855), np.float64(36.76254208980883)]",2026-06-14 08:02:40,950.1536517959869,2,6.178080886986712,350.72694404400403,26.810675548172867,65.88994699852091,9.12949665976156,1,1,1,686,14,0.9324074074074075,9.12949665976156,1.0,ELECTRE-III,1
1028,0224,0,0,"[40.6251558058192, 35.49323511632217]","[np.float64(40.44234051592937), np.float64(33.33123206441388)]",2026-06-14 08:02:40,233.99945143482722,1,2.9861502542146203,183.8352804849766,14.83646292891686,62.17309465598337,14.376737372845735,3,3,3,759,7,0.9324074074074075,16.24155218766055,0.45926459985580387,ELECTRE-III,1
1029,0110,0,0,"[40.02757914024019, 35.302990442275224]","[np.float64(40.41150928358038), np.float64(34.88042992026906)]",2026-06-14 08:02:50,435.17543154418587,1,2.7939020951426032,55.76502387231626,4.594020920625601,63.22391242960066,9.005876303219473,2,2,2,536,3,0.9325231481481482,0.6131679698861401,0.13121845710165825,ELECTRE-III,1
1030,0136,0,0,"[40.02757914024019, 35.302990442275224]","[np.float64(41.01530165103067), np.float64(36.68108950893681)]",2026-06-14 08:02:50,751.7370688135851,2,6.975518570741706,160.09427930287848,12.989947589817396,64.01266267495373,22.373058323624633,1,1,1,1011,11,0.9325231481481482,26.103150916217224,0.7274693583273252,ELECTRE-III,1
1031,0147,0,0,"[40.02757914024019, 35.302990442275224]","[np.float64(37.62852006744855), np.float64(36.76254208980883)]",2026-06-14 08:02:50,950.1536517959869,2,6.178080886986712,295.1962915184272,23.042712484514798,65.91848352887322,7.1294966597615606,1,1,1,686,14,0.9325231481481482,13.657158696798598,1.0,ELECTRE-III,1
1032,0224,0,0,"[40.02757914024019, 35.302990442275224]","[np.float64(40.44234051592937), np.float64(33.33123206441388)]",2026-06-14 08:02:50,233.99945143482722,1,2.9861502542146203,173.6090814812284,14.044719043203317,62.20049054474429,8.376737372845735,3,3,3,759,7,0.9325231481481482,9.309260520993883,0.45926459985580387,ELECTRE-III,1
1033,0110,0,0,"[39.42982147464819, 35.11532416463995]","[np.float64(40.41150928358038), np.float64(34.88042992026906)]",2026-06-14 08:03:00,435.17543154418587,1,2.7939020951426032,110.98148920759542,9.085566856470406,63.25069360133628,13.005876303219473,2,2,2,536,3,0.9326388888888889,13.005876303219473,0.13121845710165825,ELECTRE-III,1
1034,0136,0,0,"[39.42982147464819, 35.11532416463995]","[np.float64(41.01530165103067), np.float64(36.68108950893681)]",2026-06-14 08:03:00,751.7370688135851,2,6.975518570741706,220.7918010653697,17.64814646138831,64.0380436579095,22.373058323624633,1,1,1,1011,11,0.9326388888888889,13.046669434735744,0.7274693583273252,ELECTRE-III,1
1035,0147,0,0,"[39.42982147464819, 35.11532416463995]","[np.float64(37.62852006744855), np.float64(36.76254208980883)]",2026-06-14 08:03:00,950.1536517959869,2,6.178080886986712,246.2599734524337,19.536794913087704,65.94699956865803,11.12949665976156,1,1,1,686,14,0.9326388888888889,3.6683855486504493,1.0,ELECTRE-III,1
1036,0224,0,0,"[39.42982147464819, 35.11532416463995]","[np.float64(40.44234051592937), np.float64(33.33123206441388)]",2026-06-14 08:03:00,233.99945143482722,1,2.9861502542146203,189.23853945274146,15.252491570303745,62.22787277312687,11.376737372845735,3,3,3,759,7,0.9326388888888889,18.837848483956847,0.45926459985580387,ELECTRE-III,1
1037,0104,0,0,"[38.83188963923235, 34.930144075862565]","[np.float64(35.71389378659219), np.float64(36.70207253342981)]",2026-06-14 08:03:10,499.3877486078839,1,2.6471976458995448,380.4867822371321,28.733837361918535,66.84073665174336,21.747598442471997,3,3,3,974,6,0.9327546296296296,18.01657992395348,0.3446286950252343,ELECTRE-III,1
1038,0110,0,0,"[38.83188963923235, 34.930144075862565]","[np.float64(40.41150928358038), np.float64(34.88042992026906)]",2026-06-14 08:03:10,435.17543154418587,1,2.7939020951426032,175.69753309205313,14.206869350692434,63.27745428250439,16.005876303219473,2,2,2,536,3,0.9327546296296296,10.409348525441695,0.13121845710165825,ELECTRE-III,1
1039,0136,0,0,"[38.83188963923235, 34.930144075862565]","[np.float64(41.01530165103067), np.float64(36.68108950893681)]",2026-06-14 08:03:10,751.7370688135851,2,6.975518570741706,285.00820230588033,22.326712839592023,64.06341098048692,25.373058323624633,1,1,1,1011,11,0.9327546296296296,24.440303693995002,0.7274693583273252,ELECTRE-III,1
1040,0147,0,0,"[38.83188963923235, 34.930144075862565]","[np.float64(37.62852006744855), np.float64(36.76254208980883)]",2026-06-14 08:03:10,950.1536517959869,2,6.178080886986712,208.61156649706837,16.73041200580153,65.97550194806449,13.12949665976156,1,1,1,686,14,0.9327546296296296,17.79326980790971,1.0,ELECTRE-III,1
1041,0224,0,0,"[38.83188963923235, 34.930144075862565]","[np.float64(40.44234051592937), np.float64(33.33123206441388)]",2026-06-14 08:03:10,233.99945143482722,1,2.9861502542146203,225.4097839499394,17.99369083087219,62.25524134113111,13.376737372845735,3,3,3,759,7,0.9327546296296296,4.049191076549439,0.45926459985580387,ELECTRE-III,1
1042,0088,0,0,"[38.233793879276426, 34.74735796838927]","[np.float64(35.79672414530867), np.float64(37.54407833356552)]",2026-06-14 08:03:20,475.13691714638134,1,4.148329473394388,367.51117878062206,27.903681376323334,67.44155424208353,9.005876303219473,2,2,2,995,5,0.9328703703703703,1.5429133402565105,0.3193943763518385,ELECTRE-III,1
1043,0104,0,0,"[38.233793879276426, 34.74735796838927]","[np.float64(35.71389378659219), np.float64(36.70207253342981)]",2026-06-14 08:03:20,499.3877486078839,1,2.6471976458995448,329.623059696331,25.405903368282296,66.8710422010907,15.747598442471997,3,3,3,974,6,0.9328703703703703,9.217505849879405,0.3446286950252343,ELECTRE-III,1
1044,0110,0,0,"[38.233793879276426, 34.74735796838927]","[np.float64(40.41150928358038), np.float64(34.88042992026906)]",2026-06-14 08:03:20,435.17543154418587,1,2.7939020951426032,242.42154852027025,19.254849026459336,63.30419447310499,15.005876303219473,2,2,2,536,3,0.9328703703703703,7.5429133402565105,0.13121845710165825,ELECTRE-III,1
1045,0136,0,0,"[38.233793879276426, 34.74735796838927]","[np.float64(41.01530165103067), np.float64(36.68108950893681)]",2026-06-14 08:03:20,751.7370688135851,2,6.975518570741706,350.8163830575615,26.81655701735984,64.08875098230767,27.373058323624633,1,1,1,1011,11,0.9328703703703703,18.977224990291298,0.7274693583273252,ELECTRE-III,1
1046,0147,0,0,"[38.233793879276426, 34.74735796838927]","[np.float64(37.62852006744855), np.float64(36.76254208980883)]",2026-06-14 08:03:20,950.1536517959869,2,6.178080886986712,189.11752573188033,15.243191850313005,66.00398383690344,12.12949665976156,1,1,1,686,14,0.9328703703703703,11.19662628939119,1.0,ELECTRE-III,1
1047,0224,0,0,"[38.233793879276426, 34.74735796838927]","[np.float64(40.44234051592937), np.float64(33.33123206441388)]",2026-06-14 08:03:20,233.99945143482722,1,2.9861502542146203,274.10880659866604,21.55250635529335,62.282589418567845,10.376737372845735,3,3,3,759,7,0.9328703703703703,13.175348483956846,0.45926459985580387,ELECTRE-III,1
1048,0262,0,0,"[38.233793879276426, 34.74735796838927]","[np.float64(34.73341817363701), np.float64(36.09631707755306)]",2026-06-14 08:03:20,22.300751407231978,1,5.644977786391282,407.46589516993475,30.418330640833503,66.83546374570412,17.50403677860892,3,3,3,1197,14,0.9328703703703703,9.108203445275587,1.0,ELECTRE-III,1
1049,0088,0,0,"[37.635534194780426, 34.566877049760855]","[np.float64(35.79672414530867), np.float64(37.54407833356552)]",2026-06-14 08:03:30,475.13691714638134,1,4.148329473394388,334.97348325035443,25.765243286291472,67.47142948951317,13.005876303219473,2,2,2,995,5,0.9329861111111111,17.67080685877503,0.3193943763518385,ELECTRE-III,1
1050,0104,0,0,"[37.635534194780426, 34.566877049760855]","[np.float64(35.71389378659219), np.float64(36.70207253342981)]",2026-06-14 08:03:30,499.3877486078839,1,2.6471976458995448,286.1959579827445,22.410570554954397,66.90133409005972,23.747598442471997,3,3,3,974,6,0.9329861111111111,32.144473442472,0.3446286950252343,ELECTRE-III,1
1051,0110,0,0,"[37.635534194780426, 34.566877049760855]","[np.float64(40.41150928358038), np.float64(34.88042992026906)]",2026-06-14 08:03:30,435.17543154418587,1,2.7939020951426032,309.86025588021914,24.06002223564009,63.33092100332725,11.005876303219473,2,2,2,536,3,0.9329861111111111,10.072890192108362,0.13121845710165825,ELECTRE-III,1
1052,0147,0,0,"[37.635534194780426, 34.566877049760855]","[np.float64(37.62852006744855), np.float64(36.76254208980883)]",2026-06-14 08:03:30,950.1536517959869,2,6.178080886986712,193.34912760691725,15.567892691586291,66.03244523517488,13.12949665976156,1,1,1,686,14,0.9329861111111111,14.062482770872672,1.0,ELECTRE-III,1
1053,0224,0,0,"[37.635534194780426, 34.566877049760855]","[np.float64(40.44234051592937), np.float64(33.33123206441388)]",2026-06-14 08:03:30,233.99945143482722,1,2.9861502542146203,329.8338549682124,25.420101407018645,62.309923835626236,6.376737372845735,3,3,3,759,7,0.9329861111111111,9.175695706179068,0.45926459985580387,ELECTRE-III,1
1054,0262,0,0,"[37.635534194780426, 34.566877049760855]","[np.float64(34.73341817363701), np.float64(36.09631707755306)]",2026-06-14 08:03:30,22.300751407231978,1,5.644977786391282,350.6657206629645,26.80664917438924,66.8668552951295,19.50403677860892,3,3,3,1197,14,0.9329861111111111,11.107161778608921,1.0,ELECTRE-III,1
1055,0088,0,0,"[37.03712424612268, 34.388612527518106]","[np.float64(35.79672414530867), np.float64(37.54407833356552)]",2026-06-14 08:03:40,475.13691714638134,1,4.148329473394388,314.2162272069087,24.35916965783913,67.50129790675363,9.005876303219473,2,2,2,995,5,0.9331018518518519,17.40379296988614,0.3193943763518385,ELECTRE-III,1
1056,0104,0,0,"[37.03712424612268, 34.388612527518106]","[np.float64(35.71389378659219), np.float64(36.70207253342981)]",2026-06-14 08:03:40,499.3877486078839,1,2.6471976458995448,254.04927055174306,20.105921682686784,66.93160548846122,17.747598442471997,3,3,3,974,6,0.9331018518518519,13.082089183212737,0.3446286950252343,ELECTRE-III,1
1057,0110,0,0,"[37.03712424612268, 34.388612527518106]","[np.float64(40.41150928358038), np.float64(34.88042992026906)]",2026-06-14 08:03:40,435.17543154418587,1,2.7939020951426032,377.6309147120108,28.552237010386687,63.357627042982,15.005876303219473,2,2,2,536,3,0.9331018518518519,22.47069111803429,0.13121845710165825,ELECTRE-III,1
1058,0147,0,0,"[37.03712424612268, 34.388612527518106]","[np.float64(37.62852006744855), np.float64(36.76254208980883)]",2026-06-14 08:03:40,950.1536517959869,2,6.178080886986712,219.9417628772367,17.584396075537715,66.06089297306798,8.12949665976156,1,1,1,686,14,0.9331018518518519,1.5977836967985972,1.0,ELECTRE-III,1
1059,0224,0,0,"[37.03712424612268, 34.388612527518106]","[np.float64(40.44234051592937), np.float64(33.33123206441388)]",2026-06-14 08:03:40,233.99945143482722,1,2.9861502542146203,389.5816385576483,29.307973369782943,62.33723776211711,9.376737372845735,3,3,3,759,7,0.9331018518518519,17.774654039512402,0.45926459985580387,ELECTRE-III,1
1060,0262,0,0,"[37.03712424612268, 34.388612527518106]","[np.float64(34.73341817363701), np.float64(36.09631707755306)]",2026-06-14 08:03:40,22.300751407231978,1,5.644977786391282,298.7945291308974,23.29379528525046,66.89823318417653,20.50403677860892,3,3,3,1197,14,0.9331018518518519,13.039221963794105,1.0,ELECTRE-III,1
1061,0088,0,0,"[36.4385640333032, 34.21248926958015]","[np.float64(35.79672414530867), np.float64(37.54407833356552)]",2026-06-14 08:03:50,475.13691714638134,1,4.148329473394388,307.6322257444829,23.906469636738283,67.53113900323743,14.005876303219473,2,2,2,995,5,0.9332175925925926,8.406570747663917,0.3193943763518385,ELECTRE-III,1
1062,0104,0,0,"[36.4385640333032, 34.21248926958015]","[np.float64(35.71389378659219), np.float64(36.70207253342981)]",2026-06-14 08:03:50,499.3877486078839,1,2.6471976458995448,237.80155018413723,18.914204753113008,66.96186322648437,20.747598442471997,3,3,3,974,6,0.9332175925925926,17.94794566469422,0.3446286950252343,ELECTRE-III,1
1063,0147,0,0,"[36.4385640333032, 34.21248926958015]","[np.float64(37.62852006744855), np.float64(36.76254208980883)]",2026-06-14 08:03:50,950.1536517959869,2,6.178080886986712,262.17696666462734,20.695392132871923,66.08932022039357,10.12949665976156,1,1,1,686,14,0.9332175925925926,9.196279067168968,1.0,ELECTRE-III,1
1064,0262,0,0,"[36.4385640333032, 34.21248926958015]","[np.float64(34.73341817363701), np.float64(36.09631707755306)]",2026-06-14 08:03:50,22.300751407231978,1,5.644977786391282,254.87858047124763,20.16627454533001,66.9296042430344,16.50403677860892,3,3,3,1197,14,0.9332175925925926,19.303689556386697,1.0,ELECTRE-III,1
1065,0088,0,0,"[35.83986380160573, 34.03842531367697]","[np.float64(35.79672414530867), np.float64(37.54407833356552)]",2026-06-14 08:04:00,475.13691714638134,1,4.148329473394388,316.1085753215438,24.488688912468643,67.56097326953204,8.005876303219473,2,2,2,995,5,0.9333333333333333,9.87254296988614,0.3193943763518385,ELECTRE-III,1
1066,0097,0,0,"[35.83986380160573, 34.03842531367697]","[np.float64(32.3724013309903), np.float64(34.84851466648656)]",2026-06-14 08:04:00,162.0540834609334,1,6.296549028444306,392.70726298085395,29.50381196689522,66.80568412092286,15.005876303219473,2,2,2,1138,7,0.9333333333333333,20.605876303219475,0.45926459985580387,ELECTRE-III,1
1067,0104,0,0,"[35.83986380160573, 34.03842531367697]","[np.float64(35.71389378659219), np.float64(36.70207253342981)]",2026-06-14 08:04:00,499.3877486078839,1,2.6471976458995448,240.69480900803163,19.127696196153707,66.99210730412918,21.747598442471997,3,3,3,974,6,0.9333333333333333,18.014265109138663,0.3446286950252343,ELECTRE-III,1
1068,0147,0,0,"[35.83986380160573, 34.03842531367697]","[np.float64(37.62852006744855), np.float64(36.76254208980883)]",2026-06-14 08:04:00,950.1536517959869,2,6.178080886986712,313.8010650457058,24.33071888141984,66.11772697715166,7.1294966597615606,1,1,1,686,14,0.9333333333333333,9.929496659761561,1.0,ELECTRE-III,1
1069,0262,0,0,"[35.83986380160573, 34.03842531367697]","[np.float64(34.73341817363701), np.float64(36.09631707755306)]",2026-06-14 08:04:00,22.300751407231978,1,5.644977786391282,223.65501274693074,17.862546544961777,66.96095481132475,13.50403677860892,3,3,3,1197,14,0.9333333333333333,7.904036778608921,1.0,ELECTRE-III,1
1070,0310,0,0,"[35.83986380160573, 34.03842531367697]","[np.float64(32.61662002150712), np.float64(35.51348908138998)]",2026-06-14 08:04:00,272.9336434001642,1,7.128942879599405,383.191418166269,28.90524125923174,67.26621645590014,24.12581761054046,2,2,2,754,8,0.9333333333333333,32.52581761054046,0.5508291276135544,ELECTRE-III,1
1071,0088,0,0,"[35.24102355103028, 33.86634552772767]","[np.float64(35.79672414530867), np.float64(37.54407833356552)]",2026-06-14 08:04:10,475.13691714638134,1,4.148329473394388,338.5156141276384,26.001947262172298,67.59078021506997,8.005876303219473,2,2,2,995,5,0.9334490740740741,0.0,0.3193943763518385,ELECTRE-III,1
1072,0097,0,0,"[35.24102355103028, 33.86634552772767]","[np.float64(32.3724013309903), np.float64(34.84851466648656)]",2026-06-14 08:04:10,162.0540834609334,1,6.296549028444306,331.6277868121394,25.54079567337423,66.83932963277434,13.005876303219473,2,2,2,1138,7,0.9334490740740741,20.473468895812065,0.45926459985580387,ELECTRE-III,1
1073,0104,0,0,"[35.24102355103028, 33.86634552772767]","[np.float64(35.71389378659219), np.float64(36.70207253342981)]",2026-06-14 08:04:10,499.3877486078839,1,2.6471976458995448,262.0958274290134,20.689529767699558,67.02233772139566,17.747598442471997,3,3,3,974,6,0.9334490740740741,23.34829288691644,0.3446286950252343,ELECTRE-III,1
1074,0147,0,0,"[35.24102355103028, 33.86634552772767]","[np.float64(37.62852006744855), np.float64(36.76254208980883)]",2026-06-14 08:04:10,950.1536517959869,2,6.178080886986712,370.9146653334842,28.12268423641048,66.14611324334224,6.1294966597615606,1,1,1,686,14,0.9334490740740741,7.9963948079097085,1.0,ELECTRE-III,1
1075,0262,0,0,"[35.24102355103028, 33.86634552772767]","[np.float64(34.73341817363701), np.float64(36.09631707755306)]",2026-06-14 08:04:10,22.300751407231978,1,5.644977786391282,210.8398876792143,16.8989846327005,66.99229854942594,20.50403677860892,3,3,3,1197,14,0.9334490740740741,15.83679140823855,1.0,ELECTRE-III,1
1076,0310,0,0,"[35.24102355103028, 33.86634552772767]","[np.float64(32.61662002150712), np.float64(35.51348908138998)]",2026-06-14 08:04:10,272.9336434001642,1,7.128942879599405,329.0043883192461,25.36421368188676,67.29952045829312,19.12581761054046,2,2,2,754,8,0.9334490740740741,12.59167409202194,0.5508291276135544,ELECTRE-III,1
1077,0088,0,0,"[34.64205352686059, 33.69617819474597]","[np.float64(35.79672414530867), np.float64(37.54407833356552)]",2026-06-14 08:04:20,475.13691714638134,1,4.148329473394388,372.3465861931084,28.21455722591042,67.62057350022957,7.005876303219473,2,2,2,995,5,0.9335648148148148,11.673700377293548,0.3193943763518385,ELECTRE-III,1
1078,0097,0,0,"[34.64205352686059, 33.69617819474597]","[np.float64(32.3724013309903), np.float64(34.84851466648656)]",2026-06-14 08:04:20,162.0540834609334,1,6.296549028444306,274.05109477817376,21.548384600878325,66.87296148424748,15.005876303219473,2,2,2,1138,7,0.9335648148148148,20.60726519210836,0.45926459985580387,ELECTRE-III,1
1079,0104,0,0,"[34.64205352686059, 33.69617819474597]","[np.float64(35.71389378659219), np.float64(36.70207253342981)]",2026-06-14 08:04:20,499.3877486078839,1,2.6471976458995448,298.0440083784574,23.241502173405603,67.05254764809463,21.747598442471997,3,3,3,974,6,0.9335648148148148,12.411950294323848,0.3446286950252343,ELECTRE-III,1
1080,0105,0,0,"[34.64205352686059, 33.69617819474597]","[np.float64(31.20424691988397), np.float64(33.8172340915129)]",2026-06-14 08:04:20,506.1050321845813,1,2.3149043889353376,382.4340315678951,28.8572994391534,66.33363608700493,13.747598442471997,2,2,2,1255,4,0.9335648148148148,22.14968177580533,0.20908435472242248,ELECTRE-III,1
1081,0222,0,0,"[34.64205352686059, 33.69617819474597]","[np.float64(31.36543275023828), np.float64(35.40223510540356)]",2026-06-14 08:04:20,956.5213434843092,2,5.381072504697638,397.54390054423914,29.805368116366186,67.60550610292051,10.12949665976156,1,1,1,567,3,0.9335648148148148,13.86375591902082,0.13121845710165825,ELECTRE-III,1
1082,0262,0,0,"[34.64205352686059, 33.69617819474597]","[np.float64(34.73341817363701), np.float64(36.09631707755306)]",2026-06-14 08:04:20,22.300751407231978,1,5.644977786391282,219.6790991105291,17.564687954553367,67.02362179695962,19.50403677860892,3,3,3,1197,14,0.9335648148148148,21.37116640823855,1.0,ELECTRE-III,1
1083,0310,0,0,"[34.64205352686059, 33.69617819474597]","[np.float64(32.61662002150712), np.float64(35.51348908138998)]",2026-06-14 08:04:20,272.9336434001642,1,7.128942879599405,281.1152775439802,22.051158711632908,67.3328244606861,15.125817610540459,2,2,2,754,8,0.9335648148148148,20.727206499429347,0.5508291276135544,ELECTRE-III,1
1084,0460,0,0,"[34.64205352686059, 33.69617819474597]","[np.float64(31.4627076246721), np.float64(35.33620938257084)]",2026-06-14 08:04:20,940.8904034433327,2,7.257366807681436,385.13818397851793,29.028266508041522,67.52532651225374,12.878576897456284,2,2,2,1447,2,0.9335648148148148,6.343623193752581,0.05767844268204758,ELECTRE-III,1
1085,0097,0,0,"[34.04295714419127, 33.52785501284017]","[np.float64(32.3724013309903), np.float64(34.84851466648656)]",2026-06-14 08:04:30,162.0540834609334,1,6.296549028444306,222.7105209498495,17.791878892370345,66.90659333572063,15.005876303219473,2,2,2,1138,7,0.9336805555555555,19.674279080997252,0.45926459985580387,ELECTRE-III,1
1086,0104,0,0,"[34.04295714419127, 33.52785501284017]","[np.float64(35.71389378659219), np.float64(36.70207253342981)]",2026-06-14 08:04:30,499.3877486078839,1,2.6471976458995448,344.00859279049837,26.367137232613466,67.08273708422608,20.747598442471997,3,3,3,974,6,0.9336805555555555,24.482320664694218,0.3446286950252343,ELECTRE-III,1
1087,0105,0,0,"[34.04295714419127, 33.52785501284017]","[np.float64(31.20424691988397), np.float64(33.8172340915129)]",2026-06-14 08:04:30,506.1050321845813,1,2.3149043889353376,316.8113597020231,24.536722301928982,66.36829246685357,18.747598442471997,2,2,2,1255,4,0.9336805555555555,16.880237331360885,0.20908435472242248,ELECTRE-III,1
1088,0222,0,0,"[34.04295714419127, 33.52785501284017]","[np.float64(31.36543275023828), np.float64(35.40223510540356)]",2026-06-14 08:04:30,956.5213434843092,2,5.381072504697638,345.5240394610484,26.467485494749333,67.63980048274315,19.12949665976156,1,1,1,567,3,0.9336805555555555,23.79789943753934,0.13121845710165825,ELECTRE-III,1
1089,0262,0,0,"[34.04295714419127, 33.52785501284017]","[np.float64(34.73341817363701), np.float64(36.09631707755306)]",2026-06-14 08:04:30,22.300751407231978,1,5.644977786391282,247.86654755572005,19.654512662743382,67.05493138411497,15.50403677860892,3,3,3,1197,14,0.9336805555555555,23.90716177860892,1.0,ELECTRE-III,1
1090,0310,0,0,"[34.04295714419127, 33.52785501284017]","[np.float64(32.61662002150712), np.float64(35.51348908138998)]",2026-06-14 08:04:30,272.9336434001642,1,7.128942879599405,243.2719583802888,19.317398815501345,67.36611480270074,24.12581761054046,2,2,2,754,8,0.9336805555555555,30.661581499429346,0.5508291276135544,ELECTRE-III,1
1091,0460,0,0,"[34.04295714419127, 33.52785501284017]","[np.float64(31.4627076246721), np.float64(35.33620938257084)]",2026-06-14 08:04:30,940.8904034433327,2,7.257366807681436,333.0238804180252,25.634555936246677,67.55955259018468,9.878576897456284,2,2,2,1447,2,0.9336805555555555,11.745938008567395,0.05767844268204758,ELECTRE-III,1
1092,0097,0,0,"[33.44374123321146, 33.36131451030775]","[np.float64(32.3724013309903), np.float64(34.84851466648656)]",2026-06-14 08:04:40,162.0540834609334,1,6.296549028444306,182.93417530279146,14.76692430429053,66.94021152681543,12.005876303219473,2,2,2,1138,7,0.9337962962962963,13.873468895812065,0.45926459985580387,ELECTRE-III,1
1093,0104,0,0,"[33.44374123321146, 33.36131451030775]","[np.float64(35.71389378659219), np.float64(36.70207253342981)]",2026-06-14 08:04:40,499.3877486078839,1,2.6471976458995448,396.52086811940825,29.741734487369765,67.11291969016837,20.747598442471997,3,3,3,974,6,0.9337962962962963,26.350376220249775,0.3446286950252343,ELECTRE-III,1
1094,0105,0,0,"[33.44374123321146, 33.36131451030775]","[np.float64(31.20424691988397), np.float64(33.8172340915129)]",2026-06-14 08:04:40,506.1050321845813,1,2.3149043889353376,252.67784094645782,20.006014001699793,66.40294201651305,14.747598442471997,2,2,2,1255,4,0.9337962962962963,22.21796881284237,0.20908435472242248,ELECTRE-III,1
1095,0222,0,0,"[33.44374123321146, 33.36131451030775]","[np.float64(31.36543275023828), np.float64(35.40223510540356)]",2026-06-14 08:04:40,956.5213434843092,2,5.381072504697638,300.1792569517355,23.390169458026577,67.67408120218745,19.12949665976156,1,1,1,567,3,0.9337962962962963,11.659126289391189,0.13121845710165825,ELECTRE-III,1
1096,0262,0,0,"[33.44374123321146, 33.36131451030775]","[np.float64(34.73341817363701), np.float64(36.09631707755306)]",2026-06-14 08:04:40,22.300751407231978,1,5.644977786391282,289.8101023374076,22.66511312256515,67.08623414108114,20.50403677860892,3,3,3,1197,14,0.9337962962962963,27.974407148979292,1.0,ELECTRE-III,1
1097,0310,0,0,"[33.44374123321146, 33.36131451030775]","[np.float64(32.61662002150712), np.float64(35.51348908138998)]",2026-06-14 08:04:40,272.9336434001642,1,7.128942879599405,220.7035707556045,17.641531541218743,67.39939831452621,19.12581761054046,2,2,2,754,8,0.9337962962962963,13.52303983276268,0.5508291276135544,ELECTRE-III,1
1098,0460,0,0,"[33.44374123321146, 33.36131451030775]","[np.float64(31.4627076246721), np.float64(35.33620938257084)]",2026-06-14 08:04:40,940.8904034433327,2,7.257366807681436,287.84157242158835,22.526586817753916,67.5937786681156,10.878576897456284,2,2,2,1447,2,0.9337962962962963,16.481354675234062,0.05767844268204758,ELECTRE-III,1
1099,0072,0,0,"[32.84440920901577, 33.196484970162416]","[np.float64(30.63757178492814), np.float64(29.93743929627551)]",2026-06-14 08:04:50,308.0995186709357,1,6.280286666978828,393.90879683884924,29.578894276217238,63.28321213197471,18.62765713515101,2,2,2,1211,8,0.9339120370370371,17.693745098113975,0.5508291276135544,ELECTRE-III,1
1100,0097,0,0,"[32.84440920901577, 33.196484970162416]","[np.float64(32.3724013309903), np.float64(34.84851466648656)]",2026-06-14 08:04:50,162.0540834609334,1,6.296549028444306,163.39815485843258,13.248658246204299,66.97381605753189,16.005876303219473,2,2,2,1138,7,0.9339120370370371,9.468492043960214,0.45926459985580387,ELECTRE-III,1
1101,0105,0,0,"[32.84440920901577, 33.196484970162416]","[np.float64(31.20424691988397), np.float64(33.8172340915129)]",2026-06-14 08:04:50,506.1050321845813,1,2.3149043889353376,191.5354851668573,15.42885183161568,66.43759156617253,17.747598442471997,2,2,2,1255,4,0.9339120370370371,11.210214183212738,0.20908435472242248,ELECTRE-III,1
1102,0222,0,0,"[32.84440920901577, 33.196484970162416]","[np.float64(31.36543275023828), np.float64(35.40223510540356)]",2026-06-14 08:04:50,956.5213434843092,2,5.381072504697638,264.95923386226616,20.89613818355933,67.70836192163175,16.12949665976156,1,1,1,567,3,0.9339120370370371,12.393848511613413,0.13121845710165825,ELECTRE-III,1
1103,0262,0,0,"[32.84440920901577, 33.196484970162416]","[np.float64(34.73341817363701), np.float64(36.09631707755306)]",2026-06-14 08:04:50,22.300751407231978,1,5.644977786391282,340.463496143777,26.131710301196755,67.11751640747978,12.50403677860892,3,3,3,1197,14,0.9339120370370371,5.032740482312624,1.0,ELECTRE-III,1
1104,0310,0,0,"[32.84440920901577, 33.196484970162416]","[np.float64(32.61662002150712), np.float64(35.51348908138998)]",2026-06-14 08:04:50,272.9336434001642,1,7.128942879599405,218.20267939304887,17.453829822333862,67.43266816597335,15.125817610540459,2,2,2,754,8,0.9339120370370371,8.5884333512812,0.5508291276135544,ELECTRE-III,1
1105,0460,0,0,"[32.84440920901577, 33.196484970162416]","[np.float64(31.4627076246721), np.float64(35.33620938257084)]",2026-06-14 08:04:50,940.8904034433327,2,7.257366807681436,253.3280392461584,20.053396347009503,67.6279910856682,12.878576897456284,2,2,2,1447,2,0.9339120370370371,11.01075282338221,0.05767844268204758,ELECTRE-III,1
1106,0072,0,0,"[32.24496107160419, 33.03331175089081]","[np.float64(30.63757178492814), np.float64(29.93743929627551)]",2026-06-14 08:05:00,308.0995186709357,1,6.280286666978828,343.7861668273043,26.35239417030438,63.31861300244289,19.62765713515101,2,2,2,1211,8,0.9340277777777778,22.429740468484344,0.5508291276135544,ELECTRE-III,1
1107,0097,0,0,"[32.24496107160419, 33.03331175089081]","[np.float64(32.3724013309903), np.float64(34.84851466648656)]",2026-06-14 08:05:00,162.0540834609334,1,6.296549028444306,171.17813555863762,13.855687578049793,67.00742058824835,20.005876303219473,2,2,2,1138,7,0.9340277777777778,28.412126303219473,0.45926459985580387,ELECTRE-III,1
1108,0105,0,0,"[32.24496107160419, 33.03331175089081]","[np.float64(31.20424691988397), np.float64(33.8172340915129)]",2026-06-14 08:05:00,506.1050321845813,1,2.3149043889353376,137.43597814358367,11.201610936372099,66.47222745545366,19.747598442471997,2,2,2,1255,4,0.9340277777777778,13.209403998027552,0.20908435472242248,ELECTRE-III,1
1109,0222,0,0,"[32.24496107160419, 33.03331175089081]","[np.float64(31.36543275023828), np.float64(35.40223510540356)]",2026-06-14 08:05:00,956.5213434843092,2,5.381072504697638,244.28227775735465,19.39164817018515,67.7426289806977,14.12949665976156,1,1,1,567,3,0.9340277777777778,15.06352443753934,0.13121845710165825,ELECTRE-III,1
1110,0262,0,0,"[32.24496107160419, 33.03331175089081]","[np.float64(34.73341817363701), np.float64(36.09631707755306)]",2026-06-14 08:05:00,22.300751407231978,1,5.644977786391282,396.5024369761168,29.740587310486067,67.14879184368928,20.50403677860892,3,3,3,1197,14,0.9340277777777778,16.76792566749781,1.0,ELECTRE-III,1
1111,0310,0,0,"[32.24496107160419, 33.03331175089081]","[np.float64(32.61662002150712), np.float64(35.51348908138998)]",2026-06-14 08:05:00,272.9336434001642,1,7.128942879599405,236.40637800726154,18.81106046170724,67.4659311872313,17.12581761054046,2,2,2,754,8,0.9340277777777778,19.92790094387379,0.5508291276135544,ELECTRE-III,1
1112,0460,0,0,"[32.24496107160419, 33.03331175089081]","[np.float64(31.4627076246721), np.float64(35.33620938257084)]",2026-06-14 08:05:00,940.8904034433327,2,7.257366807681436,234.24656516164606,18.65113707190297,67.66219667303163,14.878576897456284,2,2,2,1447,2,0.9340277777777778,13.944549119678506,0.05767844268204758,ELECTRE-III,1
1113,0072,0,0,"[31.645407066260468, 32.87173338079041]","[np.float64(30.63757178492814), np.float64(29.93743929627551)]",2026-06-14 08:05:10,308.0995186709357,1,6.280286666978828,300.89232657398503,23.43974301349207,63.35400704272189,19.62765713515101,2,2,2,1211,8,0.9341435185185185,18.693513616632494,0.5508291276135544,ELECTRE-III,1
1114,0097,0,0,"[31.645407066260468, 32.87173338079041]","[np.float64(32.3724013309903), np.float64(34.84851466648656)]",2026-06-14 08:05:10,162.0540834609334,1,6.296549028444306,203.16015389270257,16.316757487651863,67.04101145858648,20.005876303219473,2,2,2,1138,7,0.9341435185185185,21.87416334025651,0.45926459985580387,ELECTRE-III,1
1115,0105,0,0,"[31.645407066260468, 32.87173338079041]","[np.float64(31.20424691988397), np.float64(33.8172340915129)]",2026-06-14 08:05:10,506.1050321845813,1,2.3149043889353376,102.24924017318953,8.381273297219723,66.50685651454563,17.747598442471997,2,2,2,1255,4,0.9341435185185185,18.681741960990514,0.20908435472242248,ELECTRE-III,1
1116,0222,0,0,"[31.645407066260468, 32.87173338079041]","[np.float64(31.36543275023828), np.float64(35.40223510540356)]",2026-06-14 08:05:10,956.5213434843092,2,5.381072504697638,241.90717899846953,19.216992673933422,67.77688920957448,18.12949665976156,1,1,1,567,3,0.9341435185185185,19.9977836967986,0.13121845710165825,ELECTRE-III,1
1117,0310,0,0,"[31.645407066260468, 32.87173338079041]","[np.float64(32.61662002150712), np.float64(35.51348908138998)]",2026-06-14 08:05:10,272.9336434001642,1,7.128942879599405,271.1767037655502,21.342800949389325,67.49918054811093,18.12581761054046,2,2,2,754,8,0.9341435185185185,18.12581761054046,0.5508291276135544,ELECTRE-III,1
1118,0323,0,0,"[31.645407066260468, 32.87173338079041]","[np.float64(29.65446609155945), np.float64(29.76954665526145)]",2026-06-14 08:05:10,730.3644409286685,2,2.2168072388921614,370.2052052382854,28.077106365075643,63.34659628747243,9.63133618437211,1,1,1,1402,7,0.9341435185185185,16.17034081400174,0.45926459985580387,ELECTRE-III,1
1119,0460,0,0,"[31.645407066260468, 32.87173338079041]","[np.float64(31.4627076246721), np.float64(35.33620938257084)]",2026-06-14 08:05:10,940.8904034433327,2,7.257366807681436,234.39716639499028,18.66229815419654,67.69640226039505,16.878576897456284,2,2,2,1447,2,0.9341435185185185,16.878576897456284,0.05767844268204758,ELECTRE-III,1
1120,0072,0,0,"[31.0457506080792, 32.71169180325325]","[np.float64(30.63757178492814), np.float64(29.93743929627551)]",2026-06-14 08:05:20,308.0995186709357,1,6.280286666978828,268.71271658032634,21.16611012576467,63.3894010830009,22.62765713515101,2,2,2,1211,8,0.9342592592592592,16.087842320336197,0.5508291276135544,ELECTRE-III,1
1121,0076,0,0,"[31.0457506080792, 32.71169180325325]","[np.float64(28.2526205265435), np.float64(30.78863292207927)]",2026-06-14 08:05:20,556.897924217244,1,6.3305300193559475,361.9152631748565,27.541668598131544,64.41335572261254,8.380416422066835,4,4,3,719,3,0.9342592592592592,0.0,0.13121845710165825,ELECTRE-III,1
1122,0097,0,0,"[31.0457506080792, 32.71169180325325]","[np.float64(32.3724013309903), np.float64(34.84851466648656)]",2026-06-14 08:05:20,162.0540834609334,1,6.296549028444306,250.23033561140477,19.8273995893586,67.07459549873543,18.005876303219473,2,2,2,1138,7,0.9342592592592592,13.334580006923177,0.45926459985580387,ELECTRE-III,1
1123,0105,0,0,"[31.0457506080792, 32.71169180325325]","[np.float64(31.20424691988397), np.float64(33.8172340915129)]",2026-06-14 08:05:20,506.1050321845813,1,2.3149043889353376,106.69902247578561,8.740499885547623,66.54148557363759,13.747598442471997,2,2,2,1255,4,0.9342592592592592,13.747598442471997,0.20908435472242248,ELECTRE-III,1
1124,0222,0,0,"[31.0457506080792, 32.71169180325325]","[np.float64(31.36543275023828), np.float64(35.40223510540356)]",2026-06-14 08:05:20,956.5213434843092,2,5.381072504697638,258.33892897128254,20.41759628559925,67.81114260826209,13.12949665976156,1,1,1,567,3,0.9342592592592592,16.866533696798598,0.13121845710165825,ELECTRE-III,1
1125,0310,0,0,"[31.0457506080792, 32.71169180325325]","[np.float64(32.61662002150712), np.float64(35.51348908138998)]",2026-06-14 08:05:20,272.9336434001642,1,7.128942879599405,317.1100784540176,24.5571277866356,67.53242990899055,21.12581761054046,2,2,2,754,8,0.9342592592592592,20.1915583512812,0.5508291276135544,ELECTRE-III,1
1126,0323,0,0,"[31.0457506080792, 32.71169180325325]","[np.float64(29.65446609155945), np.float64(29.76954665526145)]",2026-06-14 08:05:20,730.3644409286685,2,2.2168072388921614,321.9066697879531,24.883872543740804,63.382523082506694,15.63133618437211,1,1,1,1402,7,0.9342592592592592,16.56559544363137,0.45926459985580387,ELECTRE-III,1
1127,0460,0,0,"[31.0457506080792, 32.71169180325325]","[np.float64(31.4627076246721), np.float64(35.33620938257084)]",2026-06-14 08:05:20,940.8904034433327,2,7.257366807681436,253.74533598559827,20.083791237801318,67.73059418738013,14.878576897456284,2,2,2,1447,2,0.9342592592592592,17.68135467523406,0.05767844268204758,ELECTRE-III,1
1128,0072,0,0,"[30.445995112154964, 32.553132376765994]","[np.float64(30.63757178492814), np.float64(29.93743929627551)]",2026-06-14 08:05:30,308.0995186709357,1,6.280286666978828,251.39733530250393,19.91261539476054,63.42479512327991,22.62765713515101,2,2,2,1211,8,0.934375,17.021407135151012,0.5508291276135544,ELECTRE-III,1
1129,0076,0,0,"[30.445995112154964, 32.553132376765994]","[np.float64(28.2526205265435), np.float64(30.78863292207927)]",2026-06-14 08:05:30,556.897924217244,1,6.3305300193559475,297.86579163313576,23.229078755278266,64.44991089505044,16.380416422066837,4,4,3,719,3,0.934375,22.921041422066835,0.13121845710165825,ELECTRE-III,1
1130,0097,0,0,"[30.445995112154964, 32.553132376765994]","[np.float64(32.3724013309903), np.float64(34.84851466648656)]",2026-06-14 08:05:30,162.0540834609334,1,6.296549028444306,305.4921208257709,23.75863236655135,67.10817270869521,16.005876303219473,2,2,2,1138,7,0.934375,8.530876303219474,0.45926459985580387,ELECTRE-III,1
1131,0105,0,0,"[30.445995112154964, 32.553132376765994]","[np.float64(31.20424691988397), np.float64(33.8172340915129)]",2026-06-14 08:05:30,506.1050321845813,1,2.3149043889353376,147.23465347600157,11.977912570214103,66.57610780254039,18.747598442471997,2,2,2,1255,4,0.934375,13.141348442471998,0.20908435472242248,ELECTRE-III,1
1132,0222,0,0,"[30.445995112154964, 32.553132376765994]","[np.float64(31.36543275023828), np.float64(35.40223510540356)]",2026-06-14 08:05:30,956.5213434843092,2,5.381072504697638,290.4021528160453,22.706721401869395,67.84538917676053,17.12949665976156,1,1,1,567,3,0.934375,22.73574665976156,0.13121845710165825,ELECTRE-III,1
1133,0310,0,0,"[30.445995112154964, 32.553132376765994]","[np.float64(32.61662002150712), np.float64(35.51348908138998)]",2026-06-14 08:05:30,272.9336434001642,1,7.128942879599405,370.0727466442759,28.068592533672913,67.56565877930267,17.12581761054046,2,2,2,754,8,0.934375,24.60081761054046,0.5508291276135544,ELECTRE-III,1
1134,0323,0,0,"[30.445995112154964, 32.553132376765994]","[np.float64(29.65446609155945), np.float64(29.76954665526145)]",2026-06-14 08:05:30,730.3644409286685,2,2.2168072388921614,281.9935182946676,22.11341788513828,63.418449877540965,14.63133618437211,1,1,1,1402,7,0.934375,15.565711184372109,0.45926459985580387,ELECTRE-III,1
1135,0460,0,0,"[30.445995112154964, 32.553132376765994]","[np.float64(31.4627076246721), np.float64(35.33620938257084)]",2026-06-14 08:05:30,940.8904034433327,2,7.257366807681436,288.4532598613344,22.569661376540715,67.76477245398688,15.878576897456284,2,2,2,1447,2,0.934375,14.009826897456284,0.05767844268204758,ELECTRE-III,1
1136,0072,0,0,"[29.84614399358235, 32.396007290004434]","[np.float64(30.63757178492814), np.float64(29.93743929627551)]",2026-06-14 08:05:40,308.0995186709357,1,6.280286666978828,252.03057692514167,19.95881713074912,63.46017550318057,14.627657135151011,2,2,2,1211,8,0.9344907407407408,21.169092320336198,0.5508291276135544,ELECTRE-III,1
1137,0076,0,0,"[29.84614399358235, 32.396007290004434]","[np.float64(28.2526205265435), np.float64(30.78863292207927)]",2026-06-14 08:05:40,556.897924217244,1,6.3305300193559475,236.23504069184455,18.798384849586636,64.48647289767752,11.380416422066835,4,4,3,719,3,0.9344907407407408,4.83898123688165,0.13121845710165825,ELECTRE-III,1
1138,0097,0,0,"[29.84614399358235, 32.396007290004434]","[np.float64(32.3724013309903), np.float64(34.84851466648656)]",2026-06-14 08:05:40,162.0540834609334,1,6.296549028444306,365.2457401836498,27.7574145320329,67.14174308846583,21.005876303219473,2,2,2,1138,7,0.9344907407407408,17.26791334025651,0.45926459985580387,ELECTRE-III,1
1139,0105,0,0,"[29.84614399358235, 32.396007290004434]","[np.float64(31.20424691988397), np.float64(33.8172340915129)]",2026-06-14 08:05:40,506.1050321845813,1,2.3149043889353376,203.309989470947,16.328150662879537,66.61072320125402,17.747598442471997,2,2,2,1255,4,0.9344907407407408,8.402691035064588,0.20908435472242248,ELECTRE-III,1
1140,0159,0,0,"[29.84614399358235, 32.396007290004434]","[np.float64(26.38810088974979), np.float64(32.06764196557161)]",2026-06-14 08:05:40,920.5967505793624,2,7.156883131158335,385.8628157945752,29.073984691259746,65.72602928862977,8.376737372845735,4,4,3,928,5,0.9344907407407408,0.0,0.3193943763518385,ELECTRE-III,1
1141,0222,0,0,"[29.84614399358235, 32.396007290004434]","[np.float64(31.36543275023828), np.float64(35.40223510540356)]",2026-06-14 08:05:40,956.5213434843092,2,5.381072504697638,333.61935701376746,25.67450283513552,67.87962891506982,19.12949665976156,1,1,1,567,3,0.9344907407407408,19.12949665976156,0.13121845710165825,ELECTRE-III,1
1142,0323,0,0,"[29.84614399358235, 32.396007290004434]","[np.float64(29.65446609155945), np.float64(29.76954665526145)]",2026-06-14 08:05:40,730.3644409286685,2,2.2168072388921614,254.4448084005851,20.134712685109587,63.45436984238606,14.63133618437211,1,1,1,1402,7,0.9344907407407408,10.893373221409146,0.45926459985580387,ELECTRE-III,1
1143,0460,0,0,"[29.84614399358235, 32.396007290004434]","[np.float64(31.4627076246721), np.float64(35.33620938257084)]",2026-06-14 08:05:40,940.8904034433327,2,7.257366807681436,333.76246611352605,25.684099165425668,67.79895072059362,12.878576897456284,2,2,2,1447,2,0.9344907407407408,18.48552134190073,0.05767844268204758,ELECTRE-III,1
1144,0072,0,0,"[29.246200667455938, 32.24026190145522]","[np.float64(30.63757178492814), np.float64(29.93743929627551)]",2026-06-14 08:05:50,308.0995186709357,1,6.280286666978828,270.4873583739373,21.293411185997545,63.49556271327041,14.627657135151011,2,2,2,1211,8,0.9346064814814815,6.2161988018176775,0.5508291276135544,ELECTRE-III,1
1145,0076,0,0,"[29.246200667455938, 32.24026190145522]","[np.float64(28.2526205265435), np.float64(30.78863292207927)]",2026-06-14 08:05:50,556.897924217244,1,6.3305300193559475,179.53243890937117,14.504011110750561,64.52302807011543,12.380416422066835,4,4,3,719,3,0.9346064814814815,15.18423586651128,0.13121845710165825,ELECTRE-III,1
1146,0105,0,0,"[29.246200667455938, 32.24026190145522]","[np.float64(31.20424691988397), np.float64(33.8172340915129)]",2026-06-14 08:05:50,506.1050321845813,1,2.3149043889353376,265.24623360319003,20.916815351059288,66.6453249395893,17.747598442471997,2,2,2,1255,4,0.9346064814814815,9.336140109138663,0.20908435472242248,ELECTRE-III,1
1147,0159,0,0,"[29.246200667455938, 32.24026190145522]","[np.float64(26.38810088974979), np.float64(32.06764196557161)]",2026-06-14 08:05:50,920.5967505793624,2,7.156883131158335,318.2595660741927,24.635587366473626,65.76332895168721,8.376737372845735,4,4,3,928,5,0.9346064814814815,7.442130891364253,0.3193943763518385,ELECTRE-III,1
1148,0222,0,0,"[29.246200667455938, 32.24026190145522]","[np.float64(31.36543275023828), np.float64(35.40223510540356)]",2026-06-14 08:05:50,956.5213434843092,2,5.381072504697638,384.2452502115648,28.97187414836673,67.91386182318992,14.12949665976156,1,1,1,567,3,0.9346064814814815,8.521857770872671,0.13121845710165825,ELECTRE-III,1
1149,0270,0,0,"[29.246200667455938, 32.24026190145522]","[np.float64(25.89609392996558), np.float64(32.67214232458478)]",2026-06-14 08:05:50,894.0826976316562,2,4.821852894394507,374.9385687936991,28.38045913956195,66.31590491591959,10.63133618437211,4,4,3,1010,9,0.9346064814814815,15.304368591779518,0.635183850036049,ELECTRE-III,1
1150,0323,0,0,"[29.246200667455938, 32.24026190145522]","[np.float64(29.65446609155945), np.float64(29.76954665526145)]",2026-06-14 08:05:50,730.3644409286685,2,2.2168072388921614,243.49507426293596,19.333801633311282,63.49029663742033,14.63133618437211,1,1,1,1402,7,0.9346064814814815,6.219877851038776,0.45926459985580387,ELECTRE-III,1
1151,0460,0,0,"[29.246200667455938, 32.24026190145522]","[np.float64(31.4627076246721), np.float64(35.33620938257084)]",2026-06-14 08:05:50,940.8904034433327,2,7.257366807681436,385.9572814302197,29.079941693583045,67.83312215701119,16.878576897456284,2,2,2,1447,2,0.9346064814814815,8.46711856412295,0.05767844268204758,ELECTRE-III,1
1152,0072,0,0,"[28.646166841323026, 32.08584839979415]","[np.float64(30.63757178492814), np.float64(29.93743929627551)]",2026-06-14 08:06:00,308.0995186709357,1,6.280286666978828,303.5349286599478,23.623135919734345,63.530943093171075,16.62765713515101,2,2,2,1211,8,0.9347222222222222,12.888768246262122,0.5508291276135544,ELECTRE-III,1
1153,0076,0,0,"[28.646166841323026, 32.08584839979415]","[np.float64(28.2526205265435), np.float64(30.78863292207927)]",2026-06-14 08:06:00,556.897924217244,1,6.3305300193559475,134.161227222637,10.941221952147885,64.55958324255333,12.380416422066835,4,4,3,719,3,0.9347222222222222,13.315138644289057,0.13121845710165825,ELECTRE-III,1
1154,0105,0,0,"[28.646166841323026, 32.08584839979415]","[np.float64(31.20424691988397), np.float64(33.8172340915129)]",2026-06-14 08:06:00,506.1050321845813,1,2.3149043889353376,329.75752374626154,25.414960531493602,66.67993350811375,19.747598442471997,2,2,2,1255,4,0.9347222222222222,23.486487331360884,0.20908435472242248,ELECTRE-III,1
1155,0159,0,0,"[28.646166841323026, 32.08584839979415]","[np.float64(26.38810088974979), np.float64(32.06764196557161)]",2026-06-14 08:06:00,920.5967505793624,2,7.156883131158335,251.09225030472896,19.890346545081915,65.80062178455547,15.376737372845735,4,4,3,928,5,0.9347222222222222,10.703126261734624,0.3193943763518385,ELECTRE-III,1
1156,0270,0,0,"[28.646166841323026, 32.08584839979415]","[np.float64(25.89609392996558), np.float64(32.67214232458478)]",2026-06-14 08:06:00,894.0826976316562,2,4.821852894394507,311.2346110914712,24.154558042874097,66.3533685035171,18.63133618437211,4,4,3,1010,9,0.9347222222222222,11.153558406594332,0.635183850036049,ELECTRE-III,1
1157,0323,0,0,"[28.646166841323026, 32.08584839979415]","[np.float64(29.65446609155945), np.float64(29.76954665526145)]",2026-06-14 08:06:00,730.3644409286685,2,2.2168072388921614,251.32492272855544,19.90733040308553,63.52621660226542,8.63133618437211,1,1,1,1402,7,0.9347222222222222,14.239669517705444,0.45926459985580387,ELECTRE-III,1
1158,0072,0,0,"[28.04604934537278, 31.932718973697053]","[np.float64(30.63757178492814), np.float64(29.93743929627551)]",2026-06-14 08:06:10,308.0995186709357,1,6.280286666978828,347.0303334226621,26.5670545738631,63.56631664288257,20.62765713515101,2,2,2,1211,8,0.934837962962963,29.04119880181768,0.5508291276135544,ELECTRE-III,1
1159,0076,0,0,"[28.04604934537278, 31.932718973697053]","[np.float64(28.2526205265435), np.float64(30.78863292207927)]",2026-06-14 08:06:10,556.897924217244,1,6.3305300193559475,114.49682914209822,9.368326542604423,64.59613158480207,16.380416422066837,4,4,3,719,3,0.934837962962963,9.836550681326095,0.13121845710165825,ELECTRE-III,1
1160,0105,0,0,"[28.04604934537278, 31.932718973697053]","[np.float64(31.20424691988397), np.float64(33.8172340915129)]",2026-06-14 08:06:10,506.1050321845813,1,2.3149043889353376,395.58590027231025,29.683507842633375,66.71452841625987,15.747598442471997,2,2,2,1255,4,0.934837962962963,19.486950294323847,0.20908435472242248,ELECTRE-III,1
1161,0159,0,0,"[28.04604934537278, 31.932718973697053]","[np.float64(26.38810088974979), np.float64(32.06764196557161)]",2026-06-14 08:06:10,920.5967505793624,2,7.156883131158335,184.8377892187857,14.9137743872832,65.83792144761291,15.376737372845735,4,4,3,928,5,0.934837962962963,12.572223483956847,0.3193943763518385,ELECTRE-III,1
1162,0270,0,0,"[28.04604934537278, 31.932718973697053]","[np.float64(25.89609392996558), np.float64(32.67214232458478)]",2026-06-14 08:06:10,894.0826976316562,2,4.821852894394507,250.0405865778676,19.813535219199537,66.39083209111462,13.63133618437211,4,4,3,1010,9,0.934837962962963,17.37068803622396,0.635183850036049,ELECTRE-III,1
1163,0323,0,0,"[28.04604934537278, 31.932718973697053]","[np.float64(29.65446609155945), np.float64(29.76954665526145)]",2026-06-14 08:06:10,730.3644409286685,2,2.2168072388921614,276.34373294294835,21.711943498226915,63.56212973692135,11.63133618437211,1,1,1,1402,7,0.934837962962963,20.044877851038777,0.45926459985580387,ELECTRE-III,1
1164,0072,0,0,"[27.445851594699786, 31.780825811839726]","[np.float64(30.63757178492814), np.float64(29.93743929627551)]",2026-06-14 08:06:20,308.0995186709357,1,6.280286666978828,397.55970495070846,29.80635053182657,63.60169019259406,22.62765713515101,2,2,2,1211,8,0.9349537037037037,19.8227960240399,0.5508291276135544,ELECTRE-III,1
1165,0076,0,0,"[27.445851594699786, 31.780825811839726]","[np.float64(28.2526205265435), np.float64(30.78863292207927)]",2026-06-14 08:06:20,556.897924217244,1,6.3305300193559475,132.52585566005436,10.811014604759576,64.63268675723998,16.380416422066837,4,4,3,719,3,0.9349537037037037,21.99013864428906,0.13121845710165825,ELECTRE-III,1
1166,0159,0,0,"[27.445851594699786, 31.780825811839726]","[np.float64(26.38810088974979), np.float64(32.06764196557161)]",2026-06-14 08:06:20,920.5967505793624,2,7.156883131158335,121.00549005702402,9.890633934392666,65.87521428048119,9.376737372845735,4,4,3,928,5,0.9349537037037037,1.8971077432161056,0.3193943763518385,ELECTRE-III,1
1167,0270,0,0,"[27.445851594699786, 31.780825811839726]","[np.float64(25.89609392996558), np.float64(32.67214232458478)]",2026-06-14 08:06:20,894.0826976316562,2,4.821852894394507,193.74950662940472,15.598562044143177,66.42829567871215,16.63133618437211,4,4,3,1010,9,0.9349537037037037,17.566289888075815,0.635183850036049,ELECTRE-III,1
1168,0323,0,0,"[27.445851594699786, 31.780825811839726]","[np.float64(29.65446609155945), np.float64(29.76954665526145)]",2026-06-14 08:06:20,730.3644409286685,2,2.2168072388921614,314.4762110509784,24.37697966060542,63.59804287157728,6.63133618437211,1,1,1,1402,7,0.9349537037037037,5.696382480668406,0.45926459985580387,ELECTRE-III,1
1169,0076,0,0,"[26.84557529685134, 31.63012793308715]","[np.float64(28.2526205265435), np.float64(30.78863292207927)]",2026-06-14 08:06:30,556.897924217244,1,6.3305300193559475,177.0888310675483,14.31476303258369,64.66923509948872,10.380416422066835,4,4,3,719,3,0.9350694444444444,2.89986086651128,0.13121845710165825,ELECTRE-III,1
1170,0159,0,0,"[26.84557529685134, 31.63012793308715]","[np.float64(26.38810088974979), np.float64(32.06764196557161)]",2026-06-14 08:06:30,920.5967505793624,2,7.156883131158335,66.9277635901467,5.5084387422426255,65.91250711334946,13.376737372845735,4,4,3,928,5,0.9350694444444444,9.636459595067958,0.3193943763518385,ELECTRE-III,1
1171,0270,0,0,"[26.84557529685134, 31.63012793308715]","[np.float64(25.89609392996558), np.float64(32.67214232458478)]",2026-06-14 08:06:30,894.0826976316562,2,4.821852894394507,148.06274002493564,12.043317940009967,66.46575926630966,12.63133618437211,4,4,3,1010,9,0.9350694444444444,19.17682229548322,0.635183850036049,ELECTRE-III,1
1172,0323,0,0,"[26.84557529685134, 31.63012793308715]","[np.float64(29.65446609155945), np.float64(29.76954665526145)]",2026-06-14 08:06:30,730.3644409286685,2,2.2168072388921614,361.5982780916969,27.5210901781793,63.633956006233205,8.63133618437211,1,1,1,1402,7,0.9350694444444444,3.020919517705443,0.45926459985580387,ELECTRE-III,1
1173,0076,0,0,"[26.245225574469313, 31.480584356304306]","[np.float64(28.2526205265435), np.float64(30.78863292207927)]",2026-06-14 08:06:40,556.897924217244,1,6.3305300193559475,233.45643084767343,18.592556047090998,64.70578344173745,9.380416422066835,4,4,3,719,3,0.9351851851851852,9.380416422066835,0.13121845710165825,ELECTRE-III,1
1174,0159,0,0,"[26.245225574469313, 31.480584356304306]","[np.float64(26.38810088974979), np.float64(32.06764196557161)]",2026-06-14 08:06:40,920.5967505793624,2,7.156883131158335,60.63072311165885,4.99292026222468,65.94979994621772,15.376737372845735,4,4,3,928,5,0.9351851851851852,16.311922558030922,0.3193943763518385,ELECTRE-III,1
1175,0270,0,0,"[26.245225574469313, 31.480584356304306]","[np.float64(25.89609392996558), np.float64(32.67214232458478)]",2026-06-14 08:06:40,894.0826976316562,2,4.821852894394507,125.18532959245302,10.225190131176918,66.50322285390718,18.63133618437211,4,4,3,1010,9,0.9351851851851852,15.825780628816554,0.635183850036049,ELECTRE-III,1
1176,0076,0,0,"[25.64480242755371, 31.33215068526159]","[np.float64(28.2526205265435), np.float64(30.78863292207927)]",2026-06-14 08:06:50,556.897924217244,1,6.3305300193559475,294.9371103517765,23.02459065501588,64.74233178398619,14.380416422066835,4,4,3,719,3,0.935300925925926,12.509814570214983,0.13121845710165825,ELECTRE-III,1
1177,0159,0,0,"[25.64480242755371, 31.33215068526159]","[np.float64(26.38810088974979), np.float64(32.06764196557161)]",2026-06-14 08:06:50,920.5967505793624,2,7.156883131158335,110.60152324678046,9.054976939380706,65.987092779086,11.376737372845735,4,4,3,928,5,0.935300925925926,5.764931817290179,0.3193943763518385,ELECTRE-III,1
1178,0270,0,0,"[25.64480242755371, 31.33215068526159]","[np.float64(25.89609392996558), np.float64(32.67214232458478)]",2026-06-14 08:06:50,894.0826976316562,2,4.821852894394507,137.05914843257673,11.171671289684578,66.5406864415047,13.63133618437211,4,4,3,1010,9,0.935300925925926,10.825433406594332,0.635183850036049,ELECTRE-III,1
1179,0076,0,0,"[25.044310978746406, 31.18478593882398]","[np.float64(28.2526205265435), np.float64(30.78863292207927)]",2026-06-14 08:07:00,556.897924217244,1,6.3305300193559475,358.9131915686403,27.34646754033438,64.77887329604576,13.380416422066835,4,4,3,719,3,0.9354166666666667,11.509583088733502,0.13121845710165825,ELECTRE-III,1
1180,0159,0,0,"[25.044310978746406, 31.18478593882398]","[np.float64(26.38810088974979), np.float64(32.06764196557161)]",2026-06-14 08:07:00,920.5967505793624,2,7.156883131158335,173.6353710810238,14.046761637866672,66.02438561195427,15.376737372845735,4,4,3,928,5,0.9354166666666667,21.9246540395124,0.3193943763518385,ELECTRE-III,1
1181,0270,0,0,"[25.044310978746406, 31.18478593882398]","[np.float64(25.89609392996558), np.float64(32.67214232458478)]",2026-06-14 08:07:00,894.0826976316562,2,4.821852894394507,176.8165577946176,14.293656662289747,66.57815002910222,18.63133618437211,4,4,3,1010,9,0.9354166666666667,27.05008618437211,0.635183850036049,ELECTRE-III,1
1182,0159,0,0,"[24.44375464314199, 31.03845255095104]","[np.float64(26.38810088974979), np.float64(32.06764196557161)]",2026-06-14 08:07:10,920.5967505793624,2,7.156883131158335,239.63659157516096,19.049674745976247,66.06167844482253,13.376737372845735,4,4,3,928,5,0.9355324074074074,14.312269780253143,0.3193943763518385,ELECTRE-III,1
1183,0270,0,0,"[24.44375464314199, 31.03845255095104]","[np.float64(25.89609392996558), np.float64(32.67214232458478)]",2026-06-14 08:07:10,894.0826976316562,2,4.821852894394507,230.45143034459178,18.369395925484817,66.61560678651057,10.63133618437211,4,4,3,1010,9,0.9355324074074074,6.88920655474248,0.635183850036049,ELECTRE-III,1
1184,0159,0,0,"[23.843133420740454, 30.893112955602337]","[np.float64(26.38810088974979), np.float64(32.06764196557161)]",2026-06-14 08:07:20,920.5967505793624,2,7.156883131158335,306.69562476153976,23.841811228472512,66.09897127769081,10.376737372845735,4,4,3,928,5,0.9356481481481481,12.248033669142032,0.3193943763518385,ELECTRE-III,1
1185,0270,0,0,"[23.843133420740454, 30.893112955602337]","[np.float64(25.89609392996558), np.float64(32.67214232458478)]",2026-06-14 08:07:20,894.0826976316562,2,4.821852894394507,290.37302886393854,22.704675211944682,66.6530703741081,11.63133618437211,4,4,3,1010,9,0.9356481481481481,18.180873221409147,0.635183850036049,ELECTRE-III,1
1186,0159,0,0,"[23.242454141730974, 30.748733001832022]","[np.float64(26.38810088974979), np.float64(32.06764196557161)]",2026-06-14 08:07:30,920.5967505793624,2,7.156883131158335,374.24385917437513,28.336044438444034,66.13626411055908,15.376737372845735,4,4,3,928,5,0.9357638888888888,10.69791792840129,0.3193943763518385,ELECTRE-III,1
1187,0270,0,0,"[23.242454141730974, 30.748733001832022]","[np.float64(25.89609392996558), np.float64(32.67214232458478)]",2026-06-14 08:07:30,894.0826976316562,2,4.821852894394507,353.3972037704326,26.986007614616117,66.69053396170561,9.63133618437211,4,4,3,1010,9,0.9357638888888888,0.2736972954832204,0.635183850036049,ELECTRE-III,1
1188,0100,0,0,"[11.219783556171635, 28.014087475151705]","[np.float64(7.751039883416031), np.float64(28.09515092603401)]",2026-06-14 08:10:50,192.843238760833,1,2.4755970660990423,385.80966068115134,29.07063242734657,57.93909454043831,18.7512774916931,2,2,2,785,5,0.9380787037037037,15.937041380581988,0.3193943763518385,ELECTRE-III,1
1189,0100,0,0,"[10.618354663900746, 27.882910277047024]","[np.float64(7.751039883416031), np.float64(28.09515092603401)]",2026-06-14 08:11:00,192.843238760833,1,2.4755970660990423,319.6811778431305,24.732484951831136,57.97398997690791,16.7512774916931,2,2,2,785,5,0.9381944444444444,21.44224971391532,0.3193943763518385,ELECTRE-III,1
1190,0100,0,0,"[10.016911257477872, 27.752088248779188]","[np.float64(7.751039883416031), np.float64(28.09515092603401)]",2026-06-14 08:11:10,192.843238760833,1,2.4755970660990423,254.7566989135636,20.157407562377138,58.00886492280999,16.7512774916931,2,2,2,785,5,0.9383101851851852,10.183106195396803,0.3193943763518385,ELECTRE-III,1
1191,0100,0,0,"[9.415454190676659, 27.6215957771388]","[np.float64(7.751039883416031), np.float64(28.09515092603401)]",2026-06-14 08:11:20,192.843238760833,1,2.4755970660990423,192.25877002557797,15.484324080095218,58.04373303852291,17.7512774916931,2,2,2,785,5,0.9384259259259259,20.566555269470875,0.3193943763518385,ELECTRE-III,1
1192,0100,0,0,"[8.813986024818043, 27.491415786652944]","[np.float64(7.751039883416031), np.float64(28.09515092603401)]",2026-06-14 08:11:30,192.843238760833,1,2.4755970660990423,135.58396341764092,11.054406457783651,58.07858749385748,17.7512774916931,2,2,2,785,5,0.9385416666666667,25.25961082502643,0.3193943763518385,ELECTRE-III,1
1193,0100,0,0,"[8.212507613675673, 27.361522664112226]","[np.float64(7.751039883416031), np.float64(28.09515092603401)]",2026-06-14 08:11:40,192.843238760833,1,2.4755970660990423,95.70416817928228,7.851695398184591,58.11343511900289,20.7512774916931,2,2,2,785,5,0.9386574074074074,21.689934899100507,0.3193943763518385,ELECTRE-III,1
1194,0100,0,0,"[7.61102066479684, 27.231899334043725]","[np.float64(7.751039883416031), np.float64(28.09515092603401)]",2026-06-14 08:11:50,192.843238760833,1,2.4755970660990423,96.39372128424101,7.907554108879985,58.148269083769954,18.7512774916931,2,2,2,785,5,0.9387731481481482,23.44514323243384,0.3193943763518385,ELECTRE-III,1
1195,0100,0,0,"[7.009526458842014, 27.102525305879926]","[np.float64(7.751039883416031), np.float64(28.09515092603401)]",2026-06-14 08:12:00,192.843238760833,1,2.4755970660990423,137.03976991705628,11.170131472351128,58.18308938815868,12.751277491693099,2,2,2,785,5,0.9388888888888889,14.629055269470877,0.3193943763518385,ELECTRE-III,1
1196,0100,0,0,"[6.40802713024531, 26.97337667395874]","[np.float64(7.751039883416031), np.float64(28.09515092603401)]",2026-06-14 08:12:10,192.843238760833,1,2.4755970660990423,193.96726558493754,15.615238707424616,58.217896032169065,18.7512774916931,2,2,2,785,5,0.9390046296296296,20.629286750952357,0.3193943763518385,ELECTRE-III,1
1197,0100,0,0,"[5.8065239596671985, 26.84443636280724]","[np.float64(7.751039883416031), np.float64(28.09515092603401)]",2026-06-14 08:12:20,192.843238760833,1,2.4755970660990423,256.5567083834167,20.288257148230315,58.25269584599028,13.751277491693099,2,2,2,785,5,0.9391203703703703,7.177434899100506,0.3193943763518385,ELECTRE-III,1
1198,0100,0,0,"[5.205018654654971, 26.715683881857913]","[np.float64(7.751039883416031), np.float64(28.09515092603401)]",2026-06-14 08:12:30,192.843238760833,1,2.4755970660990423,321.5174465923559,24.857422585010628,58.287481999433155,17.7512774916931,2,2,2,785,5,0.9392361111111112,12.11586082502643,0.3193943763518385,ELECTRE-III,1
1199,0100,0,0,"[4.603512495869098, 26.587100448090546]","[np.float64(7.751039883416031), np.float64(28.09515092603401)]",2026-06-14 08:12:40,192.843238760833,1,2.4755970660990423,387.6584265807836,29.18709799848493,58.32225449249769,20.7512774916931,2,2,2,785,5,0.9393518518518519,13.236462676878283,0.3193943763518385,ELECTRE-III,1
1200,006,0,0,"[-6.823338490275228, 24.15032288620907]","[np.float64(-6.236855974632872), np.float64(20.52624852280738)]",2026-06-14 08:15:50,386.05347826406455,1,6.4995717151552475,405.6386435572346,30.306017808124746,44.426654682740704,11.63133618437211,2,2,2,1100,13,0.9415509259259259,5.040479702890628,0.9149242970439798,ELECTRE-III,1
1201,006,0,0,"[-7.424558208002784, 24.021059848619288]","[np.float64(-6.236855974632872), np.float64(20.52624852280738)]",2026-06-14 08:16:00,386.05347826406455,1,6.4995717151552475,407.8157205375188,30.439803394735875,44.45761593024837,19.63133618437211,2,2,2,1100,13,0.9416666666666667,28.10633618437211,0.9149242970439798,ELECTRE-III,1
1202,0030,0,0,"[-30.23298541760436, 18.713774052182185]","[np.float64(-33.62663745246321), np.float64(18.88245320482721)]",2026-06-14 08:22:20,195.65108603549345,1,2.5747633035057502,377.6928105051917,28.556179536777197,23.812677607231368,15.874897848235186,1,1,1,1314,4,0.9460648148148149,10.198508959346297,0.20908435472242248,ELECTRE-III,1
1203,0030,0,0,"[-30.831651498355978, 18.555950578577992]","[np.float64(-33.62663745246321), np.float64(18.88245320482721)]",2026-06-14 08:22:30,195.65108603549345,1,2.5747633035057502,312.3017874434469,24.227868036434423,23.832901797363775,16.874897848235186,1,1,1,1314,4,0.9461805555555556,14.982536737124075,0.20908435472242248,ELECTRE-III,1
1204,0030,0,0,"[-31.430194635702534, 18.396672274680586]","[np.float64(-33.62663745246321), np.float64(18.88245320482721)]",2026-06-14 08:22:40,195.65108603549345,1,2.5747633035057502,248.44241655778114,19.696666073671395,23.853107204475965,17.874897848235186,1,1,1,1314,4,0.9462962962962963,13.143416366753705,0.20908435472242248,ELECTRE-III,1
1205,0030,0,0,"[-32.028621659833206, 18.2358862065239]","[np.float64(-33.62663745246321), np.float64(18.88245320482721)]",2026-06-14 08:22:50,195.65108603549345,1,2.5747633035057502,187.67939129812603,15.132610530964024,23.873297243662524,15.874897848235186,1,1,1,1314,4,0.946412037037037,11.14283766305,0.20908435472242248,ELECTRE-III,1
1206,0030,0,0,"[-32.62691891036964, 18.07353431749999]","[np.float64(-33.62663745246321), np.float64(18.88245320482721)]",2026-06-14 08:23:00,195.65108603549345,1,2.5747633035057502,134.28081773891284,10.950739210001176,23.893468499828863,16.874897848235186,1,1,1,1314,4,0.9465277777777777,17.821425626012964,0.20908435472242248,ELECTRE-III,1
1207,0030,0,0,"[-33.22508980240643, 17.909561966095495]","[np.float64(-33.62663745246321), np.float64(18.88245320482721)]",2026-06-14 08:23:10,195.65108603549345,1,2.5747633035057502,100.72407686189165,8.257994015721728,23.913622680522277,22.874897848235186,1,1,1,1314,4,0.9466435185185185,22.874897848235186,0.20908435472242248,ELECTRE-III,1
1208,0030,0,0,"[-33.823124090659825, 17.743907680607883]","[np.float64(-33.62663745246321), np.float64(18.88245320482721)]",2026-06-14 08:23:20,195.65108603549345,1,2.5747633035057502,107.53762316206507,8.808122687926156,23.933758078195474,15.874897848235186,1,1,1,1314,4,0.9467592592592593,19.661934885272224,0.20908435472242248,ELECTRE-III,1
1209,0030,0,0,"[-34.421021775129816, 17.576508281787333]","[np.float64(-33.62663745246321), np.float64(18.88245320482721)]",2026-06-14 08:23:30,195.65108603549345,1,2.5747633035057502,149.28819927338833,12.140050817996023,23.95387810794304,22.874897848235186,1,1,1,1314,4,0.946875,14.353022848235186,0.20908435472242248,ELECTRE-III,1
1210,0030,0,0,"[-35.01877602562723, 17.407302297931313]","[np.float64(-33.62663745246321), np.float64(18.88245320482721)]",2026-06-14 08:23:40,195.65108603549345,1,2.5747633035057502,205.69826404081735,16.509570302087475,23.973979354670387,19.874897848235186,1,1,1,1314,4,0.9469907407407407,12.29897192230926,0.20908435472242248,ELECTRE-III,1
1211,0030,0,0,"[-35.6163834270575, 17.236221427148127]","[np.float64(-33.62663745246321), np.float64(18.88245320482721)]",2026-06-14 08:23:50,195.65108603549345,1,2.5747633035057502,267.6517241121506,21.08989670241982,23.994063525924812,23.874897848235186,1,1,1,1314,4,0.9471064814814815,28.610430255642594,0.20908435472242248,ELECTRE-III,1
1212,0030,0,0,"[-36.21383714923144, 17.06319395245149]","[np.float64(-33.62663745246321), np.float64(18.88245320482721)]",2026-06-14 08:24:00,195.65108603549345,1,2.5747633035057502,332.0580542316417,25.569707670658573,24.014130621706308,18.874897848235186,1,1,1,1314,4,0.9472222222222222,9.402675626012964,0.20908435472242248,ELECTRE-III,1
1213,0030,0,0,"[-36.81113036195988, 16.888146449307815]","[np.float64(-33.62663745246321), np.float64(18.88245320482721)]",2026-06-14 08:24:10,195.65108603549345,1,2.5747633035057502,397.7254687834091,29.816653391108126,24.034178934467587,18.874897848235186,1,1,1,1314,4,0.9473379629629629,11.296194144531484,0.20908435472242248,ELECTRE-III,1
1214,0330,0,0,"[62.29381141937417, 21.108709875208163]","[np.float64(59.21917227616074), np.float64(24.95195592026564)]",2026-06-14 09:35:20,298.90827485616944,1,4.070197798790376,400.4336737125204,29.984678045717963,53.185484368689956,7.63133618437211,1,1,1,1430,2,0.9967592592592592,0.0,0.05767844268204758,ELECTRE-III,1
1215,0330,0,0,"[61.713935189029264, 20.67500652329069]","[np.float64(59.21917227616074), np.float64(24.95195592026564)]",2026-06-14 09:35:30,298.90827485616944,1,4.070197798790376,363.0430837841557,27.61482332759525,53.19187059556392,12.63133618437211,1,1,1,1430,2,0.996875,20.60633618437211,0.05767844268204758,ELECTRE-III,1
1216,0330,0,0,"[61.13298661898466, 20.255793417697404]","[np.float64(59.21917227616074), np.float64(24.95195592026564)]",2026-06-14 09:35:40,298.90827485616944,1,4.070197798790376,335.62031876206544,25.80853907266694,53.19823291677579,5.63133618437211,1,1,1,1430,2,0.9969907407407408,5.63133618437211,0.05767844268204758,ELECTRE-III,1
1217,0330,0,0,"[60.55102718094289, 19.850228737613094]","[np.float64(59.21917227616074), np.float64(24.95195592026564)]",2026-06-14 09:35:50,298.90827485616944,1,4.070197798790376,320.73244379770676,24.80404269261496,53.20457133232556,12.63133618437211,1,1,1,1430,2,0.9971064814814815,17.616868591779518,0.05767844268204758,ELECTRE-III,1
1218,0330,0,0,"[59.968118346606495, 19.45754067166155]","[np.float64(59.21917227616074), np.float64(24.95195592026564)]",2026-06-14 09:36:00,298.90827485616944,1,4.070197798790376,320.1330539161054,24.763253430787916,53.21088925730782,9.63133618437211,1,1,1,1430,2,0.9972222222222222,15.614669517705444,0.05767844268204758,ELECTRE-III,1
1219,0207,1,0,"[59.38430792729965, 19.07700351224346]","[np.float64(57.18838571215052), np.float64(24.49488870720127)]",2026-06-14 09:36:10,323.01444777270376,1,5.771496779265042,399.6881016978583,29.9384771912955,55.07477616481801,7.380416422066835,2,2,2,1263,8,0.997337962962963,8.377754385029798,0.5508291276135544,ELECTRE-III,1
1220,0330,0,0,"[59.38430792729965, 19.07700351224346]","[np.float64(59.21917227616074), np.float64(24.95195592026564)]",2026-06-14 09:36:10,298.90827485616944,1,4.070197798790376,333.899325729667,25.69327498413467,53.217183276627985,6.63133618437211,1,1,1,1430,2,0.997337962962963,0.0,0.05767844268204758,ELECTRE-III,1
1221,0207,1,0,"[58.7996573947249, 18.707947900820162]","[np.float64(57.18838571215052), np.float64(24.49488870720127)]",2026-06-14 09:36:20,323.01444777270376,1,5.771496779265042,385.06766913069697,29.023815449485475,55.08200250495989,6.380416422066835,2,2,2,1263,8,0.9974537037037037,11.367684940585352,0.5508291276135544,ELECTRE-III,1
1222,0330,0,0,"[58.7996573947249, 18.707947900820162]","[np.float64(59.21917227616074), np.float64(24.95195592026564)]",2026-06-14 09:36:20,298.90827485616944,1,4.070197798790376,360.388972857627,27.44251228472024,53.22345680538064,5.63133618437211,1,1,1,1430,2,0.9974537037037037,0.0,0.05767844268204758,ELECTRE-III,1
1223,0207,1,0,"[58.214200899828086, 18.349752290177182]","[np.float64(57.18838571215052), np.float64(24.49488870720127)]",2026-06-14 09:36:30,323.01444777270376,1,5.771496779265042,382.3586306031365,28.85252421077814,55.08920835453425,5.380416422066835,2,2,2,1263,8,0.9975694444444444,2.387708088733502,0.5508291276135544,ELECTRE-III,1
1224,0330,0,0,"[58.214200899828086, 18.349752290177182]","[np.float64(59.21917227616074), np.float64(24.95195592026564)]",2026-06-14 09:36:30,298.90827485616944,1,4.070197798790376,397.0638053361315,29.775515789098637,53.229706428471204,11.63133618437211,1,1,1,1430,2,0.9975694444444444,15.621613962149887,0.05767844268204758,ELECTRE-III,1
1225,0016,1,0,"[57.627999914311744, 18.00183440668778]","[np.float64(55.55205209359613), np.float64(12.98404244187165)]",2026-06-14 09:36:40,315.183271610409,1,5.529079639727169,384.11960165690084,28.963933998399852,53.565707339406224,15.998518204777273,4,4,3,561,7,0.9976851851851852,11.010092278851346,0.45926459985580387,ELECTRE-III,1
1226,0207,1,0,"[57.627999914311744, 18.00183440668778]","[np.float64(57.18838571215052), np.float64(24.49488870720127)]",2026-06-14 09:36:40,323.01444777270376,1,5.771496779265042,391.80883425243786,29.44759744091323,55.096390298446515,11.380416422066835,2,2,2,1263,8,0.9976851851851852,20.3595830887335,0.5508291276135544,ELECTRE-III,1
1227,0016,1,0,"[57.04107834383796, 17.66365125031294]","[np.float64(55.55205209359613), np.float64(12.98404244187165)]",2026-06-14 09:36:50,315.183271610409,1,5.529079639727169,332.74014961646014,25.615512755239326,53.57988681212317,9.998518204777273,4,4,3,561,7,0.997800925925926,7.005115426999495,0.45926459985580387,ELECTRE-III,1
1228,0178,0,0,"[57.04107834383796, 17.66365125031294]","[np.float64(55.64321798038925), np.float64(12.16354832122793)]",2026-06-14 09:36:50,474.8222059876249,1,3.0877486831315393,372.7579333134283,28.24092035422577,53.22541706967243,14.005876303219473,2,2,2,748,4,0.997800925925926,6.023468895812066,0.20908435472242248,ELECTRE-III,1
1229,0016,1,0,"[56.45348058463635, 17.334699094601373]","[np.float64(55.55205209359613), np.float64(12.98404244187165)]",2026-06-14 09:37:00,315.183271610409,1,5.529079639727169,288.4142906232312,22.5669179948907,53.59404579427261,12.998518204777273,4,4,3,561,7,0.9979166666666667,16.99018487144394,0.45926459985580387,ELECTRE-III,1
1230,0178,0,0,"[56.45348058463635, 17.334699094601373]","[np.float64(55.64321798038925), np.float64(12.16354832122793)]",2026-06-14 09:37:00,474.8222059876249,1,3.0877486831315393,333.44466631765874,25.662786673123684,53.23990390090203,13.005876303219473,2,2,2,748,4,0.9979166666666667,16.99754296988614,0.20908435472242248,ELECTRE-III,1
1231,0016,1,0,"[55.86524420274734, 17.014506656500345]","[np.float64(55.55205209359613), np.float64(12.98404244187165)]",2026-06-14 09:37:10,315.183271610409,1,5.529079639727169,254.85112684541474,20.1642773595381,53.60818770094912,13.998518204777273,4,4,3,561,7,0.9980324074074074,6.014258945518014,0.45926459985580387,ELECTRE-III,1
1231,0016,1,0,"[55.86524420274734, 17.014506656500345]","[np.float64(55.55205209359613), np.float64(12.98404244187165)]",2026-06-14 09:37:10,315.183271610409,1,5.529079639727169,254.85112684541474,20.1642773595381,53.60818770094912,13.998518204777273,4,4,3,561,7,0.9980324074074074,6.014258945518014,0.45926459985580387,ELECTRE-III,1
1232,0178,0,0,"[55.86524420274734, 17.014506656500345]","[np.float64(55.64321798038925), np.float64(12.16354832122793)]",2026-06-14 09:37:10,474.8222059876249,1,3.0877486831315393,304.4847366789563,23.688926263747828,53.254366826469536,16.005876303219473,2,2,2,748,4,0.9980324074074074,18.999973525441696,0.20908435472242248,ELECTRE-III,1
1233,0016,1,0,"[55.27640334911679, 16.702628266166514]","[np.float64(55.55205209359613), np.float64(12.98404244187165)]",2026-06-14 09:37:20,315.183271610409,1,5.529079639727169,236.67584593784682,18.830991956273095,53.62230911705812,12.998518204777273,4,4,3,561,7,0.9981481481481481,15.992962649221717,0.45926459985580387,ELECTRE-III,1
1233,0016,1,0,"[55.27640334911679, 16.702628266166514]","[np.float64(55.55205209359613), np.float64(12.98404244187165)]",2026-06-14 09:37:20,315.183271610409,1,5.529079639727169,236.67584593784682,18.830991956273095,53.62230911705812,12.998518204777273,4,4,3,561,7,0.9981481481481481,15.992962649221717,0.45926459985580387,ELECTRE-III,1
1234,0178,0,0,"[55.27640334911679, 16.702628266166514]","[np.float64(55.64321798038925), np.float64(12.16354832122793)]",2026-06-14 09:37:20,474.8222059876249,1,3.0877486831315393,289.0084907337301,22.60873701529258,53.26881267656411,11.005876303219473,2,2,2,748,4,0.9981481481481481,12.004024451367622,0.20908435472242248,ELECTRE-III,1
1235,0016,1,0,"[54.686985344501366, 16.39865240470239]","[np.float64(55.55205209359613), np.float64(12.98404244187165)]",2026-06-14 09:37:30,315.183271610409,1,5.529079639727169,237.45037838398954,18.88825477201409,53.636410042599614,9.998518204777273,4,4,3,561,7,0.9982638888888888,6.005462649221718,0.45926459985580387,ELECTRE-III,1
1235,0016,1,0,"[54.686985344501366, 16.39865240470239]","[np.float64(55.55205209359613), np.float64(12.98404244187165)]",2026-06-14 09:37:30,315.183271610409,1,5.529079639727169,237.45037838398954,18.88825477201409,53.636410042599614,9.998518204777273,4,4,3,561,7,0.9982638888888888,6.005462649221718,0.45926459985580387,ELECTRE-III,1
1236,0178,0,0,"[54.686985344501366, 16.39865240470239]","[np.float64(55.64321798038925), np.float64(12.16354832122793)]",2026-06-14 09:37:30,474.8222059876249,1,3.0877486831315393,289.1904078399019,22.621535022566547,53.28324145118576,16.005876303219473,2,2,2,748,4,0.9982638888888888,8.019765192108363,0.20908435472242248,ELECTRE-III,1
1237,0016,1,0,"[54.09701750965776, 16.102193166419863]","[np.float64(55.55205209359613), np.float64(12.98404244187165)]",2026-06-14 09:37:40,315.183271610409,1,5.529079639727169,257.0052086430241,20.32082605619546,53.65049047757359,10.998518204777273,4,4,3,561,7,0.9983796296296297,18.98555524181431,0.45926459985580387,ELECTRE-III,1
1237,0016,1,0,"[54.09701750965776, 16.102193166419863]","[np.float64(55.55205209359613), np.float64(12.98404244187165)]",2026-06-14 09:37:40,315.183271610409,1,5.529079639727169,257.0052086430241,20.32082605619546,53.65049047757359,10.998518204777273,4,4,3,561,7,0.9983796296296297,18.98555524181431,0.45926459985580387,ELECTRE-III,1
1238,0178,0,0,"[54.09701750965776, 16.102193166419863]","[np.float64(55.64321798038925), np.float64(12.16354832122793)]",2026-06-14 09:37:40,474.8222059876249,1,3.0877486831315393,305.00407846046085,23.72487150734218,53.2976497352399,8.005876303219473,2,2,2,748,4,0.9983796296296297,3.0139781550713245,0.20908435472242248,ELECTRE-III,1
1239,0016,1,0,"[53.50653399553182, 15.812883428651048]","[np.float64(55.55205209359613), np.float64(12.98404244187165)]",2026-06-14 09:37:50,315.183271610409,1,5.529079639727169,291.58677582868324,22.789898756476568,53.66455042198007,15.998518204777273,4,4,3,561,7,0.9984953703703704,7.01205987144394,0.45926459985580387,ELECTRE-III,1
1240,0178,0,0,"[53.50653399553182, 15.812883428651048]","[np.float64(55.64321798038925), np.float64(12.16354832122793)]",2026-06-14 09:37:50,474.8222059876249,1,3.0877486831315393,334.23871868916234,25.716023647613792,53.312037528726535,15.005876303219473,2,2,2,748,4,0.9984953703703704,18.001362414330586,0.20908435472242248,ELECTRE-III,1
1241,0199,0,0,"[53.50653399553182, 15.812883428651048]","[np.float64(50.94514176179118), np.float64(12.49247470997162)]",2026-06-14 09:37:50,688.1054681531439,1,7.931275613076025,363.6045360114904,27.65120487049115,57.05804111864169,15.249437967082546,3,3,3,1092,3,0.9984953703703704,18.244924078193655,0.13121845710165825,ELECTRE-III,1
1242,0247,1,0,"[53.50653399553182, 15.812883428651048]","[np.float64(52.56086921316749), np.float64(10.02700097620163)]",2026-06-14 09:37:50,594.3643126594118,1,6.756738825536619,400.79000628692904,30.00674373392609,54.8367372420539,12.63133618437211,3,3,3,626,12,0.9984953703703704,9.635850073260999,0.8284066330209084,ELECTRE-III,1
1243,0285,0,0,"[53.50653399553182, 15.812883428651048]","[np.float64(50.1189422399863), np.float64(15.55883485367527)]",2026-06-14 09:37:50,560.2738911747381,1,2.394005398597245,377.08750045507185,28.517610916275068,58.93583087620745,7.380416422066835,2,2,2,975,14,0.9984953703703704,15.368379385029797,1.0,ELECTRE-III,1
1244,0016,1,0,"[52.91555529269105, 15.530383389484735]","[np.float64(55.55205209359613), np.float64(12.98404244187165)]",2026-06-14 09:38:00,315.183271610409,1,5.529079639727169,336.5963649541932,25.873810639335545,53.67859329091361,12.998518204777273,4,4,3,561,7,0.9986111111111111,18.99018487144394,0.45926459985580387,ELECTRE-III,1
1245,0178,0,0,"[52.91555529269105, 15.530383389484735]","[np.float64(55.64321798038925), np.float64(12.16354832122793)]",2026-06-14 09:38:00,474.8222059876249,1,3.0877486831315393,373.75954467373214,28.305058891546643,53.32640824674024,16.005876303219473,2,2,2,748,4,0.9986111111111111,13.01004296988614,0.20908435472242248,ELECTRE-III,1
1246,0199,0,0,"[52.91555529269105, 15.530383389484735]","[np.float64(50.94514176179118), np.float64(12.49247470997162)]",2026-06-14 09:38:00,688.1054681531439,1,7.931275613076025,302.258047304334,23.53458596522739,57.07543419536313,17.249437967082546,3,3,3,1092,3,0.9986111111111111,20.24527130041588,0.13121845710165825,ELECTRE-III,1
1247,0247,1,0,"[52.91555529269105, 15.530383389484735]","[np.float64(52.56086921316749), np.float64(10.02700097620163)]",2026-06-14 09:38:00,594.3643126594118,1,6.756738825536619,372.509101286764,28.22497433160007,54.854164469721184,18.63133618437211,3,3,3,626,12,0.9986111111111111,13.638280628816554,0.8284066330209084,ELECTRE-III,1
1248,0285,0,0,"[52.91555529269105, 15.530383389484735]","[np.float64(50.1189422399863), np.float64(15.55883485367527)]",2026-06-14 09:38:00,560.2738911747381,1,2.394005398597245,310.97584701116136,24.13676947679743,58.95212087737792,11.380416422066835,2,2,2,975,14,0.9986111111111111,16.37347197762239,1.0,ELECTRE-III,1
1249,0016,1,0,"[52.32410530679755, 15.254372030029936]","[np.float64(55.55205209359613), np.float64(12.98404244187165)]",2026-06-14 09:38:10,315.183271610409,1,5.529079639727169,388.4265970685534,29.235412366567974,53.69261566927965,17.998518204777273,4,4,3,561,7,0.9987268518518518,25.988333019592087,0.45926459985580387,ELECTRE-III,1
1250,0199,0,0,"[52.32410530679755, 15.254372030029936]","[np.float64(50.94514176179118), np.float64(12.49247470997162)]",2026-06-14 09:38:10,688.1054681531439,1,7.931275613076025,244.6034549448651,19.415237625434305,57.092806781517055,12.249437967082546,3,3,3,1092,3,0.9987268518518518,4.259623152267731,0.13121845710165825,ELECTRE-III,1
1251,0247,1,0,"[52.32410530679755, 15.254372030029936]","[np.float64(52.56086921316749), np.float64(10.02700097620163)]",2026-06-14 09:38:10,594.3643126594118,1,6.756738825536619,355.2083456494838,27.104619107367046,54.87157462191555,18.63133618437211,3,3,3,626,12,0.9987268518518518,26.621150999186924,0.8284066330209084,ELECTRE-III,1
1252,0276,0,0,"[52.32410530679755, 15.254372030029936]","[np.float64(52.7327491300933), np.float64(9.258476930323436)]",2026-06-14 09:38:10,891.1379895926409,2,6.94539049047055,408.02349579866615,30.45255244621807,54.424726570940386,17.747598442471997,1,1,1,764,2,0.9987268518518518,26.736140109138663,0.05767844268204758,ELECTRE-III,1
1253,0285,0,0,"[52.32410530679755, 15.254372030029936]","[np.float64(50.1189422399863), np.float64(15.55883485367527)]",2026-06-14 09:38:10,560.2738911747381,1,2.394005398597245,246.11772278763738,19.52636355409944,58.968383557791725,11.380416422066835,2,2,2,975,14,0.9987268518518518,14.376596977622391,1.0,ELECTRE-III,1
1254,0199,0,0,"[51.732211358608005, 14.984547114415873]","[np.float64(50.94514176179118), np.float64(12.49247470997162)]",2026-06-14 09:38:20,688.1054681531439,1,7.931275613076025,193.96354454356964,15.614953761190868,57.11015546200888,18.249437967082546,3,3,3,1092,3,0.9988425925925926,26.240178707823286,0.13121845710165825,ELECTRE-III,1
1255,0247,1,0,"[51.732211358608005, 14.984547114415873]","[np.float64(52.56086921316749), np.float64(10.02700097620163)]",2026-06-14 09:38:20,594.3643126594118,1,6.756738825536619,350.518604072546,26.796972839124795,54.8889642835424,12.63133618437211,3,3,3,626,12,0.9988425925925926,15.627863962149888,0.8284066330209084,ELECTRE-III,1
1256,0276,0,0,"[51.732211358608005, 14.984547114415873]","[np.float64(52.7327491300933), np.float64(9.258476930323436)]",2026-06-14 09:38:20,891.1379895926409,2,6.94539049047055,405.3931849612473,30.2909109337317,54.44234162880985,16.747598442471997,1,1,1,764,2,0.9988425925925926,11.753385479509035,0.05767844268204758,ELECTRE-III,1
1257,0285,0,0,"[51.732211358608005, 14.984547114415873]","[np.float64(50.1189422399863), np.float64(15.55883485367527)]",2026-06-14 09:38:20,560.2738911747381,1,2.394005398597245,183.84638770816292,14.837319799039385,58.98461891744885,9.380416422066835,2,2,2,975,14,0.9988425925925926,2.388518273918687,1.0,ELECTRE-III,1
1258,0199,0,0,"[51.139887108500744, 14.720625189791996]","[np.float64(50.94514176179118), np.float64(12.49247470997162)]",2026-06-14 09:38:30,688.1054681531439,1,7.931275613076025,157.26874039759713,12.768264394063186,57.12748365193321,17.249437967082546,3,3,3,1092,3,0.9989583333333333,23.243187967082545,0.13121845710165825,ELECTRE-III,1
1259,0247,1,0,"[51.139887108500744, 14.720625189791996]","[np.float64(52.56086921316749), np.float64(10.02700097620163)]",2026-06-14 09:38:30,594.3643126594118,1,6.756738825536619,358.9360240904206,27.347954765502777,54.906336869696325,17.63133618437211,3,3,3,626,12,0.9989583333333333,7.6417528510387775,0.8284066330209084,ELECTRE-III,1
1260,0285,0,0,"[51.139887108500744, 14.720625189791996]","[np.float64(50.1189422399863), np.float64(15.55883485367527)]",2026-06-14 09:38:30,560.2738911747381,1,2.394005398597245,127.9948849436997,10.449674207125,59.00083378653846,12.380416422066835,2,2,2,975,14,0.9989583333333333,21.371041422066835,1.0,ELECTRE-III,1
1261,0327,0,0,"[51.139887108500744, 14.720625189791996]","[np.float64(48.45757613802337), np.float64(12.03646682992148)]",2026-06-14 09:38:30,469.99904649487576,1,2.8723215732853173,355.01319800790617,27.091850961639576,58.746320447496274,21.878576897456284,4,4,3,1011,13,0.9989583333333333,24.875451897456283,0.9149242970439798,ELECTRE-III,1
1262,0042,0,0,"[50.54715987723245, 14.462336463686087]","[np.float64(49.43245674210306), np.float64(9.546188210445235)]",2026-06-14 09:38:40,76.33963721426147,1,7.2112329714217855,372.5847084335721,28.22982000484634,56.91348699504754,14.12949665976156,4,4,3,724,6,0.9990740740740741,6.136904067168968,0.3446286950252343,ELECTRE-III,1
1263,0134,0,0,"[50.54715987723245, 14.462336463686087]","[np.float64(49.43370209015913), np.float64(9.371792086257077)]",2026-06-14 09:38:40,8.717416112116279,1,2.1581146701249683,384.30791550242236,28.975833721153208,56.82929466824338,21.62765713515101,3,3,3,1153,13,0.9990740740740741,24.624879357373235,0.9149242970439798,ELECTRE-III,1
1264,0199,0,0,"[50.54715987723245, 14.462336463686087]","[np.float64(50.94514176179118), np.float64(12.49247470997162)]",2026-06-14 09:38:40,688.1054681531439,1,7.931275613076025,145.48666389597045,11.839745934961739,57.144791351290024,18.249437967082546,3,3,3,1092,3,0.9990740740740741,11.255919448564027,0.13121845710165825,ELECTRE-III,1
1265,0247,1,0,"[50.54715987723245, 14.462336463686087]","[np.float64(52.56086921316749), np.float64(10.02700097620163)]",2026-06-14 09:38:40,594.3643126594118,1,6.756738825536619,379.59043072319406,28.676907413181794,54.92368896528274,12.63133618437211,3,3,3,626,12,0.9990740740740741,9.634113962149888,0.8284066330209084,ELECTRE-III,1
1266,0269,0,0,"[50.54715987723245, 14.462336463686087]","[np.float64(49.18866442374592), np.float64(9.325408692768589)]",2026-06-14 09:38:40,591.3260071014031,1,4.197842713064687,397.8448587942494,29.82407262392371,56.972090018126245,4.005876303219473,3,3,3,888,12,0.9990740740740741,2.007728155071325,0.8284066330209084,ELECTRE-III,1
1267,0285,0,0,"[50.54715987723245, 14.462336463686087]","[np.float64(50.1189422399863), np.float64(15.55883485367527)]",2026-06-14 09:38:40,560.2738911747381,1,2.394005398597245,91.23682430713367,7.489449226553769,59.01702133487139,10.380416422066835,2,2,2,975,14,0.9990740740740741,8.382268273918687,1.0,ELECTRE-III,1
1268,0327,0,0,"[50.54715987723245, 14.462336463686087]","[np.float64(48.45757613802337), np.float64(12.03646682992148)]",2026-06-14 09:38:40,469.99904649487576,1,2.8723215732853173,290.9536695196727,22.745458302184822,58.76573184511745,20.878576897456284,4,4,3,1011,13,0.9990740740740741,25.873947267826654,0.9149242970439798,ELECTRE-III,1
1269,0403,0,0,"[50.54715987723245, 14.462336463686087]","[np.float64(47.43201384411275), np.float64(16.49871748024867)]",2026-06-14 09:38:40,451.87858574029667,1,7.216325515928374,376.8750290683134,28.504066153974097,61.51665883523178,14.376737372845735,1,1,1,1282,8,0.9990740740740741,19.372107743216105,0.5508291276135544,ELECTRE-III,1
1270,0412,0,0,"[50.54715987723245, 14.462336463686087]","[np.float64(49.22689962913111), np.float64(9.615341491960898)]",2026-06-14 09:38:40,887.4148036497544,2,6.573795922891494,376.91613647227234,28.50668696654375,57.086027818765814,14.249437967082546,4,4,3,1019,12,0.9990740740740741,14.249437967082546,0.8284066330209084,ELECTRE-III,1
1271,0042,0,0,"[49.954039910086884, 14.209430780419794]","[np.float64(49.43245674210306), np.float64(9.546188210445235)]",2026-06-14 09:38:50,76.33963721426147,1,7.2112329714217855,340.34446497797063,26.12378899174958,56.933349185153936,11.12949665976156,4,4,3,724,6,0.9991898148148148,5.134357770872672,0.3446286950252343,ELECTRE-III,1
1272,0134,0,0,"[49.954039910086884, 14.209430780419794]","[np.float64(49.43370209015913), np.float64(9.371792086257077)]",2026-06-14 09:38:50,8.717416112116279,1,2.1581146701249683,352.6782289638719,26.93885253044965,56.84923882061982,16.62765713515101,3,3,3,1153,13,0.9991898148148148,10.632518246262123,0.9149242970439798,ELECTRE-III,1
1273,0155,0,0,"[49.954039910086884, 14.209430780419794]","[np.float64(49.11832800995569), np.float64(8.89064888647059)]",2026-06-14 09:38:50,839.0759190514133,2,5.4004540907160425,394.8088454491757,29.635064099024135,56.82772713982886,11.747598442471997,4,4,3,1482,5,0.9991898148148148,12.746788257286811,0.3193943763518385,ELECTRE-III,1
1274,0199,0,0,"[49.954039910086884, 14.209430780419794]","[np.float64(50.94514176179118), np.float64(12.49247470997162)]",2026-06-14 09:38:50,688.1054681531439,1,7.931275613076025,164.07729296817257,13.301770570498228,57.16207514498474,10.249437967082546,3,3,3,1092,3,0.9991898148148148,8.251058337452916,0.13121845710165825,ELECTRE-III,1
1275,0269,0,0,"[49.954039910086884, 14.209430780419794]","[np.float64(49.18866442374592), np.float64(9.325408692768589)]",2026-06-14 09:38:50,591.3260071014031,1,4.197842713064687,362.2511090487947,27.563463038467567,56.99224590636695,11.005876303219473,3,3,3,888,12,0.9991898148148148,4.01154759951577,0.8284066330209084,ELECTRE-III,1
1276,0285,0,0,"[49.954039910086884, 14.209430780419794]","[np.float64(50.1189422399863), np.float64(15.55883485367527)]",2026-06-14 09:38:50,560.2738911747381,1,2.394005398597245,98.10256012770799,8.045916828626092,59.03318156244764,7.380416422066835,2,2,2,975,14,0.9991898148148148,13.375555310955724,1.0,ELECTRE-III,1
1277,0327,0,0,"[49.954039910086884, 14.209430780419794]","[np.float64(48.45757613802337), np.float64(12.03646682992148)]",2026-06-14 09:38:50,469.99904649487576,1,2.8723215732853173,229.34822339860753,18.28732307580822,58.785129582360284,14.878576897456284,4,4,3,1011,13,0.9991898148148148,4.886678749308135,0.9149242970439798,ELECTRE-III,1
1278,0403,0,0,"[49.954039910086884, 14.209430780419794]","[np.float64(47.43201384411275), np.float64(16.49871748024867)]",2026-06-14 09:38:50,451.87858574029667,1,7.216325515928374,326.88695368827877,25.22131085235009,61.53422608177706,21.376737372845735,1,1,1,1282,8,0.9991898148148148,23.375117002475363,0.5508291276135544,ELECTRE-III,1
1279,0412,0,0,"[49.954039910086884, 14.209430780419794]","[np.float64(49.22689962913111), np.float64(9.615341491960898)]",2026-06-14 09:38:50,887.4148036497544,2,6.573795922891494,340.8172120505754,26.15524311670099,57.10601978246645,18.249437967082546,4,4,3,1019,12,0.9991898148148148,22.246197226341806,0.8284066330209084,ELECTRE-III,1
1280,0042,0,0,"[49.36055452782072, 13.96166822959852]","[np.float64(49.43245674210306), np.float64(9.546188210445235)]",2026-06-14 09:39:00,76.33963721426147,1,7.2112329714217855,319.5939716771502,24.726545284847568,56.953197714881995,17.12949665976156,4,4,3,724,6,0.9993055555555556,18.128802215317116,0.3446286950252343,ELECTRE-III,1
1281,0134,0,0,"[49.36055452782072, 13.96166822959852]","[np.float64(49.43370209015913), np.float64(9.371792086257077)]",2026-06-14 09:39:00,8.717416112116279,1,2.1581146701249683,332.2044040110606,25.579538524476728,56.869165897523324,18.62765713515101,3,3,3,1153,13,0.9993055555555556,19.626962690706566,0.9149242970439798,ELECTRE-III,1
1282,0155,0,0,"[49.36055452782072, 13.96166822959852]","[np.float64(49.11832800995569), np.float64(8.89064888647059)]",2026-06-14 09:39:00,839.0759190514133,2,5.4004540907160425,369.06574474256223,28.00382294438511,56.848115254501344,17.747598442471997,4,4,3,1482,5,0.9993055555555556,25.74204288691644,0.3193943763518385,ELECTRE-III,1
1283,0199,0,0,"[49.36055452782072, 13.96166822959852]","[np.float64(50.94514176179118), np.float64(12.49247470997162)]",2026-06-14 09:39:00,688.1054681531439,1,7.931275613076025,204.93626732840124,16.45172381469694,57.17933844811195,19.249437967082546,3,3,3,1092,3,0.9993055555555556,28.243187967082548,0.13121845710165825,ELECTRE-III,1
1284,0269,0,0,"[49.36055452782072, 13.96166822959852]","[np.float64(49.18866442374592), np.float64(9.325408692768589)]",2026-06-14 09:39:00,591.3260071014031,1,4.197842713064687,336.83834279588353,25.88998138683258,57.012381304040154,8.005876303219473,3,3,3,888,12,0.9993055555555556,5.0079596365528065,0.8284066330209084,ELECTRE-III,1
1285,0285,0,0,"[49.36055452782072, 13.96166822959852]","[np.float64(50.1189422399863), np.float64(15.55883485367527)]",2026-06-14 09:39:00,560.2738911747381,1,2.394005398597245,142.41822499437495,11.59686947229541,59.04932129945637,9.380416422066835,2,2,2,975,14,0.9993055555555556,17.37486086651128,1.0,ELECTRE-III,1
1286,0327,0,0,"[49.36055452782072, 13.96166822959852]","[np.float64(48.45757613802337), np.float64(12.03646682992148)]",2026-06-14 09:39:00,469.99904649487576,1,2.8723215732853173,172.84422329452582,13.985276750431423,58.80449999884644,18.878576897456284,4,4,3,1011,13,0.9993055555555556,27.872326897456283,0.9149242970439798,ELECTRE-III,1
1287,0403,0,0,"[49.36055452782072, 13.96166822959852]","[np.float64(47.43201384411275), np.float64(16.49871748024867)]",2026-06-14 09:39:00,451.87858574029667,1,7.216325515928374,284.6981978565148,22.30480934445674,61.55176600756565,22.376737372845735,1,1,1,1282,8,0.9993055555555556,30.37118181729018,0.5508291276135544,ELECTRE-III,1
1288,0412,0,0,"[49.36055452782072, 13.96166822959852]","[np.float64(49.22689962913111), np.float64(9.615341491960898)]",2026-06-14 09:39:00,887.4148036497544,2,6.573795922891494,315.4992898711065,24.44701620790676,57.12599125559956,15.249437967082546,4,4,3,1019,12,0.9993055555555556,11.252215744860324,0.8284066330209084,ELECTRE-III,1
1289,0042,0,0,"[48.766713975717714, 13.7188242687533]","[np.float64(49.43245674210306), np.float64(9.546188210445235)]",2026-06-14 09:39:10,76.33963721426147,1,7.2112329714217855,312.6308847484267,24.25045846557727,56.973022338947956,13.12949665976156,4,4,3,724,6,0.9994212962962963,14.128917956057856,0.3446286950252343,ELECTRE-III,1
1290,0134,0,0,"[48.766713975717714, 13.7188242687533]","[np.float64(49.43370209015913), np.float64(9.371792086257077)]",2026-06-14 09:39:10,8.717416112116279,1,2.1581146701249683,325.00298760109774,25.09388155125002,56.88907248385933,15.627657135151011,3,3,3,1153,13,0.9994212962962963,16.62707843144731,0.9149242970439798,ELECTRE-III,1
1291,0155,0,0,"[48.766713975717714, 13.7188242687533]","[np.float64(49.11832800995569), np.float64(8.89064888647059)]",2026-06-14 09:39:10,839.0759190514133,2,5.4004540907160425,354.7234825640145,27.072890051218586,56.86848287860632,10.747598442471997,4,4,3,1482,5,0.9994212962962963,1.7528067758053307,0.3193943763518385,ELECTRE-III,1
1292,0199,0,0,"[48.766713975717714, 13.7188242687533]","[np.float64(50.94514176179118), np.float64(12.49247470997162)]",2026-06-14 09:39:10,688.1054681531439,1,7.931275613076025,257.6813957559959,20.369903070645172,57.19658126067164,16.249437967082546,3,3,3,1092,3,0.9994212962962963,14.250595374489954,0.13121845710165825,ELECTRE-III,1
1293,0269,0,0,"[48.766713975717714, 13.7188242687533]","[np.float64(49.18866442374592), np.float64(9.325408692768589)]",2026-06-14 09:39:10,591.3260071014031,1,4.197842713064687,324.0123095735867,25.026766486955637,57.03249621114584,3.0058763032194733,3,3,3,888,12,0.9994212962962963,0.0076124143305844605,0.8284066330209084,ELECTRE-III,1
1294,0285,0,0,"[48.766713975717714, 13.7188242687533]","[np.float64(50.1189422399863), np.float64(15.55883485367527)]",2026-06-14 09:39:10,560.2738911747381,1,2.394005398597245,200.7511097822831,16.13339729488733,59.06543371570844,11.380416422066835,2,2,2,975,14,0.9994212962962963,6.383309940585354,1.0,ELECTRE-III,1
1295,0327,0,0,"[48.766713975717714, 13.7188242687533]","[np.float64(48.45757613802337), np.float64(12.03646682992148)]",2026-06-14 09:39:10,469.99904649487576,1,2.8723215732853173,128.3666531220901,10.479354428894007,58.823849924765085,18.878576897456284,4,4,3,1011,13,0.9994212962962963,25.87452597153036,0.9149242970439798,ELECTRE-III,1
1296,0403,0,0,"[48.766713975717714, 13.7188242687533]","[np.float64(47.43201384411275), np.float64(16.49871748024867)]",2026-06-14 09:39:10,451.87858574029667,1,7.216325515928374,254.2213045565053,20.118445254527646,61.569278612597564,14.376737372845735,1,1,1,1282,8,0.9994212962962963,15.37615866914203,0.5508291276135544,ELECTRE-III,1
1297,0412,0,0,"[48.766713975717714, 13.7188242687533]","[np.float64(49.22689962913111), np.float64(9.615341491960898)]",2026-06-14 09:39:10,887.4148036497544,2,6.573795922891494,303.6723103846527,23.63265603217541,57.14594565325975,17.249437967082546,4,4,3,1019,12,0.9994212962962963,14.251174078193657,0.8284066330209084,ELECTRE-III,1
1298,0042,0,0,"[48.1725353292508, 13.480684600698929]","[np.float64(49.43245674210306), np.float64(9.546188210445235)]",2026-06-14 09:39:20,76.33963721426147,1,7.2112329714217855,320.3568428151816,24.77848569350538,56.99282988754099,12.12949665976156,4,4,3,724,6,0.999537037037037,11.129959622724524,0.3446286950252343,ELECTRE-III,1
1299,0134,0,0,"[48.1725353292508, 13.480684600698929]","[np.float64(49.43370209015913), np.float64(9.371792086257077)]",2026-06-14 09:39:20,8.717416112116279,1,2.1581146701249683,331.94026149342733,25.561793925867235,56.90895857962782,13.627657135151011,3,3,3,1153,13,0.999537037037037,15.626731209225085,0.9149242970439798,ELECTRE-III,1
1300,0155,0,0,"[48.1725353292508, 13.480684600698929]","[np.float64(49.11832800995569), np.float64(8.89064888647059)]",2026-06-14 09:39:20,839.0759190514133,2,5.4004540907160425,353.1750644244724,26.971442474297717,56.88883342723838,9.747598442471997,4,4,3,1482,5,0.999537037037037,1.7513021461757008,0.3193943763518385,ELECTRE-III,1
1301,0199,0,0,"[48.1725353292508, 13.480684600698929]","[np.float64(50.94514176179118), np.float64(12.49247470997162)]",2026-06-14 09:39:20,688.1054681531439,1,7.931275613076025,316.42444953891834,24.510282594516852,57.21380016756925,17.249437967082546,3,3,3,1092,3,0.999537037037037,20.248049078193656,0.13121845710165825,ELECTRE-III,1
1302,0269,0,0,"[48.1725353292508, 13.480684600698929]","[np.float64(49.18866442374592), np.float64(9.325408692768589)]",2026-06-14 09:39:20,591.3260071014031,1,4.197842713064687,325.26677681462843,25.111739975215674,57.0525940427786,5.005876303219473,3,3,3,888,12,0.999537037037037,10.003561488404658,0.8284066330209084,ELECTRE-III,1
1303,0285,0,0,"[48.1725353292508, 13.480684600698929]","[np.float64(50.1189422399863), np.float64(15.55883485367527)]",2026-06-14 09:39:20,560.2738911747381,1,2.394005398597245,263.967134158758,20.82461753911027,59.081525641392986,8.380416422066835,2,2,2,975,14,0.999537037037037,14.377638644289057,1.0,ELECTRE-III,1
1304,0327,0,0,"[48.1725353292508, 13.480684600698929]","[np.float64(48.45757613802337), np.float64(12.03646682992148)]",2026-06-14 09:39:20,469.99904649487576,1,2.8723215732853173,111.39971860513747,9.119231209292307,58.843179360116224,18.878576897456284,4,4,3,1011,13,0.999537037037037,24.875799119678504,0.9149242970439798,ELECTRE-III,1
1305,0403,0,0,"[48.1725353292508, 13.480684600698929]","[np.float64(47.43201384411275), np.float64(16.49871748024867)]",2026-06-14 09:39:20,451.87858574029667,1,7.216325515928374,239.9616679779596,19.07365016983764,61.586763896872796,14.376737372845735,1,1,1,1282,8,0.999537037037037,11.378126261734625,0.5508291276135544,ELECTRE-III,1
1306,0412,0,0,"[48.1725353292508, 13.480684600698929]","[np.float64(49.22689962913111), np.float64(9.615341491960898)]",2026-06-14 09:39:20,887.4148036497544,2,6.573795922891494,306.90135943139126,23.85601969159908,57.16587614525785,15.249437967082546,4,4,3,1019,12,0.999537037037037,5.254067596712176,0.8284066330209084,ELECTRE-III,1
1307,0042,0,0,"[47.578035663892884, 13.247049442402181]","[np.float64(49.43245674210306), np.float64(9.546188210445235)]",2026-06-14 09:39:30,76.33963721426147,1,7.2112329714217855,341.7784102673422,26.21914395859763,57.0126203606611,19.12949665976156,4,4,3,724,6,0.9996527777777777,15.13088554865045,0.3446286950252343,ELECTRE-III,1
1308,0108,0,0,"[47.578035663892884, 13.247049442402181]","[np.float64(47.21736651362233), np.float64(8.004322246917148)]",2026-06-14 09:39:30,832.2743786592074,2,4.089352210769218,396.56806113023924,29.744671718401147,57.6798273897338,9.253117016303648,3,3,3,1035,4,0.9996527777777777,15.251033682970315,0.20908435472242248,ELECTRE-III,1
1309,0134,0,0,"[47.578035663892884, 13.247049442402181]","[np.float64(49.43370209015913), np.float64(9.371792086257077)]",2026-06-14 09:39:30,8.717416112116279,1,2.1581146701249683,352.1829593154026,26.90634653368151,56.92882759992339,22.62765713515101,3,3,3,1153,13,0.9996527777777777,22.62765713515101,0.9149242970439798,ELECTRE-III,1
1310,0155,0,0,"[47.578035663892884, 13.247049442402181]","[np.float64(49.11832800995569), np.float64(8.89064888647059)]",2026-06-14 09:39:30,839.0759190514133,2,5.4004540907160425,364.58484992355494,27.71467023525044,56.90916348530292,14.747598442471997,4,4,3,1482,5,0.9996527777777777,12.748292886916442,0.3193943763518385,ELECTRE-III,1
1311,0199,0,0,"[47.578035663892884, 13.247049442402181]","[np.float64(50.94514176179118), np.float64(12.49247470997162)]",2026-06-14 09:39:30,688.1054681531439,1,7.931275613076025,378.3827846710754,28.60010827285562,57.230998583899336,18.249437967082546,3,3,3,1092,3,0.9996527777777777,12.25152130041588,0.13121845710165825,ELECTRE-III,1
1312,0269,0,0,"[47.578035663892884, 13.247049442402181]","[np.float64(49.18866442374592), np.float64(9.325408692768589)]",2026-06-14 09:39:30,591.3260071014031,1,4.197842713064687,340.44745643958856,26.130642950436478,57.072671383843854,3.0058763032194733,3,3,3,888,12,0.9996527777777777,1.0065707476639179,0.8284066330209084,ELECTRE-III,1
1313,0285,0,0,"[47.578035663892884, 13.247049442402181]","[np.float64(50.1189422399863), np.float64(15.55883485367527)]",2026-06-14 09:39:30,560.2738911747381,1,2.394005398597245,329.2658952644003,25.38183905780194,59.097583416131684,5.380416422066835,2,2,2,975,14,0.9996527777777777,13.377638644289057,1.0,ELECTRE-III,1
1314,0327,0,0,"[47.578035663892884, 13.247049442402181]","[np.float64(48.45757613802337), np.float64(12.03646682992148)]",2026-06-14 09:39:30,469.99904649487576,1,2.8723215732853173,132.93398143320476,10.843519983409848,58.86248147471068,19.878576897456284,4,4,3,1011,13,0.9996527777777777,17.87927134190073,0.9149242970439798,ELECTRE-III,1
1315,0403,0,0,"[47.578035663892884, 13.247049442402181]","[np.float64(47.43201384411275), np.float64(16.49871748024867)]",2026-06-14 09:39:30,451.87858574029667,1,7.216325515928374,244.7704423341812,19.42749962052933,61.60422186039135,20.376737372845735,1,1,1,1282,8,0.9996527777777777,22.37604292840129,0.5508291276135544,ELECTRE-III,1
1316,0412,0,0,"[47.578035663892884, 13.247049442402181]","[np.float64(49.22689962913111), np.float64(9.615341491960898)]",2026-06-14 09:39:30,887.4148036497544,2,6.573795922891494,324.7389515777616,25.076001196111026,57.18579297687761,14.249437967082546,4,4,3,1019,12,0.9996527777777777,14.249437967082546,0.8284066330209084,ELECTRE-III,1
1317,0042,0,0,"[46.983228640022325, 13.017727548566295]","[np.float64(49.43245674210306), np.float64(9.546188210445235)]",2026-06-14 09:39:40,76.33963721426147,1,7.2112329714217855,374.5541159354799,28.355884601369606,57.032386928119124,10.12949665976156,4,4,3,724,6,0.9997685185185186,7.130191104206005,0.3446286950252343,ELECTRE-III,1
1318,0108,0,0,"[46.983228640022325, 13.017727548566295]","[np.float64(47.21736651362233), np.float64(8.004322246917148)]",2026-06-14 09:39:40,832.2743786592074,2,4.089352210769218,380.3026756489704,28.722149260961242,57.702025504536344,7.253117016303648,3,3,3,1035,4,0.9997685185185186,8.252885534822166,0.20908435472242248,ELECTRE-III,1
1319,0134,0,0,"[46.983228640022325, 13.017727548566295]","[np.float64(49.43370209015913), np.float64(9.371792086257077)]",2026-06-14 09:39:40,8.717416112116279,1,2.1581146701249683,383.63165659899033,28.933087576256682,56.948676129651446,20.62765713515101,3,3,3,1153,13,0.9997685185185186,17.628351579595456,0.9149242970439798,ELECTRE-III,1
1320,0155,0,0,"[46.983228640022325, 13.017727548566295]","[np.float64(49.11832800995569), np.float64(8.89064888647059)]",2026-06-14 09:39:40,839.0759190514133,2,5.4004540907160425,387.8118843893788,29.196753425936638,56.92947646789454,13.747598442471997,4,4,3,1482,5,0.9997685185185186,15.747135479509033,0.3193943763518385,ELECTRE-III,1
1321,0269,0,0,"[46.983228640022325, 13.017727548566295]","[np.float64(49.18866442374592), np.float64(9.325408692768589)]",2026-06-14 09:39:40,591.3260071014031,1,4.197842713064687,367.83524617398376,27.924572378717777,57.09273164943618,3.0058763032194733,3,3,3,888,12,0.9997685185185186,5.00541334025651,0.8284066330209084,ELECTRE-III,1
1322,0285,0,0,"[46.983228640022325, 13.017727548566295]","[np.float64(50.1189422399863), np.float64(15.55883485367527)]",2026-06-14 09:39:40,560.2738911747381,1,2.394005398597245,395.6177674275709,29.68549353333217,59.113620700302874,14.380416422066835,2,2,2,975,14,0.9997685185185186,10.38134234799276,1.0,ELECTRE-III,1
1323,0327,0,0,"[46.983228640022325, 13.017727548566295]","[np.float64(48.45757613802337), np.float64(12.03646682992148)]",2026-06-14 09:39:40,469.99904649487576,1,2.8723215732853173,179.61951523090156,14.510748900840017,58.88176309873762,22.878576897456284,4,4,3,1011,13,0.9997685185185186,16.879965786345174,0.9149242970439798,ELECTRE-III,1
1324,0403,0,0,"[46.983228640022325, 13.017727548566295]","[np.float64(47.43201384411275), np.float64(16.49871748024867)]",2026-06-14 09:39:40,451.87858574029667,1,7.216325515928374,267.6218306205315,21.08774825266686,61.62165250315322,21.376737372845735,1,1,1,1282,8,0.9997685185185186,24.37604292840129,0.5508291276135544,ELECTRE-III,1
1325,0412,0,0,"[46.983228640022325, 13.017727548566295]","[np.float64(49.22689962913111), np.float64(9.615341491960898)]",2026-06-14 09:39:40,887.4148036497544,2,6.573795922891494,354.99081676377256,27.09038641251096,57.20568590283527,18.249437967082546,4,4,3,1019,12,0.9997685185185186,20.248975004119583,0.8284066330209084,ELECTRE-III,1
1326,0108,0,0,"[46.38812450292287, 12.792537919178267]","[np.float64(47.21736651362233), np.float64(8.004322246917148)]",2026-06-14 09:39:50,832.2743786592074,2,4.089352210769218,375.86738212647896,28.439782665803275,57.72420312877137,11.253117016303648,3,3,3,1035,4,0.9998842592592593,17.252422571859203,0.20908435472242248,ELECTRE-III,1
1327,0269,0,0,"[46.38812450292287, 12.792537919178267]","[np.float64(49.18866442374592), np.float64(9.325408692768589)]",2026-06-14 09:39:50,591.3260071014031,1,4.197842713064687,404.9622089588214,30.26437503438538,57.112771424461,6.005876303219473,3,3,3,888,12,0.9998842592592593,13.00506611803429,0.8284066330209084,ELECTRE-III,1
1328,0327,0,0,"[46.38812450292287, 12.792537919178267]","[np.float64(48.45757613802337), np.float64(12.03646682992148)]",2026-06-14 09:39:50,469.99904649487576,1,2.8723215732853173,237.03537360889808,18.857577456641813,58.90102423219706,14.878576897456284,4,4,3,1011,13,0.9998842592592593,5.87961856412295,0.9149242970439798,ELECTRE-III,1
1329,0403,0,0,"[46.38812450292287, 12.792537919178267]","[np.float64(47.43201384411275), np.float64(16.49871748024867)]",2026-06-14 09:39:50,451.87858574029667,1,7.216325515928374,304.4805058334179,23.688633352584052,61.639048994969244,17.376737372845735,1,1,1,1282,8,0.9998842592592593,7.377894780253142,0.5508291276135544,ELECTRE-III,1
1330,0412,0,0,"[46.38812450292287, 12.792537919178267]","[np.float64(49.22689962913111), np.float64(9.615341491960898)]",2026-06-14 09:39:50,887.4148036497544,2,6.573795922891494,394.81479232291457,29.635435020691286,57.22556175332001,15.249437967082546,4,4,3,1019,12,0.9998842592592593,22.248627781897362,0.8284066330209084,ELECTRE-III,1
