index,ID,satellite,time,score_scenario,selected
0,0668,0,2026-06-13 10:32:10,0.8003679852805887,0
1,0668,0,2026-06-13 10:32:20,0.8003679852805887,0
2,0668,0,2026-06-13 10:32:30,0.8003679852805887,0
3,0668,0,2026-06-13 10:32:40,0.8003679852805887,0
4,0668,0,2026-06-13 10:32:50,0.8003679852805887,0
5,0668,0,2026-06-13 10:33:00,0.8003679852805887,0
6,0668,0,2026-06-13 10:33:10,0.8003679852805887,0
7,0668,0,2026-06-13 10:33:20,0.8003679852805887,0
8,0668,0,2026-06-13 10:33:30,0.8003679852805887,0
9,0908,0,2026-06-13 10:33:30,0.4363692118981907,0
10,0668,0,2026-06-13 10:33:40,0.8003679852805887,0
11,0908,0,2026-06-13 10:33:40,0.4363692118981907,0
12,0094,0,2026-06-13 10:33:50,0.1536338546458142,0
13,0465,0,2026-06-13 10:33:50,0.2217111315547378,0
14,0668,0,2026-06-13 10:33:50,0.8003679852805887,0
15,0908,0,2026-06-13 10:33:50,0.4363692118981907,0
16,0094,0,2026-06-13 10:34:00,0.1536338546458142,1
17,0465,0,2026-06-13 10:34:00,0.2217111315547378,0
18,0668,0,2026-06-13 10:34:00,0.8003679852805887,0
19,0094,0,2026-06-13 10:34:10,0.1536338546458142,0
20,0459,0,2026-06-13 10:34:10,0.3422263109475621,1
21,0465,0,2026-06-13 10:34:10,0.2217111315547378,0
22,0094,0,2026-06-13 10:34:20,0.1536338546458142,0
23,0459,0,2026-06-13 10:34:20,0.3422263109475621,0
24,0465,0,2026-06-13 10:34:20,0.2217111315547378,0
25,0542,0,2026-06-13 10:34:20,0.4363692118981907,1
26,0094,0,2026-06-13 10:34:30,0.1536338546458142,0
27,0280,0,2026-06-13 10:34:30,0.2217111315547378,0
28,0459,0,2026-06-13 10:34:30,0.3422263109475621,0
29,0465,0,2026-06-13 10:34:30,0.2217111315547378,0
30,0542,0,2026-06-13 10:34:30,0.4363692118981907,0
31,0940,0,2026-06-13 10:34:30,0.9429622815087396,0
32,0094,0,2026-06-13 10:34:40,0.1536338546458142,0
33,0280,0,2026-06-13 10:34:40,0.2217111315547378,0
34,0459,0,2026-06-13 10:34:40,0.3422263109475621,1
35,0465,0,2026-06-13 10:34:40,0.2217111315547378,0
36,0542,0,2026-06-13 10:34:40,0.4363692118981907,0
37,0940,0,2026-06-13 10:34:40,0.9429622815087396,0
38,0094,0,2026-06-13 10:34:50,0.1536338546458142,0
39,0280,0,2026-06-13 10:34:50,0.2217111315547378,1
40,0459,0,2026-06-13 10:34:50,0.3422263109475621,0
41,0465,0,2026-06-13 10:34:50,0.2217111315547378,0
42,0542,0,2026-06-13 10:34:50,0.4363692118981907,0
43,0940,0,2026-06-13 10:34:50,0.9429622815087396,0
44,0094,0,2026-06-13 10:35:00,0.1536338546458142,0
45,0280,0,2026-06-13 10:35:00,0.2217111315547378,0
46,0459,0,2026-06-13 10:35:00,0.3422263109475621,0
47,0465,0,2026-06-13 10:35:00,0.2217111315547378,0
48,0542,0,2026-06-13 10:35:00,0.4363692118981907,0
49,0940,0,2026-06-13 10:35:00,0.9429622815087396,0
50,0094,0,2026-06-13 10:35:10,0.1536338546458142,0
51,0280,0,2026-06-13 10:35:10,0.2217111315547378,0
52,0459,0,2026-06-13 10:35:10,0.3422263109475621,0
53,0465,0,2026-06-13 10:35:10,0.2217111315547378,0
54,0542,0,2026-06-13 10:35:10,0.4363692118981907,0
55,0561,0,2026-06-13 10:35:10,0.8613922109782275,0
56,0853,0,2026-06-13 10:35:10,0.1536338546458142,0
57,0940,0,2026-06-13 10:35:10,0.9429622815087396,0
58,0094,0,2026-06-13 10:35:20,0.1536338546458142,0
59,0280,0,2026-06-13 10:35:20,0.2217111315547378,0
60,0459,0,2026-06-13 10:35:20,0.3422263109475621,0
61,0465,0,2026-06-13 10:35:20,0.2217111315547378,0
62,0542,0,2026-06-13 10:35:20,0.4363692118981907,0
63,0561,0,2026-06-13 10:35:20,0.8613922109782275,0
64,0853,0,2026-06-13 10:35:20,0.1536338546458142,1
65,0940,0,2026-06-13 10:35:20,0.9429622815087396,0
66,0280,0,2026-06-13 10:35:30,0.2217111315547378,0
67,0459,0,2026-06-13 10:35:30,0.3422263109475621,0
68,0542,0,2026-06-13 10:35:30,0.4363692118981907,0
69,0561,0,2026-06-13 10:35:30,0.8613922109782275,0
70,0940,0,2026-06-13 10:35:30,0.9429622815087396,0
71,0280,0,2026-06-13 10:35:40,0.2217111315547378,0
72,0459,0,2026-06-13 10:35:40,0.3422263109475621,0
73,0542,0,2026-06-13 10:35:40,0.4363692118981907,0
74,0561,0,2026-06-13 10:35:40,0.8613922109782275,0
75,0940,0,2026-06-13 10:35:40,0.9429622815087396,0
76,0139,0,2026-06-13 10:35:50,0.3422263109475621,1
77,0280,0,2026-06-13 10:35:50,0.2217111315547378,0
78,0459,0,2026-06-13 10:35:50,0.3422263109475621,0
79,0561,0,2026-06-13 10:35:50,0.8613922109782275,0
80,0940,0,2026-06-13 10:35:50,0.9429622815087396,0
81,0139,0,2026-06-13 10:36:00,0.3422263109475621,0
82,0280,0,2026-06-13 10:36:00,0.2217111315547378,0
83,0561,0,2026-06-13 10:36:00,0.8613922109782275,0
84,0940,0,2026-06-13 10:36:00,0.9429622815087396,0
85,0139,0,2026-06-13 10:36:10,0.3422263109475621,0
86,0561,0,2026-06-13 10:36:10,0.8613922109782275,0
87,0940,0,2026-06-13 10:36:10,0.9429622815087396,0
88,0139,0,2026-06-13 10:36:20,0.3422263109475621,0
89,0561,0,2026-06-13 10:36:20,0.8613922109782275,0
90,0139,0,2026-06-13 10:36:30,0.3422263109475621,0
91,0139,0,2026-06-13 10:36:40,0.3422263109475621,0
92,0139,0,2026-06-13 10:36:50,0.3422263109475621,0
93,0139,0,2026-06-13 10:37:00,0.3422263109475621,0
94,0371,0,2026-06-13 10:37:00,0.9429622815087396,1
95,0139,0,2026-06-13 10:37:10,0.3422263109475621,0
96,0371,0,2026-06-13 10:37:10,0.9429622815087396,0
97,0139,0,2026-06-13 10:37:20,0.3422263109475621,0
98,0371,0,2026-06-13 10:37:20,0.9429622815087396,0
99,0864,0,2026-06-13 10:37:20,0.5338853112542165,0
100,0139,0,2026-06-13 10:37:30,0.3422263109475621,0
101,0371,0,2026-06-13 10:37:30,0.9429622815087396,0
102,0562,0,2026-06-13 10:37:30,0.0981294081570070,0
103,0692,0,2026-06-13 10:37:30,0.3422263109475621,0
104,0864,0,2026-06-13 10:37:30,0.5338853112542165,0
105,0139,0,2026-06-13 10:37:40,0.3422263109475621,0
106,0371,0,2026-06-13 10:37:40,0.9429622815087396,0
107,0562,0,2026-06-13 10:37:40,0.0981294081570070,0
108,0692,0,2026-06-13 10:37:40,0.3422263109475621,1
109,0864,0,2026-06-13 10:37:40,0.5338853112542165,0
110,0371,0,2026-06-13 10:37:50,0.9429622815087396,0
111,0536,0,2026-06-13 10:37:50,0.8613922109782275,0
112,0562,0,2026-06-13 10:37:50,0.0981294081570070,0
113,0692,0,2026-06-13 10:37:50,0.3422263109475621,0
114,0864,0,2026-06-13 10:37:50,0.5338853112542165,0
115,0371,0,2026-06-13 10:38:00,0.9429622815087396,0
116,0536,0,2026-06-13 10:38:00,0.8613922109782275,0
117,0562,0,2026-06-13 10:38:00,0.0981294081570070,0
118,0692,0,2026-06-13 10:38:00,0.3422263109475621,0
119,0864,0,2026-06-13 10:38:00,0.5338853112542165,0
120,0371,0,2026-06-13 10:38:10,0.9429622815087396,0
121,0518,0,2026-06-13 10:38:10,0.6721864458754984,0
122,0536,0,2026-06-13 10:38:10,0.8613922109782275,1
123,0562,0,2026-06-13 10:38:10,0.0981294081570070,0
124,0692,0,2026-06-13 10:38:10,0.3422263109475621,0
125,0864,0,2026-06-13 10:38:10,0.5338853112542165,0
126,0371,0,2026-06-13 10:38:20,0.9429622815087396,0
127,0518,0,2026-06-13 10:38:20,0.6721864458754984,1
128,0536,0,2026-06-13 10:38:20,0.8613922109782275,0
129,0562,0,2026-06-13 10:38:20,0.0981294081570070,0
130,0692,0,2026-06-13 10:38:20,0.3422263109475621,0
131,0864,0,2026-06-13 10:38:20,0.5338853112542165,0
132,0371,0,2026-06-13 10:38:30,0.9429622815087396,0
133,0518,0,2026-06-13 10:38:30,0.6721864458754984,0
134,0536,0,2026-06-13 10:38:30,0.8613922109782275,0
135,0562,0,2026-06-13 10:38:30,0.0981294081570070,0
136,0692,0,2026-06-13 10:38:30,0.3422263109475621,0
137,0846,0,2026-06-13 10:38:30,0.9429622815087396,0
138,0864,0,2026-06-13 10:38:30,0.5338853112542165,0
139,0371,0,2026-06-13 10:38:40,0.9429622815087396,0
140,0518,0,2026-06-13 10:38:40,0.6721864458754984,0
141,0536,0,2026-06-13 10:38:40,0.8613922109782275,1
142,0562,0,2026-06-13 10:38:40,0.0981294081570070,0
143,0692,0,2026-06-13 10:38:40,0.3422263109475621,0
144,0846,0,2026-06-13 10:38:40,0.9429622815087396,0
145,0863,0,2026-06-13 10:38:40,0.9429622815087396,0
146,0864,0,2026-06-13 10:38:40,0.5338853112542165,0
147,0993,0,2026-06-13 10:38:40,0.6721864458754984,0
148,0371,0,2026-06-13 10:38:50,0.9429622815087396,0
149,0518,0,2026-06-13 10:38:50,0.6721864458754984,0
150,0536,0,2026-06-13 10:38:50,0.8613922109782275,0
151,0562,0,2026-06-13 10:38:50,0.0981294081570070,0
152,0692,0,2026-06-13 10:38:50,0.3422263109475621,0
153,0846,0,2026-06-13 10:38:50,0.9429622815087396,0
154,0863,0,2026-06-13 10:38:50,0.9429622815087396,0
155,0864,0,2026-06-13 10:38:50,0.5338853112542165,0
156,0993,0,2026-06-13 10:38:50,0.6721864458754984,0
157,0518,0,2026-06-13 10:39:00,0.6721864458754984,0
158,0536,0,2026-06-13 10:39:00,0.8613922109782275,0
159,0562,0,2026-06-13 10:39:00,0.0981294081570070,0
160,0692,0,2026-06-13 10:39:00,0.3422263109475621,0
161,0846,0,2026-06-13 10:39:00,0.9429622815087396,0
162,0863,0,2026-06-13 10:39:00,0.9429622815087396,0
163,0993,0,2026-06-13 10:39:00,0.6721864458754984,0
164,0518,0,2026-06-13 10:39:10,0.6721864458754984,0
165,0533,0,2026-06-13 10:39:10,0.7200245323520392,0
166,0536,0,2026-06-13 10:39:10,0.8613922109782275,0
167,0562,0,2026-06-13 10:39:10,0.0981294081570070,0
168,0692,0,2026-06-13 10:39:10,0.3422263109475621,0
169,0846,0,2026-06-13 10:39:10,0.9429622815087396,0
170,0863,0,2026-06-13 10:39:10,0.9429622815087396,0
171,0993,0,2026-06-13 10:39:10,0.6721864458754984,1
172,0518,0,2026-06-13 10:39:20,0.6721864458754984,0
173,0533,0,2026-06-13 10:39:20,0.7200245323520392,0
174,0562,0,2026-06-13 10:39:20,0.0981294081570070,0
175,0692,0,2026-06-13 10:39:20,0.3422263109475621,0
176,0846,0,2026-06-13 10:39:20,0.9429622815087396,0
177,0863,0,2026-06-13 10:39:20,0.9429622815087396,0
178,0993,0,2026-06-13 10:39:20,0.6721864458754984,0
179,0518,0,2026-06-13 10:39:30,0.6721864458754984,0
180,0533,0,2026-06-13 10:39:30,0.7200245323520392,0
181,0846,0,2026-06-13 10:39:30,0.9429622815087396,0
182,0863,0,2026-06-13 10:39:30,0.9429622815087396,0
183,0993,0,2026-06-13 10:39:30,0.6721864458754984,0
184,0518,0,2026-06-13 10:39:40,0.6721864458754984,0
185,0603,0,2026-06-13 10:39:40,0.8613922109782275,0
186,0846,0,2026-06-13 10:39:40,0.9429622815087396,0
187,0863,0,2026-06-13 10:39:40,0.9429622815087396,1
188,0993,0,2026-06-13 10:39:40,0.6721864458754984,0
189,0603,0,2026-06-13 10:39:50,0.8613922109782275,0
190,0846,0,2026-06-13 10:39:50,0.9429622815087396,0
191,0863,0,2026-06-13 10:39:50,0.9429622815087396,1
192,0993,0,2026-06-13 10:39:50,0.6721864458754984,0
193,0603,0,2026-06-13 10:40:00,0.8613922109782275,0
194,0846,0,2026-06-13 10:40:00,0.9429622815087396,0
195,0863,0,2026-06-13 10:40:00,0.9429622815087396,0
196,0993,0,2026-06-13 10:40:00,0.6721864458754984,0
197,0603,0,2026-06-13 10:40:10,0.8613922109782275,0
198,0846,0,2026-06-13 10:40:10,0.9429622815087396,0
199,0863,0,2026-06-13 10:40:10,0.9429622815087396,0
200,0993,0,2026-06-13 10:40:10,0.6721864458754984,0
201,0603,0,2026-06-13 10:40:20,0.8613922109782275,0
202,0846,0,2026-06-13 10:40:20,0.9429622815087396,0
203,0863,0,2026-06-13 10:40:20,0.9429622815087396,0
204,0993,0,2026-06-13 10:40:20,0.6721864458754984,0
205,0996,0,2026-06-13 10:40:20,1.0000000000000000,0
206,0603,0,2026-06-13 10:40:30,0.8613922109782275,0
207,0993,0,2026-06-13 10:40:30,0.6721864458754984,0
208,0996,0,2026-06-13 10:40:30,1.0000000000000000,0
209,0603,0,2026-06-13 10:40:40,0.8613922109782275,1
210,0996,0,2026-06-13 10:40:40,1.0000000000000000,0
211,0520,0,2026-06-13 10:40:50,0.0981294081570070,0
212,0603,0,2026-06-13 10:40:50,0.8613922109782275,0
213,0996,0,2026-06-13 10:40:50,1.0000000000000000,0
214,0520,0,2026-06-13 10:41:00,0.0981294081570070,0
215,0603,0,2026-06-13 10:41:00,0.8613922109782275,0
216,0996,0,2026-06-13 10:41:00,1.0000000000000000,0
217,0520,0,2026-06-13 10:41:10,0.0981294081570070,0
218,0603,0,2026-06-13 10:41:10,0.8613922109782275,0
219,0996,0,2026-06-13 10:41:10,1.0000000000000000,0
220,0520,0,2026-06-13 10:41:20,0.0981294081570070,0
221,0603,0,2026-06-13 10:41:20,0.8613922109782275,0
222,0996,0,2026-06-13 10:41:20,1.0000000000000000,0
223,0520,0,2026-06-13 10:41:30,0.0981294081570070,0
224,0603,0,2026-06-13 10:41:30,0.8613922109782275,0
225,0996,0,2026-06-13 10:41:30,1.0000000000000000,0
226,0520,0,2026-06-13 10:41:40,0.0981294081570070,0
227,0996,0,2026-06-13 10:41:40,1.0000000000000000,0
228,0520,0,2026-06-13 10:41:50,0.0981294081570070,0
229,0996,0,2026-06-13 10:41:50,1.0000000000000000,0
230,0520,0,2026-06-13 10:42:00,0.0981294081570070,0
231,0996,0,2026-06-13 10:42:00,1.0000000000000000,0
232,0290,0,2026-06-13 10:44:30,1.0000000000000000,0
233,0290,0,2026-06-13 10:44:40,1.0000000000000000,0
234,0290,0,2026-06-13 10:44:50,1.0000000000000000,0
235,0290,0,2026-06-13 10:45:00,1.0000000000000000,0
236,0290,0,2026-06-13 10:45:10,1.0000000000000000,0
237,0290,0,2026-06-13 10:45:20,1.0000000000000000,0
238,0290,0,2026-06-13 10:45:30,1.0000000000000000,0
239,0290,0,2026-06-13 10:45:40,1.0000000000000000,0
240,0290,0,2026-06-13 10:45:50,1.0000000000000000,1
241,0445,0,2026-06-13 10:46:10,0.3422263109475621,0
242,0445,0,2026-06-13 10:46:20,0.3422263109475621,0
243,0464,0,2026-06-13 10:46:20,0.9429622815087396,0
244,0445,0,2026-06-13 10:46:30,0.3422263109475621,0
245,0464,0,2026-06-13 10:46:30,0.9429622815087396,0
246,0445,0,2026-06-13 10:46:40,0.3422263109475621,0
247,0464,0,2026-06-13 10:46:40,0.9429622815087396,0
248,0445,0,2026-06-13 10:46:50,0.3422263109475621,1
249,0464,0,2026-06-13 10:46:50,0.9429622815087396,0
250,0445,0,2026-06-13 10:47:00,0.3422263109475621,0
251,0464,0,2026-06-13 10:47:00,0.9429622815087396,0
252,0445,0,2026-06-13 10:47:10,0.3422263109475621,0
253,0464,0,2026-06-13 10:47:10,0.9429622815087396,0
254,0445,0,2026-06-13 10:47:20,0.3422263109475621,1
255,0464,0,2026-06-13 10:47:20,0.9429622815087396,0
256,0445,0,2026-06-13 10:47:30,0.3422263109475621,0
257,0464,0,2026-06-13 10:47:30,0.9429622815087396,0
258,0843,0,2026-06-13 10:47:30,0.0981294081570070,0
259,0445,0,2026-06-13 10:47:40,0.3422263109475621,0
260,0464,0,2026-06-13 10:47:40,0.9429622815087396,0
261,0843,0,2026-06-13 10:47:40,0.0981294081570070,0
262,0464,0,2026-06-13 10:47:50,0.9429622815087396,0
263,0843,0,2026-06-13 10:47:50,0.0981294081570070,0
264,0464,0,2026-06-13 10:48:00,0.9429622815087396,0
265,0843,0,2026-06-13 10:48:00,0.0981294081570070,0
266,0843,0,2026-06-13 10:48:10,0.0981294081570070,0
267,0843,0,2026-06-13 10:48:20,0.0981294081570070,0
268,0843,0,2026-06-13 10:48:30,0.0981294081570070,1
269,0843,0,2026-06-13 10:48:40,0.0981294081570070,0
270,0843,0,2026-06-13 10:48:50,0.0981294081570070,0
271,0147,0,2026-06-13 12:29:00,0.6721864458754984,0
272,0434,0,2026-06-13 12:29:00,1.0000000000000000,0
273,0147,0,2026-06-13 12:29:10,0.6721864458754984,0
274,0434,0,2026-06-13 12:29:10,1.0000000000000000,0
275,0147,0,2026-06-13 12:29:20,0.6721864458754984,0
276,0434,0,2026-06-13 12:29:20,1.0000000000000000,0
277,0147,0,2026-06-13 12:29:30,0.6721864458754984,0
278,0434,0,2026-06-13 12:29:30,1.0000000000000000,0
279,0147,0,2026-06-13 12:29:40,0.6721864458754984,0
280,0434,0,2026-06-13 12:29:40,1.0000000000000000,0
281,0147,0,2026-06-13 12:29:50,0.6721864458754984,0
282,0434,0,2026-06-13 12:29:50,1.0000000000000000,0
283,0147,0,2026-06-13 12:30:00,0.6721864458754984,0
284,0434,0,2026-06-13 12:30:00,1.0000000000000000,1
285,0587,0,2026-06-13 12:30:00,0.4363692118981907,0
286,0147,0,2026-06-13 12:30:10,0.6721864458754984,1
287,0434,0,2026-06-13 12:30:10,1.0000000000000000,0
288,0587,0,2026-06-13 12:30:10,0.4363692118981907,0
289,0147,0,2026-06-13 12:30:20,0.6721864458754984,0
290,0434,0,2026-06-13 12:30:20,1.0000000000000000,0
291,0587,0,2026-06-13 12:30:20,0.4363692118981907,0
292,0147,0,2026-06-13 12:30:30,0.6721864458754984,0
293,0434,0,2026-06-13 12:30:30,1.0000000000000000,1
294,0607,0,2026-06-13 12:30:30,0.9429622815087396,0
295,0434,0,2026-06-13 12:30:40,1.0000000000000000,0
296,0607,0,2026-06-13 12:30:40,0.9429622815087396,0
297,0607,0,2026-06-13 12:30:50,0.9429622815087396,0
298,0607,0,2026-06-13 12:31:00,0.9429622815087396,1
299,0117,0,2026-06-13 12:31:10,0.0981294081570070,0
300,0607,0,2026-06-13 12:31:10,0.9429622815087396,0
301,0117,0,2026-06-13 12:31:20,0.0981294081570070,0
302,0607,0,2026-06-13 12:31:20,0.9429622815087396,0
303,0117,0,2026-06-13 12:31:30,0.0981294081570070,0
304,0117,0,2026-06-13 12:31:40,0.0981294081570070,0
305,0117,0,2026-06-13 12:31:50,0.0981294081570070,1
306,0117,0,2026-06-13 12:32:00,0.0981294081570070,0
307,0117,0,2026-06-13 12:32:10,0.0981294081570070,0
308,0117,0,2026-06-13 12:32:20,0.0981294081570070,1
309,0117,0,2026-06-13 12:32:30,0.0981294081570070,0
310,0055,0,2026-06-13 12:32:40,0.7200245323520392,0
311,0117,0,2026-06-13 12:32:40,0.0981294081570070,0
312,0055,0,2026-06-13 12:32:50,0.7200245323520392,1
313,0055,0,2026-06-13 12:33:00,0.7200245323520392,0
314,0055,0,2026-06-13 12:33:10,0.7200245323520392,0
315,0055,0,2026-06-13 12:33:20,0.7200245323520392,1
316,0116,0,2026-06-13 12:33:20,0.2217111315547378,0
317,0055,0,2026-06-13 12:33:30,0.7200245323520392,0
318,0116,0,2026-06-13 12:33:30,0.2217111315547378,0
319,0010,0,2026-06-13 12:33:40,0.6721864458754984,0
320,0055,0,2026-06-13 12:33:40,0.7200245323520392,0
321,0116,0,2026-06-13 12:33:40,0.2217111315547378,1
322,0010,0,2026-06-13 12:33:50,0.6721864458754984,0
323,0020,0,2026-06-13 12:33:50,0.4363692118981907,0
324,0055,0,2026-06-13 12:33:50,0.7200245323520392,0
325,0116,0,2026-06-13 12:33:50,0.2217111315547378,0
326,0953,0,2026-06-13 12:33:50,0.8003679852805887,0
327,0010,0,2026-06-13 12:34:00,0.6721864458754984,0
328,0020,0,2026-06-13 12:34:00,0.4363692118981907,0
329,0055,0,2026-06-13 12:34:00,0.7200245323520392,0
330,0116,0,2026-06-13 12:34:00,0.2217111315547378,0
331,0555,0,2026-06-13 12:34:00,0.0981294081570070,0
332,0691,0,2026-06-13 12:34:00,0.4363692118981907,0
333,0953,0,2026-06-13 12:34:00,0.8003679852805887,1
334,0010,0,2026-06-13 12:34:10,0.6721864458754984,0
335,0014,0,2026-06-13 12:34:10,0.5338853112542165,0
336,0020,0,2026-06-13 12:34:10,0.4363692118981907,0
337,0055,0,2026-06-13 12:34:10,0.7200245323520392,0
338,0077,0,2026-06-13 12:34:10,0.5338853112542165,1
339,0116,0,2026-06-13 12:34:10,0.2217111315547378,0
340,0555,0,2026-06-13 12:34:10,0.0981294081570070,0
341,0691,0,2026-06-13 12:34:10,0.4363692118981907,0
342,0953,0,2026-06-13 12:34:10,0.8003679852805887,0
343,0010,0,2026-06-13 12:34:20,0.6721864458754984,0
344,0014,0,2026-06-13 12:34:20,0.5338853112542165,0
345,0020,0,2026-06-13 12:34:20,0.4363692118981907,0
346,0077,0,2026-06-13 12:34:20,0.5338853112542165,0
347,0116,0,2026-06-13 12:34:20,0.2217111315547378,0
348,0131,0,2026-06-13 12:34:20,0.5338853112542165,0
349,0555,0,2026-06-13 12:34:20,0.0981294081570070,0
350,0691,0,2026-06-13 12:34:20,0.4363692118981907,0
351,0953,0,2026-06-13 12:34:20,0.8003679852805887,0
352,0010,0,2026-06-13 12:34:30,0.6721864458754984,1
353,0014,0,2026-06-13 12:34:30,0.5338853112542165,0
354,0020,0,2026-06-13 12:34:30,0.4363692118981907,0
355,0063,0,2026-06-13 12:34:30,0.8003679852805887,0
356,0077,0,2026-06-13 12:34:30,0.5338853112542165,0
357,0116,0,2026-06-13 12:34:30,0.2217111315547378,0
358,0131,0,2026-06-13 12:34:30,0.5338853112542165,0
359,0555,0,2026-06-13 12:34:30,0.0981294081570070,0
360,0691,0,2026-06-13 12:34:30,0.4363692118981907,0
361,0953,0,2026-06-13 12:34:30,0.8003679852805887,0
362,0010,0,2026-06-13 12:34:40,0.6721864458754984,1
363,0014,0,2026-06-13 12:34:40,0.5338853112542165,0
364,0020,0,2026-06-13 12:34:40,0.4363692118981907,0
365,0063,0,2026-06-13 12:34:40,0.8003679852805887,0
366,0077,0,2026-06-13 12:34:40,0.5338853112542165,0
367,0116,0,2026-06-13 12:34:40,0.2217111315547378,0
368,0131,0,2026-06-13 12:34:40,0.5338853112542165,0
369,0555,0,2026-06-13 12:34:40,0.0981294081570070,0
370,0691,0,2026-06-13 12:34:40,0.4363692118981907,0
371,0953,0,2026-06-13 12:34:40,0.8003679852805887,0
372,0010,0,2026-06-13 12:34:50,0.6721864458754984,0
373,0014,0,2026-06-13 12:34:50,0.5338853112542165,0
374,0020,0,2026-06-13 12:34:50,0.4363692118981907,0
375,0063,0,2026-06-13 12:34:50,0.8003679852805887,0
376,0077,0,2026-06-13 12:34:50,0.5338853112542165,0
377,0116,0,2026-06-13 12:34:50,0.2217111315547378,0
378,0131,0,2026-06-13 12:34:50,0.5338853112542165,0
379,0555,0,2026-06-13 12:34:50,0.0981294081570070,0
380,0691,0,2026-06-13 12:34:50,0.4363692118981907,0
381,0953,0,2026-06-13 12:34:50,0.8003679852805887,0
382,0010,0,2026-06-13 12:35:00,0.6721864458754984,0
383,0014,0,2026-06-13 12:35:00,0.5338853112542165,0
384,0020,0,2026-06-13 12:35:00,0.4363692118981907,0
385,0063,0,2026-06-13 12:35:00,0.8003679852805887,0
386,0077,0,2026-06-13 12:35:00,0.5338853112542165,0
387,0116,0,2026-06-13 12:35:00,0.2217111315547378,0
388,0131,0,2026-06-13 12:35:00,0.5338853112542165,0
389,0555,0,2026-06-13 12:35:00,0.0981294081570070,0
390,0691,0,2026-06-13 12:35:00,0.4363692118981907,0
391,0953,0,2026-06-13 12:35:00,0.8003679852805887,1
392,0014,0,2026-06-13 12:35:10,0.5338853112542165,0
393,0063,0,2026-06-13 12:35:10,0.8003679852805887,0
394,0077,0,2026-06-13 12:35:10,0.5338853112542165,0
395,0131,0,2026-06-13 12:35:10,0.5338853112542165,0
396,0555,0,2026-06-13 12:35:10,0.0981294081570070,0
397,0691,0,2026-06-13 12:35:10,0.4363692118981907,1
398,0953,0,2026-06-13 12:35:10,0.8003679852805887,0
399,0014,0,2026-06-13 12:35:20,0.5338853112542165,0
400,0063,0,2026-06-13 12:35:20,0.8003679852805887,0
401,0077,0,2026-06-13 12:35:20,0.5338853112542165,0
402,0131,0,2026-06-13 12:35:20,0.5338853112542165,1
403,0555,0,2026-06-13 12:35:20,0.0981294081570070,0
404,0691,0,2026-06-13 12:35:20,0.4363692118981907,0
405,0834,0,2026-06-13 12:35:20,0.4363692118981907,0
406,0953,0,2026-06-13 12:35:20,0.8003679852805887,0
407,0014,0,2026-06-13 12:35:30,0.5338853112542165,0
408,0063,0,2026-06-13 12:35:30,0.8003679852805887,0
409,0077,0,2026-06-13 12:35:30,0.5338853112542165,0
410,0131,0,2026-06-13 12:35:30,0.5338853112542165,0
411,0555,0,2026-06-13 12:35:30,0.0981294081570070,0
412,0691,0,2026-06-13 12:35:30,0.4363692118981907,0
413,0834,0,2026-06-13 12:35:30,0.4363692118981907,0
414,0953,0,2026-06-13 12:35:30,0.8003679852805887,0
415,0014,0,2026-06-13 12:35:40,0.5338853112542165,1
416,0063,0,2026-06-13 12:35:40,0.8003679852805887,0
417,0077,0,2026-06-13 12:35:40,0.5338853112542165,0
418,0131,0,2026-06-13 12:35:40,0.5338853112542165,0
419,0555,0,2026-06-13 12:35:40,0.0981294081570070,0
420,0691,0,2026-06-13 12:35:40,0.4363692118981907,0
421,0834,0,2026-06-13 12:35:40,0.4363692118981907,0
422,0953,0,2026-06-13 12:35:40,0.8003679852805887,0
423,0014,0,2026-06-13 12:35:50,0.5338853112542165,0
424,0063,0,2026-06-13 12:35:50,0.8003679852805887,0
425,0077,0,2026-06-13 12:35:50,0.5338853112542165,0
426,0131,0,2026-06-13 12:35:50,0.5338853112542165,0
427,0555,0,2026-06-13 12:35:50,0.0981294081570070,0
428,0691,0,2026-06-13 12:35:50,0.4363692118981907,0
429,0834,0,2026-06-13 12:35:50,0.4363692118981907,0
430,0077,0,2026-06-13 12:36:00,0.5338853112542165,0
431,0131,0,2026-06-13 12:36:00,0.5338853112542165,0
432,0131,0,2026-06-13 12:36:10,0.5338853112542165,0
433,0322,0,2026-06-13 14:04:10,0.3422263109475621,0
434,0322,0,2026-06-13 14:04:20,0.3422263109475621,0
435,0322,0,2026-06-13 14:04:30,0.3422263109475621,0
436,0322,0,2026-06-13 14:04:40,0.3422263109475621,0
437,0322,0,2026-06-13 14:04:50,0.3422263109475621,0
438,0322,0,2026-06-13 14:05:00,0.3422263109475621,0
439,0322,0,2026-06-13 14:05:10,0.3422263109475621,0
440,0322,0,2026-06-13 14:05:20,0.3422263109475621,0
441,0322,0,2026-06-13 14:05:30,0.3422263109475621,0
442,0608,0,2026-06-13 14:11:10,0.0981294081570070,0
443,0283,0,2026-06-13 14:11:20,0.6041091689665746,0
444,0608,0,2026-06-13 14:11:20,0.0981294081570070,0
445,0283,0,2026-06-13 14:11:30,0.6041091689665746,1
446,0608,0,2026-06-13 14:11:30,0.0981294081570070,0
447,0283,0,2026-06-13 14:11:40,0.6041091689665746,0
448,0608,0,2026-06-13 14:11:40,0.0981294081570070,0
449,0283,0,2026-06-13 14:11:50,0.6041091689665746,0
450,0608,0,2026-06-13 14:11:50,0.0981294081570070,0
451,0283,0,2026-06-13 14:12:00,0.6041091689665746,0
452,0608,0,2026-06-13 14:12:00,0.0981294081570070,0
453,0283,0,2026-06-13 14:12:10,0.6041091689665746,0
454,0608,0,2026-06-13 14:12:10,0.0981294081570070,0
455,0283,0,2026-06-13 14:12:20,0.6041091689665746,0
456,0608,0,2026-06-13 14:12:20,0.0981294081570070,1
457,0283,0,2026-06-13 14:12:30,0.6041091689665746,0
458,0608,0,2026-06-13 14:12:30,0.0981294081570070,0
459,0712,0,2026-06-13 14:12:30,0.2217111315547378,0
460,0283,0,2026-06-13 14:12:40,0.6041091689665746,0
461,0608,0,2026-06-13 14:12:40,0.0981294081570070,0
462,0712,0,2026-06-13 14:12:40,0.2217111315547378,0
463,0283,0,2026-06-13 14:12:50,0.6041091689665746,0
464,0608,0,2026-06-13 14:12:50,0.0981294081570070,0
465,0712,0,2026-06-13 14:12:50,0.2217111315547378,0
466,0283,0,2026-06-13 14:13:00,0.6041091689665746,0
467,0608,0,2026-06-13 14:13:00,0.0981294081570070,0
468,0712,0,2026-06-13 14:13:00,0.2217111315547378,0
469,0283,0,2026-06-13 14:13:10,0.6041091689665746,0
470,0712,0,2026-06-13 14:13:10,0.2217111315547378,1
471,0712,0,2026-06-13 14:13:20,0.2217111315547378,0
472,0313,0,2026-06-13 14:13:30,0.1536338546458142,0
473,0712,0,2026-06-13 14:13:30,0.2217111315547378,0
474,0313,0,2026-06-13 14:13:40,0.1536338546458142,0
475,0712,0,2026-06-13 14:13:40,0.2217111315547378,0
476,0313,0,2026-06-13 14:13:50,0.1536338546458142,0
477,0712,0,2026-06-13 14:13:50,0.2217111315547378,0
478,0313,0,2026-06-13 14:14:00,0.1536338546458142,0
479,0313,0,2026-06-13 14:14:10,0.1536338546458142,1
480,0313,0,2026-06-13 14:14:20,0.1536338546458142,0
481,0313,0,2026-06-13 14:14:30,0.1536338546458142,0
482,0313,0,2026-06-13 14:14:40,0.1536338546458142,0
483,0463,0,2026-06-13 14:14:40,0.2217111315547378,0
484,0463,0,2026-06-13 14:14:50,0.2217111315547378,1
485,0463,0,2026-06-13 14:15:00,0.2217111315547378,0
486,0463,0,2026-06-13 14:15:10,0.2217111315547378,0
487,0463,0,2026-06-13 14:15:20,0.2217111315547378,0
488,0463,0,2026-06-13 14:15:30,0.2217111315547378,0
489,0463,0,2026-06-13 14:15:40,0.2217111315547378,0
490,0677,0,2026-06-13 14:15:40,0.4363692118981907,0
491,0304,0,2026-06-13 14:15:50,0.6721864458754984,0
492,0463,0,2026-06-13 14:15:50,0.2217111315547378,1
493,0677,0,2026-06-13 14:15:50,0.4363692118981907,0
494,0304,0,2026-06-13 14:16:00,0.6721864458754984,0
495,0463,0,2026-06-13 14:16:00,0.2217111315547378,0
496,0677,0,2026-06-13 14:16:00,0.4363692118981907,0
497,0304,0,2026-06-13 14:16:10,0.6721864458754984,0
498,0463,0,2026-06-13 14:16:10,0.2217111315547378,0
499,0677,0,2026-06-13 14:16:10,0.4363692118981907,0
500,0857,0,2026-06-13 14:16:10,0.9429622815087396,0
501,0304,0,2026-06-13 14:16:20,0.6721864458754984,0
502,0381,0,2026-06-13 14:16:20,0.5338853112542165,0
503,0677,0,2026-06-13 14:16:20,0.4363692118981907,0
504,0857,0,2026-06-13 14:16:20,0.9429622815087396,1
505,0304,0,2026-06-13 14:16:30,0.6721864458754984,0
506,0381,0,2026-06-13 14:16:30,0.5338853112542165,0
507,0677,0,2026-06-13 14:16:30,0.4363692118981907,0
508,0857,0,2026-06-13 14:16:30,0.9429622815087396,0
509,0304,0,2026-06-13 14:16:40,0.6721864458754984,0
510,0381,0,2026-06-13 14:16:40,0.5338853112542165,0
511,0677,0,2026-06-13 14:16:40,0.4363692118981907,0
512,0857,0,2026-06-13 14:16:40,0.9429622815087396,0
513,0304,0,2026-06-13 14:16:50,0.6721864458754984,0
514,0381,0,2026-06-13 14:16:50,0.5338853112542165,0
515,0677,0,2026-06-13 14:16:50,0.4363692118981907,1
516,0857,0,2026-06-13 14:16:50,0.9429622815087396,0
517,0304,0,2026-06-13 14:17:00,0.6721864458754984,0
518,0381,0,2026-06-13 14:17:00,0.5338853112542165,0
519,0677,0,2026-06-13 14:17:00,0.4363692118981907,0
520,0857,0,2026-06-13 14:17:00,0.9429622815087396,0
521,0304,0,2026-06-13 14:17:10,0.6721864458754984,0
522,0381,0,2026-06-13 14:17:10,0.5338853112542165,0
523,0677,0,2026-06-13 14:17:10,0.4363692118981907,1
524,0857,0,2026-06-13 14:17:10,0.9429622815087396,0
525,0304,0,2026-06-13 14:17:20,0.6721864458754984,0
526,0381,0,2026-06-13 14:17:20,0.5338853112542165,0
527,0677,0,2026-06-13 14:17:20,0.4363692118981907,0
528,0857,0,2026-06-13 14:17:20,0.9429622815087396,0
529,0304,0,2026-06-13 14:17:30,0.6721864458754984,0
530,0381,0,2026-06-13 14:17:30,0.5338853112542165,0
531,0857,0,2026-06-13 14:17:30,0.9429622815087396,0
532,0381,0,2026-06-13 14:17:40,0.5338853112542165,0
533,0857,0,2026-06-13 14:17:40,0.9429622815087396,0
534,0381,0,2026-06-13 14:17:50,0.5338853112542165,0
535,0381,0,2026-06-13 14:18:00,0.5338853112542165,0
536,0381,0,2026-06-13 14:18:10,0.5338853112542165,0
537,0469,0,2026-06-13 15:12:00,0.6041091689665746,0
538,0469,0,2026-06-13 15:12:10,0.6041091689665746,0
539,0580,0,2026-06-13 15:32:40,0.6041091689665746,0
540,0580,0,2026-06-13 15:32:50,0.6041091689665746,1
541,0847,0,2026-06-13 15:32:50,0.0981294081570070,0
542,0580,0,2026-06-13 15:33:00,0.6041091689665746,0
543,0847,0,2026-06-13 15:33:00,0.0981294081570070,1
544,0580,0,2026-06-13 15:33:10,0.6041091689665746,0
545,0847,0,2026-06-13 15:33:10,0.0981294081570070,0
546,0580,0,2026-06-13 15:33:20,0.6041091689665746,1
547,0847,0,2026-06-13 15:33:20,0.0981294081570070,0
548,0580,0,2026-06-13 15:33:30,0.6041091689665746,0
549,0847,0,2026-06-13 15:33:30,0.0981294081570070,0
550,0962,0,2026-06-13 15:33:30,0.5338853112542165,0
551,0203,0,2026-06-13 15:33:40,0.4363692118981907,0
552,0580,0,2026-06-13 15:33:40,0.6041091689665746,0
553,0847,0,2026-06-13 15:33:40,0.0981294081570070,0
554,0962,0,2026-06-13 15:33:40,0.5338853112542165,0
555,0203,0,2026-06-13 15:33:50,0.4363692118981907,0
556,0580,0,2026-06-13 15:33:50,0.6041091689665746,0
557,0847,0,2026-06-13 15:33:50,0.0981294081570070,0
558,0946,0,2026-06-13 15:33:50,0.1536338546458142,1
559,0962,0,2026-06-13 15:33:50,0.5338853112542165,0
560,0203,0,2026-06-13 15:34:00,0.4363692118981907,0
561,0374,0,2026-06-13 15:34:00,1.0000000000000000,0
562,0392,0,2026-06-13 15:34:00,0.4363692118981907,0
563,0580,0,2026-06-13 15:34:00,0.6041091689665746,0
564,0582,0,2026-06-13 15:34:00,0.2217111315547378,1
565,0710,0,2026-06-13 15:34:00,0.0981294081570070,0
566,0847,0,2026-06-13 15:34:00,0.0981294081570070,0
567,0946,0,2026-06-13 15:34:00,0.1536338546458142,0
568,0962,0,2026-06-13 15:34:00,0.5338853112542165,0
569,0203,0,2026-06-13 15:34:10,0.4363692118981907,0
570,0374,0,2026-06-13 15:34:10,1.0000000000000000,0
571,0392,0,2026-06-13 15:34:10,0.4363692118981907,0
572,0580,0,2026-06-13 15:34:10,0.6041091689665746,0
573,0582,0,2026-06-13 15:34:10,0.2217111315547378,1
574,0710,0,2026-06-13 15:34:10,0.0981294081570070,0
575,0847,0,2026-06-13 15:34:10,0.0981294081570070,0
576,0946,0,2026-06-13 15:34:10,0.1536338546458142,0
577,0962,0,2026-06-13 15:34:10,0.5338853112542165,0
578,0985,0,2026-06-13 15:34:10,0.3422263109475621,0
579,0151,0,2026-06-13 15:34:20,0.1536338546458142,0
580,0203,0,2026-06-13 15:34:20,0.4363692118981907,0
581,0374,0,2026-06-13 15:34:20,1.0000000000000000,1
582,0392,0,2026-06-13 15:34:20,0.4363692118981907,0
583,0580,0,2026-06-13 15:34:20,0.6041091689665746,0
584,0710,0,2026-06-13 15:34:20,0.0981294081570070,0
585,0847,0,2026-06-13 15:34:20,0.0981294081570070,0
586,0946,0,2026-06-13 15:34:20,0.1536338546458142,0
587,0962,0,2026-06-13 15:34:20,0.5338853112542165,0
588,0985,0,2026-06-13 15:34:20,0.3422263109475621,0
589,0151,0,2026-06-13 15:34:30,0.1536338546458142,0
590,0203,0,2026-06-13 15:34:30,0.4363692118981907,0
591,0374,0,2026-06-13 15:34:30,1.0000000000000000,0
592,0392,0,2026-06-13 15:34:30,0.4363692118981907,0
593,0710,0,2026-06-13 15:34:30,0.0981294081570070,0
594,0946,0,2026-06-13 15:34:30,0.1536338546458142,0
595,0962,0,2026-06-13 15:34:30,0.5338853112542165,0
596,0985,0,2026-06-13 15:34:30,0.3422263109475621,0
597,0151,0,2026-06-13 15:34:40,0.1536338546458142,0
598,0203,0,2026-06-13 15:34:40,0.4363692118981907,0
599,0355,0,2026-06-13 15:34:40,0.7200245323520392,0
600,0374,0,2026-06-13 15:34:40,1.0000000000000000,0
601,0392,0,2026-06-13 15:34:40,0.4363692118981907,0
602,0710,0,2026-06-13 15:34:40,0.0981294081570070,1
603,0862,0,2026-06-13 15:34:40,0.5338853112542165,0
604,0946,0,2026-06-13 15:34:40,0.1536338546458142,0
605,0962,0,2026-06-13 15:34:40,0.5338853112542165,0
606,0985,0,2026-06-13 15:34:40,0.3422263109475621,0
607,0069,0,2026-06-13 15:34:50,0.8613922109782275,0
608,0151,0,2026-06-13 15:34:50,0.1536338546458142,0
609,0203,0,2026-06-13 15:34:50,0.4363692118981907,0
610,0355,0,2026-06-13 15:34:50,0.7200245323520392,0
611,0374,0,2026-06-13 15:34:50,1.0000000000000000,0
612,0392,0,2026-06-13 15:34:50,0.4363692118981907,0
613,0710,0,2026-06-13 15:34:50,0.0981294081570070,0
614,0763,0,2026-06-13 15:34:50,0.8003679852805887,0
615,0862,0,2026-06-13 15:34:50,0.5338853112542165,0
616,0962,0,2026-06-13 15:34:50,0.5338853112542165,0
617,0985,0,2026-06-13 15:34:50,0.3422263109475621,0
618,0069,0,2026-06-13 15:35:00,0.8613922109782275,0
619,0151,0,2026-06-13 15:35:00,0.1536338546458142,1
620,0203,0,2026-06-13 15:35:00,0.4363692118981907,0
621,0340,0,2026-06-13 15:35:00,1.0000000000000000,0
622,0355,0,2026-06-13 15:35:00,0.7200245323520392,0
623,0374,0,2026-06-13 15:35:00,1.0000000000000000,0
624,0392,0,2026-06-13 15:35:00,0.4363692118981907,0
625,0560,0,2026-06-13 15:35:00,0.8613922109782275,0
626,0710,0,2026-06-13 15:35:00,0.0981294081570070,0
627,0763,0,2026-06-13 15:35:00,0.8003679852805887,0
628,0862,0,2026-06-13 15:35:00,0.5338853112542165,0
629,0962,0,2026-06-13 15:35:00,0.5338853112542165,0
630,0985,0,2026-06-13 15:35:00,0.3422263109475621,0
631,0069,0,2026-06-13 15:35:10,0.8613922109782275,1
632,0151,0,2026-06-13 15:35:10,0.1536338546458142,0
633,0203,0,2026-06-13 15:35:10,0.4363692118981907,0
634,0340,0,2026-06-13 15:35:10,1.0000000000000000,0
635,0355,0,2026-06-13 15:35:10,0.7200245323520392,0
636,0374,0,2026-06-13 15:35:10,1.0000000000000000,0
637,0392,0,2026-06-13 15:35:10,0.4363692118981907,0
638,0560,0,2026-06-13 15:35:10,0.8613922109782275,0
639,0710,0,2026-06-13 15:35:10,0.0981294081570070,0
640,0763,0,2026-06-13 15:35:10,0.8003679852805887,0
641,0862,0,2026-06-13 15:35:10,0.5338853112542165,0
642,0985,0,2026-06-13 15:35:10,0.3422263109475621,0
643,0069,0,2026-06-13 15:35:20,0.8613922109782275,0
644,0243,0,2026-06-13 15:35:20,0.8613922109782275,0
645,0340,0,2026-06-13 15:35:20,1.0000000000000000,0
646,0392,0,2026-06-13 15:35:20,0.4363692118981907,0
647,0560,0,2026-06-13 15:35:20,0.8613922109782275,0
648,0710,0,2026-06-13 15:35:20,0.0981294081570070,0
649,0763,0,2026-06-13 15:35:20,0.8003679852805887,0
650,0862,0,2026-06-13 15:35:20,0.5338853112542165,0
651,0985,0,2026-06-13 15:35:20,0.3422263109475621,0
652,0069,0,2026-06-13 15:35:30,0.8613922109782275,0
653,0243,0,2026-06-13 15:35:30,0.8613922109782275,0
654,0340,0,2026-06-13 15:35:30,1.0000000000000000,0
655,0392,0,2026-06-13 15:35:30,0.4363692118981907,0
656,0560,0,2026-06-13 15:35:30,0.8613922109782275,0
657,0710,0,2026-06-13 15:35:30,0.0981294081570070,0
658,0763,0,2026-06-13 15:35:30,0.8003679852805887,0
659,0862,0,2026-06-13 15:35:30,0.5338853112542165,0
660,0985,0,2026-06-13 15:35:30,0.3422263109475621,1
661,0243,0,2026-06-13 15:35:40,0.8613922109782275,0
662,0340,0,2026-06-13 15:35:40,1.0000000000000000,0
663,0392,0,2026-06-13 15:35:40,0.4363692118981907,0
664,0560,0,2026-06-13 15:35:40,0.8613922109782275,0
665,0710,0,2026-06-13 15:35:40,0.0981294081570070,0
666,0763,0,2026-06-13 15:35:40,0.8003679852805887,0
667,0862,0,2026-06-13 15:35:40,0.5338853112542165,0
668,0243,0,2026-06-13 15:35:50,0.8613922109782275,0
669,0340,0,2026-06-13 15:35:50,1.0000000000000000,0
670,0392,0,2026-06-13 15:35:50,0.4363692118981907,0
671,0560,0,2026-06-13 15:35:50,0.8613922109782275,0
672,0710,0,2026-06-13 15:35:50,0.0981294081570070,0
673,0763,0,2026-06-13 15:35:50,0.8003679852805887,0
674,0862,0,2026-06-13 15:35:50,0.5338853112542165,0
675,0930,0,2026-06-13 15:35:50,0.6041091689665746,0
676,0243,0,2026-06-13 15:36:00,0.8613922109782275,0
677,0305,0,2026-06-13 15:36:00,0.5338853112542165,0
678,0340,0,2026-06-13 15:36:00,1.0000000000000000,0
679,0560,0,2026-06-13 15:36:00,0.8613922109782275,0
680,0763,0,2026-06-13 15:36:00,0.8003679852805887,0
681,0806,0,2026-06-13 15:36:00,0.9429622815087396,0
682,0862,0,2026-06-13 15:36:00,0.5338853112542165,1
683,0930,0,2026-06-13 15:36:00,0.6041091689665746,0
684,0243,0,2026-06-13 15:36:10,0.8613922109782275,0
685,0305,0,2026-06-13 15:36:10,0.5338853112542165,0
686,0340,0,2026-06-13 15:36:10,1.0000000000000000,1
687,0560,0,2026-06-13 15:36:10,0.8613922109782275,0
688,0733,0,2026-06-13 15:36:10,0.6721864458754984,0
689,0763,0,2026-06-13 15:36:10,0.8003679852805887,0
690,0806,0,2026-06-13 15:36:10,0.9429622815087396,0
691,0862,0,2026-06-13 15:36:10,0.5338853112542165,0
692,0930,0,2026-06-13 15:36:10,0.6041091689665746,0
693,0243,0,2026-06-13 15:36:20,0.8613922109782275,0
694,0305,0,2026-06-13 15:36:20,0.5338853112542165,0
695,0340,0,2026-06-13 15:36:20,1.0000000000000000,0
696,0560,0,2026-06-13 15:36:20,0.8613922109782275,0
697,0733,0,2026-06-13 15:36:20,0.6721864458754984,0
698,0763,0,2026-06-13 15:36:20,0.8003679852805887,0
699,0806,0,2026-06-13 15:36:20,0.9429622815087396,0
700,0930,0,2026-06-13 15:36:20,0.6041091689665746,0
701,0243,0,2026-06-13 15:36:30,0.8613922109782275,0
702,0305,0,2026-06-13 15:36:30,0.5338853112542165,0
703,0340,0,2026-06-13 15:36:30,1.0000000000000000,0
704,0560,0,2026-06-13 15:36:30,0.8613922109782275,0
705,0733,0,2026-06-13 15:36:30,0.6721864458754984,0
706,0763,0,2026-06-13 15:36:30,0.8003679852805887,1
707,0806,0,2026-06-13 15:36:30,0.9429622815087396,0
708,0930,0,2026-06-13 15:36:30,0.6041091689665746,0
709,0243,0,2026-06-13 15:36:40,0.8613922109782275,0
710,0305,0,2026-06-13 15:36:40,0.5338853112542165,0
711,0340,0,2026-06-13 15:36:40,1.0000000000000000,0
712,0560,0,2026-06-13 15:36:40,0.8613922109782275,1
713,0733,0,2026-06-13 15:36:40,0.6721864458754984,0
714,0806,0,2026-06-13 15:36:40,0.9429622815087396,0
715,0930,0,2026-06-13 15:36:40,0.6041091689665746,0
716,0243,0,2026-06-13 15:36:50,0.8613922109782275,0
717,0305,0,2026-06-13 15:36:50,0.5338853112542165,0
718,0733,0,2026-06-13 15:36:50,0.6721864458754984,0
719,0806,0,2026-06-13 15:36:50,0.9429622815087396,0
720,0930,0,2026-06-13 15:36:50,0.6041091689665746,0
721,0243,0,2026-06-13 15:37:00,0.8613922109782275,0
722,0305,0,2026-06-13 15:37:00,0.5338853112542165,0
723,0545,0,2026-06-13 15:37:00,0.9429622815087396,0
724,0733,0,2026-06-13 15:37:00,0.6721864458754984,0
725,0806,0,2026-06-13 15:37:00,0.9429622815087396,0
726,0930,0,2026-06-13 15:37:00,0.6041091689665746,0
727,0243,0,2026-06-13 15:37:10,0.8613922109782275,0
728,0305,0,2026-06-13 15:37:10,0.5338853112542165,0
729,0545,0,2026-06-13 15:37:10,0.9429622815087396,0
730,0733,0,2026-06-13 15:37:10,0.6721864458754984,0
731,0806,0,2026-06-13 15:37:10,0.9429622815087396,1
732,0930,0,2026-06-13 15:37:10,0.6041091689665746,0
733,0305,0,2026-06-13 15:37:20,0.5338853112542165,0
734,0545,0,2026-06-13 15:37:20,0.9429622815087396,0
735,0733,0,2026-06-13 15:37:20,0.6721864458754984,0
736,0806,0,2026-06-13 15:37:20,0.9429622815087396,0
737,0930,0,2026-06-13 15:37:20,0.6041091689665746,0
738,0305,0,2026-06-13 15:37:30,0.5338853112542165,0
739,0545,0,2026-06-13 15:37:30,0.9429622815087396,0
740,0733,0,2026-06-13 15:37:30,0.6721864458754984,1
741,0305,0,2026-06-13 15:37:40,0.5338853112542165,0
742,0515,0,2026-06-13 15:37:40,0.5338853112542165,0
743,0545,0,2026-06-13 15:37:40,0.9429622815087396,0
744,0733,0,2026-06-13 15:37:40,0.6721864458754984,0
745,0274,0,2026-06-13 15:37:50,0.4363692118981907,0
746,0515,0,2026-06-13 15:37:50,0.5338853112542165,0
747,0545,0,2026-06-13 15:37:50,0.9429622815087396,0
748,0733,0,2026-06-13 15:37:50,0.6721864458754984,0
749,0274,0,2026-06-13 15:38:00,0.4363692118981907,0
750,0515,0,2026-06-13 15:38:00,0.5338853112542165,0
751,0545,0,2026-06-13 15:38:00,0.9429622815087396,0
752,0733,0,2026-06-13 15:38:00,0.6721864458754984,0
753,0244,0,2026-06-13 15:38:10,0.6721864458754984,0
754,0274,0,2026-06-13 15:38:10,0.4363692118981907,0
755,0515,0,2026-06-13 15:38:10,0.5338853112542165,0
756,0545,0,2026-06-13 15:38:10,0.9429622815087396,0
757,0244,0,2026-06-13 15:38:20,0.6721864458754984,0
758,0274,0,2026-06-13 15:38:20,0.4363692118981907,0
759,0515,0,2026-06-13 15:38:20,0.5338853112542165,1
760,0545,0,2026-06-13 15:38:20,0.9429622815087396,0
761,0244,0,2026-06-13 15:38:30,0.6721864458754984,0
762,0274,0,2026-06-13 15:38:30,0.4363692118981907,0
763,0515,0,2026-06-13 15:38:30,0.5338853112542165,0
764,0545,0,2026-06-13 15:38:30,0.9429622815087396,0
765,0244,0,2026-06-13 15:38:40,0.6721864458754984,0
766,0274,0,2026-06-13 15:38:40,0.4363692118981907,1
767,0515,0,2026-06-13 15:38:40,0.5338853112542165,0
768,0545,0,2026-06-13 15:38:40,0.9429622815087396,0
769,0244,0,2026-06-13 15:38:50,0.6721864458754984,0
770,0274,0,2026-06-13 15:38:50,0.4363692118981907,0
771,0515,0,2026-06-13 15:38:50,0.5338853112542165,1
772,0545,0,2026-06-13 15:38:50,0.9429622815087396,0
773,0244,0,2026-06-13 15:39:00,0.6721864458754984,0
774,0274,0,2026-06-13 15:39:00,0.4363692118981907,0
775,0515,0,2026-06-13 15:39:00,0.5338853112542165,0
776,0244,0,2026-06-13 15:39:10,0.6721864458754984,1
777,0274,0,2026-06-13 15:39:10,0.4363692118981907,0
778,0515,0,2026-06-13 15:39:10,0.5338853112542165,0
779,0244,0,2026-06-13 15:39:20,0.6721864458754984,1
780,0274,0,2026-06-13 15:39:20,0.4363692118981907,0
781,0515,0,2026-06-13 15:39:20,0.5338853112542165,0
782,0796,0,2026-06-13 15:39:20,0.3422263109475621,0
783,0244,0,2026-06-13 15:39:30,0.6721864458754984,0
784,0274,0,2026-06-13 15:39:30,0.4363692118981907,0
785,0515,0,2026-06-13 15:39:30,0.5338853112542165,0
786,0796,0,2026-06-13 15:39:30,0.3422263109475621,0
787,0244,0,2026-06-13 15:39:40,0.6721864458754984,0
788,0274,0,2026-06-13 15:39:40,0.4363692118981907,0
789,0796,0,2026-06-13 15:39:40,0.3422263109475621,1
790,0244,0,2026-06-13 15:39:50,0.6721864458754984,0
791,0796,0,2026-06-13 15:39:50,0.3422263109475621,0
792,0796,0,2026-06-13 15:40:00,0.3422263109475621,0
793,0796,0,2026-06-13 15:40:10,0.3422263109475621,0
794,0796,0,2026-06-13 15:40:20,0.3422263109475621,0
795,0796,0,2026-06-13 15:40:30,0.3422263109475621,0
796,0798,0,2026-06-13 15:41:20,0.1536338546458142,0
797,0798,0,2026-06-13 15:41:30,0.1536338546458142,1
798,0798,0,2026-06-13 15:41:40,0.1536338546458142,0
799,0798,0,2026-06-13 15:41:50,0.1536338546458142,0
800,0798,0,2026-06-13 15:42:00,0.1536338546458142,0
801,0798,0,2026-06-13 15:42:10,0.1536338546458142,0
802,0798,0,2026-06-13 15:42:20,0.1536338546458142,0
803,0798,0,2026-06-13 15:42:30,0.1536338546458142,0
804,0588,0,2026-06-13 15:42:40,0.5338853112542165,0
805,0618,0,2026-06-13 15:42:40,0.1536338546458142,1
806,0588,0,2026-06-13 15:42:50,0.5338853112542165,0
807,0618,0,2026-06-13 15:42:50,0.1536338546458142,0
808,0588,0,2026-06-13 15:43:00,0.5338853112542165,1
809,0618,0,2026-06-13 15:43:00,0.1536338546458142,0
810,0588,0,2026-06-13 15:43:10,0.5338853112542165,0
811,0618,0,2026-06-13 15:43:10,0.1536338546458142,0
812,0588,0,2026-06-13 15:43:20,0.5338853112542165,0
813,0618,0,2026-06-13 15:43:20,0.1536338546458142,0
814,0588,0,2026-06-13 15:43:30,0.5338853112542165,0
815,0618,0,2026-06-13 15:43:30,0.1536338546458142,0
816,0588,0,2026-06-13 15:43:40,0.5338853112542165,0
817,0618,0,2026-06-13 15:43:40,0.1536338546458142,0
818,0588,0,2026-06-13 15:43:50,0.5338853112542165,0
819,0618,0,2026-06-13 15:43:50,0.1536338546458142,0
820,0588,0,2026-06-13 15:44:00,0.5338853112542165,0
821,0618,0,2026-06-13 15:44:00,0.1536338546458142,0
822,0588,0,2026-06-13 15:44:10,0.5338853112542165,0
823,0618,0,2026-06-13 15:44:10,0.1536338546458142,0
824,0588,0,2026-06-13 15:44:20,0.5338853112542165,0
825,0618,0,2026-06-13 15:44:20,0.1536338546458142,0
826,0618,0,2026-06-13 15:44:30,0.1536338546458142,0
827,0661,0,2026-06-13 16:51:50,0.7200245323520392,0
828,0661,0,2026-06-13 16:52:00,0.7200245323520392,0
829,0661,0,2026-06-13 16:52:10,0.7200245323520392,0
830,0661,0,2026-06-13 16:52:20,0.7200245323520392,0
831,0904,0,2026-06-13 17:10:00,0.8613922109782275,0
832,0904,0,2026-06-13 17:10:10,0.8613922109782275,0
833,0904,0,2026-06-13 17:10:20,0.8613922109782275,0
834,0904,0,2026-06-13 17:10:30,0.8613922109782275,0
835,0904,0,2026-06-13 17:10:40,0.8613922109782275,0
836,0904,0,2026-06-13 17:10:50,0.8613922109782275,0
837,0904,0,2026-06-13 17:11:00,0.8613922109782275,0
838,0005,0,2026-06-13 17:11:10,0.5338853112542165,0
839,0904,0,2026-06-13 17:11:10,0.8613922109782275,0
840,0005,0,2026-06-13 17:11:20,0.5338853112542165,0
841,0904,0,2026-06-13 17:11:20,0.8613922109782275,0
842,0005,0,2026-06-13 17:11:30,0.5338853112542165,0
843,0904,0,2026-06-13 17:11:30,0.8613922109782275,0
844,0005,0,2026-06-13 17:11:40,0.5338853112542165,0
845,0904,0,2026-06-13 17:11:40,0.8613922109782275,0
846,0005,0,2026-06-13 17:11:50,0.5338853112542165,0
847,0904,0,2026-06-13 17:11:50,0.8613922109782275,0
848,0005,0,2026-06-13 17:12:00,0.5338853112542165,0
849,0005,0,2026-06-13 17:12:10,0.5338853112542165,1
850,0005,0,2026-06-13 17:12:20,0.5338853112542165,0
851,0005,0,2026-06-13 17:12:30,0.5338853112542165,0
852,0717,0,2026-06-13 17:13:00,1.0000000000000000,0
853,0717,0,2026-06-13 17:13:10,1.0000000000000000,0
854,0717,0,2026-06-13 17:13:20,1.0000000000000000,1
855,0802,0,2026-06-13 17:13:20,0.8613922109782275,0
856,0717,0,2026-06-13 17:13:30,1.0000000000000000,0
857,0802,0,2026-06-13 17:13:30,0.8613922109782275,0
858,0717,0,2026-06-13 17:13:40,1.0000000000000000,0
859,0802,0,2026-06-13 17:13:40,0.8613922109782275,0
860,0717,0,2026-06-13 17:13:50,1.0000000000000000,0
861,0802,0,2026-06-13 17:13:50,0.8613922109782275,1
862,0717,0,2026-06-13 17:14:00,1.0000000000000000,0
863,0802,0,2026-06-13 17:14:00,0.8613922109782275,0
864,0717,0,2026-06-13 17:14:10,1.0000000000000000,0
865,0802,0,2026-06-13 17:14:10,0.8613922109782275,0
866,0717,0,2026-06-13 17:14:20,1.0000000000000000,0
867,0802,0,2026-06-13 17:14:20,0.8613922109782275,0
868,0717,0,2026-06-13 17:14:30,1.0000000000000000,0
869,0802,0,2026-06-13 17:14:30,0.8613922109782275,0
870,0717,0,2026-06-13 17:14:40,1.0000000000000000,0
871,0802,0,2026-06-13 17:14:40,0.8613922109782275,0
872,0802,0,2026-06-13 17:14:50,0.8613922109782275,0
873,0178,0,2026-06-13 17:15:10,0.1536338546458142,1
874,0178,0,2026-06-13 17:15:20,0.1536338546458142,0
875,0222,0,2026-06-13 17:15:20,0.1536338546458142,0
876,0178,0,2026-06-13 17:15:30,0.1536338546458142,0
877,0222,0,2026-06-13 17:15:30,0.1536338546458142,0
878,0178,0,2026-06-13 17:15:40,0.1536338546458142,0
879,0222,0,2026-06-13 17:15:40,0.1536338546458142,0
880,0178,0,2026-06-13 17:15:50,0.1536338546458142,0
881,0222,0,2026-06-13 17:15:50,0.1536338546458142,0
882,0178,0,2026-06-13 17:16:00,0.1536338546458142,0
883,0222,0,2026-06-13 17:16:00,0.1536338546458142,0
884,0178,0,2026-06-13 17:16:10,0.1536338546458142,0
885,0222,0,2026-06-13 17:16:10,0.1536338546458142,0
886,0178,0,2026-06-13 17:16:20,0.1536338546458142,0
887,0222,0,2026-06-13 17:16:20,0.1536338546458142,0
888,0178,0,2026-06-13 17:16:30,0.1536338546458142,1
889,0222,0,2026-06-13 17:16:30,0.1536338546458142,0
890,0747,0,2026-06-13 17:16:30,0.3422263109475621,0
891,0178,0,2026-06-13 17:16:40,0.1536338546458142,0
892,0222,0,2026-06-13 17:16:40,0.1536338546458142,0
893,0747,0,2026-06-13 17:16:40,0.3422263109475621,0
894,0222,0,2026-06-13 17:16:50,0.1536338546458142,0
895,0747,0,2026-06-13 17:16:50,0.3422263109475621,0
896,0222,0,2026-06-13 17:17:00,0.1536338546458142,0
897,0747,0,2026-06-13 17:17:00,0.3422263109475621,0
898,0118,0,2026-06-13 17:17:10,0.5338853112542165,0
899,0747,0,2026-06-13 17:17:10,0.3422263109475621,0
900,0921,0,2026-06-13 17:17:10,0.9429622815087396,0
901,0118,0,2026-06-13 17:17:20,0.5338853112542165,0
902,0747,0,2026-06-13 17:17:20,0.3422263109475621,0
903,0921,0,2026-06-13 17:17:20,0.9429622815087396,0
904,0118,0,2026-06-13 17:17:30,0.5338853112542165,0
905,0747,0,2026-06-13 17:17:30,0.3422263109475621,0
906,0921,0,2026-06-13 17:17:30,0.9429622815087396,0
907,0118,0,2026-06-13 17:17:40,0.5338853112542165,1
908,0747,0,2026-06-13 17:17:40,0.3422263109475621,0
909,0921,0,2026-06-13 17:17:40,0.9429622815087396,0
910,0118,0,2026-06-13 17:17:50,0.5338853112542165,0
911,0747,0,2026-06-13 17:17:50,0.3422263109475621,0
912,0921,0,2026-06-13 17:17:50,0.9429622815087396,0
913,0118,0,2026-06-13 17:18:00,0.5338853112542165,0
914,0747,0,2026-06-13 17:18:00,0.3422263109475621,0
915,0921,0,2026-06-13 17:18:00,0.9429622815087396,0
916,0118,0,2026-06-13 17:18:10,0.5338853112542165,0
917,0747,0,2026-06-13 17:18:10,0.3422263109475621,0
918,0771,0,2026-06-13 17:18:10,0.6041091689665746,0
919,0921,0,2026-06-13 17:18:10,0.9429622815087396,1
920,0747,0,2026-06-13 17:18:20,0.3422263109475621,0
921,0771,0,2026-06-13 17:18:20,0.6041091689665746,0
922,0771,0,2026-06-13 17:18:30,0.6041091689665746,0
923,0771,0,2026-06-13 17:18:40,0.6041091689665746,1
924,0771,0,2026-06-13 17:18:50,0.6041091689665746,0
925,0771,0,2026-06-13 17:19:00,0.6041091689665746,0
926,0771,0,2026-06-13 17:19:10,0.6041091689665746,0
927,0771,0,2026-06-13 17:19:20,0.6041091689665746,0
928,0771,0,2026-06-13 17:19:30,0.6041091689665746,0
929,0771,0,2026-06-13 17:19:40,0.6041091689665746,0
930,0076,0,2026-06-13 18:30:50,0.3422263109475621,0
931,0076,0,2026-06-13 18:31:00,0.3422263109475621,0
932,0076,0,2026-06-13 18:31:10,0.3422263109475621,0
933,0076,0,2026-06-13 18:31:20,0.3422263109475621,0
934,0076,0,2026-06-13 18:31:30,0.3422263109475621,1
935,0172,0,2026-06-13 18:31:30,0.4363692118981907,0
936,0076,0,2026-06-13 18:31:40,0.3422263109475621,0
937,0172,0,2026-06-13 18:31:40,0.4363692118981907,0
938,0076,0,2026-06-13 18:31:50,0.3422263109475621,0
939,0172,0,2026-06-13 18:31:50,0.4363692118981907,0
940,0076,0,2026-06-13 18:32:00,0.3422263109475621,0
941,0172,0,2026-06-13 18:32:00,0.4363692118981907,1
942,0076,0,2026-06-13 18:32:10,0.3422263109475621,0
943,0172,0,2026-06-13 18:32:10,0.4363692118981907,0
944,0076,0,2026-06-13 18:32:20,0.3422263109475621,0
945,0172,0,2026-06-13 18:32:20,0.4363692118981907,0
946,0076,0,2026-06-13 18:32:30,0.3422263109475621,0
947,0172,0,2026-06-13 18:32:30,0.4363692118981907,1
948,0076,0,2026-06-13 18:32:40,0.3422263109475621,0
949,0172,0,2026-06-13 18:32:40,0.4363692118981907,0
950,0981,0,2026-06-13 18:49:00,0.8003679852805887,1
951,0981,0,2026-06-13 18:49:10,0.8003679852805887,0
952,0981,0,2026-06-13 18:49:20,0.8003679852805887,0
953,0981,0,2026-06-13 18:49:30,0.8003679852805887,0
954,0159,0,2026-06-13 18:49:40,0.9429622815087396,0
955,0981,0,2026-06-13 18:49:40,0.8003679852805887,0
956,0159,0,2026-06-13 18:49:50,0.9429622815087396,0
957,0981,0,2026-06-13 18:49:50,0.8003679852805887,0
958,0159,0,2026-06-13 18:50:00,0.9429622815087396,0
959,0981,0,2026-06-13 18:50:00,0.8003679852805887,0
960,0159,0,2026-06-13 18:50:10,0.9429622815087396,0
961,0981,0,2026-06-13 18:50:10,0.8003679852805887,0
962,0095,0,2026-06-13 18:50:20,0.0981294081570070,0
963,0159,0,2026-06-13 18:50:20,0.9429622815087396,0
964,0981,0,2026-06-13 18:50:20,0.8003679852805887,0
965,0095,0,2026-06-13 18:50:30,0.0981294081570070,0
966,0159,0,2026-06-13 18:50:30,0.9429622815087396,0
967,0981,0,2026-06-13 18:50:30,0.8003679852805887,0
968,0095,0,2026-06-13 18:50:40,0.0981294081570070,0
969,0159,0,2026-06-13 18:50:40,0.9429622815087396,0
970,0981,0,2026-06-13 18:50:40,0.8003679852805887,0
971,0095,0,2026-06-13 18:50:50,0.0981294081570070,0
972,0159,0,2026-06-13 18:50:50,0.9429622815087396,1
973,0981,0,2026-06-13 18:50:50,0.8003679852805887,0
974,0095,0,2026-06-13 18:51:00,0.0981294081570070,0
975,0159,0,2026-06-13 18:51:00,0.9429622815087396,1
976,0095,0,2026-06-13 18:51:10,0.0981294081570070,0
977,0159,0,2026-06-13 18:51:10,0.9429622815087396,0
978,0095,0,2026-06-13 18:51:20,0.0981294081570070,0
979,0095,0,2026-06-13 18:51:30,0.0981294081570070,0
980,0095,0,2026-06-13 18:51:40,0.0981294081570070,1
981,0095,0,2026-06-13 18:51:50,0.0981294081570070,0
982,0095,0,2026-06-13 18:52:00,0.0981294081570070,0
983,0908,0,2026-06-13 20:08:30,0.4363692118981907,0
984,0908,0,2026-06-13 20:08:40,0.4363692118981907,0
985,0908,0,2026-06-13 20:08:50,0.4363692118981907,1
986,0908,0,2026-06-13 20:09:00,0.4363692118981907,0
987,0908,0,2026-06-13 20:09:10,0.4363692118981907,0
988,0908,0,2026-06-13 20:09:20,0.4363692118981907,0
989,0908,0,2026-06-13 20:09:30,0.4363692118981907,0
990,0908,0,2026-06-13 20:09:40,0.4363692118981907,0
991,0908,0,2026-06-13 20:09:50,0.4363692118981907,0
992,0668,0,2026-06-13 20:10:00,0.8003679852805887,0
993,0908,0,2026-06-13 20:10:00,0.4363692118981907,0
994,0668,0,2026-06-13 20:10:10,0.8003679852805887,0
995,0668,0,2026-06-13 20:10:20,0.8003679852805887,0
996,0668,0,2026-06-13 20:10:30,0.8003679852805887,0
997,0668,0,2026-06-13 20:10:40,0.8003679852805887,0
998,0668,0,2026-06-13 20:10:50,0.8003679852805887,0
999,0668,1,2026-06-13 10:27:50,0.8003679852805887,0
1000,0668,1,2026-06-13 10:28:00,0.8003679852805887,0
1001,0668,1,2026-06-13 10:28:10,0.8003679852805887,0
1002,0668,1,2026-06-13 10:28:20,0.8003679852805887,0
1003,0668,1,2026-06-13 10:28:30,0.8003679852805887,0
1004,0668,1,2026-06-13 10:28:40,0.8003679852805887,0
1005,0668,1,2026-06-13 10:28:50,0.8003679852805887,0
1006,0668,1,2026-06-13 10:29:00,0.8003679852805887,0
1007,0668,1,2026-06-13 10:29:10,0.8003679852805887,0
1008,0465,1,2026-06-13 10:29:20,0.2217111315547378,0
1009,0668,1,2026-06-13 10:29:20,0.8003679852805887,0
1010,0094,1,2026-06-13 10:29:30,0.1536338546458142,0
1011,0465,1,2026-06-13 10:29:30,0.2217111315547378,0
1012,0668,1,2026-06-13 10:29:30,0.8003679852805887,0
1013,0094,1,2026-06-13 10:29:40,0.1536338546458142,0
1014,0465,1,2026-06-13 10:29:40,0.2217111315547378,0
1015,0094,1,2026-06-13 10:29:50,0.1536338546458142,0
1016,0459,1,2026-06-13 10:29:50,0.3422263109475621,0
1017,0465,1,2026-06-13 10:29:50,0.2217111315547378,0
1018,0542,1,2026-06-13 10:29:50,0.4363692118981907,0
1019,0094,1,2026-06-13 10:30:00,0.1536338546458142,0
1020,0280,1,2026-06-13 10:30:00,0.2217111315547378,0
1021,0459,1,2026-06-13 10:30:00,0.3422263109475621,0
1022,0465,1,2026-06-13 10:30:00,0.2217111315547378,0
1023,0542,1,2026-06-13 10:30:00,0.4363692118981907,0
1024,0940,1,2026-06-13 10:30:00,0.9429622815087396,0
1025,0094,1,2026-06-13 10:30:10,0.1536338546458142,0
1026,0280,1,2026-06-13 10:30:10,0.2217111315547378,0
1027,0459,1,2026-06-13 10:30:10,0.3422263109475621,0
1028,0465,1,2026-06-13 10:30:10,0.2217111315547378,1
1029,0542,1,2026-06-13 10:30:10,0.4363692118981907,0
1030,0917,1,2026-06-13 10:30:10,0.6721864458754984,0
1031,0940,1,2026-06-13 10:30:10,0.9429622815087396,0
1032,0094,1,2026-06-13 10:30:20,0.1536338546458142,0
1033,0280,1,2026-06-13 10:30:20,0.2217111315547378,1
1034,0459,1,2026-06-13 10:30:20,0.3422263109475621,0
1035,0465,1,2026-06-13 10:30:20,0.2217111315547378,0
1036,0542,1,2026-06-13 10:30:20,0.4363692118981907,0
1037,0917,1,2026-06-13 10:30:20,0.6721864458754984,0
1038,0940,1,2026-06-13 10:30:20,0.9429622815087396,0
1039,0094,1,2026-06-13 10:30:30,0.1536338546458142,0
1040,0280,1,2026-06-13 10:30:30,0.2217111315547378,0
1041,0459,1,2026-06-13 10:30:30,0.3422263109475621,0
1042,0465,1,2026-06-13 10:30:30,0.2217111315547378,0
1043,0542,1,2026-06-13 10:30:30,0.4363692118981907,0
1044,0561,1,2026-06-13 10:30:30,0.8613922109782275,0
1045,0917,1,2026-06-13 10:30:30,0.6721864458754984,0
1046,0940,1,2026-06-13 10:30:30,0.9429622815087396,0
1047,0094,1,2026-06-13 10:30:40,0.1536338546458142,0
1048,0280,1,2026-06-13 10:30:40,0.2217111315547378,0
1049,0459,1,2026-06-13 10:30:40,0.3422263109475621,0
1050,0465,1,2026-06-13 10:30:40,0.2217111315547378,0
1051,0542,1,2026-06-13 10:30:40,0.4363692118981907,0
1052,0561,1,2026-06-13 10:30:40,0.8613922109782275,0
1053,0917,1,2026-06-13 10:30:40,0.6721864458754984,1
1054,0940,1,2026-06-13 10:30:40,0.9429622815087396,0
1055,0094,1,2026-06-13 10:30:50,0.1536338546458142,0
1056,0280,1,2026-06-13 10:30:50,0.2217111315547378,0
1057,0459,1,2026-06-13 10:30:50,0.3422263109475621,0
1058,0465,1,2026-06-13 10:30:50,0.2217111315547378,0
1059,0542,1,2026-06-13 10:30:50,0.4363692118981907,0
1060,0561,1,2026-06-13 10:30:50,0.8613922109782275,0
1061,0917,1,2026-06-13 10:30:50,0.6721864458754984,0
1062,0940,1,2026-06-13 10:30:50,0.9429622815087396,0
1063,0094,1,2026-06-13 10:31:00,0.1536338546458142,0
1064,0280,1,2026-06-13 10:31:00,0.2217111315547378,0
1065,0459,1,2026-06-13 10:31:00,0.3422263109475621,0
1066,0465,1,2026-06-13 10:31:00,0.2217111315547378,0
1067,0542,1,2026-06-13 10:31:00,0.4363692118981907,0
1068,0561,1,2026-06-13 10:31:00,0.8613922109782275,0
1069,0917,1,2026-06-13 10:31:00,0.6721864458754984,1
1070,0940,1,2026-06-13 10:31:00,0.9429622815087396,0
1071,0094,1,2026-06-13 10:31:10,0.1536338546458142,0
1072,0280,1,2026-06-13 10:31:10,0.2217111315547378,0
1073,0459,1,2026-06-13 10:31:10,0.3422263109475621,0
1074,0465,1,2026-06-13 10:31:10,0.2217111315547378,0
1075,0542,1,2026-06-13 10:31:10,0.4363692118981907,0
1076,0561,1,2026-06-13 10:31:10,0.8613922109782275,0
1077,0917,1,2026-06-13 10:31:10,0.6721864458754984,0
1078,0940,1,2026-06-13 10:31:10,0.9429622815087396,0
1079,0280,1,2026-06-13 10:31:20,0.2217111315547378,0
1080,0459,1,2026-06-13 10:31:20,0.3422263109475621,0
1081,0542,1,2026-06-13 10:31:20,0.4363692118981907,0
1082,0561,1,2026-06-13 10:31:20,0.8613922109782275,0
1083,0940,1,2026-06-13 10:31:20,0.9429622815087396,0
1084,0139,1,2026-06-13 10:31:30,0.3422263109475621,0
1085,0280,1,2026-06-13 10:31:30,0.2217111315547378,0
1086,0459,1,2026-06-13 10:31:30,0.3422263109475621,0
1087,0542,1,2026-06-13 10:31:30,0.4363692118981907,1
1088,0561,1,2026-06-13 10:31:30,0.8613922109782275,0
1089,0940,1,2026-06-13 10:31:30,0.9429622815087396,0
1090,0139,1,2026-06-13 10:31:40,0.3422263109475621,0
1091,0280,1,2026-06-13 10:31:40,0.2217111315547378,0
1092,0459,1,2026-06-13 10:31:40,0.3422263109475621,0
1093,0542,1,2026-06-13 10:31:40,0.4363692118981907,0
1094,0561,1,2026-06-13 10:31:40,0.8613922109782275,0
1095,0940,1,2026-06-13 10:31:40,0.9429622815087396,0
1096,0139,1,2026-06-13 10:31:50,0.3422263109475621,0
1097,0280,1,2026-06-13 10:31:50,0.2217111315547378,0
1098,0561,1,2026-06-13 10:31:50,0.8613922109782275,0
1099,0940,1,2026-06-13 10:31:50,0.9429622815087396,1
1100,0139,1,2026-06-13 10:32:00,0.3422263109475621,0
1101,0561,1,2026-06-13 10:32:00,0.8613922109782275,0
1102,0139,1,2026-06-13 10:32:10,0.3422263109475621,0
1103,0561,1,2026-06-13 10:32:10,0.8613922109782275,1
1104,0139,1,2026-06-13 10:32:20,0.3422263109475621,0
1105,0561,1,2026-06-13 10:32:20,0.8613922109782275,0
1106,0139,1,2026-06-13 10:32:30,0.3422263109475621,0
1107,0139,1,2026-06-13 10:32:40,0.3422263109475621,0
1108,0371,1,2026-06-13 10:32:40,0.9429622815087396,0
1109,0139,1,2026-06-13 10:32:50,0.3422263109475621,0
1110,0371,1,2026-06-13 10:32:50,0.9429622815087396,0
1111,0864,1,2026-06-13 10:32:50,0.5338853112542165,0
1112,0139,1,2026-06-13 10:33:00,0.3422263109475621,0
1113,0371,1,2026-06-13 10:33:00,0.9429622815087396,0
1114,0864,1,2026-06-13 10:33:00,0.5338853112542165,0
1115,0139,1,2026-06-13 10:33:10,0.3422263109475621,0
1116,0371,1,2026-06-13 10:33:10,0.9429622815087396,0
1117,0692,1,2026-06-13 10:33:10,0.3422263109475621,1
1118,0864,1,2026-06-13 10:33:10,0.5338853112542165,0
1119,0371,1,2026-06-13 10:33:20,0.9429622815087396,0
1120,0415,1,2026-06-13 10:33:20,0.0981294081570070,0
1121,0692,1,2026-06-13 10:33:20,0.3422263109475621,0
1122,0864,1,2026-06-13 10:33:20,0.5338853112542165,0
1123,0371,1,2026-06-13 10:33:30,0.9429622815087396,0
1124,0415,1,2026-06-13 10:33:30,0.0981294081570070,0
1125,0562,1,2026-06-13 10:33:30,0.0981294081570070,0
1126,0692,1,2026-06-13 10:33:30,0.3422263109475621,0
1127,0864,1,2026-06-13 10:33:30,0.5338853112542165,1
1128,0371,1,2026-06-13 10:33:40,0.9429622815087396,0
1129,0388,1,2026-06-13 10:33:40,1.0000000000000000,0
1130,0415,1,2026-06-13 10:33:40,0.0981294081570070,0
1131,0562,1,2026-06-13 10:33:40,0.0981294081570070,0
1132,0692,1,2026-06-13 10:33:40,0.3422263109475621,0
1133,0864,1,2026-06-13 10:33:40,0.5338853112542165,0
1134,0371,1,2026-06-13 10:33:50,0.9429622815087396,0
1135,0388,1,2026-06-13 10:33:50,1.0000000000000000,0
1136,0415,1,2026-06-13 10:33:50,0.0981294081570070,0
1137,0562,1,2026-06-13 10:33:50,0.0981294081570070,0
1138,0692,1,2026-06-13 10:33:50,0.3422263109475621,0
1139,0864,1,2026-06-13 10:33:50,0.5338853112542165,0
1140,0371,1,2026-06-13 10:34:00,0.9429622815087396,0
1141,0388,1,2026-06-13 10:34:00,1.0000000000000000,1
1142,0415,1,2026-06-13 10:34:00,0.0981294081570070,0
1143,0562,1,2026-06-13 10:34:00,0.0981294081570070,0
1144,0692,1,2026-06-13 10:34:00,0.3422263109475621,0
1145,0864,1,2026-06-13 10:34:00,0.5338853112542165,0
1146,0371,1,2026-06-13 10:34:10,0.9429622815087396,0
1147,0388,1,2026-06-13 10:34:10,1.0000000000000000,0
1148,0415,1,2026-06-13 10:34:10,0.0981294081570070,0
1149,0533,1,2026-06-13 10:34:10,0.7200245323520392,0
1150,0562,1,2026-06-13 10:34:10,0.0981294081570070,0
1151,0692,1,2026-06-13 10:34:10,0.3422263109475621,0
1152,0864,1,2026-06-13 10:34:10,0.5338853112542165,0
1153,0371,1,2026-06-13 10:34:20,0.9429622815087396,0
1154,0388,1,2026-06-13 10:34:20,1.0000000000000000,0
1155,0415,1,2026-06-13 10:34:20,0.0981294081570070,1
1156,0533,1,2026-06-13 10:34:20,0.7200245323520392,0
1157,0562,1,2026-06-13 10:34:20,0.0981294081570070,0
1158,0692,1,2026-06-13 10:34:20,0.3422263109475621,0
1159,0846,1,2026-06-13 10:34:20,0.9429622815087396,0
1160,0863,1,2026-06-13 10:34:20,0.9429622815087396,0
1161,0864,1,2026-06-13 10:34:20,0.5338853112542165,0
1162,0388,1,2026-06-13 10:34:30,1.0000000000000000,0
1163,0415,1,2026-06-13 10:34:30,0.0981294081570070,0
1164,0533,1,2026-06-13 10:34:30,0.7200245323520392,0
1165,0562,1,2026-06-13 10:34:30,0.0981294081570070,0
1166,0692,1,2026-06-13 10:34:30,0.3422263109475621,0
1167,0846,1,2026-06-13 10:34:30,0.9429622815087396,0
1168,0863,1,2026-06-13 10:34:30,0.9429622815087396,0
1169,0864,1,2026-06-13 10:34:30,0.5338853112542165,0
1170,0388,1,2026-06-13 10:34:40,1.0000000000000000,0
1171,0415,1,2026-06-13 10:34:40,0.0981294081570070,0
1172,0533,1,2026-06-13 10:34:40,0.7200245323520392,0
1173,0562,1,2026-06-13 10:34:40,0.0981294081570070,1
1174,0692,1,2026-06-13 10:34:40,0.3422263109475621,0
1175,0846,1,2026-06-13 10:34:40,0.9429622815087396,0
1176,0863,1,2026-06-13 10:34:40,0.9429622815087396,0
1177,0864,1,2026-06-13 10:34:40,0.5338853112542165,0
1178,0993,1,2026-06-13 10:34:40,0.6721864458754984,0
1179,0388,1,2026-06-13 10:34:50,1.0000000000000000,0
1180,0415,1,2026-06-13 10:34:50,0.0981294081570070,0
1181,0533,1,2026-06-13 10:34:50,0.7200245323520392,0
1182,0562,1,2026-06-13 10:34:50,0.0981294081570070,0
1183,0692,1,2026-06-13 10:34:50,0.3422263109475621,0
1184,0846,1,2026-06-13 10:34:50,0.9429622815087396,0
1185,0863,1,2026-06-13 10:34:50,0.9429622815087396,0
1186,0993,1,2026-06-13 10:34:50,0.6721864458754984,0
1187,0388,1,2026-06-13 10:35:00,1.0000000000000000,0
1188,0533,1,2026-06-13 10:35:00,0.7200245323520392,0
1189,0692,1,2026-06-13 10:35:00,0.3422263109475621,0
1190,0846,1,2026-06-13 10:35:00,0.9429622815087396,0
1191,0863,1,2026-06-13 10:35:00,0.9429622815087396,0
1192,0993,1,2026-06-13 10:35:00,0.6721864458754984,0
1193,0388,1,2026-06-13 10:35:10,1.0000000000000000,1
1194,0533,1,2026-06-13 10:35:10,0.7200245323520392,0
1195,0846,1,2026-06-13 10:35:10,0.9429622815087396,0
1196,0863,1,2026-06-13 10:35:10,0.9429622815087396,0
1197,0993,1,2026-06-13 10:35:10,0.6721864458754984,0
1198,0533,1,2026-06-13 10:35:20,0.7200245323520392,1
1199,0846,1,2026-06-13 10:35:20,0.9429622815087396,0
1200,0863,1,2026-06-13 10:35:20,0.9429622815087396,0
1201,0993,1,2026-06-13 10:35:20,0.6721864458754984,0
1202,0533,1,2026-06-13 10:35:30,0.7200245323520392,1
1203,0603,1,2026-06-13 10:35:30,0.8613922109782275,0
1204,0846,1,2026-06-13 10:35:30,0.9429622815087396,0
1205,0863,1,2026-06-13 10:35:30,0.9429622815087396,0
1206,0993,1,2026-06-13 10:35:30,0.6721864458754984,0
1207,0533,1,2026-06-13 10:35:40,0.7200245323520392,0
1208,0603,1,2026-06-13 10:35:40,0.8613922109782275,0
1209,0846,1,2026-06-13 10:35:40,0.9429622815087396,0
1210,0863,1,2026-06-13 10:35:40,0.9429622815087396,0
1211,0993,1,2026-06-13 10:35:40,0.6721864458754984,0
1212,0533,1,2026-06-13 10:35:50,0.7200245323520392,0
1213,0603,1,2026-06-13 10:35:50,0.8613922109782275,0
1214,0846,1,2026-06-13 10:35:50,0.9429622815087396,1
1215,0863,1,2026-06-13 10:35:50,0.9429622815087396,0
1216,0993,1,2026-06-13 10:35:50,0.6721864458754984,0
1217,0603,1,2026-06-13 10:36:00,0.8613922109782275,0
1218,0863,1,2026-06-13 10:36:00,0.9429622815087396,0
1219,0993,1,2026-06-13 10:36:00,0.6721864458754984,0
1220,0996,1,2026-06-13 10:36:00,1.0000000000000000,0
1221,0520,1,2026-06-13 10:36:10,0.0981294081570070,0
1222,0603,1,2026-06-13 10:36:10,0.8613922109782275,0
1223,0863,1,2026-06-13 10:36:10,0.9429622815087396,0
1224,0996,1,2026-06-13 10:36:10,1.0000000000000000,0
1225,0520,1,2026-06-13 10:36:20,0.0981294081570070,0
1226,0603,1,2026-06-13 10:36:20,0.8613922109782275,0
1227,0996,1,2026-06-13 10:36:20,1.0000000000000000,0
1228,0520,1,2026-06-13 10:36:30,0.0981294081570070,0
1229,0603,1,2026-06-13 10:36:30,0.8613922109782275,0
1230,0996,1,2026-06-13 10:36:30,1.0000000000000000,0
1231,0520,1,2026-06-13 10:36:40,0.0981294081570070,0
1232,0603,1,2026-06-13 10:36:40,0.8613922109782275,0
1233,0996,1,2026-06-13 10:36:40,1.0000000000000000,0
1234,0520,1,2026-06-13 10:36:50,0.0981294081570070,0
1235,0603,1,2026-06-13 10:36:50,0.8613922109782275,0
1236,0996,1,2026-06-13 10:36:50,1.0000000000000000,0
1237,0520,1,2026-06-13 10:37:00,0.0981294081570070,0
1238,0603,1,2026-06-13 10:37:00,0.8613922109782275,0
1239,0996,1,2026-06-13 10:37:00,1.0000000000000000,0
1240,0520,1,2026-06-13 10:37:10,0.0981294081570070,0
1241,0996,1,2026-06-13 10:37:10,1.0000000000000000,1
1242,0520,1,2026-06-13 10:37:20,0.0981294081570070,0
1243,0996,1,2026-06-13 10:37:20,1.0000000000000000,0
1244,0520,1,2026-06-13 10:37:30,0.0981294081570070,1
1245,0996,1,2026-06-13 10:37:30,1.0000000000000000,0
1246,0520,1,2026-06-13 10:37:40,0.0981294081570070,0
1247,0996,1,2026-06-13 10:37:40,1.0000000000000000,0
1248,0520,1,2026-06-13 10:37:50,0.0981294081570070,0
1249,0520,1,2026-06-13 10:38:00,0.0981294081570070,0
1250,0568,1,2026-06-13 10:41:10,0.5338853112542165,0
1251,0568,1,2026-06-13 10:41:20,0.5338853112542165,0
1252,0780,1,2026-06-13 10:41:20,0.5338853112542165,1
1253,0568,1,2026-06-13 10:41:30,0.5338853112542165,0
1254,0780,1,2026-06-13 10:41:30,0.5338853112542165,0
1255,0103,1,2026-06-13 10:41:40,1.0000000000000000,0
1256,0568,1,2026-06-13 10:41:40,0.5338853112542165,1
1257,0780,1,2026-06-13 10:41:40,0.5338853112542165,0
1258,0854,1,2026-06-13 10:41:40,0.5338853112542165,0
1259,0103,1,2026-06-13 10:41:50,1.0000000000000000,0
1260,0568,1,2026-06-13 10:41:50,0.5338853112542165,0
1261,0780,1,2026-06-13 10:41:50,0.5338853112542165,1
1262,0854,1,2026-06-13 10:41:50,0.5338853112542165,0
1263,0103,1,2026-06-13 10:42:00,1.0000000000000000,0
1264,0464,1,2026-06-13 10:42:00,0.9429622815087396,0
1265,0568,1,2026-06-13 10:42:00,0.5338853112542165,0
1266,0780,1,2026-06-13 10:42:00,0.5338853112542165,0
1267,0854,1,2026-06-13 10:42:00,0.5338853112542165,0
1268,0103,1,2026-06-13 10:42:10,1.0000000000000000,1
1269,0464,1,2026-06-13 10:42:10,0.9429622815087396,0
1270,0568,1,2026-06-13 10:42:10,0.5338853112542165,0
1271,0854,1,2026-06-13 10:42:10,0.5338853112542165,0
1272,0103,1,2026-06-13 10:42:20,1.0000000000000000,0
1273,0464,1,2026-06-13 10:42:20,0.9429622815087396,0
1274,0854,1,2026-06-13 10:42:20,0.5338853112542165,1
1275,0103,1,2026-06-13 10:42:30,1.0000000000000000,0
1276,0464,1,2026-06-13 10:42:30,0.9429622815087396,0
1277,0854,1,2026-06-13 10:42:30,0.5338853112542165,0
1278,0103,1,2026-06-13 10:42:40,1.0000000000000000,1
1279,0464,1,2026-06-13 10:42:40,0.9429622815087396,0
1280,0854,1,2026-06-13 10:42:40,0.5338853112542165,0
1281,0464,1,2026-06-13 10:42:50,0.9429622815087396,0
1282,0854,1,2026-06-13 10:42:50,0.5338853112542165,0
1283,0464,1,2026-06-13 10:43:00,0.9429622815087396,0
1284,0464,1,2026-06-13 10:43:10,0.9429622815087396,0
1285,0464,1,2026-06-13 10:43:20,0.9429622815087396,1
1286,0464,1,2026-06-13 10:43:30,0.9429622815087396,0
1287,0464,1,2026-06-13 10:43:40,0.9429622815087396,1
1288,0147,1,2026-06-13 12:24:20,0.6721864458754984,0
1289,0822,1,2026-06-13 12:24:20,0.7200245323520392,0
1290,0147,1,2026-06-13 12:24:30,0.6721864458754984,0
1291,0822,1,2026-06-13 12:24:30,0.7200245323520392,1
1292,0147,1,2026-06-13 12:24:40,0.6721864458754984,0
1293,0434,1,2026-06-13 12:24:40,1.0000000000000000,0
1294,0822,1,2026-06-13 12:24:40,0.7200245323520392,0
1295,0147,1,2026-06-13 12:24:50,0.6721864458754984,0
1296,0434,1,2026-06-13 12:24:50,1.0000000000000000,0
1297,0587,1,2026-06-13 12:24:50,0.4363692118981907,0
1298,0822,1,2026-06-13 12:24:50,0.7200245323520392,0
1299,0147,1,2026-06-13 12:25:00,0.6721864458754984,0
1300,0434,1,2026-06-13 12:25:00,1.0000000000000000,0
1301,0587,1,2026-06-13 12:25:00,0.4363692118981907,0
1302,0822,1,2026-06-13 12:25:00,0.7200245323520392,1
1303,0147,1,2026-06-13 12:25:10,0.6721864458754984,0
1304,0434,1,2026-06-13 12:25:10,1.0000000000000000,0
1305,0587,1,2026-06-13 12:25:10,0.4363692118981907,0
1306,0822,1,2026-06-13 12:25:10,0.7200245323520392,0
1307,0147,1,2026-06-13 12:25:20,0.6721864458754984,1
1308,0434,1,2026-06-13 12:25:20,1.0000000000000000,0
1309,0587,1,2026-06-13 12:25:20,0.4363692118981907,0
1310,0822,1,2026-06-13 12:25:20,0.7200245323520392,0
1311,0147,1,2026-06-13 12:25:30,0.6721864458754984,0
1312,0434,1,2026-06-13 12:25:30,1.0000000000000000,0
1313,0587,1,2026-06-13 12:25:30,0.4363692118981907,0
1314,0822,1,2026-06-13 12:25:30,0.7200245323520392,0
1315,0147,1,2026-06-13 12:25:40,0.6721864458754984,0
1316,0434,1,2026-06-13 12:25:40,1.0000000000000000,0
1317,0587,1,2026-06-13 12:25:40,0.4363692118981907,0
1318,0822,1,2026-06-13 12:25:40,0.7200245323520392,0
1319,0147,1,2026-06-13 12:25:50,0.6721864458754984,0
1320,0434,1,2026-06-13 12:25:50,1.0000000000000000,0
1321,0587,1,2026-06-13 12:25:50,0.4363692118981907,0
1322,0147,1,2026-06-13 12:26:00,0.6721864458754984,0
1323,0434,1,2026-06-13 12:26:00,1.0000000000000000,0
1324,0587,1,2026-06-13 12:26:00,0.4363692118981907,1
1325,0147,1,2026-06-13 12:26:10,0.6721864458754984,0
1326,0587,1,2026-06-13 12:26:10,0.4363692118981907,0
1327,0587,1,2026-06-13 12:26:20,0.4363692118981907,0
1328,0587,1,2026-06-13 12:26:30,0.4363692118981907,0
1329,0055,1,2026-06-13 12:28:00,0.7200245323520392,0
1330,0055,1,2026-06-13 12:28:10,0.7200245323520392,0
1331,0055,1,2026-06-13 12:28:20,0.7200245323520392,0
1332,0055,1,2026-06-13 12:28:30,0.7200245323520392,0
1333,0055,1,2026-06-13 12:28:40,0.7200245323520392,0
1334,0055,1,2026-06-13 12:28:50,0.7200245323520392,0
1335,0116,1,2026-06-13 12:28:50,0.2217111315547378,0
1336,0020,1,2026-06-13 12:29:00,0.4363692118981907,0
1337,0055,1,2026-06-13 12:29:00,0.7200245323520392,0
1338,0116,1,2026-06-13 12:29:00,0.2217111315547378,0
1339,0020,1,2026-06-13 12:29:10,0.4363692118981907,1
1340,0055,1,2026-06-13 12:29:10,0.7200245323520392,0
1341,0116,1,2026-06-13 12:29:10,0.2217111315547378,0
1342,0020,1,2026-06-13 12:29:20,0.4363692118981907,0
1343,0055,1,2026-06-13 12:29:20,0.7200245323520392,0
1344,0116,1,2026-06-13 12:29:20,0.2217111315547378,0
1345,0020,1,2026-06-13 12:29:30,0.4363692118981907,0
1346,0055,1,2026-06-13 12:29:30,0.7200245323520392,0
1347,0116,1,2026-06-13 12:29:30,0.2217111315547378,0
1348,0014,1,2026-06-13 12:29:40,0.5338853112542165,0
1349,0020,1,2026-06-13 12:29:40,0.4363692118981907,1
1350,0055,1,2026-06-13 12:29:40,0.7200245323520392,0
1351,0063,1,2026-06-13 12:29:40,0.8003679852805887,0
1352,0116,1,2026-06-13 12:29:40,0.2217111315547378,0
1353,0555,1,2026-06-13 12:29:40,0.0981294081570070,0
1354,0953,1,2026-06-13 12:29:40,0.8003679852805887,0
1355,0014,1,2026-06-13 12:29:50,0.5338853112542165,0
1356,0020,1,2026-06-13 12:29:50,0.4363692118981907,0
1357,0055,1,2026-06-13 12:29:50,0.7200245323520392,0
1358,0063,1,2026-06-13 12:29:50,0.8003679852805887,1
1359,0116,1,2026-06-13 12:29:50,0.2217111315547378,0
1360,0555,1,2026-06-13 12:29:50,0.0981294081570070,0
1361,0691,1,2026-06-13 12:29:50,0.4363692118981907,0
1362,0953,1,2026-06-13 12:29:50,0.8003679852805887,0
1363,0014,1,2026-06-13 12:30:00,0.5338853112542165,0
1364,0020,1,2026-06-13 12:30:00,0.4363692118981907,0
1365,0063,1,2026-06-13 12:30:00,0.8003679852805887,0
1366,0077,1,2026-06-13 12:30:00,0.5338853112542165,0
1367,0116,1,2026-06-13 12:30:00,0.2217111315547378,0
1368,0276,1,2026-06-13 12:30:00,0.9429622815087396,0
1369,0555,1,2026-06-13 12:30:00,0.0981294081570070,0
1370,0691,1,2026-06-13 12:30:00,0.4363692118981907,0
1371,0953,1,2026-06-13 12:30:00,0.8003679852805887,0
1372,0014,1,2026-06-13 12:30:10,0.5338853112542165,0
1373,0020,1,2026-06-13 12:30:10,0.4363692118981907,0
1374,0063,1,2026-06-13 12:30:10,0.8003679852805887,0
1375,0077,1,2026-06-13 12:30:10,0.5338853112542165,0
1376,0116,1,2026-06-13 12:30:10,0.2217111315547378,0
1377,0276,1,2026-06-13 12:30:10,0.9429622815087396,0
1378,0555,1,2026-06-13 12:30:10,0.0981294081570070,0
1379,0691,1,2026-06-13 12:30:10,0.4363692118981907,0
1380,0834,1,2026-06-13 12:30:10,0.4363692118981907,0
1381,0953,1,2026-06-13 12:30:10,0.8003679852805887,0
1382,0014,1,2026-06-13 12:30:20,0.5338853112542165,0
1383,0020,1,2026-06-13 12:30:20,0.4363692118981907,0
1384,0063,1,2026-06-13 12:30:20,0.8003679852805887,1
1385,0077,1,2026-06-13 12:30:20,0.5338853112542165,0
1386,0116,1,2026-06-13 12:30:20,0.2217111315547378,0
1387,0131,1,2026-06-13 12:30:20,0.5338853112542165,0
1388,0276,1,2026-06-13 12:30:20,0.9429622815087396,0
1389,0555,1,2026-06-13 12:30:20,0.0981294081570070,0
1390,0691,1,2026-06-13 12:30:20,0.4363692118981907,0
1391,0834,1,2026-06-13 12:30:20,0.4363692118981907,0
1392,0953,1,2026-06-13 12:30:20,0.8003679852805887,0
1393,0014,1,2026-06-13 12:30:30,0.5338853112542165,0
1394,0020,1,2026-06-13 12:30:30,0.4363692118981907,0
1395,0063,1,2026-06-13 12:30:30,0.8003679852805887,0
1396,0077,1,2026-06-13 12:30:30,0.5338853112542165,0
1397,0116,1,2026-06-13 12:30:30,0.2217111315547378,0
1398,0131,1,2026-06-13 12:30:30,0.5338853112542165,0
1399,0276,1,2026-06-13 12:30:30,0.9429622815087396,0
1400,0555,1,2026-06-13 12:30:30,0.0981294081570070,0
1401,0691,1,2026-06-13 12:30:30,0.4363692118981907,0
1402,0834,1,2026-06-13 12:30:30,0.4363692118981907,0
1403,0953,1,2026-06-13 12:30:30,0.8003679852805887,0
1404,0014,1,2026-06-13 12:30:40,0.5338853112542165,0
1405,0020,1,2026-06-13 12:30:40,0.4363692118981907,0
1406,0063,1,2026-06-13 12:30:40,0.8003679852805887,0
1407,0077,1,2026-06-13 12:30:40,0.5338853112542165,0
1408,0131,1,2026-06-13 12:30:40,0.5338853112542165,0
1409,0276,1,2026-06-13 12:30:40,0.9429622815087396,0
1410,0555,1,2026-06-13 12:30:40,0.0981294081570070,1
1411,0691,1,2026-06-13 12:30:40,0.4363692118981907,0
1412,0834,1,2026-06-13 12:30:40,0.4363692118981907,0
1413,0953,1,2026-06-13 12:30:40,0.8003679852805887,0
1414,0014,1,2026-06-13 12:30:50,0.5338853112542165,0
1415,0020,1,2026-06-13 12:30:50,0.4363692118981907,0
1416,0063,1,2026-06-13 12:30:50,0.8003679852805887,0
1417,0077,1,2026-06-13 12:30:50,0.5338853112542165,1
1418,0131,1,2026-06-13 12:30:50,0.5338853112542165,0
1419,0276,1,2026-06-13 12:30:50,0.9429622815087396,0
1420,0555,1,2026-06-13 12:30:50,0.0981294081570070,0
1421,0691,1,2026-06-13 12:30:50,0.4363692118981907,0
1422,0834,1,2026-06-13 12:30:50,0.4363692118981907,0
1423,0953,1,2026-06-13 12:30:50,0.8003679852805887,0
1424,0014,1,2026-06-13 12:31:00,0.5338853112542165,1
1425,0063,1,2026-06-13 12:31:00,0.8003679852805887,0
1426,0077,1,2026-06-13 12:31:00,0.5338853112542165,0
1427,0131,1,2026-06-13 12:31:00,0.5338853112542165,0
1428,0276,1,2026-06-13 12:31:00,0.9429622815087396,0
1429,0555,1,2026-06-13 12:31:00,0.0981294081570070,0
1430,0691,1,2026-06-13 12:31:00,0.4363692118981907,0
1431,0834,1,2026-06-13 12:31:00,0.4363692118981907,0
1432,0014,1,2026-06-13 12:31:10,0.5338853112542165,0
1433,0063,1,2026-06-13 12:31:10,0.8003679852805887,0
1434,0131,1,2026-06-13 12:31:10,0.5338853112542165,0
1435,0276,1,2026-06-13 12:31:10,0.9429622815087396,0
1436,0555,1,2026-06-13 12:31:10,0.0981294081570070,0
1437,0834,1,2026-06-13 12:31:10,0.4363692118981907,0
1438,0014,1,2026-06-13 12:31:20,0.5338853112542165,0
1439,0063,1,2026-06-13 12:31:20,0.8003679852805887,0
1440,0131,1,2026-06-13 12:31:20,0.5338853112542165,0
1441,0276,1,2026-06-13 12:31:20,0.9429622815087396,1
1442,0834,1,2026-06-13 12:31:20,0.4363692118981907,0
1443,0063,1,2026-06-13 12:31:30,0.8003679852805887,0
1444,0834,1,2026-06-13 12:31:30,0.4363692118981907,1
1445,0622,1,2026-06-13 12:31:40,0.2217111315547378,0
1446,0834,1,2026-06-13 12:31:40,0.4363692118981907,0
1447,0622,1,2026-06-13 12:31:50,0.2217111315547378,0
1448,0834,1,2026-06-13 12:31:50,0.4363692118981907,0
1449,0622,1,2026-06-13 12:32:00,0.2217111315547378,1
1450,0834,1,2026-06-13 12:32:00,0.4363692118981907,0
1451,0622,1,2026-06-13 12:32:10,0.2217111315547378,0
1452,0622,1,2026-06-13 12:32:20,0.2217111315547378,0
1453,0376,1,2026-06-13 12:32:30,0.7200245323520392,1
1454,0622,1,2026-06-13 12:32:30,0.2217111315547378,0
1455,0376,1,2026-06-13 12:32:40,0.7200245323520392,0
1456,0622,1,2026-06-13 12:32:40,0.2217111315547378,0
1457,0376,1,2026-06-13 12:32:50,0.7200245323520392,0
1458,0376,1,2026-06-13 12:33:00,0.7200245323520392,0
1459,0376,1,2026-06-13 12:33:10,0.7200245323520392,1
1460,0979,1,2026-06-13 12:33:10,0.0981294081570070,0
1461,0376,1,2026-06-13 12:33:20,0.7200245323520392,0
1462,0979,1,2026-06-13 12:33:20,0.0981294081570070,1
1463,0979,1,2026-06-13 12:33:30,0.0981294081570070,0
1464,0979,1,2026-06-13 12:33:40,0.0981294081570070,0
1465,0322,1,2026-06-13 13:59:20,0.3422263109475621,0
1466,0322,1,2026-06-13 13:59:30,0.3422263109475621,0
1467,0322,1,2026-06-13 13:59:40,0.3422263109475621,0
1468,0322,1,2026-06-13 13:59:50,0.3422263109475621,0
1469,0322,1,2026-06-13 14:00:00,0.3422263109475621,0
1470,0322,1,2026-06-13 14:00:10,0.3422263109475621,0
1471,0322,1,2026-06-13 14:00:20,0.3422263109475621,0
1472,0322,1,2026-06-13 14:00:30,0.3422263109475621,0
1473,0322,1,2026-06-13 14:00:40,0.3422263109475621,0
1474,0322,1,2026-06-13 14:00:50,0.3422263109475621,0
1475,0322,1,2026-06-13 14:01:00,0.3422263109475621,1
1476,0322,1,2026-06-13 14:01:10,0.3422263109475621,0
1477,0608,1,2026-06-13 14:06:50,0.0981294081570070,0
1478,0283,1,2026-06-13 14:07:00,0.6041091689665746,0
1479,0608,1,2026-06-13 14:07:00,0.0981294081570070,0
1480,0283,1,2026-06-13 14:07:10,0.6041091689665746,0
1481,0608,1,2026-06-13 14:07:10,0.0981294081570070,0
1482,0283,1,2026-06-13 14:07:20,0.6041091689665746,0
1483,0608,1,2026-06-13 14:07:20,0.0981294081570070,0
1484,0283,1,2026-06-13 14:07:30,0.6041091689665746,0
1485,0608,1,2026-06-13 14:07:30,0.0981294081570070,0
1486,0283,1,2026-06-13 14:07:40,0.6041091689665746,0
1487,0608,1,2026-06-13 14:07:40,0.0981294081570070,0
1488,0283,1,2026-06-13 14:07:50,0.6041091689665746,0
1489,0608,1,2026-06-13 14:07:50,0.0981294081570070,0
1490,0283,1,2026-06-13 14:08:00,0.6041091689665746,0
1491,0608,1,2026-06-13 14:08:00,0.0981294081570070,0
1492,0283,1,2026-06-13 14:08:10,0.6041091689665746,0
1493,0283,1,2026-06-13 14:08:20,0.6041091689665746,0
1494,0304,1,2026-06-13 14:11:10,0.6721864458754984,0
1495,0304,1,2026-06-13 14:11:20,0.6721864458754984,1
1496,0304,1,2026-06-13 14:11:30,0.6721864458754984,0
1497,0677,1,2026-06-13 14:11:30,0.4363692118981907,0
1498,0304,1,2026-06-13 14:11:40,0.6721864458754984,0
1499,0677,1,2026-06-13 14:11:40,0.4363692118981907,0
1500,0304,1,2026-06-13 14:11:50,0.6721864458754984,0
1501,0381,1,2026-06-13 14:11:50,0.5338853112542165,0
1502,0677,1,2026-06-13 14:11:50,0.4363692118981907,0
1503,0304,1,2026-06-13 14:12:00,0.6721864458754984,0
1504,0381,1,2026-06-13 14:12:00,0.5338853112542165,0
1505,0677,1,2026-06-13 14:12:00,0.4363692118981907,0
1506,0304,1,2026-06-13 14:12:10,0.6721864458754984,0
1507,0381,1,2026-06-13 14:12:10,0.5338853112542165,0
1508,0677,1,2026-06-13 14:12:10,0.4363692118981907,0
1509,0304,1,2026-06-13 14:12:20,0.6721864458754984,1
1510,0381,1,2026-06-13 14:12:20,0.5338853112542165,0
1511,0304,1,2026-06-13 14:12:30,0.6721864458754984,0
1512,0381,1,2026-06-13 14:12:30,0.5338853112542165,0
1513,0304,1,2026-06-13 14:12:40,0.6721864458754984,0
1514,0381,1,2026-06-13 14:12:40,0.5338853112542165,1
1515,0304,1,2026-06-13 14:12:50,0.6721864458754984,0
1516,0381,1,2026-06-13 14:12:50,0.5338853112542165,0
1517,0381,1,2026-06-13 14:13:00,0.5338853112542165,0
1518,0381,1,2026-06-13 14:13:10,0.5338853112542165,0
1519,0381,1,2026-06-13 14:13:20,0.5338853112542165,0
1520,0381,1,2026-06-13 14:13:30,0.5338853112542165,0
1521,0469,1,2026-06-13 15:07:10,0.6041091689665746,0
1522,0469,1,2026-06-13 15:07:20,0.6041091689665746,0
1523,0469,1,2026-06-13 15:07:30,0.6041091689665746,0
1524,0469,1,2026-06-13 15:07:40,0.6041091689665746,0
1525,0469,1,2026-06-13 15:07:50,0.6041091689665746,1
1526,0469,1,2026-06-13 15:08:00,0.6041091689665746,0
1527,0469,1,2026-06-13 15:08:10,0.6041091689665746,0
1528,0469,1,2026-06-13 15:08:20,0.6041091689665746,0
1529,0469,1,2026-06-13 15:08:30,0.6041091689665746,0
1530,0469,1,2026-06-13 15:08:40,0.6041091689665746,0
1531,0469,1,2026-06-13 15:08:50,0.6041091689665746,0
1532,0469,1,2026-06-13 15:09:00,0.6041091689665746,0
1533,0580,1,2026-06-13 15:28:20,0.6041091689665746,0
1534,0580,1,2026-06-13 15:28:30,0.6041091689665746,0
1535,0962,1,2026-06-13 15:28:30,0.5338853112542165,0
1536,0203,1,2026-06-13 15:28:40,0.4363692118981907,0
1537,0580,1,2026-06-13 15:28:40,0.6041091689665746,0
1538,0962,1,2026-06-13 15:28:40,0.5338853112542165,0
1539,0203,1,2026-06-13 15:28:50,0.4363692118981907,1
1540,0580,1,2026-06-13 15:28:50,0.6041091689665746,0
1541,0962,1,2026-06-13 15:28:50,0.5338853112542165,0
1542,0203,1,2026-06-13 15:29:00,0.4363692118981907,0
1543,0580,1,2026-06-13 15:29:00,0.6041091689665746,0
1544,0962,1,2026-06-13 15:29:00,0.5338853112542165,0
1545,0203,1,2026-06-13 15:29:10,0.4363692118981907,0
1546,0580,1,2026-06-13 15:29:10,0.6041091689665746,0
1547,0962,1,2026-06-13 15:29:10,0.5338853112542165,0
1548,0203,1,2026-06-13 15:29:20,0.4363692118981907,0
1549,0355,1,2026-06-13 15:29:20,0.7200245323520392,0
1550,0962,1,2026-06-13 15:29:20,0.5338853112542165,0
1551,0203,1,2026-06-13 15:29:30,0.4363692118981907,0
1552,0355,1,2026-06-13 15:29:30,0.7200245323520392,0
1553,0392,1,2026-06-13 15:29:30,0.4363692118981907,1
1554,0710,1,2026-06-13 15:29:30,0.0981294081570070,0
1555,0962,1,2026-06-13 15:29:30,0.5338853112542165,0
1556,0203,1,2026-06-13 15:29:40,0.4363692118981907,0
1557,0355,1,2026-06-13 15:29:40,0.7200245323520392,0
1558,0392,1,2026-06-13 15:29:40,0.4363692118981907,0
1559,0710,1,2026-06-13 15:29:40,0.0981294081570070,1
1560,0962,1,2026-06-13 15:29:40,0.5338853112542165,0
1561,0203,1,2026-06-13 15:29:50,0.4363692118981907,0
1562,0355,1,2026-06-13 15:29:50,0.7200245323520392,0
1563,0392,1,2026-06-13 15:29:50,0.4363692118981907,0
1564,0710,1,2026-06-13 15:29:50,0.0981294081570070,0
1565,0962,1,2026-06-13 15:29:50,0.5338853112542165,0
1566,0203,1,2026-06-13 15:30:00,0.4363692118981907,0
1567,0355,1,2026-06-13 15:30:00,0.7200245323520392,1
1568,0392,1,2026-06-13 15:30:00,0.4363692118981907,0
1569,0710,1,2026-06-13 15:30:00,0.0981294081570070,0
1570,0912,1,2026-06-13 15:30:00,0.8003679852805887,0
1571,0962,1,2026-06-13 15:30:00,0.5338853112542165,0
1572,0203,1,2026-06-13 15:30:10,0.4363692118981907,0
1573,0355,1,2026-06-13 15:30:10,0.7200245323520392,0
1574,0392,1,2026-06-13 15:30:10,0.4363692118981907,0
1575,0710,1,2026-06-13 15:30:10,0.0981294081570070,0
1576,0912,1,2026-06-13 15:30:10,0.8003679852805887,0
1577,0962,1,2026-06-13 15:30:10,0.5338853112542165,0
1578,0203,1,2026-06-13 15:30:20,0.4363692118981907,0
1579,0355,1,2026-06-13 15:30:20,0.7200245323520392,0
1580,0392,1,2026-06-13 15:30:20,0.4363692118981907,0
1581,0710,1,2026-06-13 15:30:20,0.0981294081570070,0
1582,0912,1,2026-06-13 15:30:20,0.8003679852805887,0
1583,0962,1,2026-06-13 15:30:20,0.5338853112542165,1
1584,0203,1,2026-06-13 15:30:30,0.4363692118981907,0
1585,0355,1,2026-06-13 15:30:30,0.7200245323520392,0
1586,0392,1,2026-06-13 15:30:30,0.4363692118981907,0
1587,0710,1,2026-06-13 15:30:30,0.0981294081570070,0
1588,0912,1,2026-06-13 15:30:30,0.8003679852805887,0
1589,0243,1,2026-06-13 15:30:40,0.8613922109782275,0
1590,0355,1,2026-06-13 15:30:40,0.7200245323520392,0
1591,0392,1,2026-06-13 15:30:40,0.4363692118981907,0
1592,0710,1,2026-06-13 15:30:40,0.0981294081570070,0
1593,0912,1,2026-06-13 15:30:40,0.8003679852805887,1
1594,0243,1,2026-06-13 15:30:50,0.8613922109782275,0
1595,0340,1,2026-06-13 15:30:50,1.0000000000000000,0
1596,0355,1,2026-06-13 15:30:50,0.7200245323520392,0
1597,0560,1,2026-06-13 15:30:50,0.8613922109782275,0
1598,0763,1,2026-06-13 15:30:50,0.8003679852805887,0
1599,0912,1,2026-06-13 15:30:50,0.8003679852805887,1
1600,0930,1,2026-06-13 15:30:50,0.6041091689665746,0
1601,0243,1,2026-06-13 15:31:00,0.8613922109782275,0
1602,0340,1,2026-06-13 15:31:00,1.0000000000000000,0
1603,0355,1,2026-06-13 15:31:00,0.7200245323520392,0
1604,0560,1,2026-06-13 15:31:00,0.8613922109782275,0
1605,0763,1,2026-06-13 15:31:00,0.8003679852805887,0
1606,0806,1,2026-06-13 15:31:00,0.9429622815087396,0
1607,0912,1,2026-06-13 15:31:00,0.8003679852805887,0
1608,0930,1,2026-06-13 15:31:00,0.6041091689665746,0
1609,0243,1,2026-06-13 15:31:10,0.8613922109782275,0
1610,0340,1,2026-06-13 15:31:10,1.0000000000000000,0
1611,0560,1,2026-06-13 15:31:10,0.8613922109782275,0
1612,0763,1,2026-06-13 15:31:10,0.8003679852805887,0
1613,0806,1,2026-06-13 15:31:10,0.9429622815087396,0
1614,0912,1,2026-06-13 15:31:10,0.8003679852805887,0
1615,0930,1,2026-06-13 15:31:10,0.6041091689665746,1
1616,0243,1,2026-06-13 15:31:20,0.8613922109782275,0
1617,0806,1,2026-06-13 15:31:20,0.9429622815087396,0
1618,0912,1,2026-06-13 15:31:20,0.8003679852805887,0
1619,0930,1,2026-06-13 15:31:20,0.6041091689665746,0
1620,0243,1,2026-06-13 15:31:30,0.8613922109782275,1
1621,0305,1,2026-06-13 15:31:30,0.5338853112542165,0
1622,0733,1,2026-06-13 15:31:30,0.6721864458754984,0
1623,0806,1,2026-06-13 15:31:30,0.9429622815087396,0
1624,0930,1,2026-06-13 15:31:30,0.6041091689665746,0
1625,0243,1,2026-06-13 15:31:40,0.8613922109782275,1
1626,0305,1,2026-06-13 15:31:40,0.5338853112542165,0
1627,0733,1,2026-06-13 15:31:40,0.6721864458754984,0
1628,0806,1,2026-06-13 15:31:40,0.9429622815087396,0
1629,0930,1,2026-06-13 15:31:40,0.6041091689665746,0
1630,0243,1,2026-06-13 15:31:50,0.8613922109782275,0
1631,0305,1,2026-06-13 15:31:50,0.5338853112542165,0
1632,0733,1,2026-06-13 15:31:50,0.6721864458754984,0
1633,0806,1,2026-06-13 15:31:50,0.9429622815087396,0
1634,0930,1,2026-06-13 15:31:50,0.6041091689665746,0
1635,0243,1,2026-06-13 15:32:00,0.8613922109782275,0
1636,0305,1,2026-06-13 15:32:00,0.5338853112542165,1
1637,0733,1,2026-06-13 15:32:00,0.6721864458754984,0
1638,0806,1,2026-06-13 15:32:00,0.9429622815087396,0
1639,0930,1,2026-06-13 15:32:00,0.6041091689665746,0
1640,0243,1,2026-06-13 15:32:10,0.8613922109782275,0
1641,0305,1,2026-06-13 15:32:10,0.5338853112542165,0
1642,0733,1,2026-06-13 15:32:10,0.6721864458754984,0
1643,0806,1,2026-06-13 15:32:10,0.9429622815087396,0
1644,0930,1,2026-06-13 15:32:10,0.6041091689665746,0
1645,0305,1,2026-06-13 15:32:20,0.5338853112542165,0
1646,0545,1,2026-06-13 15:32:20,0.9429622815087396,0
1647,0733,1,2026-06-13 15:32:20,0.6721864458754984,0
1648,0806,1,2026-06-13 15:32:20,0.9429622815087396,1
1649,0930,1,2026-06-13 15:32:20,0.6041091689665746,0
1650,0305,1,2026-06-13 15:32:30,0.5338853112542165,0
1651,0545,1,2026-06-13 15:32:30,0.9429622815087396,0
1652,0733,1,2026-06-13 15:32:30,0.6721864458754984,0
1653,0806,1,2026-06-13 15:32:30,0.9429622815087396,0
1654,0930,1,2026-06-13 15:32:30,0.6041091689665746,0
1655,0305,1,2026-06-13 15:32:40,0.5338853112542165,1
1656,0545,1,2026-06-13 15:32:40,0.9429622815087396,0
1657,0733,1,2026-06-13 15:32:40,0.6721864458754984,0
1658,0806,1,2026-06-13 15:32:40,0.9429622815087396,0
1659,0930,1,2026-06-13 15:32:40,0.6041091689665746,0
1660,0545,1,2026-06-13 15:32:50,0.9429622815087396,0
1661,0733,1,2026-06-13 15:32:50,0.6721864458754984,0
1662,0806,1,2026-06-13 15:32:50,0.9429622815087396,0
1663,0545,1,2026-06-13 15:33:00,0.9429622815087396,0
1664,0733,1,2026-06-13 15:33:00,0.6721864458754984,0
1665,0274,1,2026-06-13 15:33:10,0.4363692118981907,0
1666,0545,1,2026-06-13 15:33:10,0.9429622815087396,0
1667,0905,1,2026-06-13 15:33:10,0.2217111315547378,1
1668,0274,1,2026-06-13 15:33:20,0.4363692118981907,0
1669,0515,1,2026-06-13 15:33:20,0.5338853112542165,0
1670,0545,1,2026-06-13 15:33:20,0.9429622815087396,0
1671,0905,1,2026-06-13 15:33:20,0.2217111315547378,1
1672,0274,1,2026-06-13 15:33:30,0.4363692118981907,0
1673,0515,1,2026-06-13 15:33:30,0.5338853112542165,0
1674,0545,1,2026-06-13 15:33:30,0.9429622815087396,0
1675,0274,1,2026-06-13 15:33:40,0.4363692118981907,0
1676,0515,1,2026-06-13 15:33:40,0.5338853112542165,0
1677,0545,1,2026-06-13 15:33:40,0.9429622815087396,0
1678,0274,1,2026-06-13 15:33:50,0.4363692118981907,0
1679,0515,1,2026-06-13 15:33:50,0.5338853112542165,0
1680,0545,1,2026-06-13 15:33:50,0.9429622815087396,1
1681,0244,1,2026-06-13 15:34:00,0.6721864458754984,0
1682,0274,1,2026-06-13 15:34:00,0.4363692118981907,0
1683,0515,1,2026-06-13 15:34:00,0.5338853112542165,0
1684,0244,1,2026-06-13 15:34:10,0.6721864458754984,0
1685,0274,1,2026-06-13 15:34:10,0.4363692118981907,0
1686,0515,1,2026-06-13 15:34:10,0.5338853112542165,0
1687,0244,1,2026-06-13 15:34:20,0.6721864458754984,0
1688,0274,1,2026-06-13 15:34:20,0.4363692118981907,0
1689,0274,1,2026-06-13 15:34:30,0.4363692118981907,0
1690,0274,1,2026-06-13 15:34:40,0.4363692118981907,0
1691,0798,1,2026-06-13 15:36:20,0.1536338546458142,0
1692,0798,1,2026-06-13 15:36:30,0.1536338546458142,0
1693,0798,1,2026-06-13 15:36:40,0.1536338546458142,0
1694,0798,1,2026-06-13 15:36:50,0.1536338546458142,0
1695,0798,1,2026-06-13 15:37:00,0.1536338546458142,0
1696,0571,1,2026-06-13 15:37:10,0.1536338546458142,0
1697,0798,1,2026-06-13 15:37:10,0.1536338546458142,0
1698,0571,1,2026-06-13 15:37:20,0.1536338546458142,0
1699,0798,1,2026-06-13 15:37:20,0.1536338546458142,0
1700,0571,1,2026-06-13 15:37:30,0.1536338546458142,1
1701,0798,1,2026-06-13 15:37:30,0.1536338546458142,0
1702,0571,1,2026-06-13 15:37:40,0.1536338546458142,0
1703,0798,1,2026-06-13 15:37:40,0.1536338546458142,0
1704,0571,1,2026-06-13 15:37:50,0.1536338546458142,0
1705,0798,1,2026-06-13 15:37:50,0.1536338546458142,0
1706,0571,1,2026-06-13 15:38:00,0.1536338546458142,0
1707,0798,1,2026-06-13 15:38:00,0.1536338546458142,0
1708,0571,1,2026-06-13 15:38:10,0.1536338546458142,0
1709,0798,1,2026-06-13 15:38:10,0.1536338546458142,0
1710,0571,1,2026-06-13 15:38:20,0.1536338546458142,0
1711,0618,1,2026-06-13 15:38:20,0.1536338546458142,1
1712,0571,1,2026-06-13 15:38:30,0.1536338546458142,0
1713,0618,1,2026-06-13 15:38:30,0.1536338546458142,0
1714,0571,1,2026-06-13 15:38:40,0.1536338546458142,0
1715,0618,1,2026-06-13 15:38:40,0.1536338546458142,0
1716,0571,1,2026-06-13 15:38:50,0.1536338546458142,0
1717,0618,1,2026-06-13 15:38:50,0.1536338546458142,0
1718,0618,1,2026-06-13 15:39:00,0.1536338546458142,0
1719,0618,1,2026-06-13 15:39:10,0.1536338546458142,0
1720,0666,1,2026-06-13 16:45:50,0.6041091689665746,0
1721,0666,1,2026-06-13 16:46:00,0.6041091689665746,0
1722,0224,1,2026-06-13 16:46:10,0.8003679852805887,0
1723,0666,1,2026-06-13 16:46:10,0.6041091689665746,0
1724,0224,1,2026-06-13 16:46:20,0.8003679852805887,0
1725,0666,1,2026-06-13 16:46:20,0.6041091689665746,0
1726,0224,1,2026-06-13 16:46:30,0.8003679852805887,1
1727,0661,1,2026-06-13 16:46:30,0.7200245323520392,0
1728,0666,1,2026-06-13 16:46:30,0.6041091689665746,0
1729,0224,1,2026-06-13 16:46:40,0.8003679852805887,0
1730,0661,1,2026-06-13 16:46:40,0.7200245323520392,0
1731,0666,1,2026-06-13 16:46:40,0.6041091689665746,0
1732,0661,1,2026-06-13 16:46:50,0.7200245323520392,0
1733,0666,1,2026-06-13 16:46:50,0.6041091689665746,1
1734,0661,1,2026-06-13 16:47:00,0.7200245323520392,0
1735,0666,1,2026-06-13 16:47:00,0.6041091689665746,0
1736,0661,1,2026-06-13 16:47:10,0.7200245323520392,0
1737,0666,1,2026-06-13 16:47:10,0.6041091689665746,0
1738,0661,1,2026-06-13 16:47:20,0.7200245323520392,1
1739,0666,1,2026-06-13 16:47:20,0.6041091689665746,0
1740,0661,1,2026-06-13 16:47:30,0.7200245323520392,0
1741,0666,1,2026-06-13 16:47:30,0.6041091689665746,0
1742,0661,1,2026-06-13 16:47:40,0.7200245323520392,0
1743,0666,1,2026-06-13 16:47:40,0.6041091689665746,0
1744,0661,1,2026-06-13 16:47:50,0.7200245323520392,1
1745,0492,1,2026-06-13 16:48:00,1.0000000000000000,0
1746,0492,1,2026-06-13 16:48:10,1.0000000000000000,0
1747,0492,1,2026-06-13 16:48:20,1.0000000000000000,0
1748,0492,1,2026-06-13 16:48:30,1.0000000000000000,0
1749,0492,1,2026-06-13 16:48:40,1.0000000000000000,1
1750,0492,1,2026-06-13 16:48:50,1.0000000000000000,0
1751,0904,1,2026-06-13 17:05:20,0.8613922109782275,0
1752,0904,1,2026-06-13 17:05:30,0.8613922109782275,0
1753,0904,1,2026-06-13 17:05:40,0.8613922109782275,0
1754,0904,1,2026-06-13 17:05:50,0.8613922109782275,0
1755,0904,1,2026-06-13 17:06:00,0.8613922109782275,0
1756,0904,1,2026-06-13 17:06:10,0.8613922109782275,1
1757,0904,1,2026-06-13 17:06:20,0.8613922109782275,0
1758,0904,1,2026-06-13 17:06:30,0.8613922109782275,0
1759,0904,1,2026-06-13 17:06:40,0.8613922109782275,0
1760,0717,1,2026-06-13 17:08:00,1.0000000000000000,0
1761,0717,1,2026-06-13 17:08:10,1.0000000000000000,0
1762,0802,1,2026-06-13 17:08:10,0.8613922109782275,0
1763,0717,1,2026-06-13 17:08:20,1.0000000000000000,0
1764,0802,1,2026-06-13 17:08:20,0.8613922109782275,0
1765,0717,1,2026-06-13 17:08:30,1.0000000000000000,0
1766,0802,1,2026-06-13 17:08:30,0.8613922109782275,0
1767,0717,1,2026-06-13 17:08:40,1.0000000000000000,0
1768,0802,1,2026-06-13 17:08:40,0.8613922109782275,0
1769,0717,1,2026-06-13 17:08:50,1.0000000000000000,0
1770,0802,1,2026-06-13 17:08:50,0.8613922109782275,0
1771,0717,1,2026-06-13 17:09:00,1.0000000000000000,0
1772,0802,1,2026-06-13 17:09:00,0.8613922109782275,0
1773,0717,1,2026-06-13 17:09:10,1.0000000000000000,0
1774,0802,1,2026-06-13 17:09:10,0.8613922109782275,0
1775,0717,1,2026-06-13 17:09:20,1.0000000000000000,0
1776,0802,1,2026-06-13 17:09:20,0.8613922109782275,0
1777,0717,1,2026-06-13 17:09:30,1.0000000000000000,0
1778,0802,1,2026-06-13 17:09:30,0.8613922109782275,0
1779,0717,1,2026-06-13 17:09:40,1.0000000000000000,0
1780,0802,1,2026-06-13 17:09:40,0.8613922109782275,0
1781,0717,1,2026-06-13 17:09:50,1.0000000000000000,0
1782,0802,1,2026-06-13 17:09:50,0.8613922109782275,0
1783,0802,1,2026-06-13 17:10:00,0.8613922109782275,0
1784,0222,1,2026-06-13 17:10:20,0.1536338546458142,0
1785,0222,1,2026-06-13 17:10:30,0.1536338546458142,0
1786,0222,1,2026-06-13 17:10:40,0.1536338546458142,0
1787,0222,1,2026-06-13 17:10:50,0.1536338546458142,0
1788,0222,1,2026-06-13 17:11:00,0.1536338546458142,0
1789,0334,1,2026-06-13 17:11:00,0.6041091689665746,1
1790,0222,1,2026-06-13 17:11:10,0.1536338546458142,0
1791,0334,1,2026-06-13 17:11:10,0.6041091689665746,0
1792,0222,1,2026-06-13 17:11:20,0.1536338546458142,0
1793,0334,1,2026-06-13 17:11:20,0.6041091689665746,0
1794,0222,1,2026-06-13 17:11:30,0.1536338546458142,1
1795,0222,1,2026-06-13 17:11:40,0.1536338546458142,0
1796,0118,1,2026-06-13 17:11:50,0.5338853112542165,0
1797,0222,1,2026-06-13 17:11:50,0.1536338546458142,0
1798,0747,1,2026-06-13 17:11:50,0.3422263109475621,0
1799,0118,1,2026-06-13 17:12:00,0.5338853112542165,0
1800,0222,1,2026-06-13 17:12:00,0.1536338546458142,0
1801,0747,1,2026-06-13 17:12:00,0.3422263109475621,0
1802,0118,1,2026-06-13 17:12:10,0.5338853112542165,0
1803,0222,1,2026-06-13 17:12:10,0.1536338546458142,0
1804,0747,1,2026-06-13 17:12:10,0.3422263109475621,0
1805,0118,1,2026-06-13 17:12:20,0.5338853112542165,0
1806,0747,1,2026-06-13 17:12:20,0.3422263109475621,0
1807,0118,1,2026-06-13 17:12:30,0.5338853112542165,0
1808,0747,1,2026-06-13 17:12:30,0.3422263109475621,0
1809,0118,1,2026-06-13 17:12:40,0.5338853112542165,0
1810,0747,1,2026-06-13 17:12:40,0.3422263109475621,0
1811,0118,1,2026-06-13 17:12:50,0.5338853112542165,0
1812,0747,1,2026-06-13 17:12:50,0.3422263109475621,0
1813,0118,1,2026-06-13 17:13:00,0.5338853112542165,0
1814,0747,1,2026-06-13 17:13:00,0.3422263109475621,0
1815,0118,1,2026-06-13 17:13:10,0.5338853112542165,0
1816,0747,1,2026-06-13 17:13:10,0.3422263109475621,1
1817,0118,1,2026-06-13 17:13:20,0.5338853112542165,0
1818,0118,1,2026-06-13 17:13:30,0.5338853112542165,0
1819,0076,1,2026-06-13 18:25:50,0.3422263109475621,0
1820,0076,1,2026-06-13 18:26:00,0.3422263109475621,0
1821,0076,1,2026-06-13 18:26:10,0.3422263109475621,0
1822,0076,1,2026-06-13 18:26:20,0.3422263109475621,0
1823,0076,1,2026-06-13 18:26:30,0.3422263109475621,0
1824,0076,1,2026-06-13 18:26:40,0.3422263109475621,0
1825,0076,1,2026-06-13 18:26:50,0.3422263109475621,0
1826,0076,1,2026-06-13 18:27:00,0.3422263109475621,0
1827,0076,1,2026-06-13 18:27:10,0.3422263109475621,0
1828,0076,1,2026-06-13 18:27:20,0.3422263109475621,0
1829,0076,1,2026-06-13 18:27:30,0.3422263109475621,0
1830,0076,1,2026-06-13 18:27:40,0.3422263109475621,0
1831,0981,1,2026-06-13 18:44:10,0.8003679852805887,0
1832,0981,1,2026-06-13 18:44:20,0.8003679852805887,0
1833,0981,1,2026-06-13 18:44:30,0.8003679852805887,0
1834,0981,1,2026-06-13 18:44:40,0.8003679852805887,0
1835,0981,1,2026-06-13 18:44:50,0.8003679852805887,0
1836,0159,1,2026-06-13 18:45:00,0.9429622815087396,0
1837,0981,1,2026-06-13 18:45:00,0.8003679852805887,0
1838,0159,1,2026-06-13 18:45:10,0.9429622815087396,0
1839,0981,1,2026-06-13 18:45:10,0.8003679852805887,0
1840,0159,1,2026-06-13 18:45:20,0.9429622815087396,0
1841,0981,1,2026-06-13 18:45:20,0.8003679852805887,0
1842,0159,1,2026-06-13 18:45:30,0.9429622815087396,0
1843,0981,1,2026-06-13 18:45:30,0.8003679852805887,0
1844,0159,1,2026-06-13 18:45:40,0.9429622815087396,0
1845,0981,1,2026-06-13 18:45:40,0.8003679852805887,0
1846,0095,1,2026-06-13 18:45:50,0.0981294081570070,0
1847,0095,1,2026-06-13 18:46:00,0.0981294081570070,0
1848,0095,1,2026-06-13 18:46:10,0.0981294081570070,1
1849,0095,1,2026-06-13 18:46:20,0.0981294081570070,0
1850,0908,1,2026-06-13 20:03:10,0.4363692118981907,0
1851,0908,1,2026-06-13 20:03:20,0.4363692118981907,0
1852,0908,1,2026-06-13 20:03:30,0.4363692118981907,0
1853,0908,1,2026-06-13 20:03:40,0.4363692118981907,0
1854,0908,1,2026-06-13 20:03:50,0.4363692118981907,0
1855,0908,1,2026-06-13 20:04:00,0.4363692118981907,0
1856,0908,1,2026-06-13 20:04:10,0.4363692118981907,0
1857,0908,1,2026-06-13 20:04:20,0.4363692118981907,0
1858,0668,1,2026-06-13 20:04:30,0.8003679852805887,0
1859,0908,1,2026-06-13 20:04:30,0.4363692118981907,0
1860,0668,1,2026-06-13 20:04:40,0.8003679852805887,0
1861,0908,1,2026-06-13 20:04:40,0.4363692118981907,0
1862,0668,1,2026-06-13 20:04:50,0.8003679852805887,1
1863,0908,1,2026-06-13 20:04:50,0.4363692118981907,0
1864,0668,1,2026-06-13 20:05:00,0.8003679852805887,0
1865,0668,1,2026-06-13 20:05:10,0.8003679852805887,0
1866,0668,1,2026-06-13 20:05:20,0.8003679852805887,0
1867,0668,1,2026-06-13 20:05:30,0.8003679852805887,0
1868,0668,1,2026-06-13 20:05:40,0.8003679852805887,0
1869,0668,1,2026-06-13 20:05:50,0.8003679852805887,0
1870,0166,2,2026-06-13 10:22:00,0.4363692118981907,1
1871,0065,2,2026-06-13 10:22:10,0.6041091689665746,0
1872,0166,2,2026-06-13 10:22:10,0.4363692118981907,0
1873,0908,2,2026-06-13 10:22:10,0.4363692118981907,0
1874,0065,2,2026-06-13 10:22:20,0.6041091689665746,1
1875,0166,2,2026-06-13 10:22:20,0.4363692118981907,0
1876,0908,2,2026-06-13 10:22:20,0.4363692118981907,0
1877,0065,2,2026-06-13 10:22:30,0.6041091689665746,0
1878,0166,2,2026-06-13 10:22:30,0.4363692118981907,0
1879,0616,2,2026-06-13 10:22:30,0.6721864458754984,0
1880,0908,2,2026-06-13 10:22:30,0.4363692118981907,0
1881,0065,2,2026-06-13 10:22:40,0.6041091689665746,0
1882,0166,2,2026-06-13 10:22:40,0.4363692118981907,0
1883,0616,2,2026-06-13 10:22:40,0.6721864458754984,0
1884,0695,2,2026-06-13 10:22:40,0.0981294081570070,1
1885,0908,2,2026-06-13 10:22:40,0.4363692118981907,0
1886,0065,2,2026-06-13 10:22:50,0.6041091689665746,0
1887,0166,2,2026-06-13 10:22:50,0.4363692118981907,0
1888,0616,2,2026-06-13 10:22:50,0.6721864458754984,1
1889,0695,2,2026-06-13 10:22:50,0.0981294081570070,0
1890,0908,2,2026-06-13 10:22:50,0.4363692118981907,0
1891,0065,2,2026-06-13 10:23:00,0.6041091689665746,0
1892,0087,2,2026-06-13 10:23:00,0.7200245323520392,0
1893,0166,2,2026-06-13 10:23:00,0.4363692118981907,0
1894,0509,2,2026-06-13 10:23:00,0.9429622815087396,1
1895,0616,2,2026-06-13 10:23:00,0.6721864458754984,0
1896,0695,2,2026-06-13 10:23:00,0.0981294081570070,0
1897,0908,2,2026-06-13 10:23:00,0.4363692118981907,0
1898,0065,2,2026-06-13 10:23:10,0.6041091689665746,0
1899,0087,2,2026-06-13 10:23:10,0.7200245323520392,1
1900,0157,2,2026-06-13 10:23:10,0.8613922109782275,0
1901,0166,2,2026-06-13 10:23:10,0.4363692118981907,0
1902,0509,2,2026-06-13 10:23:10,0.9429622815087396,0
1903,0616,2,2026-06-13 10:23:10,0.6721864458754984,0
1904,0695,2,2026-06-13 10:23:10,0.0981294081570070,0
1905,0809,2,2026-06-13 10:23:10,0.7200245323520392,0
1906,0908,2,2026-06-13 10:23:10,0.4363692118981907,0
1907,0065,2,2026-06-13 10:23:20,0.6041091689665746,0
1908,0087,2,2026-06-13 10:23:20,0.7200245323520392,0
1909,0157,2,2026-06-13 10:23:20,0.8613922109782275,1
1910,0166,2,2026-06-13 10:23:20,0.4363692118981907,0
1911,0268,2,2026-06-13 10:23:20,0.6041091689665746,0
1912,0509,2,2026-06-13 10:23:20,0.9429622815087396,0
1913,0616,2,2026-06-13 10:23:20,0.6721864458754984,0
1914,0695,2,2026-06-13 10:23:20,0.0981294081570070,0
1915,0809,2,2026-06-13 10:23:20,0.7200245323520392,0
1916,0908,2,2026-06-13 10:23:20,0.4363692118981907,0
1917,0065,2,2026-06-13 10:23:30,0.6041091689665746,0
1918,0087,2,2026-06-13 10:23:30,0.7200245323520392,0
1919,0102,2,2026-06-13 10:23:30,0.8003679852805887,0
1920,0157,2,2026-06-13 10:23:30,0.8613922109782275,0
1921,0166,2,2026-06-13 10:23:30,0.4363692118981907,0
1922,0268,2,2026-06-13 10:23:30,0.6041091689665746,0
1923,0509,2,2026-06-13 10:23:30,0.9429622815087396,0
1924,0616,2,2026-06-13 10:23:30,0.6721864458754984,0
1925,0695,2,2026-06-13 10:23:30,0.0981294081570070,0
1926,0809,2,2026-06-13 10:23:30,0.7200245323520392,1
1927,0065,2,2026-06-13 10:23:40,0.6041091689665746,0
1928,0087,2,2026-06-13 10:23:40,0.7200245323520392,0
1929,0102,2,2026-06-13 10:23:40,0.8003679852805887,0
1930,0157,2,2026-06-13 10:23:40,0.8613922109782275,0
1931,0166,2,2026-06-13 10:23:40,0.4363692118981907,0
1932,0268,2,2026-06-13 10:23:40,0.6041091689665746,0
1933,0379,2,2026-06-13 10:23:40,0.8613922109782275,0
1934,0509,2,2026-06-13 10:23:40,0.9429622815087396,0
1935,0616,2,2026-06-13 10:23:40,0.6721864458754984,0
1936,0683,2,2026-06-13 10:23:40,0.8613922109782275,1
1937,0695,2,2026-06-13 10:23:40,0.0981294081570070,0
1938,0769,2,2026-06-13 10:23:40,0.9429622815087396,0
1939,0809,2,2026-06-13 10:23:40,0.7200245323520392,0
1940,0840,2,2026-06-13 10:23:40,0.9429622815087396,0
1941,0053,2,2026-06-13 10:23:50,0.1536338546458142,0
1942,0065,2,2026-06-13 10:23:50,0.6041091689665746,0
1943,0087,2,2026-06-13 10:23:50,0.7200245323520392,0
1944,0102,2,2026-06-13 10:23:50,0.8003679852805887,0
1945,0157,2,2026-06-13 10:23:50,0.8613922109782275,0
1946,0166,2,2026-06-13 10:23:50,0.4363692118981907,0
1947,0268,2,2026-06-13 10:23:50,0.6041091689665746,0
1948,0379,2,2026-06-13 10:23:50,0.8613922109782275,0
1949,0478,2,2026-06-13 10:23:50,0.0981294081570070,0
1950,0509,2,2026-06-13 10:23:50,0.9429622815087396,0
1951,0530,2,2026-06-13 10:23:50,0.7200245323520392,0
1952,0616,2,2026-06-13 10:23:50,0.6721864458754984,0
1953,0683,2,2026-06-13 10:23:50,0.8613922109782275,1
1954,0684,2,2026-06-13 10:23:50,0.4363692118981907,0
1955,0695,2,2026-06-13 10:23:50,0.0981294081570070,0
1956,0731,2,2026-06-13 10:23:50,0.6721864458754984,0
1957,0769,2,2026-06-13 10:23:50,0.9429622815087396,0
1958,0809,2,2026-06-13 10:23:50,0.7200245323520392,0
1959,0840,2,2026-06-13 10:23:50,0.9429622815087396,0
1960,0841,2,2026-06-13 10:23:50,0.7200245323520392,0
1961,0053,2,2026-06-13 10:24:00,0.1536338546458142,0
1962,0087,2,2026-06-13 10:24:00,0.7200245323520392,0
1963,0102,2,2026-06-13 10:24:00,0.8003679852805887,0
1964,0157,2,2026-06-13 10:24:00,0.8613922109782275,0
1965,0229,2,2026-06-13 10:24:00,0.6721864458754984,0
1966,0268,2,2026-06-13 10:24:00,0.6041091689665746,0
1967,0379,2,2026-06-13 10:24:00,0.8613922109782275,0
1968,0442,2,2026-06-13 10:24:00,0.8003679852805887,0
1969,0478,2,2026-06-13 10:24:00,0.0981294081570070,0
1970,0486,2,2026-06-13 10:24:00,0.5338853112542165,0
1971,0509,2,2026-06-13 10:24:00,0.9429622815087396,0
1972,0530,2,2026-06-13 10:24:00,0.7200245323520392,0
1973,0538,2,2026-06-13 10:24:00,0.5338853112542165,0
1974,0616,2,2026-06-13 10:24:00,0.6721864458754984,0
1975,0683,2,2026-06-13 10:24:00,0.8613922109782275,0
1976,0684,2,2026-06-13 10:24:00,0.4363692118981907,0
1977,0695,2,2026-06-13 10:24:00,0.0981294081570070,0
1978,0731,2,2026-06-13 10:24:00,0.6721864458754984,0
1979,0769,2,2026-06-13 10:24:00,0.9429622815087396,0
1980,0809,2,2026-06-13 10:24:00,0.7200245323520392,0
1981,0840,2,2026-06-13 10:24:00,0.9429622815087396,1
1982,0841,2,2026-06-13 10:24:00,0.7200245323520392,0
1983,0853,2,2026-06-13 10:24:00,0.1536338546458142,0
1984,0053,2,2026-06-13 10:24:10,0.1536338546458142,0
1985,0087,2,2026-06-13 10:24:10,0.7200245323520392,0
1986,0102,2,2026-06-13 10:24:10,0.8003679852805887,0
1987,0157,2,2026-06-13 10:24:10,0.8613922109782275,0
1988,0229,2,2026-06-13 10:24:10,0.6721864458754984,0
1989,0268,2,2026-06-13 10:24:10,0.6041091689665746,0
1990,0317,2,2026-06-13 10:24:10,0.1536338546458142,0
1991,0379,2,2026-06-13 10:24:10,0.8613922109782275,0
1992,0442,2,2026-06-13 10:24:10,0.8003679852805887,0
1993,0478,2,2026-06-13 10:24:10,0.0981294081570070,0
1994,0486,2,2026-06-13 10:24:10,0.5338853112542165,1
1995,0509,2,2026-06-13 10:24:10,0.9429622815087396,0
1996,0530,2,2026-06-13 10:24:10,0.7200245323520392,0
1997,0538,2,2026-06-13 10:24:10,0.5338853112542165,0
1998,0575,2,2026-06-13 10:24:10,0.9429622815087396,0
1999,0616,2,2026-06-13 10:24:10,0.6721864458754984,0
2000,0683,2,2026-06-13 10:24:10,0.8613922109782275,0
2001,0684,2,2026-06-13 10:24:10,0.4363692118981907,0
2002,0695,2,2026-06-13 10:24:10,0.0981294081570070,0
2003,0731,2,2026-06-13 10:24:10,0.6721864458754984,0
2004,0769,2,2026-06-13 10:24:10,0.9429622815087396,0
2005,0809,2,2026-06-13 10:24:10,0.7200245323520392,0
2006,0840,2,2026-06-13 10:24:10,0.9429622815087396,0
2007,0841,2,2026-06-13 10:24:10,0.7200245323520392,0
2008,0853,2,2026-06-13 10:24:10,0.1536338546458142,0
2009,0053,2,2026-06-13 10:24:20,0.1536338546458142,1
2010,0087,2,2026-06-13 10:24:20,0.7200245323520392,0
2011,0102,2,2026-06-13 10:24:20,0.8003679852805887,0
2012,0157,2,2026-06-13 10:24:20,0.8613922109782275,0
2013,0180,2,2026-06-13 10:24:20,0.8003679852805887,0
2014,0229,2,2026-06-13 10:24:20,0.6721864458754984,0
2015,0268,2,2026-06-13 10:24:20,0.6041091689665746,0
2016,0317,2,2026-06-13 10:24:20,0.1536338546458142,0
2017,0379,2,2026-06-13 10:24:20,0.8613922109782275,0
2018,0442,2,2026-06-13 10:24:20,0.8003679852805887,0
2019,0478,2,2026-06-13 10:24:20,0.0981294081570070,0
2020,0486,2,2026-06-13 10:24:20,0.5338853112542165,0
2021,0491,2,2026-06-13 10:24:20,1.0000000000000000,0
2022,0509,2,2026-06-13 10:24:20,0.9429622815087396,0
2023,0530,2,2026-06-13 10:24:20,0.7200245323520392,0
2024,0538,2,2026-06-13 10:24:20,0.5338853112542165,0
2025,0575,2,2026-06-13 10:24:20,0.9429622815087396,0
2026,0616,2,2026-06-13 10:24:20,0.6721864458754984,0
2027,0683,2,2026-06-13 10:24:20,0.8613922109782275,0
2028,0684,2,2026-06-13 10:24:20,0.4363692118981907,0
2029,0695,2,2026-06-13 10:24:20,0.0981294081570070,0
2030,0731,2,2026-06-13 10:24:20,0.6721864458754984,0
2031,0769,2,2026-06-13 10:24:20,0.9429622815087396,0
2032,0809,2,2026-06-13 10:24:20,0.7200245323520392,0
2033,0840,2,2026-06-13 10:24:20,0.9429622815087396,0
2034,0841,2,2026-06-13 10:24:20,0.7200245323520392,0
2035,0853,2,2026-06-13 10:24:20,0.1536338546458142,0
2036,0053,2,2026-06-13 10:24:30,0.1536338546458142,0
2037,0087,2,2026-06-13 10:24:30,0.7200245323520392,0
2038,0102,2,2026-06-13 10:24:30,0.8003679852805887,0
2039,0180,2,2026-06-13 10:24:30,0.8003679852805887,0
2040,0229,2,2026-06-13 10:24:30,0.6721864458754984,0
2041,0268,2,2026-06-13 10:24:30,0.6041091689665746,0
2042,0317,2,2026-06-13 10:24:30,0.1536338546458142,0
2043,0379,2,2026-06-13 10:24:30,0.8613922109782275,0
2044,0424,2,2026-06-13 10:24:30,0.3422263109475621,0
2045,0442,2,2026-06-13 10:24:30,0.8003679852805887,0
2046,0475,2,2026-06-13 10:24:30,0.8003679852805887,0
2047,0478,2,2026-06-13 10:24:30,0.0981294081570070,0
2048,0486,2,2026-06-13 10:24:30,0.5338853112542165,0
2049,0491,2,2026-06-13 10:24:30,1.0000000000000000,0
2050,0509,2,2026-06-13 10:24:30,0.9429622815087396,0
2051,0530,2,2026-06-13 10:24:30,0.7200245323520392,0
2052,0538,2,2026-06-13 10:24:30,0.5338853112542165,0
2053,0575,2,2026-06-13 10:24:30,0.9429622815087396,0
2054,0683,2,2026-06-13 10:24:30,0.8613922109782275,0
2055,0684,2,2026-06-13 10:24:30,0.4363692118981907,0
2056,0695,2,2026-06-13 10:24:30,0.0981294081570070,0
2057,0731,2,2026-06-13 10:24:30,0.6721864458754984,0
2058,0769,2,2026-06-13 10:24:30,0.9429622815087396,0
2059,0809,2,2026-06-13 10:24:30,0.7200245323520392,0
2060,0840,2,2026-06-13 10:24:30,0.9429622815087396,1
2061,0841,2,2026-06-13 10:24:30,0.7200245323520392,0
2062,0853,2,2026-06-13 10:24:30,0.1536338546458142,0
2063,0087,2,2026-06-13 10:24:40,0.7200245323520392,0
2064,0102,2,2026-06-13 10:24:40,0.8003679852805887,0
2065,0180,2,2026-06-13 10:24:40,0.8003679852805887,0
2066,0229,2,2026-06-13 10:24:40,0.6721864458754984,0
2067,0268,2,2026-06-13 10:24:40,0.6041091689665746,0
2068,0273,2,2026-06-13 10:24:40,0.8613922109782275,0
2069,0317,2,2026-06-13 10:24:40,0.1536338546458142,0
2070,0379,2,2026-06-13 10:24:40,0.8613922109782275,0
2071,0424,2,2026-06-13 10:24:40,0.3422263109475621,0
2072,0442,2,2026-06-13 10:24:40,0.8003679852805887,0
2073,0475,2,2026-06-13 10:24:40,0.8003679852805887,0
2074,0478,2,2026-06-13 10:24:40,0.0981294081570070,0
2075,0486,2,2026-06-13 10:24:40,0.5338853112542165,0
2076,0491,2,2026-06-13 10:24:40,1.0000000000000000,0
2077,0509,2,2026-06-13 10:24:40,0.9429622815087396,0
2078,0530,2,2026-06-13 10:24:40,0.7200245323520392,0
2079,0538,2,2026-06-13 10:24:40,0.5338853112542165,0
2080,0575,2,2026-06-13 10:24:40,0.9429622815087396,0
2081,0684,2,2026-06-13 10:24:40,0.4363692118981907,0
2082,0731,2,2026-06-13 10:24:40,0.6721864458754984,0
2083,0769,2,2026-06-13 10:24:40,0.9429622815087396,0
2084,0841,2,2026-06-13 10:24:40,0.7200245323520392,0
2085,0853,2,2026-06-13 10:24:40,0.1536338546458142,0
2086,0102,2,2026-06-13 10:24:50,0.8003679852805887,0
2087,0180,2,2026-06-13 10:24:50,0.8003679852805887,0
2088,0229,2,2026-06-13 10:24:50,0.6721864458754984,0
2089,0268,2,2026-06-13 10:24:50,0.6041091689665746,0
2090,0273,2,2026-06-13 10:24:50,0.8613922109782275,0
2091,0317,2,2026-06-13 10:24:50,0.1536338546458142,0
2092,0379,2,2026-06-13 10:24:50,0.8613922109782275,0
2093,0424,2,2026-06-13 10:24:50,0.3422263109475621,0
2094,0442,2,2026-06-13 10:24:50,0.8003679852805887,0
2095,0475,2,2026-06-13 10:24:50,0.8003679852805887,0
2096,0478,2,2026-06-13 10:24:50,0.0981294081570070,0
2097,0486,2,2026-06-13 10:24:50,0.5338853112542165,0
2098,0491,2,2026-06-13 10:24:50,1.0000000000000000,0
2099,0509,2,2026-06-13 10:24:50,0.9429622815087396,0
2100,0530,2,2026-06-13 10:24:50,0.7200245323520392,0
2101,0538,2,2026-06-13 10:24:50,0.5338853112542165,0
2102,0575,2,2026-06-13 10:24:50,0.9429622815087396,0
2103,0684,2,2026-06-13 10:24:50,0.4363692118981907,0
2104,0731,2,2026-06-13 10:24:50,0.6721864458754984,0
2105,0769,2,2026-06-13 10:24:50,0.9429622815087396,0
2106,0841,2,2026-06-13 10:24:50,0.7200245323520392,1
2107,0180,2,2026-06-13 10:25:00,0.8003679852805887,0
2108,0229,2,2026-06-13 10:25:00,0.6721864458754984,0
2109,0268,2,2026-06-13 10:25:00,0.6041091689665746,0
2110,0273,2,2026-06-13 10:25:00,0.8613922109782275,0
2111,0317,2,2026-06-13 10:25:00,0.1536338546458142,0
2112,0379,2,2026-06-13 10:25:00,0.8613922109782275,0
2113,0424,2,2026-06-13 10:25:00,0.3422263109475621,0
2114,0425,2,2026-06-13 10:25:00,0.8003679852805887,0
2115,0442,2,2026-06-13 10:25:00,0.8003679852805887,0
2116,0475,2,2026-06-13 10:25:00,0.8003679852805887,0
2117,0491,2,2026-06-13 10:25:00,1.0000000000000000,0
2118,0530,2,2026-06-13 10:25:00,0.7200245323520392,0
2119,0538,2,2026-06-13 10:25:00,0.5338853112542165,0
2120,0575,2,2026-06-13 10:25:00,0.9429622815087396,0
2121,0731,2,2026-06-13 10:25:00,0.6721864458754984,1
2122,0769,2,2026-06-13 10:25:00,0.9429622815087396,0
2123,0841,2,2026-06-13 10:25:00,0.7200245323520392,0
2124,0180,2,2026-06-13 10:25:10,0.8003679852805887,0
2125,0229,2,2026-06-13 10:25:10,0.6721864458754984,0
2126,0268,2,2026-06-13 10:25:10,0.6041091689665746,0
2127,0273,2,2026-06-13 10:25:10,0.8613922109782275,0
2128,0308,2,2026-06-13 10:25:10,0.3422263109475621,0
2129,0317,2,2026-06-13 10:25:10,0.1536338546458142,0
2130,0375,2,2026-06-13 10:25:10,0.5338853112542165,0
2131,0379,2,2026-06-13 10:25:10,0.8613922109782275,0
2132,0424,2,2026-06-13 10:25:10,0.3422263109475621,0
2133,0425,2,2026-06-13 10:25:10,0.8003679852805887,0
2134,0442,2,2026-06-13 10:25:10,0.8003679852805887,0
2135,0475,2,2026-06-13 10:25:10,0.8003679852805887,0
2136,0491,2,2026-06-13 10:25:10,1.0000000000000000,0
2137,0530,2,2026-06-13 10:25:10,0.7200245323520392,0
2138,0538,2,2026-06-13 10:25:10,0.5338853112542165,0
2139,0575,2,2026-06-13 10:25:10,0.9429622815087396,0
2140,0731,2,2026-06-13 10:25:10,0.6721864458754984,0
2141,0769,2,2026-06-13 10:25:10,0.9429622815087396,1
2142,0841,2,2026-06-13 10:25:10,0.7200245323520392,0
2143,0229,2,2026-06-13 10:25:20,0.6721864458754984,0
2144,0273,2,2026-06-13 10:25:20,0.8613922109782275,0
2145,0308,2,2026-06-13 10:25:20,0.3422263109475621,0
2146,0317,2,2026-06-13 10:25:20,0.1536338546458142,0
2147,0375,2,2026-06-13 10:25:20,0.5338853112542165,0
2148,0379,2,2026-06-13 10:25:20,0.8613922109782275,0
2149,0424,2,2026-06-13 10:25:20,0.3422263109475621,0
2150,0425,2,2026-06-13 10:25:20,0.8003679852805887,0
2151,0442,2,2026-06-13 10:25:20,0.8003679852805887,0
2152,0491,2,2026-06-13 10:25:20,1.0000000000000000,0
2153,0530,2,2026-06-13 10:25:20,0.7200245323520392,0
2154,0538,2,2026-06-13 10:25:20,0.5338853112542165,0
2155,0575,2,2026-06-13 10:25:20,0.9429622815087396,0
2156,0731,2,2026-06-13 10:25:20,0.6721864458754984,0
2157,0769,2,2026-06-13 10:25:20,0.9429622815087396,0
2158,0841,2,2026-06-13 10:25:20,0.7200245323520392,1
2159,0229,2,2026-06-13 10:25:30,0.6721864458754984,0
2160,0273,2,2026-06-13 10:25:30,0.8613922109782275,0
2161,0308,2,2026-06-13 10:25:30,0.3422263109475621,0
2162,0317,2,2026-06-13 10:25:30,0.1536338546458142,0
2163,0375,2,2026-06-13 10:25:30,0.5338853112542165,0
2164,0379,2,2026-06-13 10:25:30,0.8613922109782275,0
2165,0424,2,2026-06-13 10:25:30,0.3422263109475621,0
2166,0425,2,2026-06-13 10:25:30,0.8003679852805887,0
2167,0442,2,2026-06-13 10:25:30,0.8003679852805887,0
2168,0491,2,2026-06-13 10:25:30,1.0000000000000000,0
2169,0530,2,2026-06-13 10:25:30,0.7200245323520392,1
2170,0538,2,2026-06-13 10:25:30,0.5338853112542165,0
2171,0575,2,2026-06-13 10:25:30,0.9429622815087396,0
2172,0731,2,2026-06-13 10:25:30,0.6721864458754984,0
2173,0769,2,2026-06-13 10:25:30,0.9429622815087396,0
2174,0801,2,2026-06-13 10:25:30,0.0981294081570070,0
2175,0841,2,2026-06-13 10:25:30,0.7200245323520392,0
2176,0229,2,2026-06-13 10:25:40,0.6721864458754984,0
2177,0308,2,2026-06-13 10:25:40,0.3422263109475621,0
2178,0317,2,2026-06-13 10:25:40,0.1536338546458142,0
2179,0375,2,2026-06-13 10:25:40,0.5338853112542165,0
2180,0424,2,2026-06-13 10:25:40,0.3422263109475621,0
2181,0425,2,2026-06-13 10:25:40,0.8003679852805887,0
2182,0442,2,2026-06-13 10:25:40,0.8003679852805887,1
2183,0491,2,2026-06-13 10:25:40,1.0000000000000000,0
2184,0538,2,2026-06-13 10:25:40,0.5338853112542165,0
2185,0575,2,2026-06-13 10:25:40,0.9429622815087396,0
2186,0731,2,2026-06-13 10:25:40,0.6721864458754984,0
2187,0801,2,2026-06-13 10:25:40,0.0981294081570070,0
2188,0308,2,2026-06-13 10:25:50,0.3422263109475621,0
2189,0317,2,2026-06-13 10:25:50,0.1536338546458142,0
2190,0375,2,2026-06-13 10:25:50,0.5338853112542165,0
2191,0424,2,2026-06-13 10:25:50,0.3422263109475621,0
2192,0425,2,2026-06-13 10:25:50,0.8003679852805887,0
2193,0491,2,2026-06-13 10:25:50,1.0000000000000000,0
2194,0575,2,2026-06-13 10:25:50,0.9429622815087396,1
2195,0801,2,2026-06-13 10:25:50,0.0981294081570070,0
2196,0308,2,2026-06-13 10:26:00,0.3422263109475621,0
2197,0375,2,2026-06-13 10:26:00,0.5338853112542165,0
2198,0424,2,2026-06-13 10:26:00,0.3422263109475621,0
2199,0425,2,2026-06-13 10:26:00,0.8003679852805887,0
2200,0491,2,2026-06-13 10:26:00,1.0000000000000000,1
2201,0575,2,2026-06-13 10:26:00,0.9429622815087396,0
2202,0308,2,2026-06-13 10:26:10,0.3422263109475621,0
2203,0375,2,2026-06-13 10:26:10,0.5338853112542165,0
2204,0424,2,2026-06-13 10:26:10,0.3422263109475621,1
2205,0425,2,2026-06-13 10:26:10,0.8003679852805887,0
2206,0449,2,2026-06-13 10:26:10,0.1536338546458142,0
2207,0308,2,2026-06-13 10:26:20,0.3422263109475621,0
2208,0375,2,2026-06-13 10:26:20,0.5338853112542165,0
2209,0425,2,2026-06-13 10:26:20,0.8003679852805887,1
2210,0449,2,2026-06-13 10:26:20,0.1536338546458142,0
2211,0308,2,2026-06-13 10:26:30,0.3422263109475621,0
2212,0375,2,2026-06-13 10:26:30,0.5338853112542165,1
2213,0425,2,2026-06-13 10:26:30,0.8003679852805887,0
2214,0449,2,2026-06-13 10:26:30,0.1536338546458142,0
2215,0375,2,2026-06-13 10:26:40,0.5338853112542165,0
2216,0425,2,2026-06-13 10:26:40,0.8003679852805887,0
2217,0449,2,2026-06-13 10:26:40,0.1536338546458142,0
2218,0988,2,2026-06-13 10:26:40,0.8613922109782275,0
2219,0375,2,2026-06-13 10:26:50,0.5338853112542165,0
2220,0988,2,2026-06-13 10:26:50,0.8613922109782275,0
2221,0375,2,2026-06-13 10:27:00,0.5338853112542165,1
2222,0988,2,2026-06-13 10:27:00,0.8613922109782275,0
2223,0988,2,2026-06-13 10:27:10,0.8613922109782275,0
2224,0988,2,2026-06-13 10:27:20,0.8613922109782275,0
2225,0988,2,2026-06-13 10:27:30,0.8613922109782275,1
2226,0995,2,2026-06-13 10:27:30,0.2217111315547378,0
2227,0495,2,2026-06-13 10:27:40,1.0000000000000000,0
2228,0988,2,2026-06-13 10:27:40,0.8613922109782275,0
2229,0995,2,2026-06-13 10:27:40,0.2217111315547378,0
2230,0495,2,2026-06-13 10:27:50,1.0000000000000000,1
2231,0988,2,2026-06-13 10:27:50,0.8613922109782275,0
2232,0995,2,2026-06-13 10:27:50,0.2217111315547378,0
2233,0495,2,2026-06-13 10:28:00,1.0000000000000000,0
2234,0988,2,2026-06-13 10:28:00,0.8613922109782275,0
2235,0995,2,2026-06-13 10:28:00,0.2217111315547378,0
2236,0495,2,2026-06-13 10:28:10,1.0000000000000000,1
2237,0745,2,2026-06-13 10:28:10,0.0981294081570070,0
2238,0988,2,2026-06-13 10:28:10,0.8613922109782275,0
2239,0995,2,2026-06-13 10:28:10,0.2217111315547378,0
2240,0495,2,2026-06-13 10:28:20,1.0000000000000000,0
2241,0745,2,2026-06-13 10:28:20,0.0981294081570070,0
2242,0988,2,2026-06-13 10:28:20,0.8613922109782275,0
2243,0995,2,2026-06-13 10:28:20,0.2217111315547378,0
2244,0495,2,2026-06-13 10:28:30,1.0000000000000000,0
2245,0745,2,2026-06-13 10:28:30,0.0981294081570070,0
2246,0995,2,2026-06-13 10:28:30,0.2217111315547378,1
2247,0495,2,2026-06-13 10:28:40,1.0000000000000000,0
2248,0745,2,2026-06-13 10:28:40,0.0981294081570070,0
2249,0995,2,2026-06-13 10:28:40,0.2217111315547378,0
2250,0495,2,2026-06-13 10:28:50,1.0000000000000000,0
2251,0745,2,2026-06-13 10:28:50,0.0981294081570070,0
2252,0995,2,2026-06-13 10:28:50,0.2217111315547378,0
2253,0495,2,2026-06-13 10:29:00,1.0000000000000000,0
2254,0745,2,2026-06-13 10:29:00,0.0981294081570070,0
2255,0995,2,2026-06-13 10:29:00,0.2217111315547378,0
2256,0495,2,2026-06-13 10:29:10,1.0000000000000000,0
2257,0745,2,2026-06-13 10:29:10,0.0981294081570070,0
2258,0995,2,2026-06-13 10:29:10,0.2217111315547378,0
2259,0495,2,2026-06-13 10:29:20,1.0000000000000000,0
2260,0745,2,2026-06-13 10:29:20,0.0981294081570070,0
2261,0995,2,2026-06-13 10:29:20,0.2217111315547378,0
2262,0745,2,2026-06-13 10:29:30,0.0981294081570070,1
2263,0745,2,2026-06-13 10:29:40,0.0981294081570070,0
2264,0745,2,2026-06-13 10:29:50,0.0981294081570070,0
2265,0745,2,2026-06-13 10:30:00,0.0981294081570070,0
2266,0106,2,2026-06-13 10:33:50,0.4363692118981907,0
2267,0106,2,2026-06-13 10:34:00,0.4363692118981907,1
2268,0106,2,2026-06-13 10:34:10,0.4363692118981907,0
2269,0106,2,2026-06-13 10:34:20,0.4363692118981907,0
2270,0106,2,2026-06-13 10:34:30,0.4363692118981907,1
2271,0106,2,2026-06-13 10:34:40,0.4363692118981907,0
2272,0106,2,2026-06-13 10:34:50,0.4363692118981907,0
2273,0106,2,2026-06-13 10:35:00,0.4363692118981907,0
2274,0106,2,2026-06-13 10:35:10,0.4363692118981907,0
2275,0106,2,2026-06-13 10:35:20,0.4363692118981907,0
2276,0106,2,2026-06-13 10:35:30,0.4363692118981907,0
2277,0503,2,2026-06-13 10:35:40,0.8003679852805887,1
2278,0171,2,2026-06-13 10:35:50,0.6721864458754984,1
2279,0423,2,2026-06-13 10:35:50,0.9429622815087396,0
2280,0503,2,2026-06-13 10:35:50,0.8003679852805887,0
2281,0832,2,2026-06-13 10:35:50,0.0981294081570070,0
2282,0859,2,2026-06-13 10:35:50,0.3422263109475621,0
2283,0171,2,2026-06-13 10:36:00,0.6721864458754984,0
2284,0423,2,2026-06-13 10:36:00,0.9429622815087396,0
2285,0503,2,2026-06-13 10:36:00,0.8003679852805887,0
2286,0832,2,2026-06-13 10:36:00,0.0981294081570070,1
2287,0859,2,2026-06-13 10:36:00,0.3422263109475621,0
2288,0171,2,2026-06-13 10:36:10,0.6721864458754984,0
2289,0423,2,2026-06-13 10:36:10,0.9429622815087396,1
2290,0503,2,2026-06-13 10:36:10,0.8003679852805887,0
2291,0832,2,2026-06-13 10:36:10,0.0981294081570070,0
2292,0859,2,2026-06-13 10:36:10,0.3422263109475621,0
2293,0171,2,2026-06-13 10:36:20,0.6721864458754984,1
2294,0423,2,2026-06-13 10:36:20,0.9429622815087396,0
2295,0503,2,2026-06-13 10:36:20,0.8003679852805887,0
2296,0832,2,2026-06-13 10:36:20,0.0981294081570070,0
2297,0859,2,2026-06-13 10:36:20,0.3422263109475621,0
2298,0171,2,2026-06-13 10:36:30,0.6721864458754984,0
2299,0423,2,2026-06-13 10:36:30,0.9429622815087396,0
2300,0503,2,2026-06-13 10:36:30,0.8003679852805887,0
2301,0832,2,2026-06-13 10:36:30,0.0981294081570070,1
2302,0859,2,2026-06-13 10:36:30,0.3422263109475621,0
2303,0171,2,2026-06-13 10:36:40,0.6721864458754984,0
2304,0423,2,2026-06-13 10:36:40,0.9429622815087396,1
2305,0462,2,2026-06-13 10:36:40,0.4363692118981907,0
2306,0503,2,2026-06-13 10:36:40,0.8003679852805887,0
2307,0832,2,2026-06-13 10:36:40,0.0981294081570070,0
2308,0859,2,2026-06-13 10:36:40,0.3422263109475621,0
2309,0171,2,2026-06-13 10:36:50,0.6721864458754984,0
2310,0423,2,2026-06-13 10:36:50,0.9429622815087396,0
2311,0462,2,2026-06-13 10:36:50,0.4363692118981907,0
2312,0503,2,2026-06-13 10:36:50,0.8003679852805887,0
2313,0832,2,2026-06-13 10:36:50,0.0981294081570070,0
2314,0859,2,2026-06-13 10:36:50,0.3422263109475621,1
2315,0171,2,2026-06-13 10:37:00,0.6721864458754984,0
2316,0423,2,2026-06-13 10:37:00,0.9429622815087396,0
2317,0462,2,2026-06-13 10:37:00,0.4363692118981907,0
2318,0859,2,2026-06-13 10:37:00,0.3422263109475621,0
2319,0171,2,2026-06-13 10:37:10,0.6721864458754984,0
2320,0423,2,2026-06-13 10:37:10,0.9429622815087396,0
2321,0462,2,2026-06-13 10:37:10,0.4363692118981907,1
2322,0859,2,2026-06-13 10:37:10,0.3422263109475621,0
2323,0423,2,2026-06-13 10:37:20,0.9429622815087396,0
2324,0462,2,2026-06-13 10:37:20,0.4363692118981907,0
2325,0859,2,2026-06-13 10:37:20,0.3422263109475621,0
2326,0462,2,2026-06-13 10:37:30,0.4363692118981907,0
2327,0859,2,2026-06-13 10:37:30,0.3422263109475621,0
2328,0462,2,2026-06-13 10:37:40,0.4363692118981907,0
2329,0859,2,2026-06-13 10:37:40,0.3422263109475621,0
2330,0917,2,2026-06-13 12:01:00,0.6721864458754984,0
2331,0917,2,2026-06-13 12:01:10,0.6721864458754984,0
2332,0917,2,2026-06-13 12:01:20,0.6721864458754984,0
2333,0917,2,2026-06-13 12:01:30,0.6721864458754984,0
2334,0917,2,2026-06-13 12:01:40,0.6721864458754984,0
2335,0917,2,2026-06-13 12:01:50,0.6721864458754984,0
2336,0917,2,2026-06-13 12:02:00,0.6721864458754984,0
2337,0917,2,2026-06-13 12:02:10,0.6721864458754984,0
2338,0917,2,2026-06-13 12:02:20,0.6721864458754984,0
2339,0935,2,2026-06-13 13:56:40,0.6041091689665746,0
2340,0935,2,2026-06-13 13:56:50,0.6041091689665746,0
2341,0935,2,2026-06-13 13:57:00,0.6041091689665746,0
2342,0935,2,2026-06-13 13:57:10,0.6041091689665746,0
2343,0935,2,2026-06-13 13:57:20,0.6041091689665746,0
2344,0935,2,2026-06-13 13:57:30,0.6041091689665746,0
2345,0935,2,2026-06-13 13:57:40,0.6041091689665746,1
2346,0935,2,2026-06-13 13:57:50,0.6041091689665746,0
2347,0407,2,2026-06-13 14:00:40,0.8613922109782275,0
2348,0407,2,2026-06-13 14:00:50,0.8613922109782275,0
2349,0407,2,2026-06-13 14:01:00,0.8613922109782275,0
2350,0407,2,2026-06-13 14:01:10,0.8613922109782275,0
2351,0407,2,2026-06-13 14:01:20,0.8613922109782275,0
2352,0407,2,2026-06-13 14:01:30,0.8613922109782275,0
2353,0407,2,2026-06-13 14:01:40,0.8613922109782275,0
2354,0407,2,2026-06-13 14:01:50,0.8613922109782275,1
2355,0198,2,2026-06-13 14:02:00,0.0981294081570070,0
2356,0407,2,2026-06-13 14:02:00,0.8613922109782275,0
2357,0198,2,2026-06-13 14:02:10,0.0981294081570070,0
2358,0407,2,2026-06-13 14:02:10,0.8613922109782275,0
2359,0543,2,2026-06-13 14:02:10,0.6041091689665746,0
2360,0198,2,2026-06-13 14:02:20,0.0981294081570070,0
2361,0407,2,2026-06-13 14:02:20,0.8613922109782275,1
2362,0543,2,2026-06-13 14:02:20,0.6041091689665746,0
2363,0198,2,2026-06-13 14:02:30,0.0981294081570070,0
2364,0407,2,2026-06-13 14:02:30,0.8613922109782275,0
2365,0543,2,2026-06-13 14:02:30,0.6041091689665746,0
2366,0198,2,2026-06-13 14:02:40,0.0981294081570070,0
2367,0543,2,2026-06-13 14:02:40,0.6041091689665746,1
2368,0198,2,2026-06-13 14:02:50,0.0981294081570070,0
2369,0543,2,2026-06-13 14:02:50,0.6041091689665746,0
2370,0198,2,2026-06-13 14:03:00,0.0981294081570070,0
2371,0543,2,2026-06-13 14:03:00,0.6041091689665746,0
2372,0198,2,2026-06-13 14:03:10,0.0981294081570070,1
2373,0543,2,2026-06-13 14:03:10,0.6041091689665746,0
2374,0198,2,2026-06-13 14:03:20,0.0981294081570070,0
2375,0543,2,2026-06-13 14:03:20,0.6041091689665746,0
2376,0198,2,2026-06-13 14:03:30,0.0981294081570070,1
2377,0543,2,2026-06-13 14:03:30,0.6041091689665746,0
2378,0198,2,2026-06-13 14:03:40,0.0981294081570070,0
2379,0543,2,2026-06-13 14:03:40,0.6041091689665746,0
2380,0198,2,2026-06-13 14:03:50,0.0981294081570070,0
2381,0543,2,2026-06-13 14:03:50,0.6041091689665746,0
2382,0543,2,2026-06-13 14:04:00,0.6041091689665746,0
2383,0272,2,2026-06-13 14:04:20,0.6721864458754984,0
2384,0757,2,2026-06-13 14:04:20,0.3422263109475621,0
2385,0272,2,2026-06-13 14:04:30,0.6721864458754984,0
2386,0757,2,2026-06-13 14:04:30,0.3422263109475621,0
2387,0272,2,2026-06-13 14:04:40,0.6721864458754984,1
2388,0757,2,2026-06-13 14:04:40,0.3422263109475621,0
2389,0179,2,2026-06-13 14:04:50,0.4363692118981907,0
2390,0272,2,2026-06-13 14:04:50,0.6721864458754984,0
2391,0756,2,2026-06-13 14:04:50,0.3422263109475621,0
2392,0757,2,2026-06-13 14:04:50,0.3422263109475621,0
2393,0179,2,2026-06-13 14:05:00,0.4363692118981907,1
2394,0272,2,2026-06-13 14:05:00,0.6721864458754984,0
2395,0756,2,2026-06-13 14:05:00,0.3422263109475621,0
2396,0757,2,2026-06-13 14:05:00,0.3422263109475621,0
2397,0179,2,2026-06-13 14:05:10,0.4363692118981907,0
2398,0272,2,2026-06-13 14:05:10,0.6721864458754984,0
2399,0756,2,2026-06-13 14:05:10,0.3422263109475621,0
2400,0757,2,2026-06-13 14:05:10,0.3422263109475621,0
2401,0179,2,2026-06-13 14:05:20,0.4363692118981907,1
2402,0272,2,2026-06-13 14:05:20,0.6721864458754984,0
2403,0756,2,2026-06-13 14:05:20,0.3422263109475621,0
2404,0757,2,2026-06-13 14:05:20,0.3422263109475621,0
2405,0179,2,2026-06-13 14:05:30,0.4363692118981907,0
2406,0272,2,2026-06-13 14:05:30,0.6721864458754984,0
2407,0756,2,2026-06-13 14:05:30,0.3422263109475621,0
2408,0757,2,2026-06-13 14:05:30,0.3422263109475621,0
2409,0179,2,2026-06-13 14:05:40,0.4363692118981907,0
2410,0272,2,2026-06-13 14:05:40,0.6721864458754984,0
2411,0756,2,2026-06-13 14:05:40,0.3422263109475621,0
2412,0757,2,2026-06-13 14:05:40,0.3422263109475621,1
2413,0179,2,2026-06-13 14:05:50,0.4363692118981907,0
2414,0272,2,2026-06-13 14:05:50,0.6721864458754984,0
2415,0756,2,2026-06-13 14:05:50,0.3422263109475621,0
2416,0757,2,2026-06-13 14:05:50,0.3422263109475621,1
2417,0179,2,2026-06-13 14:06:00,0.4363692118981907,0
2418,0756,2,2026-06-13 14:06:00,0.3422263109475621,0
2419,0757,2,2026-06-13 14:06:00,0.3422263109475621,0
2420,0179,2,2026-06-13 14:06:10,0.4363692118981907,0
2421,0754,2,2026-06-13 14:06:10,0.0981294081570070,0
2422,0756,2,2026-06-13 14:06:10,0.3422263109475621,1
2423,0757,2,2026-06-13 14:06:10,0.3422263109475621,0
2424,0179,2,2026-06-13 14:06:20,0.4363692118981907,0
2425,0754,2,2026-06-13 14:06:20,0.0981294081570070,0
2426,0756,2,2026-06-13 14:06:20,0.3422263109475621,0
2427,0179,2,2026-06-13 14:06:30,0.4363692118981907,0
2428,0754,2,2026-06-13 14:06:30,0.0981294081570070,1
2429,0756,2,2026-06-13 14:06:30,0.3422263109475621,0
2430,0179,2,2026-06-13 14:06:40,0.4363692118981907,0
2431,0754,2,2026-06-13 14:06:40,0.0981294081570070,1
2432,0662,2,2026-06-13 15:28:50,0.6041091689665746,0
2433,0662,2,2026-06-13 15:29:00,0.6041091689665746,0
2434,0662,2,2026-06-13 15:29:10,0.6041091689665746,1
2435,0662,2,2026-06-13 15:29:20,0.6041091689665746,0
2436,0662,2,2026-06-13 15:29:30,0.6041091689665746,0
2437,0662,2,2026-06-13 15:29:40,0.6041091689665746,0
2438,0662,2,2026-06-13 15:29:50,0.6041091689665746,0
2439,0662,2,2026-06-13 15:30:00,0.6041091689665746,0
2440,0662,2,2026-06-13 15:30:10,0.6041091689665746,0
2441,0662,2,2026-06-13 15:30:20,0.6041091689665746,0
2442,0662,2,2026-06-13 15:30:30,0.6041091689665746,0
2443,0662,2,2026-06-13 15:30:40,0.6041091689665746,0
2444,0255,2,2026-06-13 15:30:50,0.0981294081570070,1
2445,0694,2,2026-06-13 15:30:50,0.3422263109475621,0
2446,0223,2,2026-06-13 15:31:00,0.5338853112542165,0
2447,0255,2,2026-06-13 15:31:00,0.0981294081570070,0
2448,0694,2,2026-06-13 15:31:00,0.3422263109475621,0
2449,0223,2,2026-06-13 15:31:10,0.5338853112542165,1
2450,0255,2,2026-06-13 15:31:10,0.0981294081570070,0
2451,0694,2,2026-06-13 15:31:10,0.3422263109475621,0
2452,0223,2,2026-06-13 15:31:20,0.5338853112542165,0
2453,0255,2,2026-06-13 15:31:20,0.0981294081570070,0
2454,0694,2,2026-06-13 15:31:20,0.3422263109475621,0
2455,0223,2,2026-06-13 15:31:30,0.5338853112542165,0
2456,0255,2,2026-06-13 15:31:30,0.0981294081570070,0
2457,0694,2,2026-06-13 15:31:30,0.3422263109475621,1
2458,0223,2,2026-06-13 15:31:40,0.5338853112542165,0
2459,0255,2,2026-06-13 15:31:40,0.0981294081570070,0
2460,0694,2,2026-06-13 15:31:40,0.3422263109475621,0
2461,0223,2,2026-06-13 15:31:50,0.5338853112542165,0
2462,0255,2,2026-06-13 15:31:50,0.0981294081570070,1
2463,0694,2,2026-06-13 15:31:50,0.3422263109475621,0
2464,0223,2,2026-06-13 15:32:00,0.5338853112542165,0
2465,0255,2,2026-06-13 15:32:00,0.0981294081570070,0
2466,0694,2,2026-06-13 15:32:00,0.3422263109475621,0
2467,0202,2,2026-06-13 15:32:10,0.3422263109475621,1
2468,0223,2,2026-06-13 15:32:10,0.5338853112542165,0
2469,0255,2,2026-06-13 15:32:10,0.0981294081570070,0
2470,0345,2,2026-06-13 15:32:10,1.0000000000000000,0
2471,0455,2,2026-06-13 15:32:10,0.4363692118981907,0
2472,0694,2,2026-06-13 15:32:10,0.3422263109475621,0
2473,0202,2,2026-06-13 15:32:20,0.3422263109475621,0
2474,0223,2,2026-06-13 15:32:20,0.5338853112542165,0
2475,0255,2,2026-06-13 15:32:20,0.0981294081570070,0
2476,0279,2,2026-06-13 15:32:20,0.3422263109475621,0
2477,0345,2,2026-06-13 15:32:20,1.0000000000000000,0
2478,0455,2,2026-06-13 15:32:20,0.4363692118981907,0
2479,0694,2,2026-06-13 15:32:20,0.3422263109475621,0
2480,0696,2,2026-06-13 15:32:20,0.8003679852805887,1
2481,0202,2,2026-06-13 15:32:30,0.3422263109475621,0
2482,0223,2,2026-06-13 15:32:30,0.5338853112542165,0
2483,0255,2,2026-06-13 15:32:30,0.0981294081570070,0
2484,0279,2,2026-06-13 15:32:30,0.3422263109475621,0
2485,0345,2,2026-06-13 15:32:30,1.0000000000000000,0
2486,0455,2,2026-06-13 15:32:30,0.4363692118981907,0
2487,0694,2,2026-06-13 15:32:30,0.3422263109475621,0
2488,0696,2,2026-06-13 15:32:30,0.8003679852805887,0
2489,0202,2,2026-06-13 15:32:40,0.3422263109475621,0
2490,0223,2,2026-06-13 15:32:40,0.5338853112542165,0
2491,0255,2,2026-06-13 15:32:40,0.0981294081570070,0
2492,0279,2,2026-06-13 15:32:40,0.3422263109475621,1
2493,0345,2,2026-06-13 15:32:40,1.0000000000000000,0
2494,0455,2,2026-06-13 15:32:40,0.4363692118981907,0
2495,0694,2,2026-06-13 15:32:40,0.3422263109475621,0
2496,0696,2,2026-06-13 15:32:40,0.8003679852805887,0
2497,0045,2,2026-06-13 15:32:50,0.8003679852805887,0
2498,0202,2,2026-06-13 15:32:50,0.3422263109475621,0
2499,0223,2,2026-06-13 15:32:50,0.5338853112542165,0
2500,0279,2,2026-06-13 15:32:50,0.3422263109475621,0
2501,0345,2,2026-06-13 15:32:50,1.0000000000000000,0
2502,0455,2,2026-06-13 15:32:50,0.4363692118981907,0
2503,0696,2,2026-06-13 15:32:50,0.8003679852805887,0
2504,0045,2,2026-06-13 15:33:00,0.8003679852805887,0
2505,0202,2,2026-06-13 15:33:00,0.3422263109475621,0
2506,0279,2,2026-06-13 15:33:00,0.3422263109475621,0
2507,0345,2,2026-06-13 15:33:00,1.0000000000000000,0
2508,0455,2,2026-06-13 15:33:00,0.4363692118981907,1
2509,0696,2,2026-06-13 15:33:00,0.8003679852805887,0
2510,0045,2,2026-06-13 15:33:10,0.8003679852805887,0
2511,0202,2,2026-06-13 15:33:10,0.3422263109475621,0
2512,0265,2,2026-06-13 15:33:10,0.3422263109475621,0
2513,0279,2,2026-06-13 15:33:10,0.3422263109475621,0
2514,0345,2,2026-06-13 15:33:10,1.0000000000000000,1
2515,0455,2,2026-06-13 15:33:10,0.4363692118981907,0
2516,0696,2,2026-06-13 15:33:10,0.8003679852805887,0
2517,0045,2,2026-06-13 15:33:20,0.8003679852805887,0
2518,0112,2,2026-06-13 15:33:20,1.0000000000000000,0
2519,0202,2,2026-06-13 15:33:20,0.3422263109475621,0
2520,0265,2,2026-06-13 15:33:20,0.3422263109475621,0
2521,0279,2,2026-06-13 15:33:20,0.3422263109475621,0
2522,0345,2,2026-06-13 15:33:20,1.0000000000000000,0
2523,0455,2,2026-06-13 15:33:20,0.4363692118981907,0
2524,0696,2,2026-06-13 15:33:20,0.8003679852805887,0
2525,0045,2,2026-06-13 15:33:30,0.8003679852805887,1
2526,0112,2,2026-06-13 15:33:30,1.0000000000000000,0
2527,0202,2,2026-06-13 15:33:30,0.3422263109475621,0
2528,0265,2,2026-06-13 15:33:30,0.3422263109475621,0
2529,0279,2,2026-06-13 15:33:30,0.3422263109475621,0
2530,0345,2,2026-06-13 15:33:30,1.0000000000000000,0
2531,0455,2,2026-06-13 15:33:30,0.4363692118981907,0
2532,0696,2,2026-06-13 15:33:30,0.8003679852805887,0
2533,0045,2,2026-06-13 15:33:40,0.8003679852805887,0
2534,0112,2,2026-06-13 15:33:40,1.0000000000000000,0
2535,0202,2,2026-06-13 15:33:40,0.3422263109475621,0
2536,0265,2,2026-06-13 15:33:40,0.3422263109475621,0
2537,0279,2,2026-06-13 15:33:40,0.3422263109475621,0
2538,0345,2,2026-06-13 15:33:40,1.0000000000000000,0
2539,0455,2,2026-06-13 15:33:40,0.4363692118981907,0
2540,0696,2,2026-06-13 15:33:40,0.8003679852805887,0
2541,0045,2,2026-06-13 15:33:50,0.8003679852805887,0
2542,0112,2,2026-06-13 15:33:50,1.0000000000000000,0
2543,0202,2,2026-06-13 15:33:50,0.3422263109475621,0
2544,0265,2,2026-06-13 15:33:50,0.3422263109475621,0
2545,0279,2,2026-06-13 15:33:50,0.3422263109475621,0
2546,0345,2,2026-06-13 15:33:50,1.0000000000000000,0
2547,0455,2,2026-06-13 15:33:50,0.4363692118981907,1
2548,0483,2,2026-06-13 15:33:50,0.2217111315547378,0
2549,0696,2,2026-06-13 15:33:50,0.8003679852805887,0
2550,0045,2,2026-06-13 15:34:00,0.8003679852805887,1
2551,0112,2,2026-06-13 15:34:00,1.0000000000000000,0
2552,0265,2,2026-06-13 15:34:00,0.3422263109475621,0
2553,0345,2,2026-06-13 15:34:00,1.0000000000000000,0
2554,0455,2,2026-06-13 15:34:00,0.4363692118981907,0
2555,0483,2,2026-06-13 15:34:00,0.2217111315547378,0
2556,0696,2,2026-06-13 15:34:00,0.8003679852805887,0
2557,0045,2,2026-06-13 15:34:10,0.8003679852805887,0
2558,0112,2,2026-06-13 15:34:10,1.0000000000000000,0
2559,0265,2,2026-06-13 15:34:10,0.3422263109475621,0
2560,0483,2,2026-06-13 15:34:10,0.2217111315547378,0
2561,0045,2,2026-06-13 15:34:20,0.8003679852805887,0
2562,0112,2,2026-06-13 15:34:20,1.0000000000000000,0
2563,0265,2,2026-06-13 15:34:20,0.3422263109475621,1
2564,0483,2,2026-06-13 15:34:20,0.2217111315547378,0
2565,0045,2,2026-06-13 15:34:30,0.8003679852805887,0
2566,0112,2,2026-06-13 15:34:30,1.0000000000000000,0
2567,0265,2,2026-06-13 15:34:30,0.3422263109475621,1
2568,0483,2,2026-06-13 15:34:30,0.2217111315547378,0
2569,0045,2,2026-06-13 15:34:40,0.8003679852805887,0
2570,0112,2,2026-06-13 15:34:40,1.0000000000000000,0
2571,0265,2,2026-06-13 15:34:40,0.3422263109475621,0
2572,0483,2,2026-06-13 15:34:40,0.2217111315547378,0
2573,0112,2,2026-06-13 15:34:50,1.0000000000000000,1
2574,0265,2,2026-06-13 15:34:50,0.3422263109475621,0
2575,0483,2,2026-06-13 15:34:50,0.2217111315547378,0
2576,0112,2,2026-06-13 15:35:00,1.0000000000000000,0
2577,0254,2,2026-06-13 15:35:00,0.7200245323520392,0
2578,0483,2,2026-06-13 15:35:00,0.2217111315547378,0
2579,0112,2,2026-06-13 15:35:10,1.0000000000000000,0
2580,0254,2,2026-06-13 15:35:10,0.7200245323520392,0
2581,0483,2,2026-06-13 15:35:10,0.2217111315547378,1
2582,0254,2,2026-06-13 15:35:20,0.7200245323520392,0
2583,0483,2,2026-06-13 15:35:20,0.2217111315547378,1
2584,0254,2,2026-06-13 15:35:30,0.7200245323520392,0
2585,0254,2,2026-06-13 15:35:40,0.7200245323520392,0
2586,0254,2,2026-06-13 15:35:50,0.7200245323520392,0
2587,0254,2,2026-06-13 15:36:00,0.7200245323520392,0
2588,0686,2,2026-06-13 15:36:00,0.2217111315547378,1
2589,0254,2,2026-06-13 15:36:10,0.7200245323520392,0
2590,0254,2,2026-06-13 15:36:20,0.7200245323520392,1
2591,0899,2,2026-06-13 17:00:20,0.9429622815087396,1
2592,0195,2,2026-06-13 17:00:30,0.5338853112542165,0
2593,0899,2,2026-06-13 17:00:30,0.9429622815087396,1
2594,0195,2,2026-06-13 17:00:40,0.5338853112542165,0
2595,0899,2,2026-06-13 17:00:40,0.9429622815087396,0
2596,0007,2,2026-06-13 17:00:50,0.5338853112542165,0
2597,0195,2,2026-06-13 17:00:50,0.5338853112542165,1
2598,0899,2,2026-06-13 17:00:50,0.9429622815087396,0
2599,0007,2,2026-06-13 17:01:00,0.5338853112542165,0
2600,0064,2,2026-06-13 17:01:00,1.0000000000000000,1
2601,0195,2,2026-06-13 17:01:00,0.5338853112542165,0
2602,0899,2,2026-06-13 17:01:00,0.9429622815087396,0
2603,0007,2,2026-06-13 17:01:10,0.5338853112542165,0
2604,0064,2,2026-06-13 17:01:10,1.0000000000000000,0
2605,0195,2,2026-06-13 17:01:10,0.5338853112542165,0
2606,0215,2,2026-06-13 17:01:10,0.6721864458754984,0
2607,0262,2,2026-06-13 17:01:10,0.6721864458754984,0
2608,0899,2,2026-06-13 17:01:10,0.9429622815087396,0
2609,0007,2,2026-06-13 17:01:20,0.5338853112542165,0
2610,0064,2,2026-06-13 17:01:20,1.0000000000000000,0
2611,0195,2,2026-06-13 17:01:20,0.5338853112542165,0
2612,0215,2,2026-06-13 17:01:20,0.6721864458754984,0
2613,0262,2,2026-06-13 17:01:20,0.6721864458754984,0
2614,0899,2,2026-06-13 17:01:20,0.9429622815087396,0
2615,0007,2,2026-06-13 17:01:30,0.5338853112542165,1
2616,0064,2,2026-06-13 17:01:30,1.0000000000000000,0
2617,0195,2,2026-06-13 17:01:30,0.5338853112542165,0
2618,0215,2,2026-06-13 17:01:30,0.6721864458754984,0
2619,0262,2,2026-06-13 17:01:30,0.6721864458754984,0
2620,0827,2,2026-06-13 17:01:30,0.8003679852805887,0
2621,0899,2,2026-06-13 17:01:30,0.9429622815087396,0
2622,0007,2,2026-06-13 17:01:40,0.5338853112542165,0
2623,0064,2,2026-06-13 17:01:40,1.0000000000000000,0
2624,0195,2,2026-06-13 17:01:40,0.5338853112542165,0
2625,0215,2,2026-06-13 17:01:40,0.6721864458754984,0
2626,0262,2,2026-06-13 17:01:40,0.6721864458754984,0
2627,0827,2,2026-06-13 17:01:40,0.8003679852805887,0
2628,0899,2,2026-06-13 17:01:40,0.9429622815087396,0
2629,0007,2,2026-06-13 17:01:50,0.5338853112542165,0
2630,0064,2,2026-06-13 17:01:50,1.0000000000000000,0
2631,0195,2,2026-06-13 17:01:50,0.5338853112542165,0
2632,0215,2,2026-06-13 17:01:50,0.6721864458754984,0
2633,0262,2,2026-06-13 17:01:50,0.6721864458754984,0
2634,0827,2,2026-06-13 17:01:50,0.8003679852805887,1
2635,0899,2,2026-06-13 17:01:50,0.9429622815087396,0
2636,0007,2,2026-06-13 17:02:00,0.5338853112542165,0
2637,0195,2,2026-06-13 17:02:00,0.5338853112542165,0
2638,0215,2,2026-06-13 17:02:00,0.6721864458754984,0
2639,0262,2,2026-06-13 17:02:00,0.6721864458754984,0
2640,0827,2,2026-06-13 17:02:00,0.8003679852805887,1
2641,0899,2,2026-06-13 17:02:00,0.9429622815087396,0
2642,0007,2,2026-06-13 17:02:10,0.5338853112542165,0
2643,0195,2,2026-06-13 17:02:10,0.5338853112542165,0
2644,0215,2,2026-06-13 17:02:10,0.6721864458754984,0
2645,0262,2,2026-06-13 17:02:10,0.6721864458754984,0
2646,0827,2,2026-06-13 17:02:10,0.8003679852805887,0
2647,0835,2,2026-06-13 17:02:10,0.2217111315547378,0
2648,0007,2,2026-06-13 17:02:20,0.5338853112542165,0
2649,0215,2,2026-06-13 17:02:20,0.6721864458754984,0
2650,0262,2,2026-06-13 17:02:20,0.6721864458754984,1
2651,0730,2,2026-06-13 17:02:20,0.6041091689665746,0
2652,0827,2,2026-06-13 17:02:20,0.8003679852805887,0
2653,0835,2,2026-06-13 17:02:20,0.2217111315547378,0
2654,0007,2,2026-06-13 17:02:30,0.5338853112542165,0
2655,0215,2,2026-06-13 17:02:30,0.6721864458754984,1
2656,0262,2,2026-06-13 17:02:30,0.6721864458754984,0
2657,0730,2,2026-06-13 17:02:30,0.6041091689665746,0
2658,0827,2,2026-06-13 17:02:30,0.8003679852805887,0
2659,0835,2,2026-06-13 17:02:30,0.2217111315547378,0
2660,0215,2,2026-06-13 17:02:40,0.6721864458754984,0
2661,0262,2,2026-06-13 17:02:40,0.6721864458754984,0
2662,0730,2,2026-06-13 17:02:40,0.6041091689665746,0
2663,0827,2,2026-06-13 17:02:40,0.8003679852805887,0
2664,0835,2,2026-06-13 17:02:40,0.2217111315547378,0
2665,0215,2,2026-06-13 17:02:50,0.6721864458754984,0
2666,0262,2,2026-06-13 17:02:50,0.6721864458754984,0
2667,0730,2,2026-06-13 17:02:50,0.6041091689665746,1
2668,0775,2,2026-06-13 17:02:50,0.2217111315547378,0
2669,0827,2,2026-06-13 17:02:50,0.8003679852805887,0
2670,0835,2,2026-06-13 17:02:50,0.2217111315547378,0
2671,0215,2,2026-06-13 17:03:00,0.6721864458754984,0
2672,0262,2,2026-06-13 17:03:00,0.6721864458754984,0
2673,0730,2,2026-06-13 17:03:00,0.6041091689665746,1
2674,0775,2,2026-06-13 17:03:00,0.2217111315547378,0
2675,0827,2,2026-06-13 17:03:00,0.8003679852805887,0
2676,0835,2,2026-06-13 17:03:00,0.2217111315547378,0
2677,0730,2,2026-06-13 17:03:10,0.6041091689665746,0
2678,0775,2,2026-06-13 17:03:10,0.2217111315547378,0
2679,0835,2,2026-06-13 17:03:10,0.2217111315547378,1
2680,0775,2,2026-06-13 17:03:20,0.2217111315547378,0
2681,0794,2,2026-06-13 17:03:20,0.7200245323520392,0
2682,0835,2,2026-06-13 17:03:20,0.2217111315547378,1
2683,0775,2,2026-06-13 17:03:30,0.2217111315547378,0
2684,0794,2,2026-06-13 17:03:30,0.7200245323520392,0
2685,0835,2,2026-06-13 17:03:30,0.2217111315547378,0
2686,0775,2,2026-06-13 17:03:40,0.2217111315547378,0
2687,0794,2,2026-06-13 17:03:40,0.7200245323520392,1
2688,0775,2,2026-06-13 17:03:50,0.2217111315547378,0
2689,0794,2,2026-06-13 17:03:50,0.7200245323520392,0
2690,0775,2,2026-06-13 17:04:00,0.2217111315547378,0
2691,0794,2,2026-06-13 17:04:00,0.7200245323520392,0
2692,0017,2,2026-06-13 17:04:10,0.8003679852805887,1
2693,0775,2,2026-06-13 17:04:10,0.2217111315547378,0
2694,0794,2,2026-06-13 17:04:10,0.7200245323520392,0
2695,0903,2,2026-06-13 17:04:10,0.8003679852805887,0
2696,0974,2,2026-06-13 17:04:10,1.0000000000000000,0
2697,0017,2,2026-06-13 17:04:20,0.8003679852805887,1
2698,0775,2,2026-06-13 17:04:20,0.2217111315547378,0
2699,0903,2,2026-06-13 17:04:20,0.8003679852805887,0
2700,0974,2,2026-06-13 17:04:20,1.0000000000000000,0
2701,0017,2,2026-06-13 17:04:30,0.8003679852805887,0
2702,0903,2,2026-06-13 17:04:30,0.8003679852805887,0
2703,0974,2,2026-06-13 17:04:30,1.0000000000000000,0
2704,0017,2,2026-06-13 17:04:40,0.8003679852805887,0
2705,0903,2,2026-06-13 17:04:40,0.8003679852805887,0
2706,0974,2,2026-06-13 17:04:40,1.0000000000000000,0
2707,0017,2,2026-06-13 17:04:50,0.8003679852805887,0
2708,0093,2,2026-06-13 17:04:50,0.4363692118981907,0
2709,0903,2,2026-06-13 17:04:50,0.8003679852805887,1
2710,0974,2,2026-06-13 17:04:50,1.0000000000000000,0
2711,0017,2,2026-06-13 17:05:00,0.8003679852805887,0
2712,0093,2,2026-06-13 17:05:00,0.4363692118981907,0
2713,0974,2,2026-06-13 17:05:00,1.0000000000000000,1
2714,0017,2,2026-06-13 17:05:10,0.8003679852805887,0
2715,0093,2,2026-06-13 17:05:10,0.4363692118981907,0
2716,0017,2,2026-06-13 17:05:20,0.8003679852805887,0
2717,0093,2,2026-06-13 17:05:20,0.4363692118981907,0
2718,0017,2,2026-06-13 17:05:30,0.8003679852805887,0
2719,0093,2,2026-06-13 17:05:30,0.4363692118981907,1
2720,0017,2,2026-06-13 17:05:40,0.8003679852805887,0
2721,0017,2,2026-06-13 17:05:50,0.8003679852805887,0
2722,0793,2,2026-06-13 17:07:00,0.5338853112542165,1
2723,0793,2,2026-06-13 17:07:10,0.5338853112542165,0
2724,0793,2,2026-06-13 17:07:20,0.5338853112542165,0
2725,0793,2,2026-06-13 17:07:30,0.5338853112542165,0
2726,0880,2,2026-06-13 17:07:30,0.1536338546458142,0
2727,0793,2,2026-06-13 17:07:40,0.5338853112542165,1
2728,0880,2,2026-06-13 17:07:40,0.1536338546458142,0
2729,0793,2,2026-06-13 17:07:50,0.5338853112542165,0
2730,0880,2,2026-06-13 17:07:50,0.1536338546458142,0
2731,0228,2,2026-06-13 17:08:00,0.6041091689665746,1
2732,0793,2,2026-06-13 17:08:00,0.5338853112542165,0
2733,0813,2,2026-06-13 17:08:00,0.3422263109475621,0
2734,0880,2,2026-06-13 17:08:00,0.1536338546458142,0
2735,0793,2,2026-06-13 17:08:10,0.5338853112542165,0
2736,0813,2,2026-06-13 17:08:10,0.3422263109475621,0
2737,0880,2,2026-06-13 17:08:10,0.1536338546458142,0
2738,0793,2,2026-06-13 17:08:20,0.5338853112542165,0
2739,0813,2,2026-06-13 17:08:20,0.3422263109475621,0
2740,0880,2,2026-06-13 17:08:20,0.1536338546458142,0
2741,0793,2,2026-06-13 17:08:30,0.5338853112542165,0
2742,0813,2,2026-06-13 17:08:30,0.3422263109475621,0
2743,0880,2,2026-06-13 17:08:30,0.1536338546458142,1
2744,0793,2,2026-06-13 17:08:40,0.5338853112542165,0
2745,0813,2,2026-06-13 17:08:40,0.3422263109475621,1
2746,0880,2,2026-06-13 17:08:40,0.1536338546458142,0
2747,0813,2,2026-06-13 17:08:50,0.3422263109475621,0
2748,0880,2,2026-06-13 17:08:50,0.1536338546458142,0
2749,0172,2,2026-06-13 18:20:30,0.4363692118981907,0
2750,0172,2,2026-06-13 18:20:40,0.4363692118981907,0
2751,0172,2,2026-06-13 18:20:50,0.4363692118981907,0
2752,0172,2,2026-06-13 18:21:00,0.4363692118981907,0
2753,0172,2,2026-06-13 18:21:10,0.4363692118981907,0
2754,0172,2,2026-06-13 18:21:20,0.4363692118981907,0
2755,0172,2,2026-06-13 18:21:30,0.4363692118981907,0
2756,0172,2,2026-06-13 18:21:40,0.4363692118981907,0
2757,0172,2,2026-06-13 18:21:50,0.4363692118981907,0
2758,0172,2,2026-06-13 18:22:00,0.4363692118981907,0
2759,0593,2,2026-06-13 18:36:50,0.8003679852805887,0
2760,0593,2,2026-06-13 18:37:00,0.8003679852805887,0
2761,0593,2,2026-06-13 18:37:10,0.8003679852805887,0
2762,0593,2,2026-06-13 18:37:20,0.8003679852805887,0
2763,0593,2,2026-06-13 18:37:30,0.8003679852805887,0
2764,0593,2,2026-06-13 18:37:40,0.8003679852805887,0
2765,0593,2,2026-06-13 18:37:50,0.8003679852805887,0
2766,0593,2,2026-06-13 18:38:00,0.8003679852805887,0
2767,0593,2,2026-06-13 18:38:10,0.8003679852805887,1
2768,0760,2,2026-06-13 18:38:40,0.0981294081570070,0
2769,0760,2,2026-06-13 18:38:50,0.0981294081570070,0
2770,0760,2,2026-06-13 18:39:00,0.0981294081570070,1
2771,0760,2,2026-06-13 18:39:10,0.0981294081570070,0
2772,0760,2,2026-06-13 18:39:20,0.0981294081570070,0
2773,0760,2,2026-06-13 18:39:30,0.0981294081570070,0
2774,0760,2,2026-06-13 18:39:40,0.0981294081570070,0
2775,0760,2,2026-06-13 18:39:50,0.0981294081570070,0
2776,0770,2,2026-06-13 18:40:20,0.6721864458754984,0
2777,0770,2,2026-06-13 18:40:30,0.6721864458754984,0
2778,0770,2,2026-06-13 18:40:40,0.6721864458754984,1
2779,0770,2,2026-06-13 18:40:50,0.6721864458754984,0
2780,0770,2,2026-06-13 18:41:00,0.6721864458754984,0
2781,0770,2,2026-06-13 18:41:10,0.6721864458754984,0
2782,0945,2,2026-06-13 18:41:10,0.6041091689665746,0
2783,0770,2,2026-06-13 18:41:20,0.6721864458754984,0
2784,0945,2,2026-06-13 18:41:20,0.6041091689665746,1
2785,0770,2,2026-06-13 18:41:30,0.6721864458754984,0
2786,0945,2,2026-06-13 18:41:30,0.6041091689665746,1
2787,0227,2,2026-06-13 18:41:40,0.8003679852805887,0
2788,0945,2,2026-06-13 18:41:40,0.6041091689665746,0
2789,0973,2,2026-06-13 18:41:40,0.7200245323520392,0
2790,0071,2,2026-06-13 18:41:50,0.6041091689665746,0
2791,0227,2,2026-06-13 18:41:50,0.8003679852805887,0
2792,0576,2,2026-06-13 18:41:50,0.0981294081570070,0
2793,0706,2,2026-06-13 18:41:50,0.1536338546458142,0
2794,0945,2,2026-06-13 18:41:50,0.6041091689665746,0
2795,0973,2,2026-06-13 18:41:50,0.7200245323520392,1
2796,0071,2,2026-06-13 18:42:00,0.6041091689665746,0
2797,0134,2,2026-06-13 18:42:00,0.1536338546458142,0
2798,0227,2,2026-06-13 18:42:00,0.8003679852805887,0
2799,0576,2,2026-06-13 18:42:00,0.0981294081570070,0
2800,0706,2,2026-06-13 18:42:00,0.1536338546458142,0
2801,0811,2,2026-06-13 18:42:00,0.0981294081570070,0
2802,0945,2,2026-06-13 18:42:00,0.6041091689665746,0
2803,0973,2,2026-06-13 18:42:00,0.7200245323520392,0
2804,0071,2,2026-06-13 18:42:10,0.6041091689665746,1
2805,0134,2,2026-06-13 18:42:10,0.1536338546458142,0
2806,0227,2,2026-06-13 18:42:10,0.8003679852805887,0
2807,0576,2,2026-06-13 18:42:10,0.0981294081570070,0
2808,0706,2,2026-06-13 18:42:10,0.1536338546458142,0
2809,0811,2,2026-06-13 18:42:10,0.0981294081570070,0
2810,0945,2,2026-06-13 18:42:10,0.6041091689665746,0
2811,0973,2,2026-06-13 18:42:10,0.7200245323520392,0
2812,0071,2,2026-06-13 18:42:20,0.6041091689665746,0
2813,0134,2,2026-06-13 18:42:20,0.1536338546458142,0
2814,0227,2,2026-06-13 18:42:20,0.8003679852805887,0
2815,0576,2,2026-06-13 18:42:20,0.0981294081570070,0
2816,0706,2,2026-06-13 18:42:20,0.1536338546458142,0
2817,0811,2,2026-06-13 18:42:20,0.0981294081570070,0
2818,0945,2,2026-06-13 18:42:20,0.6041091689665746,0
2819,0973,2,2026-06-13 18:42:20,0.7200245323520392,1
2820,0028,2,2026-06-13 18:42:30,0.0981294081570070,0
2821,0071,2,2026-06-13 18:42:30,0.6041091689665746,0
2822,0134,2,2026-06-13 18:42:30,0.1536338546458142,0
2823,0227,2,2026-06-13 18:42:30,0.8003679852805887,1
2824,0576,2,2026-06-13 18:42:30,0.0981294081570070,0
2825,0706,2,2026-06-13 18:42:30,0.1536338546458142,0
2826,0811,2,2026-06-13 18:42:30,0.0981294081570070,0
2827,0945,2,2026-06-13 18:42:30,0.6041091689665746,0
2828,0973,2,2026-06-13 18:42:30,0.7200245323520392,0
2829,0028,2,2026-06-13 18:42:40,0.0981294081570070,0
2830,0134,2,2026-06-13 18:42:40,0.1536338546458142,0
2831,0227,2,2026-06-13 18:42:40,0.8003679852805887,0
2832,0576,2,2026-06-13 18:42:40,0.0981294081570070,0
2833,0706,2,2026-06-13 18:42:40,0.1536338546458142,1
2834,0811,2,2026-06-13 18:42:40,0.0981294081570070,0
2835,0945,2,2026-06-13 18:42:40,0.6041091689665746,0
2836,0973,2,2026-06-13 18:42:40,0.7200245323520392,0
2837,0028,2,2026-06-13 18:42:50,0.0981294081570070,0
2838,0134,2,2026-06-13 18:42:50,0.1536338546458142,0
2839,0227,2,2026-06-13 18:42:50,0.8003679852805887,0
2840,0576,2,2026-06-13 18:42:50,0.0981294081570070,0
2841,0706,2,2026-06-13 18:42:50,0.1536338546458142,1
2842,0811,2,2026-06-13 18:42:50,0.0981294081570070,0
2843,0973,2,2026-06-13 18:42:50,0.7200245323520392,0
2844,0028,2,2026-06-13 18:43:00,0.0981294081570070,0
2845,0134,2,2026-06-13 18:43:00,0.1536338546458142,0
2846,0227,2,2026-06-13 18:43:00,0.8003679852805887,0
2847,0576,2,2026-06-13 18:43:00,0.0981294081570070,0
2848,0706,2,2026-06-13 18:43:00,0.1536338546458142,0
2849,0811,2,2026-06-13 18:43:00,0.0981294081570070,1
2850,0973,2,2026-06-13 18:43:00,0.7200245323520392,0
2851,0028,2,2026-06-13 18:43:10,0.0981294081570070,0
2852,0134,2,2026-06-13 18:43:10,0.1536338546458142,1
2853,0227,2,2026-06-13 18:43:10,0.8003679852805887,0
2854,0576,2,2026-06-13 18:43:10,0.0981294081570070,0
2855,0706,2,2026-06-13 18:43:10,0.1536338546458142,0
2856,0811,2,2026-06-13 18:43:10,0.0981294081570070,0
2857,0028,2,2026-06-13 18:43:20,0.0981294081570070,0
2858,0134,2,2026-06-13 18:43:20,0.1536338546458142,0
2859,0227,2,2026-06-13 18:43:20,0.8003679852805887,0
2860,0576,2,2026-06-13 18:43:20,0.0981294081570070,1
2861,0706,2,2026-06-13 18:43:20,0.1536338546458142,0
2862,0811,2,2026-06-13 18:43:20,0.0981294081570070,0
2863,0028,2,2026-06-13 18:43:30,0.0981294081570070,0
2864,0134,2,2026-06-13 18:43:30,0.1536338546458142,0
2865,0576,2,2026-06-13 18:43:30,0.0981294081570070,0
2866,0811,2,2026-06-13 18:43:30,0.0981294081570070,0
2867,0028,2,2026-06-13 18:43:40,0.0981294081570070,1
2868,0134,2,2026-06-13 18:43:40,0.1536338546458142,0
2869,0576,2,2026-06-13 18:43:40,0.0981294081570070,0
2870,0811,2,2026-06-13 18:43:40,0.0981294081570070,0
2871,0134,2,2026-06-13 18:43:50,0.1536338546458142,0
