index,ID,satellite,time,score_scenario,selected
0,0167,0,2026-06-13 10:33:50,0.4665991902834008,0
1,0167,0,2026-06-13 10:34:00,0.4665991902834008,0
2,0167,0,2026-06-13 10:34:10,0.4665991902834008,0
3,0391,0,2026-06-13 10:34:10,0.1987854251012146,0
4,0167,0,2026-06-13 10:34:20,0.4665991902834008,0
5,0194,0,2026-06-13 10:34:20,0.5303643724696356,0
6,0391,0,2026-06-13 10:34:20,0.1987854251012146,1
7,0167,0,2026-06-13 10:34:30,0.4665991902834008,0
8,0194,0,2026-06-13 10:34:30,0.5303643724696356,0
9,0391,0,2026-06-13 10:34:30,0.1987854251012146,0
10,0167,0,2026-06-13 10:34:40,0.4665991902834008,0
11,0194,0,2026-06-13 10:34:40,0.5303643724696356,0
12,0391,0,2026-06-13 10:34:40,0.1987854251012146,0
13,0167,0,2026-06-13 10:34:50,0.4665991902834008,0
14,0194,0,2026-06-13 10:34:50,0.5303643724696356,0
15,0391,0,2026-06-13 10:34:50,0.1987854251012146,0
16,0167,0,2026-06-13 10:35:00,0.4665991902834008,0
17,0194,0,2026-06-13 10:35:00,0.5303643724696356,0
18,0391,0,2026-06-13 10:35:00,0.1987854251012146,0
19,0167,0,2026-06-13 10:35:10,0.4665991902834008,0
20,0194,0,2026-06-13 10:35:10,0.5303643724696356,0
21,0306,0,2026-06-13 10:35:10,0.6115384615384616,0
22,0391,0,2026-06-13 10:35:10,0.1987854251012146,0
23,0167,0,2026-06-13 10:35:20,0.4665991902834008,0
24,0194,0,2026-06-13 10:35:20,0.5303643724696356,0
25,0306,0,2026-06-13 10:35:20,0.6115384615384616,0
26,0391,0,2026-06-13 10:35:20,0.1987854251012146,0
27,0194,0,2026-06-13 10:35:30,0.5303643724696356,0
28,0391,0,2026-06-13 10:35:30,0.1987854251012146,0
29,0194,0,2026-06-13 10:35:40,0.5303643724696356,0
30,0391,0,2026-06-13 10:35:40,0.1987854251012146,0
31,0391,0,2026-06-13 10:35:50,0.1987854251012146,0
32,0219,0,2026-06-13 10:38:10,1.0000000000000000,0
33,0219,0,2026-06-13 10:38:20,1.0000000000000000,0
34,0219,0,2026-06-13 10:38:30,1.0000000000000000,0
35,0357,0,2026-06-13 10:38:30,0.1987854251012146,0
36,0219,0,2026-06-13 10:38:40,1.0000000000000000,0
37,0311,0,2026-06-13 10:38:40,0.5303643724696356,0
38,0357,0,2026-06-13 10:38:40,0.1987854251012146,0
39,0493,0,2026-06-13 10:38:40,0.4665991902834008,0
40,0219,0,2026-06-13 10:38:50,1.0000000000000000,0
41,0311,0,2026-06-13 10:38:50,0.5303643724696356,0
42,0357,0,2026-06-13 10:38:50,0.1987854251012146,0
43,0493,0,2026-06-13 10:38:50,0.4665991902834008,0
44,0219,0,2026-06-13 10:39:00,1.0000000000000000,0
45,0311,0,2026-06-13 10:39:00,0.5303643724696356,0
46,0357,0,2026-06-13 10:39:00,0.1987854251012146,0
47,0493,0,2026-06-13 10:39:00,0.4665991902834008,0
48,0219,0,2026-06-13 10:39:10,1.0000000000000000,1
49,0311,0,2026-06-13 10:39:10,0.5303643724696356,0
50,0357,0,2026-06-13 10:39:10,0.1987854251012146,0
51,0493,0,2026-06-13 10:39:10,0.4665991902834008,0
52,0219,0,2026-06-13 10:39:20,1.0000000000000000,0
53,0311,0,2026-06-13 10:39:20,0.5303643724696356,0
54,0357,0,2026-06-13 10:39:20,0.1987854251012146,0
55,0493,0,2026-06-13 10:39:20,0.4665991902834008,0
56,0219,0,2026-06-13 10:39:30,1.0000000000000000,0
57,0311,0,2026-06-13 10:39:30,0.5303643724696356,0
58,0357,0,2026-06-13 10:39:30,0.1987854251012146,0
59,0493,0,2026-06-13 10:39:30,0.4665991902834008,0
60,0219,0,2026-06-13 10:39:40,1.0000000000000000,0
61,0311,0,2026-06-13 10:39:40,0.5303643724696356,0
62,0357,0,2026-06-13 10:39:40,0.1987854251012146,1
63,0493,0,2026-06-13 10:39:40,0.4665991902834008,0
64,0311,0,2026-06-13 10:39:50,0.5303643724696356,0
65,0357,0,2026-06-13 10:39:50,0.1987854251012146,0
66,0493,0,2026-06-13 10:39:50,0.4665991902834008,0
67,0311,0,2026-06-13 10:40:00,0.5303643724696356,0
68,0357,0,2026-06-13 10:40:00,0.1987854251012146,0
69,0493,0,2026-06-13 10:40:00,0.4665991902834008,0
70,0311,0,2026-06-13 10:40:10,0.5303643724696356,0
71,0357,0,2026-06-13 10:40:10,0.1987854251012146,1
72,0493,0,2026-06-13 10:40:10,0.4665991902834008,0
73,0311,0,2026-06-13 10:40:20,0.5303643724696356,0
74,0357,0,2026-06-13 10:40:20,0.1987854251012146,0
75,0493,0,2026-06-13 10:40:20,0.4665991902834008,0
76,0496,0,2026-06-13 10:40:20,0.1340080971659919,0
77,0493,0,2026-06-13 10:40:30,0.4665991902834008,0
78,0496,0,2026-06-13 10:40:30,0.1340080971659919,0
79,0496,0,2026-06-13 10:40:40,0.1340080971659919,0
80,0066,0,2026-06-13 10:40:50,0.3402834008097166,0
81,0496,0,2026-06-13 10:40:50,0.1340080971659919,0
82,0066,0,2026-06-13 10:41:00,0.3402834008097166,0
83,0496,0,2026-06-13 10:41:00,0.1340080971659919,0
84,0066,0,2026-06-13 10:41:10,0.3402834008097166,0
85,0496,0,2026-06-13 10:41:10,0.1340080971659919,0
86,0066,0,2026-06-13 10:41:20,0.3402834008097166,0
87,0496,0,2026-06-13 10:41:20,0.1340080971659919,0
88,0066,0,2026-06-13 10:41:30,0.3402834008097166,0
89,0496,0,2026-06-13 10:41:30,0.1340080971659919,0
90,0066,0,2026-06-13 10:41:40,0.3402834008097166,0
91,0496,0,2026-06-13 10:41:40,0.1340080971659919,0
92,0066,0,2026-06-13 10:41:50,0.3402834008097166,0
93,0496,0,2026-06-13 10:41:50,0.1340080971659919,0
94,0066,0,2026-06-13 10:42:00,0.3402834008097166,0
95,0496,0,2026-06-13 10:42:00,0.1340080971659919,0
96,0188,0,2026-06-13 10:44:30,0.4665991902834008,0
97,0188,0,2026-06-13 10:44:40,0.4665991902834008,0
98,0188,0,2026-06-13 10:44:50,0.4665991902834008,0
99,0188,0,2026-06-13 10:45:00,0.4665991902834008,0
100,0188,0,2026-06-13 10:45:10,0.4665991902834008,1
101,0188,0,2026-06-13 10:45:20,0.4665991902834008,0
102,0188,0,2026-06-13 10:45:30,0.4665991902834008,0
103,0188,0,2026-06-13 10:45:40,0.4665991902834008,1
104,0188,0,2026-06-13 10:45:50,0.4665991902834008,0
105,0065,0,2026-06-13 10:46:10,0.6115384615384616,0
106,0065,0,2026-06-13 10:46:20,0.6115384615384616,1
107,0404,0,2026-06-13 10:46:20,0.4665991902834008,0
108,0065,0,2026-06-13 10:46:30,0.6115384615384616,0
109,0404,0,2026-06-13 10:46:30,0.4665991902834008,0
110,0065,0,2026-06-13 10:46:40,0.6115384615384616,0
111,0404,0,2026-06-13 10:46:40,0.4665991902834008,0
112,0065,0,2026-06-13 10:46:50,0.6115384615384616,0
113,0404,0,2026-06-13 10:46:50,0.4665991902834008,0
114,0065,0,2026-06-13 10:47:00,0.6115384615384616,0
115,0404,0,2026-06-13 10:47:00,0.4665991902834008,0
116,0065,0,2026-06-13 10:47:10,0.6115384615384616,0
117,0404,0,2026-06-13 10:47:10,0.4665991902834008,0
118,0065,0,2026-06-13 10:47:20,0.6115384615384616,0
119,0404,0,2026-06-13 10:47:20,0.4665991902834008,0
120,0065,0,2026-06-13 10:47:30,0.6115384615384616,0
121,0404,0,2026-06-13 10:47:30,0.4665991902834008,0
122,0065,0,2026-06-13 10:47:40,0.6115384615384616,0
123,0404,0,2026-06-13 10:47:40,0.4665991902834008,0
124,0404,0,2026-06-13 10:47:50,0.4665991902834008,0
125,0404,0,2026-06-13 10:48:00,0.4665991902834008,0
126,0381,0,2026-06-13 12:30:00,1.0000000000000000,0
127,0381,0,2026-06-13 12:30:10,1.0000000000000000,0
128,0381,0,2026-06-13 12:30:20,1.0000000000000000,0
129,0132,0,2026-06-13 12:33:20,0.4665991902834008,0
130,0132,0,2026-06-13 12:33:30,0.4665991902834008,0
131,0132,0,2026-06-13 12:33:40,0.4665991902834008,0
132,0237,0,2026-06-13 12:33:40,0.2900809716599190,0
133,0106,0,2026-06-13 12:33:50,0.2900809716599190,0
134,0132,0,2026-06-13 12:33:50,0.4665991902834008,0
135,0237,0,2026-06-13 12:33:50,0.2900809716599190,0
136,0106,0,2026-06-13 12:34:00,0.2900809716599190,0
137,0132,0,2026-06-13 12:34:00,0.4665991902834008,0
138,0237,0,2026-06-13 12:34:00,0.2900809716599190,0
139,0287,0,2026-06-13 12:34:00,0.2900809716599190,0
140,0106,0,2026-06-13 12:34:10,0.2900809716599190,0
141,0132,0,2026-06-13 12:34:10,0.4665991902834008,1
142,0237,0,2026-06-13 12:34:10,0.2900809716599190,0
143,0287,0,2026-06-13 12:34:10,0.2900809716599190,0
144,0106,0,2026-06-13 12:34:20,0.2900809716599190,0
145,0132,0,2026-06-13 12:34:20,0.4665991902834008,0
146,0237,0,2026-06-13 12:34:20,0.2900809716599190,0
147,0287,0,2026-06-13 12:34:20,0.2900809716599190,0
148,0106,0,2026-06-13 12:34:30,0.2900809716599190,0
149,0132,0,2026-06-13 12:34:30,0.4665991902834008,0
150,0237,0,2026-06-13 12:34:30,0.2900809716599190,1
151,0287,0,2026-06-13 12:34:30,0.2900809716599190,0
152,0106,0,2026-06-13 12:34:40,0.2900809716599190,0
153,0132,0,2026-06-13 12:34:40,0.4665991902834008,0
154,0237,0,2026-06-13 12:34:40,0.2900809716599190,0
155,0287,0,2026-06-13 12:34:40,0.2900809716599190,0
156,0106,0,2026-06-13 12:34:50,0.2900809716599190,0
157,0132,0,2026-06-13 12:34:50,0.4665991902834008,0
158,0237,0,2026-06-13 12:34:50,0.2900809716599190,0
159,0287,0,2026-06-13 12:34:50,0.2900809716599190,0
160,0106,0,2026-06-13 12:35:00,0.2900809716599190,0
161,0132,0,2026-06-13 12:35:00,0.4665991902834008,0
162,0237,0,2026-06-13 12:35:00,0.2900809716599190,1
163,0287,0,2026-06-13 12:35:00,0.2900809716599190,0
164,0287,0,2026-06-13 12:35:10,0.2900809716599190,0
165,0287,0,2026-06-13 12:35:20,0.2900809716599190,0
166,0287,0,2026-06-13 12:35:30,0.2900809716599190,0
167,0287,0,2026-06-13 12:35:40,0.2900809716599190,0
168,0287,0,2026-06-13 12:35:50,0.2900809716599190,0
169,0297,0,2026-06-13 14:12:30,0.9289473684210526,0
170,0297,0,2026-06-13 14:12:40,0.9289473684210526,0
171,0297,0,2026-06-13 14:12:50,0.9289473684210526,0
172,0297,0,2026-06-13 14:13:00,0.9289473684210526,0
173,0297,0,2026-06-13 14:13:10,0.9289473684210526,1
174,0297,0,2026-06-13 14:13:20,0.9289473684210526,0
175,0297,0,2026-06-13 14:13:30,0.9289473684210526,0
176,0297,0,2026-06-13 14:13:40,0.9289473684210526,0
177,0297,0,2026-06-13 14:13:50,0.9289473684210526,0
178,0399,0,2026-06-13 14:15:40,0.5303643724696356,0
179,0210,0,2026-06-13 14:15:50,0.9289473684210526,0
180,0399,0,2026-06-13 14:15:50,0.5303643724696356,0
181,0210,0,2026-06-13 14:16:00,0.9289473684210526,1
182,0399,0,2026-06-13 14:16:00,0.5303643724696356,0
183,0210,0,2026-06-13 14:16:10,0.9289473684210526,0
184,0399,0,2026-06-13 14:16:10,0.5303643724696356,0
185,0210,0,2026-06-13 14:16:20,0.9289473684210526,0
186,0399,0,2026-06-13 14:16:20,0.5303643724696356,0
187,0210,0,2026-06-13 14:16:30,0.9289473684210526,0
188,0399,0,2026-06-13 14:16:30,0.5303643724696356,0
189,0210,0,2026-06-13 14:16:40,0.9289473684210526,0
190,0399,0,2026-06-13 14:16:40,0.5303643724696356,0
191,0210,0,2026-06-13 14:16:50,0.9289473684210526,0
192,0399,0,2026-06-13 14:16:50,0.5303643724696356,0
193,0210,0,2026-06-13 14:17:00,0.9289473684210526,0
194,0399,0,2026-06-13 14:17:00,0.5303643724696356,0
195,0210,0,2026-06-13 14:17:10,0.9289473684210526,0
196,0399,0,2026-06-13 14:17:10,0.5303643724696356,0
197,0210,0,2026-06-13 14:17:20,0.9289473684210526,0
198,0399,0,2026-06-13 14:17:20,0.5303643724696356,0
199,0210,0,2026-06-13 14:17:30,0.9289473684210526,0
200,0079,0,2026-06-13 15:12:00,0.4665991902834008,0
201,0079,0,2026-06-13 15:12:10,0.4665991902834008,0
202,0149,0,2026-06-13 15:32:40,0.6645748987854251,0
203,0149,0,2026-06-13 15:32:50,0.6645748987854251,0
204,0149,0,2026-06-13 15:33:00,0.6645748987854251,1
205,0149,0,2026-06-13 15:33:10,0.6645748987854251,0
206,0149,0,2026-06-13 15:33:20,0.6645748987854251,0
207,0149,0,2026-06-13 15:33:30,0.6645748987854251,0
208,0149,0,2026-06-13 15:33:40,0.6645748987854251,0
209,0149,0,2026-06-13 15:33:50,0.6645748987854251,0
210,0448,0,2026-06-13 15:33:50,0.1987854251012146,1
211,0055,0,2026-06-13 15:34:00,0.8038461538461539,0
212,0149,0,2026-06-13 15:34:00,0.6645748987854251,0
213,0448,0,2026-06-13 15:34:00,0.1987854251012146,1
214,0055,0,2026-06-13 15:34:10,0.8038461538461539,0
215,0149,0,2026-06-13 15:34:10,0.6645748987854251,0
216,0448,0,2026-06-13 15:34:10,0.1987854251012146,0
217,0485,0,2026-06-13 15:34:10,0.8038461538461539,0
218,0055,0,2026-06-13 15:34:20,0.8038461538461539,0
219,0149,0,2026-06-13 15:34:20,0.6645748987854251,0
220,0321,0,2026-06-13 15:34:20,0.7000000000000000,1
221,0448,0,2026-06-13 15:34:20,0.1987854251012146,0
222,0485,0,2026-06-13 15:34:20,0.8038461538461539,0
223,0055,0,2026-06-13 15:34:30,0.8038461538461539,0
224,0321,0,2026-06-13 15:34:30,0.7000000000000000,0
225,0448,0,2026-06-13 15:34:30,0.1987854251012146,0
226,0485,0,2026-06-13 15:34:30,0.8038461538461539,1
227,0055,0,2026-06-13 15:34:40,0.8038461538461539,0
228,0321,0,2026-06-13 15:34:40,0.7000000000000000,0
229,0448,0,2026-06-13 15:34:40,0.1987854251012146,0
230,0485,0,2026-06-13 15:34:40,0.8038461538461539,0
231,0043,0,2026-06-13 15:34:50,0.1987854251012146,0
232,0055,0,2026-06-13 15:34:50,0.8038461538461539,0
233,0321,0,2026-06-13 15:34:50,0.7000000000000000,0
234,0485,0,2026-06-13 15:34:50,0.8038461538461539,0
235,0043,0,2026-06-13 15:35:00,0.1987854251012146,0
236,0055,0,2026-06-13 15:35:00,0.8038461538461539,0
237,0321,0,2026-06-13 15:35:00,0.7000000000000000,0
238,0366,0,2026-06-13 15:35:00,1.0000000000000000,0
239,0485,0,2026-06-13 15:35:00,0.8038461538461539,1
240,0043,0,2026-06-13 15:35:10,0.1987854251012146,0
241,0055,0,2026-06-13 15:35:10,0.8038461538461539,0
242,0321,0,2026-06-13 15:35:10,0.7000000000000000,0
243,0366,0,2026-06-13 15:35:10,1.0000000000000000,0
244,0485,0,2026-06-13 15:35:10,0.8038461538461539,0
245,0043,0,2026-06-13 15:35:20,0.1987854251012146,0
246,0055,0,2026-06-13 15:35:20,0.8038461538461539,0
247,0366,0,2026-06-13 15:35:20,1.0000000000000000,0
248,0485,0,2026-06-13 15:35:20,0.8038461538461539,0
249,0043,0,2026-06-13 15:35:30,0.1987854251012146,1
250,0055,0,2026-06-13 15:35:30,0.8038461538461539,0
251,0366,0,2026-06-13 15:35:30,1.0000000000000000,0
252,0485,0,2026-06-13 15:35:30,0.8038461538461539,0
253,0055,0,2026-06-13 15:35:40,0.8038461538461539,0
254,0366,0,2026-06-13 15:35:40,1.0000000000000000,0
255,0055,0,2026-06-13 15:35:50,0.8038461538461539,0
256,0366,0,2026-06-13 15:35:50,1.0000000000000000,1
257,0432,0,2026-06-13 15:35:50,1.0000000000000000,0
258,0171,0,2026-06-13 15:36:00,0.0629554655870445,0
259,0366,0,2026-06-13 15:36:00,1.0000000000000000,0
260,0432,0,2026-06-13 15:36:00,1.0000000000000000,0
261,0171,0,2026-06-13 15:36:10,0.0629554655870445,0
262,0366,0,2026-06-13 15:36:10,1.0000000000000000,0
263,0432,0,2026-06-13 15:36:10,1.0000000000000000,0
264,0171,0,2026-06-13 15:36:20,0.0629554655870445,0
265,0366,0,2026-06-13 15:36:20,1.0000000000000000,1
266,0432,0,2026-06-13 15:36:20,1.0000000000000000,0
267,0171,0,2026-06-13 15:36:30,0.0629554655870445,0
268,0366,0,2026-06-13 15:36:30,1.0000000000000000,0
269,0432,0,2026-06-13 15:36:30,1.0000000000000000,0
270,0171,0,2026-06-13 15:36:40,0.0629554655870445,0
271,0366,0,2026-06-13 15:36:40,1.0000000000000000,0
272,0432,0,2026-06-13 15:36:40,1.0000000000000000,0
273,0171,0,2026-06-13 15:36:50,0.0629554655870445,1
274,0432,0,2026-06-13 15:36:50,1.0000000000000000,0
275,0171,0,2026-06-13 15:37:00,0.0629554655870445,0
276,0422,0,2026-06-13 15:37:00,0.2900809716599190,0
277,0432,0,2026-06-13 15:37:00,1.0000000000000000,0
278,0171,0,2026-06-13 15:37:10,0.0629554655870445,0
279,0422,0,2026-06-13 15:37:10,0.2900809716599190,0
280,0432,0,2026-06-13 15:37:10,1.0000000000000000,0
281,0171,0,2026-06-13 15:37:20,0.0629554655870445,0
282,0422,0,2026-06-13 15:37:20,0.2900809716599190,0
283,0432,0,2026-06-13 15:37:20,1.0000000000000000,1
284,0422,0,2026-06-13 15:37:30,0.2900809716599190,0
285,0422,0,2026-06-13 15:37:40,0.2900809716599190,0
286,0427,0,2026-06-13 15:37:40,0.1340080971659919,0
287,0422,0,2026-06-13 15:37:50,0.2900809716599190,0
288,0427,0,2026-06-13 15:37:50,0.1340080971659919,0
289,0422,0,2026-06-13 15:38:00,0.2900809716599190,0
290,0427,0,2026-06-13 15:38:00,0.1340080971659919,0
291,0422,0,2026-06-13 15:38:10,0.2900809716599190,1
292,0427,0,2026-06-13 15:38:10,0.1340080971659919,0
293,0422,0,2026-06-13 15:38:20,0.2900809716599190,0
294,0427,0,2026-06-13 15:38:20,0.1340080971659919,0
295,0422,0,2026-06-13 15:38:30,0.2900809716599190,0
296,0427,0,2026-06-13 15:38:30,0.1340080971659919,0
297,0422,0,2026-06-13 15:38:40,0.2900809716599190,0
298,0427,0,2026-06-13 15:38:40,0.1340080971659919,0
299,0422,0,2026-06-13 15:38:50,0.2900809716599190,0
300,0427,0,2026-06-13 15:38:50,0.1340080971659919,0
301,0427,0,2026-06-13 15:39:00,0.1340080971659919,1
302,0427,0,2026-06-13 15:39:10,0.1340080971659919,0
303,0427,0,2026-06-13 15:39:20,0.1340080971659919,0
304,0454,0,2026-06-13 15:39:20,1.0000000000000000,0
305,0427,0,2026-06-13 15:39:30,0.1340080971659919,0
306,0454,0,2026-06-13 15:39:30,1.0000000000000000,0
307,0454,0,2026-06-13 15:39:40,1.0000000000000000,0
308,0454,0,2026-06-13 15:39:50,1.0000000000000000,0
309,0454,0,2026-06-13 15:40:00,1.0000000000000000,0
310,0454,0,2026-06-13 15:40:10,1.0000000000000000,0
311,0454,0,2026-06-13 15:40:20,1.0000000000000000,0
312,0454,0,2026-06-13 15:40:30,1.0000000000000000,1
313,0130,0,2026-06-13 15:41:20,0.0629554655870445,0
314,0130,0,2026-06-13 15:41:30,0.0629554655870445,0
315,0130,0,2026-06-13 15:41:40,0.0629554655870445,0
316,0130,0,2026-06-13 15:41:50,0.0629554655870445,0
317,0130,0,2026-06-13 15:42:00,0.0629554655870445,0
318,0130,0,2026-06-13 15:42:10,0.0629554655870445,0
319,0130,0,2026-06-13 15:42:20,0.0629554655870445,0
320,0130,0,2026-06-13 15:42:30,0.0629554655870445,0
321,0010,0,2026-06-13 15:42:40,0.2900809716599190,0
322,0010,0,2026-06-13 15:42:50,0.2900809716599190,0
323,0010,0,2026-06-13 15:43:00,0.2900809716599190,0
324,0010,0,2026-06-13 15:43:10,0.2900809716599190,0
325,0010,0,2026-06-13 15:43:20,0.2900809716599190,0
326,0010,0,2026-06-13 15:43:30,0.2900809716599190,0
327,0010,0,2026-06-13 15:43:40,0.2900809716599190,0
328,0010,0,2026-06-13 15:43:50,0.2900809716599190,0
329,0010,0,2026-06-13 15:44:00,0.2900809716599190,0
330,0010,0,2026-06-13 15:44:10,0.2900809716599190,1
331,0010,0,2026-06-13 15:44:20,0.2900809716599190,0
332,0010,0,2026-06-13 15:44:30,0.2900809716599190,0
333,0263,0,2026-06-13 17:13:00,0.2900809716599190,0
334,0263,0,2026-06-13 17:13:10,0.2900809716599190,0
335,0263,0,2026-06-13 17:13:20,0.2900809716599190,0
336,0333,0,2026-06-13 17:13:20,0.6115384615384616,0
337,0263,0,2026-06-13 17:13:30,0.2900809716599190,0
338,0333,0,2026-06-13 17:13:30,0.6115384615384616,1
339,0263,0,2026-06-13 17:13:40,0.2900809716599190,0
340,0333,0,2026-06-13 17:13:40,0.6115384615384616,0
341,0263,0,2026-06-13 17:13:50,0.2900809716599190,1
342,0333,0,2026-06-13 17:13:50,0.6115384615384616,0
343,0263,0,2026-06-13 17:14:00,0.2900809716599190,0
344,0333,0,2026-06-13 17:14:00,0.6115384615384616,0
345,0263,0,2026-06-13 17:14:10,0.2900809716599190,0
346,0333,0,2026-06-13 17:14:10,0.6115384615384616,0
347,0263,0,2026-06-13 17:14:20,0.2900809716599190,0
348,0333,0,2026-06-13 17:14:20,0.6115384615384616,0
349,0263,0,2026-06-13 17:14:30,0.2900809716599190,0
350,0333,0,2026-06-13 17:14:30,0.6115384615384616,0
351,0263,0,2026-06-13 17:14:40,0.2900809716599190,0
352,0333,0,2026-06-13 17:14:40,0.6115384615384616,0
353,0333,0,2026-06-13 17:14:50,0.6115384615384616,0
354,0214,0,2026-06-13 17:15:10,0.7000000000000000,0
355,0214,0,2026-06-13 17:15:20,0.7000000000000000,0
356,0214,0,2026-06-13 17:15:30,0.7000000000000000,0
357,0214,0,2026-06-13 17:15:40,0.7000000000000000,0
358,0214,0,2026-06-13 17:15:50,0.7000000000000000,0
359,0214,0,2026-06-13 17:16:00,0.7000000000000000,0
360,0214,0,2026-06-13 17:16:10,0.7000000000000000,0
361,0214,0,2026-06-13 17:16:20,0.7000000000000000,0
362,0214,0,2026-06-13 17:16:30,0.7000000000000000,1
363,0283,0,2026-06-13 17:16:30,0.8038461538461539,0
364,0214,0,2026-06-13 17:16:40,0.7000000000000000,0
365,0283,0,2026-06-13 17:16:40,0.8038461538461539,0
366,0283,0,2026-06-13 17:16:50,0.8038461538461539,0
367,0283,0,2026-06-13 17:17:00,0.8038461538461539,0
368,0075,0,2026-06-13 17:17:10,0.9289473684210526,0
369,0283,0,2026-06-13 17:17:10,0.8038461538461539,0
370,0075,0,2026-06-13 17:17:20,0.9289473684210526,0
371,0283,0,2026-06-13 17:17:20,0.8038461538461539,0
372,0075,0,2026-06-13 17:17:30,0.9289473684210526,0
373,0283,0,2026-06-13 17:17:30,0.8038461538461539,0
374,0075,0,2026-06-13 17:17:40,0.9289473684210526,0
375,0283,0,2026-06-13 17:17:40,0.8038461538461539,0
376,0075,0,2026-06-13 17:17:50,0.9289473684210526,0
377,0283,0,2026-06-13 17:17:50,0.8038461538461539,0
378,0075,0,2026-06-13 17:18:00,0.9289473684210526,0
379,0283,0,2026-06-13 17:18:00,0.8038461538461539,0
380,0075,0,2026-06-13 17:18:10,0.9289473684210526,0
381,0283,0,2026-06-13 17:18:10,0.8038461538461539,0
382,0283,0,2026-06-13 17:18:20,0.8038461538461539,0
383,0018,0,2026-06-13 18:30:50,0.6115384615384616,0
384,0018,0,2026-06-13 18:31:00,0.6115384615384616,0
385,0018,0,2026-06-13 18:31:10,0.6115384615384616,0
386,0018,0,2026-06-13 18:31:20,0.6115384615384616,0
387,0018,0,2026-06-13 18:31:30,0.6115384615384616,0
388,0018,0,2026-06-13 18:31:40,0.6115384615384616,0
389,0018,0,2026-06-13 18:31:50,0.6115384615384616,0
390,0018,0,2026-06-13 18:32:00,0.6115384615384616,0
391,0018,0,2026-06-13 18:32:10,0.6115384615384616,0
392,0018,0,2026-06-13 18:32:20,0.6115384615384616,0
393,0018,0,2026-06-13 18:32:30,0.6115384615384616,1
394,0018,0,2026-06-13 18:32:40,0.6115384615384616,0
395,0284,0,2026-06-13 18:49:40,0.9289473684210526,0
396,0284,0,2026-06-13 18:49:50,0.9289473684210526,0
397,0284,0,2026-06-13 18:50:00,0.9289473684210526,0
398,0284,0,2026-06-13 18:50:10,0.9289473684210526,0
399,0284,0,2026-06-13 18:50:20,0.9289473684210526,0
400,0362,0,2026-06-13 18:50:20,0.8038461538461539,0
401,0284,0,2026-06-13 18:50:30,0.9289473684210526,0
402,0362,0,2026-06-13 18:50:30,0.8038461538461539,0
403,0284,0,2026-06-13 18:50:40,0.9289473684210526,0
404,0362,0,2026-06-13 18:50:40,0.8038461538461539,0
405,0284,0,2026-06-13 18:50:50,0.9289473684210526,0
406,0362,0,2026-06-13 18:50:50,0.8038461538461539,0
407,0284,0,2026-06-13 18:51:00,0.9289473684210526,0
408,0362,0,2026-06-13 18:51:00,0.8038461538461539,0
409,0284,0,2026-06-13 18:51:10,0.9289473684210526,0
410,0362,0,2026-06-13 18:51:10,0.8038461538461539,0
411,0362,0,2026-06-13 18:51:20,0.8038461538461539,0
412,0362,0,2026-06-13 18:51:30,0.8038461538461539,0
413,0362,0,2026-06-13 18:51:40,0.8038461538461539,0
414,0362,0,2026-06-13 18:51:50,0.8038461538461539,0
415,0362,0,2026-06-13 18:52:00,0.8038461538461539,0
416,0396,0,2026-06-14 01:24:40,0.9289473684210526,0
417,0396,0,2026-06-14 01:24:50,0.9289473684210526,0
418,0396,0,2026-06-14 01:25:00,0.9289473684210526,0
419,0396,0,2026-06-14 01:25:10,0.9289473684210526,0
420,0396,0,2026-06-14 01:25:20,0.9289473684210526,0
421,0396,0,2026-06-14 01:25:30,0.9289473684210526,0
422,0396,0,2026-06-14 01:25:40,0.9289473684210526,0
423,0396,0,2026-06-14 01:25:50,0.9289473684210526,1
424,0396,0,2026-06-14 01:26:00,0.9289473684210526,0
425,0396,0,2026-06-14 01:26:10,0.9289473684210526,0
426,0396,0,2026-06-14 01:26:20,0.9289473684210526,0
427,0064,0,2026-06-14 01:28:20,0.6645748987854251,0
428,0038,0,2026-06-14 01:28:30,0.0629554655870445,0
429,0064,0,2026-06-14 01:28:30,0.6645748987854251,0
430,0189,0,2026-06-14 01:28:30,1.0000000000000000,1
431,007,0,2026-06-14 01:28:40,0.5303643724696356,0
432,0038,0,2026-06-14 01:28:40,0.0629554655870445,0
433,0064,0,2026-06-14 01:28:40,0.6645748987854251,0
434,0189,0,2026-06-14 01:28:40,1.0000000000000000,0
435,007,0,2026-06-14 01:28:50,0.5303643724696356,0
436,0038,0,2026-06-14 01:28:50,0.0629554655870445,0
437,0064,0,2026-06-14 01:28:50,0.6645748987854251,0
438,0189,0,2026-06-14 01:28:50,1.0000000000000000,0
439,0257,0,2026-06-14 01:28:50,0.9289473684210526,1
440,007,0,2026-06-14 01:29:00,0.5303643724696356,0
441,0038,0,2026-06-14 01:29:00,0.0629554655870445,1
442,0064,0,2026-06-14 01:29:00,0.6645748987854251,0
443,0189,0,2026-06-14 01:29:00,1.0000000000000000,0
444,0197,0,2026-06-14 01:29:00,0.7000000000000000,0
445,0257,0,2026-06-14 01:29:00,0.9289473684210526,0
446,007,0,2026-06-14 01:29:10,0.5303643724696356,0
447,0038,0,2026-06-14 01:29:10,0.0629554655870445,0
448,0064,0,2026-06-14 01:29:10,0.6645748987854251,0
449,0189,0,2026-06-14 01:29:10,1.0000000000000000,0
450,0197,0,2026-06-14 01:29:10,0.7000000000000000,0
451,0257,0,2026-06-14 01:29:10,0.9289473684210526,0
452,007,0,2026-06-14 01:29:20,0.5303643724696356,0
453,0038,0,2026-06-14 01:29:20,0.0629554655870445,0
454,0064,0,2026-06-14 01:29:20,0.6645748987854251,1
455,0189,0,2026-06-14 01:29:20,1.0000000000000000,0
456,0197,0,2026-06-14 01:29:20,0.7000000000000000,0
457,0257,0,2026-06-14 01:29:20,0.9289473684210526,0
458,007,0,2026-06-14 01:29:30,0.5303643724696356,0
459,0038,0,2026-06-14 01:29:30,0.0629554655870445,0
460,0064,0,2026-06-14 01:29:30,0.6645748987854251,0
461,0189,0,2026-06-14 01:29:30,1.0000000000000000,0
462,0197,0,2026-06-14 01:29:30,0.7000000000000000,1
463,0257,0,2026-06-14 01:29:30,0.9289473684210526,0
464,007,0,2026-06-14 01:29:40,0.5303643724696356,0
465,0038,0,2026-06-14 01:29:40,0.0629554655870445,0
466,0064,0,2026-06-14 01:29:40,0.6645748987854251,0
467,0189,0,2026-06-14 01:29:40,1.0000000000000000,0
468,0197,0,2026-06-14 01:29:40,0.7000000000000000,0
469,0257,0,2026-06-14 01:29:40,0.9289473684210526,0
470,007,0,2026-06-14 01:29:50,0.5303643724696356,0
471,0038,0,2026-06-14 01:29:50,0.0629554655870445,0
472,0064,0,2026-06-14 01:29:50,0.6645748987854251,0
473,0189,0,2026-06-14 01:29:50,1.0000000000000000,0
474,0197,0,2026-06-14 01:29:50,0.7000000000000000,1
475,0257,0,2026-06-14 01:29:50,0.9289473684210526,0
476,007,0,2026-06-14 01:30:00,0.5303643724696356,0
477,0189,0,2026-06-14 01:30:00,1.0000000000000000,0
478,007,0,2026-06-14 01:30:10,0.5303643724696356,0
479,0189,0,2026-06-14 01:30:10,1.0000000000000000,0
480,007,0,2026-06-14 01:30:20,0.5303643724696356,1
481,0189,0,2026-06-14 01:30:20,1.0000000000000000,0
482,007,0,2026-06-14 01:30:30,0.5303643724696356,0
483,0137,0,2026-06-14 01:35:40,0.6645748987854251,0
484,0137,0,2026-06-14 01:35:50,0.6645748987854251,0
485,0137,0,2026-06-14 01:36:00,0.6645748987854251,0
486,0137,0,2026-06-14 01:36:10,0.6645748987854251,1
487,0137,0,2026-06-14 01:36:20,0.6645748987854251,0
488,0137,0,2026-06-14 01:36:30,0.6645748987854251,0
489,0137,0,2026-06-14 01:36:40,0.6645748987854251,0
490,0137,0,2026-06-14 01:36:50,0.6645748987854251,0
491,0137,0,2026-06-14 01:37:00,0.6645748987854251,0
492,0137,0,2026-06-14 01:37:10,0.6645748987854251,0
493,0137,0,2026-06-14 01:37:20,0.6645748987854251,0
494,0137,0,2026-06-14 01:37:30,0.6645748987854251,0
495,0180,0,2026-06-14 01:37:50,0.6115384615384616,0
496,0180,0,2026-06-14 01:38:00,0.6115384615384616,0
497,0180,0,2026-06-14 01:38:10,0.6115384615384616,0
498,0180,0,2026-06-14 01:38:20,0.6115384615384616,0
499,0180,0,2026-06-14 01:38:30,0.6115384615384616,0
500,0180,0,2026-06-14 01:38:40,0.6115384615384616,0
501,0180,0,2026-06-14 01:38:50,0.6115384615384616,0
502,0180,0,2026-06-14 01:39:00,0.6115384615384616,1
503,0180,0,2026-06-14 01:39:10,0.6115384615384616,0
504,0180,0,2026-06-14 01:39:20,0.6115384615384616,0
505,0180,0,2026-06-14 01:39:30,0.6115384615384616,0
506,0410,0,2026-06-14 03:05:20,0.9289473684210526,0
507,0410,0,2026-06-14 03:05:30,0.9289473684210526,0
508,0410,0,2026-06-14 03:05:40,0.9289473684210526,0
509,0410,0,2026-06-14 03:05:50,0.9289473684210526,1
510,0410,0,2026-06-14 03:06:00,0.9289473684210526,0
511,0346,0,2026-06-14 03:06:10,0.3402834008097166,0
512,0410,0,2026-06-14 03:06:10,0.9289473684210526,0
513,0346,0,2026-06-14 03:06:20,0.3402834008097166,0
514,0410,0,2026-06-14 03:06:20,0.9289473684210526,1
515,0346,0,2026-06-14 03:06:30,0.3402834008097166,0
516,0410,0,2026-06-14 03:06:30,0.9289473684210526,0
517,0346,0,2026-06-14 03:06:40,0.3402834008097166,0
518,0410,0,2026-06-14 03:06:40,0.9289473684210526,0
519,0346,0,2026-06-14 03:06:50,0.3402834008097166,0
520,0410,0,2026-06-14 03:06:50,0.9289473684210526,0
521,0266,0,2026-06-14 03:07:00,0.2900809716599190,0
522,0346,0,2026-06-14 03:07:00,0.3402834008097166,0
523,0349,0,2026-06-14 03:07:00,0.6115384615384616,0
524,0410,0,2026-06-14 03:07:00,0.9289473684210526,0
525,0266,0,2026-06-14 03:07:10,0.2900809716599190,0
526,0346,0,2026-06-14 03:07:10,0.3402834008097166,0
527,0349,0,2026-06-14 03:07:10,0.6115384615384616,0
528,0410,0,2026-06-14 03:07:10,0.9289473684210526,0
529,0450,0,2026-06-14 03:07:10,0.1987854251012146,0
530,0266,0,2026-06-14 03:07:20,0.2900809716599190,0
531,0346,0,2026-06-14 03:07:20,0.3402834008097166,1
532,0349,0,2026-06-14 03:07:20,0.6115384615384616,0
533,0450,0,2026-06-14 03:07:20,0.1987854251012146,0
534,0266,0,2026-06-14 03:07:30,0.2900809716599190,0
535,0346,0,2026-06-14 03:07:30,0.3402834008097166,0
536,0349,0,2026-06-14 03:07:30,0.6115384615384616,0
537,0450,0,2026-06-14 03:07:30,0.1987854251012146,0
538,0266,0,2026-06-14 03:07:40,0.2900809716599190,0
539,0346,0,2026-06-14 03:07:40,0.3402834008097166,0
540,0349,0,2026-06-14 03:07:40,0.6115384615384616,0
541,0434,0,2026-06-14 03:07:40,0.1340080971659919,0
542,0450,0,2026-06-14 03:07:40,0.1987854251012146,0
543,0266,0,2026-06-14 03:07:50,0.2900809716599190,0
544,0349,0,2026-06-14 03:07:50,0.6115384615384616,0
545,0434,0,2026-06-14 03:07:50,0.1340080971659919,0
546,0450,0,2026-06-14 03:07:50,0.1987854251012146,0
547,0266,0,2026-06-14 03:08:00,0.2900809716599190,0
548,0349,0,2026-06-14 03:08:00,0.6115384615384616,0
549,0434,0,2026-06-14 03:08:00,0.1340080971659919,0
550,0450,0,2026-06-14 03:08:00,0.1987854251012146,0
551,0266,0,2026-06-14 03:08:10,0.2900809716599190,0
552,0349,0,2026-06-14 03:08:10,0.6115384615384616,0
553,0434,0,2026-06-14 03:08:10,0.1340080971659919,0
554,0450,0,2026-06-14 03:08:10,0.1987854251012146,0
555,0124,0,2026-06-14 03:08:20,0.4665991902834008,0
556,0266,0,2026-06-14 03:08:20,0.2900809716599190,0
557,0349,0,2026-06-14 03:08:20,0.6115384615384616,0
558,0434,0,2026-06-14 03:08:20,0.1340080971659919,0
559,0450,0,2026-06-14 03:08:20,0.1987854251012146,0
560,0124,0,2026-06-14 03:08:30,0.4665991902834008,0
561,0266,0,2026-06-14 03:08:30,0.2900809716599190,1
562,0349,0,2026-06-14 03:08:30,0.6115384615384616,0
563,0434,0,2026-06-14 03:08:30,0.1340080971659919,0
564,0450,0,2026-06-14 03:08:30,0.1987854251012146,0
565,0124,0,2026-06-14 03:08:40,0.4665991902834008,0
566,0266,0,2026-06-14 03:08:40,0.2900809716599190,0
567,0278,0,2026-06-14 03:08:40,0.6115384615384616,0
568,0349,0,2026-06-14 03:08:40,0.6115384615384616,0
569,0434,0,2026-06-14 03:08:40,0.1340080971659919,1
570,0450,0,2026-06-14 03:08:40,0.1987854251012146,0
571,0033,0,2026-06-14 03:08:50,0.9289473684210526,0
572,0124,0,2026-06-14 03:08:50,0.4665991902834008,0
573,0266,0,2026-06-14 03:08:50,0.2900809716599190,0
574,0278,0,2026-06-14 03:08:50,0.6115384615384616,0
575,0349,0,2026-06-14 03:08:50,0.6115384615384616,0
576,0434,0,2026-06-14 03:08:50,0.1340080971659919,0
577,0443,0,2026-06-14 03:08:50,0.4665991902834008,0
578,0450,0,2026-06-14 03:08:50,0.1987854251012146,0
579,0033,0,2026-06-14 03:09:00,0.9289473684210526,0
580,0124,0,2026-06-14 03:09:00,0.4665991902834008,0
581,0278,0,2026-06-14 03:09:00,0.6115384615384616,0
582,0434,0,2026-06-14 03:09:00,0.1340080971659919,0
583,0443,0,2026-06-14 03:09:00,0.4665991902834008,1
584,0033,0,2026-06-14 03:09:10,0.9289473684210526,0
585,0124,0,2026-06-14 03:09:10,0.4665991902834008,0
586,0278,0,2026-06-14 03:09:10,0.6115384615384616,0
587,0434,0,2026-06-14 03:09:10,0.1340080971659919,0
588,0443,0,2026-06-14 03:09:10,0.4665991902834008,0
589,0033,0,2026-06-14 03:09:20,0.9289473684210526,0
590,0124,0,2026-06-14 03:09:20,0.4665991902834008,0
591,0278,0,2026-06-14 03:09:20,0.6115384615384616,0
592,0434,0,2026-06-14 03:09:20,0.1340080971659919,0
593,0443,0,2026-06-14 03:09:20,0.4665991902834008,0
594,0033,0,2026-06-14 03:09:30,0.9289473684210526,0
595,0124,0,2026-06-14 03:09:30,0.4665991902834008,0
596,0278,0,2026-06-14 03:09:30,0.6115384615384616,0
597,0443,0,2026-06-14 03:09:30,0.4665991902834008,0
598,0033,0,2026-06-14 03:09:40,0.9289473684210526,0
599,0124,0,2026-06-14 03:09:40,0.4665991902834008,0
600,0278,0,2026-06-14 03:09:40,0.6115384615384616,0
601,0443,0,2026-06-14 03:09:40,0.4665991902834008,0
602,0033,0,2026-06-14 03:09:50,0.9289473684210526,0
603,0124,0,2026-06-14 03:09:50,0.4665991902834008,0
604,0278,0,2026-06-14 03:09:50,0.6115384615384616,0
605,0443,0,2026-06-14 03:09:50,0.4665991902834008,1
606,0033,0,2026-06-14 03:10:00,0.9289473684210526,0
607,0278,0,2026-06-14 03:10:00,0.6115384615384616,0
608,0443,0,2026-06-14 03:10:00,0.4665991902834008,0
609,0033,0,2026-06-14 03:10:10,0.9289473684210526,0
610,0278,0,2026-06-14 03:10:10,0.6115384615384616,0
611,0443,0,2026-06-14 03:10:10,0.4665991902834008,0
612,0033,0,2026-06-14 03:10:20,0.9289473684210526,0
613,0278,0,2026-06-14 03:10:20,0.6115384615384616,0
614,0443,0,2026-06-14 03:10:20,0.4665991902834008,0
615,0033,0,2026-06-14 03:10:30,0.9289473684210526,1
616,0278,0,2026-06-14 03:10:30,0.6115384615384616,0
617,0443,0,2026-06-14 03:10:30,0.4665991902834008,0
618,0033,0,2026-06-14 03:10:40,0.9289473684210526,0
619,0443,0,2026-06-14 03:10:40,0.4665991902834008,0
620,0161,0,2026-06-14 03:11:50,0.1987854251012146,0
621,0161,0,2026-06-14 03:12:00,0.1987854251012146,0
622,0161,0,2026-06-14 03:12:10,0.1987854251012146,0
623,0161,0,2026-06-14 03:12:20,0.1987854251012146,0
624,0161,0,2026-06-14 03:12:30,0.1987854251012146,0
625,0344,0,2026-06-14 03:12:30,0.4665991902834008,0
626,0161,0,2026-06-14 03:12:40,0.1987854251012146,0
627,0344,0,2026-06-14 03:12:40,0.4665991902834008,0
628,0161,0,2026-06-14 03:12:50,0.1987854251012146,0
629,0344,0,2026-06-14 03:12:50,0.4665991902834008,0
630,0161,0,2026-06-14 03:13:00,0.1987854251012146,0
631,0344,0,2026-06-14 03:13:00,0.4665991902834008,1
632,0161,0,2026-06-14 03:13:10,0.1987854251012146,0
633,0344,0,2026-06-14 03:13:10,0.4665991902834008,0
634,0161,0,2026-06-14 03:13:20,0.1987854251012146,0
635,0344,0,2026-06-14 03:13:20,0.4665991902834008,0
636,0161,0,2026-06-14 03:13:30,0.1987854251012146,0
637,0344,0,2026-06-14 03:13:30,0.4665991902834008,0
638,0161,0,2026-06-14 03:13:40,0.1987854251012146,0
639,0344,0,2026-06-14 03:13:40,0.4665991902834008,0
640,0344,0,2026-06-14 03:13:50,0.4665991902834008,0
641,0344,0,2026-06-14 03:14:00,0.4665991902834008,0
642,0344,0,2026-06-14 03:14:10,0.4665991902834008,0
643,0170,0,2026-06-14 03:15:50,0.6645748987854251,0
644,0170,0,2026-06-14 03:16:00,0.6645748987854251,0
645,0170,0,2026-06-14 03:16:10,0.6645748987854251,0
646,0170,0,2026-06-14 03:16:20,0.6645748987854251,0
647,0170,0,2026-06-14 03:16:30,0.6645748987854251,0
648,0170,0,2026-06-14 03:16:40,0.6645748987854251,0
649,0170,0,2026-06-14 03:16:50,0.6645748987854251,0
650,0170,0,2026-06-14 03:17:00,0.6645748987854251,0
651,0170,0,2026-06-14 03:17:10,0.6645748987854251,0
652,0170,0,2026-06-14 03:17:20,0.6645748987854251,0
653,0133,0,2026-06-14 04:39:50,0.1340080971659919,0
654,0133,0,2026-06-14 04:40:00,0.1340080971659919,0
655,0133,0,2026-06-14 04:40:10,0.1340080971659919,0
656,0133,0,2026-06-14 04:40:20,0.1340080971659919,0
657,0133,0,2026-06-14 04:40:30,0.1340080971659919,1
658,0133,0,2026-06-14 04:40:40,0.1340080971659919,0
659,0133,0,2026-06-14 04:40:50,0.1340080971659919,0
660,0133,0,2026-06-14 04:41:00,0.1340080971659919,0
661,0133,0,2026-06-14 04:41:10,0.1340080971659919,0
662,0133,0,2026-06-14 04:41:20,0.1340080971659919,0
663,0133,0,2026-06-14 04:41:30,0.1340080971659919,0
664,0133,0,2026-06-14 04:41:40,0.1340080971659919,0
665,0293,0,2026-06-14 04:45:00,0.2900809716599190,0
666,0293,0,2026-06-14 04:45:10,0.2900809716599190,1
667,0293,0,2026-06-14 04:45:20,0.2900809716599190,0
668,0293,0,2026-06-14 04:45:30,0.2900809716599190,0
669,0374,0,2026-06-14 04:45:50,0.4665991902834008,0
670,0374,0,2026-06-14 04:46:00,0.4665991902834008,0
671,0374,0,2026-06-14 04:46:10,0.4665991902834008,0
672,0374,0,2026-06-14 04:46:20,0.4665991902834008,0
673,0374,0,2026-06-14 04:46:30,0.4665991902834008,0
674,0374,0,2026-06-14 04:46:40,0.4665991902834008,0
675,0500,0,2026-06-14 04:47:50,0.5303643724696356,0
676,0172,0,2026-06-14 04:48:00,0.7000000000000000,0
677,0500,0,2026-06-14 04:48:00,0.5303643724696356,0
678,0172,0,2026-06-14 04:48:10,0.7000000000000000,0
679,0354,0,2026-06-14 04:48:10,0.0629554655870445,0
680,0500,0,2026-06-14 04:48:10,0.5303643724696356,1
681,0172,0,2026-06-14 04:48:20,0.7000000000000000,0
682,0354,0,2026-06-14 04:48:20,0.0629554655870445,0
683,0437,0,2026-06-14 04:48:20,0.6115384615384616,1
684,0500,0,2026-06-14 04:48:20,0.5303643724696356,0
685,009,0,2026-06-14 04:48:30,0.6115384615384616,1
686,0172,0,2026-06-14 04:48:30,0.7000000000000000,0
687,0354,0,2026-06-14 04:48:30,0.0629554655870445,0
688,0420,0,2026-06-14 04:48:30,0.5303643724696356,0
689,0437,0,2026-06-14 04:48:30,0.6115384615384616,0
690,0500,0,2026-06-14 04:48:30,0.5303643724696356,0
691,009,0,2026-06-14 04:48:40,0.6115384615384616,1
692,0172,0,2026-06-14 04:48:40,0.7000000000000000,0
693,0354,0,2026-06-14 04:48:40,0.0629554655870445,0
694,0420,0,2026-06-14 04:48:40,0.5303643724696356,0
695,0437,0,2026-06-14 04:48:40,0.6115384615384616,0
696,0500,0,2026-06-14 04:48:40,0.5303643724696356,0
697,0172,0,2026-06-14 04:48:50,0.7000000000000000,0
698,0354,0,2026-06-14 04:48:50,0.0629554655870445,0
699,0420,0,2026-06-14 04:48:50,0.5303643724696356,0
700,0437,0,2026-06-14 04:48:50,0.6115384615384616,0
701,0500,0,2026-06-14 04:48:50,0.5303643724696356,0
702,0172,0,2026-06-14 04:49:00,0.7000000000000000,0
703,0354,0,2026-06-14 04:49:00,0.0629554655870445,0
704,0420,0,2026-06-14 04:49:00,0.5303643724696356,0
705,0437,0,2026-06-14 04:49:00,0.6115384615384616,1
706,0500,0,2026-06-14 04:49:00,0.5303643724696356,0
707,0172,0,2026-06-14 04:49:10,0.7000000000000000,0
708,0354,0,2026-06-14 04:49:10,0.0629554655870445,0
709,0413,0,2026-06-14 04:49:10,0.0629554655870445,0
710,0420,0,2026-06-14 04:49:10,0.5303643724696356,0
711,0500,0,2026-06-14 04:49:10,0.5303643724696356,0
712,0172,0,2026-06-14 04:49:20,0.7000000000000000,0
713,0342,0,2026-06-14 04:49:20,0.1987854251012146,1
714,0354,0,2026-06-14 04:49:20,0.0629554655870445,0
715,0413,0,2026-06-14 04:49:20,0.0629554655870445,0
716,0420,0,2026-06-14 04:49:20,0.5303643724696356,0
717,0172,0,2026-06-14 04:49:30,0.7000000000000000,0
718,0342,0,2026-06-14 04:49:30,0.1987854251012146,0
719,0354,0,2026-06-14 04:49:30,0.0629554655870445,0
720,0413,0,2026-06-14 04:49:30,0.0629554655870445,1
721,0420,0,2026-06-14 04:49:30,0.5303643724696356,0
722,0172,0,2026-06-14 04:49:40,0.7000000000000000,0
723,0342,0,2026-06-14 04:49:40,0.1987854251012146,0
724,0354,0,2026-06-14 04:49:40,0.0629554655870445,0
725,0413,0,2026-06-14 04:49:40,0.0629554655870445,0
726,0420,0,2026-06-14 04:49:40,0.5303643724696356,0
727,0172,0,2026-06-14 04:49:50,0.7000000000000000,0
728,0342,0,2026-06-14 04:49:50,0.1987854251012146,0
729,0354,0,2026-06-14 04:49:50,0.0629554655870445,0
730,0413,0,2026-06-14 04:49:50,0.0629554655870445,0
731,0420,0,2026-06-14 04:49:50,0.5303643724696356,1
732,0342,0,2026-06-14 04:50:00,0.1987854251012146,0
733,0413,0,2026-06-14 04:50:00,0.0629554655870445,0
734,0420,0,2026-06-14 04:50:00,0.5303643724696356,1
735,0342,0,2026-06-14 04:50:10,0.1987854251012146,0
736,0413,0,2026-06-14 04:50:10,0.0629554655870445,0
737,0342,0,2026-06-14 04:50:20,0.1987854251012146,0
738,0413,0,2026-06-14 04:50:20,0.0629554655870445,0
739,0342,0,2026-06-14 04:50:30,0.1987854251012146,0
740,0413,0,2026-06-14 04:50:30,0.0629554655870445,0
741,0271,0,2026-06-14 04:50:40,0.6645748987854251,1
742,0335,0,2026-06-14 04:50:40,0.6645748987854251,0
743,0342,0,2026-06-14 04:50:40,0.1987854251012146,0
744,0413,0,2026-06-14 04:50:40,0.0629554655870445,0
745,0451,0,2026-06-14 04:50:40,0.8038461538461539,0
746,0084,0,2026-06-14 04:50:50,0.2900809716599190,0
747,0271,0,2026-06-14 04:50:50,0.6645748987854251,0
748,0335,0,2026-06-14 04:50:50,0.6645748987854251,0
749,0342,0,2026-06-14 04:50:50,0.1987854251012146,0
750,0413,0,2026-06-14 04:50:50,0.0629554655870445,0
751,0451,0,2026-06-14 04:50:50,0.8038461538461539,0
752,0084,0,2026-06-14 04:51:00,0.2900809716599190,0
753,0271,0,2026-06-14 04:51:00,0.6645748987854251,0
754,0335,0,2026-06-14 04:51:00,0.6645748987854251,0
755,0413,0,2026-06-14 04:51:00,0.0629554655870445,0
756,0451,0,2026-06-14 04:51:00,0.8038461538461539,0
757,0084,0,2026-06-14 04:51:10,0.2900809716599190,0
758,0271,0,2026-06-14 04:51:10,0.6645748987854251,0
759,0335,0,2026-06-14 04:51:10,0.6645748987854251,0
760,0451,0,2026-06-14 04:51:10,0.8038461538461539,1
761,0084,0,2026-06-14 04:51:20,0.2900809716599190,0
762,0271,0,2026-06-14 04:51:20,0.6645748987854251,0
763,0335,0,2026-06-14 04:51:20,0.6645748987854251,0
764,0451,0,2026-06-14 04:51:20,0.8038461538461539,0
765,0084,0,2026-06-14 04:51:30,0.2900809716599190,0
766,0271,0,2026-06-14 04:51:30,0.6645748987854251,0
767,0335,0,2026-06-14 04:51:30,0.6645748987854251,0
768,0361,0,2026-06-14 04:51:30,0.2900809716599190,0
769,0451,0,2026-06-14 04:51:30,0.8038461538461539,1
770,0084,0,2026-06-14 04:51:40,0.2900809716599190,0
771,0271,0,2026-06-14 04:51:40,0.6645748987854251,0
772,0335,0,2026-06-14 04:51:40,0.6645748987854251,0
773,0361,0,2026-06-14 04:51:40,0.2900809716599190,0
774,0451,0,2026-06-14 04:51:40,0.8038461538461539,0
775,0084,0,2026-06-14 04:51:50,0.2900809716599190,0
776,0271,0,2026-06-14 04:51:50,0.6645748987854251,0
777,0335,0,2026-06-14 04:51:50,0.6645748987854251,0
778,0361,0,2026-06-14 04:51:50,0.2900809716599190,1
779,0451,0,2026-06-14 04:51:50,0.8038461538461539,0
780,0084,0,2026-06-14 04:52:00,0.2900809716599190,0
781,0271,0,2026-06-14 04:52:00,0.6645748987854251,0
782,0335,0,2026-06-14 04:52:00,0.6645748987854251,0
783,0361,0,2026-06-14 04:52:00,0.2900809716599190,0
784,0414,0,2026-06-14 04:52:00,0.8038461538461539,0
785,0451,0,2026-06-14 04:52:00,0.8038461538461539,0
786,0084,0,2026-06-14 04:52:10,0.2900809716599190,0
787,0271,0,2026-06-14 04:52:10,0.6645748987854251,0
788,0335,0,2026-06-14 04:52:10,0.6645748987854251,0
789,0361,0,2026-06-14 04:52:10,0.2900809716599190,0
790,0414,0,2026-06-14 04:52:10,0.8038461538461539,0
791,0445,0,2026-06-14 04:52:10,0.4665991902834008,0
792,0451,0,2026-06-14 04:52:10,0.8038461538461539,0
793,0084,0,2026-06-14 04:52:20,0.2900809716599190,0
794,0271,0,2026-06-14 04:52:20,0.6645748987854251,0
795,0335,0,2026-06-14 04:52:20,0.6645748987854251,1
796,0361,0,2026-06-14 04:52:20,0.2900809716599190,0
797,0414,0,2026-06-14 04:52:20,0.8038461538461539,0
798,0445,0,2026-06-14 04:52:20,0.4665991902834008,0
799,0451,0,2026-06-14 04:52:20,0.8038461538461539,0
800,0074,0,2026-06-14 04:52:30,0.9289473684210526,0
801,0084,0,2026-06-14 04:52:30,0.2900809716599190,0
802,0271,0,2026-06-14 04:52:30,0.6645748987854251,0
803,0361,0,2026-06-14 04:52:30,0.2900809716599190,0
804,0414,0,2026-06-14 04:52:30,0.8038461538461539,0
805,0429,0,2026-06-14 04:52:30,0.2900809716599190,0
806,0445,0,2026-06-14 04:52:30,0.4665991902834008,0
807,0074,0,2026-06-14 04:52:40,0.9289473684210526,0
808,0361,0,2026-06-14 04:52:40,0.2900809716599190,0
809,0414,0,2026-06-14 04:52:40,0.8038461538461539,0
810,0429,0,2026-06-14 04:52:40,0.2900809716599190,0
811,0445,0,2026-06-14 04:52:40,0.4665991902834008,0
812,0074,0,2026-06-14 04:52:50,0.9289473684210526,0
813,0361,0,2026-06-14 04:52:50,0.2900809716599190,0
814,0414,0,2026-06-14 04:52:50,0.8038461538461539,0
815,0429,0,2026-06-14 04:52:50,0.2900809716599190,0
816,0445,0,2026-06-14 04:52:50,0.4665991902834008,1
817,0054,0,2026-06-14 04:53:00,0.5303643724696356,0
818,0074,0,2026-06-14 04:53:00,0.9289473684210526,1
819,0227,0,2026-06-14 04:53:00,0.8038461538461539,0
820,0361,0,2026-06-14 04:53:00,0.2900809716599190,0
821,0414,0,2026-06-14 04:53:00,0.8038461538461539,0
822,0429,0,2026-06-14 04:53:00,0.2900809716599190,0
823,0445,0,2026-06-14 04:53:00,0.4665991902834008,0
824,0054,0,2026-06-14 04:53:10,0.5303643724696356,0
825,0074,0,2026-06-14 04:53:10,0.9289473684210526,0
826,0227,0,2026-06-14 04:53:10,0.8038461538461539,0
827,0361,0,2026-06-14 04:53:10,0.2900809716599190,0
828,0414,0,2026-06-14 04:53:10,0.8038461538461539,0
829,0429,0,2026-06-14 04:53:10,0.2900809716599190,0
830,0445,0,2026-06-14 04:53:10,0.4665991902834008,0
831,0054,0,2026-06-14 04:53:20,0.5303643724696356,0
832,0074,0,2026-06-14 04:53:20,0.9289473684210526,0
833,0227,0,2026-06-14 04:53:20,0.8038461538461539,0
834,0361,0,2026-06-14 04:53:20,0.2900809716599190,0
835,0414,0,2026-06-14 04:53:20,0.8038461538461539,0
836,0429,0,2026-06-14 04:53:20,0.2900809716599190,0
837,0445,0,2026-06-14 04:53:20,0.4665991902834008,0
838,0054,0,2026-06-14 04:53:30,0.5303643724696356,0
839,0074,0,2026-06-14 04:53:30,0.9289473684210526,0
840,0227,0,2026-06-14 04:53:30,0.8038461538461539,1
841,0414,0,2026-06-14 04:53:30,0.8038461538461539,0
842,0429,0,2026-06-14 04:53:30,0.2900809716599190,0
843,0445,0,2026-06-14 04:53:30,0.4665991902834008,0
844,0054,0,2026-06-14 04:53:40,0.5303643724696356,0
845,0074,0,2026-06-14 04:53:40,0.9289473684210526,0
846,0227,0,2026-06-14 04:53:40,0.8038461538461539,0
847,0414,0,2026-06-14 04:53:40,0.8038461538461539,0
848,0429,0,2026-06-14 04:53:40,0.2900809716599190,0
849,0445,0,2026-06-14 04:53:40,0.4665991902834008,0
850,0054,0,2026-06-14 04:53:50,0.5303643724696356,0
851,0074,0,2026-06-14 04:53:50,0.9289473684210526,0
852,0227,0,2026-06-14 04:53:50,0.8038461538461539,0
853,0414,0,2026-06-14 04:53:50,0.8038461538461539,0
854,0429,0,2026-06-14 04:53:50,0.2900809716599190,0
855,0445,0,2026-06-14 04:53:50,0.4665991902834008,0
856,0054,0,2026-06-14 04:54:00,0.5303643724696356,0
857,0074,0,2026-06-14 04:54:00,0.9289473684210526,0
858,0227,0,2026-06-14 04:54:00,0.8038461538461539,0
859,0429,0,2026-06-14 04:54:00,0.2900809716599190,0
860,0445,0,2026-06-14 04:54:00,0.4665991902834008,0
861,0054,0,2026-06-14 04:54:10,0.5303643724696356,0
862,0074,0,2026-06-14 04:54:10,0.9289473684210526,1
863,0227,0,2026-06-14 04:54:10,0.8038461538461539,0
864,0054,0,2026-06-14 04:54:20,0.5303643724696356,0
865,0227,0,2026-06-14 04:54:20,0.8038461538461539,0
866,0054,0,2026-06-14 04:54:30,0.5303643724696356,0
867,0227,0,2026-06-14 04:54:30,0.8038461538461539,0
868,0054,0,2026-06-14 04:54:40,0.5303643724696356,0
869,0227,0,2026-06-14 04:54:40,0.8038461538461539,0
870,0054,0,2026-06-14 04:54:50,0.5303643724696356,0
871,0466,0,2026-06-14 06:19:10,0.6645748987854251,0
872,0466,0,2026-06-14 06:19:20,0.6645748987854251,0
873,0466,0,2026-06-14 06:19:30,0.6645748987854251,0
874,0193,0,2026-06-14 06:19:40,0.5303643724696356,0
875,0466,0,2026-06-14 06:19:40,0.6645748987854251,0
876,0193,0,2026-06-14 06:19:50,0.5303643724696356,0
877,0466,0,2026-06-14 06:19:50,0.6645748987854251,0
878,0193,0,2026-06-14 06:20:00,0.5303643724696356,0
879,0193,0,2026-06-14 06:20:10,0.5303643724696356,0
880,0193,0,2026-06-14 06:20:20,0.5303643724696356,0
881,0478,0,2026-06-14 06:21:20,0.8038461538461539,0
882,0478,0,2026-06-14 06:21:30,0.8038461538461539,1
883,0478,0,2026-06-14 06:21:40,0.8038461538461539,0
884,0478,0,2026-06-14 06:21:50,0.8038461538461539,1
885,0478,0,2026-06-14 06:22:00,0.8038461538461539,0
886,0238,0,2026-06-14 06:26:50,0.7000000000000000,0
887,0238,0,2026-06-14 06:27:00,0.7000000000000000,0
888,0116,0,2026-06-14 06:27:10,0.6115384615384616,0
889,0143,0,2026-06-14 06:27:10,0.1340080971659919,0
890,0238,0,2026-06-14 06:27:10,0.7000000000000000,0
891,0116,0,2026-06-14 06:27:20,0.6115384615384616,0
892,0143,0,2026-06-14 06:27:20,0.1340080971659919,0
893,0238,0,2026-06-14 06:27:20,0.7000000000000000,0
894,0116,0,2026-06-14 06:27:30,0.6115384615384616,0
895,0143,0,2026-06-14 06:27:30,0.1340080971659919,1
896,0238,0,2026-06-14 06:27:30,0.7000000000000000,0
897,0261,0,2026-06-14 06:27:30,0.6115384615384616,0
898,0116,0,2026-06-14 06:27:40,0.6115384615384616,0
899,0143,0,2026-06-14 06:27:40,0.1340080971659919,0
900,0238,0,2026-06-14 06:27:40,0.7000000000000000,0
901,0261,0,2026-06-14 06:27:40,0.6115384615384616,0
902,0073,0,2026-06-14 06:27:50,0.8038461538461539,0
903,0116,0,2026-06-14 06:27:50,0.6115384615384616,0
904,0143,0,2026-06-14 06:27:50,0.1340080971659919,0
905,0238,0,2026-06-14 06:27:50,0.7000000000000000,1
906,0261,0,2026-06-14 06:27:50,0.6115384615384616,0
907,0073,0,2026-06-14 06:28:00,0.8038461538461539,0
908,0116,0,2026-06-14 06:28:00,0.6115384615384616,0
909,0143,0,2026-06-14 06:28:00,0.1340080971659919,0
910,0238,0,2026-06-14 06:28:00,0.7000000000000000,0
911,0261,0,2026-06-14 06:28:00,0.6115384615384616,0
912,0073,0,2026-06-14 06:28:10,0.8038461538461539,0
913,0116,0,2026-06-14 06:28:10,0.6115384615384616,0
914,0143,0,2026-06-14 06:28:10,0.1340080971659919,0
915,0238,0,2026-06-14 06:28:10,0.7000000000000000,0
916,0261,0,2026-06-14 06:28:10,0.6115384615384616,0
917,0073,0,2026-06-14 06:28:20,0.8038461538461539,0
918,0116,0,2026-06-14 06:28:20,0.6115384615384616,0
919,0143,0,2026-06-14 06:28:20,0.1340080971659919,0
920,0238,0,2026-06-14 06:28:20,0.7000000000000000,0
921,0261,0,2026-06-14 06:28:20,0.6115384615384616,0
922,0073,0,2026-06-14 06:28:30,0.8038461538461539,0
923,0116,0,2026-06-14 06:28:30,0.6115384615384616,0
924,0143,0,2026-06-14 06:28:30,0.1340080971659919,0
925,0238,0,2026-06-14 06:28:30,0.7000000000000000,0
926,0261,0,2026-06-14 06:28:30,0.6115384615384616,0
927,0073,0,2026-06-14 06:28:40,0.8038461538461539,1
928,0116,0,2026-06-14 06:28:40,0.6115384615384616,0
929,0143,0,2026-06-14 06:28:40,0.1340080971659919,0
930,0238,0,2026-06-14 06:28:40,0.7000000000000000,0
931,0261,0,2026-06-14 06:28:40,0.6115384615384616,0
932,0073,0,2026-06-14 06:28:50,0.8038461538461539,0
933,0116,0,2026-06-14 06:28:50,0.6115384615384616,0
934,0143,0,2026-06-14 06:28:50,0.1340080971659919,0
935,0261,0,2026-06-14 06:28:50,0.6115384615384616,0
936,0116,0,2026-06-14 06:29:00,0.6115384615384616,0
937,0143,0,2026-06-14 06:29:00,0.1340080971659919,0
938,0261,0,2026-06-14 06:29:00,0.6115384615384616,0
939,0261,0,2026-06-14 06:29:10,0.6115384615384616,1
940,0261,0,2026-06-14 06:29:20,0.6115384615384616,0
941,0334,0,2026-06-14 06:38:40,0.5303643724696356,0
942,0334,0,2026-06-14 06:38:50,0.5303643724696356,0
943,0334,0,2026-06-14 06:39:00,0.5303643724696356,0
944,0334,0,2026-06-14 06:39:10,0.5303643724696356,0
945,0334,0,2026-06-14 06:39:20,0.5303643724696356,0
946,0334,0,2026-06-14 06:39:30,0.5303643724696356,1
947,0334,0,2026-06-14 06:39:40,0.5303643724696356,0
948,0334,0,2026-06-14 06:39:50,0.5303643724696356,0
949,0334,0,2026-06-14 06:40:00,0.5303643724696356,0
950,0334,0,2026-06-14 06:40:10,0.5303643724696356,0
951,0334,0,2026-06-14 06:40:20,0.5303643724696356,0
952,0216,0,2026-06-14 07:57:20,0.8038461538461539,1
953,0044,0,2026-06-14 07:57:30,0.6115384615384616,0
954,0216,0,2026-06-14 07:57:30,0.8038461538461539,0
955,0044,0,2026-06-14 07:57:40,0.6115384615384616,0
956,0216,0,2026-06-14 07:57:40,0.8038461538461539,0
957,0359,0,2026-06-14 07:57:40,0.0629554655870445,0
958,0044,0,2026-06-14 07:57:50,0.6115384615384616,0
959,0216,0,2026-06-14 07:57:50,0.8038461538461539,0
960,0359,0,2026-06-14 07:57:50,0.0629554655870445,0
961,0044,0,2026-06-14 07:58:00,0.6115384615384616,1
962,0216,0,2026-06-14 07:58:00,0.8038461538461539,0
963,0359,0,2026-06-14 07:58:00,0.0629554655870445,0
964,0044,0,2026-06-14 07:58:10,0.6115384615384616,0
965,0216,0,2026-06-14 07:58:10,0.8038461538461539,0
966,0359,0,2026-06-14 07:58:10,0.0629554655870445,0
967,0044,0,2026-06-14 07:58:20,0.6115384615384616,0
968,0216,0,2026-06-14 07:58:20,0.8038461538461539,0
969,0359,0,2026-06-14 07:58:20,0.0629554655870445,0
970,0470,0,2026-06-14 07:58:20,0.8038461538461539,0
971,0216,0,2026-06-14 07:58:30,0.8038461538461539,0
972,0359,0,2026-06-14 07:58:30,0.0629554655870445,0
973,0470,0,2026-06-14 07:58:30,0.8038461538461539,0
974,0216,0,2026-06-14 07:58:40,0.8038461538461539,0
975,0359,0,2026-06-14 07:58:40,0.0629554655870445,0
976,0470,0,2026-06-14 07:58:40,0.8038461538461539,0
977,0216,0,2026-06-14 07:58:50,0.8038461538461539,0
978,0359,0,2026-06-14 07:58:50,0.0629554655870445,0
979,0470,0,2026-06-14 07:58:50,0.8038461538461539,0
980,0216,0,2026-06-14 07:59:00,0.8038461538461539,0
981,0359,0,2026-06-14 07:59:00,0.0629554655870445,0
982,0470,0,2026-06-14 07:59:00,0.8038461538461539,0
983,0359,0,2026-06-14 07:59:10,0.0629554655870445,0
984,0470,0,2026-06-14 07:59:10,0.8038461538461539,0
985,0359,0,2026-06-14 07:59:20,0.0629554655870445,0
986,0470,0,2026-06-14 07:59:20,0.8038461538461539,0
987,0470,0,2026-06-14 07:59:30,0.8038461538461539,1
988,0056,0,2026-06-14 07:59:50,1.0000000000000000,0
989,0056,0,2026-06-14 08:00:00,1.0000000000000000,0
990,0056,0,2026-06-14 08:00:10,1.0000000000000000,0
991,0056,0,2026-06-14 08:00:20,1.0000000000000000,0
992,0056,0,2026-06-14 08:00:30,1.0000000000000000,0
993,0056,0,2026-06-14 08:00:40,1.0000000000000000,0
994,0151,0,2026-06-14 08:00:40,1.0000000000000000,1
995,0056,0,2026-06-14 08:00:50,1.0000000000000000,0
996,0151,0,2026-06-14 08:00:50,1.0000000000000000,0
997,0056,0,2026-06-14 08:01:00,1.0000000000000000,0
998,0151,0,2026-06-14 08:01:00,1.0000000000000000,0
999,0056,0,2026-06-14 08:01:10,1.0000000000000000,0
1000,0151,0,2026-06-14 08:01:10,1.0000000000000000,0
1001,0056,0,2026-06-14 08:01:20,1.0000000000000000,0
1002,0151,0,2026-06-14 08:01:20,1.0000000000000000,1
1003,0056,0,2026-06-14 08:01:30,1.0000000000000000,0
1004,0151,0,2026-06-14 08:01:30,1.0000000000000000,0
1005,0056,0,2026-06-14 08:01:40,1.0000000000000000,0
1006,0136,0,2026-06-14 08:01:40,0.7000000000000000,0
1007,0151,0,2026-06-14 08:01:40,1.0000000000000000,0
1008,0110,0,2026-06-14 08:01:50,0.1340080971659919,1
1009,0136,0,2026-06-14 08:01:50,0.7000000000000000,0
1010,0151,0,2026-06-14 08:01:50,1.0000000000000000,0
1011,0110,0,2026-06-14 08:02:00,0.1340080971659919,0
1012,0136,0,2026-06-14 08:02:00,0.7000000000000000,0
1013,0151,0,2026-06-14 08:02:00,1.0000000000000000,0
1014,0224,0,2026-06-14 08:02:00,0.4665991902834008,0
1015,0110,0,2026-06-14 08:02:10,0.1340080971659919,0
1016,0136,0,2026-06-14 08:02:10,0.7000000000000000,0
1017,0151,0,2026-06-14 08:02:10,1.0000000000000000,0
1018,0224,0,2026-06-14 08:02:10,0.4665991902834008,0
1019,0110,0,2026-06-14 08:02:20,0.1340080971659919,0
1020,0136,0,2026-06-14 08:02:20,0.7000000000000000,0
1021,0224,0,2026-06-14 08:02:20,0.4665991902834008,0
1022,0110,0,2026-06-14 08:02:30,0.1340080971659919,0
1023,0136,0,2026-06-14 08:02:30,0.7000000000000000,0
1024,0224,0,2026-06-14 08:02:30,0.4665991902834008,0
1025,0110,0,2026-06-14 08:02:40,0.1340080971659919,0
1026,0136,0,2026-06-14 08:02:40,0.7000000000000000,0
1027,0147,0,2026-06-14 08:02:40,1.0000000000000000,1
1028,0224,0,2026-06-14 08:02:40,0.4665991902834008,0
1029,0110,0,2026-06-14 08:02:50,0.1340080971659919,0
1030,0136,0,2026-06-14 08:02:50,0.7000000000000000,0
1031,0147,0,2026-06-14 08:02:50,1.0000000000000000,0
1032,0224,0,2026-06-14 08:02:50,0.4665991902834008,0
1033,0110,0,2026-06-14 08:03:00,0.1340080971659919,0
1034,0136,0,2026-06-14 08:03:00,0.7000000000000000,0
1035,0147,0,2026-06-14 08:03:00,1.0000000000000000,0
1036,0224,0,2026-06-14 08:03:00,0.4665991902834008,0
1037,0104,0,2026-06-14 08:03:10,0.3402834008097166,0
1038,0110,0,2026-06-14 08:03:10,0.1340080971659919,0
1039,0136,0,2026-06-14 08:03:10,0.7000000000000000,0
1040,0147,0,2026-06-14 08:03:10,1.0000000000000000,0
1041,0224,0,2026-06-14 08:03:10,0.4665991902834008,0
1042,0088,0,2026-06-14 08:03:20,0.2900809716599190,1
1043,0104,0,2026-06-14 08:03:20,0.3402834008097166,0
1044,0110,0,2026-06-14 08:03:20,0.1340080971659919,0
1045,0136,0,2026-06-14 08:03:20,0.7000000000000000,0
1046,0147,0,2026-06-14 08:03:20,1.0000000000000000,0
1047,0224,0,2026-06-14 08:03:20,0.4665991902834008,0
1048,0262,0,2026-06-14 08:03:20,1.0000000000000000,0
1049,0088,0,2026-06-14 08:03:30,0.2900809716599190,0
1050,0104,0,2026-06-14 08:03:30,0.3402834008097166,0
1051,0110,0,2026-06-14 08:03:30,0.1340080971659919,0
1052,0147,0,2026-06-14 08:03:30,1.0000000000000000,0
1053,0224,0,2026-06-14 08:03:30,0.4665991902834008,0
1054,0262,0,2026-06-14 08:03:30,1.0000000000000000,1
1055,0088,0,2026-06-14 08:03:40,0.2900809716599190,0
1056,0104,0,2026-06-14 08:03:40,0.3402834008097166,0
1057,0110,0,2026-06-14 08:03:40,0.1340080971659919,0
1058,0147,0,2026-06-14 08:03:40,1.0000000000000000,0
1059,0224,0,2026-06-14 08:03:40,0.4665991902834008,0
1060,0262,0,2026-06-14 08:03:40,1.0000000000000000,0
1061,0088,0,2026-06-14 08:03:50,0.2900809716599190,0
1062,0104,0,2026-06-14 08:03:50,0.3402834008097166,1
1063,0147,0,2026-06-14 08:03:50,1.0000000000000000,0
1064,0262,0,2026-06-14 08:03:50,1.0000000000000000,0
1065,0088,0,2026-06-14 08:04:00,0.2900809716599190,0
1066,0097,0,2026-06-14 08:04:00,0.4665991902834008,0
1067,0104,0,2026-06-14 08:04:00,0.3402834008097166,0
1068,0147,0,2026-06-14 08:04:00,1.0000000000000000,0
1069,0262,0,2026-06-14 08:04:00,1.0000000000000000,0
1070,0310,0,2026-06-14 08:04:00,0.5303643724696356,0
1071,0088,0,2026-06-14 08:04:10,0.2900809716599190,0
1072,0097,0,2026-06-14 08:04:10,0.4665991902834008,0
1073,0104,0,2026-06-14 08:04:10,0.3402834008097166,0
1074,0147,0,2026-06-14 08:04:10,1.0000000000000000,0
1075,0262,0,2026-06-14 08:04:10,1.0000000000000000,0
1076,0310,0,2026-06-14 08:04:10,0.5303643724696356,1
1077,0088,0,2026-06-14 08:04:20,0.2900809716599190,0
1078,0097,0,2026-06-14 08:04:20,0.4665991902834008,0
1079,0104,0,2026-06-14 08:04:20,0.3402834008097166,0
1080,0105,0,2026-06-14 08:04:20,0.1987854251012146,0
1081,0222,0,2026-06-14 08:04:20,0.1340080971659919,0
1082,0262,0,2026-06-14 08:04:20,1.0000000000000000,0
1083,0310,0,2026-06-14 08:04:20,0.5303643724696356,0
1084,0460,0,2026-06-14 08:04:20,0.0629554655870445,1
1085,0097,0,2026-06-14 08:04:30,0.4665991902834008,0
1086,0104,0,2026-06-14 08:04:30,0.3402834008097166,0
1087,0105,0,2026-06-14 08:04:30,0.1987854251012146,0
1088,0222,0,2026-06-14 08:04:30,0.1340080971659919,0
1089,0262,0,2026-06-14 08:04:30,1.0000000000000000,0
1090,0310,0,2026-06-14 08:04:30,0.5303643724696356,0
1091,0460,0,2026-06-14 08:04:30,0.0629554655870445,1
1092,0097,0,2026-06-14 08:04:40,0.4665991902834008,0
1093,0104,0,2026-06-14 08:04:40,0.3402834008097166,0
1094,0105,0,2026-06-14 08:04:40,0.1987854251012146,0
1095,0222,0,2026-06-14 08:04:40,0.1340080971659919,1
1096,0262,0,2026-06-14 08:04:40,1.0000000000000000,0
1097,0310,0,2026-06-14 08:04:40,0.5303643724696356,0
1098,0460,0,2026-06-14 08:04:40,0.0629554655870445,0
1099,0072,0,2026-06-14 08:04:50,0.5303643724696356,0
1100,0097,0,2026-06-14 08:04:50,0.4665991902834008,0
1101,0105,0,2026-06-14 08:04:50,0.1987854251012146,1
1102,0222,0,2026-06-14 08:04:50,0.1340080971659919,0
1103,0262,0,2026-06-14 08:04:50,1.0000000000000000,0
1104,0310,0,2026-06-14 08:04:50,0.5303643724696356,0
1105,0460,0,2026-06-14 08:04:50,0.0629554655870445,0
1106,0072,0,2026-06-14 08:05:00,0.5303643724696356,0
1107,0097,0,2026-06-14 08:05:00,0.4665991902834008,0
1108,0105,0,2026-06-14 08:05:00,0.1987854251012146,0
1109,0222,0,2026-06-14 08:05:00,0.1340080971659919,0
1110,0262,0,2026-06-14 08:05:00,1.0000000000000000,0
1111,0310,0,2026-06-14 08:05:00,0.5303643724696356,0
1112,0460,0,2026-06-14 08:05:00,0.0629554655870445,0
1113,0072,0,2026-06-14 08:05:10,0.5303643724696356,0
1114,0097,0,2026-06-14 08:05:10,0.4665991902834008,0
1115,0105,0,2026-06-14 08:05:10,0.1987854251012146,0
1116,0222,0,2026-06-14 08:05:10,0.1340080971659919,0
1117,0310,0,2026-06-14 08:05:10,0.5303643724696356,0
1118,0323,0,2026-06-14 08:05:10,0.4665991902834008,0
1119,0460,0,2026-06-14 08:05:10,0.0629554655870445,0
1120,0072,0,2026-06-14 08:05:20,0.5303643724696356,0
1121,0076,0,2026-06-14 08:05:20,0.1340080971659919,0
1122,0097,0,2026-06-14 08:05:20,0.4665991902834008,0
1123,0105,0,2026-06-14 08:05:20,0.1987854251012146,0
1124,0222,0,2026-06-14 08:05:20,0.1340080971659919,1
1125,0310,0,2026-06-14 08:05:20,0.5303643724696356,0
1126,0323,0,2026-06-14 08:05:20,0.4665991902834008,0
1127,0460,0,2026-06-14 08:05:20,0.0629554655870445,0
1128,0072,0,2026-06-14 08:05:30,0.5303643724696356,0
1129,0076,0,2026-06-14 08:05:30,0.1340080971659919,0
1130,0097,0,2026-06-14 08:05:30,0.4665991902834008,0
1131,0105,0,2026-06-14 08:05:30,0.1987854251012146,0
1132,0222,0,2026-06-14 08:05:30,0.1340080971659919,0
1133,0310,0,2026-06-14 08:05:30,0.5303643724696356,0
1134,0323,0,2026-06-14 08:05:30,0.4665991902834008,0
1135,0460,0,2026-06-14 08:05:30,0.0629554655870445,0
1136,0072,0,2026-06-14 08:05:40,0.5303643724696356,0
1137,0076,0,2026-06-14 08:05:40,0.1340080971659919,0
1138,0097,0,2026-06-14 08:05:40,0.4665991902834008,1
1139,0105,0,2026-06-14 08:05:40,0.1987854251012146,0
1140,0159,0,2026-06-14 08:05:40,0.2900809716599190,0
1141,0222,0,2026-06-14 08:05:40,0.1340080971659919,0
1142,0323,0,2026-06-14 08:05:40,0.4665991902834008,0
1143,0460,0,2026-06-14 08:05:40,0.0629554655870445,0
1144,0072,0,2026-06-14 08:05:50,0.5303643724696356,0
1145,0076,0,2026-06-14 08:05:50,0.1340080971659919,0
1146,0105,0,2026-06-14 08:05:50,0.1987854251012146,0
1147,0159,0,2026-06-14 08:05:50,0.2900809716599190,0
1148,0222,0,2026-06-14 08:05:50,0.1340080971659919,0
1149,0270,0,2026-06-14 08:05:50,0.6115384615384616,0
1150,0323,0,2026-06-14 08:05:50,0.4665991902834008,0
1151,0460,0,2026-06-14 08:05:50,0.0629554655870445,0
1152,0072,0,2026-06-14 08:06:00,0.5303643724696356,0
1153,0076,0,2026-06-14 08:06:00,0.1340080971659919,0
1154,0105,0,2026-06-14 08:06:00,0.1987854251012146,0
1155,0159,0,2026-06-14 08:06:00,0.2900809716599190,0
1156,0270,0,2026-06-14 08:06:00,0.6115384615384616,0
1157,0323,0,2026-06-14 08:06:00,0.4665991902834008,0
1158,0072,0,2026-06-14 08:06:10,0.5303643724696356,0
1159,0076,0,2026-06-14 08:06:10,0.1340080971659919,0
1160,0105,0,2026-06-14 08:06:10,0.1987854251012146,0
1161,0159,0,2026-06-14 08:06:10,0.2900809716599190,0
1162,0270,0,2026-06-14 08:06:10,0.6115384615384616,1
1163,0323,0,2026-06-14 08:06:10,0.4665991902834008,0
1164,0072,0,2026-06-14 08:06:20,0.5303643724696356,0
1165,0076,0,2026-06-14 08:06:20,0.1340080971659919,0
1166,0159,0,2026-06-14 08:06:20,0.2900809716599190,0
1167,0270,0,2026-06-14 08:06:20,0.6115384615384616,0
1168,0323,0,2026-06-14 08:06:20,0.4665991902834008,0
1169,0076,0,2026-06-14 08:06:30,0.1340080971659919,1
1170,0159,0,2026-06-14 08:06:30,0.2900809716599190,0
1171,0270,0,2026-06-14 08:06:30,0.6115384615384616,0
1172,0323,0,2026-06-14 08:06:30,0.4665991902834008,0
1173,0076,0,2026-06-14 08:06:40,0.1340080971659919,0
1174,0159,0,2026-06-14 08:06:40,0.2900809716599190,0
1175,0270,0,2026-06-14 08:06:40,0.6115384615384616,0
1176,0076,0,2026-06-14 08:06:50,0.1340080971659919,0
1177,0159,0,2026-06-14 08:06:50,0.2900809716599190,0
1178,0270,0,2026-06-14 08:06:50,0.6115384615384616,1
1179,0076,0,2026-06-14 08:07:00,0.1340080971659919,0
1180,0159,0,2026-06-14 08:07:00,0.2900809716599190,0
1181,0270,0,2026-06-14 08:07:00,0.6115384615384616,0
1182,0159,0,2026-06-14 08:07:10,0.2900809716599190,0
1183,0270,0,2026-06-14 08:07:10,0.6115384615384616,0
1184,0159,0,2026-06-14 08:07:20,0.2900809716599190,0
1185,0270,0,2026-06-14 08:07:20,0.6115384615384616,0
1186,0159,0,2026-06-14 08:07:30,0.2900809716599190,0
1187,0270,0,2026-06-14 08:07:30,0.6115384615384616,0
1188,0100,0,2026-06-14 08:10:50,0.2900809716599190,0
1189,0100,0,2026-06-14 08:11:00,0.2900809716599190,0
1190,0100,0,2026-06-14 08:11:10,0.2900809716599190,0
1191,0100,0,2026-06-14 08:11:20,0.2900809716599190,0
1192,0100,0,2026-06-14 08:11:30,0.2900809716599190,0
1193,0100,0,2026-06-14 08:11:40,0.2900809716599190,1
1194,0100,0,2026-06-14 08:11:50,0.2900809716599190,0
1195,0100,0,2026-06-14 08:12:00,0.2900809716599190,0
1196,0100,0,2026-06-14 08:12:10,0.2900809716599190,0
1197,0100,0,2026-06-14 08:12:20,0.2900809716599190,0
1198,0100,0,2026-06-14 08:12:30,0.2900809716599190,0
1199,0100,0,2026-06-14 08:12:40,0.2900809716599190,0
1200,006,0,2026-06-14 08:15:50,0.9289473684210526,0
1201,006,0,2026-06-14 08:16:00,0.9289473684210526,0
1202,0030,0,2026-06-14 08:22:20,0.1987854251012146,0
1203,0030,0,2026-06-14 08:22:30,0.1987854251012146,0
1204,0030,0,2026-06-14 08:22:40,0.1987854251012146,0
1205,0030,0,2026-06-14 08:22:50,0.1987854251012146,0
1206,0030,0,2026-06-14 08:23:00,0.1987854251012146,0
1207,0030,0,2026-06-14 08:23:10,0.1987854251012146,0
1208,0030,0,2026-06-14 08:23:20,0.1987854251012146,0
1209,0030,0,2026-06-14 08:23:30,0.1987854251012146,1
1210,0030,0,2026-06-14 08:23:40,0.1987854251012146,0
1211,0030,0,2026-06-14 08:23:50,0.1987854251012146,0
1212,0030,0,2026-06-14 08:24:00,0.1987854251012146,0
1213,0030,0,2026-06-14 08:24:10,0.1987854251012146,0
1214,0330,0,2026-06-14 09:35:20,0.0629554655870445,0
1215,0330,0,2026-06-14 09:35:30,0.0629554655870445,0
1216,0330,0,2026-06-14 09:35:40,0.0629554655870445,0
1217,0330,0,2026-06-14 09:35:50,0.0629554655870445,1
1218,0330,0,2026-06-14 09:36:00,0.0629554655870445,0
1219,0207,0,2026-06-14 09:36:10,0.5303643724696356,0
1220,0330,0,2026-06-14 09:36:10,0.0629554655870445,0
1221,0207,0,2026-06-14 09:36:20,0.5303643724696356,1
1222,0330,0,2026-06-14 09:36:20,0.0629554655870445,0
1223,0207,0,2026-06-14 09:36:30,0.5303643724696356,1
1224,0330,0,2026-06-14 09:36:30,0.0629554655870445,0
1225,0016,0,2026-06-14 09:36:40,0.4665991902834008,0
1226,0207,0,2026-06-14 09:36:40,0.5303643724696356,0
1227,0016,0,2026-06-14 09:36:50,0.4665991902834008,0
1228,0178,0,2026-06-14 09:36:50,0.1987854251012146,0
1229,0016,0,2026-06-14 09:37:00,0.4665991902834008,0
1230,0178,0,2026-06-14 09:37:00,0.1987854251012146,1
1231,0016,0,2026-06-14 09:37:10,0.4665991902834008,0
1232,0178,0,2026-06-14 09:37:10,0.1987854251012146,0
1233,0016,0,2026-06-14 09:37:20,0.4665991902834008,1
1234,0178,0,2026-06-14 09:37:20,0.1987854251012146,0
1235,0016,0,2026-06-14 09:37:30,0.4665991902834008,0
1236,0178,0,2026-06-14 09:37:30,0.1987854251012146,0
1237,0016,0,2026-06-14 09:37:40,0.4665991902834008,0
1238,0178,0,2026-06-14 09:37:40,0.1987854251012146,0
1239,0016,0,2026-06-14 09:37:50,0.4665991902834008,0
1240,0178,0,2026-06-14 09:37:50,0.1987854251012146,0
1241,0199,0,2026-06-14 09:37:50,0.1340080971659919,0
1242,0247,0,2026-06-14 09:37:50,0.8038461538461539,0
1243,0285,0,2026-06-14 09:37:50,1.0000000000000000,0
1244,0016,0,2026-06-14 09:38:00,0.4665991902834008,0
1245,0178,0,2026-06-14 09:38:00,0.1987854251012146,0
1246,0199,0,2026-06-14 09:38:00,0.1340080971659919,0
1247,0247,0,2026-06-14 09:38:00,0.8038461538461539,1
1248,0285,0,2026-06-14 09:38:00,1.0000000000000000,0
1249,0016,0,2026-06-14 09:38:10,0.4665991902834008,0
1250,0199,0,2026-06-14 09:38:10,0.1340080971659919,0
1251,0247,0,2026-06-14 09:38:10,0.8038461538461539,0
1252,0276,0,2026-06-14 09:38:10,0.0629554655870445,0
1253,0285,0,2026-06-14 09:38:10,1.0000000000000000,0
1254,0199,0,2026-06-14 09:38:20,0.1340080971659919,0
1255,0247,0,2026-06-14 09:38:20,0.8038461538461539,0
1256,0276,0,2026-06-14 09:38:20,0.0629554655870445,0
1257,0285,0,2026-06-14 09:38:20,1.0000000000000000,0
1258,0199,0,2026-06-14 09:38:30,0.1340080971659919,0
1259,0247,0,2026-06-14 09:38:30,0.8038461538461539,0
1260,0285,0,2026-06-14 09:38:30,1.0000000000000000,0
1261,0327,0,2026-06-14 09:38:30,0.9289473684210526,0
1262,0042,0,2026-06-14 09:38:40,0.3402834008097166,0
1263,0134,0,2026-06-14 09:38:40,0.9289473684210526,0
1264,0199,0,2026-06-14 09:38:40,0.1340080971659919,0
1265,0247,0,2026-06-14 09:38:40,0.8038461538461539,0
1266,0269,0,2026-06-14 09:38:40,0.8038461538461539,0
1267,0285,0,2026-06-14 09:38:40,1.0000000000000000,0
1268,0327,0,2026-06-14 09:38:40,0.9289473684210526,0
1269,0403,0,2026-06-14 09:38:40,0.5303643724696356,0
1270,0412,0,2026-06-14 09:38:40,0.8038461538461539,1
1271,0042,0,2026-06-14 09:38:50,0.3402834008097166,0
1272,0134,0,2026-06-14 09:38:50,0.9289473684210526,1
1273,0155,0,2026-06-14 09:38:50,0.2900809716599190,0
1274,0199,0,2026-06-14 09:38:50,0.1340080971659919,0
1275,0269,0,2026-06-14 09:38:50,0.8038461538461539,0
1276,0285,0,2026-06-14 09:38:50,1.0000000000000000,0
1277,0327,0,2026-06-14 09:38:50,0.9289473684210526,0
1278,0403,0,2026-06-14 09:38:50,0.5303643724696356,0
1279,0412,0,2026-06-14 09:38:50,0.8038461538461539,0
1280,0042,0,2026-06-14 09:39:00,0.3402834008097166,0
1281,0134,0,2026-06-14 09:39:00,0.9289473684210526,0
1282,0155,0,2026-06-14 09:39:00,0.2900809716599190,0
1283,0199,0,2026-06-14 09:39:00,0.1340080971659919,0
1284,0269,0,2026-06-14 09:39:00,0.8038461538461539,0
1285,0285,0,2026-06-14 09:39:00,1.0000000000000000,0
1286,0327,0,2026-06-14 09:39:00,0.9289473684210526,0
1287,0403,0,2026-06-14 09:39:00,0.5303643724696356,0
1288,0412,0,2026-06-14 09:39:00,0.8038461538461539,0
1289,0042,0,2026-06-14 09:39:10,0.3402834008097166,0
1290,0134,0,2026-06-14 09:39:10,0.9289473684210526,0
1291,0155,0,2026-06-14 09:39:10,0.2900809716599190,0
1292,0199,0,2026-06-14 09:39:10,0.1340080971659919,0
1293,0269,0,2026-06-14 09:39:10,0.8038461538461539,0
1294,0285,0,2026-06-14 09:39:10,1.0000000000000000,0
1295,0327,0,2026-06-14 09:39:10,0.9289473684210526,0
1296,0403,0,2026-06-14 09:39:10,0.5303643724696356,0
1297,0412,0,2026-06-14 09:39:10,0.8038461538461539,1
1298,0042,0,2026-06-14 09:39:20,0.3402834008097166,0
1299,0134,0,2026-06-14 09:39:20,0.9289473684210526,0
1300,0155,0,2026-06-14 09:39:20,0.2900809716599190,0
1301,0199,0,2026-06-14 09:39:20,0.1340080971659919,0
1302,0269,0,2026-06-14 09:39:20,0.8038461538461539,0
1303,0285,0,2026-06-14 09:39:20,1.0000000000000000,0
1304,0327,0,2026-06-14 09:39:20,0.9289473684210526,0
1305,0403,0,2026-06-14 09:39:20,0.5303643724696356,0
1306,0412,0,2026-06-14 09:39:20,0.8038461538461539,0
1307,0042,0,2026-06-14 09:39:30,0.3402834008097166,0
1308,0108,0,2026-06-14 09:39:30,0.1987854251012146,0
1309,0134,0,2026-06-14 09:39:30,0.9289473684210526,0
1310,0155,0,2026-06-14 09:39:30,0.2900809716599190,0
1311,0199,0,2026-06-14 09:39:30,0.1340080971659919,0
1312,0269,0,2026-06-14 09:39:30,0.8038461538461539,0
1313,0285,0,2026-06-14 09:39:30,1.0000000000000000,0
1314,0327,0,2026-06-14 09:39:30,0.9289473684210526,0
1315,0403,0,2026-06-14 09:39:30,0.5303643724696356,0
1316,0412,0,2026-06-14 09:39:30,0.8038461538461539,0
1317,0042,0,2026-06-14 09:39:40,0.3402834008097166,0
1318,0108,0,2026-06-14 09:39:40,0.1987854251012146,0
1319,0134,0,2026-06-14 09:39:40,0.9289473684210526,0
1320,0155,0,2026-06-14 09:39:40,0.2900809716599190,0
1321,0269,0,2026-06-14 09:39:40,0.8038461538461539,0
1322,0285,0,2026-06-14 09:39:40,1.0000000000000000,1
1323,0327,0,2026-06-14 09:39:40,0.9289473684210526,0
1324,0403,0,2026-06-14 09:39:40,0.5303643724696356,0
1325,0412,0,2026-06-14 09:39:40,0.8038461538461539,0
1326,0108,0,2026-06-14 09:39:50,0.1987854251012146,0
1327,0269,0,2026-06-14 09:39:50,0.8038461538461539,0
1328,0327,0,2026-06-14 09:39:50,0.9289473684210526,0
1329,0403,0,2026-06-14 09:39:50,0.5303643724696356,1
1330,0412,0,2026-06-14 09:39:50,0.8038461538461539,0
1331,0167,1,2026-06-13 10:29:30,0.4665991902834008,0
1332,0167,1,2026-06-13 10:29:40,0.4665991902834008,1
1333,0167,1,2026-06-13 10:29:50,0.4665991902834008,0
1334,0194,1,2026-06-13 10:29:50,0.5303643724696356,0
1335,0391,1,2026-06-13 10:29:50,0.1987854251012146,0
1336,0167,1,2026-06-13 10:30:00,0.4665991902834008,0
1337,0194,1,2026-06-13 10:30:00,0.5303643724696356,0
1338,0391,1,2026-06-13 10:30:00,0.1987854251012146,0
1339,0167,1,2026-06-13 10:30:10,0.4665991902834008,0
1340,0194,1,2026-06-13 10:30:10,0.5303643724696356,0
1341,0391,1,2026-06-13 10:30:10,0.1987854251012146,0
1342,0167,1,2026-06-13 10:30:20,0.4665991902834008,0
1343,0194,1,2026-06-13 10:30:20,0.5303643724696356,0
1344,0391,1,2026-06-13 10:30:20,0.1987854251012146,0
1345,0167,1,2026-06-13 10:30:30,0.4665991902834008,0
1346,0194,1,2026-06-13 10:30:30,0.5303643724696356,0
1347,0391,1,2026-06-13 10:30:30,0.1987854251012146,0
1348,0167,1,2026-06-13 10:30:40,0.4665991902834008,0
1349,0194,1,2026-06-13 10:30:40,0.5303643724696356,0
1350,0391,1,2026-06-13 10:30:40,0.1987854251012146,0
1351,0167,1,2026-06-13 10:30:50,0.4665991902834008,0
1352,0194,1,2026-06-13 10:30:50,0.5303643724696356,1
1353,0391,1,2026-06-13 10:30:50,0.1987854251012146,0
1354,0167,1,2026-06-13 10:31:00,0.4665991902834008,0
1355,0194,1,2026-06-13 10:31:00,0.5303643724696356,0
1356,0391,1,2026-06-13 10:31:00,0.1987854251012146,0
1357,0167,1,2026-06-13 10:31:10,0.4665991902834008,0
1358,0194,1,2026-06-13 10:31:10,0.5303643724696356,0
1359,0391,1,2026-06-13 10:31:10,0.1987854251012146,0
1360,0194,1,2026-06-13 10:31:20,0.5303643724696356,0
1361,0391,1,2026-06-13 10:31:20,0.1987854251012146,0
1362,0194,1,2026-06-13 10:31:30,0.5303643724696356,0
1363,0391,1,2026-06-13 10:31:30,0.1987854251012146,0
1364,0194,1,2026-06-13 10:31:40,0.5303643724696356,0
1365,0391,1,2026-06-13 10:31:40,0.1987854251012146,1
1366,0114,1,2026-06-13 10:33:20,0.1340080971659919,1
1367,0114,1,2026-06-13 10:33:30,0.1340080971659919,0
1368,0114,1,2026-06-13 10:33:40,0.1340080971659919,0
1369,0114,1,2026-06-13 10:33:50,0.1340080971659919,0
1370,0114,1,2026-06-13 10:34:00,0.1340080971659919,0
1371,0114,1,2026-06-13 10:34:10,0.1340080971659919,1
1372,0114,1,2026-06-13 10:34:20,0.1340080971659919,0
1373,0311,1,2026-06-13 10:34:20,0.5303643724696356,0
1374,0357,1,2026-06-13 10:34:20,0.1987854251012146,0
1375,0114,1,2026-06-13 10:34:30,0.1340080971659919,0
1376,0311,1,2026-06-13 10:34:30,0.5303643724696356,0
1377,0357,1,2026-06-13 10:34:30,0.1987854251012146,0
1378,0114,1,2026-06-13 10:34:40,0.1340080971659919,0
1379,0311,1,2026-06-13 10:34:40,0.5303643724696356,0
1380,0357,1,2026-06-13 10:34:40,0.1987854251012146,0
1381,0493,1,2026-06-13 10:34:40,0.4665991902834008,0
1382,0114,1,2026-06-13 10:34:50,0.1340080971659919,0
1383,0311,1,2026-06-13 10:34:50,0.5303643724696356,0
1384,0357,1,2026-06-13 10:34:50,0.1987854251012146,0
1385,0493,1,2026-06-13 10:34:50,0.4665991902834008,1
1386,0311,1,2026-06-13 10:35:00,0.5303643724696356,0
1387,0357,1,2026-06-13 10:35:00,0.1987854251012146,0
1388,0493,1,2026-06-13 10:35:00,0.4665991902834008,0
1389,0311,1,2026-06-13 10:35:10,0.5303643724696356,0
1390,0357,1,2026-06-13 10:35:10,0.1987854251012146,0
1391,0493,1,2026-06-13 10:35:10,0.4665991902834008,0
1392,0311,1,2026-06-13 10:35:20,0.5303643724696356,1
1393,0357,1,2026-06-13 10:35:20,0.1987854251012146,0
1394,0493,1,2026-06-13 10:35:20,0.4665991902834008,0
1395,0311,1,2026-06-13 10:35:30,0.5303643724696356,0
1396,0357,1,2026-06-13 10:35:30,0.1987854251012146,0
1397,0493,1,2026-06-13 10:35:30,0.4665991902834008,0
1398,0311,1,2026-06-13 10:35:40,0.5303643724696356,0
1399,0357,1,2026-06-13 10:35:40,0.1987854251012146,0
1400,0493,1,2026-06-13 10:35:40,0.4665991902834008,0
1401,0311,1,2026-06-13 10:35:50,0.5303643724696356,1
1402,0357,1,2026-06-13 10:35:50,0.1987854251012146,0
1403,0493,1,2026-06-13 10:35:50,0.4665991902834008,0
1404,0311,1,2026-06-13 10:36:00,0.5303643724696356,0
1405,0493,1,2026-06-13 10:36:00,0.4665991902834008,0
1406,0496,1,2026-06-13 10:36:00,0.1340080971659919,0
1407,0066,1,2026-06-13 10:36:10,0.3402834008097166,0
1408,0311,1,2026-06-13 10:36:10,0.5303643724696356,0
1409,0496,1,2026-06-13 10:36:10,0.1340080971659919,0
1410,0066,1,2026-06-13 10:36:20,0.3402834008097166,0
1411,0496,1,2026-06-13 10:36:20,0.1340080971659919,0
1412,0066,1,2026-06-13 10:36:30,0.3402834008097166,0
1413,0496,1,2026-06-13 10:36:30,0.1340080971659919,0
1414,0066,1,2026-06-13 10:36:40,0.3402834008097166,0
1415,0496,1,2026-06-13 10:36:40,0.1340080971659919,0
1416,0066,1,2026-06-13 10:36:50,0.3402834008097166,0
1417,0496,1,2026-06-13 10:36:50,0.1340080971659919,0
1418,0066,1,2026-06-13 10:37:00,0.3402834008097166,0
1419,0496,1,2026-06-13 10:37:00,0.1340080971659919,0
1420,0066,1,2026-06-13 10:37:10,0.3402834008097166,0
1421,0496,1,2026-06-13 10:37:10,0.1340080971659919,0
1422,0066,1,2026-06-13 10:37:20,0.3402834008097166,0
1423,0496,1,2026-06-13 10:37:20,0.1340080971659919,0
1424,0066,1,2026-06-13 10:37:30,0.3402834008097166,0
1425,0496,1,2026-06-13 10:37:30,0.1340080971659919,1
1426,0066,1,2026-06-13 10:37:40,0.3402834008097166,1
1427,0496,1,2026-06-13 10:37:40,0.1340080971659919,0
1428,0066,1,2026-06-13 10:37:50,0.3402834008097166,0
1429,0066,1,2026-06-13 10:38:00,0.3402834008097166,0
1430,0212,1,2026-06-13 10:41:10,0.9289473684210526,0
1431,0212,1,2026-06-13 10:41:20,0.9289473684210526,0
1432,0212,1,2026-06-13 10:41:30,0.9289473684210526,0
1433,0212,1,2026-06-13 10:41:40,0.9289473684210526,0
1434,0212,1,2026-06-13 10:41:50,0.9289473684210526,0
1435,0212,1,2026-06-13 10:42:00,0.9289473684210526,1
1436,0404,1,2026-06-13 10:42:00,0.4665991902834008,0
1437,0212,1,2026-06-13 10:42:10,0.9289473684210526,0
1438,0404,1,2026-06-13 10:42:10,0.4665991902834008,0
1439,0404,1,2026-06-13 10:42:20,0.4665991902834008,0
1440,0404,1,2026-06-13 10:42:30,0.4665991902834008,0
1441,0404,1,2026-06-13 10:42:40,0.4665991902834008,1
1442,0404,1,2026-06-13 10:42:50,0.4665991902834008,0
1443,0404,1,2026-06-13 10:43:00,0.4665991902834008,0
1444,0404,1,2026-06-13 10:43:10,0.4665991902834008,1
1445,0404,1,2026-06-13 10:43:20,0.4665991902834008,0
1446,0404,1,2026-06-13 10:43:30,0.4665991902834008,0
1447,0404,1,2026-06-13 10:43:40,0.4665991902834008,0
1448,0381,1,2026-06-13 12:24:50,1.0000000000000000,0
1449,0381,1,2026-06-13 12:25:00,1.0000000000000000,1
1450,0381,1,2026-06-13 12:25:10,1.0000000000000000,0
1451,0381,1,2026-06-13 12:25:20,1.0000000000000000,0
1452,0381,1,2026-06-13 12:25:30,1.0000000000000000,0
1453,0381,1,2026-06-13 12:25:40,1.0000000000000000,0
1454,0381,1,2026-06-13 12:25:50,1.0000000000000000,0
1455,0381,1,2026-06-13 12:26:00,1.0000000000000000,0
1456,0381,1,2026-06-13 12:26:10,1.0000000000000000,0
1457,0381,1,2026-06-13 12:26:20,1.0000000000000000,0
1458,0381,1,2026-06-13 12:26:30,1.0000000000000000,0
1459,0132,1,2026-06-13 12:28:50,0.4665991902834008,0
1460,0106,1,2026-06-13 12:29:00,0.2900809716599190,0
1461,0132,1,2026-06-13 12:29:00,0.4665991902834008,0
1462,0106,1,2026-06-13 12:29:10,0.2900809716599190,0
1463,0132,1,2026-06-13 12:29:10,0.4665991902834008,0
1464,0106,1,2026-06-13 12:29:20,0.2900809716599190,0
1465,0132,1,2026-06-13 12:29:20,0.4665991902834008,0
1466,0106,1,2026-06-13 12:29:30,0.2900809716599190,1
1467,0132,1,2026-06-13 12:29:30,0.4665991902834008,0
1468,0106,1,2026-06-13 12:29:40,0.2900809716599190,0
1469,0132,1,2026-06-13 12:29:40,0.4665991902834008,0
1470,0287,1,2026-06-13 12:29:40,0.2900809716599190,0
1471,0106,1,2026-06-13 12:29:50,0.2900809716599190,0
1472,0132,1,2026-06-13 12:29:50,0.4665991902834008,0
1473,0287,1,2026-06-13 12:29:50,0.2900809716599190,0
1474,0106,1,2026-06-13 12:30:00,0.2900809716599190,0
1475,0132,1,2026-06-13 12:30:00,0.4665991902834008,0
1476,0258,1,2026-06-13 12:30:00,0.3402834008097166,0
1477,0287,1,2026-06-13 12:30:00,0.2900809716599190,0
1478,0106,1,2026-06-13 12:30:10,0.2900809716599190,0
1479,0132,1,2026-06-13 12:30:10,0.4665991902834008,0
1480,0258,1,2026-06-13 12:30:10,0.3402834008097166,0
1481,0287,1,2026-06-13 12:30:10,0.2900809716599190,1
1482,0106,1,2026-06-13 12:30:20,0.2900809716599190,0
1483,0132,1,2026-06-13 12:30:20,0.4665991902834008,0
1484,0258,1,2026-06-13 12:30:20,0.3402834008097166,0
1485,0287,1,2026-06-13 12:30:20,0.2900809716599190,0
1486,0106,1,2026-06-13 12:30:30,0.2900809716599190,0
1487,0132,1,2026-06-13 12:30:30,0.4665991902834008,0
1488,0258,1,2026-06-13 12:30:30,0.3402834008097166,1
1489,0287,1,2026-06-13 12:30:30,0.2900809716599190,0
1490,0106,1,2026-06-13 12:30:40,0.2900809716599190,0
1491,0258,1,2026-06-13 12:30:40,0.3402834008097166,0
1492,0287,1,2026-06-13 12:30:40,0.2900809716599190,0
1493,0106,1,2026-06-13 12:30:50,0.2900809716599190,0
1494,0258,1,2026-06-13 12:30:50,0.3402834008097166,1
1495,0287,1,2026-06-13 12:30:50,0.2900809716599190,0
1496,0258,1,2026-06-13 12:31:00,0.3402834008097166,0
1497,0287,1,2026-06-13 12:31:00,0.2900809716599190,0
1498,0258,1,2026-06-13 12:31:10,0.3402834008097166,0
1499,0287,1,2026-06-13 12:31:10,0.2900809716599190,0
1500,0258,1,2026-06-13 12:31:20,0.3402834008097166,0
1501,0491,1,2026-06-13 12:31:40,0.3402834008097166,0
1502,0491,1,2026-06-13 12:31:50,0.3402834008097166,0
1503,0491,1,2026-06-13 12:32:00,0.3402834008097166,0
1504,0491,1,2026-06-13 12:32:10,0.3402834008097166,0
1505,0491,1,2026-06-13 12:32:20,0.3402834008097166,0
1506,0491,1,2026-06-13 12:32:30,0.3402834008097166,1
1507,0491,1,2026-06-13 12:32:40,0.3402834008097166,0
1508,0210,1,2026-06-13 14:11:10,0.9289473684210526,0
1509,0210,1,2026-06-13 14:11:20,0.9289473684210526,0
1510,0210,1,2026-06-13 14:11:30,0.9289473684210526,0
1511,0399,1,2026-06-13 14:11:30,0.5303643724696356,0
1512,0210,1,2026-06-13 14:11:40,0.9289473684210526,0
1513,0399,1,2026-06-13 14:11:40,0.5303643724696356,0
1514,0210,1,2026-06-13 14:11:50,0.9289473684210526,0
1515,0399,1,2026-06-13 14:11:50,0.5303643724696356,0
1516,0210,1,2026-06-13 14:12:00,0.9289473684210526,0
1517,0399,1,2026-06-13 14:12:00,0.5303643724696356,0
1518,0210,1,2026-06-13 14:12:10,0.9289473684210526,0
1519,0399,1,2026-06-13 14:12:10,0.5303643724696356,1
1520,0210,1,2026-06-13 14:12:20,0.9289473684210526,0
1521,0210,1,2026-06-13 14:12:30,0.9289473684210526,0
1522,0210,1,2026-06-13 14:12:40,0.9289473684210526,0
1523,0210,1,2026-06-13 14:12:50,0.9289473684210526,0
1524,0079,1,2026-06-13 15:07:10,0.4665991902834008,0
1525,0079,1,2026-06-13 15:07:20,0.4665991902834008,0
1526,0079,1,2026-06-13 15:07:30,0.4665991902834008,0
1527,0079,1,2026-06-13 15:07:40,0.4665991902834008,0
1528,0079,1,2026-06-13 15:07:50,0.4665991902834008,0
1529,0079,1,2026-06-13 15:08:00,0.4665991902834008,0
1530,0079,1,2026-06-13 15:08:10,0.4665991902834008,0
1531,0079,1,2026-06-13 15:08:20,0.4665991902834008,0
1532,0079,1,2026-06-13 15:08:30,0.4665991902834008,0
1533,0079,1,2026-06-13 15:08:40,0.4665991902834008,1
1534,0079,1,2026-06-13 15:08:50,0.4665991902834008,0
1535,0079,1,2026-06-13 15:09:00,0.4665991902834008,0
1536,0149,1,2026-06-13 15:28:20,0.6645748987854251,0
1537,0149,1,2026-06-13 15:28:30,0.6645748987854251,0
1538,0149,1,2026-06-13 15:28:40,0.6645748987854251,0
1539,0149,1,2026-06-13 15:28:50,0.6645748987854251,0
1540,0149,1,2026-06-13 15:29:00,0.6645748987854251,0
1541,0149,1,2026-06-13 15:29:10,0.6645748987854251,0
1542,0055,1,2026-06-13 15:29:30,0.8038461538461539,0
1543,0055,1,2026-06-13 15:29:40,0.8038461538461539,0
1544,0055,1,2026-06-13 15:29:50,0.8038461538461539,0
1545,0055,1,2026-06-13 15:30:00,0.8038461538461539,0
1546,0055,1,2026-06-13 15:30:10,0.8038461538461539,0
1547,0055,1,2026-06-13 15:30:20,0.8038461538461539,0
1548,0055,1,2026-06-13 15:30:30,0.8038461538461539,1
1549,0055,1,2026-06-13 15:30:40,0.8038461538461539,0
1550,0366,1,2026-06-13 15:30:50,1.0000000000000000,0
1551,0432,1,2026-06-13 15:30:50,1.0000000000000000,0
1552,0171,1,2026-06-13 15:31:00,0.0629554655870445,0
1553,0366,1,2026-06-13 15:31:00,1.0000000000000000,0
1554,0432,1,2026-06-13 15:31:00,1.0000000000000000,0
1555,0171,1,2026-06-13 15:31:10,0.0629554655870445,0
1556,0366,1,2026-06-13 15:31:10,1.0000000000000000,0
1557,0432,1,2026-06-13 15:31:10,1.0000000000000000,0
1558,0171,1,2026-06-13 15:31:20,0.0629554655870445,0
1559,0432,1,2026-06-13 15:31:20,1.0000000000000000,0
1560,0171,1,2026-06-13 15:31:30,0.0629554655870445,0
1561,0432,1,2026-06-13 15:31:30,1.0000000000000000,0
1562,0171,1,2026-06-13 15:31:40,0.0629554655870445,0
1563,0432,1,2026-06-13 15:31:40,1.0000000000000000,0
1564,0171,1,2026-06-13 15:31:50,0.0629554655870445,0
1565,0432,1,2026-06-13 15:31:50,1.0000000000000000,0
1566,0171,1,2026-06-13 15:32:00,0.0629554655870445,0
1567,0432,1,2026-06-13 15:32:00,1.0000000000000000,0
1568,0171,1,2026-06-13 15:32:10,0.0629554655870445,0
1569,0432,1,2026-06-13 15:32:10,1.0000000000000000,0
1570,0171,1,2026-06-13 15:32:20,0.0629554655870445,0
1571,0422,1,2026-06-13 15:32:20,0.2900809716599190,0
1572,0432,1,2026-06-13 15:32:20,1.0000000000000000,0
1573,0171,1,2026-06-13 15:32:30,0.0629554655870445,0
1574,0422,1,2026-06-13 15:32:30,0.2900809716599190,0
1575,0432,1,2026-06-13 15:32:30,1.0000000000000000,1
1576,0171,1,2026-06-13 15:32:40,0.0629554655870445,0
1577,0422,1,2026-06-13 15:32:40,0.2900809716599190,0
1578,0432,1,2026-06-13 15:32:40,1.0000000000000000,0
1579,0171,1,2026-06-13 15:32:50,0.0629554655870445,0
1580,0422,1,2026-06-13 15:32:50,0.2900809716599190,0
1581,0422,1,2026-06-13 15:33:00,0.2900809716599190,0
1582,0422,1,2026-06-13 15:33:10,0.2900809716599190,0
1583,0422,1,2026-06-13 15:33:20,0.2900809716599190,0
1584,0427,1,2026-06-13 15:33:20,0.1340080971659919,0
1585,0422,1,2026-06-13 15:33:30,0.2900809716599190,0
1586,0427,1,2026-06-13 15:33:30,0.1340080971659919,1
1587,0422,1,2026-06-13 15:33:40,0.2900809716599190,0
1588,0427,1,2026-06-13 15:33:40,0.1340080971659919,0
1589,0422,1,2026-06-13 15:33:50,0.2900809716599190,0
1590,0427,1,2026-06-13 15:33:50,0.1340080971659919,0
1591,0427,1,2026-06-13 15:34:00,0.1340080971659919,0
1592,0427,1,2026-06-13 15:34:10,0.1340080971659919,0
1593,0130,1,2026-06-13 15:36:20,0.0629554655870445,0
1594,0130,1,2026-06-13 15:36:30,0.0629554655870445,0
1595,0130,1,2026-06-13 15:36:40,0.0629554655870445,0
1596,0130,1,2026-06-13 15:36:50,0.0629554655870445,0
1597,0130,1,2026-06-13 15:37:00,0.0629554655870445,0
1598,0103,1,2026-06-13 15:37:10,1.0000000000000000,0
1599,0130,1,2026-06-13 15:37:10,0.0629554655870445,0
1600,0103,1,2026-06-13 15:37:20,1.0000000000000000,0
1601,0130,1,2026-06-13 15:37:20,0.0629554655870445,0
1602,0103,1,2026-06-13 15:37:30,1.0000000000000000,0
1603,0130,1,2026-06-13 15:37:30,0.0629554655870445,0
1604,0103,1,2026-06-13 15:37:40,1.0000000000000000,0
1605,0130,1,2026-06-13 15:37:40,0.0629554655870445,1
1606,0103,1,2026-06-13 15:37:50,1.0000000000000000,0
1607,0130,1,2026-06-13 15:37:50,0.0629554655870445,0
1608,0103,1,2026-06-13 15:38:00,1.0000000000000000,0
1609,0130,1,2026-06-13 15:38:00,0.0629554655870445,0
1610,0103,1,2026-06-13 15:38:10,1.0000000000000000,0
1611,0130,1,2026-06-13 15:38:10,0.0629554655870445,0
1612,0010,1,2026-06-13 15:38:20,0.2900809716599190,0
1613,0103,1,2026-06-13 15:38:20,1.0000000000000000,0
1614,0010,1,2026-06-13 15:38:30,0.2900809716599190,0
1615,0103,1,2026-06-13 15:38:30,1.0000000000000000,0
1616,0010,1,2026-06-13 15:38:40,0.2900809716599190,0
1617,0103,1,2026-06-13 15:38:40,1.0000000000000000,0
1618,0010,1,2026-06-13 15:38:50,0.2900809716599190,0
1619,0103,1,2026-06-13 15:38:50,1.0000000000000000,1
1620,0010,1,2026-06-13 15:39:00,0.2900809716599190,0
1621,0010,1,2026-06-13 15:39:10,0.2900809716599190,0
1622,0466,1,2026-06-13 16:45:50,0.6645748987854251,0
1623,0466,1,2026-06-13 16:46:00,0.6645748987854251,0
1624,0059,1,2026-06-13 16:46:10,0.8038461538461539,0
1625,0466,1,2026-06-13 16:46:10,0.6645748987854251,0
1626,0059,1,2026-06-13 16:46:20,0.8038461538461539,0
1627,0466,1,2026-06-13 16:46:20,0.6645748987854251,0
1628,0059,1,2026-06-13 16:46:30,0.8038461538461539,0
1629,0466,1,2026-06-13 16:46:30,0.6645748987854251,0
1630,0059,1,2026-06-13 16:46:40,0.8038461538461539,1
1631,0466,1,2026-06-13 16:46:40,0.6645748987854251,0
1632,0466,1,2026-06-13 16:46:50,0.6645748987854251,0
1633,0466,1,2026-06-13 16:47:00,0.6645748987854251,0
1634,0466,1,2026-06-13 16:47:10,0.6645748987854251,0
1635,0466,1,2026-06-13 16:47:20,0.6645748987854251,0
1636,0466,1,2026-06-13 16:47:30,0.6645748987854251,0
1637,0466,1,2026-06-13 16:47:40,0.6645748987854251,0
1638,0263,1,2026-06-13 17:08:00,0.2900809716599190,0
1639,0263,1,2026-06-13 17:08:10,0.2900809716599190,0
1640,0333,1,2026-06-13 17:08:10,0.6115384615384616,0
1641,0263,1,2026-06-13 17:08:20,0.2900809716599190,0
1642,0333,1,2026-06-13 17:08:20,0.6115384615384616,0
1643,0263,1,2026-06-13 17:08:30,0.2900809716599190,0
1644,0333,1,2026-06-13 17:08:30,0.6115384615384616,1
1645,0263,1,2026-06-13 17:08:40,0.2900809716599190,0
1646,0333,1,2026-06-13 17:08:40,0.6115384615384616,0
1647,0263,1,2026-06-13 17:08:50,0.2900809716599190,0
1648,0333,1,2026-06-13 17:08:50,0.6115384615384616,0
1649,0263,1,2026-06-13 17:09:00,0.2900809716599190,0
1650,0333,1,2026-06-13 17:09:00,0.6115384615384616,0
1651,0263,1,2026-06-13 17:09:10,0.2900809716599190,0
1652,0333,1,2026-06-13 17:09:10,0.6115384615384616,0
1653,0263,1,2026-06-13 17:09:20,0.2900809716599190,0
1654,0333,1,2026-06-13 17:09:20,0.6115384615384616,0
1655,0263,1,2026-06-13 17:09:30,0.2900809716599190,0
1656,0333,1,2026-06-13 17:09:30,0.6115384615384616,0
1657,0263,1,2026-06-13 17:09:40,0.2900809716599190,0
1658,0333,1,2026-06-13 17:09:40,0.6115384615384616,0
1659,0263,1,2026-06-13 17:09:50,0.2900809716599190,0
1660,0333,1,2026-06-13 17:09:50,0.6115384615384616,0
1661,0333,1,2026-06-13 17:10:00,0.6115384615384616,0
1662,0288,1,2026-06-13 17:11:00,0.6645748987854251,0
1663,0288,1,2026-06-13 17:11:10,0.6645748987854251,1
1664,0288,1,2026-06-13 17:11:20,0.6645748987854251,0
1665,0075,1,2026-06-13 17:11:50,0.9289473684210526,1
1666,0283,1,2026-06-13 17:11:50,0.8038461538461539,0
1667,0075,1,2026-06-13 17:12:00,0.9289473684210526,0
1668,0283,1,2026-06-13 17:12:00,0.8038461538461539,0
1669,0075,1,2026-06-13 17:12:10,0.9289473684210526,0
1670,0283,1,2026-06-13 17:12:10,0.8038461538461539,1
1671,0075,1,2026-06-13 17:12:20,0.9289473684210526,0
1672,0283,1,2026-06-13 17:12:20,0.8038461538461539,0
1673,0075,1,2026-06-13 17:12:30,0.9289473684210526,0
1674,0283,1,2026-06-13 17:12:30,0.8038461538461539,0
1675,0075,1,2026-06-13 17:12:40,0.9289473684210526,0
1676,0283,1,2026-06-13 17:12:40,0.8038461538461539,1
1677,0075,1,2026-06-13 17:12:50,0.9289473684210526,0
1678,0283,1,2026-06-13 17:12:50,0.8038461538461539,0
1679,0075,1,2026-06-13 17:13:00,0.9289473684210526,0
1680,0283,1,2026-06-13 17:13:00,0.8038461538461539,0
1681,0075,1,2026-06-13 17:13:10,0.9289473684210526,0
1682,0283,1,2026-06-13 17:13:10,0.8038461538461539,0
1683,0075,1,2026-06-13 17:13:20,0.9289473684210526,0
1684,0075,1,2026-06-13 17:13:30,0.9289473684210526,0
1685,0018,1,2026-06-13 18:25:50,0.6115384615384616,0
1686,0018,1,2026-06-13 18:26:00,0.6115384615384616,0
1687,0018,1,2026-06-13 18:26:10,0.6115384615384616,0
1688,0018,1,2026-06-13 18:26:20,0.6115384615384616,0
1689,0018,1,2026-06-13 18:26:30,0.6115384615384616,0
1690,0018,1,2026-06-13 18:26:40,0.6115384615384616,0
1691,0018,1,2026-06-13 18:26:50,0.6115384615384616,0
1692,0018,1,2026-06-13 18:27:00,0.6115384615384616,0
1693,0018,1,2026-06-13 18:27:10,0.6115384615384616,0
1694,0018,1,2026-06-13 18:27:20,0.6115384615384616,0
1695,0018,1,2026-06-13 18:27:30,0.6115384615384616,0
1696,0018,1,2026-06-13 18:27:40,0.6115384615384616,0
1697,0284,1,2026-06-13 18:45:00,0.9289473684210526,0
1698,0284,1,2026-06-13 18:45:10,0.9289473684210526,0
1699,0284,1,2026-06-13 18:45:20,0.9289473684210526,1
1700,0284,1,2026-06-13 18:45:30,0.9289473684210526,1
1701,0284,1,2026-06-13 18:45:40,0.9289473684210526,0
1702,0362,1,2026-06-13 18:45:50,0.8038461538461539,0
1703,0362,1,2026-06-13 18:46:00,0.8038461538461539,0
1704,0362,1,2026-06-13 18:46:10,0.8038461538461539,0
1705,0362,1,2026-06-13 18:46:20,0.8038461538461539,1
1706,0396,1,2026-06-14 01:18:50,0.9289473684210526,0
1707,0396,1,2026-06-14 01:19:00,0.9289473684210526,0
1708,0396,1,2026-06-14 01:19:10,0.9289473684210526,0
1709,0396,1,2026-06-14 01:19:20,0.9289473684210526,0
1710,0396,1,2026-06-14 01:19:30,0.9289473684210526,0
1711,0396,1,2026-06-14 01:19:40,0.9289473684210526,0
1712,0396,1,2026-06-14 01:19:50,0.9289473684210526,0
1713,0396,1,2026-06-14 01:20:00,0.9289473684210526,0
1714,0396,1,2026-06-14 01:20:10,0.9289473684210526,0
1715,0396,1,2026-06-14 01:20:20,0.9289473684210526,0
1716,0396,1,2026-06-14 01:20:30,0.9289473684210526,1
1717,0396,1,2026-06-14 01:20:40,0.9289473684210526,0
1718,0468,1,2026-06-14 01:21:00,0.1987854251012146,0
1719,0468,1,2026-06-14 01:21:10,0.1987854251012146,0
1720,0292,1,2026-06-14 01:21:20,0.1987854251012146,0
1721,0468,1,2026-06-14 01:21:20,0.1987854251012146,1
1722,0292,1,2026-06-14 01:21:30,0.1987854251012146,0
1723,0468,1,2026-06-14 01:21:30,0.1987854251012146,0
1724,0292,1,2026-06-14 01:21:40,0.1987854251012146,0
1725,0468,1,2026-06-14 01:21:40,0.1987854251012146,0
1726,0292,1,2026-06-14 01:21:50,0.1987854251012146,1
1727,0468,1,2026-06-14 01:21:50,0.1987854251012146,0
1728,0292,1,2026-06-14 01:22:00,0.1987854251012146,0
1729,0468,1,2026-06-14 01:22:00,0.1987854251012146,0
1730,0292,1,2026-06-14 01:22:10,0.1987854251012146,0
1731,0292,1,2026-06-14 01:22:20,0.1987854251012146,0
1732,0292,1,2026-06-14 01:22:30,0.1987854251012146,0
1733,0025,1,2026-06-14 01:22:40,0.5303643724696356,0
1734,0038,1,2026-06-14 01:22:40,0.0629554655870445,0
1735,0112,1,2026-06-14 01:22:40,0.7000000000000000,1
1736,0292,1,2026-06-14 01:22:40,0.1987854251012146,0
1737,0025,1,2026-06-14 01:22:50,0.5303643724696356,0
1738,0038,1,2026-06-14 01:22:50,0.0629554655870445,0
1739,0112,1,2026-06-14 01:22:50,0.7000000000000000,1
1740,0189,1,2026-06-14 01:22:50,1.0000000000000000,0
1741,0201,1,2026-06-14 01:22:50,0.4665991902834008,0
1742,0257,1,2026-06-14 01:22:50,0.9289473684210526,0
1743,0292,1,2026-06-14 01:22:50,0.1987854251012146,0
1744,0315,1,2026-06-14 01:22:50,0.4665991902834008,0
1745,0025,1,2026-06-14 01:23:00,0.5303643724696356,1
1746,0038,1,2026-06-14 01:23:00,0.0629554655870445,0
1747,0112,1,2026-06-14 01:23:00,0.7000000000000000,0
1748,0189,1,2026-06-14 01:23:00,1.0000000000000000,0
1749,0201,1,2026-06-14 01:23:00,0.4665991902834008,0
1750,0257,1,2026-06-14 01:23:00,0.9289473684210526,0
1751,0315,1,2026-06-14 01:23:00,0.4665991902834008,0
1752,007,1,2026-06-14 01:23:10,0.5303643724696356,0
1753,0025,1,2026-06-14 01:23:10,0.5303643724696356,0
1754,0038,1,2026-06-14 01:23:10,0.0629554655870445,0
1755,0112,1,2026-06-14 01:23:10,0.7000000000000000,0
1756,0189,1,2026-06-14 01:23:10,1.0000000000000000,0
1757,0201,1,2026-06-14 01:23:10,0.4665991902834008,0
1758,0231,1,2026-06-14 01:23:10,0.4665991902834008,0
1759,0257,1,2026-06-14 01:23:10,0.9289473684210526,1
1760,0315,1,2026-06-14 01:23:10,0.4665991902834008,0
1761,007,1,2026-06-14 01:23:20,0.5303643724696356,0
1762,0025,1,2026-06-14 01:23:20,0.5303643724696356,0
1763,0038,1,2026-06-14 01:23:20,0.0629554655870445,0
1764,0112,1,2026-06-14 01:23:20,0.7000000000000000,0
1765,0189,1,2026-06-14 01:23:20,1.0000000000000000,0
1766,0201,1,2026-06-14 01:23:20,0.4665991902834008,0
1767,0231,1,2026-06-14 01:23:20,0.4665991902834008,0
1768,0257,1,2026-06-14 01:23:20,0.9289473684210526,0
1769,0308,1,2026-06-14 01:23:20,0.2900809716599190,0
1770,0315,1,2026-06-14 01:23:20,0.4665991902834008,0
1771,007,1,2026-06-14 01:23:30,0.5303643724696356,0
1772,0025,1,2026-06-14 01:23:30,0.5303643724696356,0
1773,0038,1,2026-06-14 01:23:30,0.0629554655870445,0
1774,0112,1,2026-06-14 01:23:30,0.7000000000000000,0
1775,0189,1,2026-06-14 01:23:30,1.0000000000000000,0
1776,0201,1,2026-06-14 01:23:30,0.4665991902834008,0
1777,0231,1,2026-06-14 01:23:30,0.4665991902834008,0
1778,0257,1,2026-06-14 01:23:30,0.9289473684210526,0
1779,0308,1,2026-06-14 01:23:30,0.2900809716599190,0
1780,0315,1,2026-06-14 01:23:30,0.4665991902834008,1
1781,007,1,2026-06-14 01:23:40,0.5303643724696356,0
1782,0025,1,2026-06-14 01:23:40,0.5303643724696356,0
1783,0038,1,2026-06-14 01:23:40,0.0629554655870445,0
1784,0189,1,2026-06-14 01:23:40,1.0000000000000000,0
1785,0201,1,2026-06-14 01:23:40,0.4665991902834008,0
1786,0231,1,2026-06-14 01:23:40,0.4665991902834008,0
1787,0257,1,2026-06-14 01:23:40,0.9289473684210526,0
1788,0308,1,2026-06-14 01:23:40,0.2900809716599190,0
1789,0315,1,2026-06-14 01:23:40,0.4665991902834008,0
1790,007,1,2026-06-14 01:23:50,0.5303643724696356,0
1791,0025,1,2026-06-14 01:23:50,0.5303643724696356,0
1792,0038,1,2026-06-14 01:23:50,0.0629554655870445,0
1793,0189,1,2026-06-14 01:23:50,1.0000000000000000,0
1794,0201,1,2026-06-14 01:23:50,0.4665991902834008,0
1795,0231,1,2026-06-14 01:23:50,0.4665991902834008,1
1796,0257,1,2026-06-14 01:23:50,0.9289473684210526,0
1797,0308,1,2026-06-14 01:23:50,0.2900809716599190,0
1798,0315,1,2026-06-14 01:23:50,0.4665991902834008,0
1799,007,1,2026-06-14 01:24:00,0.5303643724696356,0
1800,0038,1,2026-06-14 01:24:00,0.0629554655870445,0
1801,0189,1,2026-06-14 01:24:00,1.0000000000000000,0
1802,0201,1,2026-06-14 01:24:00,0.4665991902834008,1
1803,0231,1,2026-06-14 01:24:00,0.4665991902834008,0
1804,0257,1,2026-06-14 01:24:00,0.9289473684210526,0
1805,0308,1,2026-06-14 01:24:00,0.2900809716599190,0
1806,0315,1,2026-06-14 01:24:00,0.4665991902834008,0
1807,007,1,2026-06-14 01:24:10,0.5303643724696356,0
1808,0038,1,2026-06-14 01:24:10,0.0629554655870445,0
1809,0189,1,2026-06-14 01:24:10,1.0000000000000000,0
1810,0231,1,2026-06-14 01:24:10,0.4665991902834008,0
1811,0257,1,2026-06-14 01:24:10,0.9289473684210526,0
1812,0308,1,2026-06-14 01:24:10,0.2900809716599190,0
1813,0315,1,2026-06-14 01:24:10,0.4665991902834008,1
1814,007,1,2026-06-14 01:24:20,0.5303643724696356,0
1815,0038,1,2026-06-14 01:24:20,0.0629554655870445,0
1816,0189,1,2026-06-14 01:24:20,1.0000000000000000,0
1817,0257,1,2026-06-14 01:24:20,0.9289473684210526,0
1818,0308,1,2026-06-14 01:24:20,0.2900809716599190,1
1819,007,1,2026-06-14 01:24:30,0.5303643724696356,0
1820,0189,1,2026-06-14 01:24:30,1.0000000000000000,0
1821,0257,1,2026-06-14 01:24:30,0.9289473684210526,0
1822,007,1,2026-06-14 01:24:40,0.5303643724696356,0
1823,0189,1,2026-06-14 01:24:40,1.0000000000000000,0
1824,0137,1,2026-06-14 01:30:00,0.6645748987854251,1
1825,0137,1,2026-06-14 01:30:10,0.6645748987854251,0
1826,0137,1,2026-06-14 01:30:20,0.6645748987854251,0
1827,0137,1,2026-06-14 01:30:30,0.6645748987854251,0
1828,0137,1,2026-06-14 01:30:40,0.6645748987854251,0
1829,0137,1,2026-06-14 01:30:50,0.6645748987854251,0
1830,0137,1,2026-06-14 01:31:00,0.6645748987854251,0
1831,0137,1,2026-06-14 01:31:10,0.6645748987854251,0
1832,0137,1,2026-06-14 01:31:20,0.6645748987854251,0
1833,0137,1,2026-06-14 01:31:30,0.6645748987854251,0
1834,0137,1,2026-06-14 01:31:40,0.6645748987854251,0
1835,0180,1,2026-06-14 01:32:10,0.6115384615384616,0
1836,0180,1,2026-06-14 01:32:20,0.6115384615384616,0
1837,0180,1,2026-06-14 01:32:30,0.6115384615384616,0
1838,0180,1,2026-06-14 01:32:40,0.6115384615384616,0
1839,0180,1,2026-06-14 01:32:50,0.6115384615384616,0
1840,0180,1,2026-06-14 01:33:00,0.6115384615384616,0
1841,0180,1,2026-06-14 01:33:10,0.6115384615384616,0
1842,0180,1,2026-06-14 01:33:20,0.6115384615384616,0
1843,0180,1,2026-06-14 01:33:30,0.6115384615384616,0
1844,0180,1,2026-06-14 01:33:40,0.6115384615384616,0
1845,0180,1,2026-06-14 01:33:50,0.6115384615384616,0
1846,0410,1,2026-06-14 02:59:40,0.9289473684210526,0
1847,0410,1,2026-06-14 02:59:50,0.9289473684210526,0
1848,0410,1,2026-06-14 03:00:00,0.9289473684210526,0
1849,0346,1,2026-06-14 03:00:10,0.3402834008097166,0
1850,0410,1,2026-06-14 03:00:10,0.9289473684210526,0
1851,0346,1,2026-06-14 03:00:20,0.3402834008097166,0
1852,0410,1,2026-06-14 03:00:20,0.9289473684210526,0
1853,0346,1,2026-06-14 03:00:30,0.3402834008097166,0
1854,0410,1,2026-06-14 03:00:30,0.9289473684210526,0
1855,0346,1,2026-06-14 03:00:40,0.3402834008097166,0
1856,0410,1,2026-06-14 03:00:40,0.9289473684210526,0
1857,0346,1,2026-06-14 03:00:50,0.3402834008097166,1
1858,0410,1,2026-06-14 03:00:50,0.9289473684210526,0
1859,0346,1,2026-06-14 03:01:00,0.3402834008097166,0
1860,0410,1,2026-06-14 03:01:00,0.9289473684210526,0
1861,0346,1,2026-06-14 03:01:10,0.3402834008097166,0
1862,0410,1,2026-06-14 03:01:10,0.9289473684210526,0
1863,0266,1,2026-06-14 03:01:20,0.2900809716599190,0
1864,0346,1,2026-06-14 03:01:20,0.3402834008097166,0
1865,0266,1,2026-06-14 03:01:30,0.2900809716599190,0
1866,0346,1,2026-06-14 03:01:30,0.3402834008097166,0
1867,0450,1,2026-06-14 03:01:30,0.1987854251012146,0
1868,0266,1,2026-06-14 03:01:40,0.2900809716599190,0
1869,0346,1,2026-06-14 03:01:40,0.3402834008097166,0
1870,0349,1,2026-06-14 03:01:40,0.6115384615384616,0
1871,0450,1,2026-06-14 03:01:40,0.1987854251012146,0
1872,0266,1,2026-06-14 03:01:50,0.2900809716599190,0
1873,0346,1,2026-06-14 03:01:50,0.3402834008097166,0
1874,0349,1,2026-06-14 03:01:50,0.6115384615384616,1
1875,0434,1,2026-06-14 03:01:50,0.1340080971659919,0
1876,0450,1,2026-06-14 03:01:50,0.1987854251012146,0
1877,0266,1,2026-06-14 03:02:00,0.2900809716599190,0
1878,0346,1,2026-06-14 03:02:00,0.3402834008097166,0
1879,0349,1,2026-06-14 03:02:00,0.6115384615384616,0
1880,0434,1,2026-06-14 03:02:00,0.1340080971659919,0
1881,0450,1,2026-06-14 03:02:00,0.1987854251012146,1
1882,0266,1,2026-06-14 03:02:10,0.2900809716599190,0
1883,0349,1,2026-06-14 03:02:10,0.6115384615384616,1
1884,0434,1,2026-06-14 03:02:10,0.1340080971659919,0
1885,0450,1,2026-06-14 03:02:10,0.1987854251012146,0
1886,0124,1,2026-06-14 03:02:20,0.4665991902834008,0
1887,0266,1,2026-06-14 03:02:20,0.2900809716599190,0
1888,0349,1,2026-06-14 03:02:20,0.6115384615384616,0
1889,0434,1,2026-06-14 03:02:20,0.1340080971659919,0
1890,0450,1,2026-06-14 03:02:20,0.1987854251012146,0
1891,0124,1,2026-06-14 03:02:30,0.4665991902834008,0
1892,0266,1,2026-06-14 03:02:30,0.2900809716599190,0
1893,0349,1,2026-06-14 03:02:30,0.6115384615384616,0
1894,0434,1,2026-06-14 03:02:30,0.1340080971659919,0
1895,0450,1,2026-06-14 03:02:30,0.1987854251012146,0
1896,0124,1,2026-06-14 03:02:40,0.4665991902834008,1
1897,0266,1,2026-06-14 03:02:40,0.2900809716599190,0
1898,0434,1,2026-06-14 03:02:40,0.1340080971659919,0
1899,0450,1,2026-06-14 03:02:40,0.1987854251012146,0
1900,0124,1,2026-06-14 03:02:50,0.4665991902834008,0
1901,0266,1,2026-06-14 03:02:50,0.2900809716599190,0
1902,0278,1,2026-06-14 03:02:50,0.6115384615384616,0
1903,0434,1,2026-06-14 03:02:50,0.1340080971659919,0
1904,0450,1,2026-06-14 03:02:50,0.1987854251012146,0
1905,0124,1,2026-06-14 03:03:00,0.4665991902834008,0
1906,0278,1,2026-06-14 03:03:00,0.6115384615384616,0
1907,0434,1,2026-06-14 03:03:00,0.1340080971659919,0
1908,0124,1,2026-06-14 03:03:10,0.4665991902834008,0
1909,0278,1,2026-06-14 03:03:10,0.6115384615384616,0
1910,0434,1,2026-06-14 03:03:10,0.1340080971659919,0
1911,0033,1,2026-06-14 03:03:20,0.9289473684210526,0
1912,0124,1,2026-06-14 03:03:20,0.4665991902834008,0
1913,0278,1,2026-06-14 03:03:20,0.6115384615384616,0
1914,0434,1,2026-06-14 03:03:20,0.1340080971659919,0
1915,0033,1,2026-06-14 03:03:30,0.9289473684210526,0
1916,0124,1,2026-06-14 03:03:30,0.4665991902834008,0
1917,0278,1,2026-06-14 03:03:30,0.6115384615384616,0
1918,0434,1,2026-06-14 03:03:30,0.1340080971659919,0
1919,0443,1,2026-06-14 03:03:30,0.4665991902834008,0
1920,0033,1,2026-06-14 03:03:40,0.9289473684210526,0
1921,0124,1,2026-06-14 03:03:40,0.4665991902834008,0
1922,0278,1,2026-06-14 03:03:40,0.6115384615384616,0
1923,0443,1,2026-06-14 03:03:40,0.4665991902834008,0
1924,0033,1,2026-06-14 03:03:50,0.9289473684210526,0
1925,0124,1,2026-06-14 03:03:50,0.4665991902834008,0
1926,0278,1,2026-06-14 03:03:50,0.6115384615384616,1
1927,0443,1,2026-06-14 03:03:50,0.4665991902834008,0
1928,0033,1,2026-06-14 03:04:00,0.9289473684210526,0
1929,0124,1,2026-06-14 03:04:00,0.4665991902834008,0
1930,0278,1,2026-06-14 03:04:00,0.6115384615384616,0
1931,0443,1,2026-06-14 03:04:00,0.4665991902834008,0
1932,0033,1,2026-06-14 03:04:10,0.9289473684210526,0
1933,0124,1,2026-06-14 03:04:10,0.4665991902834008,0
1934,0278,1,2026-06-14 03:04:10,0.6115384615384616,0
1935,0443,1,2026-06-14 03:04:10,0.4665991902834008,0
1936,0033,1,2026-06-14 03:04:20,0.9289473684210526,0
1937,0278,1,2026-06-14 03:04:20,0.6115384615384616,0
1938,0443,1,2026-06-14 03:04:20,0.4665991902834008,0
1939,0456,1,2026-06-14 03:04:20,1.0000000000000000,0
1940,0033,1,2026-06-14 03:04:30,0.9289473684210526,0
1941,0278,1,2026-06-14 03:04:30,0.6115384615384616,0
1942,0456,1,2026-06-14 03:04:30,1.0000000000000000,0
1943,0278,1,2026-06-14 03:04:40,0.6115384615384616,0
1944,0456,1,2026-06-14 03:04:40,1.0000000000000000,0
1945,0456,1,2026-06-14 03:04:50,1.0000000000000000,0
1946,0456,1,2026-06-14 03:05:00,1.0000000000000000,0
1947,0456,1,2026-06-14 03:05:10,1.0000000000000000,1
1948,0456,1,2026-06-14 03:05:20,1.0000000000000000,0
1949,0456,1,2026-06-14 03:05:30,1.0000000000000000,0
1950,0456,1,2026-06-14 03:05:40,1.0000000000000000,1
1951,0161,1,2026-06-14 03:06:10,0.1987854251012146,0
1952,0161,1,2026-06-14 03:06:20,0.1987854251012146,0
1953,0161,1,2026-06-14 03:06:30,0.1987854251012146,0
1954,0161,1,2026-06-14 03:06:40,0.1987854251012146,0
1955,0161,1,2026-06-14 03:06:50,0.1987854251012146,0
1956,0161,1,2026-06-14 03:07:00,0.1987854251012146,0
1957,0161,1,2026-06-14 03:07:10,0.1987854251012146,0
1958,0161,1,2026-06-14 03:07:20,0.1987854251012146,0
1959,0161,1,2026-06-14 03:07:30,0.1987854251012146,1
1960,0161,1,2026-06-14 03:07:40,0.1987854251012146,0
1961,0161,1,2026-06-14 03:07:50,0.1987854251012146,0
1962,0170,1,2026-06-14 03:09:50,0.6645748987854251,0
1963,0170,1,2026-06-14 03:10:00,0.6645748987854251,1
1964,0170,1,2026-06-14 03:10:10,0.6645748987854251,0
1965,0170,1,2026-06-14 03:10:20,0.6645748987854251,0
1966,0170,1,2026-06-14 03:10:30,0.6645748987854251,0
1967,0170,1,2026-06-14 03:10:40,0.6645748987854251,0
1968,0170,1,2026-06-14 03:10:50,0.6645748987854251,0
1969,0170,1,2026-06-14 03:11:00,0.6645748987854251,0
1970,0170,1,2026-06-14 03:11:10,0.6645748987854251,0
1971,0170,1,2026-06-14 03:11:20,0.6645748987854251,0
1972,0170,1,2026-06-14 03:11:30,0.6645748987854251,0
1973,0170,1,2026-06-14 03:11:40,0.6645748987854251,0
1974,0133,1,2026-06-14 04:33:50,0.1340080971659919,0
1975,0133,1,2026-06-14 04:34:00,0.1340080971659919,0
1976,0079,1,2026-06-14 04:34:10,0.4665991902834008,0
1977,0133,1,2026-06-14 04:34:10,0.1340080971659919,0
1978,0079,1,2026-06-14 04:34:20,0.4665991902834008,0
1979,0133,1,2026-06-14 04:34:20,0.1340080971659919,0
1980,0079,1,2026-06-14 04:34:30,0.4665991902834008,0
1981,0133,1,2026-06-14 04:34:30,0.1340080971659919,0
1982,0079,1,2026-06-14 04:34:40,0.4665991902834008,0
1983,0133,1,2026-06-14 04:34:40,0.1340080971659919,0
1984,0079,1,2026-06-14 04:34:50,0.4665991902834008,0
1985,0133,1,2026-06-14 04:34:50,0.1340080971659919,0
1986,0079,1,2026-06-14 04:35:00,0.4665991902834008,0
1987,0133,1,2026-06-14 04:35:00,0.1340080971659919,0
1988,0079,1,2026-06-14 04:35:10,0.4665991902834008,1
1989,0133,1,2026-06-14 04:35:10,0.1340080971659919,0
1990,0079,1,2026-06-14 04:35:20,0.4665991902834008,0
1991,0133,1,2026-06-14 04:35:20,0.1340080971659919,0
1992,0079,1,2026-06-14 04:35:30,0.4665991902834008,0
1993,0133,1,2026-06-14 04:35:30,0.1340080971659919,0
1994,0133,1,2026-06-14 04:35:40,0.1340080971659919,0
1995,0293,1,2026-06-14 04:38:30,0.2900809716599190,0
1996,0293,1,2026-06-14 04:38:40,0.2900809716599190,0
1997,0293,1,2026-06-14 04:38:50,0.2900809716599190,0
1998,0293,1,2026-06-14 04:39:00,0.2900809716599190,1
1999,0293,1,2026-06-14 04:39:10,0.2900809716599190,0
2000,0293,1,2026-06-14 04:39:20,0.2900809716599190,0
2001,0293,1,2026-06-14 04:39:30,0.2900809716599190,0
2002,0374,1,2026-06-14 04:39:30,0.4665991902834008,1
2003,0293,1,2026-06-14 04:39:40,0.2900809716599190,0
2004,0374,1,2026-06-14 04:39:40,0.4665991902834008,1
2005,0293,1,2026-06-14 04:39:50,0.2900809716599190,0
2006,0374,1,2026-06-14 04:39:50,0.4665991902834008,0
2007,0293,1,2026-06-14 04:40:00,0.2900809716599190,0
2008,0374,1,2026-06-14 04:40:00,0.4665991902834008,0
2009,0293,1,2026-06-14 04:40:10,0.2900809716599190,0
2010,0374,1,2026-06-14 04:40:10,0.4665991902834008,0
2011,0374,1,2026-06-14 04:40:20,0.4665991902834008,0
2012,0374,1,2026-06-14 04:40:30,0.4665991902834008,0
2013,0374,1,2026-06-14 04:40:40,0.4665991902834008,0
2014,0374,1,2026-06-14 04:40:50,0.4665991902834008,0
2015,0374,1,2026-06-14 04:41:00,0.4665991902834008,0
2016,0374,1,2026-06-14 04:41:10,0.4665991902834008,0
2017,0145,1,2026-06-14 04:42:10,0.1340080971659919,1
2018,0354,1,2026-06-14 04:42:10,0.0629554655870445,0
2019,0145,1,2026-06-14 04:42:20,0.1340080971659919,0
2020,0354,1,2026-06-14 04:42:20,0.0629554655870445,0
2021,0145,1,2026-06-14 04:42:30,0.1340080971659919,0
2022,0172,1,2026-06-14 04:42:30,0.7000000000000000,0
2023,0354,1,2026-06-14 04:42:30,0.0629554655870445,0
2024,0145,1,2026-06-14 04:42:40,0.1340080971659919,0
2025,0172,1,2026-06-14 04:42:40,0.7000000000000000,1
2026,0354,1,2026-06-14 04:42:40,0.0629554655870445,0
2027,0145,1,2026-06-14 04:42:50,0.1340080971659919,0
2028,0172,1,2026-06-14 04:42:50,0.7000000000000000,0
2029,0354,1,2026-06-14 04:42:50,0.0629554655870445,0
2030,0145,1,2026-06-14 04:43:00,0.1340080971659919,0
2031,0172,1,2026-06-14 04:43:00,0.7000000000000000,0
2032,0354,1,2026-06-14 04:43:00,0.0629554655870445,0
2033,0145,1,2026-06-14 04:43:10,0.1340080971659919,0
2034,0172,1,2026-06-14 04:43:10,0.7000000000000000,0
2035,0354,1,2026-06-14 04:43:10,0.0629554655870445,0
2036,0145,1,2026-06-14 04:43:20,0.1340080971659919,0
2037,0172,1,2026-06-14 04:43:20,0.7000000000000000,0
2038,0354,1,2026-06-14 04:43:20,0.0629554655870445,1
2039,0413,1,2026-06-14 04:43:20,0.0629554655870445,0
2040,0172,1,2026-06-14 04:43:30,0.7000000000000000,0
2041,0354,1,2026-06-14 04:43:30,0.0629554655870445,0
2042,0413,1,2026-06-14 04:43:30,0.0629554655870445,0
2043,0354,1,2026-06-14 04:43:40,0.0629554655870445,0
2044,0413,1,2026-06-14 04:43:40,0.0629554655870445,0
2045,0354,1,2026-06-14 04:43:50,0.0629554655870445,0
2046,0413,1,2026-06-14 04:43:50,0.0629554655870445,0
2047,0354,1,2026-06-14 04:44:00,0.0629554655870445,0
2048,0413,1,2026-06-14 04:44:00,0.0629554655870445,0
2049,0413,1,2026-06-14 04:44:10,0.0629554655870445,0
2050,0413,1,2026-06-14 04:44:20,0.0629554655870445,0
2051,0413,1,2026-06-14 04:44:30,0.0629554655870445,0
2052,0049,1,2026-06-14 04:44:40,0.4665991902834008,0
2053,0139,1,2026-06-14 04:44:40,0.9289473684210526,1
2054,0413,1,2026-06-14 04:44:40,0.0629554655870445,0
2055,0451,1,2026-06-14 04:44:40,0.8038461538461539,0
2056,0049,1,2026-06-14 04:44:50,0.4665991902834008,0
2057,0084,1,2026-06-14 04:44:50,0.2900809716599190,0
2058,0139,1,2026-06-14 04:44:50,0.9289473684210526,0
2059,0413,1,2026-06-14 04:44:50,0.0629554655870445,0
2060,0451,1,2026-06-14 04:44:50,0.8038461538461539,0
2061,0049,1,2026-06-14 04:45:00,0.4665991902834008,0
2062,0084,1,2026-06-14 04:45:00,0.2900809716599190,0
2063,0139,1,2026-06-14 04:45:00,0.9289473684210526,0
2064,0229,1,2026-06-14 04:45:00,1.0000000000000000,0
2065,0240,1,2026-06-14 04:45:00,0.1987854251012146,0
2066,0271,1,2026-06-14 04:45:00,0.6645748987854251,0
2067,0335,1,2026-06-14 04:45:00,0.6645748987854251,0
2068,0451,1,2026-06-14 04:45:00,0.8038461538461539,0
2069,0049,1,2026-06-14 04:45:10,0.4665991902834008,0
2070,0084,1,2026-06-14 04:45:10,0.2900809716599190,0
2071,0139,1,2026-06-14 04:45:10,0.9289473684210526,1
2072,0229,1,2026-06-14 04:45:10,1.0000000000000000,0
2073,0240,1,2026-06-14 04:45:10,0.1987854251012146,0
2074,0271,1,2026-06-14 04:45:10,0.6645748987854251,0
2075,0335,1,2026-06-14 04:45:10,0.6645748987854251,0
2076,0451,1,2026-06-14 04:45:10,0.8038461538461539,0
2077,0049,1,2026-06-14 04:45:20,0.4665991902834008,0
2078,0084,1,2026-06-14 04:45:20,0.2900809716599190,0
2079,0139,1,2026-06-14 04:45:20,0.9289473684210526,0
2080,0229,1,2026-06-14 04:45:20,1.0000000000000000,0
2081,0240,1,2026-06-14 04:45:20,0.1987854251012146,1
2082,0271,1,2026-06-14 04:45:20,0.6645748987854251,0
2083,0335,1,2026-06-14 04:45:20,0.6645748987854251,0
2084,0451,1,2026-06-14 04:45:20,0.8038461538461539,0
2085,0049,1,2026-06-14 04:45:30,0.4665991902834008,1
2086,0084,1,2026-06-14 04:45:30,0.2900809716599190,0
2087,0139,1,2026-06-14 04:45:30,0.9289473684210526,0
2088,0229,1,2026-06-14 04:45:30,1.0000000000000000,0
2089,0240,1,2026-06-14 04:45:30,0.1987854251012146,0
2090,0271,1,2026-06-14 04:45:30,0.6645748987854251,0
2091,0335,1,2026-06-14 04:45:30,0.6645748987854251,0
2092,0451,1,2026-06-14 04:45:30,0.8038461538461539,0
2093,0049,1,2026-06-14 04:45:40,0.4665991902834008,0
2094,0084,1,2026-06-14 04:45:40,0.2900809716599190,0
2095,0139,1,2026-06-14 04:45:40,0.9289473684210526,0
2096,0229,1,2026-06-14 04:45:40,1.0000000000000000,0
2097,0240,1,2026-06-14 04:45:40,0.1987854251012146,0
2098,0271,1,2026-06-14 04:45:40,0.6645748987854251,0
2099,0335,1,2026-06-14 04:45:40,0.6645748987854251,0
2100,0451,1,2026-06-14 04:45:40,0.8038461538461539,0
2101,0049,1,2026-06-14 04:45:50,0.4665991902834008,0
2102,0084,1,2026-06-14 04:45:50,0.2900809716599190,1
2103,0229,1,2026-06-14 04:45:50,1.0000000000000000,0
2104,0240,1,2026-06-14 04:45:50,0.1987854251012146,0
2105,0271,1,2026-06-14 04:45:50,0.6645748987854251,0
2106,0335,1,2026-06-14 04:45:50,0.6645748987854251,0
2107,0361,1,2026-06-14 04:45:50,0.2900809716599190,0
2108,0451,1,2026-06-14 04:45:50,0.8038461538461539,0
2109,0049,1,2026-06-14 04:46:00,0.4665991902834008,0
2110,0084,1,2026-06-14 04:46:00,0.2900809716599190,1
2111,0229,1,2026-06-14 04:46:00,1.0000000000000000,0
2112,0240,1,2026-06-14 04:46:00,0.1987854251012146,0
2113,0271,1,2026-06-14 04:46:00,0.6645748987854251,0
2114,0335,1,2026-06-14 04:46:00,0.6645748987854251,0
2115,0361,1,2026-06-14 04:46:00,0.2900809716599190,0
2116,0451,1,2026-06-14 04:46:00,0.8038461538461539,0
2117,0049,1,2026-06-14 04:46:10,0.4665991902834008,0
2118,0084,1,2026-06-14 04:46:10,0.2900809716599190,0
2119,0229,1,2026-06-14 04:46:10,1.0000000000000000,0
2120,0240,1,2026-06-14 04:46:10,0.1987854251012146,0
2121,0271,1,2026-06-14 04:46:10,0.6645748987854251,0
2122,0361,1,2026-06-14 04:46:10,0.2900809716599190,0
2123,0414,1,2026-06-14 04:46:10,0.8038461538461539,0
2124,0451,1,2026-06-14 04:46:10,0.8038461538461539,0
2125,0084,1,2026-06-14 04:46:20,0.2900809716599190,0
2126,0229,1,2026-06-14 04:46:20,1.0000000000000000,0
2127,0361,1,2026-06-14 04:46:20,0.2900809716599190,0
2128,0414,1,2026-06-14 04:46:20,0.8038461538461539,0
2129,0429,1,2026-06-14 04:46:20,0.2900809716599190,0
2130,0451,1,2026-06-14 04:46:20,0.8038461538461539,0
2131,0084,1,2026-06-14 04:46:30,0.2900809716599190,0
2132,0229,1,2026-06-14 04:46:30,1.0000000000000000,1
2133,0361,1,2026-06-14 04:46:30,0.2900809716599190,0
2134,0414,1,2026-06-14 04:46:30,0.8038461538461539,0
2135,0429,1,2026-06-14 04:46:30,0.2900809716599190,0
2136,0445,1,2026-06-14 04:46:30,0.4665991902834008,0
2137,0451,1,2026-06-14 04:46:30,0.8038461538461539,0
2138,0229,1,2026-06-14 04:46:40,1.0000000000000000,0
2139,0361,1,2026-06-14 04:46:40,0.2900809716599190,0
2140,0414,1,2026-06-14 04:46:40,0.8038461538461539,0
2141,0429,1,2026-06-14 04:46:40,0.2900809716599190,0
2142,0445,1,2026-06-14 04:46:40,0.4665991902834008,0
2143,0361,1,2026-06-14 04:46:50,0.2900809716599190,0
2144,0414,1,2026-06-14 04:46:50,0.8038461538461539,0
2145,0429,1,2026-06-14 04:46:50,0.2900809716599190,0
2146,0445,1,2026-06-14 04:46:50,0.4665991902834008,0
2147,0361,1,2026-06-14 04:47:00,0.2900809716599190,0
2148,0414,1,2026-06-14 04:47:00,0.8038461538461539,1
2149,0429,1,2026-06-14 04:47:00,0.2900809716599190,0
2150,0445,1,2026-06-14 04:47:00,0.4665991902834008,0
2151,0361,1,2026-06-14 04:47:10,0.2900809716599190,0
2152,0414,1,2026-06-14 04:47:10,0.8038461538461539,0
2153,0429,1,2026-06-14 04:47:10,0.2900809716599190,0
2154,0445,1,2026-06-14 04:47:10,0.4665991902834008,0
2155,0054,1,2026-06-14 04:47:20,0.5303643724696356,1
2156,0414,1,2026-06-14 04:47:20,0.8038461538461539,0
2157,0429,1,2026-06-14 04:47:20,0.2900809716599190,0
2158,0445,1,2026-06-14 04:47:20,0.4665991902834008,0
2159,0054,1,2026-06-14 04:47:30,0.5303643724696356,0
2160,0414,1,2026-06-14 04:47:30,0.8038461538461539,0
2161,0429,1,2026-06-14 04:47:30,0.2900809716599190,0
2162,0445,1,2026-06-14 04:47:30,0.4665991902834008,0
2163,0054,1,2026-06-14 04:47:40,0.5303643724696356,0
2164,0414,1,2026-06-14 04:47:40,0.8038461538461539,0
2165,0429,1,2026-06-14 04:47:40,0.2900809716599190,0
2166,0445,1,2026-06-14 04:47:40,0.4665991902834008,0
2167,0054,1,2026-06-14 04:47:50,0.5303643724696356,0
2168,0227,1,2026-06-14 04:47:50,0.8038461538461539,0
2169,0414,1,2026-06-14 04:47:50,0.8038461538461539,0
2170,0429,1,2026-06-14 04:47:50,0.2900809716599190,1
2171,0054,1,2026-06-14 04:48:00,0.5303643724696356,0
2172,0429,1,2026-06-14 04:48:00,0.2900809716599190,0
2173,0054,1,2026-06-14 04:48:10,0.5303643724696356,0
2174,0429,1,2026-06-14 04:48:10,0.2900809716599190,1
2175,0054,1,2026-06-14 04:48:20,0.5303643724696356,0
2176,0054,1,2026-06-14 04:48:30,0.5303643724696356,0
2177,0054,1,2026-06-14 04:48:40,0.5303643724696356,0
2178,0466,1,2026-06-14 06:12:40,0.6645748987854251,1
2179,0466,1,2026-06-14 06:12:50,0.6645748987854251,0
2180,0466,1,2026-06-14 06:13:00,0.6645748987854251,0
2181,0193,1,2026-06-14 06:13:10,0.5303643724696356,1
2182,0466,1,2026-06-14 06:13:10,0.6645748987854251,0
2183,0193,1,2026-06-14 06:13:20,0.5303643724696356,0
2184,0466,1,2026-06-14 06:13:20,0.6645748987854251,0
2185,0193,1,2026-06-14 06:13:30,0.5303643724696356,0
2186,0466,1,2026-06-14 06:13:30,0.6645748987854251,0
2187,0193,1,2026-06-14 06:13:40,0.5303643724696356,0
2188,0466,1,2026-06-14 06:13:40,0.6645748987854251,0
2189,0193,1,2026-06-14 06:13:50,0.5303643724696356,0
2190,0466,1,2026-06-14 06:13:50,0.6645748987854251,0
2191,0193,1,2026-06-14 06:14:00,0.5303643724696356,0
2192,0466,1,2026-06-14 06:14:00,0.6645748987854251,0
2193,0193,1,2026-06-14 06:14:10,0.5303643724696356,0
2194,0466,1,2026-06-14 06:14:10,0.6645748987854251,0
2195,0193,1,2026-06-14 06:14:20,0.5303643724696356,0
2196,0193,1,2026-06-14 06:14:30,0.5303643724696356,0
2197,0193,1,2026-06-14 06:14:40,0.5303643724696356,0
2198,0481,1,2026-06-14 06:19:10,0.3402834008097166,0
2199,0481,1,2026-06-14 06:19:20,0.3402834008097166,0
2200,0481,1,2026-06-14 06:19:30,0.3402834008097166,0
2201,0481,1,2026-06-14 06:19:40,0.3402834008097166,1
2202,0481,1,2026-06-14 06:19:50,0.3402834008097166,0
2203,0481,1,2026-06-14 06:20:00,0.3402834008097166,0
2204,0481,1,2026-06-14 06:20:10,0.3402834008097166,0
2205,0339,1,2026-06-14 06:20:20,0.8038461538461539,1
2206,0339,1,2026-06-14 06:20:30,0.8038461538461539,0
2207,0339,1,2026-06-14 06:20:40,0.8038461538461539,0
2208,0238,1,2026-06-14 06:20:50,0.7000000000000000,0
2209,0339,1,2026-06-14 06:20:50,0.8038461538461539,1
2210,0238,1,2026-06-14 06:21:00,0.7000000000000000,0
2211,0339,1,2026-06-14 06:21:00,0.8038461538461539,0
2212,0143,1,2026-06-14 06:21:10,0.1340080971659919,0
2213,0238,1,2026-06-14 06:21:10,0.7000000000000000,0
2214,0339,1,2026-06-14 06:21:10,0.8038461538461539,0
2215,0116,1,2026-06-14 06:21:20,0.6115384615384616,0
2216,0143,1,2026-06-14 06:21:20,0.1340080971659919,1
2217,0238,1,2026-06-14 06:21:20,0.7000000000000000,0
2218,0261,1,2026-06-14 06:21:20,0.6115384615384616,0
2219,0339,1,2026-06-14 06:21:20,0.8038461538461539,0
2220,0116,1,2026-06-14 06:21:30,0.6115384615384616,1
2221,0143,1,2026-06-14 06:21:30,0.1340080971659919,0
2222,0238,1,2026-06-14 06:21:30,0.7000000000000000,0
2223,0261,1,2026-06-14 06:21:30,0.6115384615384616,0
2224,0339,1,2026-06-14 06:21:30,0.8038461538461539,0
2225,0116,1,2026-06-14 06:21:40,0.6115384615384616,0
2226,0143,1,2026-06-14 06:21:40,0.1340080971659919,0
2227,0238,1,2026-06-14 06:21:40,0.7000000000000000,0
2228,0261,1,2026-06-14 06:21:40,0.6115384615384616,0
2229,0282,1,2026-06-14 06:21:40,0.9289473684210526,0
2230,0339,1,2026-06-14 06:21:40,0.8038461538461539,0
2231,0116,1,2026-06-14 06:21:50,0.6115384615384616,0
2232,0143,1,2026-06-14 06:21:50,0.1340080971659919,0
2233,0238,1,2026-06-14 06:21:50,0.7000000000000000,0
2234,0261,1,2026-06-14 06:21:50,0.6115384615384616,0
2235,0282,1,2026-06-14 06:21:50,0.9289473684210526,0
2236,0338,1,2026-06-14 06:21:50,0.6645748987854251,0
2237,0339,1,2026-06-14 06:21:50,0.8038461538461539,0
2238,0116,1,2026-06-14 06:22:00,0.6115384615384616,0
2239,0143,1,2026-06-14 06:22:00,0.1340080971659919,0
2240,0238,1,2026-06-14 06:22:00,0.7000000000000000,0
2241,0261,1,2026-06-14 06:22:00,0.6115384615384616,0
2242,0282,1,2026-06-14 06:22:00,0.9289473684210526,1
2243,0338,1,2026-06-14 06:22:00,0.6645748987854251,0
2244,0116,1,2026-06-14 06:22:10,0.6115384615384616,0
2245,0143,1,2026-06-14 06:22:10,0.1340080971659919,0
2246,0238,1,2026-06-14 06:22:10,0.7000000000000000,0
2247,0261,1,2026-06-14 06:22:10,0.6115384615384616,0
2248,0282,1,2026-06-14 06:22:10,0.9289473684210526,0
2249,0338,1,2026-06-14 06:22:10,0.6645748987854251,0
2250,0116,1,2026-06-14 06:22:20,0.6115384615384616,0
2251,0143,1,2026-06-14 06:22:20,0.1340080971659919,0
2252,0238,1,2026-06-14 06:22:20,0.7000000000000000,0
2253,0261,1,2026-06-14 06:22:20,0.6115384615384616,0
2254,0282,1,2026-06-14 06:22:20,0.9289473684210526,0
2255,0338,1,2026-06-14 06:22:20,0.6645748987854251,1
2256,0116,1,2026-06-14 06:22:30,0.6115384615384616,0
2257,0143,1,2026-06-14 06:22:30,0.1340080971659919,0
2258,0261,1,2026-06-14 06:22:30,0.6115384615384616,0
2259,0282,1,2026-06-14 06:22:30,0.9289473684210526,0
2260,0338,1,2026-06-14 06:22:30,0.6645748987854251,1
2261,0116,1,2026-06-14 06:22:40,0.6115384615384616,0
2262,0143,1,2026-06-14 06:22:40,0.1340080971659919,0
2263,0261,1,2026-06-14 06:22:40,0.6115384615384616,0
2264,0338,1,2026-06-14 06:22:40,0.6645748987854251,0
2265,0261,1,2026-06-14 06:22:50,0.6115384615384616,0
2266,0261,1,2026-06-14 06:23:00,0.6115384615384616,0
2267,0261,1,2026-06-14 06:23:10,0.6115384615384616,1
2268,0118,1,2026-06-14 06:28:40,0.3402834008097166,1
2269,0118,1,2026-06-14 06:28:50,0.3402834008097166,0
2270,0118,1,2026-06-14 06:29:00,0.3402834008097166,1
2271,0334,1,2026-06-14 06:32:30,0.5303643724696356,0
2272,0334,1,2026-06-14 06:32:40,0.5303643724696356,0
2273,0334,1,2026-06-14 06:32:50,0.5303643724696356,0
2274,0334,1,2026-06-14 06:33:00,0.5303643724696356,0
2275,0334,1,2026-06-14 06:33:10,0.5303643724696356,0
2276,0334,1,2026-06-14 06:33:20,0.5303643724696356,0
2277,0334,1,2026-06-14 06:33:30,0.5303643724696356,0
2278,0334,1,2026-06-14 06:33:40,0.5303643724696356,0
2279,0334,1,2026-06-14 06:33:50,0.5303643724696356,0
2280,0334,1,2026-06-14 06:34:00,0.5303643724696356,0
2281,0334,1,2026-06-14 06:34:10,0.5303643724696356,0
2282,0216,1,2026-06-14 07:51:20,0.8038461538461539,0
2283,0359,1,2026-06-14 07:51:20,0.0629554655870445,0
2284,0216,1,2026-06-14 07:51:30,0.8038461538461539,0
2285,0359,1,2026-06-14 07:51:30,0.0629554655870445,1
2286,0216,1,2026-06-14 07:51:40,0.8038461538461539,0
2287,0359,1,2026-06-14 07:51:40,0.0629554655870445,0
2288,0216,1,2026-06-14 07:51:50,0.8038461538461539,0
2289,0359,1,2026-06-14 07:51:50,0.0629554655870445,0
2290,0470,1,2026-06-14 07:51:50,0.8038461538461539,0
2291,0216,1,2026-06-14 07:52:00,0.8038461538461539,0
2292,0359,1,2026-06-14 07:52:00,0.0629554655870445,0
2293,0470,1,2026-06-14 07:52:00,0.8038461538461539,0
2294,0216,1,2026-06-14 07:52:10,0.8038461538461539,0
2295,0359,1,2026-06-14 07:52:10,0.0629554655870445,1
2296,0470,1,2026-06-14 07:52:10,0.8038461538461539,0
2297,0216,1,2026-06-14 07:52:20,0.8038461538461539,0
2298,0359,1,2026-06-14 07:52:20,0.0629554655870445,0
2299,0470,1,2026-06-14 07:52:20,0.8038461538461539,0
2300,0216,1,2026-06-14 07:52:30,0.8038461538461539,0
2301,0359,1,2026-06-14 07:52:30,0.0629554655870445,0
2302,0470,1,2026-06-14 07:52:30,0.8038461538461539,0
2303,0359,1,2026-06-14 07:52:40,0.0629554655870445,0
2304,0470,1,2026-06-14 07:52:40,0.8038461538461539,0
2305,0359,1,2026-06-14 07:52:50,0.0629554655870445,0
2306,0470,1,2026-06-14 07:52:50,0.8038461538461539,0
2307,0359,1,2026-06-14 07:53:00,0.0629554655870445,0
2308,0470,1,2026-06-14 07:53:00,0.8038461538461539,0
2309,0359,1,2026-06-14 07:53:10,0.0629554655870445,0
2310,0470,1,2026-06-14 07:53:10,0.8038461538461539,0
2311,0382,1,2026-06-14 07:53:20,0.7000000000000000,1
2312,0470,1,2026-06-14 07:53:20,0.8038461538461539,0
2313,0382,1,2026-06-14 07:53:30,0.7000000000000000,0
2314,0470,1,2026-06-14 07:53:30,0.8038461538461539,0
2315,0382,1,2026-06-14 07:53:40,0.7000000000000000,0
2316,0382,1,2026-06-14 07:53:50,0.7000000000000000,0
2317,0056,1,2026-06-14 07:54:00,1.0000000000000000,0
2318,0382,1,2026-06-14 07:54:00,0.7000000000000000,0
2319,0056,1,2026-06-14 07:54:10,1.0000000000000000,0
2320,0382,1,2026-06-14 07:54:10,0.7000000000000000,0
2321,0056,1,2026-06-14 07:54:20,1.0000000000000000,1
2322,0056,1,2026-06-14 07:54:30,1.0000000000000000,0
2323,0056,1,2026-06-14 07:54:40,1.0000000000000000,0
2324,0056,1,2026-06-14 07:54:50,1.0000000000000000,0
2325,0056,1,2026-06-14 07:55:00,1.0000000000000000,0
2326,0136,1,2026-06-14 07:55:30,0.7000000000000000,0
2327,0110,1,2026-06-14 07:55:40,0.1340080971659919,0
2328,0136,1,2026-06-14 07:55:40,0.7000000000000000,0
2329,0224,1,2026-06-14 07:55:40,0.4665991902834008,0
2330,0110,1,2026-06-14 07:55:50,0.1340080971659919,0
2331,0136,1,2026-06-14 07:55:50,0.7000000000000000,1
2332,0224,1,2026-06-14 07:55:50,0.4665991902834008,0
2333,0110,1,2026-06-14 07:56:00,0.1340080971659919,0
2334,0136,1,2026-06-14 07:56:00,0.7000000000000000,0
2335,0224,1,2026-06-14 07:56:00,0.4665991902834008,0
2336,0110,1,2026-06-14 07:56:10,0.1340080971659919,0
2337,0136,1,2026-06-14 07:56:10,0.7000000000000000,0
2338,0224,1,2026-06-14 07:56:10,0.4665991902834008,0
2339,0110,1,2026-06-14 07:56:20,0.1340080971659919,0
2340,0136,1,2026-06-14 07:56:20,0.7000000000000000,0
2341,0224,1,2026-06-14 07:56:20,0.4665991902834008,1
2342,0110,1,2026-06-14 07:56:30,0.1340080971659919,0
2343,0136,1,2026-06-14 07:56:30,0.7000000000000000,0
2344,0224,1,2026-06-14 07:56:30,0.4665991902834008,0
2345,0110,1,2026-06-14 07:56:40,0.1340080971659919,0
2346,0136,1,2026-06-14 07:56:40,0.7000000000000000,1
2347,0224,1,2026-06-14 07:56:40,0.4665991902834008,0
2348,0110,1,2026-06-14 07:56:50,0.1340080971659919,0
2349,0136,1,2026-06-14 07:56:50,0.7000000000000000,0
2350,0147,1,2026-06-14 07:56:50,1.0000000000000000,0
2351,0224,1,2026-06-14 07:56:50,0.4665991902834008,0
2352,0110,1,2026-06-14 07:57:00,0.1340080971659919,0
2353,0147,1,2026-06-14 07:57:00,1.0000000000000000,0
2354,0224,1,2026-06-14 07:57:00,0.4665991902834008,0
2355,0110,1,2026-06-14 07:57:10,0.1340080971659919,0
2356,0147,1,2026-06-14 07:57:10,1.0000000000000000,0
2357,0224,1,2026-06-14 07:57:10,0.4665991902834008,0
2358,0110,1,2026-06-14 07:57:20,0.1340080971659919,0
2359,0147,1,2026-06-14 07:57:20,1.0000000000000000,1
2360,0224,1,2026-06-14 07:57:20,0.4665991902834008,0
2361,0224,1,2026-06-14 07:57:30,0.4665991902834008,0
2362,0072,1,2026-06-14 07:58:20,0.5303643724696356,0
2363,0097,1,2026-06-14 07:58:20,0.4665991902834008,0
2364,0105,1,2026-06-14 07:58:20,0.1987854251012146,0
2365,0072,1,2026-06-14 07:58:30,0.5303643724696356,0
2366,0097,1,2026-06-14 07:58:30,0.4665991902834008,0
2367,0105,1,2026-06-14 07:58:30,0.1987854251012146,0
2368,0072,1,2026-06-14 07:58:40,0.5303643724696356,1
2369,0097,1,2026-06-14 07:58:40,0.4665991902834008,0
2370,0105,1,2026-06-14 07:58:40,0.1987854251012146,0
2371,0323,1,2026-06-14 07:58:40,0.4665991902834008,0
2372,0072,1,2026-06-14 07:58:50,0.5303643724696356,0
2373,0097,1,2026-06-14 07:58:50,0.4665991902834008,0
2374,0105,1,2026-06-14 07:58:50,0.1987854251012146,0
2375,0323,1,2026-06-14 07:58:50,0.4665991902834008,0
2376,0072,1,2026-06-14 07:59:00,0.5303643724696356,0
2377,0076,1,2026-06-14 07:59:00,0.1340080971659919,0
2378,0105,1,2026-06-14 07:59:00,0.1987854251012146,0
2379,0323,1,2026-06-14 07:59:00,0.4665991902834008,1
2380,0072,1,2026-06-14 07:59:10,0.5303643724696356,0
2381,0076,1,2026-06-14 07:59:10,0.1340080971659919,0
2382,0105,1,2026-06-14 07:59:10,0.1987854251012146,0
2383,0323,1,2026-06-14 07:59:10,0.4665991902834008,0
2384,0072,1,2026-06-14 07:59:20,0.5303643724696356,0
2385,0076,1,2026-06-14 07:59:20,0.1340080971659919,0
2386,0105,1,2026-06-14 07:59:20,0.1987854251012146,0
2387,0323,1,2026-06-14 07:59:20,0.4665991902834008,0
2388,0072,1,2026-06-14 07:59:30,0.5303643724696356,0
2389,0076,1,2026-06-14 07:59:30,0.1340080971659919,0
2390,0105,1,2026-06-14 07:59:30,0.1987854251012146,0
2391,0323,1,2026-06-14 07:59:30,0.4665991902834008,1
2392,0072,1,2026-06-14 07:59:40,0.5303643724696356,0
2393,0076,1,2026-06-14 07:59:40,0.1340080971659919,0
2394,0159,1,2026-06-14 07:59:40,0.2900809716599190,0
2395,0323,1,2026-06-14 07:59:40,0.4665991902834008,0
2396,0072,1,2026-06-14 07:59:50,0.5303643724696356,0
2397,0076,1,2026-06-14 07:59:50,0.1340080971659919,0
2398,0159,1,2026-06-14 07:59:50,0.2900809716599190,0
2399,0323,1,2026-06-14 07:59:50,0.4665991902834008,0
2400,0072,1,2026-06-14 08:00:00,0.5303643724696356,0
2401,0076,1,2026-06-14 08:00:00,0.1340080971659919,0
2402,0159,1,2026-06-14 08:00:00,0.2900809716599190,0
2403,0270,1,2026-06-14 08:00:00,0.6115384615384616,0
2404,0323,1,2026-06-14 08:00:00,0.4665991902834008,0
2405,0072,1,2026-06-14 08:00:10,0.5303643724696356,0
2406,0076,1,2026-06-14 08:00:10,0.1340080971659919,0
2407,0159,1,2026-06-14 08:00:10,0.2900809716599190,0
2408,0270,1,2026-06-14 08:00:10,0.6115384615384616,0
2409,0323,1,2026-06-14 08:00:10,0.4665991902834008,0
2410,0076,1,2026-06-14 08:00:20,0.1340080971659919,0
2411,0159,1,2026-06-14 08:00:20,0.2900809716599190,1
2412,0270,1,2026-06-14 08:00:20,0.6115384615384616,0
2413,0323,1,2026-06-14 08:00:20,0.4665991902834008,0
2414,0076,1,2026-06-14 08:00:30,0.1340080971659919,0
2415,0159,1,2026-06-14 08:00:30,0.2900809716599190,0
2416,0270,1,2026-06-14 08:00:30,0.6115384615384616,0
2417,0323,1,2026-06-14 08:00:30,0.4665991902834008,0
2418,0076,1,2026-06-14 08:00:40,0.1340080971659919,0
2419,0159,1,2026-06-14 08:00:40,0.2900809716599190,0
2420,0270,1,2026-06-14 08:00:40,0.6115384615384616,0
2421,0076,1,2026-06-14 08:00:50,0.1340080971659919,0
2422,0159,1,2026-06-14 08:00:50,0.2900809716599190,0
2423,0270,1,2026-06-14 08:00:50,0.6115384615384616,0
2424,0159,1,2026-06-14 08:01:00,0.2900809716599190,1
2425,0100,1,2026-06-14 08:05:00,0.2900809716599190,0
2426,0100,1,2026-06-14 08:05:10,0.2900809716599190,0
2427,0100,1,2026-06-14 08:05:20,0.2900809716599190,0
2428,0100,1,2026-06-14 08:05:30,0.2900809716599190,0
2429,0100,1,2026-06-14 08:05:40,0.2900809716599190,0
2430,0100,1,2026-06-14 08:05:50,0.2900809716599190,0
2431,0100,1,2026-06-14 08:06:00,0.2900809716599190,0
2432,0486,1,2026-06-14 08:06:20,0.3402834008097166,0
2433,0486,1,2026-06-14 08:06:30,0.3402834008097166,0
2434,0486,1,2026-06-14 08:06:40,0.3402834008097166,0
2435,0486,1,2026-06-14 08:06:50,0.3402834008097166,0
2436,0486,1,2026-06-14 08:07:00,0.3402834008097166,0
2437,0486,1,2026-06-14 08:07:10,0.3402834008097166,1
2438,0486,1,2026-06-14 08:07:20,0.3402834008097166,0
2439,0486,1,2026-06-14 08:07:30,0.3402834008097166,0
2440,0486,1,2026-06-14 08:07:40,0.3402834008097166,1
2441,0486,1,2026-06-14 08:07:50,0.3402834008097166,0
2442,0486,1,2026-06-14 08:08:00,0.3402834008097166,0
2443,006,1,2026-06-14 08:08:50,0.9289473684210526,0
2444,006,1,2026-06-14 08:09:00,0.9289473684210526,1
2445,0023,1,2026-06-14 08:09:00,0.0629554655870445,0
2446,006,1,2026-06-14 08:09:10,0.9289473684210526,0
2447,0023,1,2026-06-14 08:09:10,0.0629554655870445,0
2448,006,1,2026-06-14 08:09:20,0.9289473684210526,0
2449,0023,1,2026-06-14 08:09:20,0.0629554655870445,0
2450,006,1,2026-06-14 08:09:30,0.9289473684210526,0
2451,0023,1,2026-06-14 08:09:30,0.0629554655870445,1
2452,006,1,2026-06-14 08:09:40,0.9289473684210526,0
2453,0023,1,2026-06-14 08:09:40,0.0629554655870445,0
2454,006,1,2026-06-14 08:09:50,0.9289473684210526,0
2455,006,1,2026-06-14 08:10:00,0.9289473684210526,0
2456,006,1,2026-06-14 08:10:10,0.9289473684210526,0
2457,006,1,2026-06-14 08:10:20,0.9289473684210526,0
2458,0030,1,2026-06-14 08:16:20,0.1987854251012146,0
2459,0030,1,2026-06-14 08:16:30,0.1987854251012146,0
2460,0030,1,2026-06-14 08:16:40,0.1987854251012146,0
2461,0030,1,2026-06-14 08:16:50,0.1987854251012146,0
2462,0030,1,2026-06-14 08:17:00,0.1987854251012146,0
2463,0030,1,2026-06-14 08:17:10,0.1987854251012146,0
2464,0030,1,2026-06-14 08:17:20,0.1987854251012146,0
2465,0030,1,2026-06-14 08:17:30,0.1987854251012146,0
2466,0016,1,2026-06-14 09:30:10,0.4665991902834008,0
2467,0178,1,2026-06-14 09:30:10,0.1987854251012146,0
2468,0016,1,2026-06-14 09:30:20,0.4665991902834008,0
2469,0178,1,2026-06-14 09:30:20,0.1987854251012146,0
2470,0016,1,2026-06-14 09:30:30,0.4665991902834008,0
2471,0178,1,2026-06-14 09:30:30,0.1987854251012146,0
2472,0016,1,2026-06-14 09:30:40,0.4665991902834008,0
2473,0178,1,2026-06-14 09:30:40,0.1987854251012146,0
2474,0016,1,2026-06-14 09:30:50,0.4665991902834008,0
2475,0178,1,2026-06-14 09:30:50,0.1987854251012146,0
2476,0016,1,2026-06-14 09:31:00,0.4665991902834008,0
2477,0178,1,2026-06-14 09:31:00,0.1987854251012146,0
2478,0016,1,2026-06-14 09:31:10,0.4665991902834008,0
2479,0178,1,2026-06-14 09:31:10,0.1987854251012146,0
2480,0247,1,2026-06-14 09:31:10,0.8038461538461539,0
2481,0276,1,2026-06-14 09:31:10,0.0629554655870445,0
2482,0016,1,2026-06-14 09:31:20,0.4665991902834008,1
2483,0178,1,2026-06-14 09:31:20,0.1987854251012146,0
2484,0199,1,2026-06-14 09:31:20,0.1340080971659919,0
2485,0247,1,2026-06-14 09:31:20,0.8038461538461539,0
2486,0276,1,2026-06-14 09:31:20,0.0629554655870445,0
2487,0016,1,2026-06-14 09:31:30,0.4665991902834008,0
2488,0178,1,2026-06-14 09:31:30,0.1987854251012146,0
2489,0199,1,2026-06-14 09:31:30,0.1340080971659919,0
2490,0247,1,2026-06-14 09:31:30,0.8038461538461539,0
2491,0276,1,2026-06-14 09:31:30,0.0629554655870445,0
2492,0016,1,2026-06-14 09:31:40,0.4665991902834008,0
2493,0178,1,2026-06-14 09:31:40,0.1987854251012146,0
2494,0199,1,2026-06-14 09:31:40,0.1340080971659919,0
2495,0247,1,2026-06-14 09:31:40,0.8038461538461539,0
2496,0276,1,2026-06-14 09:31:40,0.0629554655870445,1
2497,0285,1,2026-06-14 09:31:40,1.0000000000000000,0
2498,0016,1,2026-06-14 09:31:50,0.4665991902834008,0
2499,0178,1,2026-06-14 09:31:50,0.1987854251012146,0
2500,0199,1,2026-06-14 09:31:50,0.1340080971659919,0
2501,0230,1,2026-06-14 09:31:50,0.4665991902834008,0
2502,0247,1,2026-06-14 09:31:50,0.8038461538461539,0
2503,0276,1,2026-06-14 09:31:50,0.0629554655870445,0
2504,0285,1,2026-06-14 09:31:50,1.0000000000000000,0
2505,0353,1,2026-06-14 09:31:50,1.0000000000000000,0
2506,0042,1,2026-06-14 09:32:00,0.3402834008097166,0
2507,0134,1,2026-06-14 09:32:00,0.9289473684210526,0
2508,0155,1,2026-06-14 09:32:00,0.2900809716599190,0
2509,0199,1,2026-06-14 09:32:00,0.1340080971659919,0
2510,0211,1,2026-06-14 09:32:00,0.2900809716599190,0
2511,0230,1,2026-06-14 09:32:00,0.4665991902834008,0
2512,0247,1,2026-06-14 09:32:00,0.8038461538461539,0
2513,0269,1,2026-06-14 09:32:00,0.8038461538461539,0
2514,0276,1,2026-06-14 09:32:00,0.0629554655870445,0
2515,0285,1,2026-06-14 09:32:00,1.0000000000000000,0
2516,0327,1,2026-06-14 09:32:00,0.9289473684210526,0
2517,0353,1,2026-06-14 09:32:00,1.0000000000000000,0
2518,0412,1,2026-06-14 09:32:00,0.8038461538461539,0
2519,0425,1,2026-06-14 09:32:00,0.3402834008097166,1
2520,0042,1,2026-06-14 09:32:10,0.3402834008097166,0
2521,0134,1,2026-06-14 09:32:10,0.9289473684210526,0
2522,0155,1,2026-06-14 09:32:10,0.2900809716599190,0
2523,0199,1,2026-06-14 09:32:10,0.1340080971659919,0
2524,0211,1,2026-06-14 09:32:10,0.2900809716599190,0
2525,0230,1,2026-06-14 09:32:10,0.4665991902834008,0
2526,0247,1,2026-06-14 09:32:10,0.8038461538461539,0
2527,0269,1,2026-06-14 09:32:10,0.8038461538461539,0
2528,0276,1,2026-06-14 09:32:10,0.0629554655870445,0
2529,0285,1,2026-06-14 09:32:10,1.0000000000000000,0
2530,0327,1,2026-06-14 09:32:10,0.9289473684210526,0
2531,0353,1,2026-06-14 09:32:10,1.0000000000000000,0
2532,0412,1,2026-06-14 09:32:10,0.8038461538461539,0
2533,0425,1,2026-06-14 09:32:10,0.3402834008097166,0
2534,0042,1,2026-06-14 09:32:20,0.3402834008097166,0
2535,0134,1,2026-06-14 09:32:20,0.9289473684210526,0
2536,0155,1,2026-06-14 09:32:20,0.2900809716599190,0
2537,0199,1,2026-06-14 09:32:20,0.1340080971659919,0
2538,0211,1,2026-06-14 09:32:20,0.2900809716599190,0
2539,0230,1,2026-06-14 09:32:20,0.4665991902834008,0
2540,0247,1,2026-06-14 09:32:20,0.8038461538461539,0
2541,0269,1,2026-06-14 09:32:20,0.8038461538461539,0
2542,0276,1,2026-06-14 09:32:20,0.0629554655870445,0
2543,0285,1,2026-06-14 09:32:20,1.0000000000000000,0
2544,0306,1,2026-06-14 09:32:20,0.6115384615384616,1
2545,0327,1,2026-06-14 09:32:20,0.9289473684210526,0
2546,0353,1,2026-06-14 09:32:20,1.0000000000000000,0
2547,0412,1,2026-06-14 09:32:20,0.8038461538461539,0
2548,0425,1,2026-06-14 09:32:20,0.3402834008097166,0
2549,0042,1,2026-06-14 09:32:30,0.3402834008097166,0
2550,0134,1,2026-06-14 09:32:30,0.9289473684210526,0
2551,0155,1,2026-06-14 09:32:30,0.2900809716599190,0
2552,0199,1,2026-06-14 09:32:30,0.1340080971659919,0
2553,0211,1,2026-06-14 09:32:30,0.2900809716599190,1
2554,0230,1,2026-06-14 09:32:30,0.4665991902834008,0
2555,0247,1,2026-06-14 09:32:30,0.8038461538461539,0
2556,0269,1,2026-06-14 09:32:30,0.8038461538461539,0
2557,0276,1,2026-06-14 09:32:30,0.0629554655870445,0
2558,0285,1,2026-06-14 09:32:30,1.0000000000000000,0
2559,0306,1,2026-06-14 09:32:30,0.6115384615384616,0
2560,0327,1,2026-06-14 09:32:30,0.9289473684210526,0
2561,0353,1,2026-06-14 09:32:30,1.0000000000000000,0
2562,0412,1,2026-06-14 09:32:30,0.8038461538461539,0
2563,0425,1,2026-06-14 09:32:30,0.3402834008097166,0
2564,0042,1,2026-06-14 09:32:40,0.3402834008097166,0
2565,0108,1,2026-06-14 09:32:40,0.1987854251012146,0
2566,0134,1,2026-06-14 09:32:40,0.9289473684210526,0
2567,0155,1,2026-06-14 09:32:40,0.2900809716599190,0
2568,0199,1,2026-06-14 09:32:40,0.1340080971659919,0
2569,0247,1,2026-06-14 09:32:40,0.8038461538461539,0
2570,0269,1,2026-06-14 09:32:40,0.8038461538461539,0
2571,0276,1,2026-06-14 09:32:40,0.0629554655870445,0
2572,0285,1,2026-06-14 09:32:40,1.0000000000000000,0
2573,0327,1,2026-06-14 09:32:40,0.9289473684210526,0
2574,0412,1,2026-06-14 09:32:40,0.8038461538461539,0
2575,0425,1,2026-06-14 09:32:40,0.3402834008097166,0
2576,0042,1,2026-06-14 09:32:50,0.3402834008097166,0
2577,0108,1,2026-06-14 09:32:50,0.1987854251012146,0
2578,0134,1,2026-06-14 09:32:50,0.9289473684210526,0
2579,0155,1,2026-06-14 09:32:50,0.2900809716599190,0
2580,0199,1,2026-06-14 09:32:50,0.1340080971659919,0
2581,0269,1,2026-06-14 09:32:50,0.8038461538461539,0
2582,0285,1,2026-06-14 09:32:50,1.0000000000000000,0
2583,0327,1,2026-06-14 09:32:50,0.9289473684210526,1
2584,0412,1,2026-06-14 09:32:50,0.8038461538461539,0
2585,0425,1,2026-06-14 09:32:50,0.3402834008097166,0
2586,0042,1,2026-06-14 09:33:00,0.3402834008097166,0
2587,0108,1,2026-06-14 09:33:00,0.1987854251012146,0
2588,0134,1,2026-06-14 09:33:00,0.9289473684210526,0
2589,0155,1,2026-06-14 09:33:00,0.2900809716599190,0
2590,0199,1,2026-06-14 09:33:00,0.1340080971659919,0
2591,0269,1,2026-06-14 09:33:00,0.8038461538461539,0
2592,0285,1,2026-06-14 09:33:00,1.0000000000000000,0
2593,0327,1,2026-06-14 09:33:00,0.9289473684210526,0
2594,0403,1,2026-06-14 09:33:00,0.5303643724696356,0
2595,0412,1,2026-06-14 09:33:00,0.8038461538461539,0
2596,0042,1,2026-06-14 09:33:10,0.3402834008097166,0
2597,0108,1,2026-06-14 09:33:10,0.1987854251012146,0
2598,0134,1,2026-06-14 09:33:10,0.9289473684210526,0
2599,0155,1,2026-06-14 09:33:10,0.2900809716599190,0
2600,0199,1,2026-06-14 09:33:10,0.1340080971659919,1
2601,0269,1,2026-06-14 09:33:10,0.8038461538461539,0
2602,0327,1,2026-06-14 09:33:10,0.9289473684210526,0
2603,0412,1,2026-06-14 09:33:10,0.8038461538461539,0
2604,0042,1,2026-06-14 09:33:20,0.3402834008097166,0
2605,0108,1,2026-06-14 09:33:20,0.1987854251012146,0
2606,0134,1,2026-06-14 09:33:20,0.9289473684210526,0
2607,0155,1,2026-06-14 09:33:20,0.2900809716599190,0
2608,0269,1,2026-06-14 09:33:20,0.8038461538461539,0
2609,0327,1,2026-06-14 09:33:20,0.9289473684210526,0
2610,0412,1,2026-06-14 09:33:20,0.8038461538461539,0
2611,0042,1,2026-06-14 09:33:30,0.3402834008097166,0
2612,0108,1,2026-06-14 09:33:30,0.1987854251012146,0
2613,0134,1,2026-06-14 09:33:30,0.9289473684210526,0
2614,0155,1,2026-06-14 09:33:30,0.2900809716599190,0
2615,0269,1,2026-06-14 09:33:30,0.8038461538461539,1
2616,0327,1,2026-06-14 09:33:30,0.9289473684210526,0
2617,0412,1,2026-06-14 09:33:30,0.8038461538461539,0
2618,0042,1,2026-06-14 09:33:40,0.3402834008097166,0
2619,0108,1,2026-06-14 09:33:40,0.1987854251012146,1
2620,0134,1,2026-06-14 09:33:40,0.9289473684210526,0
2621,0155,1,2026-06-14 09:33:40,0.2900809716599190,0
2622,0269,1,2026-06-14 09:33:40,0.8038461538461539,0
2623,0327,1,2026-06-14 09:33:40,0.9289473684210526,0
2624,0412,1,2026-06-14 09:33:40,0.8038461538461539,0
2625,0108,1,2026-06-14 09:33:50,0.1987854251012146,0
2626,0327,1,2026-06-14 09:33:50,0.9289473684210526,0
2627,0108,1,2026-06-14 09:34:00,0.1987854251012146,1
2628,0108,1,2026-06-14 09:34:10,0.1987854251012146,0
2629,0495,1,2026-06-14 09:35:30,0.9289473684210526,0
2630,0495,1,2026-06-14 09:35:40,0.9289473684210526,0
2631,0423,1,2026-06-14 09:35:50,0.1340080971659919,0
2632,0495,1,2026-06-14 09:35:50,0.9289473684210526,0
2633,0423,1,2026-06-14 09:36:00,0.1340080971659919,0
2634,0495,1,2026-06-14 09:36:00,0.9289473684210526,0
2635,0423,1,2026-06-14 09:36:10,0.1340080971659919,0
2636,0495,1,2026-06-14 09:36:10,0.9289473684210526,0
2637,0423,1,2026-06-14 09:36:20,0.1340080971659919,0
2638,0495,1,2026-06-14 09:36:20,0.9289473684210526,0
2639,0423,1,2026-06-14 09:36:30,0.1340080971659919,0
2640,0495,1,2026-06-14 09:36:30,0.9289473684210526,0
2641,0423,1,2026-06-14 09:36:40,0.1340080971659919,0
2642,0495,1,2026-06-14 09:36:40,0.9289473684210526,0
2643,0423,1,2026-06-14 09:36:50,0.1340080971659919,0
2644,0495,1,2026-06-14 09:36:50,0.9289473684210526,0
2645,0423,1,2026-06-14 09:37:00,0.1340080971659919,0
2646,0495,1,2026-06-14 09:37:00,0.9289473684210526,0
2647,0423,1,2026-06-14 09:37:10,0.1340080971659919,0
2648,0495,1,2026-06-14 09:37:10,0.9289473684210526,0
2649,0423,1,2026-06-14 09:37:20,0.1340080971659919,0
2650,0495,1,2026-06-14 09:37:20,0.9289473684210526,0
2651,0016,2,2026-06-13 10:22:00,0.4665991902834008,0
2652,0016,2,2026-06-13 10:22:10,0.4665991902834008,0
2653,0178,2,2026-06-13 10:22:10,0.1987854251012146,0
2654,0016,2,2026-06-13 10:22:20,0.4665991902834008,0
2655,0178,2,2026-06-13 10:22:20,0.1987854251012146,0
2656,0016,2,2026-06-13 10:22:30,0.4665991902834008,0
2657,0178,2,2026-06-13 10:22:30,0.1987854251012146,0
2658,0016,2,2026-06-13 10:22:40,0.4665991902834008,0
2659,0178,2,2026-06-13 10:22:40,0.1987854251012146,0
2660,0016,2,2026-06-13 10:22:50,0.4665991902834008,0
2661,0178,2,2026-06-13 10:22:50,0.1987854251012146,0
2662,0016,2,2026-06-13 10:23:00,0.4665991902834008,0
2663,0178,2,2026-06-13 10:23:00,0.1987854251012146,0
2664,0247,2,2026-06-13 10:23:00,0.8038461538461539,0
2665,0016,2,2026-06-13 10:23:10,0.4665991902834008,0
2666,0178,2,2026-06-13 10:23:10,0.1987854251012146,0
2667,0247,2,2026-06-13 10:23:10,0.8038461538461539,1
2668,0276,2,2026-06-13 10:23:10,0.0629554655870445,0
2669,0016,2,2026-06-13 10:23:20,0.4665991902834008,0
2670,0178,2,2026-06-13 10:23:20,0.1987854251012146,0
2671,0199,2,2026-06-13 10:23:20,0.1340080971659919,0
2672,0247,2,2026-06-13 10:23:20,0.8038461538461539,0
2673,0276,2,2026-06-13 10:23:20,0.0629554655870445,1
2674,0016,2,2026-06-13 10:23:30,0.4665991902834008,0
2675,0178,2,2026-06-13 10:23:30,0.1987854251012146,0
2676,0199,2,2026-06-13 10:23:30,0.1340080971659919,0
2677,0247,2,2026-06-13 10:23:30,0.8038461538461539,0
2678,0276,2,2026-06-13 10:23:30,0.0629554655870445,0
2679,0285,2,2026-06-13 10:23:30,1.0000000000000000,0
2680,0016,2,2026-06-13 10:23:40,0.4665991902834008,0
2681,0178,2,2026-06-13 10:23:40,0.1987854251012146,0
2682,0199,2,2026-06-13 10:23:40,0.1340080971659919,0
2683,0230,2,2026-06-13 10:23:40,0.4665991902834008,1
2684,0247,2,2026-06-13 10:23:40,0.8038461538461539,0
2685,0276,2,2026-06-13 10:23:40,0.0629554655870445,0
2686,0285,2,2026-06-13 10:23:40,1.0000000000000000,0
2687,0353,2,2026-06-13 10:23:40,1.0000000000000000,0
2688,0016,2,2026-06-13 10:23:50,0.4665991902834008,0
2689,0042,2,2026-06-13 10:23:50,0.3402834008097166,0
2690,0134,2,2026-06-13 10:23:50,0.9289473684210526,0
2691,0178,2,2026-06-13 10:23:50,0.1987854251012146,0
2692,0199,2,2026-06-13 10:23:50,0.1340080971659919,0
2693,0211,2,2026-06-13 10:23:50,0.2900809716599190,0
2694,0230,2,2026-06-13 10:23:50,0.4665991902834008,0
2695,0247,2,2026-06-13 10:23:50,0.8038461538461539,0
2696,0276,2,2026-06-13 10:23:50,0.0629554655870445,0
2697,0285,2,2026-06-13 10:23:50,1.0000000000000000,0
2698,0353,2,2026-06-13 10:23:50,1.0000000000000000,0
2699,0412,2,2026-06-13 10:23:50,0.8038461538461539,0
2700,0425,2,2026-06-13 10:23:50,0.3402834008097166,0
2701,0042,2,2026-06-13 10:24:00,0.3402834008097166,0
2702,0134,2,2026-06-13 10:24:00,0.9289473684210526,0
2703,0155,2,2026-06-13 10:24:00,0.2900809716599190,0
2704,0199,2,2026-06-13 10:24:00,0.1340080971659919,0
2705,0211,2,2026-06-13 10:24:00,0.2900809716599190,0
2706,0230,2,2026-06-13 10:24:00,0.4665991902834008,0
2707,0247,2,2026-06-13 10:24:00,0.8038461538461539,0
2708,0269,2,2026-06-13 10:24:00,0.8038461538461539,0
2709,0276,2,2026-06-13 10:24:00,0.0629554655870445,0
2710,0285,2,2026-06-13 10:24:00,1.0000000000000000,0
2711,0306,2,2026-06-13 10:24:00,0.6115384615384616,0
2712,0327,2,2026-06-13 10:24:00,0.9289473684210526,0
2713,0353,2,2026-06-13 10:24:00,1.0000000000000000,1
2714,0412,2,2026-06-13 10:24:00,0.8038461538461539,0
2715,0425,2,2026-06-13 10:24:00,0.3402834008097166,0
2716,0042,2,2026-06-13 10:24:10,0.3402834008097166,0
2717,0134,2,2026-06-13 10:24:10,0.9289473684210526,0
2718,0155,2,2026-06-13 10:24:10,0.2900809716599190,0
2719,0199,2,2026-06-13 10:24:10,0.1340080971659919,0
2720,0211,2,2026-06-13 10:24:10,0.2900809716599190,0
2721,0230,2,2026-06-13 10:24:10,0.4665991902834008,0
2722,0247,2,2026-06-13 10:24:10,0.8038461538461539,0
2723,0269,2,2026-06-13 10:24:10,0.8038461538461539,0
2724,0276,2,2026-06-13 10:24:10,0.0629554655870445,0
2725,0285,2,2026-06-13 10:24:10,1.0000000000000000,0
2726,0306,2,2026-06-13 10:24:10,0.6115384615384616,0
2727,0327,2,2026-06-13 10:24:10,0.9289473684210526,0
2728,0353,2,2026-06-13 10:24:10,1.0000000000000000,1
2729,0412,2,2026-06-13 10:24:10,0.8038461538461539,0
2730,0425,2,2026-06-13 10:24:10,0.3402834008097166,0
2731,0042,2,2026-06-13 10:24:20,0.3402834008097166,0
2732,0134,2,2026-06-13 10:24:20,0.9289473684210526,0
2733,0155,2,2026-06-13 10:24:20,0.2900809716599190,0
2734,0199,2,2026-06-13 10:24:20,0.1340080971659919,0
2735,0211,2,2026-06-13 10:24:20,0.2900809716599190,0
2736,0230,2,2026-06-13 10:24:20,0.4665991902834008,0
2737,0247,2,2026-06-13 10:24:20,0.8038461538461539,0
2738,0269,2,2026-06-13 10:24:20,0.8038461538461539,0
2739,0276,2,2026-06-13 10:24:20,0.0629554655870445,0
2740,0285,2,2026-06-13 10:24:20,1.0000000000000000,0
2741,0306,2,2026-06-13 10:24:20,0.6115384615384616,0
2742,0327,2,2026-06-13 10:24:20,0.9289473684210526,0
2743,0353,2,2026-06-13 10:24:20,1.0000000000000000,0
2744,0412,2,2026-06-13 10:24:20,0.8038461538461539,0
2745,0425,2,2026-06-13 10:24:20,0.3402834008097166,0
2746,0042,2,2026-06-13 10:24:30,0.3402834008097166,0
2747,0108,2,2026-06-13 10:24:30,0.1987854251012146,0
2748,0134,2,2026-06-13 10:24:30,0.9289473684210526,0
2749,0155,2,2026-06-13 10:24:30,0.2900809716599190,1
2750,0199,2,2026-06-13 10:24:30,0.1340080971659919,0
2751,0211,2,2026-06-13 10:24:30,0.2900809716599190,0
2752,0230,2,2026-06-13 10:24:30,0.4665991902834008,0
2753,0247,2,2026-06-13 10:24:30,0.8038461538461539,0
2754,0269,2,2026-06-13 10:24:30,0.8038461538461539,0
2755,0276,2,2026-06-13 10:24:30,0.0629554655870445,0
2756,0285,2,2026-06-13 10:24:30,1.0000000000000000,0
2757,0306,2,2026-06-13 10:24:30,0.6115384615384616,0
2758,0327,2,2026-06-13 10:24:30,0.9289473684210526,0
2759,0353,2,2026-06-13 10:24:30,1.0000000000000000,0
2760,0412,2,2026-06-13 10:24:30,0.8038461538461539,0
2761,0425,2,2026-06-13 10:24:30,0.3402834008097166,0
2762,0042,2,2026-06-13 10:24:40,0.3402834008097166,0
2763,0108,2,2026-06-13 10:24:40,0.1987854251012146,0
2764,0134,2,2026-06-13 10:24:40,0.9289473684210526,0
2765,0155,2,2026-06-13 10:24:40,0.2900809716599190,0
2766,0199,2,2026-06-13 10:24:40,0.1340080971659919,0
2767,0247,2,2026-06-13 10:24:40,0.8038461538461539,0
2768,0269,2,2026-06-13 10:24:40,0.8038461538461539,0
2769,0285,2,2026-06-13 10:24:40,1.0000000000000000,0
2770,0306,2,2026-06-13 10:24:40,0.6115384615384616,0
2771,0327,2,2026-06-13 10:24:40,0.9289473684210526,0
2772,0412,2,2026-06-13 10:24:40,0.8038461538461539,0
2773,0425,2,2026-06-13 10:24:40,0.3402834008097166,0
2774,0042,2,2026-06-13 10:24:50,0.3402834008097166,1
2775,0108,2,2026-06-13 10:24:50,0.1987854251012146,0
2776,0134,2,2026-06-13 10:24:50,0.9289473684210526,0
2777,0155,2,2026-06-13 10:24:50,0.2900809716599190,0
2778,0199,2,2026-06-13 10:24:50,0.1340080971659919,0
2779,0269,2,2026-06-13 10:24:50,0.8038461538461539,0
2780,0285,2,2026-06-13 10:24:50,1.0000000000000000,0
2781,0327,2,2026-06-13 10:24:50,0.9289473684210526,0
2782,0412,2,2026-06-13 10:24:50,0.8038461538461539,0
2783,0425,2,2026-06-13 10:24:50,0.3402834008097166,0
2784,0042,2,2026-06-13 10:25:00,0.3402834008097166,0
2785,0108,2,2026-06-13 10:25:00,0.1987854251012146,0
2786,0134,2,2026-06-13 10:25:00,0.9289473684210526,0
2787,0155,2,2026-06-13 10:25:00,0.2900809716599190,0
2788,0199,2,2026-06-13 10:25:00,0.1340080971659919,0
2789,0269,2,2026-06-13 10:25:00,0.8038461538461539,0
2790,0327,2,2026-06-13 10:25:00,0.9289473684210526,0
2791,0412,2,2026-06-13 10:25:00,0.8038461538461539,0
2792,0042,2,2026-06-13 10:25:10,0.3402834008097166,0
2793,0108,2,2026-06-13 10:25:10,0.1987854251012146,0
2794,0134,2,2026-06-13 10:25:10,0.9289473684210526,0
2795,0155,2,2026-06-13 10:25:10,0.2900809716599190,0
2796,0199,2,2026-06-13 10:25:10,0.1340080971659919,0
2797,0269,2,2026-06-13 10:25:10,0.8038461538461539,0
2798,0327,2,2026-06-13 10:25:10,0.9289473684210526,0
2799,0412,2,2026-06-13 10:25:10,0.8038461538461539,0
2800,0042,2,2026-06-13 10:25:20,0.3402834008097166,0
2801,0108,2,2026-06-13 10:25:20,0.1987854251012146,0
2802,0134,2,2026-06-13 10:25:20,0.9289473684210526,0
2803,0155,2,2026-06-13 10:25:20,0.2900809716599190,1
2804,0269,2,2026-06-13 10:25:20,0.8038461538461539,0
2805,0327,2,2026-06-13 10:25:20,0.9289473684210526,0
2806,0412,2,2026-06-13 10:25:20,0.8038461538461539,0
2807,0042,2,2026-06-13 10:25:30,0.3402834008097166,0
2808,0108,2,2026-06-13 10:25:30,0.1987854251012146,0
2809,0134,2,2026-06-13 10:25:30,0.9289473684210526,0
2810,0155,2,2026-06-13 10:25:30,0.2900809716599190,0
2811,0269,2,2026-06-13 10:25:30,0.8038461538461539,0
2812,0324,2,2026-06-13 10:25:30,0.5303643724696356,0
2813,0327,2,2026-06-13 10:25:30,0.9289473684210526,0
2814,0412,2,2026-06-13 10:25:30,0.8038461538461539,0
2815,0108,2,2026-06-13 10:25:40,0.1987854251012146,0
2816,0155,2,2026-06-13 10:25:40,0.2900809716599190,0
2817,0269,2,2026-06-13 10:25:40,0.8038461538461539,0
2818,0324,2,2026-06-13 10:25:40,0.5303643724696356,1
2819,0327,2,2026-06-13 10:25:40,0.9289473684210526,0
2820,0412,2,2026-06-13 10:25:40,0.8038461538461539,0
2821,0108,2,2026-06-13 10:25:50,0.1987854251012146,0
2822,0324,2,2026-06-13 10:25:50,0.5303643724696356,1
2823,0108,2,2026-06-13 10:26:00,0.1987854251012146,0
2824,0108,2,2026-06-13 10:26:10,0.1987854251012146,0
2825,0495,2,2026-06-13 10:27:30,0.9289473684210526,0
2826,0423,2,2026-06-13 10:27:40,0.1340080971659919,0
2827,0495,2,2026-06-13 10:27:40,0.9289473684210526,0
2828,0423,2,2026-06-13 10:27:50,0.1340080971659919,0
2829,0495,2,2026-06-13 10:27:50,0.9289473684210526,0
2830,0423,2,2026-06-13 10:28:00,0.1340080971659919,1
2831,0495,2,2026-06-13 10:28:00,0.9289473684210526,0
2832,0423,2,2026-06-13 10:28:10,0.1340080971659919,0
2833,0495,2,2026-06-13 10:28:10,0.9289473684210526,0
2834,0423,2,2026-06-13 10:28:20,0.1340080971659919,1
2835,0495,2,2026-06-13 10:28:20,0.9289473684210526,0
2836,0423,2,2026-06-13 10:28:30,0.1340080971659919,0
2837,0495,2,2026-06-13 10:28:30,0.9289473684210526,0
2838,0423,2,2026-06-13 10:28:40,0.1340080971659919,0
2839,0495,2,2026-06-13 10:28:40,0.9289473684210526,1
2840,0423,2,2026-06-13 10:28:50,0.1340080971659919,0
2841,0495,2,2026-06-13 10:28:50,0.9289473684210526,0
2842,0423,2,2026-06-13 10:29:00,0.1340080971659919,0
2843,0495,2,2026-06-13 10:29:00,0.9289473684210526,0
2844,0423,2,2026-06-13 10:29:10,0.1340080971659919,0
2845,0495,2,2026-06-13 10:29:10,0.9289473684210526,0
2846,0423,2,2026-06-13 10:29:20,0.1340080971659919,0
2847,0495,2,2026-06-13 10:29:20,0.9289473684210526,0
2848,005,2,2026-06-13 10:33:50,0.1340080971659919,0
2849,005,2,2026-06-13 10:34:00,0.1340080971659919,0
2850,005,2,2026-06-13 10:34:10,0.1340080971659919,0
2851,005,2,2026-06-13 10:34:20,0.1340080971659919,0
2852,005,2,2026-06-13 10:34:30,0.1340080971659919,1
2853,005,2,2026-06-13 10:34:40,0.1340080971659919,1
2854,005,2,2026-06-13 10:34:50,0.1340080971659919,0
2855,005,2,2026-06-13 10:35:00,0.1340080971659919,0
2856,005,2,2026-06-13 10:35:10,0.1340080971659919,0
2857,005,2,2026-06-13 10:35:20,0.1340080971659919,0
2858,005,2,2026-06-13 10:35:30,0.1340080971659919,0
2859,0048,2,2026-06-13 10:35:50,0.0629554655870445,0
2860,0131,2,2026-06-13 10:35:50,0.4665991902834008,0
2861,0368,2,2026-06-13 10:35:50,0.9289473684210526,1
2862,0048,2,2026-06-13 10:36:00,0.0629554655870445,0
2863,0131,2,2026-06-13 10:36:00,0.4665991902834008,0
2864,0368,2,2026-06-13 10:36:00,0.9289473684210526,0
2865,0048,2,2026-06-13 10:36:10,0.0629554655870445,0
2866,0131,2,2026-06-13 10:36:10,0.4665991902834008,0
2867,0368,2,2026-06-13 10:36:10,0.9289473684210526,0
2868,0048,2,2026-06-13 10:36:20,0.0629554655870445,0
2869,0131,2,2026-06-13 10:36:20,0.4665991902834008,0
2870,0368,2,2026-06-13 10:36:20,0.9289473684210526,0
2871,0048,2,2026-06-13 10:36:30,0.0629554655870445,1
2872,0131,2,2026-06-13 10:36:30,0.4665991902834008,0
2873,0368,2,2026-06-13 10:36:30,0.9289473684210526,0
2874,0028,2,2026-06-13 10:36:40,0.0629554655870445,0
2875,0048,2,2026-06-13 10:36:40,0.0629554655870445,0
2876,0131,2,2026-06-13 10:36:40,0.4665991902834008,0
2877,0368,2,2026-06-13 10:36:40,0.9289473684210526,0
2878,0028,2,2026-06-13 10:36:50,0.0629554655870445,0
2879,0048,2,2026-06-13 10:36:50,0.0629554655870445,0
2880,0131,2,2026-06-13 10:36:50,0.4665991902834008,1
2881,0368,2,2026-06-13 10:36:50,0.9289473684210526,0
2882,0028,2,2026-06-13 10:37:00,0.0629554655870445,0
2883,0131,2,2026-06-13 10:37:00,0.4665991902834008,0
2884,0368,2,2026-06-13 10:37:00,0.9289473684210526,1
2885,0028,2,2026-06-13 10:37:10,0.0629554655870445,0
2886,0131,2,2026-06-13 10:37:10,0.4665991902834008,0
2887,0368,2,2026-06-13 10:37:10,0.9289473684210526,0
2888,0028,2,2026-06-13 10:37:20,0.0629554655870445,0
2889,0131,2,2026-06-13 10:37:20,0.4665991902834008,0
2890,0368,2,2026-06-13 10:37:20,0.9289473684210526,0
2891,0028,2,2026-06-13 10:37:30,0.0629554655870445,0
2892,0368,2,2026-06-13 10:37:30,0.9289473684210526,0
2893,0028,2,2026-06-13 10:37:40,0.0629554655870445,1
2894,0368,2,2026-06-13 10:37:40,0.9289473684210526,0
2895,0314,2,2026-06-13 14:00:40,0.9289473684210526,0
2896,0314,2,2026-06-13 14:00:50,0.9289473684210526,0
2897,0314,2,2026-06-13 14:01:00,0.9289473684210526,0
2898,0314,2,2026-06-13 14:01:10,0.9289473684210526,0
2899,0314,2,2026-06-13 14:01:20,0.9289473684210526,1
2900,0314,2,2026-06-13 14:01:30,0.9289473684210526,0
2901,0314,2,2026-06-13 14:01:40,0.9289473684210526,0
2902,0314,2,2026-06-13 14:01:50,0.9289473684210526,0
2903,0314,2,2026-06-13 14:02:00,0.9289473684210526,0
2904,0461,2,2026-06-13 14:02:00,0.8038461538461539,0
2905,0203,2,2026-06-13 14:02:10,0.2900809716599190,0
2906,0314,2,2026-06-13 14:02:10,0.9289473684210526,0
2907,0461,2,2026-06-13 14:02:10,0.8038461538461539,0
2908,0203,2,2026-06-13 14:02:20,0.2900809716599190,1
2909,0314,2,2026-06-13 14:02:20,0.9289473684210526,0
2910,0461,2,2026-06-13 14:02:20,0.8038461538461539,0
2911,0203,2,2026-06-13 14:02:30,0.2900809716599190,0
2912,0314,2,2026-06-13 14:02:30,0.9289473684210526,0
2913,0461,2,2026-06-13 14:02:30,0.8038461538461539,0
2914,0203,2,2026-06-13 14:02:40,0.2900809716599190,0
2915,0461,2,2026-06-13 14:02:40,0.8038461538461539,1
2916,0203,2,2026-06-13 14:02:50,0.2900809716599190,0
2917,0461,2,2026-06-13 14:02:50,0.8038461538461539,0
2918,0203,2,2026-06-13 14:03:00,0.2900809716599190,0
2919,0461,2,2026-06-13 14:03:00,0.8038461538461539,0
2920,0203,2,2026-06-13 14:03:10,0.2900809716599190,0
2921,0461,2,2026-06-13 14:03:10,0.8038461538461539,0
2922,0203,2,2026-06-13 14:03:20,0.2900809716599190,0
2923,0461,2,2026-06-13 14:03:20,0.8038461538461539,0
2924,0203,2,2026-06-13 14:03:30,0.2900809716599190,0
2925,0461,2,2026-06-13 14:03:30,0.8038461538461539,0
2926,0203,2,2026-06-13 14:03:40,0.2900809716599190,0
2927,0461,2,2026-06-13 14:03:40,0.8038461538461539,0
2928,0203,2,2026-06-13 14:03:50,0.2900809716599190,0
2929,0461,2,2026-06-13 14:03:50,0.8038461538461539,0
2930,0203,2,2026-06-13 14:04:00,0.2900809716599190,0
2931,0037,2,2026-06-13 14:04:20,0.8038461538461539,1
2932,0037,2,2026-06-13 14:04:30,0.8038461538461539,0
2933,0037,2,2026-06-13 14:04:40,0.8038461538461539,0
2934,0037,2,2026-06-13 14:04:50,0.8038461538461539,0
2935,0173,2,2026-06-13 14:04:50,0.6115384615384616,0
2936,0037,2,2026-06-13 14:05:00,0.8038461538461539,0
2937,0173,2,2026-06-13 14:05:00,0.6115384615384616,0
2938,0037,2,2026-06-13 14:05:10,0.8038461538461539,0
2939,0173,2,2026-06-13 14:05:10,0.6115384615384616,0
2940,0037,2,2026-06-13 14:05:20,0.8038461538461539,0
2941,0173,2,2026-06-13 14:05:20,0.6115384615384616,0
2942,0037,2,2026-06-13 14:05:30,0.8038461538461539,0
2943,0173,2,2026-06-13 14:05:30,0.6115384615384616,0
2944,0037,2,2026-06-13 14:05:40,0.8038461538461539,0
2945,0173,2,2026-06-13 14:05:40,0.6115384615384616,0
2946,0037,2,2026-06-13 14:05:50,0.8038461538461539,0
2947,0173,2,2026-06-13 14:05:50,0.6115384615384616,1
2948,0037,2,2026-06-13 14:06:00,0.8038461538461539,0
2949,0173,2,2026-06-13 14:06:00,0.6115384615384616,0
2950,0037,2,2026-06-13 14:06:10,0.8038461538461539,0
2951,0173,2,2026-06-13 14:06:10,0.6115384615384616,0
2952,0449,2,2026-06-13 14:06:10,0.6115384615384616,0
2953,0173,2,2026-06-13 14:06:20,0.6115384615384616,0
2954,0449,2,2026-06-13 14:06:20,0.6115384615384616,0
2955,0173,2,2026-06-13 14:06:30,0.6115384615384616,0
2956,0449,2,2026-06-13 14:06:30,0.6115384615384616,0
2957,0449,2,2026-06-13 14:06:40,0.6115384615384616,1
2958,0265,2,2026-06-13 15:28:50,0.9289473684210526,0
2959,0265,2,2026-06-13 15:29:00,0.9289473684210526,1
2960,0265,2,2026-06-13 15:29:10,0.9289473684210526,0
2961,0265,2,2026-06-13 15:29:20,0.9289473684210526,0
2962,0265,2,2026-06-13 15:29:30,0.9289473684210526,1
2963,0265,2,2026-06-13 15:29:40,0.9289473684210526,0
2964,0265,2,2026-06-13 15:29:50,0.9289473684210526,0
2965,0265,2,2026-06-13 15:30:00,0.9289473684210526,0
2966,0265,2,2026-06-13 15:30:10,0.9289473684210526,0
2967,0265,2,2026-06-13 15:30:20,0.9289473684210526,0
2968,0265,2,2026-06-13 15:30:30,0.9289473684210526,0
2969,0265,2,2026-06-13 15:30:40,0.9289473684210526,0
2970,0300,2,2026-06-13 15:30:50,0.2900809716599190,0
2971,0300,2,2026-06-13 15:31:00,0.2900809716599190,0
2972,0300,2,2026-06-13 15:31:10,0.2900809716599190,0
2973,0300,2,2026-06-13 15:31:20,0.2900809716599190,0
2974,0300,2,2026-06-13 15:31:30,0.2900809716599190,1
2975,0300,2,2026-06-13 15:31:40,0.2900809716599190,0
2976,0300,2,2026-06-13 15:31:50,0.2900809716599190,0
2977,0300,2,2026-06-13 15:32:00,0.2900809716599190,0
2978,0045,2,2026-06-13 15:32:10,0.4665991902834008,0
2979,0196,2,2026-06-13 15:32:10,0.3402834008097166,0
2980,0300,2,2026-06-13 15:32:10,0.2900809716599190,0
2981,0441,2,2026-06-13 15:32:10,0.0629554655870445,0
2982,0045,2,2026-06-13 15:32:20,0.4665991902834008,0
2983,0196,2,2026-06-13 15:32:20,0.3402834008097166,0
2984,0300,2,2026-06-13 15:32:20,0.2900809716599190,0
2985,0441,2,2026-06-13 15:32:20,0.0629554655870445,0
2986,0045,2,2026-06-13 15:32:30,0.4665991902834008,0
2987,0196,2,2026-06-13 15:32:30,0.3402834008097166,0
2988,0300,2,2026-06-13 15:32:30,0.2900809716599190,0
2989,0441,2,2026-06-13 15:32:30,0.0629554655870445,1
2990,0045,2,2026-06-13 15:32:40,0.4665991902834008,0
2991,0196,2,2026-06-13 15:32:40,0.3402834008097166,0
2992,0300,2,2026-06-13 15:32:40,0.2900809716599190,0
2993,0441,2,2026-06-13 15:32:40,0.0629554655870445,0
2994,0045,2,2026-06-13 15:32:50,0.4665991902834008,0
2995,0196,2,2026-06-13 15:32:50,0.3402834008097166,0
2996,0441,2,2026-06-13 15:32:50,0.0629554655870445,0
2997,0045,2,2026-06-13 15:33:00,0.4665991902834008,0
2998,0196,2,2026-06-13 15:33:00,0.3402834008097166,0
2999,0441,2,2026-06-13 15:33:00,0.0629554655870445,1
3000,0045,2,2026-06-13 15:33:10,0.4665991902834008,0
3001,0196,2,2026-06-13 15:33:10,0.3402834008097166,0
3002,0441,2,2026-06-13 15:33:10,0.0629554655870445,0
3003,0045,2,2026-06-13 15:33:20,0.4665991902834008,0
3004,0196,2,2026-06-13 15:33:20,0.3402834008097166,1
3005,0291,2,2026-06-13 15:33:20,0.8038461538461539,0
3006,0441,2,2026-06-13 15:33:20,0.0629554655870445,0
3007,0045,2,2026-06-13 15:33:30,0.4665991902834008,0
3008,0196,2,2026-06-13 15:33:30,0.3402834008097166,0
3009,0291,2,2026-06-13 15:33:30,0.8038461538461539,0
3010,0441,2,2026-06-13 15:33:30,0.0629554655870445,0
3011,0045,2,2026-06-13 15:33:40,0.4665991902834008,0
3012,0196,2,2026-06-13 15:33:40,0.3402834008097166,0
3013,0291,2,2026-06-13 15:33:40,0.8038461538461539,0
3014,0441,2,2026-06-13 15:33:40,0.0629554655870445,0
3015,008,2,2026-06-13 15:33:50,0.3402834008097166,0
3016,0045,2,2026-06-13 15:33:50,0.4665991902834008,0
3017,0196,2,2026-06-13 15:33:50,0.3402834008097166,0
3018,0291,2,2026-06-13 15:33:50,0.8038461538461539,0
3019,0441,2,2026-06-13 15:33:50,0.0629554655870445,0
3020,008,2,2026-06-13 15:34:00,0.3402834008097166,0
3021,0045,2,2026-06-13 15:34:00,0.4665991902834008,1
3022,0291,2,2026-06-13 15:34:00,0.8038461538461539,0
3023,0441,2,2026-06-13 15:34:00,0.0629554655870445,0
3024,008,2,2026-06-13 15:34:10,0.3402834008097166,0
3025,0291,2,2026-06-13 15:34:10,0.8038461538461539,0
3026,008,2,2026-06-13 15:34:20,0.3402834008097166,0
3027,0291,2,2026-06-13 15:34:20,0.8038461538461539,0
3028,008,2,2026-06-13 15:34:30,0.3402834008097166,0
3029,0291,2,2026-06-13 15:34:30,0.8038461538461539,0
3030,008,2,2026-06-13 15:34:40,0.3402834008097166,0
3031,0291,2,2026-06-13 15:34:40,0.8038461538461539,0
3032,008,2,2026-06-13 15:34:50,0.3402834008097166,0
3033,0291,2,2026-06-13 15:34:50,0.8038461538461539,1
3034,008,2,2026-06-13 15:35:00,0.3402834008097166,0
3035,0129,2,2026-06-13 15:35:00,0.4665991902834008,0
3036,0291,2,2026-06-13 15:35:00,0.8038461538461539,0
3037,008,2,2026-06-13 15:35:10,0.3402834008097166,0
3038,0129,2,2026-06-13 15:35:10,0.4665991902834008,0
3039,0291,2,2026-06-13 15:35:10,0.8038461538461539,0
3040,008,2,2026-06-13 15:35:20,0.3402834008097166,1
3041,0129,2,2026-06-13 15:35:20,0.4665991902834008,0
3042,0129,2,2026-06-13 15:35:30,0.4665991902834008,0
3043,0129,2,2026-06-13 15:35:40,0.4665991902834008,0
3044,0129,2,2026-06-13 15:35:50,0.4665991902834008,1
3045,0129,2,2026-06-13 15:36:00,0.4665991902834008,0
3046,0129,2,2026-06-13 15:36:10,0.4665991902834008,1
3047,0129,2,2026-06-13 15:36:20,0.4665991902834008,0
3048,0177,2,2026-06-13 17:00:30,0.7000000000000000,0
3049,0177,2,2026-06-13 17:00:40,0.7000000000000000,0
3050,0177,2,2026-06-13 17:00:50,0.7000000000000000,0
3051,0177,2,2026-06-13 17:01:00,0.7000000000000000,1
3052,0177,2,2026-06-13 17:01:10,0.7000000000000000,0
3053,0177,2,2026-06-13 17:01:20,0.7000000000000000,0
3054,0177,2,2026-06-13 17:01:30,0.7000000000000000,1
3055,0365,2,2026-06-13 17:01:30,0.8038461538461539,0
3056,0177,2,2026-06-13 17:01:40,0.7000000000000000,0
3057,0365,2,2026-06-13 17:01:40,0.8038461538461539,0
3058,0177,2,2026-06-13 17:01:50,0.7000000000000000,0
3059,0365,2,2026-06-13 17:01:50,0.8038461538461539,1
3060,0177,2,2026-06-13 17:02:00,0.7000000000000000,0
3061,0365,2,2026-06-13 17:02:00,0.8038461538461539,0
3062,0177,2,2026-06-13 17:02:10,0.7000000000000000,0
3063,0350,2,2026-06-13 17:02:10,0.7000000000000000,0
3064,0365,2,2026-06-13 17:02:10,0.8038461538461539,1
3065,0350,2,2026-06-13 17:02:20,0.7000000000000000,0
3066,0365,2,2026-06-13 17:02:20,0.8038461538461539,0
3067,0350,2,2026-06-13 17:02:30,0.7000000000000000,0
3068,0365,2,2026-06-13 17:02:30,0.8038461538461539,0
3069,0350,2,2026-06-13 17:02:40,0.7000000000000000,0
3070,0365,2,2026-06-13 17:02:40,0.8038461538461539,0
3071,0312,2,2026-06-13 17:02:50,0.6115384615384616,0
3072,0350,2,2026-06-13 17:02:50,0.7000000000000000,0
3073,0365,2,2026-06-13 17:02:50,0.8038461538461539,0
3074,0312,2,2026-06-13 17:03:00,0.6115384615384616,0
3075,0350,2,2026-06-13 17:03:00,0.7000000000000000,0
3076,0365,2,2026-06-13 17:03:00,0.8038461538461539,0
3077,0312,2,2026-06-13 17:03:10,0.6115384615384616,0
3078,0350,2,2026-06-13 17:03:10,0.7000000000000000,0
3079,0312,2,2026-06-13 17:03:20,0.6115384615384616,0
3080,0320,2,2026-06-13 17:03:20,0.0629554655870445,0
3081,0350,2,2026-06-13 17:03:20,0.7000000000000000,0
3082,0312,2,2026-06-13 17:03:30,0.6115384615384616,0
3083,0320,2,2026-06-13 17:03:30,0.0629554655870445,0
3084,0350,2,2026-06-13 17:03:30,0.7000000000000000,1
3085,0312,2,2026-06-13 17:03:40,0.6115384615384616,0
3086,0320,2,2026-06-13 17:03:40,0.0629554655870445,0
3087,0312,2,2026-06-13 17:03:50,0.6115384615384616,0
3088,0320,2,2026-06-13 17:03:50,0.0629554655870445,1
3089,0312,2,2026-06-13 17:04:00,0.6115384615384616,0
3090,0320,2,2026-06-13 17:04:00,0.0629554655870445,0
3091,0312,2,2026-06-13 17:04:10,0.6115384615384616,1
3092,0320,2,2026-06-13 17:04:10,0.0629554655870445,0
3093,0312,2,2026-06-13 17:04:20,0.6115384615384616,0
3094,0248,2,2026-06-13 17:04:50,0.3402834008097166,0
3095,0248,2,2026-06-13 17:05:00,0.3402834008097166,0
3096,0248,2,2026-06-13 17:05:10,0.3402834008097166,1
3097,0248,2,2026-06-13 17:05:20,0.3402834008097166,0
3098,0248,2,2026-06-13 17:05:30,0.3402834008097166,1
3099,0319,2,2026-06-13 17:07:00,0.0629554655870445,1
3100,0319,2,2026-06-13 17:07:10,0.0629554655870445,0
3101,0319,2,2026-06-13 17:07:20,0.0629554655870445,0
3102,0319,2,2026-06-13 17:07:30,0.0629554655870445,0
3103,0319,2,2026-06-13 17:07:40,0.0629554655870445,0
3104,0319,2,2026-06-13 17:07:50,0.0629554655870445,0
3105,0319,2,2026-06-13 17:08:00,0.0629554655870445,0
3106,0319,2,2026-06-13 17:08:10,0.0629554655870445,0
3107,0319,2,2026-06-13 17:08:20,0.0629554655870445,0
3108,0319,2,2026-06-13 17:08:30,0.0629554655870445,0
3109,0319,2,2026-06-13 17:08:40,0.0629554655870445,0
3110,0082,2,2026-06-13 18:36:50,0.6115384615384616,0
3111,0082,2,2026-06-13 18:37:00,0.6115384615384616,0
3112,0082,2,2026-06-13 18:37:10,0.6115384615384616,1
3113,0082,2,2026-06-13 18:37:20,0.6115384615384616,0
3114,0082,2,2026-06-13 18:37:30,0.6115384615384616,0
3115,0082,2,2026-06-13 18:37:40,0.6115384615384616,0
3116,0082,2,2026-06-13 18:37:50,0.6115384615384616,1
3117,0082,2,2026-06-13 18:38:00,0.6115384615384616,0
3118,0082,2,2026-06-13 18:38:10,0.6115384615384616,0
3119,0069,2,2026-06-13 18:41:50,0.0629554655870445,0
3120,0251,2,2026-06-13 18:41:50,0.6645748987854251,0
3121,0069,2,2026-06-13 18:42:00,0.0629554655870445,0
3122,0251,2,2026-06-13 18:42:00,0.6645748987854251,0
3123,0332,2,2026-06-13 18:42:00,0.5303643724696356,0
3124,0069,2,2026-06-13 18:42:10,0.0629554655870445,0
3125,0251,2,2026-06-13 18:42:10,0.6645748987854251,0
3126,0332,2,2026-06-13 18:42:10,0.5303643724696356,0
3127,0069,2,2026-06-13 18:42:20,0.0629554655870445,0
3128,0251,2,2026-06-13 18:42:20,0.6645748987854251,1
3129,0332,2,2026-06-13 18:42:20,0.5303643724696356,0
3130,0069,2,2026-06-13 18:42:30,0.0629554655870445,0
3131,0251,2,2026-06-13 18:42:30,0.6645748987854251,0
3132,0332,2,2026-06-13 18:42:30,0.5303643724696356,0
3133,0337,2,2026-06-13 18:42:30,0.7000000000000000,0
3134,0069,2,2026-06-13 18:42:40,0.0629554655870445,0
3135,0251,2,2026-06-13 18:42:40,0.6645748987854251,0
3136,0332,2,2026-06-13 18:42:40,0.5303643724696356,0
3137,0337,2,2026-06-13 18:42:40,0.7000000000000000,0
3138,0069,2,2026-06-13 18:42:50,0.0629554655870445,1
3139,0251,2,2026-06-13 18:42:50,0.6645748987854251,0
3140,0332,2,2026-06-13 18:42:50,0.5303643724696356,0
3141,0337,2,2026-06-13 18:42:50,0.7000000000000000,0
3142,0069,2,2026-06-13 18:43:00,0.0629554655870445,0
3143,0251,2,2026-06-13 18:43:00,0.6645748987854251,0
3144,0332,2,2026-06-13 18:43:00,0.5303643724696356,1
3145,0337,2,2026-06-13 18:43:00,0.7000000000000000,0
3146,0069,2,2026-06-13 18:43:10,0.0629554655870445,0
3147,0251,2,2026-06-13 18:43:10,0.6645748987854251,0
3148,0332,2,2026-06-13 18:43:10,0.5303643724696356,0
3149,0337,2,2026-06-13 18:43:10,0.7000000000000000,0
3150,0069,2,2026-06-13 18:43:20,0.0629554655870445,0
3151,0251,2,2026-06-13 18:43:20,0.6645748987854251,0
3152,0332,2,2026-06-13 18:43:20,0.5303643724696356,0
3153,0337,2,2026-06-13 18:43:20,0.7000000000000000,0
3154,0069,2,2026-06-13 18:43:30,0.0629554655870445,0
3155,0332,2,2026-06-13 18:43:30,0.5303643724696356,0
3156,0337,2,2026-06-13 18:43:30,0.7000000000000000,1
3157,0069,2,2026-06-13 18:43:40,0.0629554655870445,0
3158,0332,2,2026-06-13 18:43:40,0.5303643724696356,0
3159,0337,2,2026-06-13 18:43:40,0.7000000000000000,0
3160,0152,2,2026-06-13 22:20:30,0.2900809716599190,0
3161,0152,2,2026-06-13 22:20:40,0.2900809716599190,0
3162,0152,2,2026-06-13 22:20:50,0.2900809716599190,0
3163,0152,2,2026-06-13 22:21:00,0.2900809716599190,0
3164,0152,2,2026-06-13 22:21:10,0.2900809716599190,0
3165,0152,2,2026-06-13 22:21:20,0.2900809716599190,1
3166,0152,2,2026-06-13 22:21:30,0.2900809716599190,0
3167,0152,2,2026-06-13 22:21:40,0.2900809716599190,0
3168,0152,2,2026-06-13 22:21:50,0.2900809716599190,0
3169,0152,2,2026-06-13 22:22:00,0.2900809716599190,0
3170,0152,2,2026-06-13 22:22:10,0.2900809716599190,0
3171,0152,2,2026-06-13 22:22:20,0.2900809716599190,0
3172,0264,2,2026-06-13 23:55:30,0.1340080971659919,0
3173,0264,2,2026-06-13 23:55:40,0.1340080971659919,0
3174,0264,2,2026-06-13 23:55:50,0.1340080971659919,0
3175,0264,2,2026-06-13 23:56:00,0.1340080971659919,0
3176,0264,2,2026-06-13 23:56:10,0.1340080971659919,0
3177,0264,2,2026-06-13 23:56:20,0.1340080971659919,0
3178,0264,2,2026-06-13 23:56:30,0.1340080971659919,1
3179,0264,2,2026-06-13 23:56:40,0.1340080971659919,0
3180,0264,2,2026-06-13 23:56:50,0.1340080971659919,0
3181,0264,2,2026-06-13 23:57:00,0.1340080971659919,0
3182,0453,2,2026-06-13 23:57:00,1.0000000000000000,0
3183,0264,2,2026-06-13 23:57:10,0.1340080971659919,0
3184,0453,2,2026-06-13 23:57:10,1.0000000000000000,0
3185,0264,2,2026-06-13 23:57:20,0.1340080971659919,0
3186,0453,2,2026-06-13 23:57:20,1.0000000000000000,0
3187,0453,2,2026-06-13 23:57:30,1.0000000000000000,0
3188,0453,2,2026-06-13 23:57:40,1.0000000000000000,0
3189,0453,2,2026-06-13 23:57:50,1.0000000000000000,0
3190,0453,2,2026-06-13 23:58:00,1.0000000000000000,0
3191,0453,2,2026-06-13 23:58:10,1.0000000000000000,0
3192,0453,2,2026-06-13 23:58:20,1.0000000000000000,0
3193,0453,2,2026-06-13 23:58:30,1.0000000000000000,1
3194,0453,2,2026-06-13 23:58:40,1.0000000000000000,0
3195,0453,2,2026-06-13 23:58:50,1.0000000000000000,0
3196,0380,2,2026-06-14 01:17:20,0.6115384615384616,1
3197,0380,2,2026-06-14 01:17:30,0.6115384615384616,0
3198,0380,2,2026-06-14 01:17:40,0.6115384615384616,0
3199,0380,2,2026-06-14 01:17:50,0.6115384615384616,0
3200,0021,2,2026-06-14 02:51:20,0.6115384615384616,0
3201,0021,2,2026-06-14 02:51:30,0.6115384615384616,0
3202,0021,2,2026-06-14 02:51:40,0.6115384615384616,0
3203,0021,2,2026-06-14 02:51:50,0.6115384615384616,0
3204,0021,2,2026-06-14 02:52:00,0.6115384615384616,0
3205,0021,2,2026-06-14 02:52:10,0.6115384615384616,1
3206,0021,2,2026-06-14 02:52:20,0.6115384615384616,0
3207,0021,2,2026-06-14 02:52:30,0.6115384615384616,0
3208,0021,2,2026-06-14 02:52:40,0.6115384615384616,1
3209,0021,2,2026-06-14 02:52:50,0.6115384615384616,0
3210,0021,2,2026-06-14 02:53:00,0.6115384615384616,0
3211,0186,2,2026-06-14 02:53:30,0.3402834008097166,0
3212,0348,2,2026-06-14 02:53:30,0.2900809716599190,1
3213,0186,2,2026-06-14 02:53:40,0.3402834008097166,0
3214,0317,2,2026-06-14 02:53:40,0.1987854251012146,0
3215,0348,2,2026-06-14 02:53:40,0.2900809716599190,1
3216,0182,2,2026-06-14 02:53:50,0.1340080971659919,0
3217,0186,2,2026-06-14 02:53:50,0.3402834008097166,1
3218,0223,2,2026-06-14 02:53:50,0.6115384615384616,0
3219,0286,2,2026-06-14 02:53:50,0.6645748987854251,0
3220,0317,2,2026-06-14 02:53:50,0.1987854251012146,0
3221,0348,2,2026-06-14 02:53:50,0.2900809716599190,0
3222,0182,2,2026-06-14 02:54:00,0.1340080971659919,0
3223,0186,2,2026-06-14 02:54:00,0.3402834008097166,0
3224,0223,2,2026-06-14 02:54:00,0.6115384615384616,0
3225,0286,2,2026-06-14 02:54:00,0.6645748987854251,0
3226,0317,2,2026-06-14 02:54:00,0.1987854251012146,1
3227,0348,2,2026-06-14 02:54:00,0.2900809716599190,0
3228,0182,2,2026-06-14 02:54:10,0.1340080971659919,0
3229,0186,2,2026-06-14 02:54:10,0.3402834008097166,0
3230,0223,2,2026-06-14 02:54:10,0.6115384615384616,0
3231,0286,2,2026-06-14 02:54:10,0.6645748987854251,0
3232,0317,2,2026-06-14 02:54:10,0.1987854251012146,0
3233,0348,2,2026-06-14 02:54:10,0.2900809716599190,0
3234,0182,2,2026-06-14 02:54:20,0.1340080971659919,0
3235,0186,2,2026-06-14 02:54:20,0.3402834008097166,0
3236,0223,2,2026-06-14 02:54:20,0.6115384615384616,1
3237,0286,2,2026-06-14 02:54:20,0.6645748987854251,0
3238,0317,2,2026-06-14 02:54:20,0.1987854251012146,0
3239,0348,2,2026-06-14 02:54:20,0.2900809716599190,0
3240,0182,2,2026-06-14 02:54:30,0.1340080971659919,0
3241,0186,2,2026-06-14 02:54:30,0.3402834008097166,0
3242,0223,2,2026-06-14 02:54:30,0.6115384615384616,0
3243,0286,2,2026-06-14 02:54:30,0.6645748987854251,1
3244,0317,2,2026-06-14 02:54:30,0.1987854251012146,0
3245,0348,2,2026-06-14 02:54:30,0.2900809716599190,0
3246,0182,2,2026-06-14 02:54:40,0.1340080971659919,1
3247,0186,2,2026-06-14 02:54:40,0.3402834008097166,0
3248,0223,2,2026-06-14 02:54:40,0.6115384615384616,0
3249,0286,2,2026-06-14 02:54:40,0.6645748987854251,0
3250,0317,2,2026-06-14 02:54:40,0.1987854251012146,0
3251,0348,2,2026-06-14 02:54:40,0.2900809716599190,0
3252,0351,2,2026-06-14 02:54:40,1.0000000000000000,0
3253,0385,2,2026-06-14 02:54:40,0.6645748987854251,0
3254,0182,2,2026-06-14 02:54:50,0.1340080971659919,1
3255,0186,2,2026-06-14 02:54:50,0.3402834008097166,0
3256,0223,2,2026-06-14 02:54:50,0.6115384615384616,0
3257,0286,2,2026-06-14 02:54:50,0.6645748987854251,0
3258,0317,2,2026-06-14 02:54:50,0.1987854251012146,0
3259,0348,2,2026-06-14 02:54:50,0.2900809716599190,0
3260,0351,2,2026-06-14 02:54:50,1.0000000000000000,0
3261,0385,2,2026-06-14 02:54:50,0.6645748987854251,0
3262,0091,2,2026-06-14 02:55:00,0.2900809716599190,0
3263,0182,2,2026-06-14 02:55:00,0.1340080971659919,0
3264,0186,2,2026-06-14 02:55:00,0.3402834008097166,0
3265,0223,2,2026-06-14 02:55:00,0.6115384615384616,0
3266,0286,2,2026-06-14 02:55:00,0.6645748987854251,0
3267,0317,2,2026-06-14 02:55:00,0.1987854251012146,0
3268,0340,2,2026-06-14 02:55:00,0.8038461538461539,0
3269,0348,2,2026-06-14 02:55:00,0.2900809716599190,0
3270,0351,2,2026-06-14 02:55:00,1.0000000000000000,0
3271,0355,2,2026-06-14 02:55:00,0.3402834008097166,0
3272,0385,2,2026-06-14 02:55:00,0.6645748987854251,0
3273,0091,2,2026-06-14 02:55:10,0.2900809716599190,0
3274,0182,2,2026-06-14 02:55:10,0.1340080971659919,0
3275,0186,2,2026-06-14 02:55:10,0.3402834008097166,0
3276,0223,2,2026-06-14 02:55:10,0.6115384615384616,0
3277,0286,2,2026-06-14 02:55:10,0.6645748987854251,0
3278,0317,2,2026-06-14 02:55:10,0.1987854251012146,0
3279,0340,2,2026-06-14 02:55:10,0.8038461538461539,1
3280,0348,2,2026-06-14 02:55:10,0.2900809716599190,0
3281,0351,2,2026-06-14 02:55:10,1.0000000000000000,0
3282,0355,2,2026-06-14 02:55:10,0.3402834008097166,0
3283,0385,2,2026-06-14 02:55:10,0.6645748987854251,0
3284,0091,2,2026-06-14 02:55:20,0.2900809716599190,0
3285,0182,2,2026-06-14 02:55:20,0.1340080971659919,0
3286,0223,2,2026-06-14 02:55:20,0.6115384615384616,0
3287,0286,2,2026-06-14 02:55:20,0.6645748987854251,0
3288,0317,2,2026-06-14 02:55:20,0.1987854251012146,0
3289,0340,2,2026-06-14 02:55:20,0.8038461538461539,0
3290,0351,2,2026-06-14 02:55:20,1.0000000000000000,0
3291,0355,2,2026-06-14 02:55:20,0.3402834008097166,0
3292,0385,2,2026-06-14 02:55:20,0.6645748987854251,1
3293,0057,2,2026-06-14 02:55:30,0.6115384615384616,0
3294,0091,2,2026-06-14 02:55:30,0.2900809716599190,0
3295,0111,2,2026-06-14 02:55:30,0.2900809716599190,0
3296,0182,2,2026-06-14 02:55:30,0.1340080971659919,0
3297,0223,2,2026-06-14 02:55:30,0.6115384615384616,0
3298,0286,2,2026-06-14 02:55:30,0.6645748987854251,0
3299,0340,2,2026-06-14 02:55:30,0.8038461538461539,0
3300,0351,2,2026-06-14 02:55:30,1.0000000000000000,1
3301,0355,2,2026-06-14 02:55:30,0.3402834008097166,0
3302,0385,2,2026-06-14 02:55:30,0.6645748987854251,0
3303,0057,2,2026-06-14 02:55:40,0.6115384615384616,1
3304,0091,2,2026-06-14 02:55:40,0.2900809716599190,0
3305,0111,2,2026-06-14 02:55:40,0.2900809716599190,0
3306,0182,2,2026-06-14 02:55:40,0.1340080971659919,0
3307,0223,2,2026-06-14 02:55:40,0.6115384615384616,0
3308,0340,2,2026-06-14 02:55:40,0.8038461538461539,0
3309,0351,2,2026-06-14 02:55:40,1.0000000000000000,0
3310,0355,2,2026-06-14 02:55:40,0.3402834008097166,0
3311,0385,2,2026-06-14 02:55:40,0.6645748987854251,0
3312,0057,2,2026-06-14 02:55:50,0.6115384615384616,0
3313,0091,2,2026-06-14 02:55:50,0.2900809716599190,1
3314,0111,2,2026-06-14 02:55:50,0.2900809716599190,0
3315,0305,2,2026-06-14 02:55:50,0.4665991902834008,0
3316,0340,2,2026-06-14 02:55:50,0.8038461538461539,0
3317,0351,2,2026-06-14 02:55:50,1.0000000000000000,0
3318,0355,2,2026-06-14 02:55:50,0.3402834008097166,0
3319,0385,2,2026-06-14 02:55:50,0.6645748987854251,0
3320,0091,2,2026-06-14 02:56:00,0.2900809716599190,1
3321,0111,2,2026-06-14 02:56:00,0.2900809716599190,0
3322,0305,2,2026-06-14 02:56:00,0.4665991902834008,0
3323,0355,2,2026-06-14 02:56:00,0.3402834008097166,0
3324,0019,2,2026-06-14 02:56:10,0.1987854251012146,0
3325,0091,2,2026-06-14 02:56:10,0.2900809716599190,0
3326,0111,2,2026-06-14 02:56:10,0.2900809716599190,0
3327,0305,2,2026-06-14 02:56:10,0.4665991902834008,0
3328,0355,2,2026-06-14 02:56:10,0.3402834008097166,0
3329,0019,2,2026-06-14 02:56:20,0.1987854251012146,0
3330,0091,2,2026-06-14 02:56:20,0.2900809716599190,0
3331,0111,2,2026-06-14 02:56:20,0.2900809716599190,0
3332,0253,2,2026-06-14 02:56:20,0.1340080971659919,0
3333,0302,2,2026-06-14 02:56:20,0.0629554655870445,0
3334,0305,2,2026-06-14 02:56:20,0.4665991902834008,0
3335,0355,2,2026-06-14 02:56:20,0.3402834008097166,1
3336,0019,2,2026-06-14 02:56:30,0.1987854251012146,0
3337,0111,2,2026-06-14 02:56:30,0.2900809716599190,0
3338,0253,2,2026-06-14 02:56:30,0.1340080971659919,0
3339,0302,2,2026-06-14 02:56:30,0.0629554655870445,0
3340,0305,2,2026-06-14 02:56:30,0.4665991902834008,0
3341,0355,2,2026-06-14 02:56:30,0.3402834008097166,1
3342,0394,2,2026-06-14 02:56:30,0.1987854251012146,0
3343,0019,2,2026-06-14 02:56:40,0.1987854251012146,0
3344,0111,2,2026-06-14 02:56:40,0.2900809716599190,0
3345,0253,2,2026-06-14 02:56:40,0.1340080971659919,0
3346,0302,2,2026-06-14 02:56:40,0.0629554655870445,0
3347,0305,2,2026-06-14 02:56:40,0.4665991902834008,0
3348,0355,2,2026-06-14 02:56:40,0.3402834008097166,0
3349,0394,2,2026-06-14 02:56:40,0.1987854251012146,0
3350,0019,2,2026-06-14 02:56:50,0.1987854251012146,0
3351,0111,2,2026-06-14 02:56:50,0.2900809716599190,0
3352,0253,2,2026-06-14 02:56:50,0.1340080971659919,0
3353,0302,2,2026-06-14 02:56:50,0.0629554655870445,0
3354,0305,2,2026-06-14 02:56:50,0.4665991902834008,1
3355,0384,2,2026-06-14 02:56:50,0.6115384615384616,0
3356,0394,2,2026-06-14 02:56:50,0.1987854251012146,0
3357,0019,2,2026-06-14 02:57:00,0.1987854251012146,1
3358,0111,2,2026-06-14 02:57:00,0.2900809716599190,0
3359,0253,2,2026-06-14 02:57:00,0.1340080971659919,0
3360,0302,2,2026-06-14 02:57:00,0.0629554655870445,0
3361,0384,2,2026-06-14 02:57:00,0.6115384615384616,0
3362,0394,2,2026-06-14 02:57:00,0.1987854251012146,0
3363,0019,2,2026-06-14 02:57:10,0.1987854251012146,1
3364,0111,2,2026-06-14 02:57:10,0.2900809716599190,0
3365,0253,2,2026-06-14 02:57:10,0.1340080971659919,0
3366,0302,2,2026-06-14 02:57:10,0.0629554655870445,0
3367,0384,2,2026-06-14 02:57:10,0.6115384615384616,0
3368,0394,2,2026-06-14 02:57:10,0.1987854251012146,0
3369,0019,2,2026-06-14 02:57:20,0.1987854251012146,0
3370,0086,2,2026-06-14 02:57:20,0.1340080971659919,0
3371,0253,2,2026-06-14 02:57:20,0.1340080971659919,0
3372,0302,2,2026-06-14 02:57:20,0.0629554655870445,0
3373,0384,2,2026-06-14 02:57:20,0.6115384615384616,0
3374,0394,2,2026-06-14 02:57:20,0.1987854251012146,0
3375,0463,2,2026-06-14 02:57:20,0.2900809716599190,0
3376,0019,2,2026-06-14 02:57:30,0.1987854251012146,0
3377,0086,2,2026-06-14 02:57:30,0.1340080971659919,0
3378,0253,2,2026-06-14 02:57:30,0.1340080971659919,0
3379,0302,2,2026-06-14 02:57:30,0.0629554655870445,0
3380,0384,2,2026-06-14 02:57:30,0.6115384615384616,1
3381,0394,2,2026-06-14 02:57:30,0.1987854251012146,0
3382,0463,2,2026-06-14 02:57:30,0.2900809716599190,0
3383,0086,2,2026-06-14 02:57:40,0.1340080971659919,0
3384,0253,2,2026-06-14 02:57:40,0.1340080971659919,0
3385,0259,2,2026-06-14 02:57:40,0.2900809716599190,1
3386,0302,2,2026-06-14 02:57:40,0.0629554655870445,0
3387,0384,2,2026-06-14 02:57:40,0.6115384615384616,0
3388,0394,2,2026-06-14 02:57:40,0.1987854251012146,0
3389,0463,2,2026-06-14 02:57:40,0.2900809716599190,0
3390,0086,2,2026-06-14 02:57:50,0.1340080971659919,0
3391,0253,2,2026-06-14 02:57:50,0.1340080971659919,0
3392,0259,2,2026-06-14 02:57:50,0.2900809716599190,0
3393,0302,2,2026-06-14 02:57:50,0.0629554655870445,0
3394,0384,2,2026-06-14 02:57:50,0.6115384615384616,0
3395,0394,2,2026-06-14 02:57:50,0.1987854251012146,0
3396,0086,2,2026-06-14 02:58:00,0.1340080971659919,0
3397,0117,2,2026-06-14 02:58:00,0.7000000000000000,0
3398,0259,2,2026-06-14 02:58:00,0.2900809716599190,0
3399,0280,2,2026-06-14 02:58:00,0.6115384615384616,1
3400,0302,2,2026-06-14 02:58:00,0.0629554655870445,0
3401,0384,2,2026-06-14 02:58:00,0.6115384615384616,0
3402,0394,2,2026-06-14 02:58:00,0.1987854251012146,0
3403,0034,2,2026-06-14 02:58:10,0.8038461538461539,0
3404,0086,2,2026-06-14 02:58:10,0.1340080971659919,0
3405,0117,2,2026-06-14 02:58:10,0.7000000000000000,0
3406,0259,2,2026-06-14 02:58:10,0.2900809716599190,0
3407,0280,2,2026-06-14 02:58:10,0.6115384615384616,0
3408,0384,2,2026-06-14 02:58:10,0.6115384615384616,0
3409,0394,2,2026-06-14 02:58:10,0.1987854251012146,0
3410,0034,2,2026-06-14 02:58:20,0.8038461538461539,0
3411,0086,2,2026-06-14 02:58:20,0.1340080971659919,0
3412,0117,2,2026-06-14 02:58:20,0.7000000000000000,1
3413,0259,2,2026-06-14 02:58:20,0.2900809716599190,0
3414,0280,2,2026-06-14 02:58:20,0.6115384615384616,0
3415,0384,2,2026-06-14 02:58:20,0.6115384615384616,0
3416,0394,2,2026-06-14 02:58:20,0.1987854251012146,0
3417,0034,2,2026-06-14 02:58:30,0.8038461538461539,0
3418,0086,2,2026-06-14 02:58:30,0.1340080971659919,0
3419,0117,2,2026-06-14 02:58:30,0.7000000000000000,0
3420,0259,2,2026-06-14 02:58:30,0.2900809716599190,0
3421,0280,2,2026-06-14 02:58:30,0.6115384615384616,0
3422,0384,2,2026-06-14 02:58:30,0.6115384615384616,0
3423,004,2,2026-06-14 02:58:40,0.6645748987854251,1
3424,0034,2,2026-06-14 02:58:40,0.8038461538461539,0
3425,0086,2,2026-06-14 02:58:40,0.1340080971659919,0
3426,0117,2,2026-06-14 02:58:40,0.7000000000000000,0
3427,0259,2,2026-06-14 02:58:40,0.2900809716599190,0
3428,0280,2,2026-06-14 02:58:40,0.6115384615384616,0
3429,004,2,2026-06-14 02:58:50,0.6645748987854251,0
3430,0034,2,2026-06-14 02:58:50,0.8038461538461539,0
3431,0086,2,2026-06-14 02:58:50,0.1340080971659919,0
3432,0117,2,2026-06-14 02:58:50,0.7000000000000000,0
3433,0280,2,2026-06-14 02:58:50,0.6115384615384616,0
3434,0034,2,2026-06-14 02:59:00,0.8038461538461539,0
3435,0086,2,2026-06-14 02:59:00,0.1340080971659919,0
3436,0117,2,2026-06-14 02:59:00,0.7000000000000000,0
3437,0198,2,2026-06-14 02:59:00,0.6115384615384616,0
3438,0280,2,2026-06-14 02:59:00,0.6115384615384616,0
3439,0389,2,2026-06-14 02:59:00,0.4665991902834008,0
3440,0034,2,2026-06-14 02:59:10,0.8038461538461539,0
3441,0117,2,2026-06-14 02:59:10,0.7000000000000000,0
3442,0138,2,2026-06-14 02:59:10,0.4665991902834008,0
3443,0198,2,2026-06-14 02:59:10,0.6115384615384616,0
3444,0280,2,2026-06-14 02:59:10,0.6115384615384616,0
3445,0389,2,2026-06-14 02:59:10,0.4665991902834008,1
3446,0012,2,2026-06-14 02:59:20,0.8038461538461539,0
3447,0034,2,2026-06-14 02:59:20,0.8038461538461539,0
3448,0117,2,2026-06-14 02:59:20,0.7000000000000000,0
3449,0138,2,2026-06-14 02:59:20,0.4665991902834008,0
3450,0198,2,2026-06-14 02:59:20,0.6115384615384616,0
3451,0280,2,2026-06-14 02:59:20,0.6115384615384616,0
3452,0389,2,2026-06-14 02:59:20,0.4665991902834008,1
3453,0012,2,2026-06-14 02:59:30,0.8038461538461539,0
3454,0034,2,2026-06-14 02:59:30,0.8038461538461539,0
3455,0117,2,2026-06-14 02:59:30,0.7000000000000000,0
3456,0138,2,2026-06-14 02:59:30,0.4665991902834008,0
3457,0198,2,2026-06-14 02:59:30,0.6115384615384616,0
3458,0280,2,2026-06-14 02:59:30,0.6115384615384616,0
3459,0389,2,2026-06-14 02:59:30,0.4665991902834008,0
3460,0458,2,2026-06-14 02:59:30,0.9289473684210526,0
3461,0012,2,2026-06-14 02:59:40,0.8038461538461539,0
3462,0034,2,2026-06-14 02:59:40,0.8038461538461539,1
3463,0138,2,2026-06-14 02:59:40,0.4665991902834008,0
3464,0198,2,2026-06-14 02:59:40,0.6115384615384616,0
3465,0280,2,2026-06-14 02:59:40,0.6115384615384616,0
3466,0389,2,2026-06-14 02:59:40,0.4665991902834008,0
3467,0458,2,2026-06-14 02:59:40,0.9289473684210526,0
3468,0012,2,2026-06-14 02:59:50,0.8038461538461539,0
3469,0034,2,2026-06-14 02:59:50,0.8038461538461539,0
3470,0138,2,2026-06-14 02:59:50,0.4665991902834008,0
3471,0198,2,2026-06-14 02:59:50,0.6115384615384616,0
3472,0389,2,2026-06-14 02:59:50,0.4665991902834008,0
3473,0458,2,2026-06-14 02:59:50,0.9289473684210526,0
3474,0012,2,2026-06-14 03:00:00,0.8038461538461539,0
3475,0034,2,2026-06-14 03:00:00,0.8038461538461539,0
3476,0138,2,2026-06-14 03:00:00,0.4665991902834008,0
3477,0198,2,2026-06-14 03:00:00,0.6115384615384616,1
3478,0458,2,2026-06-14 03:00:00,0.9289473684210526,0
3479,0012,2,2026-06-14 03:00:10,0.8038461538461539,1
3480,0138,2,2026-06-14 03:00:10,0.4665991902834008,0
3481,0198,2,2026-06-14 03:00:10,0.6115384615384616,0
3482,0458,2,2026-06-14 03:00:10,0.9289473684210526,0
3483,0012,2,2026-06-14 03:00:20,0.8038461538461539,0
3484,0138,2,2026-06-14 03:00:20,0.4665991902834008,1
3485,0198,2,2026-06-14 03:00:20,0.6115384615384616,0
3486,0458,2,2026-06-14 03:00:20,0.9289473684210526,0
3487,0138,2,2026-06-14 03:00:30,0.4665991902834008,0
3488,0198,2,2026-06-14 03:00:30,0.6115384615384616,1
3489,0458,2,2026-06-14 03:00:30,0.9289473684210526,0
3490,0138,2,2026-06-14 03:00:40,0.4665991902834008,0
3491,0198,2,2026-06-14 03:00:40,0.6115384615384616,0
3492,0458,2,2026-06-14 03:00:40,0.9289473684210526,1
3493,0035,2,2026-06-14 03:04:30,0.5303643724696356,0
3494,0035,2,2026-06-14 03:04:40,0.5303643724696356,0
3495,0035,2,2026-06-14 03:04:50,0.5303643724696356,1
3496,0035,2,2026-06-14 03:05:00,0.5303643724696356,0
3497,0035,2,2026-06-14 03:05:10,0.5303643724696356,0
3498,0035,2,2026-06-14 03:05:20,0.5303643724696356,0
3499,0035,2,2026-06-14 03:05:30,0.5303643724696356,0
3500,0035,2,2026-06-14 03:05:40,0.5303643724696356,0
3501,0364,2,2026-06-14 03:05:40,0.6115384615384616,0
3502,0035,2,2026-06-14 03:05:50,0.5303643724696356,0
3503,0364,2,2026-06-14 03:05:50,0.6115384615384616,0
3504,0035,2,2026-06-14 03:06:00,0.5303643724696356,0
3505,0364,2,2026-06-14 03:06:00,0.6115384615384616,0
3506,0035,2,2026-06-14 03:06:10,0.5303643724696356,0
3507,0185,2,2026-06-14 03:06:10,0.3402834008097166,0
3508,0364,2,2026-06-14 03:06:10,0.6115384615384616,1
3509,0185,2,2026-06-14 03:06:20,0.3402834008097166,0
3510,0364,2,2026-06-14 03:06:20,0.6115384615384616,0
3511,0185,2,2026-06-14 03:06:30,0.3402834008097166,0
3512,0364,2,2026-06-14 03:06:30,0.6115384615384616,0
3513,0185,2,2026-06-14 03:06:40,0.3402834008097166,0
3514,0364,2,2026-06-14 03:06:40,0.6115384615384616,0
3515,0185,2,2026-06-14 03:06:50,0.3402834008097166,0
3516,0364,2,2026-06-14 03:06:50,0.6115384615384616,0
3517,0185,2,2026-06-14 03:07:00,0.3402834008097166,1
3518,0364,2,2026-06-14 03:07:00,0.6115384615384616,0
3519,0185,2,2026-06-14 03:07:10,0.3402834008097166,1
3520,0165,2,2026-06-14 03:07:40,0.4665991902834008,1
3521,0165,2,2026-06-14 03:07:50,0.4665991902834008,1
3522,0329,2,2026-06-14 03:07:50,0.4665991902834008,0
3523,0438,2,2026-06-14 03:07:50,1.0000000000000000,0
3524,0165,2,2026-06-14 03:08:00,0.4665991902834008,0
3525,0329,2,2026-06-14 03:08:00,0.4665991902834008,0
3526,0438,2,2026-06-14 03:08:00,1.0000000000000000,0
3527,0165,2,2026-06-14 03:08:10,0.4665991902834008,0
3528,0329,2,2026-06-14 03:08:10,0.4665991902834008,0
3529,0438,2,2026-06-14 03:08:10,1.0000000000000000,0
3530,0165,2,2026-06-14 03:08:20,0.4665991902834008,0
3531,0329,2,2026-06-14 03:08:20,0.4665991902834008,0
3532,0438,2,2026-06-14 03:08:20,1.0000000000000000,0
3533,0165,2,2026-06-14 03:08:30,0.4665991902834008,0
3534,0329,2,2026-06-14 03:08:30,0.4665991902834008,0
3535,0438,2,2026-06-14 03:08:30,1.0000000000000000,1
3536,0165,2,2026-06-14 03:08:40,0.4665991902834008,0
3537,0329,2,2026-06-14 03:08:40,0.4665991902834008,0
3538,0438,2,2026-06-14 03:08:40,1.0000000000000000,0
3539,0165,2,2026-06-14 03:08:50,0.4665991902834008,0
3540,0329,2,2026-06-14 03:08:50,0.4665991902834008,1
3541,0438,2,2026-06-14 03:08:50,1.0000000000000000,0
3542,0160,2,2026-06-14 04:36:30,0.1987854251012146,0
3543,0160,2,2026-06-14 04:36:40,0.1987854251012146,0
3544,0160,2,2026-06-14 04:36:50,0.1987854251012146,0
3545,0160,2,2026-06-14 04:37:00,0.1987854251012146,1
3546,0160,2,2026-06-14 04:37:10,0.1987854251012146,0
3547,0160,2,2026-06-14 04:37:20,0.1987854251012146,0
3548,0063,2,2026-06-14 04:37:30,0.5303643724696356,0
3549,0160,2,2026-06-14 04:37:30,0.1987854251012146,1
3550,0455,2,2026-06-14 04:37:30,0.5303643724696356,0
3551,0063,2,2026-06-14 04:37:40,0.5303643724696356,0
3552,0160,2,2026-06-14 04:37:40,0.1987854251012146,0
3553,0455,2,2026-06-14 04:37:40,0.5303643724696356,0
3554,0063,2,2026-06-14 04:37:50,0.5303643724696356,0
3555,0160,2,2026-06-14 04:37:50,0.1987854251012146,0
3556,0455,2,2026-06-14 04:37:50,0.5303643724696356,1
3557,0026,2,2026-06-14 04:38:00,1.0000000000000000,0
3558,0063,2,2026-06-14 04:38:00,0.5303643724696356,0
3559,0160,2,2026-06-14 04:38:00,0.1987854251012146,0
3560,0455,2,2026-06-14 04:38:00,0.5303643724696356,1
3561,0026,2,2026-06-14 04:38:10,1.0000000000000000,0
3562,0063,2,2026-06-14 04:38:10,0.5303643724696356,1
3563,0160,2,2026-06-14 04:38:10,0.1987854251012146,0
3564,0405,2,2026-06-14 04:38:10,0.0629554655870445,0
3565,0455,2,2026-06-14 04:38:10,0.5303643724696356,0
3566,0026,2,2026-06-14 04:38:20,1.0000000000000000,0
3567,0063,2,2026-06-14 04:38:20,0.5303643724696356,0
3568,0405,2,2026-06-14 04:38:20,0.0629554655870445,0
3569,0455,2,2026-06-14 04:38:20,0.5303643724696356,0
3570,0026,2,2026-06-14 04:38:30,1.0000000000000000,0
3571,0063,2,2026-06-14 04:38:30,0.5303643724696356,0
3572,0405,2,2026-06-14 04:38:30,0.0629554655870445,0
3573,0455,2,2026-06-14 04:38:30,0.5303643724696356,0
3574,0026,2,2026-06-14 04:38:40,1.0000000000000000,0
3575,0063,2,2026-06-14 04:38:40,0.5303643724696356,0
3576,0067,2,2026-06-14 04:38:40,0.5303643724696356,0
3577,0213,2,2026-06-14 04:38:40,0.9289473684210526,0
3578,0405,2,2026-06-14 04:38:40,0.0629554655870445,1
3579,0455,2,2026-06-14 04:38:40,0.5303643724696356,0
3580,0026,2,2026-06-14 04:38:50,1.0000000000000000,0
3581,0063,2,2026-06-14 04:38:50,0.5303643724696356,0
3582,0067,2,2026-06-14 04:38:50,0.5303643724696356,0
3583,0190,2,2026-06-14 04:38:50,0.8038461538461539,0
3584,0213,2,2026-06-14 04:38:50,0.9289473684210526,0
3585,0405,2,2026-06-14 04:38:50,0.0629554655870445,0
3586,0455,2,2026-06-14 04:38:50,0.5303643724696356,0
3587,0026,2,2026-06-14 04:39:00,1.0000000000000000,0
3588,0063,2,2026-06-14 04:39:00,0.5303643724696356,0
3589,0067,2,2026-06-14 04:39:00,0.5303643724696356,1
3590,0213,2,2026-06-14 04:39:00,0.9289473684210526,0
3591,0405,2,2026-06-14 04:39:00,0.0629554655870445,0
3592,0455,2,2026-06-14 04:39:00,0.5303643724696356,0
3593,0026,2,2026-06-14 04:39:10,1.0000000000000000,0
3594,0067,2,2026-06-14 04:39:10,0.5303643724696356,0
3595,0213,2,2026-06-14 04:39:10,0.9289473684210526,0
3596,0405,2,2026-06-14 04:39:10,0.0629554655870445,0
3597,0026,2,2026-06-14 04:39:20,1.0000000000000000,0
3598,0067,2,2026-06-14 04:39:20,0.5303643724696356,0
3599,0213,2,2026-06-14 04:39:20,0.9289473684210526,1
3600,0405,2,2026-06-14 04:39:20,0.0629554655870445,0
3601,0026,2,2026-06-14 04:39:30,1.0000000000000000,0
3602,0067,2,2026-06-14 04:39:30,0.5303643724696356,0
3603,0405,2,2026-06-14 04:39:30,0.0629554655870445,0
3604,0026,2,2026-06-14 04:39:40,1.0000000000000000,0
3605,0067,2,2026-06-14 04:39:40,0.5303643724696356,0
3606,0405,2,2026-06-14 04:39:40,0.0629554655870445,0
3607,0026,2,2026-06-14 04:39:50,1.0000000000000000,1
3608,0067,2,2026-06-14 04:39:50,0.5303643724696356,0
3609,0067,2,2026-06-14 04:40:00,0.5303643724696356,0
3610,0067,2,2026-06-14 04:40:10,0.5303643724696356,0
3611,0079,2,2026-06-14 06:07:10,0.4665991902834008,0
3612,0079,2,2026-06-14 06:07:20,0.4665991902834008,0
3613,0079,2,2026-06-14 06:07:30,0.4665991902834008,0
3614,0079,2,2026-06-14 06:07:40,0.4665991902834008,0
3615,0079,2,2026-06-14 06:07:50,0.4665991902834008,0
3616,0407,2,2026-06-14 06:07:50,0.0629554655870445,0
3617,0079,2,2026-06-14 06:08:00,0.4665991902834008,0
3618,0407,2,2026-06-14 06:08:00,0.0629554655870445,1
3619,0079,2,2026-06-14 06:08:10,0.4665991902834008,0
3620,0407,2,2026-06-14 06:08:10,0.0629554655870445,0
3621,0407,2,2026-06-14 06:08:20,0.0629554655870445,0
3622,0407,2,2026-06-14 06:08:30,0.0629554655870445,0
3623,0407,2,2026-06-14 06:08:40,0.0629554655870445,0
3624,0407,2,2026-06-14 06:08:50,0.0629554655870445,0
3625,0407,2,2026-06-14 06:09:00,0.0629554655870445,1
3626,0407,2,2026-06-14 06:09:10,0.0629554655870445,0
3627,0220,2,2026-06-14 06:11:50,0.8038461538461539,1
3628,0220,2,2026-06-14 06:12:00,0.8038461538461539,0
3629,0220,2,2026-06-14 06:12:10,0.8038461538461539,0
3630,0220,2,2026-06-14 06:12:20,0.8038461538461539,0
3631,0220,2,2026-06-14 06:12:30,0.8038461538461539,0
3632,0179,2,2026-06-14 06:12:40,0.4665991902834008,0
3633,0220,2,2026-06-14 06:12:40,0.8038461538461539,0
3634,0179,2,2026-06-14 06:12:50,0.4665991902834008,0
3635,0220,2,2026-06-14 06:12:50,0.8038461538461539,0
3636,0363,2,2026-06-14 06:12:50,0.1340080971659919,1
3637,0179,2,2026-06-14 06:13:00,0.4665991902834008,0
3638,0220,2,2026-06-14 06:13:00,0.8038461538461539,0
3639,0363,2,2026-06-14 06:13:00,0.1340080971659919,0
3640,0179,2,2026-06-14 06:13:10,0.4665991902834008,0
3641,0220,2,2026-06-14 06:13:10,0.8038461538461539,0
3642,0363,2,2026-06-14 06:13:10,0.1340080971659919,0
3643,0179,2,2026-06-14 06:13:20,0.4665991902834008,1
3644,0220,2,2026-06-14 06:13:20,0.8038461538461539,0
3645,0363,2,2026-06-14 06:13:20,0.1340080971659919,0
3646,0179,2,2026-06-14 06:13:30,0.4665991902834008,0
3647,0220,2,2026-06-14 06:13:30,0.8038461538461539,0
3648,0363,2,2026-06-14 06:13:30,0.1340080971659919,0
3649,0179,2,2026-06-14 06:13:40,0.4665991902834008,0
3650,0363,2,2026-06-14 06:13:40,0.1340080971659919,0
3651,0179,2,2026-06-14 06:13:50,0.4665991902834008,0
3652,0363,2,2026-06-14 06:13:50,0.1340080971659919,0
3653,0179,2,2026-06-14 06:14:00,0.4665991902834008,0
3654,0363,2,2026-06-14 06:14:00,0.1340080971659919,0
3655,0363,2,2026-06-14 06:14:10,0.1340080971659919,0
3656,0363,2,2026-06-14 06:14:20,0.1340080971659919,0
3657,0363,2,2026-06-14 06:14:30,0.1340080971659919,0
3658,0052,2,2026-06-14 06:14:50,0.6645748987854251,0
3659,0052,2,2026-06-14 06:15:00,0.6645748987854251,0
3660,0052,2,2026-06-14 06:15:10,0.6645748987854251,0
3661,0052,2,2026-06-14 06:15:20,0.6645748987854251,1
3662,0052,2,2026-06-14 06:15:30,0.6645748987854251,0
3663,0052,2,2026-06-14 06:15:40,0.6645748987854251,0
3664,0052,2,2026-06-14 06:15:50,0.6645748987854251,0
3665,0052,2,2026-06-14 06:16:00,0.6645748987854251,0
3666,0375,2,2026-06-14 06:16:00,1.0000000000000000,0
3667,0052,2,2026-06-14 06:16:10,0.6645748987854251,0
3668,0375,2,2026-06-14 06:16:10,1.0000000000000000,0
3669,0052,2,2026-06-14 06:16:20,0.6645748987854251,0
3670,0375,2,2026-06-14 06:16:20,1.0000000000000000,0
3671,0052,2,2026-06-14 06:16:30,0.6645748987854251,0
3672,0375,2,2026-06-14 06:16:30,1.0000000000000000,0
3673,0375,2,2026-06-14 06:16:40,1.0000000000000000,0
3674,0375,2,2026-06-14 06:16:50,1.0000000000000000,0
3675,0375,2,2026-06-14 06:17:00,1.0000000000000000,0
3676,0375,2,2026-06-14 06:17:10,1.0000000000000000,1
3677,0375,2,2026-06-14 06:17:20,1.0000000000000000,1
3678,0375,2,2026-06-14 06:17:30,1.0000000000000000,0
3679,0375,2,2026-06-14 06:17:40,1.0000000000000000,0
3680,0375,2,2026-06-14 06:17:50,1.0000000000000000,0
3681,0440,2,2026-06-14 07:46:00,0.3402834008097166,0
3682,0466,2,2026-06-14 07:46:00,0.6645748987854251,0
3683,0440,2,2026-06-14 07:46:10,0.3402834008097166,0
3684,0466,2,2026-06-14 07:46:10,0.6645748987854251,0
3685,0059,2,2026-06-14 07:46:20,0.8038461538461539,0
3686,0440,2,2026-06-14 07:46:20,0.3402834008097166,0
3687,0466,2,2026-06-14 07:46:20,0.6645748987854251,0
3688,0059,2,2026-06-14 07:46:30,0.8038461538461539,0
3689,0440,2,2026-06-14 07:46:30,0.3402834008097166,0
3690,0466,2,2026-06-14 07:46:30,0.6645748987854251,0
3691,0044,2,2026-06-14 07:46:40,0.6115384615384616,0
3692,0059,2,2026-06-14 07:46:40,0.8038461538461539,0
3693,0343,2,2026-06-14 07:46:40,0.1340080971659919,0
3694,0440,2,2026-06-14 07:46:40,0.3402834008097166,1
3695,0466,2,2026-06-14 07:46:40,0.6645748987854251,0
3696,0044,2,2026-06-14 07:46:50,0.6115384615384616,0
3697,0059,2,2026-06-14 07:46:50,0.8038461538461539,0
3698,0343,2,2026-06-14 07:46:50,0.1340080971659919,0
3699,0440,2,2026-06-14 07:46:50,0.3402834008097166,0
3700,0044,2,2026-06-14 07:47:00,0.6115384615384616,0
3701,0059,2,2026-06-14 07:47:00,0.8038461538461539,0
3702,0343,2,2026-06-14 07:47:00,0.1340080971659919,1
3703,0440,2,2026-06-14 07:47:00,0.3402834008097166,0
3704,0044,2,2026-06-14 07:47:10,0.6115384615384616,0
3705,0059,2,2026-06-14 07:47:10,0.8038461538461539,0
3706,0343,2,2026-06-14 07:47:10,0.1340080971659919,1
3707,0440,2,2026-06-14 07:47:10,0.3402834008097166,0
3708,0044,2,2026-06-14 07:47:20,0.6115384615384616,0
3709,0059,2,2026-06-14 07:47:20,0.8038461538461539,0
3710,0135,2,2026-06-14 07:47:20,0.7000000000000000,0
3711,0343,2,2026-06-14 07:47:20,0.1340080971659919,0
3712,0440,2,2026-06-14 07:47:20,0.3402834008097166,0
3713,0044,2,2026-06-14 07:47:30,0.6115384615384616,0
3714,0059,2,2026-06-14 07:47:30,0.8038461538461539,0
3715,0135,2,2026-06-14 07:47:30,0.7000000000000000,0
3716,0343,2,2026-06-14 07:47:30,0.1340080971659919,0
3717,0440,2,2026-06-14 07:47:30,0.3402834008097166,0
3718,0044,2,2026-06-14 07:47:40,0.6115384615384616,0
3719,0059,2,2026-06-14 07:47:40,0.8038461538461539,0
3720,0135,2,2026-06-14 07:47:40,0.7000000000000000,0
3721,0343,2,2026-06-14 07:47:40,0.1340080971659919,0
3722,0408,2,2026-06-14 07:47:40,0.6645748987854251,1
3723,0440,2,2026-06-14 07:47:40,0.3402834008097166,0
3724,0059,2,2026-06-14 07:47:50,0.8038461538461539,0
3725,0135,2,2026-06-14 07:47:50,0.7000000000000000,0
3726,0343,2,2026-06-14 07:47:50,0.1340080971659919,0
3727,0408,2,2026-06-14 07:47:50,0.6645748987854251,0
3728,0440,2,2026-06-14 07:47:50,0.3402834008097166,0
3729,0059,2,2026-06-14 07:48:00,0.8038461538461539,0
3730,0135,2,2026-06-14 07:48:00,0.7000000000000000,0
3731,0343,2,2026-06-14 07:48:00,0.1340080971659919,0
3732,0408,2,2026-06-14 07:48:00,0.6645748987854251,0
3733,0135,2,2026-06-14 07:48:10,0.7000000000000000,0
3734,0408,2,2026-06-14 07:48:10,0.6645748987854251,0
3735,0135,2,2026-06-14 07:48:20,0.7000000000000000,0
3736,0408,2,2026-06-14 07:48:20,0.6645748987854251,0
3737,0135,2,2026-06-14 07:48:30,0.7000000000000000,1
3738,0408,2,2026-06-14 07:48:30,0.6645748987854251,0
3739,0135,2,2026-06-14 07:48:40,0.7000000000000000,0
3740,0408,2,2026-06-14 07:48:40,0.6645748987854251,0
3741,0135,2,2026-06-14 07:48:50,0.7000000000000000,0
3742,0408,2,2026-06-14 07:48:50,0.6645748987854251,0
3743,0408,2,2026-06-14 07:49:00,0.6645748987854251,0
3744,0047,2,2026-06-14 07:49:30,0.3402834008097166,0
3745,0047,2,2026-06-14 07:49:40,0.3402834008097166,0
3746,0047,2,2026-06-14 07:49:50,0.3402834008097166,1
3747,0047,2,2026-06-14 07:50:00,0.3402834008097166,1
3748,0047,2,2026-06-14 07:50:10,0.3402834008097166,0
3749,0047,2,2026-06-14 07:50:20,0.3402834008097166,0
3750,0087,2,2026-06-14 07:51:50,0.6645748987854251,0
3751,0087,2,2026-06-14 07:52:00,0.6645748987854251,0
3752,0095,2,2026-06-14 07:52:00,0.3402834008097166,0
3753,0087,2,2026-06-14 07:52:10,0.6645748987854251,1
3754,0095,2,2026-06-14 07:52:10,0.3402834008097166,0
3755,0087,2,2026-06-14 07:52:20,0.6645748987854251,0
3756,0095,2,2026-06-14 07:52:20,0.3402834008097166,0
3757,0087,2,2026-06-14 07:52:30,0.6645748987854251,0
3758,0095,2,2026-06-14 07:52:30,0.3402834008097166,0
3759,0087,2,2026-06-14 07:52:40,0.6645748987854251,1
3760,0095,2,2026-06-14 07:52:40,0.3402834008097166,0
3761,0087,2,2026-06-14 07:52:50,0.6645748987854251,0
3762,0095,2,2026-06-14 07:52:50,0.3402834008097166,0
3763,0087,2,2026-06-14 07:53:00,0.6645748987854251,0
3764,0095,2,2026-06-14 07:53:00,0.3402834008097166,0
3765,0095,2,2026-06-14 07:53:10,0.3402834008097166,1
3766,0095,2,2026-06-14 07:53:20,0.3402834008097166,0
3767,0095,2,2026-06-14 07:53:30,0.3402834008097166,0
3768,0095,2,2026-06-14 07:53:40,0.3402834008097166,0
3769,0095,2,2026-06-14 07:53:50,0.3402834008097166,0
3770,0467,2,2026-06-14 07:55:20,0.6115384615384616,0
3771,0467,2,2026-06-14 07:55:30,0.6115384615384616,0
3772,0467,2,2026-06-14 07:55:40,0.6115384615384616,1
3773,0467,2,2026-06-14 07:55:50,0.6115384615384616,0
3774,0467,2,2026-06-14 07:56:00,0.6115384615384616,0
3775,0467,2,2026-06-14 07:56:10,0.6115384615384616,0
3776,0467,2,2026-06-14 07:56:20,0.6115384615384616,1
3777,0467,2,2026-06-14 07:56:30,0.6115384615384616,0
3778,0467,2,2026-06-14 07:56:40,0.6115384615384616,0
3779,0467,2,2026-06-14 07:56:50,0.6115384615384616,0
3780,002,2,2026-06-14 07:57:50,0.1987854251012146,0
3781,0014,2,2026-06-14 07:57:50,0.7000000000000000,0
3782,0015,2,2026-06-14 07:57:50,0.6115384615384616,0
3783,0022,2,2026-06-14 07:57:50,0.9289473684210526,0
3784,0024,2,2026-06-14 07:57:50,0.2900809716599190,0
3785,0032,2,2026-06-14 07:57:50,0.3402834008097166,0
3786,0041,2,2026-06-14 07:57:50,0.6115384615384616,0
3787,0053,2,2026-06-14 07:57:50,0.9289473684210526,0
3788,0071,2,2026-06-14 07:57:50,0.8038461538461539,0
3789,0089,2,2026-06-14 07:57:50,0.1987854251012146,0
3790,0099,2,2026-06-14 07:57:50,1.0000000000000000,0
3791,0121,2,2026-06-14 07:57:50,0.8038461538461539,0
3792,0141,2,2026-06-14 07:57:50,1.0000000000000000,1
3793,0150,2,2026-06-14 07:57:50,0.1987854251012146,0
3794,0163,2,2026-06-14 07:57:50,0.9289473684210526,0
3795,0176,2,2026-06-14 07:57:50,0.8038461538461539,0
3796,0181,2,2026-06-14 07:57:50,0.7000000000000000,0
3797,0208,2,2026-06-14 07:57:50,0.6115384615384616,0
3798,0244,2,2026-06-14 07:57:50,0.0629554655870445,0
3799,0246,2,2026-06-14 07:57:50,0.1340080971659919,0
3800,0252,2,2026-06-14 07:57:50,0.1987854251012146,0
3801,0290,2,2026-06-14 07:57:50,0.9289473684210526,0
3802,0294,2,2026-06-14 07:57:50,0.8038461538461539,0
3803,0295,2,2026-06-14 07:57:50,0.7000000000000000,0
3804,0301,2,2026-06-14 07:57:50,0.2900809716599190,0
3805,0303,2,2026-06-14 07:57:50,0.3402834008097166,0
3806,0309,2,2026-06-14 07:57:50,0.6645748987854251,0
3807,0325,2,2026-06-14 07:57:50,0.1340080971659919,0
3808,0331,2,2026-06-14 07:57:50,0.7000000000000000,0
3809,0356,2,2026-06-14 07:57:50,0.6115384615384616,0
3810,0358,2,2026-06-14 07:57:50,0.1340080971659919,0
3811,0372,2,2026-06-14 07:57:50,0.0629554655870445,0
3812,0392,2,2026-06-14 07:57:50,0.2900809716599190,0
3813,0395,2,2026-06-14 07:57:50,0.1340080971659919,0
3814,0402,2,2026-06-14 07:57:50,0.4665991902834008,0
3815,0417,2,2026-06-14 07:57:50,0.6115384615384616,0
3816,0435,2,2026-06-14 07:57:50,0.9289473684210526,0
3817,0436,2,2026-06-14 07:57:50,0.4665991902834008,0
3818,0452,2,2026-06-14 07:57:50,0.9289473684210526,0
3819,0459,2,2026-06-14 07:57:50,1.0000000000000000,0
3820,0471,2,2026-06-14 07:57:50,0.6645748987854251,0
3821,0472,2,2026-06-14 07:57:50,0.0629554655870445,0
3822,0476,2,2026-06-14 07:57:50,0.9289473684210526,0
3823,0480,2,2026-06-14 07:57:50,0.1340080971659919,0
3824,0487,2,2026-06-14 07:57:50,0.9289473684210526,0
3825,002,2,2026-06-14 07:58:00,0.1987854251012146,0
3826,0014,2,2026-06-14 07:58:00,0.7000000000000000,0
3827,0015,2,2026-06-14 07:58:00,0.6115384615384616,0
3828,0020,2,2026-06-14 07:58:00,0.6115384615384616,0
3829,0022,2,2026-06-14 07:58:00,0.9289473684210526,0
3830,0024,2,2026-06-14 07:58:00,0.2900809716599190,0
3831,0032,2,2026-06-14 07:58:00,0.3402834008097166,0
3832,0041,2,2026-06-14 07:58:00,0.6115384615384616,0
3833,0053,2,2026-06-14 07:58:00,0.9289473684210526,0
3834,0070,2,2026-06-14 07:58:00,0.6115384615384616,0
3835,0071,2,2026-06-14 07:58:00,0.8038461538461539,0
3836,0083,2,2026-06-14 07:58:00,0.5303643724696356,0
3837,0085,2,2026-06-14 07:58:00,0.0629554655870445,0
3838,0089,2,2026-06-14 07:58:00,0.1987854251012146,0
3839,0099,2,2026-06-14 07:58:00,1.0000000000000000,0
3840,0113,2,2026-06-14 07:58:00,0.8038461538461539,0
3841,0121,2,2026-06-14 07:58:00,0.8038461538461539,0
3842,0126,2,2026-06-14 07:58:00,0.9289473684210526,0
3843,0140,2,2026-06-14 07:58:00,0.8038461538461539,0
3844,0141,2,2026-06-14 07:58:00,1.0000000000000000,0
3845,0150,2,2026-06-14 07:58:00,0.1987854251012146,0
3846,0163,2,2026-06-14 07:58:00,0.9289473684210526,0
3847,0176,2,2026-06-14 07:58:00,0.8038461538461539,0
3848,0181,2,2026-06-14 07:58:00,0.7000000000000000,0
3849,0183,2,2026-06-14 07:58:00,0.9289473684210526,1
3850,0187,2,2026-06-14 07:58:00,0.0629554655870445,0
3851,0205,2,2026-06-14 07:58:00,0.7000000000000000,0
3852,0208,2,2026-06-14 07:58:00,0.6115384615384616,0
3853,0226,2,2026-06-14 07:58:00,0.6645748987854251,0
3854,0232,2,2026-06-14 07:58:00,0.9289473684210526,0
3855,0235,2,2026-06-14 07:58:00,0.6645748987854251,0
3856,0243,2,2026-06-14 07:58:00,0.0629554655870445,0
3857,0244,2,2026-06-14 07:58:00,0.0629554655870445,0
3858,0246,2,2026-06-14 07:58:00,0.1340080971659919,0
3859,0252,2,2026-06-14 07:58:00,0.1987854251012146,0
3860,0255,2,2026-06-14 07:58:00,0.6645748987854251,0
3861,0290,2,2026-06-14 07:58:00,0.9289473684210526,0
3862,0294,2,2026-06-14 07:58:00,0.8038461538461539,0
3863,0295,2,2026-06-14 07:58:00,0.7000000000000000,0
3864,0296,2,2026-06-14 07:58:00,0.0629554655870445,0
3865,0301,2,2026-06-14 07:58:00,0.2900809716599190,0
3866,0303,2,2026-06-14 07:58:00,0.3402834008097166,0
3867,0307,2,2026-06-14 07:58:00,0.8038461538461539,0
3868,0309,2,2026-06-14 07:58:00,0.6645748987854251,0
3869,0325,2,2026-06-14 07:58:00,0.1340080971659919,0
3870,0331,2,2026-06-14 07:58:00,0.7000000000000000,0
3871,0356,2,2026-06-14 07:58:00,0.6115384615384616,0
3872,0358,2,2026-06-14 07:58:00,0.1340080971659919,0
3873,0371,2,2026-06-14 07:58:00,0.7000000000000000,0
3874,0372,2,2026-06-14 07:58:00,0.0629554655870445,0
3875,0383,2,2026-06-14 07:58:00,0.6645748987854251,0
3876,0386,2,2026-06-14 07:58:00,0.4665991902834008,0
3877,0392,2,2026-06-14 07:58:00,0.2900809716599190,0
3878,0395,2,2026-06-14 07:58:00,0.1340080971659919,0
3879,0402,2,2026-06-14 07:58:00,0.4665991902834008,0
3880,0417,2,2026-06-14 07:58:00,0.6115384615384616,0
3881,0430,2,2026-06-14 07:58:00,0.5303643724696356,0
3882,0431,2,2026-06-14 07:58:00,0.1340080971659919,0
3883,0435,2,2026-06-14 07:58:00,0.9289473684210526,0
3884,0436,2,2026-06-14 07:58:00,0.4665991902834008,0
3885,0452,2,2026-06-14 07:58:00,0.9289473684210526,0
3886,0459,2,2026-06-14 07:58:00,1.0000000000000000,0
3887,0469,2,2026-06-14 07:58:00,0.1340080971659919,0
3888,0471,2,2026-06-14 07:58:00,0.6645748987854251,0
3889,0472,2,2026-06-14 07:58:00,0.0629554655870445,0
3890,0476,2,2026-06-14 07:58:00,0.9289473684210526,0
3891,0480,2,2026-06-14 07:58:00,0.1340080971659919,0
3892,0487,2,2026-06-14 07:58:00,0.9289473684210526,0
3893,002,2,2026-06-14 07:58:10,0.1987854251012146,0
3894,0014,2,2026-06-14 07:58:10,0.7000000000000000,0
3895,0015,2,2026-06-14 07:58:10,0.6115384615384616,0
3896,0020,2,2026-06-14 07:58:10,0.6115384615384616,0
3897,0022,2,2026-06-14 07:58:10,0.9289473684210526,0
3898,0024,2,2026-06-14 07:58:10,0.2900809716599190,0
3899,0032,2,2026-06-14 07:58:10,0.3402834008097166,0
3900,0041,2,2026-06-14 07:58:10,0.6115384615384616,0
3901,0053,2,2026-06-14 07:58:10,0.9289473684210526,0
3902,0070,2,2026-06-14 07:58:10,0.6115384615384616,0
3903,0071,2,2026-06-14 07:58:10,0.8038461538461539,0
3904,0083,2,2026-06-14 07:58:10,0.5303643724696356,0
3905,0085,2,2026-06-14 07:58:10,0.0629554655870445,0
3906,0089,2,2026-06-14 07:58:10,0.1987854251012146,0
3907,0099,2,2026-06-14 07:58:10,1.0000000000000000,0
3908,0113,2,2026-06-14 07:58:10,0.8038461538461539,0
3909,0121,2,2026-06-14 07:58:10,0.8038461538461539,0
3910,0126,2,2026-06-14 07:58:10,0.9289473684210526,0
3911,0140,2,2026-06-14 07:58:10,0.8038461538461539,0
3912,0141,2,2026-06-14 07:58:10,1.0000000000000000,0
3913,0150,2,2026-06-14 07:58:10,0.1987854251012146,0
3914,0163,2,2026-06-14 07:58:10,0.9289473684210526,0
3915,0176,2,2026-06-14 07:58:10,0.8038461538461539,0
3916,0181,2,2026-06-14 07:58:10,0.7000000000000000,0
3917,0183,2,2026-06-14 07:58:10,0.9289473684210526,0
3918,0187,2,2026-06-14 07:58:10,0.0629554655870445,0
3919,0205,2,2026-06-14 07:58:10,0.7000000000000000,0
3920,0208,2,2026-06-14 07:58:10,0.6115384615384616,0
3921,0226,2,2026-06-14 07:58:10,0.6645748987854251,0
3922,0232,2,2026-06-14 07:58:10,0.9289473684210526,0
3923,0235,2,2026-06-14 07:58:10,0.6645748987854251,0
3924,0243,2,2026-06-14 07:58:10,0.0629554655870445,0
3925,0244,2,2026-06-14 07:58:10,0.0629554655870445,0
3926,0246,2,2026-06-14 07:58:10,0.1340080971659919,0
3927,0252,2,2026-06-14 07:58:10,0.1987854251012146,0
3928,0255,2,2026-06-14 07:58:10,0.6645748987854251,0
3929,0290,2,2026-06-14 07:58:10,0.9289473684210526,0
3930,0294,2,2026-06-14 07:58:10,0.8038461538461539,0
3931,0295,2,2026-06-14 07:58:10,0.7000000000000000,0
3932,0296,2,2026-06-14 07:58:10,0.0629554655870445,0
3933,0301,2,2026-06-14 07:58:10,0.2900809716599190,0
3934,0303,2,2026-06-14 07:58:10,0.3402834008097166,0
3935,0307,2,2026-06-14 07:58:10,0.8038461538461539,0
3936,0309,2,2026-06-14 07:58:10,0.6645748987854251,0
3937,0325,2,2026-06-14 07:58:10,0.1340080971659919,0
3938,0331,2,2026-06-14 07:58:10,0.7000000000000000,0
3939,0356,2,2026-06-14 07:58:10,0.6115384615384616,0
3940,0358,2,2026-06-14 07:58:10,0.1340080971659919,0
3941,0371,2,2026-06-14 07:58:10,0.7000000000000000,0
3942,0372,2,2026-06-14 07:58:10,0.0629554655870445,0
3943,0383,2,2026-06-14 07:58:10,0.6645748987854251,0
3944,0386,2,2026-06-14 07:58:10,0.4665991902834008,0
3945,0392,2,2026-06-14 07:58:10,0.2900809716599190,0
3946,0395,2,2026-06-14 07:58:10,0.1340080971659919,0
3947,0402,2,2026-06-14 07:58:10,0.4665991902834008,0
3948,0417,2,2026-06-14 07:58:10,0.6115384615384616,0
3949,0430,2,2026-06-14 07:58:10,0.5303643724696356,0
3950,0431,2,2026-06-14 07:58:10,0.1340080971659919,0
3951,0435,2,2026-06-14 07:58:10,0.9289473684210526,0
3952,0436,2,2026-06-14 07:58:10,0.4665991902834008,0
3953,0452,2,2026-06-14 07:58:10,0.9289473684210526,0
3954,0459,2,2026-06-14 07:58:10,1.0000000000000000,1
3955,0469,2,2026-06-14 07:58:10,0.1340080971659919,0
3956,0471,2,2026-06-14 07:58:10,0.6645748987854251,0
3957,0472,2,2026-06-14 07:58:10,0.0629554655870445,0
3958,0476,2,2026-06-14 07:58:10,0.9289473684210526,0
3959,0480,2,2026-06-14 07:58:10,0.1340080971659919,0
3960,0487,2,2026-06-14 07:58:10,0.9289473684210526,0
3961,002,2,2026-06-14 07:58:20,0.1987854251012146,0
3962,0014,2,2026-06-14 07:58:20,0.7000000000000000,0
3963,0015,2,2026-06-14 07:58:20,0.6115384615384616,0
3964,0020,2,2026-06-14 07:58:20,0.6115384615384616,0
3965,0022,2,2026-06-14 07:58:20,0.9289473684210526,0
3966,0024,2,2026-06-14 07:58:20,0.2900809716599190,0
3967,0032,2,2026-06-14 07:58:20,0.3402834008097166,0
3968,0041,2,2026-06-14 07:58:20,0.6115384615384616,0
3969,0053,2,2026-06-14 07:58:20,0.9289473684210526,0
3970,0070,2,2026-06-14 07:58:20,0.6115384615384616,0
3971,0071,2,2026-06-14 07:58:20,0.8038461538461539,0
3972,0083,2,2026-06-14 07:58:20,0.5303643724696356,0
3973,0085,2,2026-06-14 07:58:20,0.0629554655870445,0
3974,0089,2,2026-06-14 07:58:20,0.1987854251012146,0
3975,0099,2,2026-06-14 07:58:20,1.0000000000000000,0
3976,0113,2,2026-06-14 07:58:20,0.8038461538461539,0
3977,0121,2,2026-06-14 07:58:20,0.8038461538461539,0
3978,0126,2,2026-06-14 07:58:20,0.9289473684210526,0
3979,0140,2,2026-06-14 07:58:20,0.8038461538461539,0
3980,0141,2,2026-06-14 07:58:20,1.0000000000000000,1
3981,0150,2,2026-06-14 07:58:20,0.1987854251012146,0
3982,0163,2,2026-06-14 07:58:20,0.9289473684210526,0
3983,0176,2,2026-06-14 07:58:20,0.8038461538461539,0
3984,0181,2,2026-06-14 07:58:20,0.7000000000000000,0
3985,0183,2,2026-06-14 07:58:20,0.9289473684210526,0
3986,0187,2,2026-06-14 07:58:20,0.0629554655870445,0
3987,0205,2,2026-06-14 07:58:20,0.7000000000000000,0
3988,0208,2,2026-06-14 07:58:20,0.6115384615384616,0
3989,0226,2,2026-06-14 07:58:20,0.6645748987854251,0
3990,0232,2,2026-06-14 07:58:20,0.9289473684210526,0
3991,0235,2,2026-06-14 07:58:20,0.6645748987854251,0
3992,0243,2,2026-06-14 07:58:20,0.0629554655870445,0
3993,0244,2,2026-06-14 07:58:20,0.0629554655870445,0
3994,0246,2,2026-06-14 07:58:20,0.1340080971659919,0
3995,0252,2,2026-06-14 07:58:20,0.1987854251012146,0
3996,0255,2,2026-06-14 07:58:20,0.6645748987854251,0
3997,0290,2,2026-06-14 07:58:20,0.9289473684210526,0
3998,0294,2,2026-06-14 07:58:20,0.8038461538461539,0
3999,0295,2,2026-06-14 07:58:20,0.7000000000000000,0
4000,0296,2,2026-06-14 07:58:20,0.0629554655870445,0
4001,0301,2,2026-06-14 07:58:20,0.2900809716599190,0
4002,0303,2,2026-06-14 07:58:20,0.3402834008097166,0
4003,0307,2,2026-06-14 07:58:20,0.8038461538461539,0
4004,0309,2,2026-06-14 07:58:20,0.6645748987854251,0
4005,0325,2,2026-06-14 07:58:20,0.1340080971659919,0
4006,0331,2,2026-06-14 07:58:20,0.7000000000000000,0
4007,0356,2,2026-06-14 07:58:20,0.6115384615384616,0
4008,0358,2,2026-06-14 07:58:20,0.1340080971659919,0
4009,0371,2,2026-06-14 07:58:20,0.7000000000000000,0
4010,0372,2,2026-06-14 07:58:20,0.0629554655870445,0
4011,0383,2,2026-06-14 07:58:20,0.6645748987854251,0
4012,0386,2,2026-06-14 07:58:20,0.4665991902834008,0
4013,0392,2,2026-06-14 07:58:20,0.2900809716599190,0
4014,0395,2,2026-06-14 07:58:20,0.1340080971659919,0
4015,0402,2,2026-06-14 07:58:20,0.4665991902834008,0
4016,0417,2,2026-06-14 07:58:20,0.6115384615384616,0
4017,0430,2,2026-06-14 07:58:20,0.5303643724696356,0
4018,0431,2,2026-06-14 07:58:20,0.1340080971659919,0
4019,0435,2,2026-06-14 07:58:20,0.9289473684210526,0
4020,0436,2,2026-06-14 07:58:20,0.4665991902834008,0
4021,0452,2,2026-06-14 07:58:20,0.9289473684210526,0
4022,0459,2,2026-06-14 07:58:20,1.0000000000000000,0
4023,0469,2,2026-06-14 07:58:20,0.1340080971659919,0
4024,0471,2,2026-06-14 07:58:20,0.6645748987854251,0
4025,0472,2,2026-06-14 07:58:20,0.0629554655870445,0
4026,0476,2,2026-06-14 07:58:20,0.9289473684210526,0
4027,0480,2,2026-06-14 07:58:20,0.1340080971659919,0
4028,0487,2,2026-06-14 07:58:20,0.9289473684210526,0
4029,002,2,2026-06-14 07:58:30,0.1987854251012146,0
4030,0014,2,2026-06-14 07:58:30,0.7000000000000000,0
4031,0015,2,2026-06-14 07:58:30,0.6115384615384616,0
4032,0024,2,2026-06-14 07:58:30,0.2900809716599190,0
4033,0032,2,2026-06-14 07:58:30,0.3402834008097166,0
4034,0053,2,2026-06-14 07:58:30,0.9289473684210526,0
4035,0085,2,2026-06-14 07:58:30,0.0629554655870445,0
4036,0099,2,2026-06-14 07:58:30,1.0000000000000000,1
4037,0121,2,2026-06-14 07:58:30,0.8038461538461539,0
4038,0141,2,2026-06-14 07:58:30,1.0000000000000000,0
4039,0163,2,2026-06-14 07:58:30,0.9289473684210526,0
4040,0176,2,2026-06-14 07:58:30,0.8038461538461539,0
4041,0181,2,2026-06-14 07:58:30,0.7000000000000000,0
4042,0208,2,2026-06-14 07:58:30,0.6115384615384616,0
4043,0244,2,2026-06-14 07:58:30,0.0629554655870445,0
4044,0246,2,2026-06-14 07:58:30,0.1340080971659919,0
4045,0252,2,2026-06-14 07:58:30,0.1987854251012146,0
4046,0290,2,2026-06-14 07:58:30,0.9289473684210526,0
4047,0294,2,2026-06-14 07:58:30,0.8038461538461539,0
4048,0295,2,2026-06-14 07:58:30,0.7000000000000000,0
4049,0303,2,2026-06-14 07:58:30,0.3402834008097166,0
4050,0309,2,2026-06-14 07:58:30,0.6645748987854251,0
4051,0325,2,2026-06-14 07:58:30,0.1340080971659919,0
4052,0331,2,2026-06-14 07:58:30,0.7000000000000000,0
4053,0356,2,2026-06-14 07:58:30,0.6115384615384616,0
4054,0372,2,2026-06-14 07:58:30,0.0629554655870445,0
4055,0386,2,2026-06-14 07:58:30,0.4665991902834008,0
4056,0392,2,2026-06-14 07:58:30,0.2900809716599190,0
4057,0417,2,2026-06-14 07:58:30,0.6115384615384616,0
4058,0430,2,2026-06-14 07:58:30,0.5303643724696356,0
4059,0435,2,2026-06-14 07:58:30,0.9289473684210526,0
4060,0436,2,2026-06-14 07:58:30,0.4665991902834008,0
4061,0452,2,2026-06-14 07:58:30,0.9289473684210526,0
4062,0459,2,2026-06-14 07:58:30,1.0000000000000000,0
4063,0471,2,2026-06-14 07:58:30,0.6645748987854251,0
4064,0472,2,2026-06-14 07:58:30,0.0629554655870445,0
4065,0476,2,2026-06-14 07:58:30,0.9289473684210526,0
4066,0480,2,2026-06-14 07:58:30,0.1340080971659919,0
4067,0487,2,2026-06-14 07:58:30,0.9289473684210526,0
4068,0473,2,2026-06-14 07:58:40,0.6645748987854251,0
4069,0473,2,2026-06-14 07:58:50,0.6645748987854251,0
4070,0473,2,2026-06-14 07:59:00,0.6645748987854251,0
4071,0473,2,2026-06-14 07:59:10,0.6645748987854251,0
4072,0473,2,2026-06-14 07:59:20,0.6645748987854251,0
4073,0473,2,2026-06-14 07:59:30,0.6645748987854251,0
4074,0473,2,2026-06-14 07:59:40,0.6645748987854251,0
4075,0488,2,2026-06-14 07:59:40,0.9289473684210526,0
4076,0473,2,2026-06-14 07:59:50,0.6645748987854251,1
4077,0488,2,2026-06-14 07:59:50,0.9289473684210526,0
4078,0473,2,2026-06-14 08:00:00,0.6645748987854251,0
4079,0488,2,2026-06-14 08:00:00,0.9289473684210526,0
4080,0473,2,2026-06-14 08:00:10,0.6645748987854251,0
4081,0488,2,2026-06-14 08:00:10,0.9289473684210526,0
4082,0473,2,2026-06-14 08:00:20,0.6645748987854251,1
4083,0488,2,2026-06-14 08:00:20,0.9289473684210526,0
4084,0473,2,2026-06-14 08:00:30,0.6645748987854251,0
4085,0488,2,2026-06-14 08:00:30,0.9289473684210526,0
4086,0488,2,2026-06-14 08:00:40,0.9289473684210526,0
4087,0488,2,2026-06-14 08:00:50,0.9289473684210526,1
4088,0488,2,2026-06-14 08:01:00,0.9289473684210526,0
4089,0488,2,2026-06-14 08:01:10,0.9289473684210526,0
4090,0488,2,2026-06-14 08:01:20,0.9289473684210526,0
4091,0488,2,2026-06-14 08:01:30,0.9289473684210526,0
4092,0058,2,2026-06-14 08:04:20,0.4665991902834008,0
4093,0058,2,2026-06-14 08:04:30,0.4665991902834008,1
4094,0388,2,2026-06-14 08:08:40,0.5303643724696356,1
4095,0388,2,2026-06-14 08:08:50,0.5303643724696356,0
4096,0409,2,2026-06-14 08:08:50,0.4665991902834008,0
4097,0388,2,2026-06-14 08:09:00,0.5303643724696356,0
4098,0409,2,2026-06-14 08:09:00,0.4665991902834008,1
4099,0490,2,2026-06-14 08:09:00,0.4665991902834008,0
4100,0388,2,2026-06-14 08:09:10,0.5303643724696356,0
4101,0409,2,2026-06-14 08:09:10,0.4665991902834008,0
4102,0490,2,2026-06-14 08:09:10,0.4665991902834008,0
4103,0388,2,2026-06-14 08:09:20,0.5303643724696356,0
4104,0409,2,2026-06-14 08:09:20,0.4665991902834008,0
4105,0490,2,2026-06-14 08:09:20,0.4665991902834008,0
4106,0388,2,2026-06-14 08:09:30,0.5303643724696356,0
4107,0409,2,2026-06-14 08:09:30,0.4665991902834008,1
4108,0490,2,2026-06-14 08:09:30,0.4665991902834008,0
4109,0388,2,2026-06-14 08:09:40,0.5303643724696356,0
4110,0409,2,2026-06-14 08:09:40,0.4665991902834008,0
4111,0490,2,2026-06-14 08:09:40,0.4665991902834008,1
4112,0388,2,2026-06-14 08:09:50,0.5303643724696356,0
4113,0409,2,2026-06-14 08:09:50,0.4665991902834008,0
4114,0490,2,2026-06-14 08:09:50,0.4665991902834008,0
4115,0388,2,2026-06-14 08:10:00,0.5303643724696356,1
4116,0409,2,2026-06-14 08:10:00,0.4665991902834008,0
4117,0490,2,2026-06-14 08:10:00,0.4665991902834008,0
4118,0388,2,2026-06-14 08:10:10,0.5303643724696356,0
4119,0409,2,2026-06-14 08:10:10,0.4665991902834008,0
4120,0490,2,2026-06-14 08:10:10,0.4665991902834008,1
4121,0409,2,2026-06-14 08:10:20,0.4665991902834008,0
4122,0490,2,2026-06-14 08:10:20,0.4665991902834008,0
4123,0409,2,2026-06-14 08:10:30,0.4665991902834008,0
4124,0490,2,2026-06-14 08:10:30,0.4665991902834008,0
4125,0409,2,2026-06-14 08:10:40,0.4665991902834008,0
4126,0490,2,2026-06-14 08:10:40,0.4665991902834008,0
4127,0018,2,2026-06-14 09:23:10,0.6115384615384616,0
4128,0018,2,2026-06-14 09:23:20,0.6115384615384616,0
4129,0018,2,2026-06-14 09:23:30,0.6115384615384616,0
4130,0018,2,2026-06-14 09:23:40,0.6115384615384616,0
4131,0018,2,2026-06-14 09:23:50,0.6115384615384616,0
4132,0018,2,2026-06-14 09:24:00,0.6115384615384616,0
4133,0018,2,2026-06-14 09:24:10,0.6115384615384616,0
4134,0018,2,2026-06-14 09:24:20,0.6115384615384616,0
4135,0018,2,2026-06-14 09:24:30,0.6115384615384616,0
4136,0330,2,2026-06-14 09:24:30,0.0629554655870445,0
4137,0018,2,2026-06-14 09:24:40,0.6115384615384616,0
4138,0330,2,2026-06-14 09:24:40,0.0629554655870445,0
4139,0018,2,2026-06-14 09:24:50,0.6115384615384616,0
4140,0330,2,2026-06-14 09:24:50,0.0629554655870445,0
4141,0018,2,2026-06-14 09:25:00,0.6115384615384616,0
4142,0207,2,2026-06-14 09:25:00,0.5303643724696356,0
4143,0330,2,2026-06-14 09:25:00,0.0629554655870445,0
4144,0207,2,2026-06-14 09:25:10,0.5303643724696356,0
4145,0330,2,2026-06-14 09:25:10,0.0629554655870445,0
4146,0207,2,2026-06-14 09:25:20,0.5303643724696356,0
4147,0330,2,2026-06-14 09:25:20,0.0629554655870445,0
4148,0442,2,2026-06-14 09:25:20,0.8038461538461539,0
4149,0207,2,2026-06-14 09:25:30,0.5303643724696356,0
4150,0330,2,2026-06-14 09:25:30,0.0629554655870445,0
4151,0442,2,2026-06-14 09:25:30,0.8038461538461539,1
4152,0207,2,2026-06-14 09:25:40,0.5303643724696356,0
4153,0330,2,2026-06-14 09:25:40,0.0629554655870445,0
4154,0442,2,2026-06-14 09:25:40,0.8038461538461539,0
4155,0164,2,2026-06-14 09:25:50,1.0000000000000000,1
4156,0207,2,2026-06-14 09:25:50,0.5303643724696356,0
4157,0442,2,2026-06-14 09:25:50,0.8038461538461539,0
4158,0050,2,2026-06-14 09:26:00,0.9289473684210526,0
4159,0164,2,2026-06-14 09:26:00,1.0000000000000000,0
4160,0207,2,2026-06-14 09:26:00,0.5303643724696356,0
4161,0442,2,2026-06-14 09:26:00,0.8038461538461539,0
4162,0050,2,2026-06-14 09:26:10,0.9289473684210526,1
4163,0164,2,2026-06-14 09:26:10,1.0000000000000000,0
4164,0207,2,2026-06-14 09:26:10,0.5303643724696356,0
4165,0442,2,2026-06-14 09:26:10,0.8038461538461539,0
4166,0050,2,2026-06-14 09:26:20,0.9289473684210526,1
4167,0164,2,2026-06-14 09:26:20,1.0000000000000000,0
4168,0207,2,2026-06-14 09:26:20,0.5303643724696356,0
4169,0442,2,2026-06-14 09:26:20,0.8038461538461539,0
4170,0050,2,2026-06-14 09:26:30,0.9289473684210526,0
4171,0164,2,2026-06-14 09:26:30,1.0000000000000000,0
4172,0382,2,2026-06-14 09:26:30,0.7000000000000000,0
4173,0442,2,2026-06-14 09:26:30,0.8038461538461539,0
4174,0050,2,2026-06-14 09:26:40,0.9289473684210526,0
4175,0164,2,2026-06-14 09:26:40,1.0000000000000000,0
4176,0382,2,2026-06-14 09:26:40,0.7000000000000000,0
4177,0442,2,2026-06-14 09:26:40,0.8038461538461539,0
4178,0477,2,2026-06-14 09:26:40,0.1340080971659919,1
4179,0050,2,2026-06-14 09:26:50,0.9289473684210526,0
4180,0157,2,2026-06-14 09:26:50,0.6115384615384616,0
4181,0164,2,2026-06-14 09:26:50,1.0000000000000000,0
4182,0360,2,2026-06-14 09:26:50,1.0000000000000000,0
4183,0382,2,2026-06-14 09:26:50,0.7000000000000000,0
4184,0442,2,2026-06-14 09:26:50,0.8038461538461539,0
4185,0477,2,2026-06-14 09:26:50,0.1340080971659919,0
4186,0050,2,2026-06-14 09:27:00,0.9289473684210526,0
4187,0157,2,2026-06-14 09:27:00,0.6115384615384616,0
4188,0164,2,2026-06-14 09:27:00,1.0000000000000000,0
4189,0360,2,2026-06-14 09:27:00,1.0000000000000000,1
4190,0382,2,2026-06-14 09:27:00,0.7000000000000000,0
4191,0442,2,2026-06-14 09:27:00,0.8038461538461539,0
4192,0477,2,2026-06-14 09:27:00,0.1340080971659919,0
4193,0050,2,2026-06-14 09:27:10,0.9289473684210526,0
4194,0157,2,2026-06-14 09:27:10,0.6115384615384616,0
4195,0164,2,2026-06-14 09:27:10,1.0000000000000000,0
4196,0360,2,2026-06-14 09:27:10,1.0000000000000000,0
4197,0382,2,2026-06-14 09:27:10,0.7000000000000000,0
4198,0477,2,2026-06-14 09:27:10,0.1340080971659919,0
4199,0050,2,2026-06-14 09:27:20,0.9289473684210526,0
4200,0157,2,2026-06-14 09:27:20,0.6115384615384616,1
4201,0164,2,2026-06-14 09:27:20,1.0000000000000000,0
4202,0360,2,2026-06-14 09:27:20,1.0000000000000000,0
4203,0382,2,2026-06-14 09:27:20,0.7000000000000000,0
4204,0477,2,2026-06-14 09:27:20,0.1340080971659919,0
4205,0050,2,2026-06-14 09:27:30,0.9289473684210526,0
4206,0157,2,2026-06-14 09:27:30,0.6115384615384616,0
4207,0360,2,2026-06-14 09:27:30,1.0000000000000000,0
4208,0477,2,2026-06-14 09:27:30,0.1340080971659919,0
4209,0050,2,2026-06-14 09:27:40,0.9289473684210526,0
4210,0157,2,2026-06-14 09:27:40,0.6115384615384616,0
4211,0360,2,2026-06-14 09:27:40,1.0000000000000000,0
4212,0369,2,2026-06-14 09:27:40,0.6645748987854251,1
4213,0477,2,2026-06-14 09:27:40,0.1340080971659919,0
4214,0046,2,2026-06-14 09:27:50,0.1987854251012146,0
4215,0050,2,2026-06-14 09:27:50,0.9289473684210526,0
4216,0062,2,2026-06-14 09:27:50,0.4665991902834008,0
4217,0157,2,2026-06-14 09:27:50,0.6115384615384616,0
4218,0360,2,2026-06-14 09:27:50,1.0000000000000000,0
4219,0369,2,2026-06-14 09:27:50,0.6645748987854251,0
4220,0477,2,2026-06-14 09:27:50,0.1340080971659919,0
4221,0046,2,2026-06-14 09:28:00,0.1987854251012146,0
4222,0062,2,2026-06-14 09:28:00,0.4665991902834008,0
4223,0157,2,2026-06-14 09:28:00,0.6115384615384616,0
4224,0174,2,2026-06-14 09:28:00,0.3402834008097166,0
4225,0360,2,2026-06-14 09:28:00,1.0000000000000000,0
4226,0369,2,2026-06-14 09:28:00,0.6645748987854251,0
4227,0046,2,2026-06-14 09:28:10,0.1987854251012146,0
4228,0062,2,2026-06-14 09:28:10,0.4665991902834008,0
4229,0109,2,2026-06-14 09:28:10,0.2900809716599190,0
4230,0157,2,2026-06-14 09:28:10,0.6115384615384616,0
4231,0174,2,2026-06-14 09:28:10,0.3402834008097166,0
4232,0360,2,2026-06-14 09:28:10,1.0000000000000000,0
4233,0369,2,2026-06-14 09:28:10,0.6645748987854251,1
4234,0046,2,2026-06-14 09:28:20,0.1987854251012146,0
4235,0062,2,2026-06-14 09:28:20,0.4665991902834008,0
4236,0109,2,2026-06-14 09:28:20,0.2900809716599190,0
4237,0157,2,2026-06-14 09:28:20,0.6115384615384616,0
4238,0174,2,2026-06-14 09:28:20,0.3402834008097166,0
4239,0360,2,2026-06-14 09:28:20,1.0000000000000000,0
4240,0369,2,2026-06-14 09:28:20,0.6645748987854251,0
4241,0046,2,2026-06-14 09:28:30,0.1987854251012146,0
4242,0062,2,2026-06-14 09:28:30,0.4665991902834008,0
4243,0109,2,2026-06-14 09:28:30,0.2900809716599190,0
4244,0174,2,2026-06-14 09:28:30,0.3402834008097166,1
4245,0360,2,2026-06-14 09:28:30,1.0000000000000000,0
4246,0369,2,2026-06-14 09:28:30,0.6645748987854251,0
4247,0046,2,2026-06-14 09:28:40,0.1987854251012146,0
4248,0062,2,2026-06-14 09:28:40,0.4665991902834008,1
4249,0109,2,2026-06-14 09:28:40,0.2900809716599190,0
4250,0174,2,2026-06-14 09:28:40,0.3402834008097166,0
4251,0360,2,2026-06-14 09:28:40,1.0000000000000000,0
4252,0369,2,2026-06-14 09:28:40,0.6645748987854251,0
4253,0046,2,2026-06-14 09:28:50,0.1987854251012146,1
4254,0062,2,2026-06-14 09:28:50,0.4665991902834008,0
4255,0109,2,2026-06-14 09:28:50,0.2900809716599190,0
4256,0174,2,2026-06-14 09:28:50,0.3402834008097166,0
4257,0369,2,2026-06-14 09:28:50,0.6645748987854251,0
4258,0046,2,2026-06-14 09:29:00,0.1987854251012146,0
4259,0062,2,2026-06-14 09:29:00,0.4665991902834008,0
4260,0090,2,2026-06-14 09:29:00,0.6115384615384616,0
4261,0109,2,2026-06-14 09:29:00,0.2900809716599190,0
4262,0174,2,2026-06-14 09:29:00,0.3402834008097166,1
4263,0369,2,2026-06-14 09:29:00,0.6645748987854251,0
4264,0046,2,2026-06-14 09:29:10,0.1987854251012146,1
4265,0062,2,2026-06-14 09:29:10,0.4665991902834008,0
4266,0090,2,2026-06-14 09:29:10,0.6115384615384616,0
4267,0109,2,2026-06-14 09:29:10,0.2900809716599190,0
4268,0174,2,2026-06-14 09:29:10,0.3402834008097166,0
4269,0369,2,2026-06-14 09:29:10,0.6645748987854251,0
4270,0046,2,2026-06-14 09:29:20,0.1987854251012146,0
4271,0062,2,2026-06-14 09:29:20,0.4665991902834008,0
4272,0090,2,2026-06-14 09:29:20,0.6115384615384616,0
4273,0109,2,2026-06-14 09:29:20,0.2900809716599190,1
4274,0369,2,2026-06-14 09:29:20,0.6645748987854251,0
4275,0090,2,2026-06-14 09:29:30,0.6115384615384616,0
4276,0109,2,2026-06-14 09:29:30,0.2900809716599190,0
4277,0483,2,2026-06-14 09:29:30,0.3402834008097166,0
4278,0090,2,2026-06-14 09:29:40,0.6115384615384616,0
4279,0109,2,2026-06-14 09:29:40,0.2900809716599190,0
4280,0483,2,2026-06-14 09:29:40,0.3402834008097166,0
4281,0090,2,2026-06-14 09:29:50,0.6115384615384616,0
4282,0109,2,2026-06-14 09:29:50,0.2900809716599190,0
4283,0483,2,2026-06-14 09:29:50,0.3402834008097166,0
4284,0090,2,2026-06-14 09:30:00,0.6115384615384616,1
4285,0242,2,2026-06-14 09:30:00,0.0629554655870445,0
4286,0483,2,2026-06-14 09:30:00,0.3402834008097166,0
4287,0090,2,2026-06-14 09:30:10,0.6115384615384616,0
4288,0242,2,2026-06-14 09:30:10,0.0629554655870445,0
4289,0483,2,2026-06-14 09:30:10,0.3402834008097166,0
4290,0090,2,2026-06-14 09:30:20,0.6115384615384616,0
4291,0242,2,2026-06-14 09:30:20,0.0629554655870445,0
4292,0483,2,2026-06-14 09:30:20,0.3402834008097166,0
4293,0090,2,2026-06-14 09:30:30,0.6115384615384616,0
4294,0242,2,2026-06-14 09:30:30,0.0629554655870445,0
4295,0483,2,2026-06-14 09:30:30,0.3402834008097166,0
4296,0090,2,2026-06-14 09:30:40,0.6115384615384616,0
4297,0242,2,2026-06-14 09:30:40,0.0629554655870445,0
4298,0483,2,2026-06-14 09:30:40,0.3402834008097166,0
4299,0090,2,2026-06-14 09:30:50,0.6115384615384616,0
4300,0242,2,2026-06-14 09:30:50,0.0629554655870445,0
4301,0483,2,2026-06-14 09:30:50,0.3402834008097166,1
4302,0242,2,2026-06-14 09:31:00,0.0629554655870445,0
4303,0242,2,2026-06-14 09:31:10,0.0629554655870445,1
4304,0242,2,2026-06-14 09:31:20,0.0629554655870445,0
4305,0242,2,2026-06-14 09:31:30,0.0629554655870445,1
4306,0242,2,2026-06-14 09:31:40,0.0629554655870445,0
