index,ID,satellite,time,score_scenario,selected
0,0668,0,2026-06-13 10:32:10,0.7926303133177736,0
1,0668,0,2026-06-13 10:32:20,0.7926303133177736,0
2,0668,0,2026-06-13 10:32:30,0.7926303133177736,0
3,0668,0,2026-06-13 10:32:40,0.7926303133177736,0
4,0668,0,2026-06-13 10:32:50,0.7926303133177736,0
5,0668,0,2026-06-13 10:33:00,0.7926303133177736,0
6,0668,0,2026-06-13 10:33:10,0.7926303133177736,0
7,0668,0,2026-06-13 10:33:20,0.7926303133177736,0
8,0668,0,2026-06-13 10:33:30,0.7926303133177736,0
9,0908,0,2026-06-13 10:33:30,0.3688379659098946,0
10,0668,0,2026-06-13 10:33:40,0.7926303133177736,0
11,0908,0,2026-06-13 10:33:40,0.3688379659098946,0
12,0094,0,2026-06-13 10:33:50,0.1182544734422519,0
13,0465,0,2026-06-13 10:33:50,0.1819789235448052,0
14,0668,0,2026-06-13 10:33:50,0.7926303133177736,0
15,0908,0,2026-06-13 10:33:50,0.3688379659098946,0
16,0094,0,2026-06-13 10:34:00,0.1182544734422519,0
17,0465,0,2026-06-13 10:34:00,0.1819789235448052,0
18,0668,0,2026-06-13 10:34:00,0.7926303133177736,0
19,0094,0,2026-06-13 10:34:10,0.1182544734422519,0
20,0459,0,2026-06-13 10:34:10,0.2745597284107787,0
21,0465,0,2026-06-13 10:34:10,0.1819789235448052,0
22,0094,0,2026-06-13 10:34:20,0.1182544734422519,0
23,0459,0,2026-06-13 10:34:20,0.2745597284107787,1
24,0465,0,2026-06-13 10:34:20,0.1819789235448052,0
25,0542,0,2026-06-13 10:34:20,0.3688379659098946,0
26,0094,0,2026-06-13 10:34:30,0.1182544734422519,0
27,0280,0,2026-06-13 10:34:30,0.1819789235448052,0
28,0459,0,2026-06-13 10:34:30,0.2745597284107787,0
29,0465,0,2026-06-13 10:34:30,0.1819789235448052,0
30,0542,0,2026-06-13 10:34:30,0.3688379659098946,0
31,0940,0,2026-06-13 10:34:30,0.9304759884008770,0
32,0094,0,2026-06-13 10:34:40,0.1182544734422519,0
33,0280,0,2026-06-13 10:34:40,0.1819789235448052,1
34,0459,0,2026-06-13 10:34:40,0.2745597284107787,0
35,0465,0,2026-06-13 10:34:40,0.1819789235448052,0
36,0542,0,2026-06-13 10:34:40,0.3688379659098946,0
37,0940,0,2026-06-13 10:34:40,0.9304759884008770,0
38,0094,0,2026-06-13 10:34:50,0.1182544734422519,0
39,0280,0,2026-06-13 10:34:50,0.1819789235448052,0
40,0459,0,2026-06-13 10:34:50,0.2745597284107787,0
41,0465,0,2026-06-13 10:34:50,0.1819789235448052,0
42,0542,0,2026-06-13 10:34:50,0.3688379659098946,0
43,0940,0,2026-06-13 10:34:50,0.9304759884008770,0
44,0094,0,2026-06-13 10:35:00,0.1182544734422519,0
45,0280,0,2026-06-13 10:35:00,0.1819789235448052,0
46,0459,0,2026-06-13 10:35:00,0.2745597284107787,0
47,0465,0,2026-06-13 10:35:00,0.1819789235448052,0
48,0542,0,2026-06-13 10:35:00,0.3688379659098946,0
49,0940,0,2026-06-13 10:35:00,0.9304759884008770,0
50,0094,0,2026-06-13 10:35:10,0.1182544734422519,0
51,0280,0,2026-06-13 10:35:10,0.1819789235448052,0
52,0459,0,2026-06-13 10:35:10,0.2745597284107787,0
53,0465,0,2026-06-13 10:35:10,0.1819789235448052,0
54,0542,0,2026-06-13 10:35:10,0.3688379659098946,0
55,0561,0,2026-06-13 10:35:10,0.8562133107008982,0
56,0853,0,2026-06-13 10:35:10,0.1182544734422519,0
57,0940,0,2026-06-13 10:35:10,0.9304759884008770,0
58,0094,0,2026-06-13 10:35:20,0.1182544734422519,0
59,0280,0,2026-06-13 10:35:20,0.1819789235448052,0
60,0459,0,2026-06-13 10:35:20,0.2745597284107787,0
61,0465,0,2026-06-13 10:35:20,0.1819789235448052,0
62,0542,0,2026-06-13 10:35:20,0.3688379659098946,0
63,0561,0,2026-06-13 10:35:20,0.8562133107008982,0
64,0853,0,2026-06-13 10:35:20,0.1182544734422519,0
65,0940,0,2026-06-13 10:35:20,0.9304759884008770,0
66,0280,0,2026-06-13 10:35:30,0.1819789235448052,0
67,0459,0,2026-06-13 10:35:30,0.2745597284107787,0
68,0542,0,2026-06-13 10:35:30,0.3688379659098946,1
69,0561,0,2026-06-13 10:35:30,0.8562133107008982,0
70,0940,0,2026-06-13 10:35:30,0.9304759884008770,0
71,0280,0,2026-06-13 10:35:40,0.1819789235448052,0
72,0459,0,2026-06-13 10:35:40,0.2745597284107787,0
73,0542,0,2026-06-13 10:35:40,0.3688379659098946,0
74,0561,0,2026-06-13 10:35:40,0.8562133107008982,0
75,0940,0,2026-06-13 10:35:40,0.9304759884008770,0
76,0139,0,2026-06-13 10:35:50,0.2745597284107787,0
77,0280,0,2026-06-13 10:35:50,0.1819789235448052,0
78,0459,0,2026-06-13 10:35:50,0.2745597284107787,0
79,0561,0,2026-06-13 10:35:50,0.8562133107008982,0
80,0940,0,2026-06-13 10:35:50,0.9304759884008770,0
81,0139,0,2026-06-13 10:36:00,0.2745597284107787,0
82,0280,0,2026-06-13 10:36:00,0.1819789235448052,0
83,0561,0,2026-06-13 10:36:00,0.8562133107008982,0
84,0940,0,2026-06-13 10:36:00,0.9304759884008770,0
85,0139,0,2026-06-13 10:36:10,0.2745597284107787,0
86,0561,0,2026-06-13 10:36:10,0.8562133107008982,0
87,0940,0,2026-06-13 10:36:10,0.9304759884008770,0
88,0139,0,2026-06-13 10:36:20,0.2745597284107787,0
89,0561,0,2026-06-13 10:36:20,0.8562133107008982,0
90,0139,0,2026-06-13 10:36:30,0.2745597284107787,0
91,0139,0,2026-06-13 10:36:40,0.2745597284107787,0
92,0139,0,2026-06-13 10:36:50,0.2745597284107787,1
93,0139,0,2026-06-13 10:37:00,0.2745597284107787,0
94,0371,0,2026-06-13 10:37:00,0.9304759884008770,0
95,0139,0,2026-06-13 10:37:10,0.2745597284107787,0
96,0371,0,2026-06-13 10:37:10,0.9304759884008770,0
97,0139,0,2026-06-13 10:37:20,0.2745597284107787,0
98,0371,0,2026-06-13 10:37:20,0.9304759884008770,0
99,0864,0,2026-06-13 10:37:20,0.4693401230638659,0
100,0139,0,2026-06-13 10:37:30,0.2745597284107787,0
101,0371,0,2026-06-13 10:37:30,0.9304759884008770,0
102,0562,0,2026-06-13 10:37:30,0.0599052266779829,0
103,0692,0,2026-06-13 10:37:30,0.2745597284107787,1
104,0864,0,2026-06-13 10:37:30,0.4693401230638659,0
105,0139,0,2026-06-13 10:37:40,0.2745597284107787,0
106,0371,0,2026-06-13 10:37:40,0.9304759884008770,0
107,0562,0,2026-06-13 10:37:40,0.0599052266779829,0
108,0692,0,2026-06-13 10:37:40,0.2745597284107787,0
109,0864,0,2026-06-13 10:37:40,0.4693401230638659,0
110,0371,0,2026-06-13 10:37:50,0.9304759884008770,0
111,0536,0,2026-06-13 10:37:50,0.8562133107008982,0
112,0562,0,2026-06-13 10:37:50,0.0599052266779829,1
113,0692,0,2026-06-13 10:37:50,0.2745597284107787,0
114,0864,0,2026-06-13 10:37:50,0.4693401230638659,0
115,0371,0,2026-06-13 10:38:00,0.9304759884008770,0
116,0536,0,2026-06-13 10:38:00,0.8562133107008982,0
117,0562,0,2026-06-13 10:38:00,0.0599052266779829,0
118,0692,0,2026-06-13 10:38:00,0.2745597284107787,0
119,0864,0,2026-06-13 10:38:00,0.4693401230638659,0
120,0371,0,2026-06-13 10:38:10,0.9304759884008770,0
121,0518,0,2026-06-13 10:38:10,0.6120659169672537,1
122,0536,0,2026-06-13 10:38:10,0.8562133107008982,0
123,0562,0,2026-06-13 10:38:10,0.0599052266779829,0
124,0692,0,2026-06-13 10:38:10,0.2745597284107787,0
125,0864,0,2026-06-13 10:38:10,0.4693401230638659,0
126,0371,0,2026-06-13 10:38:20,0.9304759884008770,0
127,0518,0,2026-06-13 10:38:20,0.6120659169672537,0
128,0536,0,2026-06-13 10:38:20,0.8562133107008982,0
129,0562,0,2026-06-13 10:38:20,0.0599052266779829,0
130,0692,0,2026-06-13 10:38:20,0.2745597284107787,0
131,0864,0,2026-06-13 10:38:20,0.4693401230638659,0
132,0371,0,2026-06-13 10:38:30,0.9304759884008770,0
133,0518,0,2026-06-13 10:38:30,0.6120659169672537,0
134,0536,0,2026-06-13 10:38:30,0.8562133107008982,0
135,0562,0,2026-06-13 10:38:30,0.0599052266779829,0
136,0692,0,2026-06-13 10:38:30,0.2745597284107787,0
137,0846,0,2026-06-13 10:38:30,0.9304759884008770,1
138,0864,0,2026-06-13 10:38:30,0.4693401230638659,0
139,0371,0,2026-06-13 10:38:40,0.9304759884008770,0
140,0518,0,2026-06-13 10:38:40,0.6120659169672537,0
141,0536,0,2026-06-13 10:38:40,0.8562133107008982,0
142,0562,0,2026-06-13 10:38:40,0.0599052266779829,0
143,0692,0,2026-06-13 10:38:40,0.2745597284107787,0
144,0846,0,2026-06-13 10:38:40,0.9304759884008770,0
145,0863,0,2026-06-13 10:38:40,0.9304759884008770,0
146,0864,0,2026-06-13 10:38:40,0.4693401230638659,0
147,0993,0,2026-06-13 10:38:40,0.6120659169672537,0
148,0371,0,2026-06-13 10:38:50,0.9304759884008770,0
149,0518,0,2026-06-13 10:38:50,0.6120659169672537,0
150,0536,0,2026-06-13 10:38:50,0.8562133107008982,0
151,0562,0,2026-06-13 10:38:50,0.0599052266779829,0
152,0692,0,2026-06-13 10:38:50,0.2745597284107787,0
153,0846,0,2026-06-13 10:38:50,0.9304759884008770,0
154,0863,0,2026-06-13 10:38:50,0.9304759884008770,0
155,0864,0,2026-06-13 10:38:50,0.4693401230638659,0
156,0993,0,2026-06-13 10:38:50,0.6120659169672537,0
157,0518,0,2026-06-13 10:39:00,0.6120659169672537,0
158,0536,0,2026-06-13 10:39:00,0.8562133107008982,0
159,0562,0,2026-06-13 10:39:00,0.0599052266779829,0
160,0692,0,2026-06-13 10:39:00,0.2745597284107787,0
161,0846,0,2026-06-13 10:39:00,0.9304759884008770,0
162,0863,0,2026-06-13 10:39:00,0.9304759884008770,0
163,0993,0,2026-06-13 10:39:00,0.6120659169672537,0
164,0518,0,2026-06-13 10:39:10,0.6120659169672537,0
165,0533,0,2026-06-13 10:39:10,0.6883796590989462,0
166,0536,0,2026-06-13 10:39:10,0.8562133107008982,0
167,0562,0,2026-06-13 10:39:10,0.0599052266779829,0
168,0692,0,2026-06-13 10:39:10,0.2745597284107787,0
169,0846,0,2026-06-13 10:39:10,0.9304759884008770,0
170,0863,0,2026-06-13 10:39:10,0.9304759884008770,0
171,0993,0,2026-06-13 10:39:10,0.6120659169672537,0
172,0518,0,2026-06-13 10:39:20,0.6120659169672537,0
173,0533,0,2026-06-13 10:39:20,0.6883796590989462,0
174,0562,0,2026-06-13 10:39:20,0.0599052266779829,0
175,0692,0,2026-06-13 10:39:20,0.2745597284107787,0
176,0846,0,2026-06-13 10:39:20,0.9304759884008770,0
177,0863,0,2026-06-13 10:39:20,0.9304759884008770,0
178,0993,0,2026-06-13 10:39:20,0.6120659169672537,0
179,0518,0,2026-06-13 10:39:30,0.6120659169672537,0
180,0533,0,2026-06-13 10:39:30,0.6883796590989462,1
181,0846,0,2026-06-13 10:39:30,0.9304759884008770,0
182,0863,0,2026-06-13 10:39:30,0.9304759884008770,0
183,0993,0,2026-06-13 10:39:30,0.6120659169672537,0
184,0518,0,2026-06-13 10:39:40,0.6120659169672537,0
185,0603,0,2026-06-13 10:39:40,0.8562133107008982,0
186,0846,0,2026-06-13 10:39:40,0.9304759884008770,0
187,0863,0,2026-06-13 10:39:40,0.9304759884008770,0
188,0993,0,2026-06-13 10:39:40,0.6120659169672537,0
189,0603,0,2026-06-13 10:39:50,0.8562133107008982,0
190,0846,0,2026-06-13 10:39:50,0.9304759884008770,0
191,0863,0,2026-06-13 10:39:50,0.9304759884008770,0
192,0993,0,2026-06-13 10:39:50,0.6120659169672537,0
193,0603,0,2026-06-13 10:40:00,0.8562133107008982,0
194,0846,0,2026-06-13 10:40:00,0.9304759884008770,0
195,0863,0,2026-06-13 10:40:00,0.9304759884008770,0
196,0993,0,2026-06-13 10:40:00,0.6120659169672537,0
197,0603,0,2026-06-13 10:40:10,0.8562133107008982,0
198,0846,0,2026-06-13 10:40:10,0.9304759884008770,0
199,0863,0,2026-06-13 10:40:10,0.9304759884008770,0
200,0993,0,2026-06-13 10:40:10,0.6120659169672537,0
201,0603,0,2026-06-13 10:40:20,0.8562133107008982,0
202,0846,0,2026-06-13 10:40:20,0.9304759884008770,0
203,0863,0,2026-06-13 10:40:20,0.9304759884008770,1
204,0993,0,2026-06-13 10:40:20,0.6120659169672537,0
205,0996,0,2026-06-13 10:40:20,1.0000000000000000,0
206,0603,0,2026-06-13 10:40:30,0.8562133107008982,0
207,0993,0,2026-06-13 10:40:30,0.6120659169672537,0
208,0996,0,2026-06-13 10:40:30,1.0000000000000000,0
209,0603,0,2026-06-13 10:40:40,0.8562133107008982,1
210,0996,0,2026-06-13 10:40:40,1.0000000000000000,0
211,0520,0,2026-06-13 10:40:50,0.0599052266779829,0
212,0603,0,2026-06-13 10:40:50,0.8562133107008982,0
213,0996,0,2026-06-13 10:40:50,1.0000000000000000,0
214,0520,0,2026-06-13 10:41:00,0.0599052266779829,0
215,0603,0,2026-06-13 10:41:00,0.8562133107008982,0
216,0996,0,2026-06-13 10:41:00,1.0000000000000000,0
217,0520,0,2026-06-13 10:41:10,0.0599052266779829,1
218,0603,0,2026-06-13 10:41:10,0.8562133107008982,0
219,0996,0,2026-06-13 10:41:10,1.0000000000000000,0
220,0520,0,2026-06-13 10:41:20,0.0599052266779829,0
221,0603,0,2026-06-13 10:41:20,0.8562133107008982,0
222,0996,0,2026-06-13 10:41:20,1.0000000000000000,0
223,0520,0,2026-06-13 10:41:30,0.0599052266779829,0
224,0603,0,2026-06-13 10:41:30,0.8562133107008982,0
225,0996,0,2026-06-13 10:41:30,1.0000000000000000,0
226,0520,0,2026-06-13 10:41:40,0.0599052266779829,0
227,0996,0,2026-06-13 10:41:40,1.0000000000000000,0
228,0520,0,2026-06-13 10:41:50,0.0599052266779829,0
229,0996,0,2026-06-13 10:41:50,1.0000000000000000,0
230,0520,0,2026-06-13 10:42:00,0.0599052266779829,0
231,0996,0,2026-06-13 10:42:00,1.0000000000000000,0
232,0290,0,2026-06-13 10:44:30,1.0000000000000000,0
233,0290,0,2026-06-13 10:44:40,1.0000000000000000,0
234,0290,0,2026-06-13 10:44:50,1.0000000000000000,0
235,0290,0,2026-06-13 10:45:00,1.0000000000000000,0
236,0290,0,2026-06-13 10:45:10,1.0000000000000000,0
237,0290,0,2026-06-13 10:45:20,1.0000000000000000,0
238,0290,0,2026-06-13 10:45:30,1.0000000000000000,0
239,0290,0,2026-06-13 10:45:40,1.0000000000000000,0
240,0290,0,2026-06-13 10:45:50,1.0000000000000000,0
241,0445,0,2026-06-13 10:46:10,0.2745597284107787,0
242,0445,0,2026-06-13 10:46:20,0.2745597284107787,0
243,0464,0,2026-06-13 10:46:20,0.9304759884008770,0
244,0445,0,2026-06-13 10:46:30,0.2745597284107787,0
245,0464,0,2026-06-13 10:46:30,0.9304759884008770,0
246,0445,0,2026-06-13 10:46:40,0.2745597284107787,0
247,0464,0,2026-06-13 10:46:40,0.9304759884008770,0
248,0445,0,2026-06-13 10:46:50,0.2745597284107787,1
249,0464,0,2026-06-13 10:46:50,0.9304759884008770,0
250,0445,0,2026-06-13 10:47:00,0.2745597284107787,0
251,0464,0,2026-06-13 10:47:00,0.9304759884008770,0
252,0445,0,2026-06-13 10:47:10,0.2745597284107787,0
253,0464,0,2026-06-13 10:47:10,0.9304759884008770,0
254,0445,0,2026-06-13 10:47:20,0.2745597284107787,0
255,0464,0,2026-06-13 10:47:20,0.9304759884008770,0
256,0445,0,2026-06-13 10:47:30,0.2745597284107787,0
257,0464,0,2026-06-13 10:47:30,0.9304759884008770,0
258,0843,0,2026-06-13 10:47:30,0.0599052266779829,0
259,0445,0,2026-06-13 10:47:40,0.2745597284107787,0
260,0464,0,2026-06-13 10:47:40,0.9304759884008770,0
261,0843,0,2026-06-13 10:47:40,0.0599052266779829,0
262,0464,0,2026-06-13 10:47:50,0.9304759884008770,0
263,0843,0,2026-06-13 10:47:50,0.0599052266779829,0
264,0464,0,2026-06-13 10:48:00,0.9304759884008770,0
265,0843,0,2026-06-13 10:48:00,0.0599052266779829,0
266,0843,0,2026-06-13 10:48:10,0.0599052266779829,0
267,0843,0,2026-06-13 10:48:20,0.0599052266779829,0
268,0843,0,2026-06-13 10:48:30,0.0599052266779829,0
269,0843,0,2026-06-13 10:48:40,0.0599052266779829,0
270,0843,0,2026-06-13 10:48:50,0.0599052266779829,0
271,0147,0,2026-06-13 12:29:00,0.6120659169672537,0
272,0434,0,2026-06-13 12:29:00,1.0000000000000000,0
273,0147,0,2026-06-13 12:29:10,0.6120659169672537,0
274,0434,0,2026-06-13 12:29:10,1.0000000000000000,0
275,0147,0,2026-06-13 12:29:20,0.6120659169672537,0
276,0434,0,2026-06-13 12:29:20,1.0000000000000000,0
277,0147,0,2026-06-13 12:29:30,0.6120659169672537,0
278,0434,0,2026-06-13 12:29:30,1.0000000000000000,0
279,0147,0,2026-06-13 12:29:40,0.6120659169672537,0
280,0434,0,2026-06-13 12:29:40,1.0000000000000000,0
281,0147,0,2026-06-13 12:29:50,0.6120659169672537,0
282,0434,0,2026-06-13 12:29:50,1.0000000000000000,1
283,0147,0,2026-06-13 12:30:00,0.6120659169672537,1
284,0434,0,2026-06-13 12:30:00,1.0000000000000000,0
285,0587,0,2026-06-13 12:30:00,0.3688379659098946,0
286,0147,0,2026-06-13 12:30:10,0.6120659169672537,0
287,0434,0,2026-06-13 12:30:10,1.0000000000000000,0
288,0587,0,2026-06-13 12:30:10,0.3688379659098946,0
289,0147,0,2026-06-13 12:30:20,0.6120659169672537,0
290,0434,0,2026-06-13 12:30:20,1.0000000000000000,0
291,0587,0,2026-06-13 12:30:20,0.3688379659098946,0
292,0147,0,2026-06-13 12:30:30,0.6120659169672537,0
293,0434,0,2026-06-13 12:30:30,1.0000000000000000,0
294,0607,0,2026-06-13 12:30:30,0.9304759884008770,1
295,0434,0,2026-06-13 12:30:40,1.0000000000000000,0
296,0607,0,2026-06-13 12:30:40,0.9304759884008770,0
297,0607,0,2026-06-13 12:30:50,0.9304759884008770,0
298,0607,0,2026-06-13 12:31:00,0.9304759884008770,0
299,0117,0,2026-06-13 12:31:10,0.0599052266779829,0
300,0607,0,2026-06-13 12:31:10,0.9304759884008770,0
301,0117,0,2026-06-13 12:31:20,0.0599052266779829,0
302,0607,0,2026-06-13 12:31:20,0.9304759884008770,0
303,0117,0,2026-06-13 12:31:30,0.0599052266779829,0
304,0117,0,2026-06-13 12:31:40,0.0599052266779829,0
305,0117,0,2026-06-13 12:31:50,0.0599052266779829,0
306,0117,0,2026-06-13 12:32:00,0.0599052266779829,0
307,0117,0,2026-06-13 12:32:10,0.0599052266779829,1
308,0117,0,2026-06-13 12:32:20,0.0599052266779829,0
309,0117,0,2026-06-13 12:32:30,0.0599052266779829,0
310,0055,0,2026-06-13 12:32:40,0.6883796590989462,0
311,0117,0,2026-06-13 12:32:40,0.0599052266779829,0
312,0055,0,2026-06-13 12:32:50,0.6883796590989462,1
313,0055,0,2026-06-13 12:33:00,0.6883796590989462,0
314,0055,0,2026-06-13 12:33:10,0.6883796590989462,0
315,0055,0,2026-06-13 12:33:20,0.6883796590989462,0
316,0116,0,2026-06-13 12:33:20,0.1819789235448052,0
317,0055,0,2026-06-13 12:33:30,0.6883796590989462,0
318,0116,0,2026-06-13 12:33:30,0.1819789235448052,0
319,0010,0,2026-06-13 12:33:40,0.6120659169672537,1
320,0055,0,2026-06-13 12:33:40,0.6883796590989462,0
321,0116,0,2026-06-13 12:33:40,0.1819789235448052,0
322,0010,0,2026-06-13 12:33:50,0.6120659169672537,0
323,0020,0,2026-06-13 12:33:50,0.3688379659098946,0
324,0055,0,2026-06-13 12:33:50,0.6883796590989462,0
325,0116,0,2026-06-13 12:33:50,0.1819789235448052,0
326,0953,0,2026-06-13 12:33:50,0.7926303133177736,0
327,0010,0,2026-06-13 12:34:00,0.6120659169672537,0
328,0020,0,2026-06-13 12:34:00,0.3688379659098946,0
329,0055,0,2026-06-13 12:34:00,0.6883796590989462,0
330,0116,0,2026-06-13 12:34:00,0.1819789235448052,0
331,0555,0,2026-06-13 12:34:00,0.0599052266779829,0
332,0691,0,2026-06-13 12:34:00,0.3688379659098946,1
333,0953,0,2026-06-13 12:34:00,0.7926303133177736,0
334,0010,0,2026-06-13 12:34:10,0.6120659169672537,0
335,0014,0,2026-06-13 12:34:10,0.4693401230638659,0
336,0020,0,2026-06-13 12:34:10,0.3688379659098946,0
337,0055,0,2026-06-13 12:34:10,0.6883796590989462,0
338,0077,0,2026-06-13 12:34:10,0.4693401230638659,0
339,0116,0,2026-06-13 12:34:10,0.1819789235448052,0
340,0555,0,2026-06-13 12:34:10,0.0599052266779829,0
341,0691,0,2026-06-13 12:34:10,0.3688379659098946,0
342,0953,0,2026-06-13 12:34:10,0.7926303133177736,0
343,0010,0,2026-06-13 12:34:20,0.6120659169672537,0
344,0014,0,2026-06-13 12:34:20,0.4693401230638659,0
345,0020,0,2026-06-13 12:34:20,0.3688379659098946,0
346,0077,0,2026-06-13 12:34:20,0.4693401230638659,0
347,0116,0,2026-06-13 12:34:20,0.1819789235448052,0
348,0131,0,2026-06-13 12:34:20,0.4693401230638659,0
349,0555,0,2026-06-13 12:34:20,0.0599052266779829,0
350,0691,0,2026-06-13 12:34:20,0.3688379659098946,0
351,0953,0,2026-06-13 12:34:20,0.7926303133177736,0
352,0010,0,2026-06-13 12:34:30,0.6120659169672537,0
353,0014,0,2026-06-13 12:34:30,0.4693401230638659,0
354,0020,0,2026-06-13 12:34:30,0.3688379659098946,0
355,0063,0,2026-06-13 12:34:30,0.7926303133177736,0
356,0077,0,2026-06-13 12:34:30,0.4693401230638659,0
357,0116,0,2026-06-13 12:34:30,0.1819789235448052,1
358,0131,0,2026-06-13 12:34:30,0.4693401230638659,0
359,0555,0,2026-06-13 12:34:30,0.0599052266779829,0
360,0691,0,2026-06-13 12:34:30,0.3688379659098946,0
361,0953,0,2026-06-13 12:34:30,0.7926303133177736,0
362,0010,0,2026-06-13 12:34:40,0.6120659169672537,0
363,0014,0,2026-06-13 12:34:40,0.4693401230638659,0
364,0020,0,2026-06-13 12:34:40,0.3688379659098946,0
365,0063,0,2026-06-13 12:34:40,0.7926303133177736,0
366,0077,0,2026-06-13 12:34:40,0.4693401230638659,0
367,0116,0,2026-06-13 12:34:40,0.1819789235448052,0
368,0131,0,2026-06-13 12:34:40,0.4693401230638659,0
369,0555,0,2026-06-13 12:34:40,0.0599052266779829,0
370,0691,0,2026-06-13 12:34:40,0.3688379659098946,0
371,0953,0,2026-06-13 12:34:40,0.7926303133177736,0
372,0010,0,2026-06-13 12:34:50,0.6120659169672537,0
373,0014,0,2026-06-13 12:34:50,0.4693401230638659,0
374,0020,0,2026-06-13 12:34:50,0.3688379659098946,0
375,0063,0,2026-06-13 12:34:50,0.7926303133177736,0
376,0077,0,2026-06-13 12:34:50,0.4693401230638659,1
377,0116,0,2026-06-13 12:34:50,0.1819789235448052,0
378,0131,0,2026-06-13 12:34:50,0.4693401230638659,0
379,0555,0,2026-06-13 12:34:50,0.0599052266779829,0
380,0691,0,2026-06-13 12:34:50,0.3688379659098946,0
381,0953,0,2026-06-13 12:34:50,0.7926303133177736,0
382,0010,0,2026-06-13 12:35:00,0.6120659169672537,0
383,0014,0,2026-06-13 12:35:00,0.4693401230638659,0
384,0020,0,2026-06-13 12:35:00,0.3688379659098946,0
385,0063,0,2026-06-13 12:35:00,0.7926303133177736,0
386,0077,0,2026-06-13 12:35:00,0.4693401230638659,0
387,0116,0,2026-06-13 12:35:00,0.1819789235448052,0
388,0131,0,2026-06-13 12:35:00,0.4693401230638659,0
389,0555,0,2026-06-13 12:35:00,0.0599052266779829,0
390,0691,0,2026-06-13 12:35:00,0.3688379659098946,0
391,0953,0,2026-06-13 12:35:00,0.7926303133177736,0
392,0014,0,2026-06-13 12:35:10,0.4693401230638659,0
393,0063,0,2026-06-13 12:35:10,0.7926303133177736,0
394,0077,0,2026-06-13 12:35:10,0.4693401230638659,0
395,0131,0,2026-06-13 12:35:10,0.4693401230638659,0
396,0555,0,2026-06-13 12:35:10,0.0599052266779829,0
397,0691,0,2026-06-13 12:35:10,0.3688379659098946,0
398,0953,0,2026-06-13 12:35:10,0.7926303133177736,1
399,0014,0,2026-06-13 12:35:20,0.4693401230638659,0
400,0063,0,2026-06-13 12:35:20,0.7926303133177736,0
401,0077,0,2026-06-13 12:35:20,0.4693401230638659,0
402,0131,0,2026-06-13 12:35:20,0.4693401230638659,0
403,0555,0,2026-06-13 12:35:20,0.0599052266779829,0
404,0691,0,2026-06-13 12:35:20,0.3688379659098946,0
405,0834,0,2026-06-13 12:35:20,0.3688379659098946,0
406,0953,0,2026-06-13 12:35:20,0.7926303133177736,0
407,0014,0,2026-06-13 12:35:30,0.4693401230638659,0
408,0063,0,2026-06-13 12:35:30,0.7926303133177736,0
409,0077,0,2026-06-13 12:35:30,0.4693401230638659,0
410,0131,0,2026-06-13 12:35:30,0.4693401230638659,0
411,0555,0,2026-06-13 12:35:30,0.0599052266779829,0
412,0691,0,2026-06-13 12:35:30,0.3688379659098946,0
413,0834,0,2026-06-13 12:35:30,0.3688379659098946,0
414,0953,0,2026-06-13 12:35:30,0.7926303133177736,0
415,0014,0,2026-06-13 12:35:40,0.4693401230638659,0
416,0063,0,2026-06-13 12:35:40,0.7926303133177736,0
417,0077,0,2026-06-13 12:35:40,0.4693401230638659,1
418,0131,0,2026-06-13 12:35:40,0.4693401230638659,0
419,0555,0,2026-06-13 12:35:40,0.0599052266779829,0
420,0691,0,2026-06-13 12:35:40,0.3688379659098946,0
421,0834,0,2026-06-13 12:35:40,0.3688379659098946,0
422,0953,0,2026-06-13 12:35:40,0.7926303133177736,0
423,0014,0,2026-06-13 12:35:50,0.4693401230638659,0
424,0063,0,2026-06-13 12:35:50,0.7926303133177736,0
425,0077,0,2026-06-13 12:35:50,0.4693401230638659,0
426,0131,0,2026-06-13 12:35:50,0.4693401230638659,0
427,0555,0,2026-06-13 12:35:50,0.0599052266779829,0
428,0691,0,2026-06-13 12:35:50,0.3688379659098946,0
429,0834,0,2026-06-13 12:35:50,0.3688379659098946,0
430,0077,0,2026-06-13 12:36:00,0.4693401230638659,0
431,0131,0,2026-06-13 12:36:00,0.4693401230638659,1
432,0131,0,2026-06-13 12:36:10,0.4693401230638659,0
433,0322,0,2026-06-13 14:04:10,0.2745597284107787,0
434,0322,0,2026-06-13 14:04:20,0.2745597284107787,0
435,0322,0,2026-06-13 14:04:30,0.2745597284107787,0
436,0322,0,2026-06-13 14:04:40,0.2745597284107787,0
437,0322,0,2026-06-13 14:04:50,0.2745597284107787,0
438,0322,0,2026-06-13 14:05:00,0.2745597284107787,0
439,0322,0,2026-06-13 14:05:10,0.2745597284107787,1
440,0322,0,2026-06-13 14:05:20,0.2745597284107787,0
441,0322,0,2026-06-13 14:05:30,0.2745597284107787,0
442,0608,0,2026-06-13 14:11:10,0.0599052266779829,0
443,0283,0,2026-06-13 14:11:20,0.5542824810806988,0
444,0608,0,2026-06-13 14:11:20,0.0599052266779829,0
445,0283,0,2026-06-13 14:11:30,0.5542824810806988,0
446,0608,0,2026-06-13 14:11:30,0.0599052266779829,0
447,0283,0,2026-06-13 14:11:40,0.5542824810806988,0
448,0608,0,2026-06-13 14:11:40,0.0599052266779829,0
449,0283,0,2026-06-13 14:11:50,0.5542824810806988,0
450,0608,0,2026-06-13 14:11:50,0.0599052266779829,0
451,0283,0,2026-06-13 14:12:00,0.5542824810806988,1
452,0608,0,2026-06-13 14:12:00,0.0599052266779829,0
453,0283,0,2026-06-13 14:12:10,0.5542824810806988,0
454,0608,0,2026-06-13 14:12:10,0.0599052266779829,0
455,0283,0,2026-06-13 14:12:20,0.5542824810806988,0
456,0608,0,2026-06-13 14:12:20,0.0599052266779829,0
457,0283,0,2026-06-13 14:12:30,0.5542824810806988,0
458,0608,0,2026-06-13 14:12:30,0.0599052266779829,0
459,0712,0,2026-06-13 14:12:30,0.1819789235448052,0
460,0283,0,2026-06-13 14:12:40,0.5542824810806988,0
461,0608,0,2026-06-13 14:12:40,0.0599052266779829,0
462,0712,0,2026-06-13 14:12:40,0.1819789235448052,0
463,0283,0,2026-06-13 14:12:50,0.5542824810806988,0
464,0608,0,2026-06-13 14:12:50,0.0599052266779829,0
465,0712,0,2026-06-13 14:12:50,0.1819789235448052,0
466,0283,0,2026-06-13 14:13:00,0.5542824810806988,0
467,0608,0,2026-06-13 14:13:00,0.0599052266779829,0
468,0712,0,2026-06-13 14:13:00,0.1819789235448052,0
469,0283,0,2026-06-13 14:13:10,0.5542824810806988,0
470,0712,0,2026-06-13 14:13:10,0.1819789235448052,0
471,0712,0,2026-06-13 14:13:20,0.1819789235448052,0
472,0313,0,2026-06-13 14:13:30,0.1182544734422519,0
473,0712,0,2026-06-13 14:13:30,0.1819789235448052,0
474,0313,0,2026-06-13 14:13:40,0.1182544734422519,0
475,0712,0,2026-06-13 14:13:40,0.1819789235448052,0
476,0313,0,2026-06-13 14:13:50,0.1182544734422519,0
477,0712,0,2026-06-13 14:13:50,0.1819789235448052,0
478,0313,0,2026-06-13 14:14:00,0.1182544734422519,0
479,0313,0,2026-06-13 14:14:10,0.1182544734422519,0
480,0313,0,2026-06-13 14:14:20,0.1182544734422519,1
481,0313,0,2026-06-13 14:14:30,0.1182544734422519,0
482,0313,0,2026-06-13 14:14:40,0.1182544734422519,0
483,0463,0,2026-06-13 14:14:40,0.1819789235448052,0
484,0463,0,2026-06-13 14:14:50,0.1819789235448052,0
485,0463,0,2026-06-13 14:15:00,0.1819789235448052,0
486,0463,0,2026-06-13 14:15:10,0.1819789235448052,1
487,0463,0,2026-06-13 14:15:20,0.1819789235448052,0
488,0463,0,2026-06-13 14:15:30,0.1819789235448052,0
489,0463,0,2026-06-13 14:15:40,0.1819789235448052,1
490,0677,0,2026-06-13 14:15:40,0.3688379659098946,0
491,0304,0,2026-06-13 14:15:50,0.6120659169672537,0
492,0463,0,2026-06-13 14:15:50,0.1819789235448052,0
493,0677,0,2026-06-13 14:15:50,0.3688379659098946,0
494,0304,0,2026-06-13 14:16:00,0.6120659169672537,0
495,0463,0,2026-06-13 14:16:00,0.1819789235448052,0
496,0677,0,2026-06-13 14:16:00,0.3688379659098946,0
497,0304,0,2026-06-13 14:16:10,0.6120659169672537,0
498,0463,0,2026-06-13 14:16:10,0.1819789235448052,0
499,0677,0,2026-06-13 14:16:10,0.3688379659098946,1
500,0857,0,2026-06-13 14:16:10,0.9304759884008770,0
501,0304,0,2026-06-13 14:16:20,0.6120659169672537,0
502,0381,0,2026-06-13 14:16:20,0.4693401230638659,0
503,0677,0,2026-06-13 14:16:20,0.3688379659098946,0
504,0857,0,2026-06-13 14:16:20,0.9304759884008770,0
505,0304,0,2026-06-13 14:16:30,0.6120659169672537,1
506,0381,0,2026-06-13 14:16:30,0.4693401230638659,0
507,0677,0,2026-06-13 14:16:30,0.3688379659098946,0
508,0857,0,2026-06-13 14:16:30,0.9304759884008770,0
509,0304,0,2026-06-13 14:16:40,0.6120659169672537,0
510,0381,0,2026-06-13 14:16:40,0.4693401230638659,0
511,0677,0,2026-06-13 14:16:40,0.3688379659098946,0
512,0857,0,2026-06-13 14:16:40,0.9304759884008770,0
513,0304,0,2026-06-13 14:16:50,0.6120659169672537,0
514,0381,0,2026-06-13 14:16:50,0.4693401230638659,0
515,0677,0,2026-06-13 14:16:50,0.3688379659098946,0
516,0857,0,2026-06-13 14:16:50,0.9304759884008770,0
517,0304,0,2026-06-13 14:17:00,0.6120659169672537,0
518,0381,0,2026-06-13 14:17:00,0.4693401230638659,0
519,0677,0,2026-06-13 14:17:00,0.3688379659098946,0
520,0857,0,2026-06-13 14:17:00,0.9304759884008770,0
521,0304,0,2026-06-13 14:17:10,0.6120659169672537,0
522,0381,0,2026-06-13 14:17:10,0.4693401230638659,0
523,0677,0,2026-06-13 14:17:10,0.3688379659098946,0
524,0857,0,2026-06-13 14:17:10,0.9304759884008770,0
525,0304,0,2026-06-13 14:17:20,0.6120659169672537,0
526,0381,0,2026-06-13 14:17:20,0.4693401230638659,0
527,0677,0,2026-06-13 14:17:20,0.3688379659098946,0
528,0857,0,2026-06-13 14:17:20,0.9304759884008770,0
529,0304,0,2026-06-13 14:17:30,0.6120659169672537,0
530,0381,0,2026-06-13 14:17:30,0.4693401230638659,0
531,0857,0,2026-06-13 14:17:30,0.9304759884008770,0
532,0381,0,2026-06-13 14:17:40,0.4693401230638659,0
533,0857,0,2026-06-13 14:17:40,0.9304759884008770,0
534,0381,0,2026-06-13 14:17:50,0.4693401230638659,0
535,0381,0,2026-06-13 14:18:00,0.4693401230638659,0
536,0381,0,2026-06-13 14:18:10,0.4693401230638659,0
537,0469,0,2026-06-13 15:12:00,0.5542824810806988,0
538,0469,0,2026-06-13 15:12:10,0.5542824810806988,0
539,0580,0,2026-06-13 15:32:40,0.5542824810806988,0
540,0580,0,2026-06-13 15:32:50,0.5542824810806988,0
541,0847,0,2026-06-13 15:32:50,0.0599052266779829,0
542,0580,0,2026-06-13 15:33:00,0.5542824810806988,0
543,0847,0,2026-06-13 15:33:00,0.0599052266779829,0
544,0580,0,2026-06-13 15:33:10,0.5542824810806988,1
545,0847,0,2026-06-13 15:33:10,0.0599052266779829,0
546,0580,0,2026-06-13 15:33:20,0.5542824810806988,0
547,0847,0,2026-06-13 15:33:20,0.0599052266779829,0
548,0580,0,2026-06-13 15:33:30,0.5542824810806988,0
549,0847,0,2026-06-13 15:33:30,0.0599052266779829,0
550,0962,0,2026-06-13 15:33:30,0.4693401230638659,0
551,0203,0,2026-06-13 15:33:40,0.3688379659098946,0
552,0580,0,2026-06-13 15:33:40,0.5542824810806988,1
553,0847,0,2026-06-13 15:33:40,0.0599052266779829,0
554,0962,0,2026-06-13 15:33:40,0.4693401230638659,0
555,0203,0,2026-06-13 15:33:50,0.3688379659098946,0
556,0580,0,2026-06-13 15:33:50,0.5542824810806988,0
557,0847,0,2026-06-13 15:33:50,0.0599052266779829,0
558,0946,0,2026-06-13 15:33:50,0.1182544734422519,0
559,0962,0,2026-06-13 15:33:50,0.4693401230638659,0
560,0203,0,2026-06-13 15:34:00,0.3688379659098946,0
561,0374,0,2026-06-13 15:34:00,1.0000000000000000,0
562,0392,0,2026-06-13 15:34:00,0.3688379659098946,0
563,0580,0,2026-06-13 15:34:00,0.5542824810806988,0
564,0582,0,2026-06-13 15:34:00,0.1819789235448052,1
565,0710,0,2026-06-13 15:34:00,0.0599052266779829,0
566,0847,0,2026-06-13 15:34:00,0.0599052266779829,0
567,0946,0,2026-06-13 15:34:00,0.1182544734422519,0
568,0962,0,2026-06-13 15:34:00,0.4693401230638659,0
569,0203,0,2026-06-13 15:34:10,0.3688379659098946,0
570,0374,0,2026-06-13 15:34:10,1.0000000000000000,0
571,0392,0,2026-06-13 15:34:10,0.3688379659098946,0
572,0580,0,2026-06-13 15:34:10,0.5542824810806988,0
573,0582,0,2026-06-13 15:34:10,0.1819789235448052,1
574,0710,0,2026-06-13 15:34:10,0.0599052266779829,0
575,0847,0,2026-06-13 15:34:10,0.0599052266779829,0
576,0946,0,2026-06-13 15:34:10,0.1182544734422519,0
577,0962,0,2026-06-13 15:34:10,0.4693401230638659,0
578,0985,0,2026-06-13 15:34:10,0.2745597284107787,0
579,0151,0,2026-06-13 15:34:20,0.1182544734422519,0
580,0203,0,2026-06-13 15:34:20,0.3688379659098946,0
581,0374,0,2026-06-13 15:34:20,1.0000000000000000,0
582,0392,0,2026-06-13 15:34:20,0.3688379659098946,0
583,0580,0,2026-06-13 15:34:20,0.5542824810806988,0
584,0710,0,2026-06-13 15:34:20,0.0599052266779829,0
585,0847,0,2026-06-13 15:34:20,0.0599052266779829,0
586,0946,0,2026-06-13 15:34:20,0.1182544734422519,1
587,0962,0,2026-06-13 15:34:20,0.4693401230638659,0
588,0985,0,2026-06-13 15:34:20,0.2745597284107787,0
589,0151,0,2026-06-13 15:34:30,0.1182544734422519,0
590,0203,0,2026-06-13 15:34:30,0.3688379659098946,0
591,0374,0,2026-06-13 15:34:30,1.0000000000000000,0
592,0392,0,2026-06-13 15:34:30,0.3688379659098946,0
593,0710,0,2026-06-13 15:34:30,0.0599052266779829,0
594,0946,0,2026-06-13 15:34:30,0.1182544734422519,0
595,0962,0,2026-06-13 15:34:30,0.4693401230638659,0
596,0985,0,2026-06-13 15:34:30,0.2745597284107787,1
597,0151,0,2026-06-13 15:34:40,0.1182544734422519,0
598,0203,0,2026-06-13 15:34:40,0.3688379659098946,0
599,0355,0,2026-06-13 15:34:40,0.6883796590989462,0
600,0374,0,2026-06-13 15:34:40,1.0000000000000000,0
601,0392,0,2026-06-13 15:34:40,0.3688379659098946,0
602,0710,0,2026-06-13 15:34:40,0.0599052266779829,0
603,0862,0,2026-06-13 15:34:40,0.4693401230638659,0
604,0946,0,2026-06-13 15:34:40,0.1182544734422519,0
605,0962,0,2026-06-13 15:34:40,0.4693401230638659,0
606,0985,0,2026-06-13 15:34:40,0.2745597284107787,0
607,0069,0,2026-06-13 15:34:50,0.8562133107008982,0
608,0151,0,2026-06-13 15:34:50,0.1182544734422519,0
609,0203,0,2026-06-13 15:34:50,0.3688379659098946,0
610,0355,0,2026-06-13 15:34:50,0.6883796590989462,0
611,0374,0,2026-06-13 15:34:50,1.0000000000000000,0
612,0392,0,2026-06-13 15:34:50,0.3688379659098946,0
613,0710,0,2026-06-13 15:34:50,0.0599052266779829,0
614,0763,0,2026-06-13 15:34:50,0.7926303133177736,0
615,0862,0,2026-06-13 15:34:50,0.4693401230638659,0
616,0962,0,2026-06-13 15:34:50,0.4693401230638659,0
617,0985,0,2026-06-13 15:34:50,0.2745597284107787,0
618,0069,0,2026-06-13 15:35:00,0.8562133107008982,1
619,0151,0,2026-06-13 15:35:00,0.1182544734422519,0
620,0203,0,2026-06-13 15:35:00,0.3688379659098946,0
621,0340,0,2026-06-13 15:35:00,1.0000000000000000,0
622,0355,0,2026-06-13 15:35:00,0.6883796590989462,0
623,0374,0,2026-06-13 15:35:00,1.0000000000000000,0
624,0392,0,2026-06-13 15:35:00,0.3688379659098946,0
625,0560,0,2026-06-13 15:35:00,0.8562133107008982,0
626,0710,0,2026-06-13 15:35:00,0.0599052266779829,0
627,0763,0,2026-06-13 15:35:00,0.7926303133177736,0
628,0862,0,2026-06-13 15:35:00,0.4693401230638659,0
629,0962,0,2026-06-13 15:35:00,0.4693401230638659,0
630,0985,0,2026-06-13 15:35:00,0.2745597284107787,0
631,0069,0,2026-06-13 15:35:10,0.8562133107008982,0
632,0151,0,2026-06-13 15:35:10,0.1182544734422519,0
633,0203,0,2026-06-13 15:35:10,0.3688379659098946,0
634,0340,0,2026-06-13 15:35:10,1.0000000000000000,0
635,0355,0,2026-06-13 15:35:10,0.6883796590989462,0
636,0374,0,2026-06-13 15:35:10,1.0000000000000000,0
637,0392,0,2026-06-13 15:35:10,0.3688379659098946,0
638,0560,0,2026-06-13 15:35:10,0.8562133107008982,0
639,0710,0,2026-06-13 15:35:10,0.0599052266779829,0
640,0763,0,2026-06-13 15:35:10,0.7926303133177736,0
641,0862,0,2026-06-13 15:35:10,0.4693401230638659,0
642,0985,0,2026-06-13 15:35:10,0.2745597284107787,0
643,0069,0,2026-06-13 15:35:20,0.8562133107008982,0
644,0243,0,2026-06-13 15:35:20,0.8562133107008982,0
645,0340,0,2026-06-13 15:35:20,1.0000000000000000,1
646,0392,0,2026-06-13 15:35:20,0.3688379659098946,0
647,0560,0,2026-06-13 15:35:20,0.8562133107008982,0
648,0710,0,2026-06-13 15:35:20,0.0599052266779829,0
649,0763,0,2026-06-13 15:35:20,0.7926303133177736,0
650,0862,0,2026-06-13 15:35:20,0.4693401230638659,0
651,0985,0,2026-06-13 15:35:20,0.2745597284107787,0
652,0069,0,2026-06-13 15:35:30,0.8562133107008982,0
653,0243,0,2026-06-13 15:35:30,0.8562133107008982,0
654,0340,0,2026-06-13 15:35:30,1.0000000000000000,0
655,0392,0,2026-06-13 15:35:30,0.3688379659098946,0
656,0560,0,2026-06-13 15:35:30,0.8562133107008982,0
657,0710,0,2026-06-13 15:35:30,0.0599052266779829,0
658,0763,0,2026-06-13 15:35:30,0.7926303133177736,0
659,0862,0,2026-06-13 15:35:30,0.4693401230638659,0
660,0985,0,2026-06-13 15:35:30,0.2745597284107787,0
661,0243,0,2026-06-13 15:35:40,0.8562133107008982,0
662,0340,0,2026-06-13 15:35:40,1.0000000000000000,0
663,0392,0,2026-06-13 15:35:40,0.3688379659098946,0
664,0560,0,2026-06-13 15:35:40,0.8562133107008982,0
665,0710,0,2026-06-13 15:35:40,0.0599052266779829,0
666,0763,0,2026-06-13 15:35:40,0.7926303133177736,0
667,0862,0,2026-06-13 15:35:40,0.4693401230638659,0
668,0243,0,2026-06-13 15:35:50,0.8562133107008982,0
669,0340,0,2026-06-13 15:35:50,1.0000000000000000,0
670,0392,0,2026-06-13 15:35:50,0.3688379659098946,0
671,0560,0,2026-06-13 15:35:50,0.8562133107008982,0
672,0710,0,2026-06-13 15:35:50,0.0599052266779829,1
673,0763,0,2026-06-13 15:35:50,0.7926303133177736,0
674,0862,0,2026-06-13 15:35:50,0.4693401230638659,0
675,0930,0,2026-06-13 15:35:50,0.5542824810806988,0
676,0243,0,2026-06-13 15:36:00,0.8562133107008982,0
677,0305,0,2026-06-13 15:36:00,0.4693401230638659,0
678,0340,0,2026-06-13 15:36:00,1.0000000000000000,0
679,0560,0,2026-06-13 15:36:00,0.8562133107008982,0
680,0763,0,2026-06-13 15:36:00,0.7926303133177736,0
681,0806,0,2026-06-13 15:36:00,0.9304759884008770,0
682,0862,0,2026-06-13 15:36:00,0.4693401230638659,0
683,0930,0,2026-06-13 15:36:00,0.5542824810806988,0
684,0243,0,2026-06-13 15:36:10,0.8562133107008982,0
685,0305,0,2026-06-13 15:36:10,0.4693401230638659,0
686,0340,0,2026-06-13 15:36:10,1.0000000000000000,0
687,0560,0,2026-06-13 15:36:10,0.8562133107008982,0
688,0733,0,2026-06-13 15:36:10,0.6120659169672537,0
689,0763,0,2026-06-13 15:36:10,0.7926303133177736,0
690,0806,0,2026-06-13 15:36:10,0.9304759884008770,0
691,0862,0,2026-06-13 15:36:10,0.4693401230638659,0
692,0930,0,2026-06-13 15:36:10,0.5542824810806988,0
693,0243,0,2026-06-13 15:36:20,0.8562133107008982,0
694,0305,0,2026-06-13 15:36:20,0.4693401230638659,0
695,0340,0,2026-06-13 15:36:20,1.0000000000000000,0
696,0560,0,2026-06-13 15:36:20,0.8562133107008982,0
697,0733,0,2026-06-13 15:36:20,0.6120659169672537,0
698,0763,0,2026-06-13 15:36:20,0.7926303133177736,0
699,0806,0,2026-06-13 15:36:20,0.9304759884008770,0
700,0930,0,2026-06-13 15:36:20,0.5542824810806988,0
701,0243,0,2026-06-13 15:36:30,0.8562133107008982,0
702,0305,0,2026-06-13 15:36:30,0.4693401230638659,0
703,0340,0,2026-06-13 15:36:30,1.0000000000000000,0
704,0560,0,2026-06-13 15:36:30,0.8562133107008982,0
705,0733,0,2026-06-13 15:36:30,0.6120659169672537,0
706,0763,0,2026-06-13 15:36:30,0.7926303133177736,0
707,0806,0,2026-06-13 15:36:30,0.9304759884008770,0
708,0930,0,2026-06-13 15:36:30,0.5542824810806988,0
709,0243,0,2026-06-13 15:36:40,0.8562133107008982,0
710,0305,0,2026-06-13 15:36:40,0.4693401230638659,1
711,0340,0,2026-06-13 15:36:40,1.0000000000000000,0
712,0560,0,2026-06-13 15:36:40,0.8562133107008982,0
713,0733,0,2026-06-13 15:36:40,0.6120659169672537,0
714,0806,0,2026-06-13 15:36:40,0.9304759884008770,0
715,0930,0,2026-06-13 15:36:40,0.5542824810806988,0
716,0243,0,2026-06-13 15:36:50,0.8562133107008982,0
717,0305,0,2026-06-13 15:36:50,0.4693401230638659,0
718,0733,0,2026-06-13 15:36:50,0.6120659169672537,0
719,0806,0,2026-06-13 15:36:50,0.9304759884008770,0
720,0930,0,2026-06-13 15:36:50,0.5542824810806988,0
721,0243,0,2026-06-13 15:37:00,0.8562133107008982,0
722,0305,0,2026-06-13 15:37:00,0.4693401230638659,0
723,0545,0,2026-06-13 15:37:00,0.9304759884008770,0
724,0733,0,2026-06-13 15:37:00,0.6120659169672537,0
725,0806,0,2026-06-13 15:37:00,0.9304759884008770,1
726,0930,0,2026-06-13 15:37:00,0.5542824810806988,0
727,0243,0,2026-06-13 15:37:10,0.8562133107008982,0
728,0305,0,2026-06-13 15:37:10,0.4693401230638659,0
729,0545,0,2026-06-13 15:37:10,0.9304759884008770,0
730,0733,0,2026-06-13 15:37:10,0.6120659169672537,0
731,0806,0,2026-06-13 15:37:10,0.9304759884008770,0
732,0930,0,2026-06-13 15:37:10,0.5542824810806988,0
733,0305,0,2026-06-13 15:37:20,0.4693401230638659,1
734,0545,0,2026-06-13 15:37:20,0.9304759884008770,0
735,0733,0,2026-06-13 15:37:20,0.6120659169672537,0
736,0806,0,2026-06-13 15:37:20,0.9304759884008770,0
737,0930,0,2026-06-13 15:37:20,0.5542824810806988,0
738,0305,0,2026-06-13 15:37:30,0.4693401230638659,0
739,0545,0,2026-06-13 15:37:30,0.9304759884008770,0
740,0733,0,2026-06-13 15:37:30,0.6120659169672537,0
741,0305,0,2026-06-13 15:37:40,0.4693401230638659,0
742,0515,0,2026-06-13 15:37:40,0.4693401230638659,0
743,0545,0,2026-06-13 15:37:40,0.9304759884008770,0
744,0733,0,2026-06-13 15:37:40,0.6120659169672537,0
745,0274,0,2026-06-13 15:37:50,0.3688379659098946,0
746,0515,0,2026-06-13 15:37:50,0.4693401230638659,0
747,0545,0,2026-06-13 15:37:50,0.9304759884008770,0
748,0733,0,2026-06-13 15:37:50,0.6120659169672537,0
749,0274,0,2026-06-13 15:38:00,0.3688379659098946,0
750,0515,0,2026-06-13 15:38:00,0.4693401230638659,0
751,0545,0,2026-06-13 15:38:00,0.9304759884008770,0
752,0733,0,2026-06-13 15:38:00,0.6120659169672537,0
753,0244,0,2026-06-13 15:38:10,0.6120659169672537,1
754,0274,0,2026-06-13 15:38:10,0.3688379659098946,0
755,0515,0,2026-06-13 15:38:10,0.4693401230638659,0
756,0545,0,2026-06-13 15:38:10,0.9304759884008770,0
757,0244,0,2026-06-13 15:38:20,0.6120659169672537,0
758,0274,0,2026-06-13 15:38:20,0.3688379659098946,0
759,0515,0,2026-06-13 15:38:20,0.4693401230638659,0
760,0545,0,2026-06-13 15:38:20,0.9304759884008770,0
761,0244,0,2026-06-13 15:38:30,0.6120659169672537,0
762,0274,0,2026-06-13 15:38:30,0.3688379659098946,0
763,0515,0,2026-06-13 15:38:30,0.4693401230638659,0
764,0545,0,2026-06-13 15:38:30,0.9304759884008770,0
765,0244,0,2026-06-13 15:38:40,0.6120659169672537,0
766,0274,0,2026-06-13 15:38:40,0.3688379659098946,0
767,0515,0,2026-06-13 15:38:40,0.4693401230638659,0
768,0545,0,2026-06-13 15:38:40,0.9304759884008770,0
769,0244,0,2026-06-13 15:38:50,0.6120659169672537,0
770,0274,0,2026-06-13 15:38:50,0.3688379659098946,0
771,0515,0,2026-06-13 15:38:50,0.4693401230638659,0
772,0545,0,2026-06-13 15:38:50,0.9304759884008770,0
773,0244,0,2026-06-13 15:39:00,0.6120659169672537,0
774,0274,0,2026-06-13 15:39:00,0.3688379659098946,0
775,0515,0,2026-06-13 15:39:00,0.4693401230638659,1
776,0244,0,2026-06-13 15:39:10,0.6120659169672537,0
777,0274,0,2026-06-13 15:39:10,0.3688379659098946,0
778,0515,0,2026-06-13 15:39:10,0.4693401230638659,0
779,0244,0,2026-06-13 15:39:20,0.6120659169672537,0
780,0274,0,2026-06-13 15:39:20,0.3688379659098946,1
781,0515,0,2026-06-13 15:39:20,0.4693401230638659,0
782,0796,0,2026-06-13 15:39:20,0.2745597284107787,0
783,0244,0,2026-06-13 15:39:30,0.6120659169672537,0
784,0274,0,2026-06-13 15:39:30,0.3688379659098946,0
785,0515,0,2026-06-13 15:39:30,0.4693401230638659,1
786,0796,0,2026-06-13 15:39:30,0.2745597284107787,0
787,0244,0,2026-06-13 15:39:40,0.6120659169672537,0
788,0274,0,2026-06-13 15:39:40,0.3688379659098946,0
789,0796,0,2026-06-13 15:39:40,0.2745597284107787,0
790,0244,0,2026-06-13 15:39:50,0.6120659169672537,0
791,0796,0,2026-06-13 15:39:50,0.2745597284107787,0
792,0796,0,2026-06-13 15:40:00,0.2745597284107787,0
793,0796,0,2026-06-13 15:40:10,0.2745597284107787,0
794,0796,0,2026-06-13 15:40:20,0.2745597284107787,0
795,0796,0,2026-06-13 15:40:30,0.2745597284107787,0
796,0798,0,2026-06-13 15:41:20,0.1182544734422519,0
797,0798,0,2026-06-13 15:41:30,0.1182544734422519,0
798,0798,0,2026-06-13 15:41:40,0.1182544734422519,0
799,0798,0,2026-06-13 15:41:50,0.1182544734422519,0
800,0798,0,2026-06-13 15:42:00,0.1182544734422519,0
801,0798,0,2026-06-13 15:42:10,0.1182544734422519,0
802,0798,0,2026-06-13 15:42:20,0.1182544734422519,0
803,0798,0,2026-06-13 15:42:30,0.1182544734422519,0
804,0588,0,2026-06-13 15:42:40,0.4693401230638659,0
805,0618,0,2026-06-13 15:42:40,0.1182544734422519,0
806,0588,0,2026-06-13 15:42:50,0.4693401230638659,0
807,0618,0,2026-06-13 15:42:50,0.1182544734422519,0
808,0588,0,2026-06-13 15:43:00,0.4693401230638659,0
809,0618,0,2026-06-13 15:43:00,0.1182544734422519,0
810,0588,0,2026-06-13 15:43:10,0.4693401230638659,0
811,0618,0,2026-06-13 15:43:10,0.1182544734422519,1
812,0588,0,2026-06-13 15:43:20,0.4693401230638659,0
813,0618,0,2026-06-13 15:43:20,0.1182544734422519,0
814,0588,0,2026-06-13 15:43:30,0.4693401230638659,0
815,0618,0,2026-06-13 15:43:30,0.1182544734422519,0
816,0588,0,2026-06-13 15:43:40,0.4693401230638659,0
817,0618,0,2026-06-13 15:43:40,0.1182544734422519,0
818,0588,0,2026-06-13 15:43:50,0.4693401230638659,0
819,0618,0,2026-06-13 15:43:50,0.1182544734422519,0
820,0588,0,2026-06-13 15:44:00,0.4693401230638659,0
821,0618,0,2026-06-13 15:44:00,0.1182544734422519,0
822,0588,0,2026-06-13 15:44:10,0.4693401230638659,0
823,0618,0,2026-06-13 15:44:10,0.1182544734422519,0
824,0588,0,2026-06-13 15:44:20,0.4693401230638659,1
825,0618,0,2026-06-13 15:44:20,0.1182544734422519,0
826,0618,0,2026-06-13 15:44:30,0.1182544734422519,0
827,0661,0,2026-06-13 16:51:50,0.6883796590989462,1
828,0661,0,2026-06-13 16:52:00,0.6883796590989462,0
829,0661,0,2026-06-13 16:52:10,0.6883796590989462,0
830,0661,0,2026-06-13 16:52:20,0.6883796590989462,0
831,0904,0,2026-06-13 17:10:00,0.8562133107008982,0
832,0904,0,2026-06-13 17:10:10,0.8562133107008982,0
833,0904,0,2026-06-13 17:10:20,0.8562133107008982,1
834,0904,0,2026-06-13 17:10:30,0.8562133107008982,0
835,0904,0,2026-06-13 17:10:40,0.8562133107008982,0
836,0904,0,2026-06-13 17:10:50,0.8562133107008982,0
837,0904,0,2026-06-13 17:11:00,0.8562133107008982,0
838,0005,0,2026-06-13 17:11:10,0.4693401230638659,0
839,0904,0,2026-06-13 17:11:10,0.8562133107008982,0
840,0005,0,2026-06-13 17:11:20,0.4693401230638659,0
841,0904,0,2026-06-13 17:11:20,0.8562133107008982,0
842,0005,0,2026-06-13 17:11:30,0.4693401230638659,0
843,0904,0,2026-06-13 17:11:30,0.8562133107008982,0
844,0005,0,2026-06-13 17:11:40,0.4693401230638659,0
845,0904,0,2026-06-13 17:11:40,0.8562133107008982,0
846,0005,0,2026-06-13 17:11:50,0.4693401230638659,0
847,0904,0,2026-06-13 17:11:50,0.8562133107008982,0
848,0005,0,2026-06-13 17:12:00,0.4693401230638659,0
849,0005,0,2026-06-13 17:12:10,0.4693401230638659,0
850,0005,0,2026-06-13 17:12:20,0.4693401230638659,0
851,0005,0,2026-06-13 17:12:30,0.4693401230638659,0
852,0717,0,2026-06-13 17:13:00,1.0000000000000000,0
853,0717,0,2026-06-13 17:13:10,1.0000000000000000,0
854,0717,0,2026-06-13 17:13:20,1.0000000000000000,0
855,0802,0,2026-06-13 17:13:20,0.8562133107008982,0
856,0717,0,2026-06-13 17:13:30,1.0000000000000000,0
857,0802,0,2026-06-13 17:13:30,0.8562133107008982,0
858,0717,0,2026-06-13 17:13:40,1.0000000000000000,0
859,0802,0,2026-06-13 17:13:40,0.8562133107008982,0
860,0717,0,2026-06-13 17:13:50,1.0000000000000000,0
861,0802,0,2026-06-13 17:13:50,0.8562133107008982,0
862,0717,0,2026-06-13 17:14:00,1.0000000000000000,0
863,0802,0,2026-06-13 17:14:00,0.8562133107008982,0
864,0717,0,2026-06-13 17:14:10,1.0000000000000000,0
865,0802,0,2026-06-13 17:14:10,0.8562133107008982,0
866,0717,0,2026-06-13 17:14:20,1.0000000000000000,0
867,0802,0,2026-06-13 17:14:20,0.8562133107008982,0
868,0717,0,2026-06-13 17:14:30,1.0000000000000000,0
869,0802,0,2026-06-13 17:14:30,0.8562133107008982,0
870,0717,0,2026-06-13 17:14:40,1.0000000000000000,0
871,0802,0,2026-06-13 17:14:40,0.8562133107008982,0
872,0802,0,2026-06-13 17:14:50,0.8562133107008982,0
873,0178,0,2026-06-13 17:15:10,0.1182544734422519,1
874,0178,0,2026-06-13 17:15:20,0.1182544734422519,0
875,0222,0,2026-06-13 17:15:20,0.1182544734422519,0
876,0178,0,2026-06-13 17:15:30,0.1182544734422519,0
877,0222,0,2026-06-13 17:15:30,0.1182544734422519,1
878,0178,0,2026-06-13 17:15:40,0.1182544734422519,0
879,0222,0,2026-06-13 17:15:40,0.1182544734422519,0
880,0178,0,2026-06-13 17:15:50,0.1182544734422519,0
881,0222,0,2026-06-13 17:15:50,0.1182544734422519,0
882,0178,0,2026-06-13 17:16:00,0.1182544734422519,0
883,0222,0,2026-06-13 17:16:00,0.1182544734422519,0
884,0178,0,2026-06-13 17:16:10,0.1182544734422519,0
885,0222,0,2026-06-13 17:16:10,0.1182544734422519,0
886,0178,0,2026-06-13 17:16:20,0.1182544734422519,1
887,0222,0,2026-06-13 17:16:20,0.1182544734422519,0
888,0178,0,2026-06-13 17:16:30,0.1182544734422519,0
889,0222,0,2026-06-13 17:16:30,0.1182544734422519,0
890,0747,0,2026-06-13 17:16:30,0.2745597284107787,0
891,0178,0,2026-06-13 17:16:40,0.1182544734422519,0
892,0222,0,2026-06-13 17:16:40,0.1182544734422519,0
893,0747,0,2026-06-13 17:16:40,0.2745597284107787,0
894,0222,0,2026-06-13 17:16:50,0.1182544734422519,0
895,0747,0,2026-06-13 17:16:50,0.2745597284107787,0
896,0222,0,2026-06-13 17:17:00,0.1182544734422519,0
897,0747,0,2026-06-13 17:17:00,0.2745597284107787,0
898,0118,0,2026-06-13 17:17:10,0.4693401230638659,0
899,0747,0,2026-06-13 17:17:10,0.2745597284107787,1
900,0921,0,2026-06-13 17:17:10,0.9304759884008770,0
901,0118,0,2026-06-13 17:17:20,0.4693401230638659,0
902,0747,0,2026-06-13 17:17:20,0.2745597284107787,0
903,0921,0,2026-06-13 17:17:20,0.9304759884008770,0
904,0118,0,2026-06-13 17:17:30,0.4693401230638659,0
905,0747,0,2026-06-13 17:17:30,0.2745597284107787,0
906,0921,0,2026-06-13 17:17:30,0.9304759884008770,0
907,0118,0,2026-06-13 17:17:40,0.4693401230638659,0
908,0747,0,2026-06-13 17:17:40,0.2745597284107787,0
909,0921,0,2026-06-13 17:17:40,0.9304759884008770,0
910,0118,0,2026-06-13 17:17:50,0.4693401230638659,0
911,0747,0,2026-06-13 17:17:50,0.2745597284107787,0
912,0921,0,2026-06-13 17:17:50,0.9304759884008770,1
913,0118,0,2026-06-13 17:18:00,0.4693401230638659,0
914,0747,0,2026-06-13 17:18:00,0.2745597284107787,0
915,0921,0,2026-06-13 17:18:00,0.9304759884008770,0
916,0118,0,2026-06-13 17:18:10,0.4693401230638659,0
917,0747,0,2026-06-13 17:18:10,0.2745597284107787,0
918,0771,0,2026-06-13 17:18:10,0.5542824810806988,0
919,0921,0,2026-06-13 17:18:10,0.9304759884008770,0
920,0747,0,2026-06-13 17:18:20,0.2745597284107787,0
921,0771,0,2026-06-13 17:18:20,0.5542824810806988,0
922,0771,0,2026-06-13 17:18:30,0.5542824810806988,0
923,0771,0,2026-06-13 17:18:40,0.5542824810806988,0
924,0771,0,2026-06-13 17:18:50,0.5542824810806988,0
925,0771,0,2026-06-13 17:19:00,0.5542824810806988,0
926,0771,0,2026-06-13 17:19:10,0.5542824810806988,0
927,0771,0,2026-06-13 17:19:20,0.5542824810806988,0
928,0771,0,2026-06-13 17:19:30,0.5542824810806988,0
929,0771,0,2026-06-13 17:19:40,0.5542824810806988,0
930,0076,0,2026-06-13 18:30:50,0.2745597284107787,0
931,0076,0,2026-06-13 18:31:00,0.2745597284107787,0
932,0076,0,2026-06-13 18:31:10,0.2745597284107787,0
933,0076,0,2026-06-13 18:31:20,0.2745597284107787,0
934,0076,0,2026-06-13 18:31:30,0.2745597284107787,0
935,0172,0,2026-06-13 18:31:30,0.3688379659098946,0
936,0076,0,2026-06-13 18:31:40,0.2745597284107787,0
937,0172,0,2026-06-13 18:31:40,0.3688379659098946,0
938,0076,0,2026-06-13 18:31:50,0.2745597284107787,0
939,0172,0,2026-06-13 18:31:50,0.3688379659098946,0
940,0076,0,2026-06-13 18:32:00,0.2745597284107787,0
941,0172,0,2026-06-13 18:32:00,0.3688379659098946,0
942,0076,0,2026-06-13 18:32:10,0.2745597284107787,0
943,0172,0,2026-06-13 18:32:10,0.3688379659098946,0
944,0076,0,2026-06-13 18:32:20,0.2745597284107787,0
945,0172,0,2026-06-13 18:32:20,0.3688379659098946,0
946,0076,0,2026-06-13 18:32:30,0.2745597284107787,0
947,0172,0,2026-06-13 18:32:30,0.3688379659098946,0
948,0076,0,2026-06-13 18:32:40,0.2745597284107787,0
949,0172,0,2026-06-13 18:32:40,0.3688379659098946,0
950,0981,0,2026-06-13 18:49:00,0.7926303133177736,0
951,0981,0,2026-06-13 18:49:10,0.7926303133177736,0
952,0981,0,2026-06-13 18:49:20,0.7926303133177736,0
953,0981,0,2026-06-13 18:49:30,0.7926303133177736,0
954,0159,0,2026-06-13 18:49:40,0.9304759884008770,0
955,0981,0,2026-06-13 18:49:40,0.7926303133177736,0
956,0159,0,2026-06-13 18:49:50,0.9304759884008770,0
957,0981,0,2026-06-13 18:49:50,0.7926303133177736,0
958,0159,0,2026-06-13 18:50:00,0.9304759884008770,0
959,0981,0,2026-06-13 18:50:00,0.7926303133177736,0
960,0159,0,2026-06-13 18:50:10,0.9304759884008770,0
961,0981,0,2026-06-13 18:50:10,0.7926303133177736,0
962,0095,0,2026-06-13 18:50:20,0.0599052266779829,0
963,0159,0,2026-06-13 18:50:20,0.9304759884008770,0
964,0981,0,2026-06-13 18:50:20,0.7926303133177736,0
965,0095,0,2026-06-13 18:50:30,0.0599052266779829,0
966,0159,0,2026-06-13 18:50:30,0.9304759884008770,1
967,0981,0,2026-06-13 18:50:30,0.7926303133177736,0
968,0095,0,2026-06-13 18:50:40,0.0599052266779829,0
969,0159,0,2026-06-13 18:50:40,0.9304759884008770,0
970,0981,0,2026-06-13 18:50:40,0.7926303133177736,0
971,0095,0,2026-06-13 18:50:50,0.0599052266779829,1
972,0159,0,2026-06-13 18:50:50,0.9304759884008770,0
973,0981,0,2026-06-13 18:50:50,0.7926303133177736,0
974,0095,0,2026-06-13 18:51:00,0.0599052266779829,0
975,0159,0,2026-06-13 18:51:00,0.9304759884008770,0
976,0095,0,2026-06-13 18:51:10,0.0599052266779829,0
977,0159,0,2026-06-13 18:51:10,0.9304759884008770,0
978,0095,0,2026-06-13 18:51:20,0.0599052266779829,0
979,0095,0,2026-06-13 18:51:30,0.0599052266779829,0
980,0095,0,2026-06-13 18:51:40,0.0599052266779829,0
981,0095,0,2026-06-13 18:51:50,0.0599052266779829,0
982,0095,0,2026-06-13 18:52:00,0.0599052266779829,0
983,0908,0,2026-06-13 20:08:30,0.3688379659098946,0
984,0908,0,2026-06-13 20:08:40,0.3688379659098946,0
985,0908,0,2026-06-13 20:08:50,0.3688379659098946,0
986,0908,0,2026-06-13 20:09:00,0.3688379659098946,0
987,0908,0,2026-06-13 20:09:10,0.3688379659098946,0
988,0908,0,2026-06-13 20:09:20,0.3688379659098946,0
989,0908,0,2026-06-13 20:09:30,0.3688379659098946,0
990,0908,0,2026-06-13 20:09:40,0.3688379659098946,0
991,0908,0,2026-06-13 20:09:50,0.3688379659098946,0
992,0668,0,2026-06-13 20:10:00,0.7926303133177736,0
993,0908,0,2026-06-13 20:10:00,0.3688379659098946,0
994,0668,0,2026-06-13 20:10:10,0.7926303133177736,0
995,0668,0,2026-06-13 20:10:20,0.7926303133177736,0
996,0668,0,2026-06-13 20:10:30,0.7926303133177736,0
997,0668,0,2026-06-13 20:10:40,0.7926303133177736,0
998,0668,0,2026-06-13 20:10:50,0.7926303133177736,0
999,0721,0,2026-06-14 01:24:40,0.7926303133177736,0
1000,0721,0,2026-06-14 01:24:50,0.7926303133177736,0
1001,0721,0,2026-06-14 01:25:00,0.7926303133177736,0
1002,0721,0,2026-06-14 01:25:10,0.7926303133177736,0
1003,0721,0,2026-06-14 01:25:20,0.7926303133177736,0
1004,0721,0,2026-06-14 01:25:30,0.7926303133177736,0
1005,0721,0,2026-06-14 01:25:40,0.7926303133177736,0
1006,0721,0,2026-06-14 01:25:50,0.7926303133177736,1
1007,0721,0,2026-06-14 01:26:00,0.7926303133177736,0
1008,0721,0,2026-06-14 01:26:10,0.7926303133177736,0
1009,0721,0,2026-06-14 01:26:20,0.7926303133177736,0
1010,0851,0,2026-06-14 01:28:10,0.2745597284107787,1
1011,0431,0,2026-06-14 01:28:20,0.1819789235448052,0
1012,0851,0,2026-06-14 01:28:20,0.2745597284107787,0
1013,0431,0,2026-06-14 01:28:30,0.1819789235448052,0
1014,0517,0,2026-06-14 01:28:30,0.5542824810806988,0
1015,0631,0,2026-06-14 01:28:30,0.6883796590989462,0
1016,0660,0,2026-06-14 01:28:30,0.6883796590989462,0
1017,0851,0,2026-06-14 01:28:30,0.2745597284107787,0
1018,0362,0,2026-06-14 01:28:40,0.1819789235448052,0
1019,0394,0,2026-06-14 01:28:40,0.6883796590989462,0
1020,0431,0,2026-06-14 01:28:40,0.1819789235448052,0
1021,0517,0,2026-06-14 01:28:40,0.5542824810806988,0
1022,0631,0,2026-06-14 01:28:40,0.6883796590989462,0
1023,0660,0,2026-06-14 01:28:40,0.6883796590989462,0
1024,0851,0,2026-06-14 01:28:40,0.2745597284107787,0
1025,0362,0,2026-06-14 01:28:50,0.1819789235448052,0
1026,0394,0,2026-06-14 01:28:50,0.6883796590989462,0
1027,0431,0,2026-06-14 01:28:50,0.1819789235448052,0
1028,0517,0,2026-06-14 01:28:50,0.5542824810806988,0
1029,0631,0,2026-06-14 01:28:50,0.6883796590989462,0
1030,0660,0,2026-06-14 01:28:50,0.6883796590989462,0
1031,0711,0,2026-06-14 01:28:50,0.7926303133177736,0
1032,0851,0,2026-06-14 01:28:50,0.2745597284107787,0
1033,0184,0,2026-06-14 01:29:00,0.4693401230638659,1
1034,0362,0,2026-06-14 01:29:00,0.1819789235448052,0
1035,0394,0,2026-06-14 01:29:00,0.6883796590989462,0
1036,0431,0,2026-06-14 01:29:00,0.1819789235448052,0
1037,0517,0,2026-06-14 01:29:00,0.5542824810806988,0
1038,0631,0,2026-06-14 01:29:00,0.6883796590989462,0
1039,0660,0,2026-06-14 01:29:00,0.6883796590989462,0
1040,0711,0,2026-06-14 01:29:00,0.7926303133177736,0
1041,0851,0,2026-06-14 01:29:00,0.2745597284107787,0
1042,0184,0,2026-06-14 01:29:10,0.4693401230638659,0
1043,0362,0,2026-06-14 01:29:10,0.1819789235448052,0
1044,0394,0,2026-06-14 01:29:10,0.6883796590989462,0
1045,0431,0,2026-06-14 01:29:10,0.1819789235448052,0
1046,0517,0,2026-06-14 01:29:10,0.5542824810806988,0
1047,0631,0,2026-06-14 01:29:10,0.6883796590989462,0
1048,0660,0,2026-06-14 01:29:10,0.6883796590989462,0
1049,0711,0,2026-06-14 01:29:10,0.7926303133177736,0
1050,0750,0,2026-06-14 01:29:10,1.0000000000000000,0
1051,0851,0,2026-06-14 01:29:10,0.2745597284107787,0
1052,0184,0,2026-06-14 01:29:20,0.4693401230638659,0
1053,0362,0,2026-06-14 01:29:20,0.1819789235448052,0
1054,0394,0,2026-06-14 01:29:20,0.6883796590989462,0
1055,0431,0,2026-06-14 01:29:20,0.1819789235448052,1
1056,0517,0,2026-06-14 01:29:20,0.5542824810806988,0
1057,0631,0,2026-06-14 01:29:20,0.6883796590989462,0
1058,0711,0,2026-06-14 01:29:20,0.7926303133177736,0
1059,0750,0,2026-06-14 01:29:20,1.0000000000000000,0
1060,0851,0,2026-06-14 01:29:20,0.2745597284107787,0
1061,0184,0,2026-06-14 01:29:30,0.4693401230638659,0
1062,0362,0,2026-06-14 01:29:30,0.1819789235448052,0
1063,0394,0,2026-06-14 01:29:30,0.6883796590989462,0
1064,0431,0,2026-06-14 01:29:30,0.1819789235448052,0
1065,0517,0,2026-06-14 01:29:30,0.5542824810806988,0
1066,0631,0,2026-06-14 01:29:30,0.6883796590989462,0
1067,0711,0,2026-06-14 01:29:30,0.7926303133177736,0
1068,0750,0,2026-06-14 01:29:30,1.0000000000000000,0
1069,0851,0,2026-06-14 01:29:30,0.2745597284107787,0
1070,0184,0,2026-06-14 01:29:40,0.4693401230638659,0
1071,0362,0,2026-06-14 01:29:40,0.1819789235448052,0
1072,0394,0,2026-06-14 01:29:40,0.6883796590989462,0
1073,0431,0,2026-06-14 01:29:40,0.1819789235448052,1
1074,0517,0,2026-06-14 01:29:40,0.5542824810806988,0
1075,0631,0,2026-06-14 01:29:40,0.6883796590989462,0
1076,0711,0,2026-06-14 01:29:40,0.7926303133177736,0
1077,0750,0,2026-06-14 01:29:40,1.0000000000000000,0
1078,0851,0,2026-06-14 01:29:40,0.2745597284107787,0
1079,0184,0,2026-06-14 01:29:50,0.4693401230638659,1
1080,0362,0,2026-06-14 01:29:50,0.1819789235448052,0
1081,0394,0,2026-06-14 01:29:50,0.6883796590989462,0
1082,0431,0,2026-06-14 01:29:50,0.1819789235448052,0
1083,0517,0,2026-06-14 01:29:50,0.5542824810806988,0
1084,0631,0,2026-06-14 01:29:50,0.6883796590989462,0
1085,0711,0,2026-06-14 01:29:50,0.7926303133177736,0
1086,0750,0,2026-06-14 01:29:50,1.0000000000000000,0
1087,0851,0,2026-06-14 01:29:50,0.2745597284107787,0
1088,0362,0,2026-06-14 01:30:00,0.1819789235448052,0
1089,0394,0,2026-06-14 01:30:00,0.6883796590989462,0
1090,0631,0,2026-06-14 01:30:00,0.6883796590989462,0
1091,0750,0,2026-06-14 01:30:00,1.0000000000000000,0
1092,0851,0,2026-06-14 01:30:00,0.2745597284107787,0
1093,0362,0,2026-06-14 01:30:10,0.1819789235448052,0
1094,0394,0,2026-06-14 01:30:10,0.6883796590989462,0
1095,0631,0,2026-06-14 01:30:10,0.6883796590989462,0
1096,0750,0,2026-06-14 01:30:10,1.0000000000000000,0
1097,0362,0,2026-06-14 01:30:20,0.1819789235448052,0
1098,0631,0,2026-06-14 01:30:20,0.6883796590989462,0
1099,0750,0,2026-06-14 01:30:20,1.0000000000000000,0
1100,0362,0,2026-06-14 01:30:30,0.1819789235448052,1
1101,0750,0,2026-06-14 01:30:30,1.0000000000000000,0
1102,0750,0,2026-06-14 01:30:40,1.0000000000000000,0
1103,0920,0,2026-06-14 01:35:30,1.0000000000000000,0
1104,0124,0,2026-06-14 01:35:40,0.0599052266779829,0
1105,0920,0,2026-06-14 01:35:40,1.0000000000000000,0
1106,0124,0,2026-06-14 01:35:50,0.0599052266779829,0
1107,0699,0,2026-06-14 01:35:50,0.2745597284107787,0
1108,0920,0,2026-06-14 01:35:50,1.0000000000000000,0
1109,0124,0,2026-06-14 01:36:00,0.0599052266779829,0
1110,0699,0,2026-06-14 01:36:00,0.2745597284107787,0
1111,0773,0,2026-06-14 01:36:00,0.3688379659098946,0
1112,0920,0,2026-06-14 01:36:00,1.0000000000000000,0
1113,0124,0,2026-06-14 01:36:10,0.0599052266779829,0
1114,0699,0,2026-06-14 01:36:10,0.2745597284107787,0
1115,0773,0,2026-06-14 01:36:10,0.3688379659098946,0
1116,0920,0,2026-06-14 01:36:10,1.0000000000000000,0
1117,0124,0,2026-06-14 01:36:20,0.0599052266779829,0
1118,0699,0,2026-06-14 01:36:20,0.2745597284107787,0
1119,0773,0,2026-06-14 01:36:20,0.3688379659098946,0
1120,0920,0,2026-06-14 01:36:20,1.0000000000000000,0
1121,0124,0,2026-06-14 01:36:30,0.0599052266779829,0
1122,0699,0,2026-06-14 01:36:30,0.2745597284107787,0
1123,0773,0,2026-06-14 01:36:30,0.3688379659098946,0
1124,0920,0,2026-06-14 01:36:30,1.0000000000000000,0
1125,0124,0,2026-06-14 01:36:40,0.0599052266779829,0
1126,0699,0,2026-06-14 01:36:40,0.2745597284107787,0
1127,0773,0,2026-06-14 01:36:40,0.3688379659098946,0
1128,0920,0,2026-06-14 01:36:40,1.0000000000000000,1
1129,0124,0,2026-06-14 01:36:50,0.0599052266779829,0
1130,0699,0,2026-06-14 01:36:50,0.2745597284107787,0
1131,0773,0,2026-06-14 01:36:50,0.3688379659098946,0
1132,0920,0,2026-06-14 01:36:50,1.0000000000000000,0
1133,0124,0,2026-06-14 01:37:00,0.0599052266779829,0
1134,0699,0,2026-06-14 01:37:00,0.2745597284107787,0
1135,0773,0,2026-06-14 01:37:00,0.3688379659098946,0
1136,0920,0,2026-06-14 01:37:00,1.0000000000000000,0
1137,0124,0,2026-06-14 01:37:10,0.0599052266779829,0
1138,0699,0,2026-06-14 01:37:10,0.2745597284107787,0
1139,0773,0,2026-06-14 01:37:10,0.3688379659098946,0
1140,0920,0,2026-06-14 01:37:10,1.0000000000000000,0
1141,0124,0,2026-06-14 01:37:20,0.0599052266779829,0
1142,0699,0,2026-06-14 01:37:20,0.2745597284107787,0
1143,0773,0,2026-06-14 01:37:20,0.3688379659098946,0
1144,0920,0,2026-06-14 01:37:20,1.0000000000000000,0
1145,0124,0,2026-06-14 01:37:30,0.0599052266779829,0
1146,0699,0,2026-06-14 01:37:30,0.2745597284107787,0
1147,0773,0,2026-06-14 01:37:30,0.3688379659098946,0
1148,0699,0,2026-06-14 01:37:40,0.2745597284107787,0
1149,0295,0,2026-06-14 01:37:50,0.6120659169672537,0
1150,0295,0,2026-06-14 01:38:00,0.6120659169672537,0
1151,0295,0,2026-06-14 01:38:10,0.6120659169672537,0
1152,0295,0,2026-06-14 01:38:20,0.6120659169672537,0
1153,0295,0,2026-06-14 01:38:30,0.6120659169672537,0
1154,0295,0,2026-06-14 01:38:40,0.6120659169672537,0
1155,0295,0,2026-06-14 01:38:50,0.6120659169672537,0
1156,0295,0,2026-06-14 01:39:00,0.6120659169672537,0
1157,0295,0,2026-06-14 01:39:10,0.6120659169672537,0
1158,0295,0,2026-06-14 01:39:20,0.6120659169672537,0
1159,0295,0,2026-06-14 01:39:30,0.6120659169672537,0
1160,0906,0,2026-06-14 03:05:20,0.5542824810806988,0
1161,0906,0,2026-06-14 03:05:30,0.5542824810806988,0
1162,0906,0,2026-06-14 03:05:40,0.5542824810806988,0
1163,0906,0,2026-06-14 03:05:50,0.5542824810806988,0
1164,0906,0,2026-06-14 03:06:00,0.5542824810806988,0
1165,0829,0,2026-06-14 03:06:10,0.4693401230638659,0
1166,0906,0,2026-06-14 03:06:10,0.5542824810806988,0
1167,0829,0,2026-06-14 03:06:20,0.4693401230638659,0
1168,0906,0,2026-06-14 03:06:20,0.5542824810806988,0
1169,0829,0,2026-06-14 03:06:30,0.4693401230638659,0
1170,0906,0,2026-06-14 03:06:30,0.5542824810806988,0
1171,0500,0,2026-06-14 03:06:40,0.9304759884008770,1
1172,0829,0,2026-06-14 03:06:40,0.4693401230638659,0
1173,0906,0,2026-06-14 03:06:40,0.5542824810806988,0
1174,0500,0,2026-06-14 03:06:50,0.9304759884008770,0
1175,0829,0,2026-06-14 03:06:50,0.4693401230638659,0
1176,0906,0,2026-06-14 03:06:50,0.5542824810806988,0
1177,0191,0,2026-06-14 03:07:00,0.1819789235448052,0
1178,0500,0,2026-06-14 03:07:00,0.9304759884008770,0
1179,0719,0,2026-06-14 03:07:00,0.3688379659098946,0
1180,0817,0,2026-06-14 03:07:00,0.3688379659098946,0
1181,0829,0,2026-06-14 03:07:00,0.4693401230638659,0
1182,0906,0,2026-06-14 03:07:00,0.5542824810806988,0
1183,0191,0,2026-06-14 03:07:10,0.1819789235448052,0
1184,0526,0,2026-06-14 03:07:10,1.0000000000000000,0
1185,0719,0,2026-06-14 03:07:10,0.3688379659098946,1
1186,0817,0,2026-06-14 03:07:10,0.3688379659098946,0
1187,0829,0,2026-06-14 03:07:10,0.4693401230638659,0
1188,0906,0,2026-06-14 03:07:10,0.5542824810806988,0
1189,0191,0,2026-06-14 03:07:20,0.1819789235448052,0
1190,0526,0,2026-06-14 03:07:20,1.0000000000000000,0
1191,0719,0,2026-06-14 03:07:20,0.3688379659098946,0
1192,0817,0,2026-06-14 03:07:20,0.3688379659098946,0
1193,0829,0,2026-06-14 03:07:20,0.4693401230638659,0
1194,0191,0,2026-06-14 03:07:30,0.1819789235448052,0
1195,0526,0,2026-06-14 03:07:30,1.0000000000000000,0
1196,0719,0,2026-06-14 03:07:30,0.3688379659098946,0
1197,0817,0,2026-06-14 03:07:30,0.3688379659098946,0
1198,0829,0,2026-06-14 03:07:30,0.4693401230638659,0
1199,0191,0,2026-06-14 03:07:40,0.1819789235448052,0
1200,0526,0,2026-06-14 03:07:40,1.0000000000000000,0
1201,0719,0,2026-06-14 03:07:40,0.3688379659098946,0
1202,0817,0,2026-06-14 03:07:40,0.3688379659098946,0
1203,0829,0,2026-06-14 03:07:40,0.4693401230638659,0
1204,0932,0,2026-06-14 03:07:40,0.1182544734422519,0
1205,0191,0,2026-06-14 03:07:50,0.1819789235448052,0
1206,0526,0,2026-06-14 03:07:50,1.0000000000000000,0
1207,0719,0,2026-06-14 03:07:50,0.3688379659098946,0
1208,0817,0,2026-06-14 03:07:50,0.3688379659098946,1
1209,0932,0,2026-06-14 03:07:50,0.1182544734422519,0
1210,0191,0,2026-06-14 03:08:00,0.1819789235448052,0
1211,0526,0,2026-06-14 03:08:00,1.0000000000000000,0
1212,0719,0,2026-06-14 03:08:00,0.3688379659098946,0
1213,0817,0,2026-06-14 03:08:00,0.3688379659098946,0
1214,0932,0,2026-06-14 03:08:00,0.1182544734422519,0
1215,0191,0,2026-06-14 03:08:10,0.1819789235448052,0
1216,0526,0,2026-06-14 03:08:10,1.0000000000000000,0
1217,0592,0,2026-06-14 03:08:10,0.6883796590989462,0
1218,0719,0,2026-06-14 03:08:10,0.3688379659098946,0
1219,0817,0,2026-06-14 03:08:10,0.3688379659098946,0
1220,0932,0,2026-06-14 03:08:10,0.1182544734422519,0
1221,0191,0,2026-06-14 03:08:20,0.1819789235448052,0
1222,0321,0,2026-06-14 03:08:20,0.9304759884008770,0
1223,0526,0,2026-06-14 03:08:20,1.0000000000000000,0
1224,0592,0,2026-06-14 03:08:20,0.6883796590989462,0
1225,0719,0,2026-06-14 03:08:20,0.3688379659098946,0
1226,0799,0,2026-06-14 03:08:20,0.7926303133177736,0
1227,0817,0,2026-06-14 03:08:20,0.3688379659098946,0
1228,0932,0,2026-06-14 03:08:20,0.1182544734422519,0
1229,0191,0,2026-06-14 03:08:30,0.1819789235448052,1
1230,0321,0,2026-06-14 03:08:30,0.9304759884008770,0
1231,0526,0,2026-06-14 03:08:30,1.0000000000000000,0
1232,0592,0,2026-06-14 03:08:30,0.6883796590989462,0
1233,0719,0,2026-06-14 03:08:30,0.3688379659098946,0
1234,0799,0,2026-06-14 03:08:30,0.7926303133177736,0
1235,0817,0,2026-06-14 03:08:30,0.3688379659098946,0
1236,0866,0,2026-06-14 03:08:30,0.1819789235448052,0
1237,0932,0,2026-06-14 03:08:30,0.1182544734422519,0
1238,0191,0,2026-06-14 03:08:40,0.1819789235448052,0
1239,0321,0,2026-06-14 03:08:40,0.9304759884008770,0
1240,0365,0,2026-06-14 03:08:40,0.2745597284107787,0
1241,0526,0,2026-06-14 03:08:40,1.0000000000000000,0
1242,0592,0,2026-06-14 03:08:40,0.6883796590989462,0
1243,0596,0,2026-06-14 03:08:40,0.7926303133177736,0
1244,0719,0,2026-06-14 03:08:40,0.3688379659098946,0
1245,0799,0,2026-06-14 03:08:40,0.7926303133177736,0
1246,0817,0,2026-06-14 03:08:40,0.3688379659098946,0
1247,0826,0,2026-06-14 03:08:40,0.2745597284107787,0
1248,0866,0,2026-06-14 03:08:40,0.1819789235448052,0
1249,0932,0,2026-06-14 03:08:40,0.1182544734422519,0
1250,0211,0,2026-06-14 03:08:50,0.6883796590989462,0
1251,0321,0,2026-06-14 03:08:50,0.9304759884008770,0
1252,0365,0,2026-06-14 03:08:50,0.2745597284107787,0
1253,0526,0,2026-06-14 03:08:50,1.0000000000000000,0
1254,0592,0,2026-06-14 03:08:50,0.6883796590989462,0
1255,0596,0,2026-06-14 03:08:50,0.7926303133177736,0
1256,0598,0,2026-06-14 03:08:50,0.1182544734422519,0
1257,0719,0,2026-06-14 03:08:50,0.3688379659098946,0
1258,0799,0,2026-06-14 03:08:50,0.7926303133177736,0
1259,0817,0,2026-06-14 03:08:50,0.3688379659098946,0
1260,0826,0,2026-06-14 03:08:50,0.2745597284107787,0
1261,0866,0,2026-06-14 03:08:50,0.1819789235448052,0
1262,0876,0,2026-06-14 03:08:50,0.1819789235448052,0
1263,0932,0,2026-06-14 03:08:50,0.1182544734422519,0
1264,0211,0,2026-06-14 03:09:00,0.6883796590989462,0
1265,0321,0,2026-06-14 03:09:00,0.9304759884008770,0
1266,0365,0,2026-06-14 03:09:00,0.2745597284107787,0
1267,0457,0,2026-06-14 03:09:00,0.6120659169672537,0
1268,0592,0,2026-06-14 03:09:00,0.6883796590989462,0
1269,0596,0,2026-06-14 03:09:00,0.7926303133177736,1
1270,0598,0,2026-06-14 03:09:00,0.1182544734422519,0
1271,0799,0,2026-06-14 03:09:00,0.7926303133177736,0
1272,0826,0,2026-06-14 03:09:00,0.2745597284107787,0
1273,0866,0,2026-06-14 03:09:00,0.1819789235448052,0
1274,0876,0,2026-06-14 03:09:00,0.1819789235448052,0
1275,0932,0,2026-06-14 03:09:00,0.1182544734422519,0
1276,0211,0,2026-06-14 03:09:10,0.6883796590989462,0
1277,0321,0,2026-06-14 03:09:10,0.9304759884008770,0
1278,0365,0,2026-06-14 03:09:10,0.2745597284107787,0
1279,0457,0,2026-06-14 03:09:10,0.6120659169672537,0
1280,0592,0,2026-06-14 03:09:10,0.6883796590989462,0
1281,0598,0,2026-06-14 03:09:10,0.1182544734422519,0
1282,0799,0,2026-06-14 03:09:10,0.7926303133177736,0
1283,0826,0,2026-06-14 03:09:10,0.2745597284107787,0
1284,0866,0,2026-06-14 03:09:10,0.1819789235448052,0
1285,0876,0,2026-06-14 03:09:10,0.1819789235448052,0
1286,0932,0,2026-06-14 03:09:10,0.1182544734422519,0
1287,0211,0,2026-06-14 03:09:20,0.6883796590989462,0
1288,0321,0,2026-06-14 03:09:20,0.9304759884008770,0
1289,0365,0,2026-06-14 03:09:20,0.2745597284107787,0
1290,0457,0,2026-06-14 03:09:20,0.6120659169672537,0
1291,0592,0,2026-06-14 03:09:20,0.6883796590989462,0
1292,0598,0,2026-06-14 03:09:20,0.1182544734422519,0
1293,0799,0,2026-06-14 03:09:20,0.7926303133177736,0
1294,0826,0,2026-06-14 03:09:20,0.2745597284107787,0
1295,0866,0,2026-06-14 03:09:20,0.1819789235448052,0
1296,0876,0,2026-06-14 03:09:20,0.1819789235448052,0
1297,0932,0,2026-06-14 03:09:20,0.1182544734422519,1
1298,0211,0,2026-06-14 03:09:30,0.6883796590989462,0
1299,0321,0,2026-06-14 03:09:30,0.9304759884008770,0
1300,0365,0,2026-06-14 03:09:30,0.2745597284107787,0
1301,0457,0,2026-06-14 03:09:30,0.6120659169672537,0
1302,0592,0,2026-06-14 03:09:30,0.6883796590989462,0
1303,0598,0,2026-06-14 03:09:30,0.1182544734422519,0
1304,0799,0,2026-06-14 03:09:30,0.7926303133177736,0
1305,0826,0,2026-06-14 03:09:30,0.2745597284107787,0
1306,0866,0,2026-06-14 03:09:30,0.1819789235448052,0
1307,0876,0,2026-06-14 03:09:30,0.1819789235448052,0
1308,0211,0,2026-06-14 03:09:40,0.6883796590989462,0
1309,0321,0,2026-06-14 03:09:40,0.9304759884008770,0
1310,0365,0,2026-06-14 03:09:40,0.2745597284107787,0
1311,0457,0,2026-06-14 03:09:40,0.6120659169672537,0
1312,0592,0,2026-06-14 03:09:40,0.6883796590989462,0
1313,0598,0,2026-06-14 03:09:40,0.1182544734422519,0
1314,0799,0,2026-06-14 03:09:40,0.7926303133177736,0
1315,0826,0,2026-06-14 03:09:40,0.2745597284107787,0
1316,0866,0,2026-06-14 03:09:40,0.1819789235448052,0
1317,0876,0,2026-06-14 03:09:40,0.1819789235448052,0
1318,0211,0,2026-06-14 03:09:50,0.6883796590989462,0
1319,0321,0,2026-06-14 03:09:50,0.9304759884008770,0
1320,0365,0,2026-06-14 03:09:50,0.2745597284107787,0
1321,0457,0,2026-06-14 03:09:50,0.6120659169672537,0
1322,0592,0,2026-06-14 03:09:50,0.6883796590989462,0
1323,0598,0,2026-06-14 03:09:50,0.1182544734422519,0
1324,0799,0,2026-06-14 03:09:50,0.7926303133177736,0
1325,0826,0,2026-06-14 03:09:50,0.2745597284107787,0
1326,0866,0,2026-06-14 03:09:50,0.1819789235448052,0
1327,0876,0,2026-06-14 03:09:50,0.1819789235448052,0
1328,0211,0,2026-06-14 03:10:00,0.6883796590989462,0
1329,0365,0,2026-06-14 03:10:00,0.2745597284107787,0
1330,0457,0,2026-06-14 03:10:00,0.6120659169672537,0
1331,0598,0,2026-06-14 03:10:00,0.1182544734422519,0
1332,0799,0,2026-06-14 03:10:00,0.7926303133177736,0
1333,0826,0,2026-06-14 03:10:00,0.2745597284107787,0
1334,0876,0,2026-06-14 03:10:00,0.1819789235448052,0
1335,0211,0,2026-06-14 03:10:10,0.6883796590989462,0
1336,0365,0,2026-06-14 03:10:10,0.2745597284107787,0
1337,0457,0,2026-06-14 03:10:10,0.6120659169672537,0
1338,0598,0,2026-06-14 03:10:10,0.1182544734422519,0
1339,0826,0,2026-06-14 03:10:10,0.2745597284107787,0
1340,0876,0,2026-06-14 03:10:10,0.1819789235448052,1
1341,0900,0,2026-06-14 03:10:10,0.3688379659098946,0
1342,0211,0,2026-06-14 03:10:20,0.6883796590989462,0
1343,0293,0,2026-06-14 03:10:20,0.6120659169672537,0
1344,0365,0,2026-06-14 03:10:20,0.2745597284107787,0
1345,0457,0,2026-06-14 03:10:20,0.6120659169672537,0
1346,0598,0,2026-06-14 03:10:20,0.1182544734422519,0
1347,0826,0,2026-06-14 03:10:20,0.2745597284107787,0
1348,0876,0,2026-06-14 03:10:20,0.1819789235448052,0
1349,0900,0,2026-06-14 03:10:20,0.3688379659098946,0
1350,0211,0,2026-06-14 03:10:30,0.6883796590989462,0
1351,0293,0,2026-06-14 03:10:30,0.6120659169672537,0
1352,0365,0,2026-06-14 03:10:30,0.2745597284107787,0
1353,0457,0,2026-06-14 03:10:30,0.6120659169672537,0
1354,0598,0,2026-06-14 03:10:30,0.1182544734422519,0
1355,0826,0,2026-06-14 03:10:30,0.2745597284107787,0
1356,0876,0,2026-06-14 03:10:30,0.1819789235448052,0
1357,0900,0,2026-06-14 03:10:30,0.3688379659098946,0
1358,0211,0,2026-06-14 03:10:40,0.6883796590989462,0
1359,0293,0,2026-06-14 03:10:40,0.6120659169672537,0
1360,0457,0,2026-06-14 03:10:40,0.6120659169672537,0
1361,0598,0,2026-06-14 03:10:40,0.1182544734422519,0
1362,0900,0,2026-06-14 03:10:40,0.3688379659098946,0
1363,0293,0,2026-06-14 03:10:50,0.6120659169672537,0
1364,0900,0,2026-06-14 03:10:50,0.3688379659098946,0
1365,0293,0,2026-06-14 03:11:00,0.6120659169672537,0
1366,0473,0,2026-06-14 03:11:00,1.0000000000000000,0
1367,0900,0,2026-06-14 03:11:00,0.3688379659098946,0
1368,0293,0,2026-06-14 03:11:10,0.6120659169672537,0
1369,0473,0,2026-06-14 03:11:10,1.0000000000000000,1
1370,0900,0,2026-06-14 03:11:10,0.3688379659098946,0
1371,0293,0,2026-06-14 03:11:20,0.6120659169672537,0
1372,0473,0,2026-06-14 03:11:20,1.0000000000000000,0
1373,0900,0,2026-06-14 03:11:20,0.3688379659098946,0
1374,0293,0,2026-06-14 03:11:30,0.6120659169672537,0
1375,0473,0,2026-06-14 03:11:30,1.0000000000000000,1
1376,0900,0,2026-06-14 03:11:30,0.3688379659098946,0
1377,0054,0,2026-06-14 03:11:40,0.7926303133177736,0
1378,0293,0,2026-06-14 03:11:40,0.6120659169672537,0
1379,0473,0,2026-06-14 03:11:40,1.0000000000000000,0
1380,0900,0,2026-06-14 03:11:40,0.3688379659098946,0
1381,0054,0,2026-06-14 03:11:50,0.7926303133177736,0
1382,0078,0,2026-06-14 03:11:50,0.5542824810806988,0
1383,0293,0,2026-06-14 03:11:50,0.6120659169672537,0
1384,0343,0,2026-06-14 03:11:50,0.4693401230638659,0
1385,0473,0,2026-06-14 03:11:50,1.0000000000000000,0
1386,0656,0,2026-06-14 03:11:50,0.3688379659098946,0
1387,0900,0,2026-06-14 03:11:50,0.3688379659098946,0
1388,0054,0,2026-06-14 03:12:00,0.7926303133177736,1
1389,0078,0,2026-06-14 03:12:00,0.5542824810806988,0
1390,0293,0,2026-06-14 03:12:00,0.6120659169672537,0
1391,0343,0,2026-06-14 03:12:00,0.4693401230638659,0
1392,0656,0,2026-06-14 03:12:00,0.3688379659098946,0
1393,0900,0,2026-06-14 03:12:00,0.3688379659098946,0
1394,0054,0,2026-06-14 03:12:10,0.7926303133177736,0
1395,0078,0,2026-06-14 03:12:10,0.5542824810806988,0
1396,0343,0,2026-06-14 03:12:10,0.4693401230638659,0
1397,0656,0,2026-06-14 03:12:10,0.3688379659098946,0
1398,0054,0,2026-06-14 03:12:20,0.7926303133177736,0
1399,0078,0,2026-06-14 03:12:20,0.5542824810806988,0
1400,0343,0,2026-06-14 03:12:20,0.4693401230638659,0
1401,0656,0,2026-06-14 03:12:20,0.3688379659098946,0
1402,0054,0,2026-06-14 03:12:30,0.7926303133177736,0
1403,0078,0,2026-06-14 03:12:30,0.5542824810806988,0
1404,0343,0,2026-06-14 03:12:30,0.4693401230638659,0
1405,0643,0,2026-06-14 03:12:30,0.6120659169672537,0
1406,0656,0,2026-06-14 03:12:30,0.3688379659098946,0
1407,0054,0,2026-06-14 03:12:40,0.7926303133177736,0
1408,0078,0,2026-06-14 03:12:40,0.5542824810806988,0
1409,0343,0,2026-06-14 03:12:40,0.4693401230638659,0
1410,0643,0,2026-06-14 03:12:40,0.6120659169672537,0
1411,0656,0,2026-06-14 03:12:40,0.3688379659098946,0
1412,0054,0,2026-06-14 03:12:50,0.7926303133177736,0
1413,0078,0,2026-06-14 03:12:50,0.5542824810806988,0
1414,0343,0,2026-06-14 03:12:50,0.4693401230638659,0
1415,0643,0,2026-06-14 03:12:50,0.6120659169672537,0
1416,0656,0,2026-06-14 03:12:50,0.3688379659098946,0
1417,0054,0,2026-06-14 03:13:00,0.7926303133177736,0
1418,0078,0,2026-06-14 03:13:00,0.5542824810806988,0
1419,0343,0,2026-06-14 03:13:00,0.4693401230638659,0
1420,0643,0,2026-06-14 03:13:00,0.6120659169672537,0
1421,0656,0,2026-06-14 03:13:00,0.3688379659098946,0
1422,0054,0,2026-06-14 03:13:10,0.7926303133177736,0
1423,0078,0,2026-06-14 03:13:10,0.5542824810806988,0
1424,0343,0,2026-06-14 03:13:10,0.4693401230638659,0
1425,0643,0,2026-06-14 03:13:10,0.6120659169672537,0
1426,0656,0,2026-06-14 03:13:10,0.3688379659098946,0
1427,0078,0,2026-06-14 03:13:20,0.5542824810806988,0
1428,0343,0,2026-06-14 03:13:20,0.4693401230638659,0
1429,0643,0,2026-06-14 03:13:20,0.6120659169672537,0
1430,0656,0,2026-06-14 03:13:20,0.3688379659098946,0
1431,0078,0,2026-06-14 03:13:30,0.5542824810806988,0
1432,0343,0,2026-06-14 03:13:30,0.4693401230638659,0
1433,0643,0,2026-06-14 03:13:30,0.6120659169672537,0
1434,0656,0,2026-06-14 03:13:30,0.3688379659098946,0
1435,0078,0,2026-06-14 03:13:40,0.5542824810806988,0
1436,0643,0,2026-06-14 03:13:40,0.6120659169672537,0
1437,0643,0,2026-06-14 03:13:50,0.6120659169672537,0
1438,0643,0,2026-06-14 03:14:00,0.6120659169672537,0
1439,0643,0,2026-06-14 03:14:10,0.6120659169672537,0
1440,0292,0,2026-06-14 03:15:00,1.0000000000000000,0
1441,0292,0,2026-06-14 03:15:10,1.0000000000000000,0
1442,0292,0,2026-06-14 03:15:20,1.0000000000000000,0
1443,0749,0,2026-06-14 03:15:20,0.6883796590989462,0
1444,0292,0,2026-06-14 03:15:30,1.0000000000000000,0
1445,0749,0,2026-06-14 03:15:30,0.6883796590989462,1
1446,0292,0,2026-06-14 03:15:40,1.0000000000000000,0
1447,0749,0,2026-06-14 03:15:40,0.6883796590989462,0
1448,0219,0,2026-06-14 03:15:50,0.4693401230638659,0
1449,0292,0,2026-06-14 03:15:50,1.0000000000000000,0
1450,0749,0,2026-06-14 03:15:50,0.6883796590989462,0
1451,0800,0,2026-06-14 03:15:50,0.7926303133177736,0
1452,0219,0,2026-06-14 03:16:00,0.4693401230638659,0
1453,0231,0,2026-06-14 03:16:00,0.6883796590989462,0
1454,0292,0,2026-06-14 03:16:00,1.0000000000000000,0
1455,0641,0,2026-06-14 03:16:00,0.0599052266779829,0
1456,0749,0,2026-06-14 03:16:00,0.6883796590989462,0
1457,0800,0,2026-06-14 03:16:00,0.7926303133177736,0
1458,0914,0,2026-06-14 03:16:00,0.9304759884008770,0
1459,0219,0,2026-06-14 03:16:10,0.4693401230638659,0
1460,0231,0,2026-06-14 03:16:10,0.6883796590989462,0
1461,0292,0,2026-06-14 03:16:10,1.0000000000000000,0
1462,0641,0,2026-06-14 03:16:10,0.0599052266779829,1
1463,0749,0,2026-06-14 03:16:10,0.6883796590989462,0
1464,0800,0,2026-06-14 03:16:10,0.7926303133177736,0
1465,0914,0,2026-06-14 03:16:10,0.9304759884008770,0
1466,0219,0,2026-06-14 03:16:20,0.4693401230638659,0
1467,0231,0,2026-06-14 03:16:20,0.6883796590989462,0
1468,0292,0,2026-06-14 03:16:20,1.0000000000000000,0
1469,0354,0,2026-06-14 03:16:20,0.6120659169672537,0
1470,0641,0,2026-06-14 03:16:20,0.0599052266779829,0
1471,0749,0,2026-06-14 03:16:20,0.6883796590989462,0
1472,0800,0,2026-06-14 03:16:20,0.7926303133177736,0
1473,0914,0,2026-06-14 03:16:20,0.9304759884008770,0
1474,0219,0,2026-06-14 03:16:30,0.4693401230638659,0
1475,0231,0,2026-06-14 03:16:30,0.6883796590989462,0
1476,0285,0,2026-06-14 03:16:30,0.0599052266779829,0
1477,0292,0,2026-06-14 03:16:30,1.0000000000000000,0
1478,0354,0,2026-06-14 03:16:30,0.6120659169672537,0
1479,0641,0,2026-06-14 03:16:30,0.0599052266779829,0
1480,0749,0,2026-06-14 03:16:30,0.6883796590989462,0
1481,0800,0,2026-06-14 03:16:30,0.7926303133177736,0
1482,0914,0,2026-06-14 03:16:30,0.9304759884008770,0
1483,0219,0,2026-06-14 03:16:40,0.4693401230638659,0
1484,0231,0,2026-06-14 03:16:40,0.6883796590989462,0
1485,0285,0,2026-06-14 03:16:40,0.0599052266779829,0
1486,0292,0,2026-06-14 03:16:40,1.0000000000000000,0
1487,0354,0,2026-06-14 03:16:40,0.6120659169672537,0
1488,0641,0,2026-06-14 03:16:40,0.0599052266779829,0
1489,0749,0,2026-06-14 03:16:40,0.6883796590989462,0
1490,0800,0,2026-06-14 03:16:40,0.7926303133177736,0
1491,0914,0,2026-06-14 03:16:40,0.9304759884008770,0
1492,0219,0,2026-06-14 03:16:50,0.4693401230638659,0
1493,0231,0,2026-06-14 03:16:50,0.6883796590989462,0
1494,0285,0,2026-06-14 03:16:50,0.0599052266779829,0
1495,0292,0,2026-06-14 03:16:50,1.0000000000000000,0
1496,0354,0,2026-06-14 03:16:50,0.6120659169672537,0
1497,0641,0,2026-06-14 03:16:50,0.0599052266779829,0
1498,0749,0,2026-06-14 03:16:50,0.6883796590989462,0
1499,0800,0,2026-06-14 03:16:50,0.7926303133177736,0
1500,0914,0,2026-06-14 03:16:50,0.9304759884008770,0
1501,0219,0,2026-06-14 03:17:00,0.4693401230638659,0
1502,0231,0,2026-06-14 03:17:00,0.6883796590989462,1
1503,0285,0,2026-06-14 03:17:00,0.0599052266779829,0
1504,0354,0,2026-06-14 03:17:00,0.6120659169672537,0
1505,0641,0,2026-06-14 03:17:00,0.0599052266779829,0
1506,0749,0,2026-06-14 03:17:00,0.6883796590989462,0
1507,0800,0,2026-06-14 03:17:00,0.7926303133177736,0
1508,0870,0,2026-06-14 03:17:00,0.7926303133177736,0
1509,0914,0,2026-06-14 03:17:00,0.9304759884008770,0
1510,0219,0,2026-06-14 03:17:10,0.4693401230638659,0
1511,0231,0,2026-06-14 03:17:10,0.6883796590989462,0
1512,0285,0,2026-06-14 03:17:10,0.0599052266779829,0
1513,0354,0,2026-06-14 03:17:10,0.6120659169672537,0
1514,0800,0,2026-06-14 03:17:10,0.7926303133177736,0
1515,0870,0,2026-06-14 03:17:10,0.7926303133177736,0
1516,0914,0,2026-06-14 03:17:10,0.9304759884008770,0
1517,0219,0,2026-06-14 03:17:20,0.4693401230638659,0
1518,0231,0,2026-06-14 03:17:20,0.6883796590989462,0
1519,0285,0,2026-06-14 03:17:20,0.0599052266779829,0
1520,0354,0,2026-06-14 03:17:20,0.6120659169672537,0
1521,0800,0,2026-06-14 03:17:20,0.7926303133177736,0
1522,0870,0,2026-06-14 03:17:20,0.7926303133177736,0
1523,0914,0,2026-06-14 03:17:20,0.9304759884008770,0
1524,0231,0,2026-06-14 03:17:30,0.6883796590989462,1
1525,0285,0,2026-06-14 03:17:30,0.0599052266779829,0
1526,0354,0,2026-06-14 03:17:30,0.6120659169672537,0
1527,0800,0,2026-06-14 03:17:30,0.7926303133177736,0
1528,0870,0,2026-06-14 03:17:30,0.7926303133177736,0
1529,0914,0,2026-06-14 03:17:30,0.9304759884008770,0
1530,0231,0,2026-06-14 03:17:40,0.6883796590989462,0
1531,0285,0,2026-06-14 03:17:40,0.0599052266779829,0
1532,0354,0,2026-06-14 03:17:40,0.6120659169672537,0
1533,0800,0,2026-06-14 03:17:40,0.7926303133177736,0
1534,0870,0,2026-06-14 03:17:40,0.7926303133177736,0
1535,0914,0,2026-06-14 03:17:40,0.9304759884008770,0
1536,0285,0,2026-06-14 03:17:50,0.0599052266779829,0
1537,0354,0,2026-06-14 03:17:50,0.6120659169672537,0
1538,0870,0,2026-06-14 03:17:50,0.7926303133177736,1
1539,0285,0,2026-06-14 03:18:00,0.0599052266779829,0
1540,0354,0,2026-06-14 03:18:00,0.6120659169672537,0
1541,0870,0,2026-06-14 03:18:00,0.7926303133177736,0
1542,0354,0,2026-06-14 03:18:10,0.6120659169672537,0
1543,0870,0,2026-06-14 03:18:10,0.7926303133177736,0
1544,0870,0,2026-06-14 03:18:20,0.7926303133177736,0
1545,0870,0,2026-06-14 03:18:30,0.7926303133177736,0
1546,0870,0,2026-06-14 03:18:40,0.7926303133177736,0
1547,0342,0,2026-06-14 04:39:50,0.4693401230638659,0
1548,0342,0,2026-06-14 04:40:00,0.4693401230638659,0
1549,0342,0,2026-06-14 04:40:10,0.4693401230638659,0
1550,0342,0,2026-06-14 04:40:20,0.4693401230638659,0
1551,0342,0,2026-06-14 04:40:30,0.4693401230638659,0
1552,0328,0,2026-06-14 04:40:40,0.7926303133177736,0
1553,0342,0,2026-06-14 04:40:40,0.4693401230638659,0
1554,0577,0,2026-06-14 04:40:40,0.8562133107008982,0
1555,0328,0,2026-06-14 04:40:50,0.7926303133177736,1
1556,0342,0,2026-06-14 04:40:50,0.4693401230638659,0
1557,0507,0,2026-06-14 04:40:50,0.6120659169672537,0
1558,0577,0,2026-06-14 04:40:50,0.8562133107008982,0
1559,0328,0,2026-06-14 04:41:00,0.7926303133177736,0
1560,0342,0,2026-06-14 04:41:00,0.4693401230638659,0
1561,0507,0,2026-06-14 04:41:00,0.6120659169672537,1
1562,0577,0,2026-06-14 04:41:00,0.8562133107008982,0
1563,0328,0,2026-06-14 04:41:10,0.7926303133177736,0
1564,0342,0,2026-06-14 04:41:10,0.4693401230638659,0
1565,0507,0,2026-06-14 04:41:10,0.6120659169672537,0
1566,0577,0,2026-06-14 04:41:10,0.8562133107008982,0
1567,0328,0,2026-06-14 04:41:20,0.7926303133177736,0
1568,0342,0,2026-06-14 04:41:20,0.4693401230638659,0
1569,0507,0,2026-06-14 04:41:20,0.6120659169672537,0
1570,0577,0,2026-06-14 04:41:20,0.8562133107008982,0
1571,0328,0,2026-06-14 04:41:30,0.7926303133177736,0
1572,0342,0,2026-06-14 04:41:30,0.4693401230638659,0
1573,0507,0,2026-06-14 04:41:30,0.6120659169672537,0
1574,0577,0,2026-06-14 04:41:30,0.8562133107008982,0
1575,0328,0,2026-06-14 04:41:40,0.7926303133177736,0
1576,0342,0,2026-06-14 04:41:40,0.4693401230638659,0
1577,0507,0,2026-06-14 04:41:40,0.6120659169672537,0
1578,0577,0,2026-06-14 04:41:40,0.8562133107008982,0
1579,0328,0,2026-06-14 04:41:50,0.7926303133177736,0
1580,0507,0,2026-06-14 04:41:50,0.6120659169672537,0
1581,0577,0,2026-06-14 04:41:50,0.8562133107008982,0
1582,0328,0,2026-06-14 04:42:00,0.7926303133177736,0
1583,0507,0,2026-06-14 04:42:00,0.6120659169672537,0
1584,0577,0,2026-06-14 04:42:00,0.8562133107008982,0
1585,0328,0,2026-06-14 04:42:10,0.7926303133177736,0
1586,0507,0,2026-06-14 04:42:10,0.6120659169672537,0
1587,0328,0,2026-06-14 04:42:20,0.7926303133177736,0
1588,0507,0,2026-06-14 04:42:20,0.6120659169672537,0
1589,0328,0,2026-06-14 04:42:30,0.7926303133177736,0
1590,0507,0,2026-06-14 04:42:30,0.6120659169672537,0
1591,0701,0,2026-06-14 04:44:00,0.8562133107008982,0
1592,0701,0,2026-06-14 04:44:10,0.8562133107008982,0
1593,0701,0,2026-06-14 04:44:20,0.8562133107008982,0
1594,0701,0,2026-06-14 04:44:30,0.8562133107008982,0
1595,0701,0,2026-06-14 04:44:40,0.8562133107008982,0
1596,0701,0,2026-06-14 04:44:50,0.8562133107008982,0
1597,0701,0,2026-06-14 04:45:00,0.8562133107008982,0
1598,0761,0,2026-06-14 04:45:00,0.3688379659098946,0
1599,0701,0,2026-06-14 04:45:10,0.8562133107008982,0
1600,0761,0,2026-06-14 04:45:10,0.3688379659098946,0
1601,0701,0,2026-06-14 04:45:20,0.8562133107008982,0
1602,0761,0,2026-06-14 04:45:20,0.3688379659098946,0
1603,0701,0,2026-06-14 04:45:30,0.8562133107008982,0
1604,0761,0,2026-06-14 04:45:30,0.3688379659098946,0
1605,0701,0,2026-06-14 04:45:40,0.8562133107008982,0
1606,0865,0,2026-06-14 04:45:50,0.8562133107008982,0
1607,0865,0,2026-06-14 04:46:00,0.8562133107008982,0
1608,0865,0,2026-06-14 04:46:10,0.8562133107008982,0
1609,0865,0,2026-06-14 04:46:20,0.8562133107008982,0
1610,0865,0,2026-06-14 04:46:30,0.8562133107008982,0
1611,0865,0,2026-06-14 04:46:40,0.8562133107008982,0
1612,1000,0,2026-06-14 04:47:50,0.2745597284107787,1
1613,0115,0,2026-06-14 04:48:00,0.1182544734422519,0
1614,1000,0,2026-06-14 04:48:00,0.2745597284107787,0
1615,0115,0,2026-06-14 04:48:10,0.1182544734422519,0
1616,0470,0,2026-06-14 04:48:10,0.1819789235448052,0
1617,1000,0,2026-06-14 04:48:10,0.2745597284107787,0
1618,0115,0,2026-06-14 04:48:20,0.1182544734422519,0
1619,0148,0,2026-06-14 04:48:20,0.8562133107008982,0
1620,0470,0,2026-06-14 04:48:20,0.1819789235448052,0
1621,0586,0,2026-06-14 04:48:20,0.1819789235448052,1
1622,0737,0,2026-06-14 04:48:20,0.8562133107008982,0
1623,1000,0,2026-06-14 04:48:20,0.2745597284107787,0
1624,0110,0,2026-06-14 04:48:30,0.3688379659098946,0
1625,0115,0,2026-06-14 04:48:30,0.1182544734422519,0
1626,0148,0,2026-06-14 04:48:30,0.8562133107008982,0
1627,0206,0,2026-06-14 04:48:30,0.8562133107008982,0
1628,0309,0,2026-06-14 04:48:30,0.5542824810806988,1
1629,0470,0,2026-06-14 04:48:30,0.1819789235448052,0
1630,0586,0,2026-06-14 04:48:30,0.1819789235448052,0
1631,0737,0,2026-06-14 04:48:30,0.8562133107008982,0
1632,1000,0,2026-06-14 04:48:30,0.2745597284107787,0
1633,0110,0,2026-06-14 04:48:40,0.3688379659098946,0
1634,0115,0,2026-06-14 04:48:40,0.1182544734422519,0
1635,0148,0,2026-06-14 04:48:40,0.8562133107008982,0
1636,0206,0,2026-06-14 04:48:40,0.8562133107008982,0
1637,0309,0,2026-06-14 04:48:40,0.5542824810806988,0
1638,0470,0,2026-06-14 04:48:40,0.1819789235448052,0
1639,0586,0,2026-06-14 04:48:40,0.1819789235448052,0
1640,0647,0,2026-06-14 04:48:40,0.7926303133177736,0
1641,0737,0,2026-06-14 04:48:40,0.8562133107008982,0
1642,1000,0,2026-06-14 04:48:40,0.2745597284107787,0
1643,0110,0,2026-06-14 04:48:50,0.3688379659098946,0
1644,0115,0,2026-06-14 04:48:50,0.1182544734422519,0
1645,0148,0,2026-06-14 04:48:50,0.8562133107008982,0
1646,0206,0,2026-06-14 04:48:50,0.8562133107008982,0
1647,0470,0,2026-06-14 04:48:50,0.1819789235448052,0
1648,0586,0,2026-06-14 04:48:50,0.1819789235448052,0
1649,0647,0,2026-06-14 04:48:50,0.7926303133177736,0
1650,0737,0,2026-06-14 04:48:50,0.8562133107008982,0
1651,1000,0,2026-06-14 04:48:50,0.2745597284107787,1
1652,0110,0,2026-06-14 04:49:00,0.3688379659098946,0
1653,0115,0,2026-06-14 04:49:00,0.1182544734422519,0
1654,0148,0,2026-06-14 04:49:00,0.8562133107008982,0
1655,0206,0,2026-06-14 04:49:00,0.8562133107008982,0
1656,0470,0,2026-06-14 04:49:00,0.1819789235448052,0
1657,0586,0,2026-06-14 04:49:00,0.1819789235448052,0
1658,0647,0,2026-06-14 04:49:00,0.7926303133177736,0
1659,0737,0,2026-06-14 04:49:00,0.8562133107008982,0
1660,1000,0,2026-06-14 04:49:00,0.2745597284107787,0
1661,0110,0,2026-06-14 04:49:10,0.3688379659098946,0
1662,0115,0,2026-06-14 04:49:10,0.1182544734422519,0
1663,0148,0,2026-06-14 04:49:10,0.8562133107008982,0
1664,0206,0,2026-06-14 04:49:10,0.8562133107008982,0
1665,0470,0,2026-06-14 04:49:10,0.1819789235448052,0
1666,0488,0,2026-06-14 04:49:10,0.9304759884008770,0
1667,0647,0,2026-06-14 04:49:10,0.7926303133177736,0
1668,1000,0,2026-06-14 04:49:10,0.2745597284107787,0
1669,0110,0,2026-06-14 04:49:20,0.3688379659098946,0
1670,0115,0,2026-06-14 04:49:20,0.1182544734422519,0
1671,0148,0,2026-06-14 04:49:20,0.8562133107008982,0
1672,0206,0,2026-06-14 04:49:20,0.8562133107008982,0
1673,0470,0,2026-06-14 04:49:20,0.1819789235448052,0
1674,0488,0,2026-06-14 04:49:20,0.9304759884008770,0
1675,0647,0,2026-06-14 04:49:20,0.7926303133177736,0
1676,0824,0,2026-06-14 04:49:20,1.0000000000000000,1
1677,0110,0,2026-06-14 04:49:30,0.3688379659098946,0
1678,0115,0,2026-06-14 04:49:30,0.1182544734422519,0
1679,0148,0,2026-06-14 04:49:30,0.8562133107008982,0
1680,0206,0,2026-06-14 04:49:30,0.8562133107008982,0
1681,0470,0,2026-06-14 04:49:30,0.1819789235448052,0
1682,0488,0,2026-06-14 04:49:30,0.9304759884008770,0
1683,0647,0,2026-06-14 04:49:30,0.7926303133177736,0
1684,0824,0,2026-06-14 04:49:30,1.0000000000000000,0
1685,0110,0,2026-06-14 04:49:40,0.3688379659098946,0
1686,0115,0,2026-06-14 04:49:40,0.1182544734422519,0
1687,0148,0,2026-06-14 04:49:40,0.8562133107008982,0
1688,0206,0,2026-06-14 04:49:40,0.8562133107008982,0
1689,0470,0,2026-06-14 04:49:40,0.1819789235448052,0
1690,0488,0,2026-06-14 04:49:40,0.9304759884008770,0
1691,0647,0,2026-06-14 04:49:40,0.7926303133177736,0
1692,0824,0,2026-06-14 04:49:40,1.0000000000000000,0
1693,0110,0,2026-06-14 04:49:50,0.3688379659098946,0
1694,0115,0,2026-06-14 04:49:50,0.1182544734422519,0
1695,0206,0,2026-06-14 04:49:50,0.8562133107008982,0
1696,0470,0,2026-06-14 04:49:50,0.1819789235448052,0
1697,0488,0,2026-06-14 04:49:50,0.9304759884008770,1
1698,0647,0,2026-06-14 04:49:50,0.7926303133177736,0
1699,0824,0,2026-06-14 04:49:50,1.0000000000000000,0
1700,0855,0,2026-06-14 04:49:50,0.7926303133177736,0
1701,0110,0,2026-06-14 04:50:00,0.3688379659098946,0
1702,0206,0,2026-06-14 04:50:00,0.8562133107008982,0
1703,0488,0,2026-06-14 04:50:00,0.9304759884008770,0
1704,0824,0,2026-06-14 04:50:00,1.0000000000000000,0
1705,0855,0,2026-06-14 04:50:00,0.7926303133177736,0
1706,0206,0,2026-06-14 04:50:10,0.8562133107008982,0
1707,0488,0,2026-06-14 04:50:10,0.9304759884008770,0
1708,0824,0,2026-06-14 04:50:10,1.0000000000000000,0
1709,0855,0,2026-06-14 04:50:10,0.7926303133177736,1
1710,0488,0,2026-06-14 04:50:20,0.9304759884008770,0
1711,0824,0,2026-06-14 04:50:20,1.0000000000000000,0
1712,0855,0,2026-06-14 04:50:20,0.7926303133177736,1
1713,0931,0,2026-06-14 04:50:20,0.9304759884008770,0
1714,0488,0,2026-06-14 04:50:30,0.9304759884008770,0
1715,0824,0,2026-06-14 04:50:30,1.0000000000000000,0
1716,0931,0,2026-06-14 04:50:30,0.9304759884008770,0
1717,0488,0,2026-06-14 04:50:40,0.9304759884008770,0
1718,0779,0,2026-06-14 04:50:40,1.0000000000000000,0
1719,0814,0,2026-06-14 04:50:40,0.1819789235448052,0
1720,0824,0,2026-06-14 04:50:40,1.0000000000000000,0
1721,0931,0,2026-06-14 04:50:40,0.9304759884008770,1
1722,0950,0,2026-06-14 04:50:40,0.1182544734422519,0
1723,0488,0,2026-06-14 04:50:50,0.9304759884008770,0
1724,0746,0,2026-06-14 04:50:50,0.2745597284107787,0
1725,0779,0,2026-06-14 04:50:50,1.0000000000000000,0
1726,0814,0,2026-06-14 04:50:50,0.1819789235448052,0
1727,0824,0,2026-06-14 04:50:50,1.0000000000000000,0
1728,0931,0,2026-06-14 04:50:50,0.9304759884008770,0
1729,0950,0,2026-06-14 04:50:50,0.1182544734422519,0
1730,0488,0,2026-06-14 04:51:00,0.9304759884008770,0
1731,0746,0,2026-06-14 04:51:00,0.2745597284107787,0
1732,0779,0,2026-06-14 04:51:00,1.0000000000000000,1
1733,0814,0,2026-06-14 04:51:00,0.1819789235448052,0
1734,0931,0,2026-06-14 04:51:00,0.9304759884008770,0
1735,0950,0,2026-06-14 04:51:00,0.1182544734422519,0
1736,0123,0,2026-06-14 04:51:10,0.5542824810806988,0
1737,0746,0,2026-06-14 04:51:10,0.2745597284107787,0
1738,0779,0,2026-06-14 04:51:10,1.0000000000000000,0
1739,0814,0,2026-06-14 04:51:10,0.1819789235448052,0
1740,0931,0,2026-06-14 04:51:10,0.9304759884008770,0
1741,0950,0,2026-06-14 04:51:10,0.1182544734422519,0
1742,0123,0,2026-06-14 04:51:20,0.5542824810806988,1
1743,0746,0,2026-06-14 04:51:20,0.2745597284107787,0
1744,0779,0,2026-06-14 04:51:20,1.0000000000000000,0
1745,0814,0,2026-06-14 04:51:20,0.1819789235448052,0
1746,0931,0,2026-06-14 04:51:20,0.9304759884008770,0
1747,0950,0,2026-06-14 04:51:20,0.1182544734422519,0
1748,0123,0,2026-06-14 04:51:30,0.5542824810806988,1
1749,0746,0,2026-06-14 04:51:30,0.2745597284107787,0
1750,0779,0,2026-06-14 04:51:30,1.0000000000000000,0
1751,0814,0,2026-06-14 04:51:30,0.1819789235448052,0
1752,0850,0,2026-06-14 04:51:30,0.1182544734422519,0
1753,0931,0,2026-06-14 04:51:30,0.9304759884008770,0
1754,0950,0,2026-06-14 04:51:30,0.1182544734422519,0
1755,0123,0,2026-06-14 04:51:40,0.5542824810806988,0
1756,0746,0,2026-06-14 04:51:40,0.2745597284107787,0
1757,0779,0,2026-06-14 04:51:40,1.0000000000000000,0
1758,0814,0,2026-06-14 04:51:40,0.1819789235448052,0
1759,0850,0,2026-06-14 04:51:40,0.1182544734422519,0
1760,0931,0,2026-06-14 04:51:40,0.9304759884008770,0
1761,0950,0,2026-06-14 04:51:40,0.1182544734422519,0
1762,0123,0,2026-06-14 04:51:50,0.5542824810806988,0
1763,0746,0,2026-06-14 04:51:50,0.2745597284107787,0
1764,0779,0,2026-06-14 04:51:50,1.0000000000000000,0
1765,0814,0,2026-06-14 04:51:50,0.1819789235448052,1
1766,0850,0,2026-06-14 04:51:50,0.1182544734422519,0
1767,0931,0,2026-06-14 04:51:50,0.9304759884008770,0
1768,0950,0,2026-06-14 04:51:50,0.1182544734422519,0
1769,0443,0,2026-06-14 04:52:00,0.3688379659098946,0
1770,0746,0,2026-06-14 04:52:00,0.2745597284107787,0
1771,0779,0,2026-06-14 04:52:00,1.0000000000000000,0
1772,0814,0,2026-06-14 04:52:00,0.1819789235448052,1
1773,0850,0,2026-06-14 04:52:00,0.1182544734422519,0
1774,0911,0,2026-06-14 04:52:00,0.2745597284107787,0
1775,0931,0,2026-06-14 04:52:00,0.9304759884008770,0
1776,0950,0,2026-06-14 04:52:00,0.1182544734422519,0
1777,0991,0,2026-06-14 04:52:00,0.8562133107008982,0
1778,0408,0,2026-06-14 04:52:10,0.4693401230638659,0
1779,0443,0,2026-06-14 04:52:10,0.3688379659098946,0
1780,0447,0,2026-06-14 04:52:10,0.6883796590989462,0
1781,0746,0,2026-06-14 04:52:10,0.2745597284107787,0
1782,0779,0,2026-06-14 04:52:10,1.0000000000000000,0
1783,0814,0,2026-06-14 04:52:10,0.1819789235448052,0
1784,0850,0,2026-06-14 04:52:10,0.1182544734422519,0
1785,0911,0,2026-06-14 04:52:10,0.2745597284107787,0
1786,0943,0,2026-06-14 04:52:10,0.1182544734422519,0
1787,0950,0,2026-06-14 04:52:10,0.1182544734422519,0
1788,0991,0,2026-06-14 04:52:10,0.8562133107008982,0
1789,0408,0,2026-06-14 04:52:20,0.4693401230638659,0
1790,0443,0,2026-06-14 04:52:20,0.3688379659098946,0
1791,0447,0,2026-06-14 04:52:20,0.6883796590989462,0
1792,0746,0,2026-06-14 04:52:20,0.2745597284107787,0
1793,0779,0,2026-06-14 04:52:20,1.0000000000000000,0
1794,0814,0,2026-06-14 04:52:20,0.1819789235448052,0
1795,0850,0,2026-06-14 04:52:20,0.1182544734422519,0
1796,0911,0,2026-06-14 04:52:20,0.2745597284107787,0
1797,0943,0,2026-06-14 04:52:20,0.1182544734422519,1
1798,0950,0,2026-06-14 04:52:20,0.1182544734422519,0
1799,0991,0,2026-06-14 04:52:20,0.8562133107008982,0
1800,0097,0,2026-06-14 04:52:30,0.9304759884008770,0
1801,0249,0,2026-06-14 04:52:30,0.7926303133177736,0
1802,0408,0,2026-06-14 04:52:30,0.4693401230638659,0
1803,0443,0,2026-06-14 04:52:30,0.3688379659098946,0
1804,0447,0,2026-06-14 04:52:30,0.6883796590989462,0
1805,0746,0,2026-06-14 04:52:30,0.2745597284107787,0
1806,0779,0,2026-06-14 04:52:30,1.0000000000000000,0
1807,0850,0,2026-06-14 04:52:30,0.1182544734422519,0
1808,0894,0,2026-06-14 04:52:30,0.3688379659098946,0
1809,0911,0,2026-06-14 04:52:30,0.2745597284107787,0
1810,0926,0,2026-06-14 04:52:30,0.2745597284107787,0
1811,0943,0,2026-06-14 04:52:30,0.1182544734422519,0
1812,0991,0,2026-06-14 04:52:30,0.8562133107008982,0
1813,0097,0,2026-06-14 04:52:40,0.9304759884008770,0
1814,0249,0,2026-06-14 04:52:40,0.7926303133177736,0
1815,0408,0,2026-06-14 04:52:40,0.4693401230638659,0
1816,0443,0,2026-06-14 04:52:40,0.3688379659098946,0
1817,0447,0,2026-06-14 04:52:40,0.6883796590989462,0
1818,0630,0,2026-06-14 04:52:40,0.8562133107008982,0
1819,0850,0,2026-06-14 04:52:40,0.1182544734422519,0
1820,0894,0,2026-06-14 04:52:40,0.3688379659098946,0
1821,0911,0,2026-06-14 04:52:40,0.2745597284107787,0
1822,0926,0,2026-06-14 04:52:40,0.2745597284107787,0
1823,0943,0,2026-06-14 04:52:40,0.1182544734422519,0
1824,0991,0,2026-06-14 04:52:40,0.8562133107008982,0
1825,0097,0,2026-06-14 04:52:50,0.9304759884008770,0
1826,0249,0,2026-06-14 04:52:50,0.7926303133177736,0
1827,0408,0,2026-06-14 04:52:50,0.4693401230638659,0
1828,0443,0,2026-06-14 04:52:50,0.3688379659098946,0
1829,0447,0,2026-06-14 04:52:50,0.6883796590989462,0
1830,0630,0,2026-06-14 04:52:50,0.8562133107008982,1
1831,0850,0,2026-06-14 04:52:50,0.1182544734422519,0
1832,0894,0,2026-06-14 04:52:50,0.3688379659098946,0
1833,0911,0,2026-06-14 04:52:50,0.2745597284107787,0
1834,0926,0,2026-06-14 04:52:50,0.2745597284107787,0
1835,0943,0,2026-06-14 04:52:50,0.1182544734422519,0
1836,0991,0,2026-06-14 04:52:50,0.8562133107008982,0
1837,0097,0,2026-06-14 04:53:00,0.9304759884008770,0
1838,0249,0,2026-06-14 04:53:00,0.7926303133177736,0
1839,0408,0,2026-06-14 04:53:00,0.4693401230638659,0
1840,0443,0,2026-06-14 04:53:00,0.3688379659098946,0
1841,0447,0,2026-06-14 04:53:00,0.6883796590989462,0
1842,0521,0,2026-06-14 04:53:00,0.4693401230638659,0
1843,0602,0,2026-06-14 04:53:00,0.1819789235448052,0
1844,0630,0,2026-06-14 04:53:00,0.8562133107008982,0
1845,0642,0,2026-06-14 04:53:00,0.3688379659098946,0
1846,0850,0,2026-06-14 04:53:00,0.1182544734422519,0
1847,0894,0,2026-06-14 04:53:00,0.3688379659098946,0
1848,0911,0,2026-06-14 04:53:00,0.2745597284107787,0
1849,0926,0,2026-06-14 04:53:00,0.2745597284107787,0
1850,0943,0,2026-06-14 04:53:00,0.1182544734422519,0
1851,0991,0,2026-06-14 04:53:00,0.8562133107008982,0
1852,0097,0,2026-06-14 04:53:10,0.9304759884008770,0
1853,0249,0,2026-06-14 04:53:10,0.7926303133177736,0
1854,0408,0,2026-06-14 04:53:10,0.4693401230638659,0
1855,0443,0,2026-06-14 04:53:10,0.3688379659098946,0
1856,0447,0,2026-06-14 04:53:10,0.6883796590989462,0
1857,0521,0,2026-06-14 04:53:10,0.4693401230638659,0
1858,0602,0,2026-06-14 04:53:10,0.1819789235448052,0
1859,0630,0,2026-06-14 04:53:10,0.8562133107008982,0
1860,0642,0,2026-06-14 04:53:10,0.3688379659098946,0
1861,0850,0,2026-06-14 04:53:10,0.1182544734422519,0
1862,0894,0,2026-06-14 04:53:10,0.3688379659098946,0
1863,0911,0,2026-06-14 04:53:10,0.2745597284107787,0
1864,0926,0,2026-06-14 04:53:10,0.2745597284107787,0
1865,0943,0,2026-06-14 04:53:10,0.1182544734422519,0
1866,0991,0,2026-06-14 04:53:10,0.8562133107008982,0
1867,0097,0,2026-06-14 04:53:20,0.9304759884008770,1
1868,0249,0,2026-06-14 04:53:20,0.7926303133177736,0
1869,0408,0,2026-06-14 04:53:20,0.4693401230638659,0
1870,0443,0,2026-06-14 04:53:20,0.3688379659098946,0
1871,0447,0,2026-06-14 04:53:20,0.6883796590989462,0
1872,0521,0,2026-06-14 04:53:20,0.4693401230638659,0
1873,0602,0,2026-06-14 04:53:20,0.1819789235448052,0
1874,0630,0,2026-06-14 04:53:20,0.8562133107008982,0
1875,0642,0,2026-06-14 04:53:20,0.3688379659098946,0
1876,0850,0,2026-06-14 04:53:20,0.1182544734422519,0
1877,0894,0,2026-06-14 04:53:20,0.3688379659098946,0
1878,0911,0,2026-06-14 04:53:20,0.2745597284107787,0
1879,0926,0,2026-06-14 04:53:20,0.2745597284107787,0
1880,0943,0,2026-06-14 04:53:20,0.1182544734422519,0
1881,0991,0,2026-06-14 04:53:20,0.8562133107008982,0
1882,0097,0,2026-06-14 04:53:30,0.9304759884008770,0
1883,0249,0,2026-06-14 04:53:30,0.7926303133177736,0
1884,0443,0,2026-06-14 04:53:30,0.3688379659098946,0
1885,0521,0,2026-06-14 04:53:30,0.4693401230638659,0
1886,0602,0,2026-06-14 04:53:30,0.1819789235448052,0
1887,0630,0,2026-06-14 04:53:30,0.8562133107008982,0
1888,0642,0,2026-06-14 04:53:30,0.3688379659098946,0
1889,0894,0,2026-06-14 04:53:30,0.3688379659098946,1
1890,0911,0,2026-06-14 04:53:30,0.2745597284107787,0
1891,0926,0,2026-06-14 04:53:30,0.2745597284107787,0
1892,0943,0,2026-06-14 04:53:30,0.1182544734422519,0
1893,0991,0,2026-06-14 04:53:30,0.8562133107008982,0
1894,0097,0,2026-06-14 04:53:40,0.9304759884008770,0
1895,0249,0,2026-06-14 04:53:40,0.7926303133177736,0
1896,0443,0,2026-06-14 04:53:40,0.3688379659098946,0
1897,0521,0,2026-06-14 04:53:40,0.4693401230638659,0
1898,0602,0,2026-06-14 04:53:40,0.1819789235448052,0
1899,0630,0,2026-06-14 04:53:40,0.8562133107008982,0
1900,0642,0,2026-06-14 04:53:40,0.3688379659098946,0
1901,0894,0,2026-06-14 04:53:40,0.3688379659098946,0
1902,0911,0,2026-06-14 04:53:40,0.2745597284107787,0
1903,0926,0,2026-06-14 04:53:40,0.2745597284107787,0
1904,0943,0,2026-06-14 04:53:40,0.1182544734422519,0
1905,0991,0,2026-06-14 04:53:40,0.8562133107008982,0
1906,0097,0,2026-06-14 04:53:50,0.9304759884008770,0
1907,0249,0,2026-06-14 04:53:50,0.7926303133177736,0
1908,0443,0,2026-06-14 04:53:50,0.3688379659098946,1
1909,0521,0,2026-06-14 04:53:50,0.4693401230638659,0
1910,0602,0,2026-06-14 04:53:50,0.1819789235448052,0
1911,0630,0,2026-06-14 04:53:50,0.8562133107008982,0
1912,0642,0,2026-06-14 04:53:50,0.3688379659098946,0
1913,0894,0,2026-06-14 04:53:50,0.3688379659098946,0
1914,0911,0,2026-06-14 04:53:50,0.2745597284107787,0
1915,0926,0,2026-06-14 04:53:50,0.2745597284107787,0
1916,0943,0,2026-06-14 04:53:50,0.1182544734422519,0
1917,0097,0,2026-06-14 04:54:00,0.9304759884008770,0
1918,0249,0,2026-06-14 04:54:00,0.7926303133177736,0
1919,0521,0,2026-06-14 04:54:00,0.4693401230638659,0
1920,0602,0,2026-06-14 04:54:00,0.1819789235448052,0
1921,0630,0,2026-06-14 04:54:00,0.8562133107008982,0
1922,0642,0,2026-06-14 04:54:00,0.3688379659098946,0
1923,0894,0,2026-06-14 04:54:00,0.3688379659098946,0
1924,0926,0,2026-06-14 04:54:00,0.2745597284107787,0
1925,0943,0,2026-06-14 04:54:00,0.1182544734422519,0
1926,0097,0,2026-06-14 04:54:10,0.9304759884008770,0
1927,0249,0,2026-06-14 04:54:10,0.7926303133177736,1
1928,0521,0,2026-06-14 04:54:10,0.4693401230638659,0
1929,0630,0,2026-06-14 04:54:10,0.8562133107008982,0
1930,0642,0,2026-06-14 04:54:10,0.3688379659098946,0
1931,0894,0,2026-06-14 04:54:10,0.3688379659098946,0
1932,0249,0,2026-06-14 04:54:20,0.7926303133177736,0
1933,0521,0,2026-06-14 04:54:20,0.4693401230638659,0
1934,0630,0,2026-06-14 04:54:20,0.8562133107008982,0
1935,0642,0,2026-06-14 04:54:20,0.3688379659098946,0
1936,0521,0,2026-06-14 04:54:30,0.4693401230638659,1
1937,0630,0,2026-06-14 04:54:30,0.8562133107008982,0
1938,0642,0,2026-06-14 04:54:30,0.3688379659098946,0
1939,0521,0,2026-06-14 04:54:40,0.4693401230638659,0
1940,0642,0,2026-06-14 04:54:40,0.3688379659098946,0
1941,0642,0,2026-06-14 04:54:50,0.3688379659098946,0
1942,0666,0,2026-06-14 06:19:10,0.5542824810806988,0
1943,0666,0,2026-06-14 06:19:20,0.5542824810806988,0
1944,0666,0,2026-06-14 06:19:30,0.5542824810806988,0
1945,0236,0,2026-06-14 06:19:40,0.8562133107008982,0
1946,0666,0,2026-06-14 06:19:40,0.5542824810806988,0
1947,0236,0,2026-06-14 06:19:50,0.8562133107008982,1
1948,0666,0,2026-06-14 06:19:50,0.5542824810806988,0
1949,0236,0,2026-06-14 06:20:00,0.8562133107008982,0
1950,0236,0,2026-06-14 06:20:10,0.8562133107008982,0
1951,0236,0,2026-06-14 06:20:20,0.8562133107008982,0
1952,0303,0,2026-06-14 06:20:50,0.7926303133177736,0
1953,0303,0,2026-06-14 06:21:00,0.7926303133177736,0
1954,0303,0,2026-06-14 06:21:10,0.7926303133177736,0
1955,0303,0,2026-06-14 06:21:20,0.7926303133177736,0
1956,0978,0,2026-06-14 06:21:20,0.6120659169672537,0
1957,0303,0,2026-06-14 06:21:30,0.7926303133177736,0
1958,0978,0,2026-06-14 06:21:30,0.6120659169672537,0
1959,0978,0,2026-06-14 06:21:40,0.6120659169672537,1
1960,0978,0,2026-06-14 06:21:50,0.6120659169672537,0
1961,0978,0,2026-06-14 06:22:00,0.6120659169672537,0
1962,0339,0,2026-06-14 06:23:50,0.7926303133177736,0
1963,0339,0,2026-06-14 06:24:00,0.7926303133177736,1
1964,0339,0,2026-06-14 06:24:10,0.7926303133177736,0
1965,0529,0,2026-06-14 06:24:10,0.7926303133177736,0
1966,0339,0,2026-06-14 06:24:20,0.7926303133177736,0
1967,0529,0,2026-06-14 06:24:20,0.7926303133177736,0
1968,0339,0,2026-06-14 06:24:30,0.7926303133177736,0
1969,0529,0,2026-06-14 06:24:30,0.7926303133177736,0
1970,0787,0,2026-06-14 06:24:30,0.8562133107008982,0
1971,0339,0,2026-06-14 06:24:40,0.7926303133177736,0
1972,0529,0,2026-06-14 06:24:40,0.7926303133177736,1
1973,0787,0,2026-06-14 06:24:40,0.8562133107008982,0
1974,0339,0,2026-06-14 06:24:50,0.7926303133177736,0
1975,0529,0,2026-06-14 06:24:50,0.7926303133177736,0
1976,0787,0,2026-06-14 06:24:50,0.8562133107008982,0
1977,0339,0,2026-06-14 06:25:00,0.7926303133177736,0
1978,0529,0,2026-06-14 06:25:00,0.7926303133177736,0
1979,0772,0,2026-06-14 06:25:00,0.1182544734422519,0
1980,0787,0,2026-06-14 06:25:00,0.8562133107008982,0
1981,0339,0,2026-06-14 06:25:10,0.7926303133177736,0
1982,0529,0,2026-06-14 06:25:10,0.7926303133177736,0
1983,0772,0,2026-06-14 06:25:10,0.1182544734422519,0
1984,0787,0,2026-06-14 06:25:10,0.8562133107008982,0
1985,0339,0,2026-06-14 06:25:20,0.7926303133177736,0
1986,0529,0,2026-06-14 06:25:20,0.7926303133177736,0
1987,0787,0,2026-06-14 06:25:20,0.8562133107008982,0
1988,0529,0,2026-06-14 06:25:30,0.7926303133177736,0
1989,0787,0,2026-06-14 06:25:30,0.8562133107008982,0
1990,0529,0,2026-06-14 06:25:40,0.7926303133177736,0
1991,0787,0,2026-06-14 06:25:40,0.8562133107008982,0
1992,0529,0,2026-06-14 06:25:50,0.7926303133177736,0
1993,0787,0,2026-06-14 06:25:50,0.8562133107008982,0
1994,0787,0,2026-06-14 06:26:00,0.8562133107008982,0
1995,0594,0,2026-06-14 06:26:50,0.7926303133177736,0
1996,0594,0,2026-06-14 06:27:00,0.7926303133177736,0
1997,0133,0,2026-06-14 06:27:10,0.6883796590989462,0
1998,0594,0,2026-06-14 06:27:10,0.7926303133177736,0
1999,0670,0,2026-06-14 06:27:10,0.7926303133177736,0
2000,0133,0,2026-06-14 06:27:20,0.6883796590989462,0
2001,0594,0,2026-06-14 06:27:20,0.7926303133177736,1
2002,0670,0,2026-06-14 06:27:20,0.7926303133177736,0
2003,0133,0,2026-06-14 06:27:30,0.6883796590989462,1
2004,0594,0,2026-06-14 06:27:30,0.7926303133177736,0
2005,0670,0,2026-06-14 06:27:30,0.7926303133177736,0
2006,0714,0,2026-06-14 06:27:30,0.7926303133177736,0
2007,0133,0,2026-06-14 06:27:40,0.6883796590989462,0
2008,0201,0,2026-06-14 06:27:40,0.4693401230638659,0
2009,0594,0,2026-06-14 06:27:40,0.7926303133177736,0
2010,0670,0,2026-06-14 06:27:40,0.7926303133177736,0
2011,0714,0,2026-06-14 06:27:40,0.7926303133177736,0
2012,0133,0,2026-06-14 06:27:50,0.6883796590989462,0
2013,0138,0,2026-06-14 06:27:50,0.1182544734422519,0
2014,0201,0,2026-06-14 06:27:50,0.4693401230638659,0
2015,0594,0,2026-06-14 06:27:50,0.7926303133177736,0
2016,0670,0,2026-06-14 06:27:50,0.7926303133177736,0
2017,0714,0,2026-06-14 06:27:50,0.7926303133177736,0
2018,0133,0,2026-06-14 06:28:00,0.6883796590989462,0
2019,0138,0,2026-06-14 06:28:00,0.1182544734422519,0
2020,0201,0,2026-06-14 06:28:00,0.4693401230638659,0
2021,0594,0,2026-06-14 06:28:00,0.7926303133177736,0
2022,0670,0,2026-06-14 06:28:00,0.7926303133177736,0
2023,0714,0,2026-06-14 06:28:00,0.7926303133177736,1
2024,0133,0,2026-06-14 06:28:10,0.6883796590989462,0
2025,0138,0,2026-06-14 06:28:10,0.1182544734422519,0
2026,0201,0,2026-06-14 06:28:10,0.4693401230638659,0
2027,0594,0,2026-06-14 06:28:10,0.7926303133177736,0
2028,0670,0,2026-06-14 06:28:10,0.7926303133177736,0
2029,0714,0,2026-06-14 06:28:10,0.7926303133177736,0
2030,0133,0,2026-06-14 06:28:20,0.6883796590989462,0
2031,0138,0,2026-06-14 06:28:20,0.1182544734422519,0
2032,0201,0,2026-06-14 06:28:20,0.4693401230638659,0
2033,0594,0,2026-06-14 06:28:20,0.7926303133177736,0
2034,0670,0,2026-06-14 06:28:20,0.7926303133177736,0
2035,0714,0,2026-06-14 06:28:20,0.7926303133177736,0
2036,0133,0,2026-06-14 06:28:30,0.6883796590989462,0
2037,0138,0,2026-06-14 06:28:30,0.1182544734422519,0
2038,0201,0,2026-06-14 06:28:30,0.4693401230638659,0
2039,0594,0,2026-06-14 06:28:30,0.7926303133177736,0
2040,0670,0,2026-06-14 06:28:30,0.7926303133177736,0
2041,0714,0,2026-06-14 06:28:30,0.7926303133177736,0
2042,0133,0,2026-06-14 06:28:40,0.6883796590989462,0
2043,0138,0,2026-06-14 06:28:40,0.1182544734422519,1
2044,0201,0,2026-06-14 06:28:40,0.4693401230638659,0
2045,0594,0,2026-06-14 06:28:40,0.7926303133177736,0
2046,0670,0,2026-06-14 06:28:40,0.7926303133177736,0
2047,0714,0,2026-06-14 06:28:40,0.7926303133177736,0
2048,0133,0,2026-06-14 06:28:50,0.6883796590989462,0
2049,0138,0,2026-06-14 06:28:50,0.1182544734422519,0
2050,0201,0,2026-06-14 06:28:50,0.4693401230638659,0
2051,0670,0,2026-06-14 06:28:50,0.7926303133177736,0
2052,0714,0,2026-06-14 06:28:50,0.7926303133177736,0
2053,0133,0,2026-06-14 06:29:00,0.6883796590989462,0
2054,0201,0,2026-06-14 06:29:00,0.4693401230638659,0
2055,0670,0,2026-06-14 06:29:00,0.7926303133177736,0
2056,0714,0,2026-06-14 06:29:00,0.7926303133177736,0
2057,0201,0,2026-06-14 06:29:10,0.4693401230638659,1
2058,0714,0,2026-06-14 06:29:10,0.7926303133177736,0
2059,0201,0,2026-06-14 06:29:20,0.4693401230638659,0
2060,0714,0,2026-06-14 06:29:20,0.7926303133177736,0
2061,0284,0,2026-06-14 06:38:40,0.1182544734422519,0
2062,0718,0,2026-06-14 06:38:40,0.3688379659098946,0
2063,0284,0,2026-06-14 06:38:50,0.1182544734422519,0
2064,0718,0,2026-06-14 06:38:50,0.3688379659098946,0
2065,0284,0,2026-06-14 06:39:00,0.1182544734422519,0
2066,0718,0,2026-06-14 06:39:00,0.3688379659098946,0
2067,0284,0,2026-06-14 06:39:10,0.1182544734422519,0
2068,0718,0,2026-06-14 06:39:10,0.3688379659098946,0
2069,0284,0,2026-06-14 06:39:20,0.1182544734422519,0
2070,0718,0,2026-06-14 06:39:20,0.3688379659098946,0
2071,0284,0,2026-06-14 06:39:30,0.1182544734422519,0
2072,0718,0,2026-06-14 06:39:30,0.3688379659098946,1
2073,0284,0,2026-06-14 06:39:40,0.1182544734422519,0
2074,0718,0,2026-06-14 06:39:40,0.3688379659098946,0
2075,0284,0,2026-06-14 06:39:50,0.1182544734422519,0
2076,0718,0,2026-06-14 06:39:50,0.3688379659098946,0
2077,0284,0,2026-06-14 06:40:00,0.1182544734422519,0
2078,0718,0,2026-06-14 06:40:00,0.3688379659098946,0
2079,0284,0,2026-06-14 06:40:10,0.1182544734422519,0
2080,0718,0,2026-06-14 06:40:10,0.3688379659098946,0
2081,0284,0,2026-06-14 06:40:20,0.1182544734422519,0
2082,0718,0,2026-06-14 06:40:20,0.3688379659098946,0
2083,0718,0,2026-06-14 06:40:30,0.3688379659098946,0
2084,0172,0,2026-06-14 07:55:40,0.3688379659098946,0
2085,0172,0,2026-06-14 07:55:50,0.3688379659098946,0
2086,0492,0,2026-06-14 07:55:50,1.0000000000000000,0
2087,0172,0,2026-06-14 07:56:00,0.3688379659098946,0
2088,0492,0,2026-06-14 07:56:00,1.0000000000000000,0
2089,0172,0,2026-06-14 07:56:10,0.3688379659098946,0
2090,0492,0,2026-06-14 07:56:10,1.0000000000000000,0
2091,0172,0,2026-06-14 07:56:20,0.3688379659098946,0
2092,0492,0,2026-06-14 07:56:20,1.0000000000000000,0
2093,0172,0,2026-06-14 07:56:30,0.3688379659098946,0
2094,0492,0,2026-06-14 07:56:30,1.0000000000000000,1
2095,0172,0,2026-06-14 07:56:40,0.3688379659098946,0
2096,0492,0,2026-06-14 07:56:40,1.0000000000000000,0
2097,0492,0,2026-06-14 07:56:50,1.0000000000000000,0
2098,0492,0,2026-06-14 07:57:00,1.0000000000000000,0
2099,0492,0,2026-06-14 07:57:10,1.0000000000000000,0
2100,0404,0,2026-06-14 07:57:20,0.6120659169672537,0
2101,0552,0,2026-06-14 07:57:20,0.5542824810806988,0
2102,0142,0,2026-06-14 07:57:30,0.5542824810806988,0
2103,0404,0,2026-06-14 07:57:30,0.6120659169672537,0
2104,0440,0,2026-06-14 07:57:30,0.0599052266779829,0
2105,0552,0,2026-06-14 07:57:30,0.5542824810806988,0
2106,0142,0,2026-06-14 07:57:40,0.5542824810806988,0
2107,0286,0,2026-06-14 07:57:40,1.0000000000000000,0
2108,0404,0,2026-06-14 07:57:40,0.6120659169672537,1
2109,0440,0,2026-06-14 07:57:40,0.0599052266779829,0
2110,0552,0,2026-06-14 07:57:40,0.5542824810806988,0
2111,0142,0,2026-06-14 07:57:50,0.5542824810806988,0
2112,0286,0,2026-06-14 07:57:50,1.0000000000000000,0
2113,0404,0,2026-06-14 07:57:50,0.6120659169672537,0
2114,0440,0,2026-06-14 07:57:50,0.0599052266779829,0
2115,0552,0,2026-06-14 07:57:50,0.5542824810806988,0
2116,0142,0,2026-06-14 07:58:00,0.5542824810806988,0
2117,0241,0,2026-06-14 07:58:00,0.3688379659098946,0
2118,0286,0,2026-06-14 07:58:00,1.0000000000000000,0
2119,0404,0,2026-06-14 07:58:00,0.6120659169672537,0
2120,0440,0,2026-06-14 07:58:00,0.0599052266779829,0
2121,0552,0,2026-06-14 07:58:00,0.5542824810806988,0
2122,0142,0,2026-06-14 07:58:10,0.5542824810806988,0
2123,0241,0,2026-06-14 07:58:10,0.3688379659098946,0
2124,0286,0,2026-06-14 07:58:10,1.0000000000000000,0
2125,0404,0,2026-06-14 07:58:10,0.6120659169672537,0
2126,0440,0,2026-06-14 07:58:10,0.0599052266779829,1
2127,0552,0,2026-06-14 07:58:10,0.5542824810806988,0
2128,0142,0,2026-06-14 07:58:20,0.5542824810806988,0
2129,0241,0,2026-06-14 07:58:20,0.3688379659098946,0
2130,0286,0,2026-06-14 07:58:20,1.0000000000000000,0
2131,0404,0,2026-06-14 07:58:20,0.6120659169672537,0
2132,0440,0,2026-06-14 07:58:20,0.0599052266779829,0
2133,0552,0,2026-06-14 07:58:20,0.5542824810806988,0
2134,0969,0,2026-06-14 07:58:20,0.2745597284107787,0
2135,0142,0,2026-06-14 07:58:30,0.5542824810806988,0
2136,0241,0,2026-06-14 07:58:30,0.3688379659098946,0
2137,0286,0,2026-06-14 07:58:30,1.0000000000000000,0
2138,0404,0,2026-06-14 07:58:30,0.6120659169672537,0
2139,0552,0,2026-06-14 07:58:30,0.5542824810806988,0
2140,0969,0,2026-06-14 07:58:30,0.2745597284107787,0
2141,0142,0,2026-06-14 07:58:40,0.5542824810806988,0
2142,0241,0,2026-06-14 07:58:40,0.3688379659098946,0
2143,0286,0,2026-06-14 07:58:40,1.0000000000000000,0
2144,0404,0,2026-06-14 07:58:40,0.6120659169672537,0
2145,0552,0,2026-06-14 07:58:40,0.5542824810806988,1
2146,0753,0,2026-06-14 07:58:40,0.7926303133177736,0
2147,0969,0,2026-06-14 07:58:40,0.2745597284107787,0
2148,0142,0,2026-06-14 07:58:50,0.5542824810806988,0
2149,0241,0,2026-06-14 07:58:50,0.3688379659098946,0
2150,0286,0,2026-06-14 07:58:50,1.0000000000000000,0
2151,0404,0,2026-06-14 07:58:50,0.6120659169672537,0
2152,0552,0,2026-06-14 07:58:50,0.5542824810806988,0
2153,0753,0,2026-06-14 07:58:50,0.7926303133177736,0
2154,0969,0,2026-06-14 07:58:50,0.2745597284107787,0
2155,0142,0,2026-06-14 07:59:00,0.5542824810806988,0
2156,0241,0,2026-06-14 07:59:00,0.3688379659098946,0
2157,0286,0,2026-06-14 07:59:00,1.0000000000000000,0
2158,0404,0,2026-06-14 07:59:00,0.6120659169672537,0
2159,0552,0,2026-06-14 07:59:00,0.5542824810806988,0
2160,0753,0,2026-06-14 07:59:00,0.7926303133177736,0
2161,0969,0,2026-06-14 07:59:00,0.2745597284107787,0
2162,0142,0,2026-06-14 07:59:10,0.5542824810806988,0
2163,0241,0,2026-06-14 07:59:10,0.3688379659098946,0
2164,0286,0,2026-06-14 07:59:10,1.0000000000000000,0
2165,0753,0,2026-06-14 07:59:10,0.7926303133177736,0
2166,0969,0,2026-06-14 07:59:10,0.2745597284107787,0
2167,0142,0,2026-06-14 07:59:20,0.5542824810806988,0
2168,0241,0,2026-06-14 07:59:20,0.3688379659098946,0
2169,0286,0,2026-06-14 07:59:20,1.0000000000000000,0
2170,0753,0,2026-06-14 07:59:20,0.7926303133177736,0
2171,0842,0,2026-06-14 07:59:20,0.1182544734422519,0
2172,0969,0,2026-06-14 07:59:20,0.2745597284107787,1
2173,0241,0,2026-06-14 07:59:30,0.3688379659098946,0
2174,0752,0,2026-06-14 07:59:30,0.8562133107008982,0
2175,0753,0,2026-06-14 07:59:30,0.7926303133177736,0
2176,0842,0,2026-06-14 07:59:30,0.1182544734422519,0
2177,0969,0,2026-06-14 07:59:30,0.2745597284107787,0
2178,0752,0,2026-06-14 07:59:40,0.8562133107008982,0
2179,0753,0,2026-06-14 07:59:40,0.7926303133177736,0
2180,0842,0,2026-06-14 07:59:40,0.1182544734422519,0
2181,0401,0,2026-06-14 07:59:50,0.9304759884008770,0
2182,0510,0,2026-06-14 07:59:50,0.2745597284107787,0
2183,0752,0,2026-06-14 07:59:50,0.8562133107008982,0
2184,0753,0,2026-06-14 07:59:50,0.7926303133177736,0
2185,0842,0,2026-06-14 07:59:50,0.1182544734422519,0
2186,0401,0,2026-06-14 08:00:00,0.9304759884008770,0
2187,0510,0,2026-06-14 08:00:00,0.2745597284107787,0
2188,0752,0,2026-06-14 08:00:00,0.8562133107008982,0
2189,0753,0,2026-06-14 08:00:00,0.7926303133177736,0
2190,0842,0,2026-06-14 08:00:00,0.1182544734422519,0
2191,0401,0,2026-06-14 08:00:10,0.9304759884008770,0
2192,0510,0,2026-06-14 08:00:10,0.2745597284107787,0
2193,0752,0,2026-06-14 08:00:10,0.8562133107008982,0
2194,0753,0,2026-06-14 08:00:10,0.7926303133177736,0
2195,0842,0,2026-06-14 08:00:10,0.1182544734422519,0
2196,0132,0,2026-06-14 08:00:20,0.9304759884008770,0
2197,0401,0,2026-06-14 08:00:20,0.9304759884008770,0
2198,0510,0,2026-06-14 08:00:20,0.2745597284107787,0
2199,0752,0,2026-06-14 08:00:20,0.8562133107008982,0
2200,0753,0,2026-06-14 08:00:20,0.7926303133177736,0
2201,0842,0,2026-06-14 08:00:20,0.1182544734422519,0
2202,0132,0,2026-06-14 08:00:30,0.9304759884008770,0
2203,0401,0,2026-06-14 08:00:30,0.9304759884008770,0
2204,0510,0,2026-06-14 08:00:30,0.2745597284107787,0
2205,0752,0,2026-06-14 08:00:30,0.8562133107008982,0
2206,0753,0,2026-06-14 08:00:30,0.7926303133177736,1
2207,0842,0,2026-06-14 08:00:30,0.1182544734422519,0
2208,0049,0,2026-06-14 08:00:40,0.4693401230638659,0
2209,0132,0,2026-06-14 08:00:40,0.9304759884008770,0
2210,0401,0,2026-06-14 08:00:40,0.9304759884008770,0
2211,0510,0,2026-06-14 08:00:40,0.2745597284107787,0
2212,0752,0,2026-06-14 08:00:40,0.8562133107008982,0
2213,0842,0,2026-06-14 08:00:40,0.1182544734422519,0
2214,0049,0,2026-06-14 08:00:50,0.4693401230638659,0
2215,0132,0,2026-06-14 08:00:50,0.9304759884008770,0
2216,0401,0,2026-06-14 08:00:50,0.9304759884008770,0
2217,0510,0,2026-06-14 08:00:50,0.2745597284107787,1
2218,0752,0,2026-06-14 08:00:50,0.8562133107008982,0
2219,0842,0,2026-06-14 08:00:50,0.1182544734422519,0
2220,0049,0,2026-06-14 08:01:00,0.4693401230638659,0
2221,0132,0,2026-06-14 08:01:00,0.9304759884008770,0
2222,0401,0,2026-06-14 08:01:00,0.9304759884008770,0
2223,0510,0,2026-06-14 08:01:00,0.2745597284107787,0
2224,0752,0,2026-06-14 08:01:00,0.8562133107008982,0
2225,0049,0,2026-06-14 08:01:10,0.4693401230638659,0
2226,0132,0,2026-06-14 08:01:10,0.9304759884008770,0
2227,0401,0,2026-06-14 08:01:10,0.9304759884008770,0
2228,0510,0,2026-06-14 08:01:10,0.2745597284107787,0
2229,0752,0,2026-06-14 08:01:10,0.8562133107008982,1
2230,0049,0,2026-06-14 08:01:20,0.4693401230638659,0
2231,0401,0,2026-06-14 08:01:20,0.9304759884008770,0
2232,0510,0,2026-06-14 08:01:20,0.2745597284107787,0
2233,0752,0,2026-06-14 08:01:20,0.8562133107008982,0
2234,0049,0,2026-06-14 08:01:30,0.4693401230638659,0
2235,0401,0,2026-06-14 08:01:30,0.9304759884008770,0
2236,0510,0,2026-06-14 08:01:30,0.2745597284107787,0
2237,0511,0,2026-06-14 08:01:30,0.3688379659098946,0
2238,0049,0,2026-06-14 08:01:40,0.4693401230638659,0
2239,0510,0,2026-06-14 08:01:40,0.2745597284107787,0
2240,0511,0,2026-06-14 08:01:40,0.3688379659098946,0
2241,0762,0,2026-06-14 08:01:40,0.5542824810806988,0
2242,0049,0,2026-06-14 08:01:50,0.4693401230638659,0
2243,0511,0,2026-06-14 08:01:50,0.3688379659098946,0
2244,0678,0,2026-06-14 08:01:50,0.6883796590989462,1
2245,0762,0,2026-06-14 08:01:50,0.5542824810806988,0
2246,0049,0,2026-06-14 08:02:00,0.4693401230638659,0
2247,0511,0,2026-06-14 08:02:00,0.3688379659098946,0
2248,0579,0,2026-06-14 08:02:00,0.6120659169672537,0
2249,0678,0,2026-06-14 08:02:00,0.6883796590989462,0
2250,0762,0,2026-06-14 08:02:00,0.5542824810806988,0
2251,0049,0,2026-06-14 08:02:10,0.4693401230638659,0
2252,0511,0,2026-06-14 08:02:10,0.3688379659098946,0
2253,0579,0,2026-06-14 08:02:10,0.6120659169672537,0
2254,0678,0,2026-06-14 08:02:10,0.6883796590989462,0
2255,0762,0,2026-06-14 08:02:10,0.5542824810806988,0
2256,0511,0,2026-06-14 08:02:20,0.3688379659098946,0
2257,0579,0,2026-06-14 08:02:20,0.6120659169672537,0
2258,0678,0,2026-06-14 08:02:20,0.6883796590989462,0
2259,0762,0,2026-06-14 08:02:20,0.5542824810806988,0
2260,0511,0,2026-06-14 08:02:30,0.3688379659098946,0
2261,0579,0,2026-06-14 08:02:30,0.6120659169672537,0
2262,0678,0,2026-06-14 08:02:30,0.6883796590989462,0
2263,0762,0,2026-06-14 08:02:30,0.5542824810806988,0
2264,0163,0,2026-06-14 08:02:40,0.7926303133177736,0
2265,0511,0,2026-06-14 08:02:40,0.3688379659098946,0
2266,0579,0,2026-06-14 08:02:40,0.6120659169672537,0
2267,0678,0,2026-06-14 08:02:40,0.6883796590989462,0
2268,0762,0,2026-06-14 08:02:40,0.5542824810806988,0
2269,0163,0,2026-06-14 08:02:50,0.7926303133177736,0
2270,0511,0,2026-06-14 08:02:50,0.3688379659098946,0
2271,0579,0,2026-06-14 08:02:50,0.6120659169672537,0
2272,0678,0,2026-06-14 08:02:50,0.6883796590989462,0
2273,0762,0,2026-06-14 08:02:50,0.5542824810806988,0
2274,0163,0,2026-06-14 08:03:00,0.7926303133177736,0
2275,0511,0,2026-06-14 08:03:00,0.3688379659098946,0
2276,0579,0,2026-06-14 08:03:00,0.6120659169672537,1
2277,0678,0,2026-06-14 08:03:00,0.6883796590989462,0
2278,0762,0,2026-06-14 08:03:00,0.5542824810806988,0
2279,0163,0,2026-06-14 08:03:10,0.7926303133177736,0
2280,0419,0,2026-06-14 08:03:10,0.2745597284107787,0
2281,0511,0,2026-06-14 08:03:10,0.3688379659098946,0
2282,0579,0,2026-06-14 08:03:10,0.6120659169672537,0
2283,0678,0,2026-06-14 08:03:10,0.6883796590989462,0
2284,0762,0,2026-06-14 08:03:10,0.5542824810806988,0
2285,0163,0,2026-06-14 08:03:20,0.7926303133177736,0
2286,0181,0,2026-06-14 08:03:20,1.0000000000000000,0
2287,0419,0,2026-06-14 08:03:20,0.2745597284107787,0
2288,0460,0,2026-06-14 08:03:20,0.3688379659098946,0
2289,0511,0,2026-06-14 08:03:20,0.3688379659098946,0
2290,0579,0,2026-06-14 08:03:20,0.6120659169672537,0
2291,0678,0,2026-06-14 08:03:20,0.6883796590989462,0
2292,0762,0,2026-06-14 08:03:20,0.5542824810806988,0
2293,0163,0,2026-06-14 08:03:30,0.7926303133177736,0
2294,0181,0,2026-06-14 08:03:30,1.0000000000000000,1
2295,0419,0,2026-06-14 08:03:30,0.2745597284107787,0
2296,0460,0,2026-06-14 08:03:30,0.3688379659098946,0
2297,0579,0,2026-06-14 08:03:30,0.6120659169672537,0
2298,0678,0,2026-06-14 08:03:30,0.6883796590989462,0
2299,0163,0,2026-06-14 08:03:40,0.7926303133177736,0
2300,0181,0,2026-06-14 08:03:40,1.0000000000000000,0
2301,0419,0,2026-06-14 08:03:40,0.2745597284107787,0
2302,0460,0,2026-06-14 08:03:40,0.3688379659098946,0
2303,0579,0,2026-06-14 08:03:40,0.6120659169672537,0
2304,0627,0,2026-06-14 08:03:40,0.4693401230638659,0
2305,0678,0,2026-06-14 08:03:40,0.6883796590989462,0
2306,0163,0,2026-06-14 08:03:50,0.7926303133177736,0
2307,0181,0,2026-06-14 08:03:50,1.0000000000000000,0
2308,0419,0,2026-06-14 08:03:50,0.2745597284107787,0
2309,0460,0,2026-06-14 08:03:50,0.3688379659098946,0
2310,0627,0,2026-06-14 08:03:50,0.4693401230638659,0
2311,0163,0,2026-06-14 08:04:00,0.7926303133177736,0
2312,0181,0,2026-06-14 08:04:00,1.0000000000000000,0
2313,0307,0,2026-06-14 08:04:00,0.9304759884008770,1
2314,0419,0,2026-06-14 08:04:00,0.2745597284107787,0
2315,0446,0,2026-06-14 08:04:00,0.0599052266779829,0
2316,0460,0,2026-06-14 08:04:00,0.3688379659098946,0
2317,0627,0,2026-06-14 08:04:00,0.4693401230638659,0
2318,0128,0,2026-06-14 08:04:10,0.3688379659098946,0
2319,0163,0,2026-06-14 08:04:10,0.7926303133177736,0
2320,0181,0,2026-06-14 08:04:10,1.0000000000000000,0
2321,0307,0,2026-06-14 08:04:10,0.9304759884008770,0
2322,0419,0,2026-06-14 08:04:10,0.2745597284107787,0
2323,0446,0,2026-06-14 08:04:10,0.0599052266779829,0
2324,0460,0,2026-06-14 08:04:10,0.3688379659098946,0
2325,0627,0,2026-06-14 08:04:10,0.4693401230638659,0
2326,0128,0,2026-06-14 08:04:20,0.3688379659098946,0
2327,0181,0,2026-06-14 08:04:20,1.0000000000000000,0
2328,0307,0,2026-06-14 08:04:20,0.9304759884008770,1
2329,0329,0,2026-06-14 08:04:20,0.6120659169672537,0
2330,0419,0,2026-06-14 08:04:20,0.2745597284107787,0
2331,0446,0,2026-06-14 08:04:20,0.0599052266779829,0
2332,0460,0,2026-06-14 08:04:20,0.3688379659098946,0
2333,0627,0,2026-06-14 08:04:20,0.4693401230638659,0
2334,0653,0,2026-06-14 08:04:20,0.1182544734422519,0
2335,0959,0,2026-06-14 08:04:20,0.0599052266779829,0
2336,0128,0,2026-06-14 08:04:30,0.3688379659098946,0
2337,0307,0,2026-06-14 08:04:30,0.9304759884008770,0
2338,0329,0,2026-06-14 08:04:30,0.6120659169672537,0
2339,0419,0,2026-06-14 08:04:30,0.2745597284107787,0
2340,0446,0,2026-06-14 08:04:30,0.0599052266779829,0
2341,0460,0,2026-06-14 08:04:30,0.3688379659098946,0
2342,0627,0,2026-06-14 08:04:30,0.4693401230638659,0
2343,0653,0,2026-06-14 08:04:30,0.1182544734422519,1
2344,0959,0,2026-06-14 08:04:30,0.0599052266779829,0
2345,0128,0,2026-06-14 08:04:40,0.3688379659098946,0
2346,0307,0,2026-06-14 08:04:40,0.9304759884008770,0
2347,0329,0,2026-06-14 08:04:40,0.6120659169672537,0
2348,0419,0,2026-06-14 08:04:40,0.2745597284107787,0
2349,0446,0,2026-06-14 08:04:40,0.0599052266779829,0
2350,0460,0,2026-06-14 08:04:40,0.3688379659098946,0
2351,0627,0,2026-06-14 08:04:40,0.4693401230638659,0
2352,0653,0,2026-06-14 08:04:40,0.1182544734422519,0
2353,0959,0,2026-06-14 08:04:40,0.0599052266779829,0
2354,0128,0,2026-06-14 08:04:50,0.3688379659098946,0
2355,0307,0,2026-06-14 08:04:50,0.9304759884008770,0
2356,0329,0,2026-06-14 08:04:50,0.6120659169672537,0
2357,0420,0,2026-06-14 08:04:50,1.0000000000000000,0
2358,0446,0,2026-06-14 08:04:50,0.0599052266779829,0
2359,0460,0,2026-06-14 08:04:50,0.3688379659098946,1
2360,0627,0,2026-06-14 08:04:50,0.4693401230638659,0
2361,0653,0,2026-06-14 08:04:50,0.1182544734422519,0
2362,0849,0,2026-06-14 08:04:50,0.5542824810806988,0
2363,0959,0,2026-06-14 08:04:50,0.0599052266779829,0
2364,0128,0,2026-06-14 08:05:00,0.3688379659098946,0
2365,0307,0,2026-06-14 08:05:00,0.9304759884008770,0
2366,0329,0,2026-06-14 08:05:00,0.6120659169672537,0
2367,0420,0,2026-06-14 08:05:00,1.0000000000000000,0
2368,0446,0,2026-06-14 08:05:00,0.0599052266779829,1
2369,0460,0,2026-06-14 08:05:00,0.3688379659098946,0
2370,0627,0,2026-06-14 08:05:00,0.4693401230638659,0
2371,0653,0,2026-06-14 08:05:00,0.1182544734422519,0
2372,0849,0,2026-06-14 08:05:00,0.5542824810806988,0
2373,0959,0,2026-06-14 08:05:00,0.0599052266779829,0
2374,0128,0,2026-06-14 08:05:10,0.3688379659098946,0
2375,0307,0,2026-06-14 08:05:10,0.9304759884008770,0
2376,0329,0,2026-06-14 08:05:10,0.6120659169672537,0
2377,0420,0,2026-06-14 08:05:10,1.0000000000000000,0
2378,0446,0,2026-06-14 08:05:10,0.0599052266779829,0
2379,0627,0,2026-06-14 08:05:10,0.4693401230638659,0
2380,0653,0,2026-06-14 08:05:10,0.1182544734422519,0
2381,0849,0,2026-06-14 08:05:10,0.5542824810806988,0
2382,0959,0,2026-06-14 08:05:10,0.0599052266779829,0
2383,0971,0,2026-06-14 08:05:10,1.0000000000000000,0
2384,0128,0,2026-06-14 08:05:20,0.3688379659098946,0
2385,0307,0,2026-06-14 08:05:20,0.9304759884008770,0
2386,0329,0,2026-06-14 08:05:20,0.6120659169672537,0
2387,0420,0,2026-06-14 08:05:20,1.0000000000000000,0
2388,0446,0,2026-06-14 08:05:20,0.0599052266779829,0
2389,0468,0,2026-06-14 08:05:20,0.2745597284107787,0
2390,0534,0,2026-06-14 08:05:20,0.1182544734422519,0
2391,0653,0,2026-06-14 08:05:20,0.1182544734422519,0
2392,0849,0,2026-06-14 08:05:20,0.5542824810806988,0
2393,0959,0,2026-06-14 08:05:20,0.0599052266779829,0
2394,0971,0,2026-06-14 08:05:20,1.0000000000000000,0
2395,0128,0,2026-06-14 08:05:30,0.3688379659098946,0
2396,0307,0,2026-06-14 08:05:30,0.9304759884008770,0
2397,0329,0,2026-06-14 08:05:30,0.6120659169672537,0
2398,0420,0,2026-06-14 08:05:30,1.0000000000000000,0
2399,0446,0,2026-06-14 08:05:30,0.0599052266779829,0
2400,0468,0,2026-06-14 08:05:30,0.2745597284107787,0
2401,0534,0,2026-06-14 08:05:30,0.1182544734422519,0
2402,0653,0,2026-06-14 08:05:30,0.1182544734422519,0
2403,0849,0,2026-06-14 08:05:30,0.5542824810806988,0
2404,0959,0,2026-06-14 08:05:30,0.0599052266779829,0
2405,0971,0,2026-06-14 08:05:30,1.0000000000000000,1
2406,0128,0,2026-06-14 08:05:40,0.3688379659098946,0
2407,0307,0,2026-06-14 08:05:40,0.9304759884008770,0
2408,0329,0,2026-06-14 08:05:40,0.6120659169672537,0
2409,0420,0,2026-06-14 08:05:40,1.0000000000000000,0
2410,0468,0,2026-06-14 08:05:40,0.2745597284107787,0
2411,0534,0,2026-06-14 08:05:40,0.1182544734422519,0
2412,0621,0,2026-06-14 08:05:40,1.0000000000000000,0
2413,0653,0,2026-06-14 08:05:40,0.1182544734422519,0
2414,0849,0,2026-06-14 08:05:40,0.5542824810806988,0
2415,0959,0,2026-06-14 08:05:40,0.0599052266779829,0
2416,0971,0,2026-06-14 08:05:40,1.0000000000000000,0
2417,0329,0,2026-06-14 08:05:50,0.6120659169672537,0
2418,0420,0,2026-06-14 08:05:50,1.0000000000000000,0
2419,0433,0,2026-06-14 08:05:50,0.4693401230638659,0
2420,0468,0,2026-06-14 08:05:50,0.2745597284107787,0
2421,0534,0,2026-06-14 08:05:50,0.1182544734422519,0
2422,0621,0,2026-06-14 08:05:50,1.0000000000000000,0
2423,0653,0,2026-06-14 08:05:50,0.1182544734422519,0
2424,0849,0,2026-06-14 08:05:50,0.5542824810806988,1
2425,0959,0,2026-06-14 08:05:50,0.0599052266779829,0
2426,0971,0,2026-06-14 08:05:50,1.0000000000000000,0
2427,0329,0,2026-06-14 08:06:00,0.6120659169672537,0
2428,0420,0,2026-06-14 08:06:00,1.0000000000000000,0
2429,0433,0,2026-06-14 08:06:00,0.4693401230638659,0
2430,0468,0,2026-06-14 08:06:00,0.2745597284107787,0
2431,0534,0,2026-06-14 08:06:00,0.1182544734422519,0
2432,0621,0,2026-06-14 08:06:00,1.0000000000000000,0
2433,0849,0,2026-06-14 08:06:00,0.5542824810806988,0
2434,0971,0,2026-06-14 08:06:00,1.0000000000000000,0
2435,0329,0,2026-06-14 08:06:10,0.6120659169672537,0
2436,0420,0,2026-06-14 08:06:10,1.0000000000000000,0
2437,0433,0,2026-06-14 08:06:10,0.4693401230638659,0
2438,0468,0,2026-06-14 08:06:10,0.2745597284107787,0
2439,0534,0,2026-06-14 08:06:10,0.1182544734422519,0
2440,0621,0,2026-06-14 08:06:10,1.0000000000000000,0
2441,0849,0,2026-06-14 08:06:10,0.5542824810806988,0
2442,0971,0,2026-06-14 08:06:10,1.0000000000000000,0
2443,0420,0,2026-06-14 08:06:20,1.0000000000000000,0
2444,0433,0,2026-06-14 08:06:20,0.4693401230638659,0
2445,0468,0,2026-06-14 08:06:20,0.2745597284107787,0
2446,0534,0,2026-06-14 08:06:20,0.1182544734422519,1
2447,0621,0,2026-06-14 08:06:20,1.0000000000000000,0
2448,0849,0,2026-06-14 08:06:20,0.5542824810806988,0
2449,0971,0,2026-06-14 08:06:20,1.0000000000000000,0
2450,0433,0,2026-06-14 08:06:30,0.4693401230638659,0
2451,0468,0,2026-06-14 08:06:30,0.2745597284107787,0
2452,0534,0,2026-06-14 08:06:30,0.1182544734422519,0
2453,0621,0,2026-06-14 08:06:30,1.0000000000000000,0
2454,0849,0,2026-06-14 08:06:30,0.5542824810806988,0
2455,0971,0,2026-06-14 08:06:30,1.0000000000000000,0
2456,0433,0,2026-06-14 08:06:40,0.4693401230638659,0
2457,0468,0,2026-06-14 08:06:40,0.2745597284107787,0
2458,0534,0,2026-06-14 08:06:40,0.1182544734422519,0
2459,0621,0,2026-06-14 08:06:40,1.0000000000000000,0
2460,0849,0,2026-06-14 08:06:40,0.5542824810806988,0
2461,0433,0,2026-06-14 08:06:50,0.4693401230638659,0
2462,0468,0,2026-06-14 08:06:50,0.2745597284107787,0
2463,0534,0,2026-06-14 08:06:50,0.1182544734422519,0
2464,0621,0,2026-06-14 08:06:50,1.0000000000000000,0
2465,0433,0,2026-06-14 08:07:00,0.4693401230638659,0
2466,0468,0,2026-06-14 08:07:00,0.2745597284107787,0
2467,0534,0,2026-06-14 08:07:00,0.1182544734422519,0
2468,0621,0,2026-06-14 08:07:00,1.0000000000000000,0
2469,0433,0,2026-06-14 08:07:10,0.4693401230638659,0
2470,0534,0,2026-06-14 08:07:10,0.1182544734422519,0
2471,0621,0,2026-06-14 08:07:10,1.0000000000000000,0
2472,0433,0,2026-06-14 08:07:20,0.4693401230638659,0
2473,0621,0,2026-06-14 08:07:20,1.0000000000000000,0
2474,0433,0,2026-06-14 08:07:30,0.4693401230638659,0
2475,0621,0,2026-06-14 08:07:30,1.0000000000000000,0
2476,0156,0,2026-06-14 08:09:50,0.7926303133177736,1
2477,0156,0,2026-06-14 08:10:00,0.7926303133177736,0
2478,0156,0,2026-06-14 08:10:10,0.7926303133177736,0
2479,0156,0,2026-06-14 08:10:20,0.7926303133177736,0
2480,0156,0,2026-06-14 08:10:30,0.7926303133177736,0
2481,0156,0,2026-06-14 08:10:40,0.7926303133177736,0
2482,0156,0,2026-06-14 08:10:50,0.7926303133177736,0
2483,0226,0,2026-06-14 08:10:50,0.7926303133177736,1
2484,0226,0,2026-06-14 08:11:00,0.7926303133177736,0
2485,0226,0,2026-06-14 08:11:10,0.7926303133177736,0
2486,0226,0,2026-06-14 08:11:20,0.7926303133177736,0
2487,0226,0,2026-06-14 08:11:30,0.7926303133177736,0
2488,0226,0,2026-06-14 08:11:40,0.7926303133177736,0
2489,0226,0,2026-06-14 08:11:50,0.7926303133177736,0
2490,0226,0,2026-06-14 08:12:00,0.7926303133177736,0
2491,0226,0,2026-06-14 08:12:10,0.7926303133177736,0
2492,0226,0,2026-06-14 08:12:20,0.7926303133177736,0
2493,0226,0,2026-06-14 08:12:30,0.7926303133177736,0
2494,0226,0,2026-06-14 08:12:40,0.7926303133177736,0
2495,0716,0,2026-06-14 08:13:00,0.8562133107008982,0
2496,0716,0,2026-06-14 08:13:10,0.8562133107008982,0
2497,0716,0,2026-06-14 08:13:20,0.8562133107008982,0
2498,0716,0,2026-06-14 08:13:30,0.8562133107008982,0
2499,0716,0,2026-06-14 08:13:40,0.8562133107008982,0
2500,0716,0,2026-06-14 08:13:50,0.8562133107008982,0
2501,0716,0,2026-06-14 08:14:00,0.8562133107008982,0
2502,0716,0,2026-06-14 08:14:10,0.8562133107008982,0
2503,0716,0,2026-06-14 08:14:20,0.8562133107008982,0
2504,0716,0,2026-06-14 08:14:30,0.8562133107008982,0
2505,0144,0,2026-06-14 08:14:40,0.3688379659098946,0
2506,0716,0,2026-06-14 08:14:40,0.8562133107008982,0
2507,0144,0,2026-06-14 08:14:50,0.3688379659098946,0
2508,0144,0,2026-06-14 08:15:00,0.3688379659098946,0
2509,0570,0,2026-06-14 08:15:00,0.1182544734422519,0
2510,0144,0,2026-06-14 08:15:10,0.3688379659098946,0
2511,0570,0,2026-06-14 08:15:10,0.1182544734422519,0
2512,0144,0,2026-06-14 08:15:20,0.3688379659098946,0
2513,0570,0,2026-06-14 08:15:20,0.1182544734422519,0
2514,0144,0,2026-06-14 08:15:30,0.3688379659098946,0
2515,0570,0,2026-06-14 08:15:30,0.1182544734422519,0
2516,0144,0,2026-06-14 08:15:40,0.3688379659098946,0
2517,0570,0,2026-06-14 08:15:40,0.1182544734422519,0
2518,0144,0,2026-06-14 08:15:50,0.3688379659098946,0
2519,0499,0,2026-06-14 08:15:50,0.2745597284107787,0
2520,0570,0,2026-06-14 08:15:50,0.1182544734422519,0
2521,0144,0,2026-06-14 08:16:00,0.3688379659098946,1
2522,0499,0,2026-06-14 08:16:00,0.2745597284107787,0
2523,0570,0,2026-06-14 08:16:00,0.1182544734422519,0
2524,0570,0,2026-06-14 08:16:10,0.1182544734422519,0
2525,0570,0,2026-06-14 08:16:20,0.1182544734422519,0
2526,0570,0,2026-06-14 08:16:30,0.1182544734422519,0
2527,0570,0,2026-06-14 08:16:40,0.1182544734422519,0
2528,0570,0,2026-06-14 08:16:50,0.1182544734422519,0
2529,0175,0,2026-06-14 08:22:20,1.0000000000000000,0
2530,0175,0,2026-06-14 08:22:30,1.0000000000000000,0
2531,0175,0,2026-06-14 08:22:40,1.0000000000000000,0
2532,0175,0,2026-06-14 08:22:50,1.0000000000000000,0
2533,0175,0,2026-06-14 08:23:00,1.0000000000000000,0
2534,0175,0,2026-06-14 08:23:10,1.0000000000000000,0
2535,0175,0,2026-06-14 08:23:20,1.0000000000000000,1
2536,0175,0,2026-06-14 08:23:30,1.0000000000000000,1
2537,0175,0,2026-06-14 08:23:40,1.0000000000000000,0
2538,0175,0,2026-06-14 08:23:50,1.0000000000000000,0
2539,0175,0,2026-06-14 08:24:00,1.0000000000000000,0
2540,0175,0,2026-06-14 08:24:10,1.0000000000000000,0
2541,0193,0,2026-06-14 09:35:20,0.0599052266779829,0
2542,0193,0,2026-06-14 09:35:30,0.0599052266779829,0
2543,0193,0,2026-06-14 09:35:40,0.0599052266779829,0
2544,0193,0,2026-06-14 09:35:50,0.0599052266779829,0
2545,0193,0,2026-06-14 09:36:00,0.0599052266779829,0
2546,0193,0,2026-06-14 09:36:10,0.0599052266779829,0
2547,0481,0,2026-06-14 09:36:10,1.0000000000000000,0
2548,0193,0,2026-06-14 09:36:20,0.0599052266779829,0
2549,0481,0,2026-06-14 09:36:20,1.0000000000000000,1
2550,0193,0,2026-06-14 09:36:30,0.0599052266779829,0
2551,0481,0,2026-06-14 09:36:30,1.0000000000000000,0
2552,0166,0,2026-06-14 09:36:40,0.3688379659098946,0
2553,0481,0,2026-06-14 09:36:40,1.0000000000000000,0
2554,0065,0,2026-06-14 09:36:50,0.5542824810806988,0
2555,0166,0,2026-06-14 09:36:50,0.3688379659098946,0
2556,0065,0,2026-06-14 09:37:00,0.5542824810806988,0
2557,0166,0,2026-06-14 09:37:00,0.3688379659098946,0
2558,0616,0,2026-06-14 09:37:00,0.6120659169672537,0
2559,0065,0,2026-06-14 09:37:10,0.5542824810806988,0
2560,0166,0,2026-06-14 09:37:10,0.3688379659098946,0
2561,0616,0,2026-06-14 09:37:10,0.6120659169672537,0
2562,0695,0,2026-06-14 09:37:10,0.0599052266779829,0
2563,0065,0,2026-06-14 09:37:20,0.5542824810806988,0
2564,0166,0,2026-06-14 09:37:20,0.3688379659098946,0
2565,0616,0,2026-06-14 09:37:20,0.6120659169672537,0
2566,0695,0,2026-06-14 09:37:20,0.0599052266779829,0
2567,0065,0,2026-06-14 09:37:30,0.5542824810806988,0
2568,0166,0,2026-06-14 09:37:30,0.3688379659098946,0
2569,0509,0,2026-06-14 09:37:30,0.9304759884008770,0
2570,0616,0,2026-06-14 09:37:30,0.6120659169672537,0
2571,0695,0,2026-06-14 09:37:30,0.0599052266779829,0
2572,0065,0,2026-06-14 09:37:40,0.5542824810806988,0
2573,0166,0,2026-06-14 09:37:40,0.3688379659098946,0
2574,0509,0,2026-06-14 09:37:40,0.9304759884008770,1
2575,0616,0,2026-06-14 09:37:40,0.6120659169672537,0
2576,0695,0,2026-06-14 09:37:40,0.0599052266779829,0
2577,0065,0,2026-06-14 09:37:50,0.5542824810806988,0
2578,0087,0,2026-06-14 09:37:50,0.6883796590989462,1
2579,0102,0,2026-06-14 09:37:50,0.7926303133177736,0
2580,0166,0,2026-06-14 09:37:50,0.3688379659098946,0
2581,0268,0,2026-06-14 09:37:50,0.5542824810806988,0
2582,0509,0,2026-06-14 09:37:50,0.9304759884008770,0
2583,0616,0,2026-06-14 09:37:50,0.6120659169672537,0
2584,0695,0,2026-06-14 09:37:50,0.0599052266779829,0
2585,0065,0,2026-06-14 09:38:00,0.5542824810806988,0
2586,0087,0,2026-06-14 09:38:00,0.6883796590989462,0
2587,0102,0,2026-06-14 09:38:00,0.7926303133177736,0
2588,0166,0,2026-06-14 09:38:00,0.3688379659098946,0
2589,0268,0,2026-06-14 09:38:00,0.5542824810806988,0
2590,0509,0,2026-06-14 09:38:00,0.9304759884008770,0
2591,0616,0,2026-06-14 09:38:00,0.6120659169672537,0
2592,0695,0,2026-06-14 09:38:00,0.0599052266779829,0
2593,0087,0,2026-06-14 09:38:10,0.6883796590989462,0
2594,0102,0,2026-06-14 09:38:10,0.7926303133177736,0
2595,0166,0,2026-06-14 09:38:10,0.3688379659098946,0
2596,0268,0,2026-06-14 09:38:10,0.5542824810806988,0
2597,0509,0,2026-06-14 09:38:10,0.9304759884008770,0
2598,0616,0,2026-06-14 09:38:10,0.6120659169672537,0
2599,0695,0,2026-06-14 09:38:10,0.0599052266779829,0
2600,0809,0,2026-06-14 09:38:10,0.6883796590989462,0
2601,0087,0,2026-06-14 09:38:20,0.6883796590989462,0
2602,0102,0,2026-06-14 09:38:20,0.7926303133177736,1
2603,0268,0,2026-06-14 09:38:20,0.5542824810806988,0
2604,0379,0,2026-06-14 09:38:20,0.8562133107008982,0
2605,0509,0,2026-06-14 09:38:20,0.9304759884008770,0
2606,0616,0,2026-06-14 09:38:20,0.6120659169672537,0
2607,0695,0,2026-06-14 09:38:20,0.0599052266779829,0
2608,0809,0,2026-06-14 09:38:20,0.6883796590989462,0
2609,0087,0,2026-06-14 09:38:30,0.6883796590989462,0
2610,0102,0,2026-06-14 09:38:30,0.7926303133177736,0
2611,0137,0,2026-06-14 09:38:30,1.0000000000000000,0
2612,0268,0,2026-06-14 09:38:30,0.5542824810806988,0
2613,0317,0,2026-06-14 09:38:30,0.1182544734422519,0
2614,0379,0,2026-06-14 09:38:30,0.8562133107008982,0
2615,0475,0,2026-06-14 09:38:30,0.7926303133177736,0
2616,0509,0,2026-06-14 09:38:30,0.9304759884008770,0
2617,0538,0,2026-06-14 09:38:30,0.4693401230638659,0
2618,0616,0,2026-06-14 09:38:30,0.6120659169672537,0
2619,0695,0,2026-06-14 09:38:30,0.0599052266779829,0
2620,0769,0,2026-06-14 09:38:30,0.9304759884008770,0
2621,0087,0,2026-06-14 09:38:40,0.6883796590989462,0
2622,0102,0,2026-06-14 09:38:40,0.7926303133177736,0
2623,0137,0,2026-06-14 09:38:40,1.0000000000000000,1
2624,0212,0,2026-06-14 09:38:40,0.7926303133177736,0
2625,0268,0,2026-06-14 09:38:40,0.5542824810806988,0
2626,0317,0,2026-06-14 09:38:40,0.1182544734422519,0
2627,0379,0,2026-06-14 09:38:40,0.8562133107008982,0
2628,0442,0,2026-06-14 09:38:40,0.7926303133177736,0
2629,0475,0,2026-06-14 09:38:40,0.7926303133177736,0
2630,0509,0,2026-06-14 09:38:40,0.9304759884008770,0
2631,0530,0,2026-06-14 09:38:40,0.6883796590989462,0
2632,0538,0,2026-06-14 09:38:40,0.4693401230638659,0
2633,0575,0,2026-06-14 09:38:40,0.9304759884008770,0
2634,0616,0,2026-06-14 09:38:40,0.6120659169672537,0
2635,0695,0,2026-06-14 09:38:40,0.0599052266779829,0
2636,0731,0,2026-06-14 09:38:40,0.6120659169672537,0
2637,0769,0,2026-06-14 09:38:40,0.9304759884008770,0
2638,0841,0,2026-06-14 09:38:40,0.6883796590989462,0
2639,0102,0,2026-06-14 09:38:50,0.7926303133177736,0
2640,0137,0,2026-06-14 09:38:50,1.0000000000000000,0
2641,0212,0,2026-06-14 09:38:50,0.7926303133177736,1
2642,0229,0,2026-06-14 09:38:50,0.6120659169672537,0
2643,0268,0,2026-06-14 09:38:50,0.5542824810806988,0
2644,0317,0,2026-06-14 09:38:50,0.1182544734422519,0
2645,0379,0,2026-06-14 09:38:50,0.8562133107008982,0
2646,0442,0,2026-06-14 09:38:50,0.7926303133177736,0
2647,0475,0,2026-06-14 09:38:50,0.7926303133177736,0
2648,0491,0,2026-06-14 09:38:50,1.0000000000000000,0
2649,0509,0,2026-06-14 09:38:50,0.9304759884008770,0
2650,0530,0,2026-06-14 09:38:50,0.6883796590989462,0
2651,0538,0,2026-06-14 09:38:50,0.4693401230638659,0
2652,0575,0,2026-06-14 09:38:50,0.9304759884008770,0
2653,0616,0,2026-06-14 09:38:50,0.6120659169672537,0
2654,0695,0,2026-06-14 09:38:50,0.0599052266779829,0
2655,0731,0,2026-06-14 09:38:50,0.6120659169672537,0
2656,0769,0,2026-06-14 09:38:50,0.9304759884008770,0
2657,0841,0,2026-06-14 09:38:50,0.6883796590989462,0
2658,0102,0,2026-06-14 09:39:00,0.7926303133177736,0
2659,0137,0,2026-06-14 09:39:00,1.0000000000000000,0
2660,0212,0,2026-06-14 09:39:00,0.7926303133177736,0
2661,0229,0,2026-06-14 09:39:00,0.6120659169672537,0
2662,0268,0,2026-06-14 09:39:00,0.5542824810806988,0
2663,0317,0,2026-06-14 09:39:00,0.1182544734422519,0
2664,0379,0,2026-06-14 09:39:00,0.8562133107008982,0
2665,0442,0,2026-06-14 09:39:00,0.7926303133177736,0
2666,0475,0,2026-06-14 09:39:00,0.7926303133177736,1
2667,0491,0,2026-06-14 09:39:00,1.0000000000000000,0
2668,0509,0,2026-06-14 09:39:00,0.9304759884008770,0
2669,0530,0,2026-06-14 09:39:00,0.6883796590989462,0
2670,0538,0,2026-06-14 09:39:00,0.4693401230638659,0
2671,0575,0,2026-06-14 09:39:00,0.9304759884008770,0
2672,0695,0,2026-06-14 09:39:00,0.0599052266779829,0
2673,0731,0,2026-06-14 09:39:00,0.6120659169672537,0
2674,0769,0,2026-06-14 09:39:00,0.9304759884008770,0
2675,0841,0,2026-06-14 09:39:00,0.6883796590989462,0
2676,0102,0,2026-06-14 09:39:10,0.7926303133177736,0
2677,0137,0,2026-06-14 09:39:10,1.0000000000000000,1
2678,0212,0,2026-06-14 09:39:10,0.7926303133177736,0
2679,0229,0,2026-06-14 09:39:10,0.6120659169672537,0
2680,0268,0,2026-06-14 09:39:10,0.5542824810806988,0
2681,0317,0,2026-06-14 09:39:10,0.1182544734422519,0
2682,0379,0,2026-06-14 09:39:10,0.8562133107008982,0
2683,0442,0,2026-06-14 09:39:10,0.7926303133177736,0
2684,0475,0,2026-06-14 09:39:10,0.7926303133177736,0
2685,0491,0,2026-06-14 09:39:10,1.0000000000000000,0
2686,0530,0,2026-06-14 09:39:10,0.6883796590989462,0
2687,0538,0,2026-06-14 09:39:10,0.4693401230638659,0
2688,0575,0,2026-06-14 09:39:10,0.9304759884008770,0
2689,0731,0,2026-06-14 09:39:10,0.6120659169672537,0
2690,0769,0,2026-06-14 09:39:10,0.9304759884008770,0
2691,0841,0,2026-06-14 09:39:10,0.6883796590989462,0
2692,0102,0,2026-06-14 09:39:20,0.7926303133177736,0
2693,0137,0,2026-06-14 09:39:20,1.0000000000000000,0
2694,0212,0,2026-06-14 09:39:20,0.7926303133177736,0
2695,0229,0,2026-06-14 09:39:20,0.6120659169672537,0
2696,0268,0,2026-06-14 09:39:20,0.5542824810806988,0
2697,0317,0,2026-06-14 09:39:20,0.1182544734422519,0
2698,0379,0,2026-06-14 09:39:20,0.8562133107008982,0
2699,0442,0,2026-06-14 09:39:20,0.7926303133177736,0
2700,0475,0,2026-06-14 09:39:20,0.7926303133177736,0
2701,0491,0,2026-06-14 09:39:20,1.0000000000000000,0
2702,0530,0,2026-06-14 09:39:20,0.6883796590989462,0
2703,0538,0,2026-06-14 09:39:20,0.4693401230638659,0
2704,0575,0,2026-06-14 09:39:20,0.9304759884008770,0
2705,0731,0,2026-06-14 09:39:20,0.6120659169672537,0
2706,0769,0,2026-06-14 09:39:20,0.9304759884008770,0
2707,0841,0,2026-06-14 09:39:20,0.6883796590989462,0
2708,0102,0,2026-06-14 09:39:30,0.7926303133177736,0
2709,0137,0,2026-06-14 09:39:30,1.0000000000000000,0
2710,0212,0,2026-06-14 09:39:30,0.7926303133177736,1
2711,0229,0,2026-06-14 09:39:30,0.6120659169672537,0
2712,0268,0,2026-06-14 09:39:30,0.5542824810806988,0
2713,0317,0,2026-06-14 09:39:30,0.1182544734422519,0
2714,0379,0,2026-06-14 09:39:30,0.8562133107008982,0
2715,0424,0,2026-06-14 09:39:30,0.2745597284107787,0
2716,0442,0,2026-06-14 09:39:30,0.7926303133177736,0
2717,0475,0,2026-06-14 09:39:30,0.7926303133177736,0
2718,0491,0,2026-06-14 09:39:30,1.0000000000000000,0
2719,0530,0,2026-06-14 09:39:30,0.6883796590989462,0
2720,0538,0,2026-06-14 09:39:30,0.4693401230638659,0
2721,0575,0,2026-06-14 09:39:30,0.9304759884008770,0
2722,0731,0,2026-06-14 09:39:30,0.6120659169672537,0
2723,0769,0,2026-06-14 09:39:30,0.9304759884008770,0
2724,0841,0,2026-06-14 09:39:30,0.6883796590989462,0
2725,0102,0,2026-06-14 09:39:40,0.7926303133177736,0
2726,0137,0,2026-06-14 09:39:40,1.0000000000000000,0
2727,0212,0,2026-06-14 09:39:40,0.7926303133177736,0
2728,0229,0,2026-06-14 09:39:40,0.6120659169672537,0
2729,0317,0,2026-06-14 09:39:40,0.1182544734422519,0
2730,0379,0,2026-06-14 09:39:40,0.8562133107008982,0
2731,0424,0,2026-06-14 09:39:40,0.2745597284107787,0
2732,0425,0,2026-06-14 09:39:40,0.7926303133177736,0
2733,0442,0,2026-06-14 09:39:40,0.7926303133177736,0
2734,0475,0,2026-06-14 09:39:40,0.7926303133177736,0
2735,0491,0,2026-06-14 09:39:40,1.0000000000000000,0
2736,0530,0,2026-06-14 09:39:40,0.6883796590989462,0
2737,0538,0,2026-06-14 09:39:40,0.4693401230638659,0
2738,0575,0,2026-06-14 09:39:40,0.9304759884008770,0
2739,0731,0,2026-06-14 09:39:40,0.6120659169672537,0
2740,0769,0,2026-06-14 09:39:40,0.9304759884008770,0
2741,0841,0,2026-06-14 09:39:40,0.6883796590989462,0
2742,0137,0,2026-06-14 09:39:50,1.0000000000000000,0
2743,0212,0,2026-06-14 09:39:50,0.7926303133177736,0
2744,0317,0,2026-06-14 09:39:50,0.1182544734422519,0
2745,0375,0,2026-06-14 09:39:50,0.4693401230638659,0
2746,0379,0,2026-06-14 09:39:50,0.8562133107008982,0
2747,0424,0,2026-06-14 09:39:50,0.2745597284107787,0
2748,0425,0,2026-06-14 09:39:50,0.7926303133177736,0
2749,0442,0,2026-06-14 09:39:50,0.7926303133177736,0
2750,0475,0,2026-06-14 09:39:50,0.7926303133177736,0
2751,0491,0,2026-06-14 09:39:50,1.0000000000000000,0
2752,0538,0,2026-06-14 09:39:50,0.4693401230638659,1
2753,0575,0,2026-06-14 09:39:50,0.9304759884008770,0
2754,0731,0,2026-06-14 09:39:50,0.6120659169672537,0
2755,0668,1,2026-06-13 10:27:50,0.7926303133177736,0
2756,0668,1,2026-06-13 10:28:00,0.7926303133177736,0
2757,0668,1,2026-06-13 10:28:10,0.7926303133177736,0
2758,0668,1,2026-06-13 10:28:20,0.7926303133177736,0
2759,0668,1,2026-06-13 10:28:30,0.7926303133177736,0
2760,0668,1,2026-06-13 10:28:40,0.7926303133177736,0
2761,0668,1,2026-06-13 10:28:50,0.7926303133177736,0
2762,0668,1,2026-06-13 10:29:00,0.7926303133177736,0
2763,0668,1,2026-06-13 10:29:10,0.7926303133177736,0
2764,0465,1,2026-06-13 10:29:20,0.1819789235448052,0
2765,0668,1,2026-06-13 10:29:20,0.7926303133177736,0
2766,0094,1,2026-06-13 10:29:30,0.1182544734422519,0
2767,0465,1,2026-06-13 10:29:30,0.1819789235448052,0
2768,0668,1,2026-06-13 10:29:30,0.7926303133177736,0
2769,0094,1,2026-06-13 10:29:40,0.1182544734422519,0
2770,0465,1,2026-06-13 10:29:40,0.1819789235448052,0
2771,0094,1,2026-06-13 10:29:50,0.1182544734422519,0
2772,0459,1,2026-06-13 10:29:50,0.2745597284107787,0
2773,0465,1,2026-06-13 10:29:50,0.1819789235448052,0
2774,0542,1,2026-06-13 10:29:50,0.3688379659098946,0
2775,0094,1,2026-06-13 10:30:00,0.1182544734422519,0
2776,0280,1,2026-06-13 10:30:00,0.1819789235448052,0
2777,0459,1,2026-06-13 10:30:00,0.2745597284107787,0
2778,0465,1,2026-06-13 10:30:00,0.1819789235448052,0
2779,0542,1,2026-06-13 10:30:00,0.3688379659098946,0
2780,0940,1,2026-06-13 10:30:00,0.9304759884008770,0
2781,0094,1,2026-06-13 10:30:10,0.1182544734422519,0
2782,0280,1,2026-06-13 10:30:10,0.1819789235448052,0
2783,0459,1,2026-06-13 10:30:10,0.2745597284107787,0
2784,0465,1,2026-06-13 10:30:10,0.1819789235448052,0
2785,0542,1,2026-06-13 10:30:10,0.3688379659098946,0
2786,0917,1,2026-06-13 10:30:10,0.6120659169672537,0
2787,0940,1,2026-06-13 10:30:10,0.9304759884008770,0
2788,0094,1,2026-06-13 10:30:20,0.1182544734422519,0
2789,0280,1,2026-06-13 10:30:20,0.1819789235448052,0
2790,0459,1,2026-06-13 10:30:20,0.2745597284107787,1
2791,0465,1,2026-06-13 10:30:20,0.1819789235448052,0
2792,0542,1,2026-06-13 10:30:20,0.3688379659098946,0
2793,0917,1,2026-06-13 10:30:20,0.6120659169672537,0
2794,0940,1,2026-06-13 10:30:20,0.9304759884008770,0
2795,0094,1,2026-06-13 10:30:30,0.1182544734422519,0
2796,0280,1,2026-06-13 10:30:30,0.1819789235448052,0
2797,0459,1,2026-06-13 10:30:30,0.2745597284107787,0
2798,0465,1,2026-06-13 10:30:30,0.1819789235448052,0
2799,0542,1,2026-06-13 10:30:30,0.3688379659098946,0
2800,0561,1,2026-06-13 10:30:30,0.8562133107008982,0
2801,0917,1,2026-06-13 10:30:30,0.6120659169672537,0
2802,0940,1,2026-06-13 10:30:30,0.9304759884008770,1
2803,0094,1,2026-06-13 10:30:40,0.1182544734422519,0
2804,0280,1,2026-06-13 10:30:40,0.1819789235448052,1
2805,0459,1,2026-06-13 10:30:40,0.2745597284107787,0
2806,0465,1,2026-06-13 10:30:40,0.1819789235448052,0
2807,0542,1,2026-06-13 10:30:40,0.3688379659098946,0
2808,0561,1,2026-06-13 10:30:40,0.8562133107008982,0
2809,0917,1,2026-06-13 10:30:40,0.6120659169672537,0
2810,0940,1,2026-06-13 10:30:40,0.9304759884008770,0
2811,0094,1,2026-06-13 10:30:50,0.1182544734422519,0
2812,0280,1,2026-06-13 10:30:50,0.1819789235448052,0
2813,0459,1,2026-06-13 10:30:50,0.2745597284107787,0
2814,0465,1,2026-06-13 10:30:50,0.1819789235448052,0
2815,0542,1,2026-06-13 10:30:50,0.3688379659098946,0
2816,0561,1,2026-06-13 10:30:50,0.8562133107008982,0
2817,0917,1,2026-06-13 10:30:50,0.6120659169672537,0
2818,0940,1,2026-06-13 10:30:50,0.9304759884008770,0
2819,0094,1,2026-06-13 10:31:00,0.1182544734422519,0
2820,0280,1,2026-06-13 10:31:00,0.1819789235448052,0
2821,0459,1,2026-06-13 10:31:00,0.2745597284107787,0
2822,0465,1,2026-06-13 10:31:00,0.1819789235448052,0
2823,0542,1,2026-06-13 10:31:00,0.3688379659098946,0
2824,0561,1,2026-06-13 10:31:00,0.8562133107008982,0
2825,0917,1,2026-06-13 10:31:00,0.6120659169672537,1
2826,0940,1,2026-06-13 10:31:00,0.9304759884008770,0
2827,0094,1,2026-06-13 10:31:10,0.1182544734422519,0
2828,0280,1,2026-06-13 10:31:10,0.1819789235448052,0
2829,0459,1,2026-06-13 10:31:10,0.2745597284107787,0
2830,0465,1,2026-06-13 10:31:10,0.1819789235448052,0
2831,0542,1,2026-06-13 10:31:10,0.3688379659098946,0
2832,0561,1,2026-06-13 10:31:10,0.8562133107008982,0
2833,0917,1,2026-06-13 10:31:10,0.6120659169672537,0
2834,0940,1,2026-06-13 10:31:10,0.9304759884008770,0
2835,0280,1,2026-06-13 10:31:20,0.1819789235448052,0
2836,0459,1,2026-06-13 10:31:20,0.2745597284107787,0
2837,0542,1,2026-06-13 10:31:20,0.3688379659098946,0
2838,0561,1,2026-06-13 10:31:20,0.8562133107008982,0
2839,0940,1,2026-06-13 10:31:20,0.9304759884008770,0
2840,0139,1,2026-06-13 10:31:30,0.2745597284107787,0
2841,0280,1,2026-06-13 10:31:30,0.1819789235448052,0
2842,0459,1,2026-06-13 10:31:30,0.2745597284107787,0
2843,0542,1,2026-06-13 10:31:30,0.3688379659098946,0
2844,0561,1,2026-06-13 10:31:30,0.8562133107008982,0
2845,0940,1,2026-06-13 10:31:30,0.9304759884008770,0
2846,0139,1,2026-06-13 10:31:40,0.2745597284107787,0
2847,0280,1,2026-06-13 10:31:40,0.1819789235448052,0
2848,0459,1,2026-06-13 10:31:40,0.2745597284107787,0
2849,0542,1,2026-06-13 10:31:40,0.3688379659098946,0
2850,0561,1,2026-06-13 10:31:40,0.8562133107008982,1
2851,0940,1,2026-06-13 10:31:40,0.9304759884008770,0
2852,0139,1,2026-06-13 10:31:50,0.2745597284107787,0
2853,0280,1,2026-06-13 10:31:50,0.1819789235448052,0
2854,0561,1,2026-06-13 10:31:50,0.8562133107008982,0
2855,0940,1,2026-06-13 10:31:50,0.9304759884008770,0
2856,0139,1,2026-06-13 10:32:00,0.2745597284107787,0
2857,0561,1,2026-06-13 10:32:00,0.8562133107008982,0
2858,0139,1,2026-06-13 10:32:10,0.2745597284107787,0
2859,0561,1,2026-06-13 10:32:10,0.8562133107008982,0
2860,0139,1,2026-06-13 10:32:20,0.2745597284107787,0
2861,0561,1,2026-06-13 10:32:20,0.8562133107008982,0
2862,0139,1,2026-06-13 10:32:30,0.2745597284107787,0
2863,0139,1,2026-06-13 10:32:40,0.2745597284107787,0
2864,0371,1,2026-06-13 10:32:40,0.9304759884008770,0
2865,0139,1,2026-06-13 10:32:50,0.2745597284107787,0
2866,0371,1,2026-06-13 10:32:50,0.9304759884008770,0
2867,0864,1,2026-06-13 10:32:50,0.4693401230638659,0
2868,0139,1,2026-06-13 10:33:00,0.2745597284107787,0
2869,0371,1,2026-06-13 10:33:00,0.9304759884008770,0
2870,0864,1,2026-06-13 10:33:00,0.4693401230638659,0
2871,0139,1,2026-06-13 10:33:10,0.2745597284107787,0
2872,0371,1,2026-06-13 10:33:10,0.9304759884008770,0
2873,0692,1,2026-06-13 10:33:10,0.2745597284107787,1
2874,0864,1,2026-06-13 10:33:10,0.4693401230638659,0
2875,0371,1,2026-06-13 10:33:20,0.9304759884008770,0
2876,0415,1,2026-06-13 10:33:20,0.0599052266779829,0
2877,0692,1,2026-06-13 10:33:20,0.2745597284107787,0
2878,0864,1,2026-06-13 10:33:20,0.4693401230638659,0
2879,0371,1,2026-06-13 10:33:30,0.9304759884008770,1
2880,0415,1,2026-06-13 10:33:30,0.0599052266779829,0
2881,0562,1,2026-06-13 10:33:30,0.0599052266779829,0
2882,0692,1,2026-06-13 10:33:30,0.2745597284107787,0
2883,0864,1,2026-06-13 10:33:30,0.4693401230638659,0
2884,0371,1,2026-06-13 10:33:40,0.9304759884008770,0
2885,0388,1,2026-06-13 10:33:40,1.0000000000000000,0
2886,0415,1,2026-06-13 10:33:40,0.0599052266779829,0
2887,0562,1,2026-06-13 10:33:40,0.0599052266779829,0
2888,0692,1,2026-06-13 10:33:40,0.2745597284107787,0
2889,0864,1,2026-06-13 10:33:40,0.4693401230638659,0
2890,0371,1,2026-06-13 10:33:50,0.9304759884008770,0
2891,0388,1,2026-06-13 10:33:50,1.0000000000000000,1
2892,0415,1,2026-06-13 10:33:50,0.0599052266779829,0
2893,0562,1,2026-06-13 10:33:50,0.0599052266779829,0
2894,0692,1,2026-06-13 10:33:50,0.2745597284107787,0
2895,0864,1,2026-06-13 10:33:50,0.4693401230638659,0
2896,0371,1,2026-06-13 10:34:00,0.9304759884008770,0
2897,0388,1,2026-06-13 10:34:00,1.0000000000000000,0
2898,0415,1,2026-06-13 10:34:00,0.0599052266779829,0
2899,0562,1,2026-06-13 10:34:00,0.0599052266779829,0
2900,0692,1,2026-06-13 10:34:00,0.2745597284107787,0
2901,0864,1,2026-06-13 10:34:00,0.4693401230638659,0
2902,0371,1,2026-06-13 10:34:10,0.9304759884008770,0
2903,0388,1,2026-06-13 10:34:10,1.0000000000000000,0
2904,0415,1,2026-06-13 10:34:10,0.0599052266779829,1
2905,0533,1,2026-06-13 10:34:10,0.6883796590989462,0
2906,0562,1,2026-06-13 10:34:10,0.0599052266779829,0
2907,0692,1,2026-06-13 10:34:10,0.2745597284107787,0
2908,0864,1,2026-06-13 10:34:10,0.4693401230638659,0
2909,0371,1,2026-06-13 10:34:20,0.9304759884008770,0
2910,0388,1,2026-06-13 10:34:20,1.0000000000000000,0
2911,0415,1,2026-06-13 10:34:20,0.0599052266779829,0
2912,0533,1,2026-06-13 10:34:20,0.6883796590989462,0
2913,0562,1,2026-06-13 10:34:20,0.0599052266779829,0
2914,0692,1,2026-06-13 10:34:20,0.2745597284107787,0
2915,0846,1,2026-06-13 10:34:20,0.9304759884008770,0
2916,0863,1,2026-06-13 10:34:20,0.9304759884008770,0
2917,0864,1,2026-06-13 10:34:20,0.4693401230638659,0
2918,0388,1,2026-06-13 10:34:30,1.0000000000000000,0
2919,0415,1,2026-06-13 10:34:30,0.0599052266779829,0
2920,0533,1,2026-06-13 10:34:30,0.6883796590989462,0
2921,0562,1,2026-06-13 10:34:30,0.0599052266779829,0
2922,0692,1,2026-06-13 10:34:30,0.2745597284107787,0
2923,0846,1,2026-06-13 10:34:30,0.9304759884008770,0
2924,0863,1,2026-06-13 10:34:30,0.9304759884008770,0
2925,0864,1,2026-06-13 10:34:30,0.4693401230638659,0
2926,0388,1,2026-06-13 10:34:40,1.0000000000000000,0
2927,0415,1,2026-06-13 10:34:40,0.0599052266779829,0
2928,0533,1,2026-06-13 10:34:40,0.6883796590989462,0
2929,0562,1,2026-06-13 10:34:40,0.0599052266779829,0
2930,0692,1,2026-06-13 10:34:40,0.2745597284107787,0
2931,0846,1,2026-06-13 10:34:40,0.9304759884008770,0
2932,0863,1,2026-06-13 10:34:40,0.9304759884008770,0
2933,0864,1,2026-06-13 10:34:40,0.4693401230638659,1
2934,0993,1,2026-06-13 10:34:40,0.6120659169672537,0
2935,0388,1,2026-06-13 10:34:50,1.0000000000000000,0
2936,0415,1,2026-06-13 10:34:50,0.0599052266779829,0
2937,0533,1,2026-06-13 10:34:50,0.6883796590989462,0
2938,0562,1,2026-06-13 10:34:50,0.0599052266779829,0
2939,0692,1,2026-06-13 10:34:50,0.2745597284107787,0
2940,0846,1,2026-06-13 10:34:50,0.9304759884008770,0
2941,0863,1,2026-06-13 10:34:50,0.9304759884008770,0
2942,0993,1,2026-06-13 10:34:50,0.6120659169672537,0
2943,0388,1,2026-06-13 10:35:00,1.0000000000000000,1
2944,0533,1,2026-06-13 10:35:00,0.6883796590989462,0
2945,0692,1,2026-06-13 10:35:00,0.2745597284107787,0
2946,0846,1,2026-06-13 10:35:00,0.9304759884008770,0
2947,0863,1,2026-06-13 10:35:00,0.9304759884008770,0
2948,0993,1,2026-06-13 10:35:00,0.6120659169672537,0
2949,0388,1,2026-06-13 10:35:10,1.0000000000000000,0
2950,0533,1,2026-06-13 10:35:10,0.6883796590989462,0
2951,0846,1,2026-06-13 10:35:10,0.9304759884008770,0
2952,0863,1,2026-06-13 10:35:10,0.9304759884008770,0
2953,0993,1,2026-06-13 10:35:10,0.6120659169672537,0
2954,0533,1,2026-06-13 10:35:20,0.6883796590989462,0
2955,0846,1,2026-06-13 10:35:20,0.9304759884008770,0
2956,0863,1,2026-06-13 10:35:20,0.9304759884008770,0
2957,0993,1,2026-06-13 10:35:20,0.6120659169672537,0
2958,0533,1,2026-06-13 10:35:30,0.6883796590989462,1
2959,0603,1,2026-06-13 10:35:30,0.8562133107008982,0
2960,0846,1,2026-06-13 10:35:30,0.9304759884008770,0
2961,0863,1,2026-06-13 10:35:30,0.9304759884008770,0
2962,0993,1,2026-06-13 10:35:30,0.6120659169672537,0
2963,0533,1,2026-06-13 10:35:40,0.6883796590989462,0
2964,0603,1,2026-06-13 10:35:40,0.8562133107008982,0
2965,0846,1,2026-06-13 10:35:40,0.9304759884008770,0
2966,0863,1,2026-06-13 10:35:40,0.9304759884008770,0
2967,0993,1,2026-06-13 10:35:40,0.6120659169672537,0
2968,0533,1,2026-06-13 10:35:50,0.6883796590989462,0
2969,0603,1,2026-06-13 10:35:50,0.8562133107008982,0
2970,0846,1,2026-06-13 10:35:50,0.9304759884008770,0
2971,0863,1,2026-06-13 10:35:50,0.9304759884008770,0
2972,0993,1,2026-06-13 10:35:50,0.6120659169672537,0
2973,0603,1,2026-06-13 10:36:00,0.8562133107008982,0
2974,0863,1,2026-06-13 10:36:00,0.9304759884008770,0
2975,0993,1,2026-06-13 10:36:00,0.6120659169672537,0
2976,0996,1,2026-06-13 10:36:00,1.0000000000000000,0
2977,0520,1,2026-06-13 10:36:10,0.0599052266779829,0
2978,0603,1,2026-06-13 10:36:10,0.8562133107008982,0
2979,0863,1,2026-06-13 10:36:10,0.9304759884008770,0
2980,0996,1,2026-06-13 10:36:10,1.0000000000000000,0
2981,0520,1,2026-06-13 10:36:20,0.0599052266779829,0
2982,0603,1,2026-06-13 10:36:20,0.8562133107008982,0
2983,0996,1,2026-06-13 10:36:20,1.0000000000000000,0
2984,0520,1,2026-06-13 10:36:30,0.0599052266779829,0
2985,0603,1,2026-06-13 10:36:30,0.8562133107008982,0
2986,0996,1,2026-06-13 10:36:30,1.0000000000000000,0
2987,0520,1,2026-06-13 10:36:40,0.0599052266779829,0
2988,0603,1,2026-06-13 10:36:40,0.8562133107008982,0
2989,0996,1,2026-06-13 10:36:40,1.0000000000000000,0
2990,0520,1,2026-06-13 10:36:50,0.0599052266779829,0
2991,0603,1,2026-06-13 10:36:50,0.8562133107008982,0
2992,0996,1,2026-06-13 10:36:50,1.0000000000000000,0
2993,0520,1,2026-06-13 10:37:00,0.0599052266779829,0
2994,0603,1,2026-06-13 10:37:00,0.8562133107008982,0
2995,0996,1,2026-06-13 10:37:00,1.0000000000000000,0
2996,0520,1,2026-06-13 10:37:10,0.0599052266779829,0
2997,0996,1,2026-06-13 10:37:10,1.0000000000000000,0
2998,0520,1,2026-06-13 10:37:20,0.0599052266779829,0
2999,0996,1,2026-06-13 10:37:20,1.0000000000000000,1
3000,0520,1,2026-06-13 10:37:30,0.0599052266779829,0
3001,0996,1,2026-06-13 10:37:30,1.0000000000000000,0
3002,0520,1,2026-06-13 10:37:40,0.0599052266779829,0
3003,0996,1,2026-06-13 10:37:40,1.0000000000000000,0
3004,0520,1,2026-06-13 10:37:50,0.0599052266779829,0
3005,0520,1,2026-06-13 10:38:00,0.0599052266779829,0
3006,0568,1,2026-06-13 10:41:10,0.4693401230638659,0
3007,0568,1,2026-06-13 10:41:20,0.4693401230638659,0
3008,0780,1,2026-06-13 10:41:20,0.4693401230638659,1
3009,0568,1,2026-06-13 10:41:30,0.4693401230638659,0
3010,0780,1,2026-06-13 10:41:30,0.4693401230638659,0
3011,0103,1,2026-06-13 10:41:40,1.0000000000000000,0
3012,0568,1,2026-06-13 10:41:40,0.4693401230638659,0
3013,0780,1,2026-06-13 10:41:40,0.4693401230638659,1
3014,0854,1,2026-06-13 10:41:40,0.4693401230638659,0
3015,0103,1,2026-06-13 10:41:50,1.0000000000000000,0
3016,0568,1,2026-06-13 10:41:50,0.4693401230638659,1
3017,0780,1,2026-06-13 10:41:50,0.4693401230638659,0
3018,0854,1,2026-06-13 10:41:50,0.4693401230638659,0
3019,0103,1,2026-06-13 10:42:00,1.0000000000000000,0
3020,0464,1,2026-06-13 10:42:00,0.9304759884008770,0
3021,0568,1,2026-06-13 10:42:00,0.4693401230638659,0
3022,0780,1,2026-06-13 10:42:00,0.4693401230638659,0
3023,0854,1,2026-06-13 10:42:00,0.4693401230638659,0
3024,0103,1,2026-06-13 10:42:10,1.0000000000000000,1
3025,0464,1,2026-06-13 10:42:10,0.9304759884008770,0
3026,0568,1,2026-06-13 10:42:10,0.4693401230638659,0
3027,0854,1,2026-06-13 10:42:10,0.4693401230638659,0
3028,0103,1,2026-06-13 10:42:20,1.0000000000000000,0
3029,0464,1,2026-06-13 10:42:20,0.9304759884008770,0
3030,0854,1,2026-06-13 10:42:20,0.4693401230638659,0
3031,0103,1,2026-06-13 10:42:30,1.0000000000000000,0
3032,0464,1,2026-06-13 10:42:30,0.9304759884008770,0
3033,0854,1,2026-06-13 10:42:30,0.4693401230638659,0
3034,0103,1,2026-06-13 10:42:40,1.0000000000000000,1
3035,0464,1,2026-06-13 10:42:40,0.9304759884008770,0
3036,0854,1,2026-06-13 10:42:40,0.4693401230638659,0
3037,0464,1,2026-06-13 10:42:50,0.9304759884008770,0
3038,0854,1,2026-06-13 10:42:50,0.4693401230638659,1
3039,0464,1,2026-06-13 10:43:00,0.9304759884008770,0
3040,0464,1,2026-06-13 10:43:10,0.9304759884008770,1
3041,0464,1,2026-06-13 10:43:20,0.9304759884008770,0
3042,0464,1,2026-06-13 10:43:30,0.9304759884008770,0
3043,0464,1,2026-06-13 10:43:40,0.9304759884008770,0
3044,0147,1,2026-06-13 12:24:20,0.6120659169672537,0
3045,0822,1,2026-06-13 12:24:20,0.6883796590989462,1
3046,0147,1,2026-06-13 12:24:30,0.6120659169672537,0
3047,0822,1,2026-06-13 12:24:30,0.6883796590989462,0
3048,0147,1,2026-06-13 12:24:40,0.6120659169672537,0
3049,0434,1,2026-06-13 12:24:40,1.0000000000000000,0
3050,0822,1,2026-06-13 12:24:40,0.6883796590989462,0
3051,0147,1,2026-06-13 12:24:50,0.6120659169672537,0
3052,0434,1,2026-06-13 12:24:50,1.0000000000000000,0
3053,0587,1,2026-06-13 12:24:50,0.3688379659098946,0
3054,0822,1,2026-06-13 12:24:50,0.6883796590989462,1
3055,0147,1,2026-06-13 12:25:00,0.6120659169672537,0
3056,0434,1,2026-06-13 12:25:00,1.0000000000000000,0
3057,0587,1,2026-06-13 12:25:00,0.3688379659098946,0
3058,0822,1,2026-06-13 12:25:00,0.6883796590989462,0
3059,0147,1,2026-06-13 12:25:10,0.6120659169672537,0
3060,0434,1,2026-06-13 12:25:10,1.0000000000000000,0
3061,0587,1,2026-06-13 12:25:10,0.3688379659098946,0
3062,0822,1,2026-06-13 12:25:10,0.6883796590989462,0
3063,0147,1,2026-06-13 12:25:20,0.6120659169672537,0
3064,0434,1,2026-06-13 12:25:20,1.0000000000000000,0
3065,0587,1,2026-06-13 12:25:20,0.3688379659098946,0
3066,0822,1,2026-06-13 12:25:20,0.6883796590989462,0
3067,0147,1,2026-06-13 12:25:30,0.6120659169672537,0
3068,0434,1,2026-06-13 12:25:30,1.0000000000000000,0
3069,0587,1,2026-06-13 12:25:30,0.3688379659098946,0
3070,0822,1,2026-06-13 12:25:30,0.6883796590989462,0
3071,0147,1,2026-06-13 12:25:40,0.6120659169672537,0
3072,0434,1,2026-06-13 12:25:40,1.0000000000000000,0
3073,0587,1,2026-06-13 12:25:40,0.3688379659098946,0
3074,0822,1,2026-06-13 12:25:40,0.6883796590989462,0
3075,0147,1,2026-06-13 12:25:50,0.6120659169672537,0
3076,0434,1,2026-06-13 12:25:50,1.0000000000000000,0
3077,0587,1,2026-06-13 12:25:50,0.3688379659098946,0
3078,0147,1,2026-06-13 12:26:00,0.6120659169672537,0
3079,0434,1,2026-06-13 12:26:00,1.0000000000000000,0
3080,0587,1,2026-06-13 12:26:00,0.3688379659098946,0
3081,0147,1,2026-06-13 12:26:10,0.6120659169672537,0
3082,0587,1,2026-06-13 12:26:10,0.3688379659098946,0
3083,0587,1,2026-06-13 12:26:20,0.3688379659098946,0
3084,0587,1,2026-06-13 12:26:30,0.3688379659098946,1
3085,0055,1,2026-06-13 12:28:00,0.6883796590989462,0
3086,0055,1,2026-06-13 12:28:10,0.6883796590989462,0
3087,0055,1,2026-06-13 12:28:20,0.6883796590989462,0
3088,0055,1,2026-06-13 12:28:30,0.6883796590989462,0
3089,0055,1,2026-06-13 12:28:40,0.6883796590989462,0
3090,0055,1,2026-06-13 12:28:50,0.6883796590989462,0
3091,0116,1,2026-06-13 12:28:50,0.1819789235448052,0
3092,0020,1,2026-06-13 12:29:00,0.3688379659098946,0
3093,0055,1,2026-06-13 12:29:00,0.6883796590989462,0
3094,0116,1,2026-06-13 12:29:00,0.1819789235448052,0
3095,0020,1,2026-06-13 12:29:10,0.3688379659098946,0
3096,0055,1,2026-06-13 12:29:10,0.6883796590989462,0
3097,0116,1,2026-06-13 12:29:10,0.1819789235448052,0
3098,0020,1,2026-06-13 12:29:20,0.3688379659098946,0
3099,0055,1,2026-06-13 12:29:20,0.6883796590989462,0
3100,0116,1,2026-06-13 12:29:20,0.1819789235448052,0
3101,0020,1,2026-06-13 12:29:30,0.3688379659098946,0
3102,0055,1,2026-06-13 12:29:30,0.6883796590989462,0
3103,0116,1,2026-06-13 12:29:30,0.1819789235448052,0
3104,0014,1,2026-06-13 12:29:40,0.4693401230638659,0
3105,0020,1,2026-06-13 12:29:40,0.3688379659098946,1
3106,0055,1,2026-06-13 12:29:40,0.6883796590989462,0
3107,0063,1,2026-06-13 12:29:40,0.7926303133177736,0
3108,0116,1,2026-06-13 12:29:40,0.1819789235448052,0
3109,0555,1,2026-06-13 12:29:40,0.0599052266779829,0
3110,0953,1,2026-06-13 12:29:40,0.7926303133177736,0
3111,0014,1,2026-06-13 12:29:50,0.4693401230638659,1
3112,0020,1,2026-06-13 12:29:50,0.3688379659098946,0
3113,0055,1,2026-06-13 12:29:50,0.6883796590989462,0
3114,0063,1,2026-06-13 12:29:50,0.7926303133177736,0
3115,0116,1,2026-06-13 12:29:50,0.1819789235448052,0
3116,0555,1,2026-06-13 12:29:50,0.0599052266779829,0
3117,0691,1,2026-06-13 12:29:50,0.3688379659098946,0
3118,0953,1,2026-06-13 12:29:50,0.7926303133177736,0
3119,0014,1,2026-06-13 12:30:00,0.4693401230638659,0
3120,0020,1,2026-06-13 12:30:00,0.3688379659098946,0
3121,0063,1,2026-06-13 12:30:00,0.7926303133177736,1
3122,0077,1,2026-06-13 12:30:00,0.4693401230638659,0
3123,0116,1,2026-06-13 12:30:00,0.1819789235448052,0
3124,0276,1,2026-06-13 12:30:00,0.9304759884008770,0
3125,0555,1,2026-06-13 12:30:00,0.0599052266779829,0
3126,0691,1,2026-06-13 12:30:00,0.3688379659098946,0
3127,0953,1,2026-06-13 12:30:00,0.7926303133177736,0
3128,0014,1,2026-06-13 12:30:10,0.4693401230638659,0
3129,0020,1,2026-06-13 12:30:10,0.3688379659098946,0
3130,0063,1,2026-06-13 12:30:10,0.7926303133177736,0
3131,0077,1,2026-06-13 12:30:10,0.4693401230638659,0
3132,0116,1,2026-06-13 12:30:10,0.1819789235448052,0
3133,0276,1,2026-06-13 12:30:10,0.9304759884008770,0
3134,0555,1,2026-06-13 12:30:10,0.0599052266779829,0
3135,0691,1,2026-06-13 12:30:10,0.3688379659098946,0
3136,0834,1,2026-06-13 12:30:10,0.3688379659098946,0
3137,0953,1,2026-06-13 12:30:10,0.7926303133177736,0
3138,0014,1,2026-06-13 12:30:20,0.4693401230638659,0
3139,0020,1,2026-06-13 12:30:20,0.3688379659098946,0
3140,0063,1,2026-06-13 12:30:20,0.7926303133177736,0
3141,0077,1,2026-06-13 12:30:20,0.4693401230638659,0
3142,0116,1,2026-06-13 12:30:20,0.1819789235448052,0
3143,0131,1,2026-06-13 12:30:20,0.4693401230638659,0
3144,0276,1,2026-06-13 12:30:20,0.9304759884008770,0
3145,0555,1,2026-06-13 12:30:20,0.0599052266779829,0
3146,0691,1,2026-06-13 12:30:20,0.3688379659098946,0
3147,0834,1,2026-06-13 12:30:20,0.3688379659098946,0
3148,0953,1,2026-06-13 12:30:20,0.7926303133177736,0
3149,0014,1,2026-06-13 12:30:30,0.4693401230638659,0
3150,0020,1,2026-06-13 12:30:30,0.3688379659098946,0
3151,0063,1,2026-06-13 12:30:30,0.7926303133177736,1
3152,0077,1,2026-06-13 12:30:30,0.4693401230638659,0
3153,0116,1,2026-06-13 12:30:30,0.1819789235448052,0
3154,0131,1,2026-06-13 12:30:30,0.4693401230638659,0
3155,0276,1,2026-06-13 12:30:30,0.9304759884008770,0
3156,0555,1,2026-06-13 12:30:30,0.0599052266779829,0
3157,0691,1,2026-06-13 12:30:30,0.3688379659098946,0
3158,0834,1,2026-06-13 12:30:30,0.3688379659098946,0
3159,0953,1,2026-06-13 12:30:30,0.7926303133177736,0
3160,0014,1,2026-06-13 12:30:40,0.4693401230638659,0
3161,0020,1,2026-06-13 12:30:40,0.3688379659098946,0
3162,0063,1,2026-06-13 12:30:40,0.7926303133177736,0
3163,0077,1,2026-06-13 12:30:40,0.4693401230638659,0
3164,0131,1,2026-06-13 12:30:40,0.4693401230638659,0
3165,0276,1,2026-06-13 12:30:40,0.9304759884008770,0
3166,0555,1,2026-06-13 12:30:40,0.0599052266779829,0
3167,0691,1,2026-06-13 12:30:40,0.3688379659098946,0
3168,0834,1,2026-06-13 12:30:40,0.3688379659098946,0
3169,0953,1,2026-06-13 12:30:40,0.7926303133177736,0
3170,0014,1,2026-06-13 12:30:50,0.4693401230638659,0
3171,0020,1,2026-06-13 12:30:50,0.3688379659098946,0
3172,0063,1,2026-06-13 12:30:50,0.7926303133177736,0
3173,0077,1,2026-06-13 12:30:50,0.4693401230638659,0
3174,0131,1,2026-06-13 12:30:50,0.4693401230638659,0
3175,0276,1,2026-06-13 12:30:50,0.9304759884008770,0
3176,0555,1,2026-06-13 12:30:50,0.0599052266779829,0
3177,0691,1,2026-06-13 12:30:50,0.3688379659098946,0
3178,0834,1,2026-06-13 12:30:50,0.3688379659098946,0
3179,0953,1,2026-06-13 12:30:50,0.7926303133177736,0
3180,0014,1,2026-06-13 12:31:00,0.4693401230638659,1
3181,0063,1,2026-06-13 12:31:00,0.7926303133177736,0
3182,0077,1,2026-06-13 12:31:00,0.4693401230638659,0
3183,0131,1,2026-06-13 12:31:00,0.4693401230638659,0
3184,0276,1,2026-06-13 12:31:00,0.9304759884008770,0
3185,0555,1,2026-06-13 12:31:00,0.0599052266779829,0
3186,0691,1,2026-06-13 12:31:00,0.3688379659098946,0
3187,0834,1,2026-06-13 12:31:00,0.3688379659098946,0
3188,0014,1,2026-06-13 12:31:10,0.4693401230638659,0
3189,0063,1,2026-06-13 12:31:10,0.7926303133177736,0
3190,0131,1,2026-06-13 12:31:10,0.4693401230638659,0
3191,0276,1,2026-06-13 12:31:10,0.9304759884008770,0
3192,0555,1,2026-06-13 12:31:10,0.0599052266779829,0
3193,0834,1,2026-06-13 12:31:10,0.3688379659098946,0
3194,0014,1,2026-06-13 12:31:20,0.4693401230638659,0
3195,0063,1,2026-06-13 12:31:20,0.7926303133177736,0
3196,0131,1,2026-06-13 12:31:20,0.4693401230638659,0
3197,0276,1,2026-06-13 12:31:20,0.9304759884008770,1
3198,0834,1,2026-06-13 12:31:20,0.3688379659098946,0
3199,0063,1,2026-06-13 12:31:30,0.7926303133177736,0
3200,0834,1,2026-06-13 12:31:30,0.3688379659098946,0
3201,0622,1,2026-06-13 12:31:40,0.1819789235448052,0
3202,0834,1,2026-06-13 12:31:40,0.3688379659098946,0
3203,0622,1,2026-06-13 12:31:50,0.1819789235448052,0
3204,0834,1,2026-06-13 12:31:50,0.3688379659098946,0
3205,0622,1,2026-06-13 12:32:00,0.1819789235448052,0
3206,0834,1,2026-06-13 12:32:00,0.3688379659098946,0
3207,0622,1,2026-06-13 12:32:10,0.1819789235448052,1
3208,0622,1,2026-06-13 12:32:20,0.1819789235448052,0
3209,0376,1,2026-06-13 12:32:30,0.6883796590989462,0
3210,0622,1,2026-06-13 12:32:30,0.1819789235448052,0
3211,0376,1,2026-06-13 12:32:40,0.6883796590989462,1
3212,0622,1,2026-06-13 12:32:40,0.1819789235448052,0
3213,0376,1,2026-06-13 12:32:50,0.6883796590989462,0
3214,0376,1,2026-06-13 12:33:00,0.6883796590989462,1
3215,0376,1,2026-06-13 12:33:10,0.6883796590989462,0
3216,0979,1,2026-06-13 12:33:10,0.0599052266779829,0
3217,0376,1,2026-06-13 12:33:20,0.6883796590989462,0
3218,0979,1,2026-06-13 12:33:20,0.0599052266779829,1
3219,0979,1,2026-06-13 12:33:30,0.0599052266779829,0
3220,0979,1,2026-06-13 12:33:40,0.0599052266779829,0
3221,0322,1,2026-06-13 13:59:20,0.2745597284107787,0
3222,0322,1,2026-06-13 13:59:30,0.2745597284107787,0
3223,0322,1,2026-06-13 13:59:40,0.2745597284107787,0
3224,0322,1,2026-06-13 13:59:50,0.2745597284107787,0
3225,0322,1,2026-06-13 14:00:00,0.2745597284107787,0
3226,0322,1,2026-06-13 14:00:10,0.2745597284107787,0
3227,0322,1,2026-06-13 14:00:20,0.2745597284107787,0
3228,0322,1,2026-06-13 14:00:30,0.2745597284107787,0
3229,0322,1,2026-06-13 14:00:40,0.2745597284107787,0
3230,0322,1,2026-06-13 14:00:50,0.2745597284107787,0
3231,0322,1,2026-06-13 14:01:00,0.2745597284107787,0
3232,0322,1,2026-06-13 14:01:10,0.2745597284107787,0
3233,0608,1,2026-06-13 14:06:50,0.0599052266779829,1
3234,0283,1,2026-06-13 14:07:00,0.5542824810806988,0
3235,0608,1,2026-06-13 14:07:00,0.0599052266779829,0
3236,0283,1,2026-06-13 14:07:10,0.5542824810806988,0
3237,0608,1,2026-06-13 14:07:10,0.0599052266779829,0
3238,0283,1,2026-06-13 14:07:20,0.5542824810806988,0
3239,0608,1,2026-06-13 14:07:20,0.0599052266779829,0
3240,0283,1,2026-06-13 14:07:30,0.5542824810806988,0
3241,0608,1,2026-06-13 14:07:30,0.0599052266779829,0
3242,0283,1,2026-06-13 14:07:40,0.5542824810806988,0
3243,0608,1,2026-06-13 14:07:40,0.0599052266779829,0
3244,0283,1,2026-06-13 14:07:50,0.5542824810806988,0
3245,0608,1,2026-06-13 14:07:50,0.0599052266779829,0
3246,0283,1,2026-06-13 14:08:00,0.5542824810806988,0
3247,0608,1,2026-06-13 14:08:00,0.0599052266779829,0
3248,0283,1,2026-06-13 14:08:10,0.5542824810806988,0
3249,0283,1,2026-06-13 14:08:20,0.5542824810806988,0
3250,0304,1,2026-06-13 14:11:10,0.6120659169672537,0
3251,0304,1,2026-06-13 14:11:20,0.6120659169672537,0
3252,0304,1,2026-06-13 14:11:30,0.6120659169672537,0
3253,0677,1,2026-06-13 14:11:30,0.3688379659098946,0
3254,0304,1,2026-06-13 14:11:40,0.6120659169672537,0
3255,0677,1,2026-06-13 14:11:40,0.3688379659098946,0
3256,0304,1,2026-06-13 14:11:50,0.6120659169672537,0
3257,0381,1,2026-06-13 14:11:50,0.4693401230638659,0
3258,0677,1,2026-06-13 14:11:50,0.3688379659098946,1
3259,0304,1,2026-06-13 14:12:00,0.6120659169672537,0
3260,0381,1,2026-06-13 14:12:00,0.4693401230638659,0
3261,0677,1,2026-06-13 14:12:00,0.3688379659098946,0
3262,0304,1,2026-06-13 14:12:10,0.6120659169672537,0
3263,0381,1,2026-06-13 14:12:10,0.4693401230638659,1
3264,0677,1,2026-06-13 14:12:10,0.3688379659098946,0
3265,0304,1,2026-06-13 14:12:20,0.6120659169672537,0
3266,0381,1,2026-06-13 14:12:20,0.4693401230638659,0
3267,0304,1,2026-06-13 14:12:30,0.6120659169672537,0
3268,0381,1,2026-06-13 14:12:30,0.4693401230638659,0
3269,0304,1,2026-06-13 14:12:40,0.6120659169672537,0
3270,0381,1,2026-06-13 14:12:40,0.4693401230638659,0
3271,0304,1,2026-06-13 14:12:50,0.6120659169672537,0
3272,0381,1,2026-06-13 14:12:50,0.4693401230638659,0
3273,0381,1,2026-06-13 14:13:00,0.4693401230638659,0
3274,0381,1,2026-06-13 14:13:10,0.4693401230638659,0
3275,0381,1,2026-06-13 14:13:20,0.4693401230638659,0
3276,0381,1,2026-06-13 14:13:30,0.4693401230638659,0
3277,0469,1,2026-06-13 15:07:10,0.5542824810806988,0
3278,0469,1,2026-06-13 15:07:20,0.5542824810806988,1
3279,0469,1,2026-06-13 15:07:30,0.5542824810806988,0
3280,0469,1,2026-06-13 15:07:40,0.5542824810806988,0
3281,0469,1,2026-06-13 15:07:50,0.5542824810806988,0
3282,0469,1,2026-06-13 15:08:00,0.5542824810806988,0
3283,0469,1,2026-06-13 15:08:10,0.5542824810806988,0
3284,0469,1,2026-06-13 15:08:20,0.5542824810806988,0
3285,0469,1,2026-06-13 15:08:30,0.5542824810806988,0
3286,0469,1,2026-06-13 15:08:40,0.5542824810806988,0
3287,0469,1,2026-06-13 15:08:50,0.5542824810806988,0
3288,0469,1,2026-06-13 15:09:00,0.5542824810806988,0
3289,0580,1,2026-06-13 15:28:20,0.5542824810806988,0
3290,0580,1,2026-06-13 15:28:30,0.5542824810806988,0
3291,0962,1,2026-06-13 15:28:30,0.4693401230638659,0
3292,0203,1,2026-06-13 15:28:40,0.3688379659098946,0
3293,0580,1,2026-06-13 15:28:40,0.5542824810806988,0
3294,0962,1,2026-06-13 15:28:40,0.4693401230638659,0
3295,0203,1,2026-06-13 15:28:50,0.3688379659098946,0
3296,0580,1,2026-06-13 15:28:50,0.5542824810806988,0
3297,0962,1,2026-06-13 15:28:50,0.4693401230638659,0
3298,0203,1,2026-06-13 15:29:00,0.3688379659098946,0
3299,0580,1,2026-06-13 15:29:00,0.5542824810806988,0
3300,0962,1,2026-06-13 15:29:00,0.4693401230638659,0
3301,0203,1,2026-06-13 15:29:10,0.3688379659098946,0
3302,0580,1,2026-06-13 15:29:10,0.5542824810806988,0
3303,0962,1,2026-06-13 15:29:10,0.4693401230638659,0
3304,0203,1,2026-06-13 15:29:20,0.3688379659098946,0
3305,0355,1,2026-06-13 15:29:20,0.6883796590989462,0
3306,0962,1,2026-06-13 15:29:20,0.4693401230638659,0
3307,0203,1,2026-06-13 15:29:30,0.3688379659098946,0
3308,0355,1,2026-06-13 15:29:30,0.6883796590989462,0
3309,0392,1,2026-06-13 15:29:30,0.3688379659098946,0
3310,0710,1,2026-06-13 15:29:30,0.0599052266779829,0
3311,0962,1,2026-06-13 15:29:30,0.4693401230638659,1
3312,0203,1,2026-06-13 15:29:40,0.3688379659098946,1
3313,0355,1,2026-06-13 15:29:40,0.6883796590989462,0
3314,0392,1,2026-06-13 15:29:40,0.3688379659098946,0
3315,0710,1,2026-06-13 15:29:40,0.0599052266779829,0
3316,0962,1,2026-06-13 15:29:40,0.4693401230638659,0
3317,0203,1,2026-06-13 15:29:50,0.3688379659098946,0
3318,0355,1,2026-06-13 15:29:50,0.6883796590989462,0
3319,0392,1,2026-06-13 15:29:50,0.3688379659098946,0
3320,0710,1,2026-06-13 15:29:50,0.0599052266779829,0
3321,0962,1,2026-06-13 15:29:50,0.4693401230638659,0
3322,0203,1,2026-06-13 15:30:00,0.3688379659098946,0
3323,0355,1,2026-06-13 15:30:00,0.6883796590989462,0
3324,0392,1,2026-06-13 15:30:00,0.3688379659098946,0
3325,0710,1,2026-06-13 15:30:00,0.0599052266779829,0
3326,0912,1,2026-06-13 15:30:00,0.7926303133177736,1
3327,0962,1,2026-06-13 15:30:00,0.4693401230638659,0
3328,0203,1,2026-06-13 15:30:10,0.3688379659098946,0
3329,0355,1,2026-06-13 15:30:10,0.6883796590989462,0
3330,0392,1,2026-06-13 15:30:10,0.3688379659098946,0
3331,0710,1,2026-06-13 15:30:10,0.0599052266779829,0
3332,0912,1,2026-06-13 15:30:10,0.7926303133177736,0
3333,0962,1,2026-06-13 15:30:10,0.4693401230638659,0
3334,0203,1,2026-06-13 15:30:20,0.3688379659098946,0
3335,0355,1,2026-06-13 15:30:20,0.6883796590989462,1
3336,0392,1,2026-06-13 15:30:20,0.3688379659098946,0
3337,0710,1,2026-06-13 15:30:20,0.0599052266779829,0
3338,0912,1,2026-06-13 15:30:20,0.7926303133177736,0
3339,0962,1,2026-06-13 15:30:20,0.4693401230638659,0
3340,0203,1,2026-06-13 15:30:30,0.3688379659098946,0
3341,0355,1,2026-06-13 15:30:30,0.6883796590989462,0
3342,0392,1,2026-06-13 15:30:30,0.3688379659098946,0
3343,0710,1,2026-06-13 15:30:30,0.0599052266779829,0
3344,0912,1,2026-06-13 15:30:30,0.7926303133177736,0
3345,0243,1,2026-06-13 15:30:40,0.8562133107008982,0
3346,0355,1,2026-06-13 15:30:40,0.6883796590989462,0
3347,0392,1,2026-06-13 15:30:40,0.3688379659098946,0
3348,0710,1,2026-06-13 15:30:40,0.0599052266779829,0
3349,0912,1,2026-06-13 15:30:40,0.7926303133177736,1
3350,0243,1,2026-06-13 15:30:50,0.8562133107008982,0
3351,0340,1,2026-06-13 15:30:50,1.0000000000000000,0
3352,0355,1,2026-06-13 15:30:50,0.6883796590989462,0
3353,0560,1,2026-06-13 15:30:50,0.8562133107008982,0
3354,0763,1,2026-06-13 15:30:50,0.7926303133177736,0
3355,0912,1,2026-06-13 15:30:50,0.7926303133177736,0
3356,0930,1,2026-06-13 15:30:50,0.5542824810806988,0
3357,0243,1,2026-06-13 15:31:00,0.8562133107008982,0
3358,0340,1,2026-06-13 15:31:00,1.0000000000000000,0
3359,0355,1,2026-06-13 15:31:00,0.6883796590989462,0
3360,0560,1,2026-06-13 15:31:00,0.8562133107008982,0
3361,0763,1,2026-06-13 15:31:00,0.7926303133177736,0
3362,0806,1,2026-06-13 15:31:00,0.9304759884008770,0
3363,0912,1,2026-06-13 15:31:00,0.7926303133177736,0
3364,0930,1,2026-06-13 15:31:00,0.5542824810806988,1
3365,0243,1,2026-06-13 15:31:10,0.8562133107008982,0
3366,0340,1,2026-06-13 15:31:10,1.0000000000000000,0
3367,0560,1,2026-06-13 15:31:10,0.8562133107008982,0
3368,0763,1,2026-06-13 15:31:10,0.7926303133177736,0
3369,0806,1,2026-06-13 15:31:10,0.9304759884008770,0
3370,0912,1,2026-06-13 15:31:10,0.7926303133177736,0
3371,0930,1,2026-06-13 15:31:10,0.5542824810806988,0
3372,0243,1,2026-06-13 15:31:20,0.8562133107008982,0
3373,0806,1,2026-06-13 15:31:20,0.9304759884008770,0
3374,0912,1,2026-06-13 15:31:20,0.7926303133177736,0
3375,0930,1,2026-06-13 15:31:20,0.5542824810806988,0
3376,0243,1,2026-06-13 15:31:30,0.8562133107008982,0
3377,0305,1,2026-06-13 15:31:30,0.4693401230638659,0
3378,0733,1,2026-06-13 15:31:30,0.6120659169672537,0
3379,0806,1,2026-06-13 15:31:30,0.9304759884008770,1
3380,0930,1,2026-06-13 15:31:30,0.5542824810806988,0
3381,0243,1,2026-06-13 15:31:40,0.8562133107008982,0
3382,0305,1,2026-06-13 15:31:40,0.4693401230638659,0
3383,0733,1,2026-06-13 15:31:40,0.6120659169672537,0
3384,0806,1,2026-06-13 15:31:40,0.9304759884008770,0
3385,0930,1,2026-06-13 15:31:40,0.5542824810806988,0
3386,0243,1,2026-06-13 15:31:50,0.8562133107008982,0
3387,0305,1,2026-06-13 15:31:50,0.4693401230638659,0
3388,0733,1,2026-06-13 15:31:50,0.6120659169672537,0
3389,0806,1,2026-06-13 15:31:50,0.9304759884008770,0
3390,0930,1,2026-06-13 15:31:50,0.5542824810806988,0
3391,0243,1,2026-06-13 15:32:00,0.8562133107008982,0
3392,0305,1,2026-06-13 15:32:00,0.4693401230638659,0
3393,0733,1,2026-06-13 15:32:00,0.6120659169672537,0
3394,0806,1,2026-06-13 15:32:00,0.9304759884008770,0
3395,0930,1,2026-06-13 15:32:00,0.5542824810806988,0
3396,0243,1,2026-06-13 15:32:10,0.8562133107008982,1
3397,0305,1,2026-06-13 15:32:10,0.4693401230638659,0
3398,0733,1,2026-06-13 15:32:10,0.6120659169672537,0
3399,0806,1,2026-06-13 15:32:10,0.9304759884008770,0
3400,0930,1,2026-06-13 15:32:10,0.5542824810806988,0
3401,0305,1,2026-06-13 15:32:20,0.4693401230638659,0
3402,0545,1,2026-06-13 15:32:20,0.9304759884008770,0
3403,0733,1,2026-06-13 15:32:20,0.6120659169672537,0
3404,0806,1,2026-06-13 15:32:20,0.9304759884008770,0
3405,0930,1,2026-06-13 15:32:20,0.5542824810806988,0
3406,0305,1,2026-06-13 15:32:30,0.4693401230638659,0
3407,0545,1,2026-06-13 15:32:30,0.9304759884008770,0
3408,0733,1,2026-06-13 15:32:30,0.6120659169672537,0
3409,0806,1,2026-06-13 15:32:30,0.9304759884008770,0
3410,0930,1,2026-06-13 15:32:30,0.5542824810806988,0
3411,0305,1,2026-06-13 15:32:40,0.4693401230638659,0
3412,0545,1,2026-06-13 15:32:40,0.9304759884008770,0
3413,0733,1,2026-06-13 15:32:40,0.6120659169672537,0
3414,0806,1,2026-06-13 15:32:40,0.9304759884008770,0
3415,0930,1,2026-06-13 15:32:40,0.5542824810806988,0
3416,0545,1,2026-06-13 15:32:50,0.9304759884008770,0
3417,0733,1,2026-06-13 15:32:50,0.6120659169672537,0
3418,0806,1,2026-06-13 15:32:50,0.9304759884008770,0
3419,0545,1,2026-06-13 15:33:00,0.9304759884008770,0
3420,0733,1,2026-06-13 15:33:00,0.6120659169672537,0
3421,0274,1,2026-06-13 15:33:10,0.3688379659098946,0
3422,0545,1,2026-06-13 15:33:10,0.9304759884008770,0
3423,0905,1,2026-06-13 15:33:10,0.1819789235448052,1
3424,0274,1,2026-06-13 15:33:20,0.3688379659098946,0
3425,0515,1,2026-06-13 15:33:20,0.4693401230638659,0
3426,0545,1,2026-06-13 15:33:20,0.9304759884008770,0
3427,0905,1,2026-06-13 15:33:20,0.1819789235448052,1
3428,0274,1,2026-06-13 15:33:30,0.3688379659098946,0
3429,0515,1,2026-06-13 15:33:30,0.4693401230638659,0
3430,0545,1,2026-06-13 15:33:30,0.9304759884008770,0
3431,0274,1,2026-06-13 15:33:40,0.3688379659098946,0
3432,0515,1,2026-06-13 15:33:40,0.4693401230638659,0
3433,0545,1,2026-06-13 15:33:40,0.9304759884008770,0
3434,0274,1,2026-06-13 15:33:50,0.3688379659098946,0
3435,0515,1,2026-06-13 15:33:50,0.4693401230638659,0
3436,0545,1,2026-06-13 15:33:50,0.9304759884008770,0
3437,0244,1,2026-06-13 15:34:00,0.6120659169672537,0
3438,0274,1,2026-06-13 15:34:00,0.3688379659098946,0
3439,0515,1,2026-06-13 15:34:00,0.4693401230638659,0
3440,0244,1,2026-06-13 15:34:10,0.6120659169672537,0
3441,0274,1,2026-06-13 15:34:10,0.3688379659098946,0
3442,0515,1,2026-06-13 15:34:10,0.4693401230638659,0
3443,0244,1,2026-06-13 15:34:20,0.6120659169672537,0
3444,0274,1,2026-06-13 15:34:20,0.3688379659098946,0
3445,0274,1,2026-06-13 15:34:30,0.3688379659098946,0
3446,0274,1,2026-06-13 15:34:40,0.3688379659098946,0
3447,0798,1,2026-06-13 15:36:20,0.1182544734422519,0
3448,0798,1,2026-06-13 15:36:30,0.1182544734422519,0
3449,0798,1,2026-06-13 15:36:40,0.1182544734422519,0
3450,0798,1,2026-06-13 15:36:50,0.1182544734422519,0
3451,0798,1,2026-06-13 15:37:00,0.1182544734422519,0
3452,0571,1,2026-06-13 15:37:10,0.1182544734422519,0
3453,0798,1,2026-06-13 15:37:10,0.1182544734422519,0
3454,0571,1,2026-06-13 15:37:20,0.1182544734422519,0
3455,0798,1,2026-06-13 15:37:20,0.1182544734422519,0
3456,0571,1,2026-06-13 15:37:30,0.1182544734422519,0
3457,0798,1,2026-06-13 15:37:30,0.1182544734422519,0
3458,0571,1,2026-06-13 15:37:40,0.1182544734422519,0
3459,0798,1,2026-06-13 15:37:40,0.1182544734422519,0
3460,0571,1,2026-06-13 15:37:50,0.1182544734422519,0
3461,0798,1,2026-06-13 15:37:50,0.1182544734422519,0
3462,0571,1,2026-06-13 15:38:00,0.1182544734422519,1
3463,0798,1,2026-06-13 15:38:00,0.1182544734422519,0
3464,0571,1,2026-06-13 15:38:10,0.1182544734422519,0
3465,0798,1,2026-06-13 15:38:10,0.1182544734422519,0
3466,0571,1,2026-06-13 15:38:20,0.1182544734422519,0
3467,0618,1,2026-06-13 15:38:20,0.1182544734422519,0
3468,0571,1,2026-06-13 15:38:30,0.1182544734422519,0
3469,0618,1,2026-06-13 15:38:30,0.1182544734422519,0
3470,0571,1,2026-06-13 15:38:40,0.1182544734422519,0
3471,0618,1,2026-06-13 15:38:40,0.1182544734422519,0
3472,0571,1,2026-06-13 15:38:50,0.1182544734422519,0
3473,0618,1,2026-06-13 15:38:50,0.1182544734422519,1
3474,0618,1,2026-06-13 15:39:00,0.1182544734422519,0
3475,0618,1,2026-06-13 15:39:10,0.1182544734422519,0
3476,0666,1,2026-06-13 16:45:50,0.5542824810806988,0
3477,0666,1,2026-06-13 16:46:00,0.5542824810806988,0
3478,0224,1,2026-06-13 16:46:10,0.7926303133177736,0
3479,0666,1,2026-06-13 16:46:10,0.5542824810806988,1
3480,0224,1,2026-06-13 16:46:20,0.7926303133177736,0
3481,0666,1,2026-06-13 16:46:20,0.5542824810806988,0
3482,0224,1,2026-06-13 16:46:30,0.7926303133177736,0
3483,0661,1,2026-06-13 16:46:30,0.6883796590989462,0
3484,0666,1,2026-06-13 16:46:30,0.5542824810806988,0
3485,0224,1,2026-06-13 16:46:40,0.7926303133177736,0
3486,0661,1,2026-06-13 16:46:40,0.6883796590989462,0
3487,0666,1,2026-06-13 16:46:40,0.5542824810806988,0
3488,0661,1,2026-06-13 16:46:50,0.6883796590989462,0
3489,0666,1,2026-06-13 16:46:50,0.5542824810806988,0
3490,0661,1,2026-06-13 16:47:00,0.6883796590989462,0
3491,0666,1,2026-06-13 16:47:00,0.5542824810806988,0
3492,0661,1,2026-06-13 16:47:10,0.6883796590989462,0
3493,0666,1,2026-06-13 16:47:10,0.5542824810806988,0
3494,0661,1,2026-06-13 16:47:20,0.6883796590989462,0
3495,0666,1,2026-06-13 16:47:20,0.5542824810806988,0
3496,0661,1,2026-06-13 16:47:30,0.6883796590989462,1
3497,0666,1,2026-06-13 16:47:30,0.5542824810806988,0
3498,0661,1,2026-06-13 16:47:40,0.6883796590989462,0
3499,0666,1,2026-06-13 16:47:40,0.5542824810806988,0
3500,0661,1,2026-06-13 16:47:50,0.6883796590989462,0
3501,0492,1,2026-06-13 16:48:00,1.0000000000000000,0
3502,0492,1,2026-06-13 16:48:10,1.0000000000000000,0
3503,0492,1,2026-06-13 16:48:20,1.0000000000000000,0
3504,0492,1,2026-06-13 16:48:30,1.0000000000000000,0
3505,0492,1,2026-06-13 16:48:40,1.0000000000000000,0
3506,0492,1,2026-06-13 16:48:50,1.0000000000000000,0
3507,0904,1,2026-06-13 17:05:20,0.8562133107008982,0
3508,0904,1,2026-06-13 17:05:30,0.8562133107008982,0
3509,0904,1,2026-06-13 17:05:40,0.8562133107008982,0
3510,0904,1,2026-06-13 17:05:50,0.8562133107008982,0
3511,0904,1,2026-06-13 17:06:00,0.8562133107008982,0
3512,0904,1,2026-06-13 17:06:10,0.8562133107008982,0
3513,0904,1,2026-06-13 17:06:20,0.8562133107008982,0
3514,0904,1,2026-06-13 17:06:30,0.8562133107008982,0
3515,0904,1,2026-06-13 17:06:40,0.8562133107008982,0
3516,0717,1,2026-06-13 17:08:00,1.0000000000000000,0
3517,0717,1,2026-06-13 17:08:10,1.0000000000000000,0
3518,0802,1,2026-06-13 17:08:10,0.8562133107008982,0
3519,0717,1,2026-06-13 17:08:20,1.0000000000000000,1
3520,0802,1,2026-06-13 17:08:20,0.8562133107008982,0
3521,0717,1,2026-06-13 17:08:30,1.0000000000000000,0
3522,0802,1,2026-06-13 17:08:30,0.8562133107008982,1
3523,0717,1,2026-06-13 17:08:40,1.0000000000000000,0
3524,0802,1,2026-06-13 17:08:40,0.8562133107008982,0
3525,0717,1,2026-06-13 17:08:50,1.0000000000000000,0
3526,0802,1,2026-06-13 17:08:50,0.8562133107008982,0
3527,0717,1,2026-06-13 17:09:00,1.0000000000000000,0
3528,0802,1,2026-06-13 17:09:00,0.8562133107008982,0
3529,0717,1,2026-06-13 17:09:10,1.0000000000000000,0
3530,0802,1,2026-06-13 17:09:10,0.8562133107008982,0
3531,0717,1,2026-06-13 17:09:20,1.0000000000000000,0
3532,0802,1,2026-06-13 17:09:20,0.8562133107008982,0
3533,0717,1,2026-06-13 17:09:30,1.0000000000000000,0
3534,0802,1,2026-06-13 17:09:30,0.8562133107008982,0
3535,0717,1,2026-06-13 17:09:40,1.0000000000000000,0
3536,0802,1,2026-06-13 17:09:40,0.8562133107008982,0
3537,0717,1,2026-06-13 17:09:50,1.0000000000000000,0
3538,0802,1,2026-06-13 17:09:50,0.8562133107008982,0
3539,0802,1,2026-06-13 17:10:00,0.8562133107008982,0
3540,0222,1,2026-06-13 17:10:20,0.1182544734422519,0
3541,0222,1,2026-06-13 17:10:30,0.1182544734422519,0
3542,0222,1,2026-06-13 17:10:40,0.1182544734422519,0
3543,0222,1,2026-06-13 17:10:50,0.1182544734422519,0
3544,0222,1,2026-06-13 17:11:00,0.1182544734422519,0
3545,0334,1,2026-06-13 17:11:00,0.5542824810806988,1
3546,0222,1,2026-06-13 17:11:10,0.1182544734422519,0
3547,0334,1,2026-06-13 17:11:10,0.5542824810806988,0
3548,0222,1,2026-06-13 17:11:20,0.1182544734422519,0
3549,0334,1,2026-06-13 17:11:20,0.5542824810806988,0
3550,0222,1,2026-06-13 17:11:30,0.1182544734422519,0
3551,0222,1,2026-06-13 17:11:40,0.1182544734422519,0
3552,0118,1,2026-06-13 17:11:50,0.4693401230638659,0
3553,0222,1,2026-06-13 17:11:50,0.1182544734422519,0
3554,0747,1,2026-06-13 17:11:50,0.2745597284107787,0
3555,0118,1,2026-06-13 17:12:00,0.4693401230638659,0
3556,0222,1,2026-06-13 17:12:00,0.1182544734422519,0
3557,0747,1,2026-06-13 17:12:00,0.2745597284107787,0
3558,0118,1,2026-06-13 17:12:10,0.4693401230638659,0
3559,0222,1,2026-06-13 17:12:10,0.1182544734422519,0
3560,0747,1,2026-06-13 17:12:10,0.2745597284107787,0
3561,0118,1,2026-06-13 17:12:20,0.4693401230638659,0
3562,0747,1,2026-06-13 17:12:20,0.2745597284107787,0
3563,0118,1,2026-06-13 17:12:30,0.4693401230638659,0
3564,0747,1,2026-06-13 17:12:30,0.2745597284107787,0
3565,0118,1,2026-06-13 17:12:40,0.4693401230638659,0
3566,0747,1,2026-06-13 17:12:40,0.2745597284107787,0
3567,0118,1,2026-06-13 17:12:50,0.4693401230638659,0
3568,0747,1,2026-06-13 17:12:50,0.2745597284107787,0
3569,0118,1,2026-06-13 17:13:00,0.4693401230638659,0
3570,0747,1,2026-06-13 17:13:00,0.2745597284107787,0
3571,0118,1,2026-06-13 17:13:10,0.4693401230638659,0
3572,0747,1,2026-06-13 17:13:10,0.2745597284107787,0
3573,0118,1,2026-06-13 17:13:20,0.4693401230638659,0
3574,0118,1,2026-06-13 17:13:30,0.4693401230638659,0
3575,0076,1,2026-06-13 18:25:50,0.2745597284107787,0
3576,0076,1,2026-06-13 18:26:00,0.2745597284107787,0
3577,0076,1,2026-06-13 18:26:10,0.2745597284107787,0
3578,0076,1,2026-06-13 18:26:20,0.2745597284107787,0
3579,0076,1,2026-06-13 18:26:30,0.2745597284107787,0
3580,0076,1,2026-06-13 18:26:40,0.2745597284107787,0
3581,0076,1,2026-06-13 18:26:50,0.2745597284107787,0
3582,0076,1,2026-06-13 18:27:00,0.2745597284107787,0
3583,0076,1,2026-06-13 18:27:10,0.2745597284107787,0
3584,0076,1,2026-06-13 18:27:20,0.2745597284107787,1
3585,0076,1,2026-06-13 18:27:30,0.2745597284107787,0
3586,0076,1,2026-06-13 18:27:40,0.2745597284107787,0
3587,0981,1,2026-06-13 18:44:10,0.7926303133177736,0
3588,0981,1,2026-06-13 18:44:20,0.7926303133177736,0
3589,0981,1,2026-06-13 18:44:30,0.7926303133177736,0
3590,0981,1,2026-06-13 18:44:40,0.7926303133177736,0
3591,0981,1,2026-06-13 18:44:50,0.7926303133177736,0
3592,0159,1,2026-06-13 18:45:00,0.9304759884008770,0
3593,0981,1,2026-06-13 18:45:00,0.7926303133177736,0
3594,0159,1,2026-06-13 18:45:10,0.9304759884008770,0
3595,0981,1,2026-06-13 18:45:10,0.7926303133177736,0
3596,0159,1,2026-06-13 18:45:20,0.9304759884008770,0
3597,0981,1,2026-06-13 18:45:20,0.7926303133177736,0
3598,0159,1,2026-06-13 18:45:30,0.9304759884008770,1
3599,0981,1,2026-06-13 18:45:30,0.7926303133177736,0
3600,0159,1,2026-06-13 18:45:40,0.9304759884008770,0
3601,0981,1,2026-06-13 18:45:40,0.7926303133177736,0
3602,0095,1,2026-06-13 18:45:50,0.0599052266779829,0
3603,0095,1,2026-06-13 18:46:00,0.0599052266779829,0
3604,0095,1,2026-06-13 18:46:10,0.0599052266779829,1
3605,0095,1,2026-06-13 18:46:20,0.0599052266779829,0
3606,0908,1,2026-06-13 20:03:10,0.3688379659098946,0
3607,0908,1,2026-06-13 20:03:20,0.3688379659098946,0
3608,0908,1,2026-06-13 20:03:30,0.3688379659098946,0
3609,0908,1,2026-06-13 20:03:40,0.3688379659098946,0
3610,0908,1,2026-06-13 20:03:50,0.3688379659098946,0
3611,0908,1,2026-06-13 20:04:00,0.3688379659098946,0
3612,0908,1,2026-06-13 20:04:10,0.3688379659098946,0
3613,0908,1,2026-06-13 20:04:20,0.3688379659098946,0
3614,0668,1,2026-06-13 20:04:30,0.7926303133177736,0
3615,0908,1,2026-06-13 20:04:30,0.3688379659098946,0
3616,0668,1,2026-06-13 20:04:40,0.7926303133177736,0
3617,0908,1,2026-06-13 20:04:40,0.3688379659098946,0
3618,0668,1,2026-06-13 20:04:50,0.7926303133177736,0
3619,0908,1,2026-06-13 20:04:50,0.3688379659098946,0
3620,0668,1,2026-06-13 20:05:00,0.7926303133177736,0
3621,0668,1,2026-06-13 20:05:10,0.7926303133177736,1
3622,0668,1,2026-06-13 20:05:20,0.7926303133177736,0
3623,0668,1,2026-06-13 20:05:30,0.7926303133177736,0
3624,0668,1,2026-06-13 20:05:40,0.7926303133177736,0
3625,0668,1,2026-06-13 20:05:50,0.7926303133177736,0
3626,0721,1,2026-06-14 01:18:50,0.7926303133177736,0
3627,0721,1,2026-06-14 01:19:00,0.7926303133177736,0
3628,0721,1,2026-06-14 01:19:10,0.7926303133177736,0
3629,0721,1,2026-06-14 01:19:20,0.7926303133177736,0
3630,0721,1,2026-06-14 01:19:30,0.7926303133177736,0
3631,0721,1,2026-06-14 01:19:40,0.7926303133177736,0
3632,0721,1,2026-06-14 01:19:50,0.7926303133177736,0
3633,0721,1,2026-06-14 01:20:00,0.7926303133177736,0
3634,0721,1,2026-06-14 01:20:10,0.7926303133177736,0
3635,0721,1,2026-06-14 01:20:20,0.7926303133177736,0
3636,0721,1,2026-06-14 01:20:30,0.7926303133177736,0
3637,0721,1,2026-06-14 01:20:40,0.7926303133177736,0
3638,0967,1,2026-06-14 01:21:00,0.1182544734422519,0
3639,0967,1,2026-06-14 01:21:10,0.1182544734422519,1
3640,0330,1,2026-06-14 01:21:20,0.2745597284107787,0
3641,0967,1,2026-06-14 01:21:20,0.1182544734422519,0
3642,0330,1,2026-06-14 01:21:30,0.2745597284107787,0
3643,0967,1,2026-06-14 01:21:30,0.1182544734422519,0
3644,0330,1,2026-06-14 01:21:40,0.2745597284107787,0
3645,0967,1,2026-06-14 01:21:40,0.1182544734422519,0
3646,0330,1,2026-06-14 01:21:50,0.2745597284107787,0
3647,0967,1,2026-06-14 01:21:50,0.1182544734422519,0
3648,0330,1,2026-06-14 01:22:00,0.2745597284107787,0
3649,0967,1,2026-06-14 01:22:00,0.1182544734422519,0
3650,0330,1,2026-06-14 01:22:10,0.2745597284107787,0
3651,0330,1,2026-06-14 01:22:20,0.2745597284107787,0
3652,0660,1,2026-06-14 01:22:20,0.6883796590989462,0
3653,0008,1,2026-06-14 01:22:30,0.6883796590989462,1
3654,0330,1,2026-06-14 01:22:30,0.2745597284107787,0
3655,0660,1,2026-06-14 01:22:30,0.6883796590989462,0
3656,0008,1,2026-06-14 01:22:40,0.6883796590989462,0
3657,0330,1,2026-06-14 01:22:40,0.2745597284107787,0
3658,0505,1,2026-06-14 01:22:40,0.0599052266779829,0
3659,0517,1,2026-06-14 01:22:40,0.5542824810806988,0
3660,0660,1,2026-06-14 01:22:40,0.6883796590989462,0
3661,0675,1,2026-06-14 01:22:40,0.4693401230638659,1
3662,0008,1,2026-06-14 01:22:50,0.6883796590989462,0
3663,0099,1,2026-06-14 01:22:50,0.4693401230638659,0
3664,0330,1,2026-06-14 01:22:50,0.2745597284107787,0
3665,0394,1,2026-06-14 01:22:50,0.6883796590989462,0
3666,0505,1,2026-06-14 01:22:50,0.0599052266779829,1
3667,0517,1,2026-06-14 01:22:50,0.5542824810806988,0
3668,0631,1,2026-06-14 01:22:50,0.6883796590989462,0
3669,0660,1,2026-06-14 01:22:50,0.6883796590989462,0
3670,0675,1,2026-06-14 01:22:50,0.4693401230638659,0
3671,0711,1,2026-06-14 01:22:50,0.7926303133177736,0
3672,0783,1,2026-06-14 01:22:50,0.0599052266779829,0
3673,0851,1,2026-06-14 01:22:50,0.2745597284107787,0
3674,0008,1,2026-06-14 01:23:00,0.6883796590989462,1
3675,0099,1,2026-06-14 01:23:00,0.4693401230638659,0
3676,0394,1,2026-06-14 01:23:00,0.6883796590989462,0
3677,0505,1,2026-06-14 01:23:00,0.0599052266779829,0
3678,0517,1,2026-06-14 01:23:00,0.5542824810806988,0
3679,0631,1,2026-06-14 01:23:00,0.6883796590989462,0
3680,0660,1,2026-06-14 01:23:00,0.6883796590989462,0
3681,0675,1,2026-06-14 01:23:00,0.4693401230638659,0
3682,0711,1,2026-06-14 01:23:00,0.7926303133177736,0
3683,0783,1,2026-06-14 01:23:00,0.0599052266779829,0
3684,0851,1,2026-06-14 01:23:00,0.2745597284107787,0
3685,0008,1,2026-06-14 01:23:10,0.6883796590989462,0
3686,0099,1,2026-06-14 01:23:10,0.4693401230638659,1
3687,0362,1,2026-06-14 01:23:10,0.1819789235448052,0
3688,0394,1,2026-06-14 01:23:10,0.6883796590989462,0
3689,0505,1,2026-06-14 01:23:10,0.0599052266779829,0
3690,0517,1,2026-06-14 01:23:10,0.5542824810806988,0
3691,0566,1,2026-06-14 01:23:10,0.1819789235448052,0
3692,0631,1,2026-06-14 01:23:10,0.6883796590989462,0
3693,0660,1,2026-06-14 01:23:10,0.6883796590989462,0
3694,0675,1,2026-06-14 01:23:10,0.4693401230638659,0
3695,0711,1,2026-06-14 01:23:10,0.7926303133177736,0
3696,0783,1,2026-06-14 01:23:10,0.0599052266779829,0
3697,0851,1,2026-06-14 01:23:10,0.2745597284107787,0
3698,0008,1,2026-06-14 01:23:20,0.6883796590989462,0
3699,0099,1,2026-06-14 01:23:20,0.4693401230638659,0
3700,0362,1,2026-06-14 01:23:20,0.1819789235448052,0
3701,0394,1,2026-06-14 01:23:20,0.6883796590989462,0
3702,0505,1,2026-06-14 01:23:20,0.0599052266779829,0
3703,0517,1,2026-06-14 01:23:20,0.5542824810806988,0
3704,0546,1,2026-06-14 01:23:20,0.1819789235448052,0
3705,0566,1,2026-06-14 01:23:20,0.1819789235448052,0
3706,0631,1,2026-06-14 01:23:20,0.6883796590989462,0
3707,0660,1,2026-06-14 01:23:20,0.6883796590989462,0
3708,0675,1,2026-06-14 01:23:20,0.4693401230638659,0
3709,0711,1,2026-06-14 01:23:20,0.7926303133177736,0
3710,0750,1,2026-06-14 01:23:20,1.0000000000000000,0
3711,0783,1,2026-06-14 01:23:20,0.0599052266779829,1
3712,0851,1,2026-06-14 01:23:20,0.2745597284107787,0
3713,0008,1,2026-06-14 01:23:30,0.6883796590989462,0
3714,0099,1,2026-06-14 01:23:30,0.4693401230638659,0
3715,0362,1,2026-06-14 01:23:30,0.1819789235448052,0
3716,0394,1,2026-06-14 01:23:30,0.6883796590989462,0
3717,0505,1,2026-06-14 01:23:30,0.0599052266779829,0
3718,0517,1,2026-06-14 01:23:30,0.5542824810806988,0
3719,0546,1,2026-06-14 01:23:30,0.1819789235448052,0
3720,0566,1,2026-06-14 01:23:30,0.1819789235448052,1
3721,0631,1,2026-06-14 01:23:30,0.6883796590989462,0
3722,0660,1,2026-06-14 01:23:30,0.6883796590989462,0
3723,0675,1,2026-06-14 01:23:30,0.4693401230638659,0
3724,0711,1,2026-06-14 01:23:30,0.7926303133177736,0
3725,0750,1,2026-06-14 01:23:30,1.0000000000000000,0
3726,0783,1,2026-06-14 01:23:30,0.0599052266779829,0
3727,0851,1,2026-06-14 01:23:30,0.2745597284107787,0
3728,0099,1,2026-06-14 01:23:40,0.4693401230638659,0
3729,0362,1,2026-06-14 01:23:40,0.1819789235448052,0
3730,0394,1,2026-06-14 01:23:40,0.6883796590989462,0
3731,0517,1,2026-06-14 01:23:40,0.5542824810806988,0
3732,0546,1,2026-06-14 01:23:40,0.1819789235448052,0
3733,0566,1,2026-06-14 01:23:40,0.1819789235448052,0
3734,0631,1,2026-06-14 01:23:40,0.6883796590989462,0
3735,0660,1,2026-06-14 01:23:40,0.6883796590989462,0
3736,0675,1,2026-06-14 01:23:40,0.4693401230638659,0
3737,0711,1,2026-06-14 01:23:40,0.7926303133177736,0
3738,0750,1,2026-06-14 01:23:40,1.0000000000000000,0
3739,0783,1,2026-06-14 01:23:40,0.0599052266779829,0
3740,0851,1,2026-06-14 01:23:40,0.2745597284107787,0
3741,0099,1,2026-06-14 01:23:50,0.4693401230638659,0
3742,0362,1,2026-06-14 01:23:50,0.1819789235448052,0
3743,0394,1,2026-06-14 01:23:50,0.6883796590989462,0
3744,0517,1,2026-06-14 01:23:50,0.5542824810806988,0
3745,0546,1,2026-06-14 01:23:50,0.1819789235448052,0
3746,0566,1,2026-06-14 01:23:50,0.1819789235448052,0
3747,0631,1,2026-06-14 01:23:50,0.6883796590989462,0
3748,0660,1,2026-06-14 01:23:50,0.6883796590989462,0
3749,0675,1,2026-06-14 01:23:50,0.4693401230638659,0
3750,0711,1,2026-06-14 01:23:50,0.7926303133177736,0
3751,0750,1,2026-06-14 01:23:50,1.0000000000000000,0
3752,0783,1,2026-06-14 01:23:50,0.0599052266779829,1
3753,0851,1,2026-06-14 01:23:50,0.2745597284107787,0
3754,0099,1,2026-06-14 01:24:00,0.4693401230638659,0
3755,0362,1,2026-06-14 01:24:00,0.1819789235448052,0
3756,0394,1,2026-06-14 01:24:00,0.6883796590989462,0
3757,0517,1,2026-06-14 01:24:00,0.5542824810806988,0
3758,0546,1,2026-06-14 01:24:00,0.1819789235448052,0
3759,0566,1,2026-06-14 01:24:00,0.1819789235448052,1
3760,0631,1,2026-06-14 01:24:00,0.6883796590989462,0
3761,0660,1,2026-06-14 01:24:00,0.6883796590989462,0
3762,0711,1,2026-06-14 01:24:00,0.7926303133177736,0
3763,0750,1,2026-06-14 01:24:00,1.0000000000000000,0
3764,0783,1,2026-06-14 01:24:00,0.0599052266779829,0
3765,0851,1,2026-06-14 01:24:00,0.2745597284107787,0
3766,0362,1,2026-06-14 01:24:10,0.1819789235448052,0
3767,0394,1,2026-06-14 01:24:10,0.6883796590989462,0
3768,0517,1,2026-06-14 01:24:10,0.5542824810806988,0
3769,0546,1,2026-06-14 01:24:10,0.1819789235448052,0
3770,0566,1,2026-06-14 01:24:10,0.1819789235448052,0
3771,0631,1,2026-06-14 01:24:10,0.6883796590989462,0
3772,0711,1,2026-06-14 01:24:10,0.7926303133177736,0
3773,0750,1,2026-06-14 01:24:10,1.0000000000000000,0
3774,0783,1,2026-06-14 01:24:10,0.0599052266779829,0
3775,0362,1,2026-06-14 01:24:20,0.1819789235448052,0
3776,0394,1,2026-06-14 01:24:20,0.6883796590989462,0
3777,0517,1,2026-06-14 01:24:20,0.5542824810806988,0
3778,0546,1,2026-06-14 01:24:20,0.1819789235448052,1
3779,0631,1,2026-06-14 01:24:20,0.6883796590989462,0
3780,0711,1,2026-06-14 01:24:20,0.7926303133177736,0
3781,0750,1,2026-06-14 01:24:20,1.0000000000000000,0
3782,0362,1,2026-06-14 01:24:30,0.1819789235448052,0
3783,0394,1,2026-06-14 01:24:30,0.6883796590989462,0
3784,0631,1,2026-06-14 01:24:30,0.6883796590989462,0
3785,0711,1,2026-06-14 01:24:30,0.7926303133177736,0
3786,0750,1,2026-06-14 01:24:30,1.0000000000000000,0
3787,0362,1,2026-06-14 01:24:40,0.1819789235448052,0
3788,0394,1,2026-06-14 01:24:40,0.6883796590989462,0
3789,0631,1,2026-06-14 01:24:40,0.6883796590989462,0
3790,0750,1,2026-06-14 01:24:40,1.0000000000000000,0
3791,0750,1,2026-06-14 01:24:50,1.0000000000000000,0
3792,0750,1,2026-06-14 01:25:00,1.0000000000000000,0
3793,0750,1,2026-06-14 01:25:10,1.0000000000000000,0
3794,0920,1,2026-06-14 01:29:50,1.0000000000000000,0
3795,0124,1,2026-06-14 01:30:00,0.0599052266779829,0
3796,0920,1,2026-06-14 01:30:00,1.0000000000000000,0
3797,0124,1,2026-06-14 01:30:10,0.0599052266779829,0
3798,0699,1,2026-06-14 01:30:10,0.2745597284107787,0
3799,0773,1,2026-06-14 01:30:10,0.3688379659098946,0
3800,0920,1,2026-06-14 01:30:10,1.0000000000000000,0
3801,0124,1,2026-06-14 01:30:20,0.0599052266779829,0
3802,0699,1,2026-06-14 01:30:20,0.2745597284107787,0
3803,0773,1,2026-06-14 01:30:20,0.3688379659098946,0
3804,0920,1,2026-06-14 01:30:20,1.0000000000000000,0
3805,0124,1,2026-06-14 01:30:30,0.0599052266779829,0
3806,0699,1,2026-06-14 01:30:30,0.2745597284107787,0
3807,0773,1,2026-06-14 01:30:30,0.3688379659098946,0
3808,0920,1,2026-06-14 01:30:30,1.0000000000000000,0
3809,0124,1,2026-06-14 01:30:40,0.0599052266779829,0
3810,0699,1,2026-06-14 01:30:40,0.2745597284107787,0
3811,0773,1,2026-06-14 01:30:40,0.3688379659098946,0
3812,0920,1,2026-06-14 01:30:40,1.0000000000000000,0
3813,0124,1,2026-06-14 01:30:50,0.0599052266779829,0
3814,0699,1,2026-06-14 01:30:50,0.2745597284107787,0
3815,0773,1,2026-06-14 01:30:50,0.3688379659098946,0
3816,0920,1,2026-06-14 01:30:50,1.0000000000000000,0
3817,0124,1,2026-06-14 01:31:00,0.0599052266779829,0
3818,0699,1,2026-06-14 01:31:00,0.2745597284107787,0
3819,0773,1,2026-06-14 01:31:00,0.3688379659098946,0
3820,0920,1,2026-06-14 01:31:00,1.0000000000000000,0
3821,0124,1,2026-06-14 01:31:10,0.0599052266779829,0
3822,0699,1,2026-06-14 01:31:10,0.2745597284107787,0
3823,0773,1,2026-06-14 01:31:10,0.3688379659098946,0
3824,0920,1,2026-06-14 01:31:10,1.0000000000000000,0
3825,0124,1,2026-06-14 01:31:20,0.0599052266779829,0
3826,0699,1,2026-06-14 01:31:20,0.2745597284107787,0
3827,0773,1,2026-06-14 01:31:20,0.3688379659098946,0
3828,0920,1,2026-06-14 01:31:20,1.0000000000000000,0
3829,0124,1,2026-06-14 01:31:30,0.0599052266779829,0
3830,0699,1,2026-06-14 01:31:30,0.2745597284107787,0
3831,0773,1,2026-06-14 01:31:30,0.3688379659098946,0
3832,0920,1,2026-06-14 01:31:30,1.0000000000000000,0
3833,0124,1,2026-06-14 01:31:40,0.0599052266779829,0
3834,0699,1,2026-06-14 01:31:40,0.2745597284107787,0
3835,0773,1,2026-06-14 01:31:40,0.3688379659098946,0
3836,0699,1,2026-06-14 01:31:50,0.2745597284107787,0
3837,0773,1,2026-06-14 01:31:50,0.3688379659098946,0
3838,0773,1,2026-06-14 01:32:00,0.3688379659098946,1
3839,0295,1,2026-06-14 01:32:10,0.6120659169672537,0
3840,0295,1,2026-06-14 01:32:20,0.6120659169672537,0
3841,0295,1,2026-06-14 01:32:30,0.6120659169672537,0
3842,0295,1,2026-06-14 01:32:40,0.6120659169672537,0
3843,0295,1,2026-06-14 01:32:50,0.6120659169672537,0
3844,0295,1,2026-06-14 01:33:00,0.6120659169672537,0
3845,0295,1,2026-06-14 01:33:10,0.6120659169672537,0
3846,0295,1,2026-06-14 01:33:20,0.6120659169672537,0
3847,0295,1,2026-06-14 01:33:30,0.6120659169672537,0
3848,0295,1,2026-06-14 01:33:40,0.6120659169672537,0
3849,0295,1,2026-06-14 01:33:50,0.6120659169672537,0
3850,0906,1,2026-06-14 02:59:40,0.5542824810806988,0
3851,0906,1,2026-06-14 02:59:50,0.5542824810806988,0
3852,0906,1,2026-06-14 03:00:00,0.5542824810806988,0
3853,0829,1,2026-06-14 03:00:10,0.4693401230638659,0
3854,0906,1,2026-06-14 03:00:10,0.5542824810806988,0
3855,0829,1,2026-06-14 03:00:20,0.4693401230638659,0
3856,0906,1,2026-06-14 03:00:20,0.5542824810806988,0
3857,0829,1,2026-06-14 03:00:30,0.4693401230638659,0
3858,0906,1,2026-06-14 03:00:30,0.5542824810806988,0
3859,0829,1,2026-06-14 03:00:40,0.4693401230638659,0
3860,0906,1,2026-06-14 03:00:40,0.5542824810806988,0
3861,0829,1,2026-06-14 03:00:50,0.4693401230638659,0
3862,0906,1,2026-06-14 03:00:50,0.5542824810806988,0
3863,0829,1,2026-06-14 03:01:00,0.4693401230638659,0
3864,0906,1,2026-06-14 03:01:00,0.5542824810806988,0
3865,0075,1,2026-06-14 03:01:10,0.6883796590989462,0
3866,0829,1,2026-06-14 03:01:10,0.4693401230638659,1
3867,0906,1,2026-06-14 03:01:10,0.5542824810806988,0
3868,0075,1,2026-06-14 03:01:20,0.6883796590989462,0
3869,0191,1,2026-06-14 03:01:20,0.1819789235448052,0
3870,0719,1,2026-06-14 03:01:20,0.3688379659098946,0
3871,0829,1,2026-06-14 03:01:20,0.4693401230638659,0
3872,0075,1,2026-06-14 03:01:30,0.6883796590989462,1
3873,0191,1,2026-06-14 03:01:30,0.1819789235448052,0
3874,0526,1,2026-06-14 03:01:30,1.0000000000000000,0
3875,0719,1,2026-06-14 03:01:30,0.3688379659098946,0
3876,0829,1,2026-06-14 03:01:30,0.4693401230638659,0
3877,0075,1,2026-06-14 03:01:40,0.6883796590989462,0
3878,0191,1,2026-06-14 03:01:40,0.1819789235448052,0
3879,0526,1,2026-06-14 03:01:40,1.0000000000000000,0
3880,0719,1,2026-06-14 03:01:40,0.3688379659098946,0
3881,0817,1,2026-06-14 03:01:40,0.3688379659098946,0
3882,0829,1,2026-06-14 03:01:40,0.4693401230638659,0
3883,0075,1,2026-06-14 03:01:50,0.6883796590989462,0
3884,0191,1,2026-06-14 03:01:50,0.1819789235448052,0
3885,0526,1,2026-06-14 03:01:50,1.0000000000000000,0
3886,0719,1,2026-06-14 03:01:50,0.3688379659098946,0
3887,0817,1,2026-06-14 03:01:50,0.3688379659098946,0
3888,0829,1,2026-06-14 03:01:50,0.4693401230638659,0
3889,0932,1,2026-06-14 03:01:50,0.1182544734422519,0
3890,0075,1,2026-06-14 03:02:00,0.6883796590989462,0
3891,0191,1,2026-06-14 03:02:00,0.1819789235448052,0
3892,0526,1,2026-06-14 03:02:00,1.0000000000000000,0
3893,0719,1,2026-06-14 03:02:00,0.3688379659098946,0
3894,0817,1,2026-06-14 03:02:00,0.3688379659098946,0
3895,0829,1,2026-06-14 03:02:00,0.4693401230638659,0
3896,0932,1,2026-06-14 03:02:00,0.1182544734422519,0
3897,0075,1,2026-06-14 03:02:10,0.6883796590989462,0
3898,0191,1,2026-06-14 03:02:10,0.1819789235448052,0
3899,0526,1,2026-06-14 03:02:10,1.0000000000000000,1
3900,0719,1,2026-06-14 03:02:10,0.3688379659098946,0
3901,0817,1,2026-06-14 03:02:10,0.3688379659098946,0
3902,0932,1,2026-06-14 03:02:10,0.1182544734422519,0
3903,0075,1,2026-06-14 03:02:20,0.6883796590989462,0
3904,0191,1,2026-06-14 03:02:20,0.1819789235448052,0
3905,0321,1,2026-06-14 03:02:20,0.9304759884008770,0
3906,0526,1,2026-06-14 03:02:20,1.0000000000000000,0
3907,0719,1,2026-06-14 03:02:20,0.3688379659098946,0
3908,0817,1,2026-06-14 03:02:20,0.3688379659098946,0
3909,0866,1,2026-06-14 03:02:20,0.1819789235448052,0
3910,0932,1,2026-06-14 03:02:20,0.1182544734422519,0
3911,0075,1,2026-06-14 03:02:30,0.6883796590989462,0
3912,0191,1,2026-06-14 03:02:30,0.1819789235448052,0
3913,0321,1,2026-06-14 03:02:30,0.9304759884008770,1
3914,0526,1,2026-06-14 03:02:30,1.0000000000000000,0
3915,0719,1,2026-06-14 03:02:30,0.3688379659098946,0
3916,0799,1,2026-06-14 03:02:30,0.7926303133177736,0
3917,0817,1,2026-06-14 03:02:30,0.3688379659098946,0
3918,0866,1,2026-06-14 03:02:30,0.1819789235448052,0
3919,0932,1,2026-06-14 03:02:30,0.1182544734422519,0
3920,0075,1,2026-06-14 03:02:40,0.6883796590989462,0
3921,0191,1,2026-06-14 03:02:40,0.1819789235448052,0
3922,0321,1,2026-06-14 03:02:40,0.9304759884008770,0
3923,0526,1,2026-06-14 03:02:40,1.0000000000000000,0
3924,0592,1,2026-06-14 03:02:40,0.6883796590989462,0
3925,0719,1,2026-06-14 03:02:40,0.3688379659098946,0
3926,0799,1,2026-06-14 03:02:40,0.7926303133177736,0
3927,0866,1,2026-06-14 03:02:40,0.1819789235448052,1
3928,0932,1,2026-06-14 03:02:40,0.1182544734422519,0
3929,0075,1,2026-06-14 03:02:50,0.6883796590989462,0
3930,0321,1,2026-06-14 03:02:50,0.9304759884008770,0
3931,0526,1,2026-06-14 03:02:50,1.0000000000000000,0
3932,0592,1,2026-06-14 03:02:50,0.6883796590989462,0
3933,0719,1,2026-06-14 03:02:50,0.3688379659098946,0
3934,0799,1,2026-06-14 03:02:50,0.7926303133177736,0
3935,0826,1,2026-06-14 03:02:50,0.2745597284107787,0
3936,0866,1,2026-06-14 03:02:50,0.1819789235448052,0
3937,0932,1,2026-06-14 03:02:50,0.1182544734422519,0
3938,0321,1,2026-06-14 03:03:00,0.9304759884008770,0
3939,0365,1,2026-06-14 03:03:00,0.2745597284107787,0
3940,0592,1,2026-06-14 03:03:00,0.6883796590989462,0
3941,0799,1,2026-06-14 03:03:00,0.7926303133177736,0
3942,0826,1,2026-06-14 03:03:00,0.2745597284107787,0
3943,0866,1,2026-06-14 03:03:00,0.1819789235448052,0
3944,0876,1,2026-06-14 03:03:00,0.1819789235448052,0
3945,0932,1,2026-06-14 03:03:00,0.1182544734422519,0
3946,0321,1,2026-06-14 03:03:10,0.9304759884008770,0
3947,0365,1,2026-06-14 03:03:10,0.2745597284107787,0
3948,0592,1,2026-06-14 03:03:10,0.6883796590989462,0
3949,0799,1,2026-06-14 03:03:10,0.7926303133177736,1
3950,0826,1,2026-06-14 03:03:10,0.2745597284107787,0
3951,0866,1,2026-06-14 03:03:10,0.1819789235448052,0
3952,0876,1,2026-06-14 03:03:10,0.1819789235448052,0
3953,0932,1,2026-06-14 03:03:10,0.1182544734422519,0
3954,0211,1,2026-06-14 03:03:20,0.6883796590989462,0
3955,0321,1,2026-06-14 03:03:20,0.9304759884008770,0
3956,0365,1,2026-06-14 03:03:20,0.2745597284107787,1
3957,0592,1,2026-06-14 03:03:20,0.6883796590989462,0
3958,0799,1,2026-06-14 03:03:20,0.7926303133177736,0
3959,0826,1,2026-06-14 03:03:20,0.2745597284107787,0
3960,0866,1,2026-06-14 03:03:20,0.1819789235448052,0
3961,0876,1,2026-06-14 03:03:20,0.1819789235448052,0
3962,0932,1,2026-06-14 03:03:20,0.1182544734422519,0
3963,0211,1,2026-06-14 03:03:30,0.6883796590989462,0
3964,0321,1,2026-06-14 03:03:30,0.9304759884008770,0
3965,0365,1,2026-06-14 03:03:30,0.2745597284107787,0
3966,0457,1,2026-06-14 03:03:30,0.6120659169672537,0
3967,0592,1,2026-06-14 03:03:30,0.6883796590989462,0
3968,0598,1,2026-06-14 03:03:30,0.1182544734422519,0
3969,0799,1,2026-06-14 03:03:30,0.7926303133177736,0
3970,0826,1,2026-06-14 03:03:30,0.2745597284107787,0
3971,0866,1,2026-06-14 03:03:30,0.1819789235448052,0
3972,0876,1,2026-06-14 03:03:30,0.1819789235448052,0
3973,0932,1,2026-06-14 03:03:30,0.1182544734422519,0
3974,0211,1,2026-06-14 03:03:40,0.6883796590989462,0
3975,0321,1,2026-06-14 03:03:40,0.9304759884008770,0
3976,0365,1,2026-06-14 03:03:40,0.2745597284107787,0
3977,0457,1,2026-06-14 03:03:40,0.6120659169672537,0
3978,0592,1,2026-06-14 03:03:40,0.6883796590989462,0
3979,0598,1,2026-06-14 03:03:40,0.1182544734422519,0
3980,0799,1,2026-06-14 03:03:40,0.7926303133177736,0
3981,0826,1,2026-06-14 03:03:40,0.2745597284107787,0
3982,0866,1,2026-06-14 03:03:40,0.1819789235448052,0
3983,0876,1,2026-06-14 03:03:40,0.1819789235448052,0
3984,0211,1,2026-06-14 03:03:50,0.6883796590989462,1
3985,0321,1,2026-06-14 03:03:50,0.9304759884008770,0
3986,0365,1,2026-06-14 03:03:50,0.2745597284107787,0
3987,0457,1,2026-06-14 03:03:50,0.6120659169672537,0
3988,0598,1,2026-06-14 03:03:50,0.1182544734422519,0
3989,0799,1,2026-06-14 03:03:50,0.7926303133177736,0
3990,0826,1,2026-06-14 03:03:50,0.2745597284107787,0
3991,0866,1,2026-06-14 03:03:50,0.1819789235448052,0
3992,0876,1,2026-06-14 03:03:50,0.1819789235448052,0
3993,0211,1,2026-06-14 03:04:00,0.6883796590989462,0
3994,0321,1,2026-06-14 03:04:00,0.9304759884008770,0
3995,0365,1,2026-06-14 03:04:00,0.2745597284107787,0
3996,0457,1,2026-06-14 03:04:00,0.6120659169672537,1
3997,0598,1,2026-06-14 03:04:00,0.1182544734422519,0
3998,0799,1,2026-06-14 03:04:00,0.7926303133177736,0
3999,0826,1,2026-06-14 03:04:00,0.2745597284107787,0
4000,0866,1,2026-06-14 03:04:00,0.1819789235448052,0
4001,0876,1,2026-06-14 03:04:00,0.1819789235448052,0
4002,0211,1,2026-06-14 03:04:10,0.6883796590989462,0
4003,0321,1,2026-06-14 03:04:10,0.9304759884008770,0
4004,0365,1,2026-06-14 03:04:10,0.2745597284107787,0
4005,0457,1,2026-06-14 03:04:10,0.6120659169672537,0
4006,0598,1,2026-06-14 03:04:10,0.1182544734422519,0
4007,0799,1,2026-06-14 03:04:10,0.7926303133177736,0
4008,0826,1,2026-06-14 03:04:10,0.2745597284107787,0
4009,0866,1,2026-06-14 03:04:10,0.1819789235448052,0
4010,0876,1,2026-06-14 03:04:10,0.1819789235448052,0
4011,0211,1,2026-06-14 03:04:20,0.6883796590989462,0
4012,0365,1,2026-06-14 03:04:20,0.2745597284107787,0
4013,0457,1,2026-06-14 03:04:20,0.6120659169672537,0
4014,0598,1,2026-06-14 03:04:20,0.1182544734422519,0
4015,0826,1,2026-06-14 03:04:20,0.2745597284107787,0
4016,0876,1,2026-06-14 03:04:20,0.1819789235448052,0
4017,0955,1,2026-06-14 03:04:20,0.3688379659098946,0
4018,0211,1,2026-06-14 03:04:30,0.6883796590989462,0
4019,0293,1,2026-06-14 03:04:30,0.6120659169672537,0
4020,0365,1,2026-06-14 03:04:30,0.2745597284107787,0
4021,0457,1,2026-06-14 03:04:30,0.6120659169672537,0
4022,0826,1,2026-06-14 03:04:30,0.2745597284107787,0
4023,0876,1,2026-06-14 03:04:30,0.1819789235448052,0
4024,0900,1,2026-06-14 03:04:30,0.3688379659098946,0
4025,0955,1,2026-06-14 03:04:30,0.3688379659098946,0
4026,0293,1,2026-06-14 03:04:40,0.6120659169672537,1
4027,0365,1,2026-06-14 03:04:40,0.2745597284107787,0
4028,0826,1,2026-06-14 03:04:40,0.2745597284107787,0
4029,0876,1,2026-06-14 03:04:40,0.1819789235448052,0
4030,0900,1,2026-06-14 03:04:40,0.3688379659098946,0
4031,0955,1,2026-06-14 03:04:40,0.3688379659098946,0
4032,0293,1,2026-06-14 03:04:50,0.6120659169672537,0
4033,0473,1,2026-06-14 03:04:50,1.0000000000000000,0
4034,0900,1,2026-06-14 03:04:50,0.3688379659098946,0
4035,0955,1,2026-06-14 03:04:50,0.3688379659098946,0
4036,0293,1,2026-06-14 03:05:00,0.6120659169672537,0
4037,0473,1,2026-06-14 03:05:00,1.0000000000000000,0
4038,0900,1,2026-06-14 03:05:00,0.3688379659098946,0
4039,0955,1,2026-06-14 03:05:00,0.3688379659098946,0
4040,0293,1,2026-06-14 03:05:10,0.6120659169672537,0
4041,0473,1,2026-06-14 03:05:10,1.0000000000000000,0
4042,0900,1,2026-06-14 03:05:10,0.3688379659098946,0
4043,0955,1,2026-06-14 03:05:10,0.3688379659098946,1
4044,0293,1,2026-06-14 03:05:20,0.6120659169672537,0
4045,0473,1,2026-06-14 03:05:20,1.0000000000000000,0
4046,0900,1,2026-06-14 03:05:20,0.3688379659098946,0
4047,0955,1,2026-06-14 03:05:20,0.3688379659098946,0
4048,0293,1,2026-06-14 03:05:30,0.6120659169672537,0
4049,0473,1,2026-06-14 03:05:30,1.0000000000000000,0
4050,0900,1,2026-06-14 03:05:30,0.3688379659098946,0
4051,0955,1,2026-06-14 03:05:30,0.3688379659098946,0
4052,0293,1,2026-06-14 03:05:40,0.6120659169672537,0
4053,0473,1,2026-06-14 03:05:40,1.0000000000000000,0
4054,0900,1,2026-06-14 03:05:40,0.3688379659098946,1
4055,0955,1,2026-06-14 03:05:40,0.3688379659098946,0
4056,0293,1,2026-06-14 03:05:50,0.6120659169672537,0
4057,0473,1,2026-06-14 03:05:50,1.0000000000000000,0
4058,0900,1,2026-06-14 03:05:50,0.3688379659098946,0
4059,0293,1,2026-06-14 03:06:00,0.6120659169672537,0
4060,0343,1,2026-06-14 03:06:00,0.4693401230638659,0
4061,0473,1,2026-06-14 03:06:00,1.0000000000000000,0
4062,0656,1,2026-06-14 03:06:00,0.3688379659098946,0
4063,0900,1,2026-06-14 03:06:00,0.3688379659098946,0
4064,0078,1,2026-06-14 03:06:10,0.5542824810806988,0
4065,0293,1,2026-06-14 03:06:10,0.6120659169672537,0
4066,0343,1,2026-06-14 03:06:10,0.4693401230638659,0
4067,0473,1,2026-06-14 03:06:10,1.0000000000000000,0
4068,0656,1,2026-06-14 03:06:10,0.3688379659098946,0
4069,0900,1,2026-06-14 03:06:10,0.3688379659098946,0
4070,0078,1,2026-06-14 03:06:20,0.5542824810806988,0
4071,0343,1,2026-06-14 03:06:20,0.4693401230638659,0
4072,0473,1,2026-06-14 03:06:20,1.0000000000000000,0
4073,0656,1,2026-06-14 03:06:20,0.3688379659098946,0
4074,0078,1,2026-06-14 03:06:30,0.5542824810806988,0
4075,0343,1,2026-06-14 03:06:30,0.4693401230638659,0
4076,0473,1,2026-06-14 03:06:30,1.0000000000000000,0
4077,0656,1,2026-06-14 03:06:30,0.3688379659098946,0
4078,0078,1,2026-06-14 03:06:40,0.5542824810806988,0
4079,0343,1,2026-06-14 03:06:40,0.4693401230638659,0
4080,0656,1,2026-06-14 03:06:40,0.3688379659098946,0
4081,0078,1,2026-06-14 03:06:50,0.5542824810806988,1
4082,0343,1,2026-06-14 03:06:50,0.4693401230638659,0
4083,0656,1,2026-06-14 03:06:50,0.3688379659098946,0
4084,0078,1,2026-06-14 03:07:00,0.5542824810806988,0
4085,0343,1,2026-06-14 03:07:00,0.4693401230638659,0
4086,0656,1,2026-06-14 03:07:00,0.3688379659098946,0
4087,0078,1,2026-06-14 03:07:10,0.5542824810806988,0
4088,0343,1,2026-06-14 03:07:10,0.4693401230638659,0
4089,0656,1,2026-06-14 03:07:10,0.3688379659098946,0
4090,0078,1,2026-06-14 03:07:20,0.5542824810806988,1
4091,0343,1,2026-06-14 03:07:20,0.4693401230638659,0
4092,0656,1,2026-06-14 03:07:20,0.3688379659098946,0
4093,0078,1,2026-06-14 03:07:30,0.5542824810806988,0
4094,0343,1,2026-06-14 03:07:30,0.4693401230638659,0
4095,0656,1,2026-06-14 03:07:30,0.3688379659098946,0
4096,0078,1,2026-06-14 03:07:40,0.5542824810806988,0
4097,0343,1,2026-06-14 03:07:40,0.4693401230638659,1
4098,0656,1,2026-06-14 03:07:40,0.3688379659098946,0
4099,0078,1,2026-06-14 03:07:50,0.5542824810806988,0
4100,0292,1,2026-06-14 03:09:30,1.0000000000000000,1
4101,0749,1,2026-06-14 03:09:30,0.6883796590989462,0
4102,0292,1,2026-06-14 03:09:40,1.0000000000000000,0
4103,0641,1,2026-06-14 03:09:40,0.0599052266779829,0
4104,0749,1,2026-06-14 03:09:40,0.6883796590989462,0
4105,0219,1,2026-06-14 03:09:50,0.4693401230638659,0
4106,0292,1,2026-06-14 03:09:50,1.0000000000000000,0
4107,0641,1,2026-06-14 03:09:50,0.0599052266779829,0
4108,0749,1,2026-06-14 03:09:50,0.6883796590989462,0
4109,0219,1,2026-06-14 03:10:00,0.4693401230638659,0
4110,0292,1,2026-06-14 03:10:00,1.0000000000000000,0
4111,0641,1,2026-06-14 03:10:00,0.0599052266779829,0
4112,0749,1,2026-06-14 03:10:00,0.6883796590989462,0
4113,0219,1,2026-06-14 03:10:10,0.4693401230638659,0
4114,0292,1,2026-06-14 03:10:10,1.0000000000000000,0
4115,0641,1,2026-06-14 03:10:10,0.0599052266779829,0
4116,0749,1,2026-06-14 03:10:10,0.6883796590989462,0
4117,0914,1,2026-06-14 03:10:10,0.9304759884008770,0
4118,0219,1,2026-06-14 03:10:20,0.4693401230638659,0
4119,0292,1,2026-06-14 03:10:20,1.0000000000000000,0
4120,0641,1,2026-06-14 03:10:20,0.0599052266779829,0
4121,0749,1,2026-06-14 03:10:20,0.6883796590989462,0
4122,0914,1,2026-06-14 03:10:20,0.9304759884008770,0
4123,0219,1,2026-06-14 03:10:30,0.4693401230638659,0
4124,0292,1,2026-06-14 03:10:30,1.0000000000000000,0
4125,0354,1,2026-06-14 03:10:30,0.6120659169672537,0
4126,0641,1,2026-06-14 03:10:30,0.0599052266779829,0
4127,0749,1,2026-06-14 03:10:30,0.6883796590989462,0
4128,0800,1,2026-06-14 03:10:30,0.7926303133177736,0
4129,0914,1,2026-06-14 03:10:30,0.9304759884008770,0
4130,0219,1,2026-06-14 03:10:40,0.4693401230638659,0
4131,0292,1,2026-06-14 03:10:40,1.0000000000000000,0
4132,0354,1,2026-06-14 03:10:40,0.6120659169672537,0
4133,0641,1,2026-06-14 03:10:40,0.0599052266779829,0
4134,0749,1,2026-06-14 03:10:40,0.6883796590989462,0
4135,0800,1,2026-06-14 03:10:40,0.7926303133177736,0
4136,0914,1,2026-06-14 03:10:40,0.9304759884008770,0
4137,0219,1,2026-06-14 03:10:50,0.4693401230638659,0
4138,0292,1,2026-06-14 03:10:50,1.0000000000000000,0
4139,0354,1,2026-06-14 03:10:50,0.6120659169672537,0
4140,0641,1,2026-06-14 03:10:50,0.0599052266779829,0
4141,0749,1,2026-06-14 03:10:50,0.6883796590989462,0
4142,0800,1,2026-06-14 03:10:50,0.7926303133177736,1
4143,0914,1,2026-06-14 03:10:50,0.9304759884008770,0
4144,0219,1,2026-06-14 03:11:00,0.4693401230638659,0
4145,0354,1,2026-06-14 03:11:00,0.6120659169672537,0
4146,0641,1,2026-06-14 03:11:00,0.0599052266779829,0
4147,0749,1,2026-06-14 03:11:00,0.6883796590989462,0
4148,0800,1,2026-06-14 03:11:00,0.7926303133177736,0
4149,0914,1,2026-06-14 03:11:00,0.9304759884008770,0
4150,0219,1,2026-06-14 03:11:10,0.4693401230638659,0
4151,0354,1,2026-06-14 03:11:10,0.6120659169672537,0
4152,0641,1,2026-06-14 03:11:10,0.0599052266779829,0
4153,0749,1,2026-06-14 03:11:10,0.6883796590989462,0
4154,0800,1,2026-06-14 03:11:10,0.7926303133177736,1
4155,0914,1,2026-06-14 03:11:10,0.9304759884008770,0
4156,0219,1,2026-06-14 03:11:20,0.4693401230638659,0
4157,0354,1,2026-06-14 03:11:20,0.6120659169672537,0
4158,0641,1,2026-06-14 03:11:20,0.0599052266779829,0
4159,0800,1,2026-06-14 03:11:20,0.7926303133177736,0
4160,0914,1,2026-06-14 03:11:20,0.9304759884008770,0
4161,0219,1,2026-06-14 03:11:30,0.4693401230638659,0
4162,0354,1,2026-06-14 03:11:30,0.6120659169672537,0
4163,0641,1,2026-06-14 03:11:30,0.0599052266779829,0
4164,0870,1,2026-06-14 03:11:30,0.7926303133177736,0
4165,0914,1,2026-06-14 03:11:30,0.9304759884008770,1
4166,0219,1,2026-06-14 03:11:40,0.4693401230638659,0
4167,0354,1,2026-06-14 03:11:40,0.6120659169672537,0
4168,0870,1,2026-06-14 03:11:40,0.7926303133177736,0
4169,0914,1,2026-06-14 03:11:40,0.9304759884008770,0
4170,0354,1,2026-06-14 03:11:50,0.6120659169672537,0
4171,0870,1,2026-06-14 03:11:50,0.7926303133177736,0
4172,0914,1,2026-06-14 03:11:50,0.9304759884008770,0
4173,0354,1,2026-06-14 03:12:00,0.6120659169672537,0
4174,0870,1,2026-06-14 03:12:00,0.7926303133177736,0
4175,0354,1,2026-06-14 03:12:10,0.6120659169672537,1
4176,0870,1,2026-06-14 03:12:10,0.7926303133177736,0
4177,0870,1,2026-06-14 03:12:20,0.7926303133177736,0
4178,0870,1,2026-06-14 03:12:30,0.7926303133177736,0
4179,0342,1,2026-06-14 04:33:50,0.4693401230638659,1
4180,0342,1,2026-06-14 04:34:00,0.4693401230638659,1
4181,0342,1,2026-06-14 04:34:10,0.4693401230638659,0
4182,0469,1,2026-06-14 04:34:10,0.5542824810806988,0
4183,0342,1,2026-06-14 04:34:20,0.4693401230638659,0
4184,0469,1,2026-06-14 04:34:20,0.5542824810806988,0
4185,0342,1,2026-06-14 04:34:30,0.4693401230638659,0
4186,0469,1,2026-06-14 04:34:30,0.5542824810806988,0
4187,0577,1,2026-06-14 04:34:30,0.8562133107008982,0
4188,0328,1,2026-06-14 04:34:40,0.7926303133177736,0
4189,0342,1,2026-06-14 04:34:40,0.4693401230638659,0
4190,0469,1,2026-06-14 04:34:40,0.5542824810806988,0
4191,0577,1,2026-06-14 04:34:40,0.8562133107008982,0
4192,0328,1,2026-06-14 04:34:50,0.7926303133177736,0
4193,0342,1,2026-06-14 04:34:50,0.4693401230638659,0
4194,0469,1,2026-06-14 04:34:50,0.5542824810806988,0
4195,0507,1,2026-06-14 04:34:50,0.6120659169672537,0
4196,0577,1,2026-06-14 04:34:50,0.8562133107008982,0
4197,0328,1,2026-06-14 04:35:00,0.7926303133177736,0
4198,0342,1,2026-06-14 04:35:00,0.4693401230638659,0
4199,0469,1,2026-06-14 04:35:00,0.5542824810806988,0
4200,0507,1,2026-06-14 04:35:00,0.6120659169672537,0
4201,0577,1,2026-06-14 04:35:00,0.8562133107008982,0
4202,0328,1,2026-06-14 04:35:10,0.7926303133177736,0
4203,0342,1,2026-06-14 04:35:10,0.4693401230638659,0
4204,0469,1,2026-06-14 04:35:10,0.5542824810806988,0
4205,0507,1,2026-06-14 04:35:10,0.6120659169672537,0
4206,0577,1,2026-06-14 04:35:10,0.8562133107008982,0
4207,0328,1,2026-06-14 04:35:20,0.7926303133177736,0
4208,0342,1,2026-06-14 04:35:20,0.4693401230638659,0
4209,0469,1,2026-06-14 04:35:20,0.5542824810806988,0
4210,0507,1,2026-06-14 04:35:20,0.6120659169672537,0
4211,0577,1,2026-06-14 04:35:20,0.8562133107008982,0
4212,0328,1,2026-06-14 04:35:30,0.7926303133177736,0
4213,0342,1,2026-06-14 04:35:30,0.4693401230638659,0
4214,0469,1,2026-06-14 04:35:30,0.5542824810806988,0
4215,0507,1,2026-06-14 04:35:30,0.6120659169672537,0
4216,0577,1,2026-06-14 04:35:30,0.8562133107008982,0
4217,0328,1,2026-06-14 04:35:40,0.7926303133177736,0
4218,0342,1,2026-06-14 04:35:40,0.4693401230638659,0
4219,0507,1,2026-06-14 04:35:40,0.6120659169672537,0
4220,0577,1,2026-06-14 04:35:40,0.8562133107008982,0
4221,0328,1,2026-06-14 04:35:50,0.7926303133177736,0
4222,0507,1,2026-06-14 04:35:50,0.6120659169672537,0
4223,0577,1,2026-06-14 04:35:50,0.8562133107008982,0
4224,0328,1,2026-06-14 04:36:00,0.7926303133177736,0
4225,0507,1,2026-06-14 04:36:00,0.6120659169672537,0
4226,0577,1,2026-06-14 04:36:00,0.8562133107008982,0
4227,0328,1,2026-06-14 04:36:10,0.7926303133177736,0
4228,0507,1,2026-06-14 04:36:10,0.6120659169672537,0
4229,0577,1,2026-06-14 04:36:10,0.8562133107008982,0
4230,0328,1,2026-06-14 04:36:20,0.7926303133177736,0
4231,0507,1,2026-06-14 04:36:20,0.6120659169672537,0
4232,0577,1,2026-06-14 04:36:20,0.8562133107008982,0
4233,0328,1,2026-06-14 04:36:30,0.7926303133177736,0
4234,0507,1,2026-06-14 04:36:30,0.6120659169672537,0
4235,0701,1,2026-06-14 04:38:00,0.8562133107008982,0
4236,0701,1,2026-06-14 04:38:10,0.8562133107008982,0
4237,0701,1,2026-06-14 04:38:20,0.8562133107008982,1
4238,0701,1,2026-06-14 04:38:30,0.8562133107008982,0
4239,0761,1,2026-06-14 04:38:30,0.3688379659098946,0
4240,0701,1,2026-06-14 04:38:40,0.8562133107008982,0
4241,0761,1,2026-06-14 04:38:40,0.3688379659098946,0
4242,0701,1,2026-06-14 04:38:50,0.8562133107008982,0
4243,0761,1,2026-06-14 04:38:50,0.3688379659098946,0
4244,0701,1,2026-06-14 04:39:00,0.8562133107008982,0
4245,0761,1,2026-06-14 04:39:00,0.3688379659098946,0
4246,0701,1,2026-06-14 04:39:10,0.8562133107008982,0
4247,0761,1,2026-06-14 04:39:10,0.3688379659098946,1
4248,0701,1,2026-06-14 04:39:20,0.8562133107008982,0
4249,0761,1,2026-06-14 04:39:20,0.3688379659098946,0
4250,0701,1,2026-06-14 04:39:30,0.8562133107008982,0
4251,0761,1,2026-06-14 04:39:30,0.3688379659098946,0
4252,0865,1,2026-06-14 04:39:30,0.8562133107008982,0
4253,0701,1,2026-06-14 04:39:40,0.8562133107008982,0
4254,0761,1,2026-06-14 04:39:40,0.3688379659098946,0
4255,0865,1,2026-06-14 04:39:40,0.8562133107008982,1
4256,0701,1,2026-06-14 04:39:50,0.8562133107008982,0
4257,0761,1,2026-06-14 04:39:50,0.3688379659098946,0
4258,0865,1,2026-06-14 04:39:50,0.8562133107008982,0
4259,0761,1,2026-06-14 04:40:00,0.3688379659098946,0
4260,0865,1,2026-06-14 04:40:00,0.8562133107008982,0
4261,0761,1,2026-06-14 04:40:10,0.3688379659098946,0
4262,0865,1,2026-06-14 04:40:10,0.8562133107008982,0
4263,0865,1,2026-06-14 04:40:20,0.8562133107008982,0
4264,0865,1,2026-06-14 04:40:30,0.8562133107008982,0
4265,0865,1,2026-06-14 04:40:40,0.8562133107008982,0
4266,0865,1,2026-06-14 04:40:50,0.8562133107008982,0
4267,0865,1,2026-06-14 04:41:00,0.8562133107008982,0
4268,0865,1,2026-06-14 04:41:10,0.8562133107008982,0
4269,0039,1,2026-06-14 04:41:20,0.1819789235448052,1
4270,0039,1,2026-06-14 04:41:30,0.1819789235448052,0
4271,0024,1,2026-06-14 04:41:40,0.2745597284107787,0
4272,0039,1,2026-06-14 04:41:40,0.1819789235448052,0
4273,0472,1,2026-06-14 04:41:40,0.7926303133177736,1
4274,0024,1,2026-06-14 04:41:50,0.2745597284107787,0
4275,0039,1,2026-06-14 04:41:50,0.1819789235448052,0
4276,0472,1,2026-06-14 04:41:50,0.7926303133177736,0
4277,0639,1,2026-06-14 04:41:50,0.1819789235448052,0
4278,0737,1,2026-06-14 04:41:50,0.8562133107008982,0
4279,0024,1,2026-06-14 04:42:00,0.2745597284107787,0
4280,0039,1,2026-06-14 04:42:00,0.1819789235448052,0
4281,0472,1,2026-06-14 04:42:00,0.7926303133177736,0
4282,0639,1,2026-06-14 04:42:00,0.1819789235448052,1
4283,0737,1,2026-06-14 04:42:00,0.8562133107008982,0
4284,0024,1,2026-06-14 04:42:10,0.2745597284107787,0
4285,0039,1,2026-06-14 04:42:10,0.1819789235448052,0
4286,0148,1,2026-06-14 04:42:10,0.8562133107008982,0
4287,0370,1,2026-06-14 04:42:10,0.3688379659098946,0
4288,0470,1,2026-06-14 04:42:10,0.1819789235448052,0
4289,0472,1,2026-06-14 04:42:10,0.7926303133177736,0
4290,0639,1,2026-06-14 04:42:10,0.1819789235448052,1
4291,0737,1,2026-06-14 04:42:10,0.8562133107008982,0
4292,0024,1,2026-06-14 04:42:20,0.2745597284107787,0
4293,0039,1,2026-06-14 04:42:20,0.1819789235448052,0
4294,0148,1,2026-06-14 04:42:20,0.8562133107008982,0
4295,0370,1,2026-06-14 04:42:20,0.3688379659098946,0
4296,0470,1,2026-06-14 04:42:20,0.1819789235448052,0
4297,0472,1,2026-06-14 04:42:20,0.7926303133177736,1
4298,0639,1,2026-06-14 04:42:20,0.1819789235448052,0
4299,0647,1,2026-06-14 04:42:20,0.7926303133177736,0
4300,0737,1,2026-06-14 04:42:20,0.8562133107008982,0
4301,0024,1,2026-06-14 04:42:30,0.2745597284107787,0
4302,0039,1,2026-06-14 04:42:30,0.1819789235448052,0
4303,0115,1,2026-06-14 04:42:30,0.1182544734422519,0
4304,0148,1,2026-06-14 04:42:30,0.8562133107008982,0
4305,0370,1,2026-06-14 04:42:30,0.3688379659098946,1
4306,0470,1,2026-06-14 04:42:30,0.1819789235448052,0
4307,0472,1,2026-06-14 04:42:30,0.7926303133177736,0
4308,0647,1,2026-06-14 04:42:30,0.7926303133177736,0
4309,0737,1,2026-06-14 04:42:30,0.8562133107008982,0
4310,0024,1,2026-06-14 04:42:40,0.2745597284107787,0
4311,0115,1,2026-06-14 04:42:40,0.1182544734422519,0
4312,0148,1,2026-06-14 04:42:40,0.8562133107008982,0
4313,0370,1,2026-06-14 04:42:40,0.3688379659098946,0
4314,0470,1,2026-06-14 04:42:40,0.1819789235448052,0
4315,0472,1,2026-06-14 04:42:40,0.7926303133177736,0
4316,0647,1,2026-06-14 04:42:40,0.7926303133177736,0
4317,0737,1,2026-06-14 04:42:40,0.8562133107008982,0
4318,0024,1,2026-06-14 04:42:50,0.2745597284107787,1
4319,0115,1,2026-06-14 04:42:50,0.1182544734422519,0
4320,0148,1,2026-06-14 04:42:50,0.8562133107008982,0
4321,0206,1,2026-06-14 04:42:50,0.8562133107008982,0
4322,0370,1,2026-06-14 04:42:50,0.3688379659098946,0
4323,0470,1,2026-06-14 04:42:50,0.1819789235448052,0
4324,0472,1,2026-06-14 04:42:50,0.7926303133177736,0
4325,0647,1,2026-06-14 04:42:50,0.7926303133177736,0
4326,0737,1,2026-06-14 04:42:50,0.8562133107008982,0
4327,0024,1,2026-06-14 04:43:00,0.2745597284107787,0
4328,0115,1,2026-06-14 04:43:00,0.1182544734422519,0
4329,0148,1,2026-06-14 04:43:00,0.8562133107008982,0
4330,0206,1,2026-06-14 04:43:00,0.8562133107008982,0
4331,0370,1,2026-06-14 04:43:00,0.3688379659098946,1
4332,0470,1,2026-06-14 04:43:00,0.1819789235448052,0
4333,0472,1,2026-06-14 04:43:00,0.7926303133177736,0
4334,0647,1,2026-06-14 04:43:00,0.7926303133177736,0
4335,0737,1,2026-06-14 04:43:00,0.8562133107008982,0
4336,0115,1,2026-06-14 04:43:10,0.1182544734422519,0
4337,0148,1,2026-06-14 04:43:10,0.8562133107008982,0
4338,0206,1,2026-06-14 04:43:10,0.8562133107008982,0
4339,0370,1,2026-06-14 04:43:10,0.3688379659098946,0
4340,0470,1,2026-06-14 04:43:10,0.1819789235448052,0
4341,0472,1,2026-06-14 04:43:10,0.7926303133177736,0
4342,0647,1,2026-06-14 04:43:10,0.7926303133177736,0
4343,0737,1,2026-06-14 04:43:10,0.8562133107008982,0
4344,0115,1,2026-06-14 04:43:20,0.1182544734422519,0
4345,0148,1,2026-06-14 04:43:20,0.8562133107008982,0
4346,0206,1,2026-06-14 04:43:20,0.8562133107008982,0
4347,0370,1,2026-06-14 04:43:20,0.3688379659098946,0
4348,0470,1,2026-06-14 04:43:20,0.1819789235448052,0
4349,0472,1,2026-06-14 04:43:20,0.7926303133177736,0
4350,0488,1,2026-06-14 04:43:20,0.9304759884008770,0
4351,0647,1,2026-06-14 04:43:20,0.7926303133177736,0
4352,0737,1,2026-06-14 04:43:20,0.8562133107008982,1
4353,0855,1,2026-06-14 04:43:20,0.7926303133177736,0
4354,0115,1,2026-06-14 04:43:30,0.1182544734422519,0
4355,0148,1,2026-06-14 04:43:30,0.8562133107008982,1
4356,0206,1,2026-06-14 04:43:30,0.8562133107008982,0
4357,0470,1,2026-06-14 04:43:30,0.1819789235448052,0
4358,0488,1,2026-06-14 04:43:30,0.9304759884008770,0
4359,0647,1,2026-06-14 04:43:30,0.7926303133177736,0
4360,0737,1,2026-06-14 04:43:30,0.8562133107008982,0
4361,0855,1,2026-06-14 04:43:30,0.7926303133177736,0
4362,0148,1,2026-06-14 04:43:40,0.8562133107008982,0
4363,0206,1,2026-06-14 04:43:40,0.8562133107008982,0
4364,0470,1,2026-06-14 04:43:40,0.1819789235448052,0
4365,0488,1,2026-06-14 04:43:40,0.9304759884008770,0
4366,0647,1,2026-06-14 04:43:40,0.7926303133177736,0
4367,0855,1,2026-06-14 04:43:40,0.7926303133177736,0
4368,0148,1,2026-06-14 04:43:50,0.8562133107008982,0
4369,0206,1,2026-06-14 04:43:50,0.8562133107008982,0
4370,0470,1,2026-06-14 04:43:50,0.1819789235448052,0
4371,0488,1,2026-06-14 04:43:50,0.9304759884008770,0
4372,0647,1,2026-06-14 04:43:50,0.7926303133177736,1
4373,0855,1,2026-06-14 04:43:50,0.7926303133177736,0
4374,0148,1,2026-06-14 04:44:00,0.8562133107008982,0
4375,0470,1,2026-06-14 04:44:00,0.1819789235448052,0
4376,0488,1,2026-06-14 04:44:00,0.9304759884008770,0
4377,0647,1,2026-06-14 04:44:00,0.7926303133177736,1
4378,0855,1,2026-06-14 04:44:00,0.7926303133177736,0
4379,0488,1,2026-06-14 04:44:10,0.9304759884008770,0
4380,0647,1,2026-06-14 04:44:10,0.7926303133177736,0
4381,0825,1,2026-06-14 04:44:10,0.2745597284107787,0
4382,0855,1,2026-06-14 04:44:10,0.7926303133177736,0
4383,0488,1,2026-06-14 04:44:20,0.9304759884008770,0
4384,0825,1,2026-06-14 04:44:20,0.2745597284107787,0
4385,0855,1,2026-06-14 04:44:20,0.7926303133177736,0
4386,0931,1,2026-06-14 04:44:20,0.9304759884008770,0
4387,0488,1,2026-06-14 04:44:30,0.9304759884008770,0
4388,0825,1,2026-06-14 04:44:30,0.2745597284107787,1
4389,0855,1,2026-06-14 04:44:30,0.7926303133177736,0
4390,0931,1,2026-06-14 04:44:30,0.9304759884008770,0
4391,0346,1,2026-06-14 04:44:40,0.1819789235448052,0
4392,0488,1,2026-06-14 04:44:40,0.9304759884008770,0
4393,0601,1,2026-06-14 04:44:40,0.8562133107008982,1
4394,0825,1,2026-06-14 04:44:40,0.2745597284107787,0
4395,0855,1,2026-06-14 04:44:40,0.7926303133177736,0
4396,0931,1,2026-06-14 04:44:40,0.9304759884008770,0
4397,0950,1,2026-06-14 04:44:40,0.1182544734422519,0
4398,0346,1,2026-06-14 04:44:50,0.1819789235448052,0
4399,0488,1,2026-06-14 04:44:50,0.9304759884008770,0
4400,0601,1,2026-06-14 04:44:50,0.8562133107008982,0
4401,0746,1,2026-06-14 04:44:50,0.2745597284107787,0
4402,0825,1,2026-06-14 04:44:50,0.2745597284107787,0
4403,0855,1,2026-06-14 04:44:50,0.7926303133177736,0
4404,0931,1,2026-06-14 04:44:50,0.9304759884008770,0
4405,0950,1,2026-06-14 04:44:50,0.1182544734422519,0
4406,0300,1,2026-06-14 04:45:00,0.9304759884008770,1
4407,0346,1,2026-06-14 04:45:00,0.1819789235448052,0
4408,0523,1,2026-06-14 04:45:00,0.6883796590989462,0
4409,0601,1,2026-06-14 04:45:00,0.8562133107008982,0
4410,0746,1,2026-06-14 04:45:00,0.2745597284107787,0
4411,0779,1,2026-06-14 04:45:00,1.0000000000000000,0
4412,0814,1,2026-06-14 04:45:00,0.1819789235448052,0
4413,0825,1,2026-06-14 04:45:00,0.2745597284107787,0
4414,0855,1,2026-06-14 04:45:00,0.7926303133177736,0
4415,0931,1,2026-06-14 04:45:00,0.9304759884008770,0
4416,0950,1,2026-06-14 04:45:00,0.1182544734422519,0
4417,0300,1,2026-06-14 04:45:10,0.9304759884008770,0
4418,0346,1,2026-06-14 04:45:10,0.1819789235448052,1
4419,0523,1,2026-06-14 04:45:10,0.6883796590989462,0
4420,0601,1,2026-06-14 04:45:10,0.8562133107008982,0
4421,0746,1,2026-06-14 04:45:10,0.2745597284107787,0
4422,0779,1,2026-06-14 04:45:10,1.0000000000000000,0
4423,0814,1,2026-06-14 04:45:10,0.1819789235448052,0
4424,0825,1,2026-06-14 04:45:10,0.2745597284107787,0
4425,0931,1,2026-06-14 04:45:10,0.9304759884008770,0
4426,0950,1,2026-06-14 04:45:10,0.1182544734422519,0
4427,0300,1,2026-06-14 04:45:20,0.9304759884008770,0
4428,0346,1,2026-06-14 04:45:20,0.1819789235448052,0
4429,0523,1,2026-06-14 04:45:20,0.6883796590989462,1
4430,0601,1,2026-06-14 04:45:20,0.8562133107008982,0
4431,0746,1,2026-06-14 04:45:20,0.2745597284107787,0
4432,0779,1,2026-06-14 04:45:20,1.0000000000000000,0
4433,0814,1,2026-06-14 04:45:20,0.1819789235448052,0
4434,0825,1,2026-06-14 04:45:20,0.2745597284107787,0
4435,0931,1,2026-06-14 04:45:20,0.9304759884008770,0
4436,0950,1,2026-06-14 04:45:20,0.1182544734422519,0
4437,0122,1,2026-06-14 04:45:30,0.1819789235448052,0
4438,0300,1,2026-06-14 04:45:30,0.9304759884008770,1
4439,0346,1,2026-06-14 04:45:30,0.1819789235448052,0
4440,0523,1,2026-06-14 04:45:30,0.6883796590989462,0
4441,0601,1,2026-06-14 04:45:30,0.8562133107008982,0
4442,0746,1,2026-06-14 04:45:30,0.2745597284107787,0
4443,0779,1,2026-06-14 04:45:30,1.0000000000000000,0
4444,0814,1,2026-06-14 04:45:30,0.1819789235448052,0
4445,0825,1,2026-06-14 04:45:30,0.2745597284107787,0
4446,0931,1,2026-06-14 04:45:30,0.9304759884008770,0
4447,0950,1,2026-06-14 04:45:30,0.1182544734422519,0
4448,0122,1,2026-06-14 04:45:40,0.1819789235448052,0
4449,0300,1,2026-06-14 04:45:40,0.9304759884008770,0
4450,0346,1,2026-06-14 04:45:40,0.1819789235448052,0
4451,0523,1,2026-06-14 04:45:40,0.6883796590989462,0
4452,0601,1,2026-06-14 04:45:40,0.8562133107008982,0
4453,0746,1,2026-06-14 04:45:40,0.2745597284107787,0
4454,0779,1,2026-06-14 04:45:40,1.0000000000000000,0
4455,0814,1,2026-06-14 04:45:40,0.1819789235448052,0
4456,0931,1,2026-06-14 04:45:40,0.9304759884008770,0
4457,0950,1,2026-06-14 04:45:40,0.1182544734422519,0
4458,0122,1,2026-06-14 04:45:50,0.1819789235448052,1
4459,0300,1,2026-06-14 04:45:50,0.9304759884008770,0
4460,0346,1,2026-06-14 04:45:50,0.1819789235448052,0
4461,0408,1,2026-06-14 04:45:50,0.4693401230638659,0
4462,0447,1,2026-06-14 04:45:50,0.6883796590989462,0
4463,0523,1,2026-06-14 04:45:50,0.6883796590989462,0
4464,0746,1,2026-06-14 04:45:50,0.2745597284107787,0
4465,0779,1,2026-06-14 04:45:50,1.0000000000000000,0
4466,0814,1,2026-06-14 04:45:50,0.1819789235448052,0
4467,0850,1,2026-06-14 04:45:50,0.1182544734422519,0
4468,0931,1,2026-06-14 04:45:50,0.9304759884008770,0
4469,0950,1,2026-06-14 04:45:50,0.1182544734422519,0
4470,0122,1,2026-06-14 04:46:00,0.1819789235448052,1
4471,0300,1,2026-06-14 04:46:00,0.9304759884008770,0
4472,0346,1,2026-06-14 04:46:00,0.1819789235448052,0
4473,0408,1,2026-06-14 04:46:00,0.4693401230638659,0
4474,0443,1,2026-06-14 04:46:00,0.3688379659098946,0
4475,0447,1,2026-06-14 04:46:00,0.6883796590989462,0
4476,0523,1,2026-06-14 04:46:00,0.6883796590989462,0
4477,0746,1,2026-06-14 04:46:00,0.2745597284107787,0
4478,0779,1,2026-06-14 04:46:00,1.0000000000000000,0
4479,0814,1,2026-06-14 04:46:00,0.1819789235448052,0
4480,0850,1,2026-06-14 04:46:00,0.1182544734422519,0
4481,0931,1,2026-06-14 04:46:00,0.9304759884008770,0
4482,0950,1,2026-06-14 04:46:00,0.1182544734422519,0
4483,0122,1,2026-06-14 04:46:10,0.1819789235448052,0
4484,0300,1,2026-06-14 04:46:10,0.9304759884008770,0
4485,0346,1,2026-06-14 04:46:10,0.1819789235448052,0
4486,0408,1,2026-06-14 04:46:10,0.4693401230638659,0
4487,0443,1,2026-06-14 04:46:10,0.3688379659098946,0
4488,0447,1,2026-06-14 04:46:10,0.6883796590989462,0
4489,0523,1,2026-06-14 04:46:10,0.6883796590989462,0
4490,0746,1,2026-06-14 04:46:10,0.2745597284107787,0
4491,0779,1,2026-06-14 04:46:10,1.0000000000000000,0
4492,0850,1,2026-06-14 04:46:10,0.1182544734422519,0
4493,0911,1,2026-06-14 04:46:10,0.2745597284107787,0
4494,0950,1,2026-06-14 04:46:10,0.1182544734422519,0
4495,0991,1,2026-06-14 04:46:10,0.8562133107008982,0
4496,0122,1,2026-06-14 04:46:20,0.1819789235448052,0
4497,0408,1,2026-06-14 04:46:20,0.4693401230638659,0
4498,0443,1,2026-06-14 04:46:20,0.3688379659098946,0
4499,0447,1,2026-06-14 04:46:20,0.6883796590989462,1
4500,0523,1,2026-06-14 04:46:20,0.6883796590989462,0
4501,0746,1,2026-06-14 04:46:20,0.2745597284107787,0
4502,0850,1,2026-06-14 04:46:20,0.1182544734422519,0
4503,0911,1,2026-06-14 04:46:20,0.2745597284107787,0
4504,0926,1,2026-06-14 04:46:20,0.2745597284107787,0
4505,0950,1,2026-06-14 04:46:20,0.1182544734422519,0
4506,0991,1,2026-06-14 04:46:20,0.8562133107008982,0
4507,0122,1,2026-06-14 04:46:30,0.1819789235448052,0
4508,0408,1,2026-06-14 04:46:30,0.4693401230638659,1
4509,0443,1,2026-06-14 04:46:30,0.3688379659098946,0
4510,0447,1,2026-06-14 04:46:30,0.6883796590989462,0
4511,0523,1,2026-06-14 04:46:30,0.6883796590989462,0
4512,0746,1,2026-06-14 04:46:30,0.2745597284107787,0
4513,0850,1,2026-06-14 04:46:30,0.1182544734422519,0
4514,0911,1,2026-06-14 04:46:30,0.2745597284107787,0
4515,0926,1,2026-06-14 04:46:30,0.2745597284107787,0
4516,0943,1,2026-06-14 04:46:30,0.1182544734422519,0
4517,0950,1,2026-06-14 04:46:30,0.1182544734422519,0
4518,0991,1,2026-06-14 04:46:30,0.8562133107008982,0
4519,0122,1,2026-06-14 04:46:40,0.1819789235448052,0
4520,0408,1,2026-06-14 04:46:40,0.4693401230638659,0
4521,0443,1,2026-06-14 04:46:40,0.3688379659098946,0
4522,0447,1,2026-06-14 04:46:40,0.6883796590989462,0
4523,0523,1,2026-06-14 04:46:40,0.6883796590989462,0
4524,0630,1,2026-06-14 04:46:40,0.8562133107008982,0
4525,0850,1,2026-06-14 04:46:40,0.1182544734422519,0
4526,0911,1,2026-06-14 04:46:40,0.2745597284107787,0
4527,0926,1,2026-06-14 04:46:40,0.2745597284107787,0
4528,0943,1,2026-06-14 04:46:40,0.1182544734422519,0
4529,0991,1,2026-06-14 04:46:40,0.8562133107008982,0
4530,0122,1,2026-06-14 04:46:50,0.1819789235448052,0
4531,0408,1,2026-06-14 04:46:50,0.4693401230638659,0
4532,0443,1,2026-06-14 04:46:50,0.3688379659098946,0
4533,0447,1,2026-06-14 04:46:50,0.6883796590989462,0
4534,0630,1,2026-06-14 04:46:50,0.8562133107008982,0
4535,0850,1,2026-06-14 04:46:50,0.1182544734422519,0
4536,0911,1,2026-06-14 04:46:50,0.2745597284107787,0
4537,0926,1,2026-06-14 04:46:50,0.2745597284107787,1
4538,0943,1,2026-06-14 04:46:50,0.1182544734422519,0
4539,0991,1,2026-06-14 04:46:50,0.8562133107008982,0
4540,0122,1,2026-06-14 04:47:00,0.1819789235448052,0
4541,0249,1,2026-06-14 04:47:00,0.7926303133177736,0
4542,0408,1,2026-06-14 04:47:00,0.4693401230638659,0
4543,0443,1,2026-06-14 04:47:00,0.3688379659098946,0
4544,0447,1,2026-06-14 04:47:00,0.6883796590989462,0
4545,0630,1,2026-06-14 04:47:00,0.8562133107008982,0
4546,0850,1,2026-06-14 04:47:00,0.1182544734422519,0
4547,0911,1,2026-06-14 04:47:00,0.2745597284107787,0
4548,0926,1,2026-06-14 04:47:00,0.2745597284107787,0
4549,0943,1,2026-06-14 04:47:00,0.1182544734422519,0
4550,0991,1,2026-06-14 04:47:00,0.8562133107008982,0
4551,0122,1,2026-06-14 04:47:10,0.1819789235448052,0
4552,0249,1,2026-06-14 04:47:10,0.7926303133177736,0
4553,0408,1,2026-06-14 04:47:10,0.4693401230638659,0
4554,0443,1,2026-06-14 04:47:10,0.3688379659098946,0
4555,0447,1,2026-06-14 04:47:10,0.6883796590989462,0
4556,0630,1,2026-06-14 04:47:10,0.8562133107008982,0
4557,0850,1,2026-06-14 04:47:10,0.1182544734422519,0
4558,0911,1,2026-06-14 04:47:10,0.2745597284107787,0
4559,0926,1,2026-06-14 04:47:10,0.2745597284107787,0
4560,0943,1,2026-06-14 04:47:10,0.1182544734422519,0
4561,0991,1,2026-06-14 04:47:10,0.8562133107008982,1
4562,0249,1,2026-06-14 04:47:20,0.7926303133177736,0
4563,0408,1,2026-06-14 04:47:20,0.4693401230638659,0
4564,0443,1,2026-06-14 04:47:20,0.3688379659098946,0
4565,0447,1,2026-06-14 04:47:20,0.6883796590989462,0
4566,0630,1,2026-06-14 04:47:20,0.8562133107008982,0
4567,0642,1,2026-06-14 04:47:20,0.3688379659098946,0
4568,0911,1,2026-06-14 04:47:20,0.2745597284107787,1
4569,0926,1,2026-06-14 04:47:20,0.2745597284107787,0
4570,0943,1,2026-06-14 04:47:20,0.1182544734422519,0
4571,0991,1,2026-06-14 04:47:20,0.8562133107008982,0
4572,0249,1,2026-06-14 04:47:30,0.7926303133177736,0
4573,0408,1,2026-06-14 04:47:30,0.4693401230638659,0
4574,0443,1,2026-06-14 04:47:30,0.3688379659098946,0
4575,0447,1,2026-06-14 04:47:30,0.6883796590989462,0
4576,0630,1,2026-06-14 04:47:30,0.8562133107008982,0
4577,0642,1,2026-06-14 04:47:30,0.3688379659098946,0
4578,0911,1,2026-06-14 04:47:30,0.2745597284107787,0
4579,0926,1,2026-06-14 04:47:30,0.2745597284107787,0
4580,0943,1,2026-06-14 04:47:30,0.1182544734422519,0
4581,0991,1,2026-06-14 04:47:30,0.8562133107008982,0
4582,0249,1,2026-06-14 04:47:40,0.7926303133177736,0
4583,0408,1,2026-06-14 04:47:40,0.4693401230638659,0
4584,0443,1,2026-06-14 04:47:40,0.3688379659098946,0
4585,0447,1,2026-06-14 04:47:40,0.6883796590989462,0
4586,0630,1,2026-06-14 04:47:40,0.8562133107008982,0
4587,0642,1,2026-06-14 04:47:40,0.3688379659098946,0
4588,0911,1,2026-06-14 04:47:40,0.2745597284107787,0
4589,0926,1,2026-06-14 04:47:40,0.2745597284107787,0
4590,0943,1,2026-06-14 04:47:40,0.1182544734422519,0
4591,0249,1,2026-06-14 04:47:50,0.7926303133177736,0
4592,0521,1,2026-06-14 04:47:50,0.4693401230638659,0
4593,0630,1,2026-06-14 04:47:50,0.8562133107008982,0
4594,0642,1,2026-06-14 04:47:50,0.3688379659098946,0
4595,0911,1,2026-06-14 04:47:50,0.2745597284107787,0
4596,0926,1,2026-06-14 04:47:50,0.2745597284107787,0
4597,0630,1,2026-06-14 04:48:00,0.8562133107008982,0
4598,0642,1,2026-06-14 04:48:00,0.3688379659098946,0
4599,0926,1,2026-06-14 04:48:00,0.2745597284107787,0
4600,0630,1,2026-06-14 04:48:10,0.8562133107008982,0
4601,0642,1,2026-06-14 04:48:10,0.3688379659098946,0
4602,0926,1,2026-06-14 04:48:10,0.2745597284107787,0
4603,0630,1,2026-06-14 04:48:20,0.8562133107008982,0
4604,0642,1,2026-06-14 04:48:20,0.3688379659098946,0
4605,0642,1,2026-06-14 04:48:30,0.3688379659098946,0
4606,0642,1,2026-06-14 04:48:40,0.3688379659098946,0
4607,0666,1,2026-06-14 06:12:40,0.5542824810806988,0
4608,0666,1,2026-06-14 06:12:50,0.5542824810806988,0
4609,0666,1,2026-06-14 06:13:00,0.5542824810806988,0
4610,0236,1,2026-06-14 06:13:10,0.8562133107008982,0
4611,0666,1,2026-06-14 06:13:10,0.5542824810806988,0
4612,0236,1,2026-06-14 06:13:20,0.8562133107008982,0
4613,0666,1,2026-06-14 06:13:20,0.5542824810806988,0
4614,0236,1,2026-06-14 06:13:30,0.8562133107008982,0
4615,0666,1,2026-06-14 06:13:30,0.5542824810806988,0
4616,0236,1,2026-06-14 06:13:40,0.8562133107008982,0
4617,0666,1,2026-06-14 06:13:40,0.5542824810806988,0
4618,0236,1,2026-06-14 06:13:50,0.8562133107008982,0
4619,0666,1,2026-06-14 06:13:50,0.5542824810806988,0
4620,0236,1,2026-06-14 06:14:00,0.8562133107008982,0
4621,0666,1,2026-06-14 06:14:00,0.5542824810806988,0
4622,0236,1,2026-06-14 06:14:10,0.8562133107008982,0
4623,0666,1,2026-06-14 06:14:10,0.5542824810806988,0
4624,0236,1,2026-06-14 06:14:20,0.8562133107008982,0
4625,0303,1,2026-06-14 06:14:20,0.7926303133177736,0
4626,0236,1,2026-06-14 06:14:30,0.8562133107008982,0
4627,0303,1,2026-06-14 06:14:30,0.7926303133177736,0
4628,0236,1,2026-06-14 06:14:40,0.8562133107008982,0
4629,0303,1,2026-06-14 06:14:40,0.7926303133177736,0
4630,0303,1,2026-06-14 06:14:50,0.7926303133177736,0
4631,0303,1,2026-06-14 06:15:00,0.7926303133177736,0
4632,0303,1,2026-06-14 06:15:10,0.7926303133177736,0
4633,0303,1,2026-06-14 06:15:20,0.7926303133177736,0
4634,0303,1,2026-06-14 06:15:30,0.7926303133177736,0
4635,0303,1,2026-06-14 06:15:40,0.7926303133177736,0
4636,0303,1,2026-06-14 06:15:50,0.7926303133177736,0
4637,0529,1,2026-06-14 06:18:10,0.7926303133177736,0
4638,0772,1,2026-06-14 06:18:10,0.1182544734422519,0
4639,0529,1,2026-06-14 06:18:20,0.7926303133177736,0
4640,0772,1,2026-06-14 06:18:20,0.1182544734422519,0
4641,0529,1,2026-06-14 06:18:30,0.7926303133177736,0
4642,0772,1,2026-06-14 06:18:30,0.1182544734422519,0
4643,0529,1,2026-06-14 06:18:40,0.7926303133177736,0
4644,0772,1,2026-06-14 06:18:40,0.1182544734422519,1
4645,0529,1,2026-06-14 06:18:50,0.7926303133177736,0
4646,0772,1,2026-06-14 06:18:50,0.1182544734422519,0
4647,0529,1,2026-06-14 06:19:00,0.7926303133177736,0
4648,0772,1,2026-06-14 06:19:00,0.1182544734422519,0
4649,0787,1,2026-06-14 06:19:00,0.8562133107008982,0
4650,0522,1,2026-06-14 06:19:10,0.8562133107008982,0
4651,0529,1,2026-06-14 06:19:10,0.7926303133177736,0
4652,0772,1,2026-06-14 06:19:10,0.1182544734422519,1
4653,0787,1,2026-06-14 06:19:10,0.8562133107008982,0
4654,0522,1,2026-06-14 06:19:20,0.8562133107008982,0
4655,0529,1,2026-06-14 06:19:20,0.7926303133177736,0
4656,0772,1,2026-06-14 06:19:20,0.1182544734422519,0
4657,0787,1,2026-06-14 06:19:20,0.8562133107008982,0
4658,0522,1,2026-06-14 06:19:30,0.8562133107008982,0
4659,0529,1,2026-06-14 06:19:30,0.7926303133177736,0
4660,0772,1,2026-06-14 06:19:30,0.1182544734422519,0
4661,0522,1,2026-06-14 06:19:40,0.8562133107008982,0
4662,0772,1,2026-06-14 06:19:40,0.1182544734422519,0
4663,0269,1,2026-06-14 06:19:50,0.3688379659098946,0
4664,0522,1,2026-06-14 06:19:50,0.8562133107008982,1
4665,0772,1,2026-06-14 06:19:50,0.1182544734422519,0
4666,0269,1,2026-06-14 06:20:00,0.3688379659098946,0
4667,0522,1,2026-06-14 06:20:00,0.8562133107008982,0
4668,0269,1,2026-06-14 06:20:10,0.3688379659098946,1
4669,0522,1,2026-06-14 06:20:10,0.8562133107008982,0
4670,0422,1,2026-06-14 06:20:20,1.0000000000000000,0
4671,0438,1,2026-06-14 06:20:20,0.4693401230638659,0
4672,0422,1,2026-06-14 06:20:30,1.0000000000000000,0
4673,0438,1,2026-06-14 06:20:30,0.4693401230638659,1
4674,0422,1,2026-06-14 06:20:40,1.0000000000000000,0
4675,0422,1,2026-06-14 06:20:50,1.0000000000000000,1
4676,0594,1,2026-06-14 06:20:50,0.7926303133177736,0
4677,0422,1,2026-06-14 06:21:00,1.0000000000000000,0
4678,0594,1,2026-06-14 06:21:00,0.7926303133177736,0
4679,0133,1,2026-06-14 06:21:10,0.6883796590989462,0
4680,0422,1,2026-06-14 06:21:10,1.0000000000000000,0
4681,0594,1,2026-06-14 06:21:10,0.7926303133177736,0
4682,0133,1,2026-06-14 06:21:20,0.6883796590989462,0
4683,0422,1,2026-06-14 06:21:20,1.0000000000000000,0
4684,0594,1,2026-06-14 06:21:20,0.7926303133177736,0
4685,0670,1,2026-06-14 06:21:20,0.7926303133177736,0
4686,0714,1,2026-06-14 06:21:20,0.7926303133177736,0
4687,0133,1,2026-06-14 06:21:30,0.6883796590989462,0
4688,0201,1,2026-06-14 06:21:30,0.4693401230638659,0
4689,0422,1,2026-06-14 06:21:30,1.0000000000000000,0
4690,0594,1,2026-06-14 06:21:30,0.7926303133177736,0
4691,0670,1,2026-06-14 06:21:30,0.7926303133177736,0
4692,0714,1,2026-06-14 06:21:30,0.7926303133177736,0
4693,0133,1,2026-06-14 06:21:40,0.6883796590989462,0
4694,0201,1,2026-06-14 06:21:40,0.4693401230638659,0
4695,0422,1,2026-06-14 06:21:40,1.0000000000000000,0
4696,0547,1,2026-06-14 06:21:40,0.6120659169672537,0
4697,0594,1,2026-06-14 06:21:40,0.7926303133177736,0
4698,0670,1,2026-06-14 06:21:40,0.7926303133177736,0
4699,0714,1,2026-06-14 06:21:40,0.7926303133177736,0
4700,0133,1,2026-06-14 06:21:50,0.6883796590989462,0
4701,0201,1,2026-06-14 06:21:50,0.4693401230638659,0
4702,0402,1,2026-06-14 06:21:50,0.6120659169672537,0
4703,0422,1,2026-06-14 06:21:50,1.0000000000000000,0
4704,0547,1,2026-06-14 06:21:50,0.6120659169672537,0
4705,0594,1,2026-06-14 06:21:50,0.7926303133177736,0
4706,0670,1,2026-06-14 06:21:50,0.7926303133177736,0
4707,0714,1,2026-06-14 06:21:50,0.7926303133177736,0
4708,0133,1,2026-06-14 06:22:00,0.6883796590989462,0
4709,0201,1,2026-06-14 06:22:00,0.4693401230638659,0
4710,0402,1,2026-06-14 06:22:00,0.6120659169672537,0
4711,0547,1,2026-06-14 06:22:00,0.6120659169672537,0
4712,0594,1,2026-06-14 06:22:00,0.7926303133177736,0
4713,0670,1,2026-06-14 06:22:00,0.7926303133177736,0
4714,0714,1,2026-06-14 06:22:00,0.7926303133177736,0
4715,0133,1,2026-06-14 06:22:10,0.6883796590989462,0
4716,0201,1,2026-06-14 06:22:10,0.4693401230638659,0
4717,0402,1,2026-06-14 06:22:10,0.6120659169672537,1
4718,0547,1,2026-06-14 06:22:10,0.6120659169672537,0
4719,0594,1,2026-06-14 06:22:10,0.7926303133177736,0
4720,0670,1,2026-06-14 06:22:10,0.7926303133177736,0
4721,0714,1,2026-06-14 06:22:10,0.7926303133177736,0
4722,0133,1,2026-06-14 06:22:20,0.6883796590989462,0
4723,0201,1,2026-06-14 06:22:20,0.4693401230638659,0
4724,0402,1,2026-06-14 06:22:20,0.6120659169672537,0
4725,0547,1,2026-06-14 06:22:20,0.6120659169672537,0
4726,0594,1,2026-06-14 06:22:20,0.7926303133177736,0
4727,0670,1,2026-06-14 06:22:20,0.7926303133177736,0
4728,0714,1,2026-06-14 06:22:20,0.7926303133177736,0
4729,0133,1,2026-06-14 06:22:30,0.6883796590989462,0
4730,0201,1,2026-06-14 06:22:30,0.4693401230638659,0
4731,0402,1,2026-06-14 06:22:30,0.6120659169672537,0
4732,0547,1,2026-06-14 06:22:30,0.6120659169672537,1
4733,0670,1,2026-06-14 06:22:30,0.7926303133177736,0
4734,0714,1,2026-06-14 06:22:30,0.7926303133177736,0
4735,0133,1,2026-06-14 06:22:40,0.6883796590989462,0
4736,0201,1,2026-06-14 06:22:40,0.4693401230638659,0
4737,0402,1,2026-06-14 06:22:40,0.6120659169672537,0
4738,0670,1,2026-06-14 06:22:40,0.7926303133177736,0
4739,0714,1,2026-06-14 06:22:40,0.7926303133177736,0
4740,0201,1,2026-06-14 06:22:50,0.4693401230638659,0
4741,0714,1,2026-06-14 06:22:50,0.7926303133177736,0
4742,0201,1,2026-06-14 06:23:00,0.4693401230638659,0
4743,0714,1,2026-06-14 06:23:00,0.7926303133177736,0
4744,0201,1,2026-06-14 06:23:10,0.4693401230638659,1
4745,0714,1,2026-06-14 06:23:10,0.7926303133177736,0
4746,0574,1,2026-06-14 06:28:40,0.4693401230638659,1
4747,0574,1,2026-06-14 06:28:50,0.4693401230638659,0
4748,0574,1,2026-06-14 06:29:00,0.4693401230638659,0
4749,0284,1,2026-06-14 06:32:30,0.1182544734422519,0
4750,0718,1,2026-06-14 06:32:30,0.3688379659098946,0
4751,0284,1,2026-06-14 06:32:40,0.1182544734422519,0
4752,0718,1,2026-06-14 06:32:40,0.3688379659098946,0
4753,0284,1,2026-06-14 06:32:50,0.1182544734422519,0
4754,0718,1,2026-06-14 06:32:50,0.3688379659098946,0
4755,0284,1,2026-06-14 06:33:00,0.1182544734422519,0
4756,0718,1,2026-06-14 06:33:00,0.3688379659098946,0
4757,0284,1,2026-06-14 06:33:10,0.1182544734422519,0
4758,0718,1,2026-06-14 06:33:10,0.3688379659098946,0
4759,0284,1,2026-06-14 06:33:20,0.1182544734422519,0
4760,0718,1,2026-06-14 06:33:20,0.3688379659098946,0
4761,0284,1,2026-06-14 06:33:30,0.1182544734422519,0
4762,0718,1,2026-06-14 06:33:30,0.3688379659098946,0
4763,0284,1,2026-06-14 06:33:40,0.1182544734422519,0
4764,0718,1,2026-06-14 06:33:40,0.3688379659098946,0
4765,0284,1,2026-06-14 06:33:50,0.1182544734422519,0
4766,0718,1,2026-06-14 06:33:50,0.3688379659098946,0
4767,0284,1,2026-06-14 06:34:00,0.1182544734422519,0
4768,0718,1,2026-06-14 06:34:00,0.3688379659098946,0
4769,0284,1,2026-06-14 06:34:10,0.1182544734422519,0
4770,0718,1,2026-06-14 06:34:10,0.3688379659098946,0
4771,0172,1,2026-06-14 07:49:10,0.3688379659098946,0
4772,0172,1,2026-06-14 07:49:20,0.3688379659098946,1
4773,0172,1,2026-06-14 07:49:30,0.3688379659098946,0
4774,0172,1,2026-06-14 07:49:40,0.3688379659098946,0
4775,0172,1,2026-06-14 07:49:50,0.3688379659098946,0
4776,0172,1,2026-06-14 07:50:00,0.3688379659098946,0
4777,0492,1,2026-06-14 07:50:00,1.0000000000000000,0
4778,0172,1,2026-06-14 07:50:10,0.3688379659098946,0
4779,0492,1,2026-06-14 07:50:10,1.0000000000000000,0
4780,0172,1,2026-06-14 07:50:20,0.3688379659098946,0
4781,0492,1,2026-06-14 07:50:20,1.0000000000000000,0
4782,0172,1,2026-06-14 07:50:30,0.3688379659098946,0
4783,0172,1,2026-06-14 07:50:40,0.3688379659098946,0
4784,0172,1,2026-06-14 07:50:50,0.3688379659098946,0
4785,0404,1,2026-06-14 07:51:10,0.6120659169672537,0
4786,0286,1,2026-06-14 07:51:20,1.0000000000000000,0
4787,0404,1,2026-06-14 07:51:20,0.6120659169672537,0
4788,0552,1,2026-06-14 07:51:20,0.5542824810806988,0
4789,0142,1,2026-06-14 07:51:30,0.5542824810806988,0
4790,0241,1,2026-06-14 07:51:30,0.3688379659098946,0
4791,0286,1,2026-06-14 07:51:30,1.0000000000000000,1
4792,0404,1,2026-06-14 07:51:30,0.6120659169672537,0
4793,0552,1,2026-06-14 07:51:30,0.5542824810806988,0
4794,0142,1,2026-06-14 07:51:40,0.5542824810806988,0
4795,0241,1,2026-06-14 07:51:40,0.3688379659098946,0
4796,0286,1,2026-06-14 07:51:40,1.0000000000000000,0
4797,0404,1,2026-06-14 07:51:40,0.6120659169672537,0
4798,0552,1,2026-06-14 07:51:40,0.5542824810806988,0
4799,0142,1,2026-06-14 07:51:50,0.5542824810806988,0
4800,0241,1,2026-06-14 07:51:50,0.3688379659098946,0
4801,0286,1,2026-06-14 07:51:50,1.0000000000000000,0
4802,0404,1,2026-06-14 07:51:50,0.6120659169672537,0
4803,0552,1,2026-06-14 07:51:50,0.5542824810806988,0
4804,0969,1,2026-06-14 07:51:50,0.2745597284107787,0
4805,0142,1,2026-06-14 07:52:00,0.5542824810806988,0
4806,0241,1,2026-06-14 07:52:00,0.3688379659098946,1
4807,0286,1,2026-06-14 07:52:00,1.0000000000000000,0
4808,0404,1,2026-06-14 07:52:00,0.6120659169672537,0
4809,0552,1,2026-06-14 07:52:00,0.5542824810806988,0
4810,0969,1,2026-06-14 07:52:00,0.2745597284107787,0
4811,0142,1,2026-06-14 07:52:10,0.5542824810806988,0
4812,0241,1,2026-06-14 07:52:10,0.3688379659098946,0
4813,0286,1,2026-06-14 07:52:10,1.0000000000000000,0
4814,0404,1,2026-06-14 07:52:10,0.6120659169672537,0
4815,0552,1,2026-06-14 07:52:10,0.5542824810806988,0
4816,0969,1,2026-06-14 07:52:10,0.2745597284107787,0
4817,0142,1,2026-06-14 07:52:20,0.5542824810806988,0
4818,0241,1,2026-06-14 07:52:20,0.3688379659098946,0
4819,0286,1,2026-06-14 07:52:20,1.0000000000000000,0
4820,0404,1,2026-06-14 07:52:20,0.6120659169672537,0
4821,0552,1,2026-06-14 07:52:20,0.5542824810806988,0
4822,0969,1,2026-06-14 07:52:20,0.2745597284107787,0
4823,0142,1,2026-06-14 07:52:30,0.5542824810806988,0
4824,0241,1,2026-06-14 07:52:30,0.3688379659098946,0
4825,0286,1,2026-06-14 07:52:30,1.0000000000000000,0
4826,0404,1,2026-06-14 07:52:30,0.6120659169672537,0
4827,0552,1,2026-06-14 07:52:30,0.5542824810806988,0
4828,0753,1,2026-06-14 07:52:30,0.7926303133177736,0
4829,0969,1,2026-06-14 07:52:30,0.2745597284107787,0
4830,0142,1,2026-06-14 07:52:40,0.5542824810806988,0
4831,0241,1,2026-06-14 07:52:40,0.3688379659098946,0
4832,0286,1,2026-06-14 07:52:40,1.0000000000000000,0
4833,0404,1,2026-06-14 07:52:40,0.6120659169672537,0
4834,0753,1,2026-06-14 07:52:40,0.7926303133177736,0
4835,0969,1,2026-06-14 07:52:40,0.2745597284107787,0
4836,0142,1,2026-06-14 07:52:50,0.5542824810806988,0
4837,0241,1,2026-06-14 07:52:50,0.3688379659098946,0
4838,0286,1,2026-06-14 07:52:50,1.0000000000000000,0
4839,0753,1,2026-06-14 07:52:50,0.7926303133177736,0
4840,0969,1,2026-06-14 07:52:50,0.2745597284107787,0
4841,0142,1,2026-06-14 07:53:00,0.5542824810806988,0
4842,0241,1,2026-06-14 07:53:00,0.3688379659098946,0
4843,0286,1,2026-06-14 07:53:00,1.0000000000000000,0
4844,0753,1,2026-06-14 07:53:00,0.7926303133177736,0
4845,0842,1,2026-06-14 07:53:00,0.1182544734422519,1
4846,0969,1,2026-06-14 07:53:00,0.2745597284107787,0
4847,0241,1,2026-06-14 07:53:10,0.3688379659098946,0
4848,0286,1,2026-06-14 07:53:10,1.0000000000000000,0
4849,0753,1,2026-06-14 07:53:10,0.7926303133177736,0
4850,0842,1,2026-06-14 07:53:10,0.1182544734422519,0
4851,0969,1,2026-06-14 07:53:10,0.2745597284107787,0
4852,0241,1,2026-06-14 07:53:20,0.3688379659098946,0
4853,0430,1,2026-06-14 07:53:20,0.9304759884008770,0
4854,0752,1,2026-06-14 07:53:20,0.8562133107008982,0
4855,0753,1,2026-06-14 07:53:20,0.7926303133177736,0
4856,0842,1,2026-06-14 07:53:20,0.1182544734422519,0
4857,0874,1,2026-06-14 07:53:20,0.1819789235448052,1
4858,0969,1,2026-06-14 07:53:20,0.2745597284107787,0
4859,0430,1,2026-06-14 07:53:30,0.9304759884008770,1
4860,0752,1,2026-06-14 07:53:30,0.8562133107008982,0
4861,0753,1,2026-06-14 07:53:30,0.7926303133177736,0
4862,0842,1,2026-06-14 07:53:30,0.1182544734422519,0
4863,0874,1,2026-06-14 07:53:30,0.1819789235448052,0
4864,0969,1,2026-06-14 07:53:30,0.2745597284107787,0
4865,0132,1,2026-06-14 07:53:40,0.9304759884008770,0
4866,0430,1,2026-06-14 07:53:40,0.9304759884008770,1
4867,0752,1,2026-06-14 07:53:40,0.8562133107008982,0
4868,0753,1,2026-06-14 07:53:40,0.7926303133177736,0
4869,0842,1,2026-06-14 07:53:40,0.1182544734422519,0
4870,0874,1,2026-06-14 07:53:40,0.1819789235448052,0
4871,0132,1,2026-06-14 07:53:50,0.9304759884008770,0
4872,0401,1,2026-06-14 07:53:50,0.9304759884008770,0
4873,0430,1,2026-06-14 07:53:50,0.9304759884008770,0
4874,0752,1,2026-06-14 07:53:50,0.8562133107008982,0
4875,0753,1,2026-06-14 07:53:50,0.7926303133177736,0
4876,0789,1,2026-06-14 07:53:50,0.1182544734422519,1
4877,0842,1,2026-06-14 07:53:50,0.1182544734422519,0
4878,0874,1,2026-06-14 07:53:50,0.1819789235448052,0
4879,0132,1,2026-06-14 07:54:00,0.9304759884008770,0
4880,0401,1,2026-06-14 07:54:00,0.9304759884008770,0
4881,0430,1,2026-06-14 07:54:00,0.9304759884008770,0
4882,0510,1,2026-06-14 07:54:00,0.2745597284107787,0
4883,0752,1,2026-06-14 07:54:00,0.8562133107008982,0
4884,0753,1,2026-06-14 07:54:00,0.7926303133177736,0
4885,0789,1,2026-06-14 07:54:00,0.1182544734422519,0
4886,0842,1,2026-06-14 07:54:00,0.1182544734422519,0
4887,0874,1,2026-06-14 07:54:00,0.1819789235448052,0
4888,0132,1,2026-06-14 07:54:10,0.9304759884008770,0
4889,0401,1,2026-06-14 07:54:10,0.9304759884008770,0
4890,0430,1,2026-06-14 07:54:10,0.9304759884008770,0
4891,0510,1,2026-06-14 07:54:10,0.2745597284107787,0
4892,0752,1,2026-06-14 07:54:10,0.8562133107008982,0
4893,0753,1,2026-06-14 07:54:10,0.7926303133177736,0
4894,0789,1,2026-06-14 07:54:10,0.1182544734422519,0
4895,0842,1,2026-06-14 07:54:10,0.1182544734422519,0
4896,0874,1,2026-06-14 07:54:10,0.1819789235448052,0
4897,0132,1,2026-06-14 07:54:20,0.9304759884008770,0
4898,0401,1,2026-06-14 07:54:20,0.9304759884008770,1
4899,0510,1,2026-06-14 07:54:20,0.2745597284107787,0
4900,0752,1,2026-06-14 07:54:20,0.8562133107008982,0
4901,0842,1,2026-06-14 07:54:20,0.1182544734422519,0
4902,0132,1,2026-06-14 07:54:30,0.9304759884008770,0
4903,0401,1,2026-06-14 07:54:30,0.9304759884008770,0
4904,0510,1,2026-06-14 07:54:30,0.2745597284107787,0
4905,0752,1,2026-06-14 07:54:30,0.8562133107008982,0
4906,0842,1,2026-06-14 07:54:30,0.1182544734422519,0
4907,0132,1,2026-06-14 07:54:40,0.9304759884008770,0
4908,0401,1,2026-06-14 07:54:40,0.9304759884008770,0
4909,0510,1,2026-06-14 07:54:40,0.2745597284107787,0
4910,0752,1,2026-06-14 07:54:40,0.8562133107008982,0
4911,0842,1,2026-06-14 07:54:40,0.1182544734422519,0
4912,0132,1,2026-06-14 07:54:50,0.9304759884008770,0
4913,0401,1,2026-06-14 07:54:50,0.9304759884008770,0
4914,0510,1,2026-06-14 07:54:50,0.2745597284107787,0
4915,0752,1,2026-06-14 07:54:50,0.8562133107008982,0
4916,0842,1,2026-06-14 07:54:50,0.1182544734422519,0
4917,0132,1,2026-06-14 07:55:00,0.9304759884008770,0
4918,0401,1,2026-06-14 07:55:00,0.9304759884008770,0
4919,0510,1,2026-06-14 07:55:00,0.2745597284107787,0
4920,0752,1,2026-06-14 07:55:00,0.8562133107008982,0
4921,0132,1,2026-06-14 07:55:10,0.9304759884008770,1
4922,0752,1,2026-06-14 07:55:10,0.8562133107008982,0
4923,0132,1,2026-06-14 07:55:20,0.9304759884008770,0
4924,0511,1,2026-06-14 07:55:30,0.3688379659098946,0
4925,0762,1,2026-06-14 07:55:30,0.5542824810806988,0
4926,0511,1,2026-06-14 07:55:40,0.3688379659098946,0
4927,0579,1,2026-06-14 07:55:40,0.6120659169672537,0
4928,0678,1,2026-06-14 07:55:40,0.6883796590989462,0
4929,0762,1,2026-06-14 07:55:40,0.5542824810806988,0
4930,0511,1,2026-06-14 07:55:50,0.3688379659098946,0
4931,0532,1,2026-06-14 07:55:50,0.5542824810806988,0
4932,0579,1,2026-06-14 07:55:50,0.6120659169672537,0
4933,0678,1,2026-06-14 07:55:50,0.6883796590989462,0
4934,0762,1,2026-06-14 07:55:50,0.5542824810806988,0
4935,0511,1,2026-06-14 07:56:00,0.3688379659098946,0
4936,0532,1,2026-06-14 07:56:00,0.5542824810806988,0
4937,0579,1,2026-06-14 07:56:00,0.6120659169672537,0
4938,0678,1,2026-06-14 07:56:00,0.6883796590989462,0
4939,0762,1,2026-06-14 07:56:00,0.5542824810806988,0
4940,0511,1,2026-06-14 07:56:10,0.3688379659098946,0
4941,0532,1,2026-06-14 07:56:10,0.5542824810806988,1
4942,0579,1,2026-06-14 07:56:10,0.6120659169672537,0
4943,0678,1,2026-06-14 07:56:10,0.6883796590989462,0
4944,0762,1,2026-06-14 07:56:10,0.5542824810806988,0
4945,0511,1,2026-06-14 07:56:20,0.3688379659098946,0
4946,0532,1,2026-06-14 07:56:20,0.5542824810806988,0
4947,0579,1,2026-06-14 07:56:20,0.6120659169672537,0
4948,0678,1,2026-06-14 07:56:20,0.6883796590989462,0
4949,0762,1,2026-06-14 07:56:20,0.5542824810806988,0
4950,0511,1,2026-06-14 07:56:30,0.3688379659098946,0
4951,0532,1,2026-06-14 07:56:30,0.5542824810806988,0
4952,0579,1,2026-06-14 07:56:30,0.6120659169672537,0
4953,0678,1,2026-06-14 07:56:30,0.6883796590989462,0
4954,0762,1,2026-06-14 07:56:30,0.5542824810806988,0
4955,0511,1,2026-06-14 07:56:40,0.3688379659098946,0
4956,0532,1,2026-06-14 07:56:40,0.5542824810806988,0
4957,0579,1,2026-06-14 07:56:40,0.6120659169672537,0
4958,0678,1,2026-06-14 07:56:40,0.6883796590989462,0
4959,0762,1,2026-06-14 07:56:40,0.5542824810806988,0
4960,0163,1,2026-06-14 07:56:50,0.7926303133177736,0
4961,0511,1,2026-06-14 07:56:50,0.3688379659098946,0
4962,0532,1,2026-06-14 07:56:50,0.5542824810806988,0
4963,0579,1,2026-06-14 07:56:50,0.6120659169672537,0
4964,0678,1,2026-06-14 07:56:50,0.6883796590989462,0
4965,0762,1,2026-06-14 07:56:50,0.5542824810806988,1
4966,0163,1,2026-06-14 07:57:00,0.7926303133177736,0
4967,0532,1,2026-06-14 07:57:00,0.5542824810806988,0
4968,0579,1,2026-06-14 07:57:00,0.6120659169672537,0
4969,0678,1,2026-06-14 07:57:00,0.6883796590989462,0
4970,0163,1,2026-06-14 07:57:10,0.7926303133177736,0
4971,0532,1,2026-06-14 07:57:10,0.5542824810806988,0
4972,0579,1,2026-06-14 07:57:10,0.6120659169672537,0
4973,0678,1,2026-06-14 07:57:10,0.6883796590989462,0
4974,0163,1,2026-06-14 07:57:20,0.7926303133177736,0
4975,0532,1,2026-06-14 07:57:20,0.5542824810806988,0
4976,0579,1,2026-06-14 07:57:20,0.6120659169672537,0
4977,0678,1,2026-06-14 07:57:20,0.6883796590989462,0
4978,0579,1,2026-06-14 07:57:30,0.6120659169672537,0
4979,0307,1,2026-06-14 07:58:20,0.9304759884008770,0
4980,0329,1,2026-06-14 07:58:20,0.6120659169672537,1
4981,0420,1,2026-06-14 07:58:20,1.0000000000000000,0
4982,0307,1,2026-06-14 07:58:30,0.9304759884008770,0
4983,0329,1,2026-06-14 07:58:30,0.6120659169672537,0
4984,0420,1,2026-06-14 07:58:30,1.0000000000000000,0
4985,0307,1,2026-06-14 07:58:40,0.9304759884008770,0
4986,0329,1,2026-06-14 07:58:40,0.6120659169672537,0
4987,0420,1,2026-06-14 07:58:40,1.0000000000000000,0
4988,0849,1,2026-06-14 07:58:40,0.5542824810806988,0
4989,0971,1,2026-06-14 07:58:40,1.0000000000000000,0
4990,0307,1,2026-06-14 07:58:50,0.9304759884008770,0
4991,0329,1,2026-06-14 07:58:50,0.6120659169672537,0
4992,0420,1,2026-06-14 07:58:50,1.0000000000000000,0
4993,0849,1,2026-06-14 07:58:50,0.5542824810806988,0
4994,0971,1,2026-06-14 07:58:50,1.0000000000000000,0
4995,0329,1,2026-06-14 07:59:00,0.6120659169672537,0
4996,0420,1,2026-06-14 07:59:00,1.0000000000000000,0
4997,0468,1,2026-06-14 07:59:00,0.2745597284107787,0
4998,0849,1,2026-06-14 07:59:00,0.5542824810806988,0
4999,0971,1,2026-06-14 07:59:00,1.0000000000000000,0
5000,0329,1,2026-06-14 07:59:10,0.6120659169672537,0
5001,0420,1,2026-06-14 07:59:10,1.0000000000000000,0
5002,0468,1,2026-06-14 07:59:10,0.2745597284107787,0
5003,0534,1,2026-06-14 07:59:10,0.1182544734422519,0
5004,0849,1,2026-06-14 07:59:10,0.5542824810806988,0
5005,0971,1,2026-06-14 07:59:10,1.0000000000000000,0
5006,0329,1,2026-06-14 07:59:20,0.6120659169672537,0
5007,0420,1,2026-06-14 07:59:20,1.0000000000000000,1
5008,0468,1,2026-06-14 07:59:20,0.2745597284107787,0
5009,0534,1,2026-06-14 07:59:20,0.1182544734422519,0
5010,0849,1,2026-06-14 07:59:20,0.5542824810806988,0
5011,0971,1,2026-06-14 07:59:20,1.0000000000000000,0
5012,0329,1,2026-06-14 07:59:30,0.6120659169672537,0
5013,0420,1,2026-06-14 07:59:30,1.0000000000000000,0
5014,0468,1,2026-06-14 07:59:30,0.2745597284107787,0
5015,0534,1,2026-06-14 07:59:30,0.1182544734422519,0
5016,0849,1,2026-06-14 07:59:30,0.5542824810806988,0
5017,0971,1,2026-06-14 07:59:30,1.0000000000000000,0
5018,0420,1,2026-06-14 07:59:40,1.0000000000000000,0
5019,0468,1,2026-06-14 07:59:40,0.2745597284107787,0
5020,0534,1,2026-06-14 07:59:40,0.1182544734422519,0
5021,0621,1,2026-06-14 07:59:40,1.0000000000000000,0
5022,0849,1,2026-06-14 07:59:40,0.5542824810806988,1
5023,0971,1,2026-06-14 07:59:40,1.0000000000000000,0
5024,0420,1,2026-06-14 07:59:50,1.0000000000000000,0
5025,0468,1,2026-06-14 07:59:50,0.2745597284107787,0
5026,0534,1,2026-06-14 07:59:50,0.1182544734422519,0
5027,0621,1,2026-06-14 07:59:50,1.0000000000000000,0
5028,0849,1,2026-06-14 07:59:50,0.5542824810806988,0
5029,0971,1,2026-06-14 07:59:50,1.0000000000000000,0
5030,0420,1,2026-06-14 08:00:00,1.0000000000000000,0
5031,0433,1,2026-06-14 08:00:00,0.4693401230638659,1
5032,0468,1,2026-06-14 08:00:00,0.2745597284107787,0
5033,0534,1,2026-06-14 08:00:00,0.1182544734422519,0
5034,0621,1,2026-06-14 08:00:00,1.0000000000000000,0
5035,0849,1,2026-06-14 08:00:00,0.5542824810806988,0
5036,0971,1,2026-06-14 08:00:00,1.0000000000000000,0
5037,0420,1,2026-06-14 08:00:10,1.0000000000000000,0
5038,0433,1,2026-06-14 08:00:10,0.4693401230638659,0
5039,0468,1,2026-06-14 08:00:10,0.2745597284107787,0
5040,0534,1,2026-06-14 08:00:10,0.1182544734422519,0
5041,0621,1,2026-06-14 08:00:10,1.0000000000000000,0
5042,0849,1,2026-06-14 08:00:10,0.5542824810806988,0
5043,0971,1,2026-06-14 08:00:10,1.0000000000000000,0
5044,0433,1,2026-06-14 08:00:20,0.4693401230638659,0
5045,0468,1,2026-06-14 08:00:20,0.2745597284107787,0
5046,0534,1,2026-06-14 08:00:20,0.1182544734422519,0
5047,0621,1,2026-06-14 08:00:20,1.0000000000000000,0
5048,0971,1,2026-06-14 08:00:20,1.0000000000000000,0
5049,0433,1,2026-06-14 08:00:30,0.4693401230638659,0
5050,0468,1,2026-06-14 08:00:30,0.2745597284107787,0
5051,0534,1,2026-06-14 08:00:30,0.1182544734422519,0
5052,0621,1,2026-06-14 08:00:30,1.0000000000000000,0
5053,0971,1,2026-06-14 08:00:30,1.0000000000000000,0
5054,0433,1,2026-06-14 08:00:40,0.4693401230638659,0
5055,0468,1,2026-06-14 08:00:40,0.2745597284107787,0
5056,0534,1,2026-06-14 08:00:40,0.1182544734422519,0
5057,0621,1,2026-06-14 08:00:40,1.0000000000000000,0
5058,0433,1,2026-06-14 08:00:50,0.4693401230638659,0
5059,0468,1,2026-06-14 08:00:50,0.2745597284107787,0
5060,0534,1,2026-06-14 08:00:50,0.1182544734422519,0
5061,0621,1,2026-06-14 08:00:50,1.0000000000000000,1
5062,0621,1,2026-06-14 08:01:00,1.0000000000000000,0
5063,0156,1,2026-06-14 08:03:10,0.7926303133177736,0
5064,0156,1,2026-06-14 08:03:20,0.7926303133177736,0
5065,0156,1,2026-06-14 08:03:30,0.7926303133177736,0
5066,0156,1,2026-06-14 08:03:40,0.7926303133177736,0
5067,0156,1,2026-06-14 08:03:50,0.7926303133177736,0
5068,0156,1,2026-06-14 08:04:00,0.7926303133177736,0
5069,0156,1,2026-06-14 08:04:10,0.7926303133177736,0
5070,0156,1,2026-06-14 08:04:20,0.7926303133177736,0
5071,0156,1,2026-06-14 08:04:30,0.7926303133177736,0
5072,0156,1,2026-06-14 08:04:40,0.7926303133177736,0
5073,0156,1,2026-06-14 08:04:50,0.7926303133177736,0
5074,0156,1,2026-06-14 08:05:00,0.7926303133177736,0
5075,0226,1,2026-06-14 08:05:00,0.7926303133177736,0
5076,0226,1,2026-06-14 08:05:10,0.7926303133177736,0
5077,0226,1,2026-06-14 08:05:20,0.7926303133177736,0
5078,0226,1,2026-06-14 08:05:30,0.7926303133177736,0
5079,0226,1,2026-06-14 08:05:40,0.7926303133177736,0
5080,0226,1,2026-06-14 08:05:50,0.7926303133177736,0
5081,0226,1,2026-06-14 08:06:00,0.7926303133177736,0
5082,0986,1,2026-06-14 08:06:20,0.5542824810806988,0
5083,0986,1,2026-06-14 08:06:30,0.5542824810806988,0
5084,0716,1,2026-06-14 08:06:40,0.8562133107008982,0
5085,0986,1,2026-06-14 08:06:40,0.5542824810806988,0
5086,0716,1,2026-06-14 08:06:50,0.8562133107008982,0
5087,0986,1,2026-06-14 08:06:50,0.5542824810806988,0
5088,0716,1,2026-06-14 08:07:00,0.8562133107008982,0
5089,0986,1,2026-06-14 08:07:00,0.5542824810806988,0
5090,0716,1,2026-06-14 08:07:10,0.8562133107008982,0
5091,0986,1,2026-06-14 08:07:10,0.5542824810806988,0
5092,0716,1,2026-06-14 08:07:20,0.8562133107008982,0
5093,0986,1,2026-06-14 08:07:20,0.5542824810806988,0
5094,0716,1,2026-06-14 08:07:30,0.8562133107008982,0
5095,0986,1,2026-06-14 08:07:30,0.5542824810806988,0
5096,0716,1,2026-06-14 08:07:40,0.8562133107008982,0
5097,0986,1,2026-06-14 08:07:40,0.5542824810806988,0
5098,0716,1,2026-06-14 08:07:50,0.8562133107008982,0
5099,0986,1,2026-06-14 08:07:50,0.5542824810806988,0
5100,0716,1,2026-06-14 08:08:00,0.8562133107008982,0
5101,0986,1,2026-06-14 08:08:00,0.5542824810806988,0
5102,0716,1,2026-06-14 08:08:10,0.8562133107008982,0
5103,0716,1,2026-06-14 08:08:20,0.8562133107008982,0
5104,0499,1,2026-06-14 08:08:50,0.2745597284107787,0
5105,0570,1,2026-06-14 08:08:50,0.1182544734422519,0
5106,0260,1,2026-06-14 08:09:00,0.4693401230638659,0
5107,0499,1,2026-06-14 08:09:00,0.2745597284107787,0
5108,0570,1,2026-06-14 08:09:00,0.1182544734422519,0
5109,0260,1,2026-06-14 08:09:10,0.4693401230638659,0
5110,0499,1,2026-06-14 08:09:10,0.2745597284107787,0
5111,0570,1,2026-06-14 08:09:10,0.1182544734422519,0
5112,0260,1,2026-06-14 08:09:20,0.4693401230638659,1
5113,0499,1,2026-06-14 08:09:20,0.2745597284107787,0
5114,0570,1,2026-06-14 08:09:20,0.1182544734422519,0
5115,0260,1,2026-06-14 08:09:30,0.4693401230638659,0
5116,0499,1,2026-06-14 08:09:30,0.2745597284107787,0
5117,0570,1,2026-06-14 08:09:30,0.1182544734422519,0
5118,0260,1,2026-06-14 08:09:40,0.4693401230638659,0
5119,0499,1,2026-06-14 08:09:40,0.2745597284107787,0
5120,0570,1,2026-06-14 08:09:40,0.1182544734422519,0
5121,0499,1,2026-06-14 08:09:50,0.2745597284107787,0
5122,0570,1,2026-06-14 08:09:50,0.1182544734422519,0
5123,0499,1,2026-06-14 08:10:00,0.2745597284107787,0
5124,0570,1,2026-06-14 08:10:00,0.1182544734422519,0
5125,0499,1,2026-06-14 08:10:10,0.2745597284107787,0
5126,0570,1,2026-06-14 08:10:10,0.1182544734422519,0
5127,0499,1,2026-06-14 08:10:20,0.2745597284107787,1
5128,0570,1,2026-06-14 08:10:20,0.1182544734422519,0
5129,0175,1,2026-06-14 08:16:20,1.0000000000000000,0
5130,0175,1,2026-06-14 08:16:30,1.0000000000000000,0
5131,0175,1,2026-06-14 08:16:40,1.0000000000000000,0
5132,0175,1,2026-06-14 08:16:50,1.0000000000000000,0
5133,0175,1,2026-06-14 08:17:00,1.0000000000000000,0
5134,0175,1,2026-06-14 08:17:10,1.0000000000000000,0
5135,0175,1,2026-06-14 08:17:20,1.0000000000000000,0
5136,0175,1,2026-06-14 08:17:30,1.0000000000000000,0
5137,0065,1,2026-06-14 09:30:10,0.5542824810806988,0
5138,0166,1,2026-06-14 09:30:10,0.3688379659098946,0
5139,0908,1,2026-06-14 09:30:10,0.3688379659098946,0
5140,0065,1,2026-06-14 09:30:20,0.5542824810806988,1
5141,0166,1,2026-06-14 09:30:20,0.3688379659098946,0
5142,0908,1,2026-06-14 09:30:20,0.3688379659098946,0
5143,0065,1,2026-06-14 09:30:30,0.5542824810806988,0
5144,0166,1,2026-06-14 09:30:30,0.3688379659098946,0
5145,0616,1,2026-06-14 09:30:30,0.6120659169672537,0
5146,0908,1,2026-06-14 09:30:30,0.3688379659098946,0
5147,0065,1,2026-06-14 09:30:40,0.5542824810806988,0
5148,0166,1,2026-06-14 09:30:40,0.3688379659098946,0
5149,0616,1,2026-06-14 09:30:40,0.6120659169672537,0
5150,0908,1,2026-06-14 09:30:40,0.3688379659098946,0
5151,0065,1,2026-06-14 09:30:50,0.5542824810806988,0
5152,0166,1,2026-06-14 09:30:50,0.3688379659098946,0
5153,0616,1,2026-06-14 09:30:50,0.6120659169672537,0
5154,0695,1,2026-06-14 09:30:50,0.0599052266779829,0
5155,0908,1,2026-06-14 09:30:50,0.3688379659098946,0
5156,0065,1,2026-06-14 09:31:00,0.5542824810806988,0
5157,0166,1,2026-06-14 09:31:00,0.3688379659098946,0
5158,0509,1,2026-06-14 09:31:00,0.9304759884008770,0
5159,0616,1,2026-06-14 09:31:00,0.6120659169672537,0
5160,0695,1,2026-06-14 09:31:00,0.0599052266779829,0
5161,0908,1,2026-06-14 09:31:00,0.3688379659098946,0
5162,0065,1,2026-06-14 09:31:10,0.5542824810806988,0
5163,0087,1,2026-06-14 09:31:10,0.6883796590989462,0
5164,0166,1,2026-06-14 09:31:10,0.3688379659098946,1
5165,0509,1,2026-06-14 09:31:10,0.9304759884008770,0
5166,0616,1,2026-06-14 09:31:10,0.6120659169672537,0
5167,0695,1,2026-06-14 09:31:10,0.0599052266779829,0
5168,0809,1,2026-06-14 09:31:10,0.6883796590989462,0
5169,0908,1,2026-06-14 09:31:10,0.3688379659098946,0
5170,0065,1,2026-06-14 09:31:20,0.5542824810806988,0
5171,0087,1,2026-06-14 09:31:20,0.6883796590989462,0
5172,0157,1,2026-06-14 09:31:20,0.8562133107008982,0
5173,0166,1,2026-06-14 09:31:20,0.3688379659098946,0
5174,0268,1,2026-06-14 09:31:20,0.5542824810806988,0
5175,0509,1,2026-06-14 09:31:20,0.9304759884008770,0
5176,0616,1,2026-06-14 09:31:20,0.6120659169672537,0
5177,0695,1,2026-06-14 09:31:20,0.0599052266779829,0
5178,0809,1,2026-06-14 09:31:20,0.6883796590989462,0
5179,0908,1,2026-06-14 09:31:20,0.3688379659098946,0
5180,0065,1,2026-06-14 09:31:30,0.5542824810806988,0
5181,0087,1,2026-06-14 09:31:30,0.6883796590989462,0
5182,0157,1,2026-06-14 09:31:30,0.8562133107008982,0
5183,0166,1,2026-06-14 09:31:30,0.3688379659098946,0
5184,0268,1,2026-06-14 09:31:30,0.5542824810806988,0
5185,0509,1,2026-06-14 09:31:30,0.9304759884008770,0
5186,0616,1,2026-06-14 09:31:30,0.6120659169672537,0
5187,0695,1,2026-06-14 09:31:30,0.0599052266779829,1
5188,0809,1,2026-06-14 09:31:30,0.6883796590989462,0
5189,0065,1,2026-06-14 09:31:40,0.5542824810806988,0
5190,0087,1,2026-06-14 09:31:40,0.6883796590989462,0
5191,0102,1,2026-06-14 09:31:40,0.7926303133177736,0
5192,0157,1,2026-06-14 09:31:40,0.8562133107008982,0
5193,0166,1,2026-06-14 09:31:40,0.3688379659098946,0
5194,0268,1,2026-06-14 09:31:40,0.5542824810806988,0
5195,0509,1,2026-06-14 09:31:40,0.9304759884008770,0
5196,0616,1,2026-06-14 09:31:40,0.6120659169672537,0
5197,0695,1,2026-06-14 09:31:40,0.0599052266779829,0
5198,0809,1,2026-06-14 09:31:40,0.6883796590989462,0
5199,0065,1,2026-06-14 09:31:50,0.5542824810806988,0
5200,0087,1,2026-06-14 09:31:50,0.6883796590989462,0
5201,0102,1,2026-06-14 09:31:50,0.7926303133177736,0
5202,0157,1,2026-06-14 09:31:50,0.8562133107008982,0
5203,0166,1,2026-06-14 09:31:50,0.3688379659098946,0
5204,0268,1,2026-06-14 09:31:50,0.5542824810806988,0
5205,0379,1,2026-06-14 09:31:50,0.8562133107008982,1
5206,0509,1,2026-06-14 09:31:50,0.9304759884008770,0
5207,0616,1,2026-06-14 09:31:50,0.6120659169672537,0
5208,0683,1,2026-06-14 09:31:50,0.8562133107008982,0
5209,0695,1,2026-06-14 09:31:50,0.0599052266779829,0
5210,0769,1,2026-06-14 09:31:50,0.9304759884008770,0
5211,0809,1,2026-06-14 09:31:50,0.6883796590989462,0
5212,0840,1,2026-06-14 09:31:50,0.9304759884008770,0
5213,0053,1,2026-06-14 09:32:00,0.1182544734422519,0
5214,0087,1,2026-06-14 09:32:00,0.6883796590989462,0
5215,0102,1,2026-06-14 09:32:00,0.7926303133177736,0
5216,0157,1,2026-06-14 09:32:00,0.8562133107008982,0
5217,0229,1,2026-06-14 09:32:00,0.6120659169672537,0
5218,0268,1,2026-06-14 09:32:00,0.5542824810806988,0
5219,0379,1,2026-06-14 09:32:00,0.8562133107008982,0
5220,0442,1,2026-06-14 09:32:00,0.7926303133177736,0
5221,0478,1,2026-06-14 09:32:00,0.0599052266779829,0
5222,0509,1,2026-06-14 09:32:00,0.9304759884008770,0
5223,0530,1,2026-06-14 09:32:00,0.6883796590989462,0
5224,0538,1,2026-06-14 09:32:00,0.4693401230638659,0
5225,0616,1,2026-06-14 09:32:00,0.6120659169672537,0
5226,0683,1,2026-06-14 09:32:00,0.8562133107008982,0
5227,0684,1,2026-06-14 09:32:00,0.3688379659098946,0
5228,0695,1,2026-06-14 09:32:00,0.0599052266779829,0
5229,0731,1,2026-06-14 09:32:00,0.6120659169672537,0
5230,0769,1,2026-06-14 09:32:00,0.9304759884008770,0
5231,0809,1,2026-06-14 09:32:00,0.6883796590989462,0
5232,0840,1,2026-06-14 09:32:00,0.9304759884008770,0
5233,0841,1,2026-06-14 09:32:00,0.6883796590989462,0
5234,0053,1,2026-06-14 09:32:10,0.1182544734422519,0
5235,0087,1,2026-06-14 09:32:10,0.6883796590989462,0
5236,0102,1,2026-06-14 09:32:10,0.7926303133177736,0
5237,0157,1,2026-06-14 09:32:10,0.8562133107008982,0
5238,0229,1,2026-06-14 09:32:10,0.6120659169672537,0
5239,0268,1,2026-06-14 09:32:10,0.5542824810806988,0
5240,0317,1,2026-06-14 09:32:10,0.1182544734422519,0
5241,0379,1,2026-06-14 09:32:10,0.8562133107008982,0
5242,0442,1,2026-06-14 09:32:10,0.7926303133177736,0
5243,0478,1,2026-06-14 09:32:10,0.0599052266779829,0
5244,0486,1,2026-06-14 09:32:10,0.4693401230638659,0
5245,0509,1,2026-06-14 09:32:10,0.9304759884008770,0
5246,0530,1,2026-06-14 09:32:10,0.6883796590989462,0
5247,0538,1,2026-06-14 09:32:10,0.4693401230638659,0
5248,0575,1,2026-06-14 09:32:10,0.9304759884008770,0
5249,0616,1,2026-06-14 09:32:10,0.6120659169672537,0
5250,0683,1,2026-06-14 09:32:10,0.8562133107008982,0
5251,0684,1,2026-06-14 09:32:10,0.3688379659098946,0
5252,0695,1,2026-06-14 09:32:10,0.0599052266779829,0
5253,0731,1,2026-06-14 09:32:10,0.6120659169672537,0
5254,0769,1,2026-06-14 09:32:10,0.9304759884008770,0
5255,0809,1,2026-06-14 09:32:10,0.6883796590989462,0
5256,0840,1,2026-06-14 09:32:10,0.9304759884008770,0
5257,0841,1,2026-06-14 09:32:10,0.6883796590989462,1
5258,0053,1,2026-06-14 09:32:20,0.1182544734422519,0
5259,0087,1,2026-06-14 09:32:20,0.6883796590989462,0
5260,0102,1,2026-06-14 09:32:20,0.7926303133177736,0
5261,0157,1,2026-06-14 09:32:20,0.8562133107008982,0
5262,0229,1,2026-06-14 09:32:20,0.6120659169672537,1
5263,0268,1,2026-06-14 09:32:20,0.5542824810806988,0
5264,0317,1,2026-06-14 09:32:20,0.1182544734422519,0
5265,0379,1,2026-06-14 09:32:20,0.8562133107008982,0
5266,0442,1,2026-06-14 09:32:20,0.7926303133177736,0
5267,0478,1,2026-06-14 09:32:20,0.0599052266779829,0
5268,0486,1,2026-06-14 09:32:20,0.4693401230638659,0
5269,0491,1,2026-06-14 09:32:20,1.0000000000000000,0
5270,0509,1,2026-06-14 09:32:20,0.9304759884008770,0
5271,0530,1,2026-06-14 09:32:20,0.6883796590989462,0
5272,0538,1,2026-06-14 09:32:20,0.4693401230638659,0
5273,0575,1,2026-06-14 09:32:20,0.9304759884008770,0
5274,0616,1,2026-06-14 09:32:20,0.6120659169672537,0
5275,0683,1,2026-06-14 09:32:20,0.8562133107008982,0
5276,0684,1,2026-06-14 09:32:20,0.3688379659098946,0
5277,0695,1,2026-06-14 09:32:20,0.0599052266779829,0
5278,0731,1,2026-06-14 09:32:20,0.6120659169672537,0
5279,0769,1,2026-06-14 09:32:20,0.9304759884008770,0
5280,0809,1,2026-06-14 09:32:20,0.6883796590989462,0
5281,0840,1,2026-06-14 09:32:20,0.9304759884008770,0
5282,0841,1,2026-06-14 09:32:20,0.6883796590989462,0
5283,0853,1,2026-06-14 09:32:20,0.1182544734422519,0
5284,0053,1,2026-06-14 09:32:30,0.1182544734422519,0
5285,0087,1,2026-06-14 09:32:30,0.6883796590989462,0
5286,0102,1,2026-06-14 09:32:30,0.7926303133177736,0
5287,0180,1,2026-06-14 09:32:30,0.7926303133177736,0
5288,0229,1,2026-06-14 09:32:30,0.6120659169672537,0
5289,0268,1,2026-06-14 09:32:30,0.5542824810806988,0
5290,0317,1,2026-06-14 09:32:30,0.1182544734422519,0
5291,0379,1,2026-06-14 09:32:30,0.8562133107008982,0
5292,0442,1,2026-06-14 09:32:30,0.7926303133177736,0
5293,0475,1,2026-06-14 09:32:30,0.7926303133177736,0
5294,0478,1,2026-06-14 09:32:30,0.0599052266779829,0
5295,0486,1,2026-06-14 09:32:30,0.4693401230638659,0
5296,0491,1,2026-06-14 09:32:30,1.0000000000000000,0
5297,0509,1,2026-06-14 09:32:30,0.9304759884008770,0
5298,0530,1,2026-06-14 09:32:30,0.6883796590989462,0
5299,0538,1,2026-06-14 09:32:30,0.4693401230638659,0
5300,0575,1,2026-06-14 09:32:30,0.9304759884008770,0
5301,0683,1,2026-06-14 09:32:30,0.8562133107008982,0
5302,0684,1,2026-06-14 09:32:30,0.3688379659098946,0
5303,0695,1,2026-06-14 09:32:30,0.0599052266779829,0
5304,0731,1,2026-06-14 09:32:30,0.6120659169672537,0
5305,0769,1,2026-06-14 09:32:30,0.9304759884008770,0
5306,0809,1,2026-06-14 09:32:30,0.6883796590989462,0
5307,0840,1,2026-06-14 09:32:30,0.9304759884008770,0
5308,0841,1,2026-06-14 09:32:30,0.6883796590989462,0
5309,0853,1,2026-06-14 09:32:30,0.1182544734422519,0
5310,0087,1,2026-06-14 09:32:40,0.6883796590989462,0
5311,0102,1,2026-06-14 09:32:40,0.7926303133177736,0
5312,0180,1,2026-06-14 09:32:40,0.7926303133177736,0
5313,0229,1,2026-06-14 09:32:40,0.6120659169672537,0
5314,0268,1,2026-06-14 09:32:40,0.5542824810806988,0
5315,0273,1,2026-06-14 09:32:40,0.8562133107008982,0
5316,0317,1,2026-06-14 09:32:40,0.1182544734422519,0
5317,0379,1,2026-06-14 09:32:40,0.8562133107008982,0
5318,0424,1,2026-06-14 09:32:40,0.2745597284107787,0
5319,0442,1,2026-06-14 09:32:40,0.7926303133177736,0
5320,0475,1,2026-06-14 09:32:40,0.7926303133177736,0
5321,0478,1,2026-06-14 09:32:40,0.0599052266779829,0
5322,0486,1,2026-06-14 09:32:40,0.4693401230638659,0
5323,0491,1,2026-06-14 09:32:40,1.0000000000000000,0
5324,0509,1,2026-06-14 09:32:40,0.9304759884008770,0
5325,0530,1,2026-06-14 09:32:40,0.6883796590989462,0
5326,0538,1,2026-06-14 09:32:40,0.4693401230638659,0
5327,0575,1,2026-06-14 09:32:40,0.9304759884008770,0
5328,0684,1,2026-06-14 09:32:40,0.3688379659098946,0
5329,0731,1,2026-06-14 09:32:40,0.6120659169672537,0
5330,0769,1,2026-06-14 09:32:40,0.9304759884008770,0
5331,0809,1,2026-06-14 09:32:40,0.6883796590989462,0
5332,0841,1,2026-06-14 09:32:40,0.6883796590989462,1
5333,0102,1,2026-06-14 09:32:50,0.7926303133177736,0
5334,0180,1,2026-06-14 09:32:50,0.7926303133177736,0
5335,0229,1,2026-06-14 09:32:50,0.6120659169672537,0
5336,0268,1,2026-06-14 09:32:50,0.5542824810806988,0
5337,0273,1,2026-06-14 09:32:50,0.8562133107008982,0
5338,0317,1,2026-06-14 09:32:50,0.1182544734422519,0
5339,0379,1,2026-06-14 09:32:50,0.8562133107008982,0
5340,0424,1,2026-06-14 09:32:50,0.2745597284107787,0
5341,0442,1,2026-06-14 09:32:50,0.7926303133177736,0
5342,0475,1,2026-06-14 09:32:50,0.7926303133177736,0
5343,0478,1,2026-06-14 09:32:50,0.0599052266779829,0
5344,0491,1,2026-06-14 09:32:50,1.0000000000000000,0
5345,0509,1,2026-06-14 09:32:50,0.9304759884008770,0
5346,0530,1,2026-06-14 09:32:50,0.6883796590989462,0
5347,0538,1,2026-06-14 09:32:50,0.4693401230638659,0
5348,0575,1,2026-06-14 09:32:50,0.9304759884008770,0
5349,0684,1,2026-06-14 09:32:50,0.3688379659098946,0
5350,0731,1,2026-06-14 09:32:50,0.6120659169672537,0
5351,0769,1,2026-06-14 09:32:50,0.9304759884008770,0
5352,0841,1,2026-06-14 09:32:50,0.6883796590989462,0
5353,0102,1,2026-06-14 09:33:00,0.7926303133177736,0
5354,0180,1,2026-06-14 09:33:00,0.7926303133177736,0
5355,0212,1,2026-06-14 09:33:00,0.7926303133177736,0
5356,0229,1,2026-06-14 09:33:00,0.6120659169672537,0
5357,0268,1,2026-06-14 09:33:00,0.5542824810806988,1
5358,0273,1,2026-06-14 09:33:00,0.8562133107008982,0
5359,0317,1,2026-06-14 09:33:00,0.1182544734422519,0
5360,0379,1,2026-06-14 09:33:00,0.8562133107008982,0
5361,0424,1,2026-06-14 09:33:00,0.2745597284107787,0
5362,0425,1,2026-06-14 09:33:00,0.7926303133177736,0
5363,0442,1,2026-06-14 09:33:00,0.7926303133177736,0
5364,0475,1,2026-06-14 09:33:00,0.7926303133177736,0
5365,0491,1,2026-06-14 09:33:00,1.0000000000000000,0
5366,0530,1,2026-06-14 09:33:00,0.6883796590989462,0
5367,0538,1,2026-06-14 09:33:00,0.4693401230638659,0
5368,0575,1,2026-06-14 09:33:00,0.9304759884008770,0
5369,0731,1,2026-06-14 09:33:00,0.6120659169672537,0
5370,0769,1,2026-06-14 09:33:00,0.9304759884008770,0
5371,0841,1,2026-06-14 09:33:00,0.6883796590989462,0
5372,0229,1,2026-06-14 09:33:10,0.6120659169672537,0
5373,0268,1,2026-06-14 09:33:10,0.5542824810806988,0
5374,0273,1,2026-06-14 09:33:10,0.8562133107008982,0
5375,0317,1,2026-06-14 09:33:10,0.1182544734422519,0
5376,0379,1,2026-06-14 09:33:10,0.8562133107008982,0
5377,0424,1,2026-06-14 09:33:10,0.2745597284107787,0
5378,0425,1,2026-06-14 09:33:10,0.7926303133177736,0
5379,0442,1,2026-06-14 09:33:10,0.7926303133177736,0
5380,0475,1,2026-06-14 09:33:10,0.7926303133177736,0
5381,0491,1,2026-06-14 09:33:10,1.0000000000000000,0
5382,0530,1,2026-06-14 09:33:10,0.6883796590989462,0
5383,0538,1,2026-06-14 09:33:10,0.4693401230638659,0
5384,0575,1,2026-06-14 09:33:10,0.9304759884008770,0
5385,0731,1,2026-06-14 09:33:10,0.6120659169672537,0
5386,0769,1,2026-06-14 09:33:10,0.9304759884008770,0
5387,0841,1,2026-06-14 09:33:10,0.6883796590989462,0
5388,0229,1,2026-06-14 09:33:20,0.6120659169672537,0
5389,0273,1,2026-06-14 09:33:20,0.8562133107008982,1
5390,0308,1,2026-06-14 09:33:20,0.2745597284107787,0
5391,0317,1,2026-06-14 09:33:20,0.1182544734422519,0
5392,0375,1,2026-06-14 09:33:20,0.4693401230638659,0
5393,0379,1,2026-06-14 09:33:20,0.8562133107008982,0
5394,0424,1,2026-06-14 09:33:20,0.2745597284107787,0
5395,0425,1,2026-06-14 09:33:20,0.7926303133177736,0
5396,0442,1,2026-06-14 09:33:20,0.7926303133177736,0
5397,0475,1,2026-06-14 09:33:20,0.7926303133177736,0
5398,0491,1,2026-06-14 09:33:20,1.0000000000000000,0
5399,0530,1,2026-06-14 09:33:20,0.6883796590989462,0
5400,0538,1,2026-06-14 09:33:20,0.4693401230638659,0
5401,0575,1,2026-06-14 09:33:20,0.9304759884008770,0
5402,0731,1,2026-06-14 09:33:20,0.6120659169672537,0
5403,0769,1,2026-06-14 09:33:20,0.9304759884008770,0
5404,0841,1,2026-06-14 09:33:20,0.6883796590989462,0
5405,0229,1,2026-06-14 09:33:30,0.6120659169672537,0
5406,0273,1,2026-06-14 09:33:30,0.8562133107008982,0
5407,0308,1,2026-06-14 09:33:30,0.2745597284107787,0
5408,0317,1,2026-06-14 09:33:30,0.1182544734422519,0
5409,0375,1,2026-06-14 09:33:30,0.4693401230638659,0
5410,0379,1,2026-06-14 09:33:30,0.8562133107008982,0
5411,0424,1,2026-06-14 09:33:30,0.2745597284107787,0
5412,0425,1,2026-06-14 09:33:30,0.7926303133177736,0
5413,0442,1,2026-06-14 09:33:30,0.7926303133177736,0
5414,0491,1,2026-06-14 09:33:30,1.0000000000000000,0
5415,0530,1,2026-06-14 09:33:30,0.6883796590989462,0
5416,0538,1,2026-06-14 09:33:30,0.4693401230638659,0
5417,0575,1,2026-06-14 09:33:30,0.9304759884008770,0
5418,0731,1,2026-06-14 09:33:30,0.6120659169672537,0
5419,0769,1,2026-06-14 09:33:30,0.9304759884008770,0
5420,0841,1,2026-06-14 09:33:30,0.6883796590989462,0
5421,0229,1,2026-06-14 09:33:40,0.6120659169672537,0
5422,0308,1,2026-06-14 09:33:40,0.2745597284107787,0
5423,0317,1,2026-06-14 09:33:40,0.1182544734422519,0
5424,0375,1,2026-06-14 09:33:40,0.4693401230638659,0
5425,0379,1,2026-06-14 09:33:40,0.8562133107008982,0
5426,0424,1,2026-06-14 09:33:40,0.2745597284107787,0
5427,0425,1,2026-06-14 09:33:40,0.7926303133177736,0
5428,0442,1,2026-06-14 09:33:40,0.7926303133177736,1
5429,0491,1,2026-06-14 09:33:40,1.0000000000000000,0
5430,0530,1,2026-06-14 09:33:40,0.6883796590989462,0
5431,0538,1,2026-06-14 09:33:40,0.4693401230638659,0
5432,0575,1,2026-06-14 09:33:40,0.9304759884008770,0
5433,0731,1,2026-06-14 09:33:40,0.6120659169672537,0
5434,0841,1,2026-06-14 09:33:40,0.6883796590989462,0
5435,0308,1,2026-06-14 09:33:50,0.2745597284107787,0
5436,0317,1,2026-06-14 09:33:50,0.1182544734422519,0
5437,0375,1,2026-06-14 09:33:50,0.4693401230638659,0
5438,0424,1,2026-06-14 09:33:50,0.2745597284107787,0
5439,0425,1,2026-06-14 09:33:50,0.7926303133177736,0
5440,0491,1,2026-06-14 09:33:50,1.0000000000000000,0
5441,0538,1,2026-06-14 09:33:50,0.4693401230638659,1
5442,0575,1,2026-06-14 09:33:50,0.9304759884008770,0
5443,0308,1,2026-06-14 09:34:00,0.2745597284107787,0
5444,0317,1,2026-06-14 09:34:00,0.1182544734422519,1
5445,0375,1,2026-06-14 09:34:00,0.4693401230638659,0
5446,0424,1,2026-06-14 09:34:00,0.2745597284107787,0
5447,0425,1,2026-06-14 09:34:00,0.7926303133177736,0
5448,0491,1,2026-06-14 09:34:00,1.0000000000000000,0
5449,0575,1,2026-06-14 09:34:00,0.9304759884008770,0
5450,0308,1,2026-06-14 09:34:10,0.2745597284107787,0
5451,0375,1,2026-06-14 09:34:10,0.4693401230638659,0
5452,0424,1,2026-06-14 09:34:10,0.2745597284107787,0
5453,0425,1,2026-06-14 09:34:10,0.7926303133177736,0
5454,0491,1,2026-06-14 09:34:10,1.0000000000000000,1
5455,0308,1,2026-06-14 09:34:20,0.2745597284107787,0
5456,0375,1,2026-06-14 09:34:20,0.4693401230638659,0
5457,0425,1,2026-06-14 09:34:20,0.7926303133177736,1
5458,0449,1,2026-06-14 09:34:20,0.1182544734422519,0
5459,0308,1,2026-06-14 09:34:30,0.2745597284107787,0
5460,0375,1,2026-06-14 09:34:30,0.4693401230638659,0
5461,0425,1,2026-06-14 09:34:30,0.7926303133177736,0
5462,0449,1,2026-06-14 09:34:30,0.1182544734422519,0
5463,0375,1,2026-06-14 09:34:40,0.4693401230638659,1
5464,0425,1,2026-06-14 09:34:40,0.7926303133177736,0
5465,0449,1,2026-06-14 09:34:40,0.1182544734422519,0
5466,0988,1,2026-06-14 09:34:40,0.8562133107008982,0
5467,0375,1,2026-06-14 09:34:50,0.4693401230638659,0
5468,0425,1,2026-06-14 09:34:50,0.7926303133177736,0
5469,0988,1,2026-06-14 09:34:50,0.8562133107008982,0
5470,0375,1,2026-06-14 09:35:00,0.4693401230638659,0
5471,0988,1,2026-06-14 09:35:00,0.8562133107008982,0
5472,0375,1,2026-06-14 09:35:10,0.4693401230638659,1
5473,0988,1,2026-06-14 09:35:10,0.8562133107008982,0
5474,0988,1,2026-06-14 09:35:20,0.8562133107008982,0
5475,0988,1,2026-06-14 09:35:30,0.8562133107008982,1
5476,0995,1,2026-06-14 09:35:30,0.1819789235448052,0
5477,0988,1,2026-06-14 09:35:40,0.8562133107008982,0
5478,0995,1,2026-06-14 09:35:40,0.1819789235448052,0
5479,0495,1,2026-06-14 09:35:50,1.0000000000000000,1
5480,0988,1,2026-06-14 09:35:50,0.8562133107008982,0
5481,0995,1,2026-06-14 09:35:50,0.1819789235448052,0
5482,0495,1,2026-06-14 09:36:00,1.0000000000000000,0
5483,0988,1,2026-06-14 09:36:00,0.8562133107008982,0
5484,0995,1,2026-06-14 09:36:00,0.1819789235448052,0
5485,0495,1,2026-06-14 09:36:10,1.0000000000000000,0
5486,0745,1,2026-06-14 09:36:10,0.0599052266779829,0
5487,0988,1,2026-06-14 09:36:10,0.8562133107008982,0
5488,0995,1,2026-06-14 09:36:10,0.1819789235448052,0
5489,0495,1,2026-06-14 09:36:20,1.0000000000000000,0
5490,0745,1,2026-06-14 09:36:20,0.0599052266779829,0
5491,0988,1,2026-06-14 09:36:20,0.8562133107008982,0
5492,0995,1,2026-06-14 09:36:20,0.1819789235448052,0
5493,0495,1,2026-06-14 09:36:30,1.0000000000000000,0
5494,0745,1,2026-06-14 09:36:30,0.0599052266779829,0
5495,0988,1,2026-06-14 09:36:30,0.8562133107008982,0
5496,0995,1,2026-06-14 09:36:30,0.1819789235448052,0
5497,0495,1,2026-06-14 09:36:40,1.0000000000000000,0
5498,0745,1,2026-06-14 09:36:40,0.0599052266779829,0
5499,0995,1,2026-06-14 09:36:40,0.1819789235448052,0
5500,0495,1,2026-06-14 09:36:50,1.0000000000000000,0
5501,0745,1,2026-06-14 09:36:50,0.0599052266779829,0
5502,0995,1,2026-06-14 09:36:50,0.1819789235448052,0
5503,0495,1,2026-06-14 09:37:00,1.0000000000000000,0
5504,0745,1,2026-06-14 09:37:00,0.0599052266779829,0
5505,0995,1,2026-06-14 09:37:00,0.1819789235448052,0
5506,0495,1,2026-06-14 09:37:10,1.0000000000000000,0
5507,0745,1,2026-06-14 09:37:10,0.0599052266779829,0
5508,0995,1,2026-06-14 09:37:10,0.1819789235448052,0
5509,0495,1,2026-06-14 09:37:20,1.0000000000000000,0
5510,0745,1,2026-06-14 09:37:20,0.0599052266779829,0
5511,0995,1,2026-06-14 09:37:20,0.1819789235448052,0
5512,0745,1,2026-06-14 09:37:30,0.0599052266779829,0
5513,0745,1,2026-06-14 09:37:40,0.0599052266779829,0
5514,0745,1,2026-06-14 09:37:50,0.0599052266779829,0
5515,0745,1,2026-06-14 09:38:00,0.0599052266779829,0
5516,0166,2,2026-06-13 10:22:00,0.3688379659098946,0
5517,0065,2,2026-06-13 10:22:10,0.5542824810806988,0
5518,0166,2,2026-06-13 10:22:10,0.3688379659098946,0
5519,0908,2,2026-06-13 10:22:10,0.3688379659098946,0
5520,0065,2,2026-06-13 10:22:20,0.5542824810806988,0
5521,0166,2,2026-06-13 10:22:20,0.3688379659098946,0
5522,0908,2,2026-06-13 10:22:20,0.3688379659098946,1
5523,0065,2,2026-06-13 10:22:30,0.5542824810806988,0
5524,0166,2,2026-06-13 10:22:30,0.3688379659098946,0
5525,0616,2,2026-06-13 10:22:30,0.6120659169672537,0
5526,0908,2,2026-06-13 10:22:30,0.3688379659098946,0
5527,0065,2,2026-06-13 10:22:40,0.5542824810806988,0
5528,0166,2,2026-06-13 10:22:40,0.3688379659098946,0
5529,0616,2,2026-06-13 10:22:40,0.6120659169672537,1
5530,0695,2,2026-06-13 10:22:40,0.0599052266779829,0
5531,0908,2,2026-06-13 10:22:40,0.3688379659098946,0
5532,0065,2,2026-06-13 10:22:50,0.5542824810806988,0
5533,0166,2,2026-06-13 10:22:50,0.3688379659098946,0
5534,0616,2,2026-06-13 10:22:50,0.6120659169672537,0
5535,0695,2,2026-06-13 10:22:50,0.0599052266779829,0
5536,0908,2,2026-06-13 10:22:50,0.3688379659098946,0
5537,0065,2,2026-06-13 10:23:00,0.5542824810806988,0
5538,0087,2,2026-06-13 10:23:00,0.6883796590989462,0
5539,0166,2,2026-06-13 10:23:00,0.3688379659098946,0
5540,0509,2,2026-06-13 10:23:00,0.9304759884008770,0
5541,0616,2,2026-06-13 10:23:00,0.6120659169672537,0
5542,0695,2,2026-06-13 10:23:00,0.0599052266779829,0
5543,0908,2,2026-06-13 10:23:00,0.3688379659098946,0
5544,0065,2,2026-06-13 10:23:10,0.5542824810806988,0
5545,0087,2,2026-06-13 10:23:10,0.6883796590989462,0
5546,0157,2,2026-06-13 10:23:10,0.8562133107008982,0
5547,0166,2,2026-06-13 10:23:10,0.3688379659098946,0
5548,0509,2,2026-06-13 10:23:10,0.9304759884008770,0
5549,0616,2,2026-06-13 10:23:10,0.6120659169672537,0
5550,0695,2,2026-06-13 10:23:10,0.0599052266779829,0
5551,0809,2,2026-06-13 10:23:10,0.6883796590989462,1
5552,0908,2,2026-06-13 10:23:10,0.3688379659098946,0
5553,0065,2,2026-06-13 10:23:20,0.5542824810806988,0
5554,0087,2,2026-06-13 10:23:20,0.6883796590989462,0
5555,0157,2,2026-06-13 10:23:20,0.8562133107008982,0
5556,0166,2,2026-06-13 10:23:20,0.3688379659098946,0
5557,0268,2,2026-06-13 10:23:20,0.5542824810806988,0
5558,0509,2,2026-06-13 10:23:20,0.9304759884008770,0
5559,0616,2,2026-06-13 10:23:20,0.6120659169672537,0
5560,0695,2,2026-06-13 10:23:20,0.0599052266779829,0
5561,0809,2,2026-06-13 10:23:20,0.6883796590989462,0
5562,0908,2,2026-06-13 10:23:20,0.3688379659098946,0
5563,0065,2,2026-06-13 10:23:30,0.5542824810806988,0
5564,0087,2,2026-06-13 10:23:30,0.6883796590989462,0
5565,0102,2,2026-06-13 10:23:30,0.7926303133177736,0
5566,0157,2,2026-06-13 10:23:30,0.8562133107008982,1
5567,0166,2,2026-06-13 10:23:30,0.3688379659098946,0
5568,0268,2,2026-06-13 10:23:30,0.5542824810806988,0
5569,0509,2,2026-06-13 10:23:30,0.9304759884008770,0
5570,0616,2,2026-06-13 10:23:30,0.6120659169672537,0
5571,0695,2,2026-06-13 10:23:30,0.0599052266779829,0
5572,0809,2,2026-06-13 10:23:30,0.6883796590989462,0
5573,0065,2,2026-06-13 10:23:40,0.5542824810806988,0
5574,0087,2,2026-06-13 10:23:40,0.6883796590989462,0
5575,0102,2,2026-06-13 10:23:40,0.7926303133177736,0
5576,0157,2,2026-06-13 10:23:40,0.8562133107008982,0
5577,0166,2,2026-06-13 10:23:40,0.3688379659098946,0
5578,0268,2,2026-06-13 10:23:40,0.5542824810806988,0
5579,0379,2,2026-06-13 10:23:40,0.8562133107008982,0
5580,0509,2,2026-06-13 10:23:40,0.9304759884008770,0
5581,0616,2,2026-06-13 10:23:40,0.6120659169672537,0
5582,0683,2,2026-06-13 10:23:40,0.8562133107008982,1
5583,0695,2,2026-06-13 10:23:40,0.0599052266779829,0
5584,0769,2,2026-06-13 10:23:40,0.9304759884008770,0
5585,0809,2,2026-06-13 10:23:40,0.6883796590989462,0
5586,0840,2,2026-06-13 10:23:40,0.9304759884008770,0
5587,0053,2,2026-06-13 10:23:50,0.1182544734422519,0
5588,0065,2,2026-06-13 10:23:50,0.5542824810806988,0
5589,0087,2,2026-06-13 10:23:50,0.6883796590989462,0
5590,0102,2,2026-06-13 10:23:50,0.7926303133177736,0
5591,0157,2,2026-06-13 10:23:50,0.8562133107008982,0
5592,0166,2,2026-06-13 10:23:50,0.3688379659098946,0
5593,0268,2,2026-06-13 10:23:50,0.5542824810806988,0
5594,0379,2,2026-06-13 10:23:50,0.8562133107008982,0
5595,0478,2,2026-06-13 10:23:50,0.0599052266779829,0
5596,0509,2,2026-06-13 10:23:50,0.9304759884008770,0
5597,0530,2,2026-06-13 10:23:50,0.6883796590989462,0
5598,0616,2,2026-06-13 10:23:50,0.6120659169672537,0
5599,0683,2,2026-06-13 10:23:50,0.8562133107008982,1
5600,0684,2,2026-06-13 10:23:50,0.3688379659098946,0
5601,0695,2,2026-06-13 10:23:50,0.0599052266779829,0
5602,0731,2,2026-06-13 10:23:50,0.6120659169672537,0
5603,0769,2,2026-06-13 10:23:50,0.9304759884008770,0
5604,0809,2,2026-06-13 10:23:50,0.6883796590989462,0
5605,0840,2,2026-06-13 10:23:50,0.9304759884008770,0
5606,0841,2,2026-06-13 10:23:50,0.6883796590989462,0
5607,0053,2,2026-06-13 10:24:00,0.1182544734422519,0
5608,0087,2,2026-06-13 10:24:00,0.6883796590989462,0
5609,0102,2,2026-06-13 10:24:00,0.7926303133177736,0
5610,0157,2,2026-06-13 10:24:00,0.8562133107008982,0
5611,0229,2,2026-06-13 10:24:00,0.6120659169672537,0
5612,0268,2,2026-06-13 10:24:00,0.5542824810806988,0
5613,0379,2,2026-06-13 10:24:00,0.8562133107008982,0
5614,0442,2,2026-06-13 10:24:00,0.7926303133177736,0
5615,0478,2,2026-06-13 10:24:00,0.0599052266779829,0
5616,0486,2,2026-06-13 10:24:00,0.4693401230638659,0
5617,0509,2,2026-06-13 10:24:00,0.9304759884008770,0
5618,0530,2,2026-06-13 10:24:00,0.6883796590989462,0
5619,0538,2,2026-06-13 10:24:00,0.4693401230638659,0
5620,0616,2,2026-06-13 10:24:00,0.6120659169672537,0
5621,0683,2,2026-06-13 10:24:00,0.8562133107008982,0
5622,0684,2,2026-06-13 10:24:00,0.3688379659098946,0
5623,0695,2,2026-06-13 10:24:00,0.0599052266779829,0
5624,0731,2,2026-06-13 10:24:00,0.6120659169672537,0
5625,0769,2,2026-06-13 10:24:00,0.9304759884008770,0
5626,0809,2,2026-06-13 10:24:00,0.6883796590989462,0
5627,0840,2,2026-06-13 10:24:00,0.9304759884008770,1
5628,0841,2,2026-06-13 10:24:00,0.6883796590989462,0
5629,0853,2,2026-06-13 10:24:00,0.1182544734422519,0
5630,0053,2,2026-06-13 10:24:10,0.1182544734422519,0
5631,0087,2,2026-06-13 10:24:10,0.6883796590989462,0
5632,0102,2,2026-06-13 10:24:10,0.7926303133177736,0
5633,0157,2,2026-06-13 10:24:10,0.8562133107008982,0
5634,0229,2,2026-06-13 10:24:10,0.6120659169672537,0
5635,0268,2,2026-06-13 10:24:10,0.5542824810806988,0
5636,0317,2,2026-06-13 10:24:10,0.1182544734422519,0
5637,0379,2,2026-06-13 10:24:10,0.8562133107008982,0
5638,0442,2,2026-06-13 10:24:10,0.7926303133177736,0
5639,0478,2,2026-06-13 10:24:10,0.0599052266779829,0
5640,0486,2,2026-06-13 10:24:10,0.4693401230638659,0
5641,0509,2,2026-06-13 10:24:10,0.9304759884008770,0
5642,0530,2,2026-06-13 10:24:10,0.6883796590989462,0
5643,0538,2,2026-06-13 10:24:10,0.4693401230638659,0
5644,0575,2,2026-06-13 10:24:10,0.9304759884008770,0
5645,0616,2,2026-06-13 10:24:10,0.6120659169672537,0
5646,0683,2,2026-06-13 10:24:10,0.8562133107008982,0
5647,0684,2,2026-06-13 10:24:10,0.3688379659098946,1
5648,0695,2,2026-06-13 10:24:10,0.0599052266779829,0
5649,0731,2,2026-06-13 10:24:10,0.6120659169672537,0
5650,0769,2,2026-06-13 10:24:10,0.9304759884008770,0
5651,0809,2,2026-06-13 10:24:10,0.6883796590989462,0
5652,0840,2,2026-06-13 10:24:10,0.9304759884008770,0
5653,0841,2,2026-06-13 10:24:10,0.6883796590989462,0
5654,0853,2,2026-06-13 10:24:10,0.1182544734422519,0
5655,0053,2,2026-06-13 10:24:20,0.1182544734422519,0
5656,0087,2,2026-06-13 10:24:20,0.6883796590989462,0
5657,0102,2,2026-06-13 10:24:20,0.7926303133177736,0
5658,0157,2,2026-06-13 10:24:20,0.8562133107008982,0
5659,0180,2,2026-06-13 10:24:20,0.7926303133177736,0
5660,0229,2,2026-06-13 10:24:20,0.6120659169672537,0
5661,0268,2,2026-06-13 10:24:20,0.5542824810806988,0
5662,0317,2,2026-06-13 10:24:20,0.1182544734422519,0
5663,0379,2,2026-06-13 10:24:20,0.8562133107008982,0
5664,0442,2,2026-06-13 10:24:20,0.7926303133177736,0
5665,0478,2,2026-06-13 10:24:20,0.0599052266779829,0
5666,0486,2,2026-06-13 10:24:20,0.4693401230638659,0
5667,0491,2,2026-06-13 10:24:20,1.0000000000000000,0
5668,0509,2,2026-06-13 10:24:20,0.9304759884008770,0
5669,0530,2,2026-06-13 10:24:20,0.6883796590989462,0
5670,0538,2,2026-06-13 10:24:20,0.4693401230638659,0
5671,0575,2,2026-06-13 10:24:20,0.9304759884008770,0
5672,0616,2,2026-06-13 10:24:20,0.6120659169672537,0
5673,0683,2,2026-06-13 10:24:20,0.8562133107008982,0
5674,0684,2,2026-06-13 10:24:20,0.3688379659098946,0
5675,0695,2,2026-06-13 10:24:20,0.0599052266779829,0
5676,0731,2,2026-06-13 10:24:20,0.6120659169672537,0
5677,0769,2,2026-06-13 10:24:20,0.9304759884008770,0
5678,0809,2,2026-06-13 10:24:20,0.6883796590989462,0
5679,0840,2,2026-06-13 10:24:20,0.9304759884008770,0
5680,0841,2,2026-06-13 10:24:20,0.6883796590989462,0
5681,0853,2,2026-06-13 10:24:20,0.1182544734422519,1
5682,0053,2,2026-06-13 10:24:30,0.1182544734422519,0
5683,0087,2,2026-06-13 10:24:30,0.6883796590989462,0
5684,0102,2,2026-06-13 10:24:30,0.7926303133177736,0
5685,0180,2,2026-06-13 10:24:30,0.7926303133177736,0
5686,0229,2,2026-06-13 10:24:30,0.6120659169672537,0
5687,0268,2,2026-06-13 10:24:30,0.5542824810806988,0
5688,0317,2,2026-06-13 10:24:30,0.1182544734422519,0
5689,0379,2,2026-06-13 10:24:30,0.8562133107008982,0
5690,0424,2,2026-06-13 10:24:30,0.2745597284107787,0
5691,0442,2,2026-06-13 10:24:30,0.7926303133177736,0
5692,0475,2,2026-06-13 10:24:30,0.7926303133177736,0
5693,0478,2,2026-06-13 10:24:30,0.0599052266779829,0
5694,0486,2,2026-06-13 10:24:30,0.4693401230638659,0
5695,0491,2,2026-06-13 10:24:30,1.0000000000000000,0
5696,0509,2,2026-06-13 10:24:30,0.9304759884008770,0
5697,0530,2,2026-06-13 10:24:30,0.6883796590989462,0
5698,0538,2,2026-06-13 10:24:30,0.4693401230638659,0
5699,0575,2,2026-06-13 10:24:30,0.9304759884008770,0
5700,0683,2,2026-06-13 10:24:30,0.8562133107008982,0
5701,0684,2,2026-06-13 10:24:30,0.3688379659098946,0
5702,0695,2,2026-06-13 10:24:30,0.0599052266779829,0
5703,0731,2,2026-06-13 10:24:30,0.6120659169672537,0
5704,0769,2,2026-06-13 10:24:30,0.9304759884008770,0
5705,0809,2,2026-06-13 10:24:30,0.6883796590989462,0
5706,0840,2,2026-06-13 10:24:30,0.9304759884008770,1
5707,0841,2,2026-06-13 10:24:30,0.6883796590989462,0
5708,0853,2,2026-06-13 10:24:30,0.1182544734422519,0
5709,0087,2,2026-06-13 10:24:40,0.6883796590989462,0
5710,0102,2,2026-06-13 10:24:40,0.7926303133177736,0
5711,0180,2,2026-06-13 10:24:40,0.7926303133177736,0
5712,0229,2,2026-06-13 10:24:40,0.6120659169672537,0
5713,0268,2,2026-06-13 10:24:40,0.5542824810806988,0
5714,0273,2,2026-06-13 10:24:40,0.8562133107008982,0
5715,0317,2,2026-06-13 10:24:40,0.1182544734422519,0
5716,0379,2,2026-06-13 10:24:40,0.8562133107008982,0
5717,0424,2,2026-06-13 10:24:40,0.2745597284107787,0
5718,0442,2,2026-06-13 10:24:40,0.7926303133177736,0
5719,0475,2,2026-06-13 10:24:40,0.7926303133177736,0
5720,0478,2,2026-06-13 10:24:40,0.0599052266779829,0
5721,0486,2,2026-06-13 10:24:40,0.4693401230638659,0
5722,0491,2,2026-06-13 10:24:40,1.0000000000000000,0
5723,0509,2,2026-06-13 10:24:40,0.9304759884008770,0
5724,0530,2,2026-06-13 10:24:40,0.6883796590989462,0
5725,0538,2,2026-06-13 10:24:40,0.4693401230638659,0
5726,0575,2,2026-06-13 10:24:40,0.9304759884008770,0
5727,0684,2,2026-06-13 10:24:40,0.3688379659098946,1
5728,0731,2,2026-06-13 10:24:40,0.6120659169672537,0
5729,0769,2,2026-06-13 10:24:40,0.9304759884008770,0
5730,0841,2,2026-06-13 10:24:40,0.6883796590989462,0
5731,0853,2,2026-06-13 10:24:40,0.1182544734422519,0
5732,0102,2,2026-06-13 10:24:50,0.7926303133177736,0
5733,0180,2,2026-06-13 10:24:50,0.7926303133177736,1
5734,0229,2,2026-06-13 10:24:50,0.6120659169672537,0
5735,0268,2,2026-06-13 10:24:50,0.5542824810806988,0
5736,0273,2,2026-06-13 10:24:50,0.8562133107008982,0
5737,0317,2,2026-06-13 10:24:50,0.1182544734422519,0
5738,0379,2,2026-06-13 10:24:50,0.8562133107008982,0
5739,0424,2,2026-06-13 10:24:50,0.2745597284107787,0
5740,0442,2,2026-06-13 10:24:50,0.7926303133177736,0
5741,0475,2,2026-06-13 10:24:50,0.7926303133177736,0
5742,0478,2,2026-06-13 10:24:50,0.0599052266779829,0
5743,0486,2,2026-06-13 10:24:50,0.4693401230638659,0
5744,0491,2,2026-06-13 10:24:50,1.0000000000000000,0
5745,0509,2,2026-06-13 10:24:50,0.9304759884008770,0
5746,0530,2,2026-06-13 10:24:50,0.6883796590989462,0
5747,0538,2,2026-06-13 10:24:50,0.4693401230638659,0
5748,0575,2,2026-06-13 10:24:50,0.9304759884008770,0
5749,0684,2,2026-06-13 10:24:50,0.3688379659098946,0
5750,0731,2,2026-06-13 10:24:50,0.6120659169672537,0
5751,0769,2,2026-06-13 10:24:50,0.9304759884008770,0
5752,0841,2,2026-06-13 10:24:50,0.6883796590989462,0
5753,0180,2,2026-06-13 10:25:00,0.7926303133177736,0
5754,0229,2,2026-06-13 10:25:00,0.6120659169672537,0
5755,0268,2,2026-06-13 10:25:00,0.5542824810806988,0
5756,0273,2,2026-06-13 10:25:00,0.8562133107008982,0
5757,0317,2,2026-06-13 10:25:00,0.1182544734422519,0
5758,0379,2,2026-06-13 10:25:00,0.8562133107008982,0
5759,0424,2,2026-06-13 10:25:00,0.2745597284107787,0
5760,0425,2,2026-06-13 10:25:00,0.7926303133177736,0
5761,0442,2,2026-06-13 10:25:00,0.7926303133177736,0
5762,0475,2,2026-06-13 10:25:00,0.7926303133177736,0
5763,0491,2,2026-06-13 10:25:00,1.0000000000000000,0
5764,0530,2,2026-06-13 10:25:00,0.6883796590989462,0
5765,0538,2,2026-06-13 10:25:00,0.4693401230638659,0
5766,0575,2,2026-06-13 10:25:00,0.9304759884008770,0
5767,0731,2,2026-06-13 10:25:00,0.6120659169672537,0
5768,0769,2,2026-06-13 10:25:00,0.9304759884008770,0
5769,0841,2,2026-06-13 10:25:00,0.6883796590989462,0
5770,0180,2,2026-06-13 10:25:10,0.7926303133177736,0
5771,0229,2,2026-06-13 10:25:10,0.6120659169672537,0
5772,0268,2,2026-06-13 10:25:10,0.5542824810806988,0
5773,0273,2,2026-06-13 10:25:10,0.8562133107008982,0
5774,0308,2,2026-06-13 10:25:10,0.2745597284107787,0
5775,0317,2,2026-06-13 10:25:10,0.1182544734422519,0
5776,0375,2,2026-06-13 10:25:10,0.4693401230638659,0
5777,0379,2,2026-06-13 10:25:10,0.8562133107008982,0
5778,0424,2,2026-06-13 10:25:10,0.2745597284107787,0
5779,0425,2,2026-06-13 10:25:10,0.7926303133177736,0
5780,0442,2,2026-06-13 10:25:10,0.7926303133177736,0
5781,0475,2,2026-06-13 10:25:10,0.7926303133177736,0
5782,0491,2,2026-06-13 10:25:10,1.0000000000000000,0
5783,0530,2,2026-06-13 10:25:10,0.6883796590989462,0
5784,0538,2,2026-06-13 10:25:10,0.4693401230638659,0
5785,0575,2,2026-06-13 10:25:10,0.9304759884008770,0
5786,0731,2,2026-06-13 10:25:10,0.6120659169672537,1
5787,0769,2,2026-06-13 10:25:10,0.9304759884008770,0
5788,0841,2,2026-06-13 10:25:10,0.6883796590989462,0
5789,0229,2,2026-06-13 10:25:20,0.6120659169672537,0
5790,0273,2,2026-06-13 10:25:20,0.8562133107008982,0
5791,0308,2,2026-06-13 10:25:20,0.2745597284107787,0
5792,0317,2,2026-06-13 10:25:20,0.1182544734422519,0
5793,0375,2,2026-06-13 10:25:20,0.4693401230638659,0
5794,0379,2,2026-06-13 10:25:20,0.8562133107008982,0
5795,0424,2,2026-06-13 10:25:20,0.2745597284107787,0
5796,0425,2,2026-06-13 10:25:20,0.7926303133177736,0
5797,0442,2,2026-06-13 10:25:20,0.7926303133177736,0
5798,0491,2,2026-06-13 10:25:20,1.0000000000000000,0
5799,0530,2,2026-06-13 10:25:20,0.6883796590989462,0
5800,0538,2,2026-06-13 10:25:20,0.4693401230638659,0
5801,0575,2,2026-06-13 10:25:20,0.9304759884008770,0
5802,0731,2,2026-06-13 10:25:20,0.6120659169672537,0
5803,0769,2,2026-06-13 10:25:20,0.9304759884008770,1
5804,0841,2,2026-06-13 10:25:20,0.6883796590989462,0
5805,0229,2,2026-06-13 10:25:30,0.6120659169672537,0
5806,0273,2,2026-06-13 10:25:30,0.8562133107008982,0
5807,0308,2,2026-06-13 10:25:30,0.2745597284107787,0
5808,0317,2,2026-06-13 10:25:30,0.1182544734422519,0
5809,0375,2,2026-06-13 10:25:30,0.4693401230638659,0
5810,0379,2,2026-06-13 10:25:30,0.8562133107008982,0
5811,0424,2,2026-06-13 10:25:30,0.2745597284107787,0
5812,0425,2,2026-06-13 10:25:30,0.7926303133177736,0
5813,0442,2,2026-06-13 10:25:30,0.7926303133177736,0
5814,0491,2,2026-06-13 10:25:30,1.0000000000000000,0
5815,0530,2,2026-06-13 10:25:30,0.6883796590989462,1
5816,0538,2,2026-06-13 10:25:30,0.4693401230638659,0
5817,0575,2,2026-06-13 10:25:30,0.9304759884008770,0
5818,0731,2,2026-06-13 10:25:30,0.6120659169672537,0
5819,0769,2,2026-06-13 10:25:30,0.9304759884008770,0
5820,0801,2,2026-06-13 10:25:30,0.0599052266779829,0
5821,0841,2,2026-06-13 10:25:30,0.6883796590989462,0
5822,0229,2,2026-06-13 10:25:40,0.6120659169672537,0
5823,0308,2,2026-06-13 10:25:40,0.2745597284107787,0
5824,0317,2,2026-06-13 10:25:40,0.1182544734422519,0
5825,0375,2,2026-06-13 10:25:40,0.4693401230638659,0
5826,0424,2,2026-06-13 10:25:40,0.2745597284107787,0
5827,0425,2,2026-06-13 10:25:40,0.7926303133177736,0
5828,0442,2,2026-06-13 10:25:40,0.7926303133177736,0
5829,0491,2,2026-06-13 10:25:40,1.0000000000000000,0
5830,0538,2,2026-06-13 10:25:40,0.4693401230638659,0
5831,0575,2,2026-06-13 10:25:40,0.9304759884008770,0
5832,0731,2,2026-06-13 10:25:40,0.6120659169672537,0
5833,0801,2,2026-06-13 10:25:40,0.0599052266779829,0
5834,0308,2,2026-06-13 10:25:50,0.2745597284107787,0
5835,0317,2,2026-06-13 10:25:50,0.1182544734422519,0
5836,0375,2,2026-06-13 10:25:50,0.4693401230638659,0
5837,0424,2,2026-06-13 10:25:50,0.2745597284107787,0
5838,0425,2,2026-06-13 10:25:50,0.7926303133177736,0
5839,0491,2,2026-06-13 10:25:50,1.0000000000000000,0
5840,0575,2,2026-06-13 10:25:50,0.9304759884008770,1
5841,0801,2,2026-06-13 10:25:50,0.0599052266779829,0
5842,0308,2,2026-06-13 10:26:00,0.2745597284107787,0
5843,0375,2,2026-06-13 10:26:00,0.4693401230638659,0
5844,0424,2,2026-06-13 10:26:00,0.2745597284107787,0
5845,0425,2,2026-06-13 10:26:00,0.7926303133177736,0
5846,0491,2,2026-06-13 10:26:00,1.0000000000000000,0
5847,0575,2,2026-06-13 10:26:00,0.9304759884008770,0
5848,0308,2,2026-06-13 10:26:10,0.2745597284107787,0
5849,0375,2,2026-06-13 10:26:10,0.4693401230638659,0
5850,0424,2,2026-06-13 10:26:10,0.2745597284107787,1
5851,0425,2,2026-06-13 10:26:10,0.7926303133177736,0
5852,0449,2,2026-06-13 10:26:10,0.1182544734422519,0
5853,0308,2,2026-06-13 10:26:20,0.2745597284107787,1
5854,0375,2,2026-06-13 10:26:20,0.4693401230638659,0
5855,0425,2,2026-06-13 10:26:20,0.7926303133177736,0
5856,0449,2,2026-06-13 10:26:20,0.1182544734422519,0
5857,0308,2,2026-06-13 10:26:30,0.2745597284107787,0
5858,0375,2,2026-06-13 10:26:30,0.4693401230638659,0
5859,0425,2,2026-06-13 10:26:30,0.7926303133177736,0
5860,0449,2,2026-06-13 10:26:30,0.1182544734422519,1
5861,0375,2,2026-06-13 10:26:40,0.4693401230638659,0
5862,0425,2,2026-06-13 10:26:40,0.7926303133177736,0
5863,0449,2,2026-06-13 10:26:40,0.1182544734422519,0
5864,0988,2,2026-06-13 10:26:40,0.8562133107008982,0
5865,0375,2,2026-06-13 10:26:50,0.4693401230638659,0
5866,0988,2,2026-06-13 10:26:50,0.8562133107008982,0
5867,0375,2,2026-06-13 10:27:00,0.4693401230638659,0
5868,0988,2,2026-06-13 10:27:00,0.8562133107008982,0
5869,0988,2,2026-06-13 10:27:10,0.8562133107008982,0
5870,0988,2,2026-06-13 10:27:20,0.8562133107008982,0
5871,0988,2,2026-06-13 10:27:30,0.8562133107008982,0
5872,0995,2,2026-06-13 10:27:30,0.1819789235448052,0
5873,0495,2,2026-06-13 10:27:40,1.0000000000000000,0
5874,0988,2,2026-06-13 10:27:40,0.8562133107008982,0
5875,0995,2,2026-06-13 10:27:40,0.1819789235448052,0
5876,0495,2,2026-06-13 10:27:50,1.0000000000000000,0
5877,0988,2,2026-06-13 10:27:50,0.8562133107008982,0
5878,0995,2,2026-06-13 10:27:50,0.1819789235448052,1
5879,0495,2,2026-06-13 10:28:00,1.0000000000000000,0
5880,0988,2,2026-06-13 10:28:00,0.8562133107008982,0
5881,0995,2,2026-06-13 10:28:00,0.1819789235448052,0
5882,0495,2,2026-06-13 10:28:10,1.0000000000000000,1
5883,0745,2,2026-06-13 10:28:10,0.0599052266779829,0
5884,0988,2,2026-06-13 10:28:10,0.8562133107008982,0
5885,0995,2,2026-06-13 10:28:10,0.1819789235448052,0
5886,0495,2,2026-06-13 10:28:20,1.0000000000000000,0
5887,0745,2,2026-06-13 10:28:20,0.0599052266779829,0
5888,0988,2,2026-06-13 10:28:20,0.8562133107008982,0
5889,0995,2,2026-06-13 10:28:20,0.1819789235448052,0
5890,0495,2,2026-06-13 10:28:30,1.0000000000000000,0
5891,0745,2,2026-06-13 10:28:30,0.0599052266779829,0
5892,0995,2,2026-06-13 10:28:30,0.1819789235448052,0
5893,0495,2,2026-06-13 10:28:40,1.0000000000000000,0
5894,0745,2,2026-06-13 10:28:40,0.0599052266779829,0
5895,0995,2,2026-06-13 10:28:40,0.1819789235448052,0
5896,0495,2,2026-06-13 10:28:50,1.0000000000000000,0
5897,0745,2,2026-06-13 10:28:50,0.0599052266779829,0
5898,0995,2,2026-06-13 10:28:50,0.1819789235448052,0
5899,0495,2,2026-06-13 10:29:00,1.0000000000000000,0
5900,0745,2,2026-06-13 10:29:00,0.0599052266779829,0
5901,0995,2,2026-06-13 10:29:00,0.1819789235448052,0
5902,0495,2,2026-06-13 10:29:10,1.0000000000000000,0
5903,0745,2,2026-06-13 10:29:10,0.0599052266779829,0
5904,0995,2,2026-06-13 10:29:10,0.1819789235448052,0
5905,0495,2,2026-06-13 10:29:20,1.0000000000000000,0
5906,0745,2,2026-06-13 10:29:20,0.0599052266779829,0
5907,0995,2,2026-06-13 10:29:20,0.1819789235448052,0
5908,0745,2,2026-06-13 10:29:30,0.0599052266779829,0
5909,0745,2,2026-06-13 10:29:40,0.0599052266779829,0
5910,0745,2,2026-06-13 10:29:50,0.0599052266779829,0
5911,0745,2,2026-06-13 10:30:00,0.0599052266779829,1
5912,0106,2,2026-06-13 10:33:50,0.3688379659098946,0
5913,0106,2,2026-06-13 10:34:00,0.3688379659098946,0
5914,0106,2,2026-06-13 10:34:10,0.3688379659098946,0
5915,0106,2,2026-06-13 10:34:20,0.3688379659098946,0
5916,0106,2,2026-06-13 10:34:30,0.3688379659098946,0
5917,0106,2,2026-06-13 10:34:40,0.3688379659098946,0
5918,0106,2,2026-06-13 10:34:50,0.3688379659098946,1
5919,0106,2,2026-06-13 10:35:00,0.3688379659098946,0
5920,0106,2,2026-06-13 10:35:10,0.3688379659098946,0
5921,0106,2,2026-06-13 10:35:20,0.3688379659098946,1
5922,0106,2,2026-06-13 10:35:30,0.3688379659098946,0
5923,0503,2,2026-06-13 10:35:40,0.7926303133177736,0
5924,0171,2,2026-06-13 10:35:50,0.6120659169672537,0
5925,0423,2,2026-06-13 10:35:50,0.9304759884008770,0
5926,0503,2,2026-06-13 10:35:50,0.7926303133177736,0
5927,0832,2,2026-06-13 10:35:50,0.0599052266779829,1
5928,0859,2,2026-06-13 10:35:50,0.2745597284107787,0
5929,0171,2,2026-06-13 10:36:00,0.6120659169672537,1
5930,0423,2,2026-06-13 10:36:00,0.9304759884008770,0
5931,0503,2,2026-06-13 10:36:00,0.7926303133177736,0
5932,0832,2,2026-06-13 10:36:00,0.0599052266779829,0
5933,0859,2,2026-06-13 10:36:00,0.2745597284107787,0
5934,0171,2,2026-06-13 10:36:10,0.6120659169672537,0
5935,0423,2,2026-06-13 10:36:10,0.9304759884008770,0
5936,0503,2,2026-06-13 10:36:10,0.7926303133177736,1
5937,0832,2,2026-06-13 10:36:10,0.0599052266779829,0
5938,0859,2,2026-06-13 10:36:10,0.2745597284107787,0
5939,0171,2,2026-06-13 10:36:20,0.6120659169672537,0
5940,0423,2,2026-06-13 10:36:20,0.9304759884008770,0
5941,0503,2,2026-06-13 10:36:20,0.7926303133177736,0
5942,0832,2,2026-06-13 10:36:20,0.0599052266779829,0
5943,0859,2,2026-06-13 10:36:20,0.2745597284107787,0
5944,0171,2,2026-06-13 10:36:30,0.6120659169672537,0
5945,0423,2,2026-06-13 10:36:30,0.9304759884008770,1
5946,0503,2,2026-06-13 10:36:30,0.7926303133177736,0
5947,0832,2,2026-06-13 10:36:30,0.0599052266779829,0
5948,0859,2,2026-06-13 10:36:30,0.2745597284107787,0
5949,0171,2,2026-06-13 10:36:40,0.6120659169672537,0
5950,0423,2,2026-06-13 10:36:40,0.9304759884008770,0
5951,0462,2,2026-06-13 10:36:40,0.3688379659098946,0
5952,0503,2,2026-06-13 10:36:40,0.7926303133177736,0
5953,0832,2,2026-06-13 10:36:40,0.0599052266779829,1
5954,0859,2,2026-06-13 10:36:40,0.2745597284107787,0
5955,0171,2,2026-06-13 10:36:50,0.6120659169672537,0
5956,0423,2,2026-06-13 10:36:50,0.9304759884008770,1
5957,0462,2,2026-06-13 10:36:50,0.3688379659098946,0
5958,0503,2,2026-06-13 10:36:50,0.7926303133177736,0
5959,0832,2,2026-06-13 10:36:50,0.0599052266779829,0
5960,0859,2,2026-06-13 10:36:50,0.2745597284107787,0
5961,0171,2,2026-06-13 10:37:00,0.6120659169672537,1
5962,0423,2,2026-06-13 10:37:00,0.9304759884008770,0
5963,0462,2,2026-06-13 10:37:00,0.3688379659098946,0
5964,0859,2,2026-06-13 10:37:00,0.2745597284107787,0
5965,0171,2,2026-06-13 10:37:10,0.6120659169672537,0
5966,0423,2,2026-06-13 10:37:10,0.9304759884008770,0
5967,0462,2,2026-06-13 10:37:10,0.3688379659098946,0
5968,0859,2,2026-06-13 10:37:10,0.2745597284107787,1
5969,0423,2,2026-06-13 10:37:20,0.9304759884008770,0
5970,0462,2,2026-06-13 10:37:20,0.3688379659098946,0
5971,0859,2,2026-06-13 10:37:20,0.2745597284107787,0
5972,0462,2,2026-06-13 10:37:30,0.3688379659098946,1
5973,0859,2,2026-06-13 10:37:30,0.2745597284107787,0
5974,0462,2,2026-06-13 10:37:40,0.3688379659098946,0
5975,0859,2,2026-06-13 10:37:40,0.2745597284107787,0
5976,0917,2,2026-06-13 12:01:00,0.6120659169672537,0
5977,0917,2,2026-06-13 12:01:10,0.6120659169672537,0
5978,0917,2,2026-06-13 12:01:20,0.6120659169672537,1
5979,0917,2,2026-06-13 12:01:30,0.6120659169672537,0
5980,0917,2,2026-06-13 12:01:40,0.6120659169672537,0
5981,0917,2,2026-06-13 12:01:50,0.6120659169672537,0
5982,0917,2,2026-06-13 12:02:00,0.6120659169672537,0
5983,0917,2,2026-06-13 12:02:10,0.6120659169672537,0
5984,0917,2,2026-06-13 12:02:20,0.6120659169672537,0
5985,0935,2,2026-06-13 13:56:40,0.5542824810806988,0
5986,0935,2,2026-06-13 13:56:50,0.5542824810806988,0
5987,0935,2,2026-06-13 13:57:00,0.5542824810806988,0
5988,0935,2,2026-06-13 13:57:10,0.5542824810806988,0
5989,0935,2,2026-06-13 13:57:20,0.5542824810806988,1
5990,0935,2,2026-06-13 13:57:30,0.5542824810806988,0
5991,0935,2,2026-06-13 13:57:40,0.5542824810806988,0
5992,0935,2,2026-06-13 13:57:50,0.5542824810806988,0
5993,0407,2,2026-06-13 14:00:40,0.8562133107008982,0
5994,0407,2,2026-06-13 14:00:50,0.8562133107008982,0
5995,0407,2,2026-06-13 14:01:00,0.8562133107008982,0
5996,0407,2,2026-06-13 14:01:10,0.8562133107008982,0
5997,0407,2,2026-06-13 14:01:20,0.8562133107008982,0
5998,0407,2,2026-06-13 14:01:30,0.8562133107008982,0
5999,0407,2,2026-06-13 14:01:40,0.8562133107008982,1
6000,0407,2,2026-06-13 14:01:50,0.8562133107008982,0
6001,0198,2,2026-06-13 14:02:00,0.0599052266779829,0
6002,0407,2,2026-06-13 14:02:00,0.8562133107008982,0
6003,0198,2,2026-06-13 14:02:10,0.0599052266779829,0
6004,0407,2,2026-06-13 14:02:10,0.8562133107008982,1
6005,0543,2,2026-06-13 14:02:10,0.5542824810806988,0
6006,0198,2,2026-06-13 14:02:20,0.0599052266779829,0
6007,0407,2,2026-06-13 14:02:20,0.8562133107008982,0
6008,0543,2,2026-06-13 14:02:20,0.5542824810806988,0
6009,0198,2,2026-06-13 14:02:30,0.0599052266779829,0
6010,0407,2,2026-06-13 14:02:30,0.8562133107008982,0
6011,0543,2,2026-06-13 14:02:30,0.5542824810806988,0
6012,0198,2,2026-06-13 14:02:40,0.0599052266779829,0
6013,0543,2,2026-06-13 14:02:40,0.5542824810806988,0
6014,0198,2,2026-06-13 14:02:50,0.0599052266779829,0
6015,0543,2,2026-06-13 14:02:50,0.5542824810806988,0
6016,0198,2,2026-06-13 14:03:00,0.0599052266779829,1
6017,0543,2,2026-06-13 14:03:00,0.5542824810806988,0
6018,0198,2,2026-06-13 14:03:10,0.0599052266779829,0
6019,0543,2,2026-06-13 14:03:10,0.5542824810806988,0
6020,0198,2,2026-06-13 14:03:20,0.0599052266779829,1
6021,0543,2,2026-06-13 14:03:20,0.5542824810806988,0
6022,0198,2,2026-06-13 14:03:30,0.0599052266779829,0
6023,0543,2,2026-06-13 14:03:30,0.5542824810806988,0
6024,0198,2,2026-06-13 14:03:40,0.0599052266779829,0
6025,0543,2,2026-06-13 14:03:40,0.5542824810806988,1
6026,0198,2,2026-06-13 14:03:50,0.0599052266779829,0
6027,0543,2,2026-06-13 14:03:50,0.5542824810806988,0
6028,0543,2,2026-06-13 14:04:00,0.5542824810806988,0
6029,0272,2,2026-06-13 14:04:20,0.6120659169672537,1
6030,0757,2,2026-06-13 14:04:20,0.2745597284107787,0
6031,0272,2,2026-06-13 14:04:30,0.6120659169672537,0
6032,0757,2,2026-06-13 14:04:30,0.2745597284107787,1
6033,0272,2,2026-06-13 14:04:40,0.6120659169672537,0
6034,0757,2,2026-06-13 14:04:40,0.2745597284107787,0
6035,0179,2,2026-06-13 14:04:50,0.3688379659098946,1
6036,0272,2,2026-06-13 14:04:50,0.6120659169672537,0
6037,0756,2,2026-06-13 14:04:50,0.2745597284107787,0
6038,0757,2,2026-06-13 14:04:50,0.2745597284107787,0
6039,0179,2,2026-06-13 14:05:00,0.3688379659098946,0
6040,0272,2,2026-06-13 14:05:00,0.6120659169672537,0
6041,0756,2,2026-06-13 14:05:00,0.2745597284107787,0
6042,0757,2,2026-06-13 14:05:00,0.2745597284107787,0
6043,0179,2,2026-06-13 14:05:10,0.3688379659098946,0
6044,0272,2,2026-06-13 14:05:10,0.6120659169672537,0
6045,0756,2,2026-06-13 14:05:10,0.2745597284107787,0
6046,0757,2,2026-06-13 14:05:10,0.2745597284107787,1
6047,0179,2,2026-06-13 14:05:20,0.3688379659098946,0
6048,0272,2,2026-06-13 14:05:20,0.6120659169672537,0
6049,0756,2,2026-06-13 14:05:20,0.2745597284107787,0
6050,0757,2,2026-06-13 14:05:20,0.2745597284107787,0
6051,0179,2,2026-06-13 14:05:30,0.3688379659098946,1
6052,0272,2,2026-06-13 14:05:30,0.6120659169672537,0
6053,0756,2,2026-06-13 14:05:30,0.2745597284107787,0
6054,0757,2,2026-06-13 14:05:30,0.2745597284107787,0
6055,0179,2,2026-06-13 14:05:40,0.3688379659098946,0
6056,0272,2,2026-06-13 14:05:40,0.6120659169672537,0
6057,0756,2,2026-06-13 14:05:40,0.2745597284107787,0
6058,0757,2,2026-06-13 14:05:40,0.2745597284107787,0
6059,0179,2,2026-06-13 14:05:50,0.3688379659098946,0
6060,0272,2,2026-06-13 14:05:50,0.6120659169672537,0
6061,0756,2,2026-06-13 14:05:50,0.2745597284107787,1
6062,0757,2,2026-06-13 14:05:50,0.2745597284107787,0
6063,0179,2,2026-06-13 14:06:00,0.3688379659098946,0
6064,0756,2,2026-06-13 14:06:00,0.2745597284107787,0
6065,0757,2,2026-06-13 14:06:00,0.2745597284107787,0
6066,0179,2,2026-06-13 14:06:10,0.3688379659098946,0
6067,0754,2,2026-06-13 14:06:10,0.0599052266779829,1
6068,0756,2,2026-06-13 14:06:10,0.2745597284107787,0
6069,0757,2,2026-06-13 14:06:10,0.2745597284107787,0
6070,0179,2,2026-06-13 14:06:20,0.3688379659098946,0
6071,0754,2,2026-06-13 14:06:20,0.0599052266779829,0
6072,0756,2,2026-06-13 14:06:20,0.2745597284107787,0
6073,0179,2,2026-06-13 14:06:30,0.3688379659098946,0
6074,0754,2,2026-06-13 14:06:30,0.0599052266779829,1
6075,0756,2,2026-06-13 14:06:30,0.2745597284107787,0
6076,0179,2,2026-06-13 14:06:40,0.3688379659098946,0
6077,0754,2,2026-06-13 14:06:40,0.0599052266779829,0
6078,0662,2,2026-06-13 15:28:50,0.5542824810806988,0
6079,0662,2,2026-06-13 15:29:00,0.5542824810806988,0
6080,0662,2,2026-06-13 15:29:10,0.5542824810806988,0
6081,0662,2,2026-06-13 15:29:20,0.5542824810806988,1
6082,0662,2,2026-06-13 15:29:30,0.5542824810806988,0
6083,0662,2,2026-06-13 15:29:40,0.5542824810806988,0
6084,0662,2,2026-06-13 15:29:50,0.5542824810806988,0
6085,0662,2,2026-06-13 15:30:00,0.5542824810806988,0
6086,0662,2,2026-06-13 15:30:10,0.5542824810806988,0
6087,0662,2,2026-06-13 15:30:20,0.5542824810806988,0
6088,0662,2,2026-06-13 15:30:30,0.5542824810806988,0
6089,0662,2,2026-06-13 15:30:40,0.5542824810806988,0
6090,0255,2,2026-06-13 15:30:50,0.0599052266779829,0
6091,0694,2,2026-06-13 15:30:50,0.2745597284107787,0
6092,0223,2,2026-06-13 15:31:00,0.4693401230638659,0
6093,0255,2,2026-06-13 15:31:00,0.0599052266779829,0
6094,0694,2,2026-06-13 15:31:00,0.2745597284107787,1
6095,0223,2,2026-06-13 15:31:10,0.4693401230638659,0
6096,0255,2,2026-06-13 15:31:10,0.0599052266779829,1
6097,0694,2,2026-06-13 15:31:10,0.2745597284107787,0
6098,0223,2,2026-06-13 15:31:20,0.4693401230638659,0
6099,0255,2,2026-06-13 15:31:20,0.0599052266779829,1
6100,0694,2,2026-06-13 15:31:20,0.2745597284107787,0
6101,0223,2,2026-06-13 15:31:30,0.4693401230638659,0
6102,0255,2,2026-06-13 15:31:30,0.0599052266779829,0
6103,0694,2,2026-06-13 15:31:30,0.2745597284107787,0
6104,0223,2,2026-06-13 15:31:40,0.4693401230638659,0
6105,0255,2,2026-06-13 15:31:40,0.0599052266779829,0
6106,0694,2,2026-06-13 15:31:40,0.2745597284107787,0
6107,0223,2,2026-06-13 15:31:50,0.4693401230638659,1
6108,0255,2,2026-06-13 15:31:50,0.0599052266779829,0
6109,0694,2,2026-06-13 15:31:50,0.2745597284107787,0
6110,0223,2,2026-06-13 15:32:00,0.4693401230638659,0
6111,0255,2,2026-06-13 15:32:00,0.0599052266779829,0
6112,0694,2,2026-06-13 15:32:00,0.2745597284107787,0
6113,0202,2,2026-06-13 15:32:10,0.2745597284107787,0
6114,0223,2,2026-06-13 15:32:10,0.4693401230638659,0
6115,0255,2,2026-06-13 15:32:10,0.0599052266779829,0
6116,0345,2,2026-06-13 15:32:10,1.0000000000000000,0
6117,0455,2,2026-06-13 15:32:10,0.3688379659098946,0
6118,0694,2,2026-06-13 15:32:10,0.2745597284107787,0
6119,0202,2,2026-06-13 15:32:20,0.2745597284107787,0
6120,0223,2,2026-06-13 15:32:20,0.4693401230638659,0
6121,0255,2,2026-06-13 15:32:20,0.0599052266779829,0
6122,0279,2,2026-06-13 15:32:20,0.2745597284107787,0
6123,0345,2,2026-06-13 15:32:20,1.0000000000000000,0
6124,0455,2,2026-06-13 15:32:20,0.3688379659098946,1
6125,0694,2,2026-06-13 15:32:20,0.2745597284107787,0
6126,0696,2,2026-06-13 15:32:20,0.7926303133177736,0
6127,0202,2,2026-06-13 15:32:30,0.2745597284107787,0
6128,0223,2,2026-06-13 15:32:30,0.4693401230638659,0
6129,0255,2,2026-06-13 15:32:30,0.0599052266779829,0
6130,0279,2,2026-06-13 15:32:30,0.2745597284107787,0
6131,0345,2,2026-06-13 15:32:30,1.0000000000000000,0
6132,0455,2,2026-06-13 15:32:30,0.3688379659098946,1
6133,0694,2,2026-06-13 15:32:30,0.2745597284107787,0
6134,0696,2,2026-06-13 15:32:30,0.7926303133177736,0
6135,0202,2,2026-06-13 15:32:40,0.2745597284107787,0
6136,0223,2,2026-06-13 15:32:40,0.4693401230638659,0
6137,0255,2,2026-06-13 15:32:40,0.0599052266779829,0
6138,0279,2,2026-06-13 15:32:40,0.2745597284107787,0
6139,0345,2,2026-06-13 15:32:40,1.0000000000000000,0
6140,0455,2,2026-06-13 15:32:40,0.3688379659098946,0
6141,0694,2,2026-06-13 15:32:40,0.2745597284107787,0
6142,0696,2,2026-06-13 15:32:40,0.7926303133177736,1
6143,0045,2,2026-06-13 15:32:50,0.7926303133177736,0
6144,0202,2,2026-06-13 15:32:50,0.2745597284107787,0
6145,0223,2,2026-06-13 15:32:50,0.4693401230638659,0
6146,0279,2,2026-06-13 15:32:50,0.2745597284107787,0
6147,0345,2,2026-06-13 15:32:50,1.0000000000000000,0
6148,0455,2,2026-06-13 15:32:50,0.3688379659098946,0
6149,0696,2,2026-06-13 15:32:50,0.7926303133177736,0
6150,0045,2,2026-06-13 15:33:00,0.7926303133177736,0
6151,0202,2,2026-06-13 15:33:00,0.2745597284107787,0
6152,0279,2,2026-06-13 15:33:00,0.2745597284107787,1
6153,0345,2,2026-06-13 15:33:00,1.0000000000000000,0
6154,0455,2,2026-06-13 15:33:00,0.3688379659098946,0
6155,0696,2,2026-06-13 15:33:00,0.7926303133177736,0
6156,0045,2,2026-06-13 15:33:10,0.7926303133177736,0
6157,0202,2,2026-06-13 15:33:10,0.2745597284107787,0
6158,0265,2,2026-06-13 15:33:10,0.2745597284107787,0
6159,0279,2,2026-06-13 15:33:10,0.2745597284107787,0
6160,0345,2,2026-06-13 15:33:10,1.0000000000000000,0
6161,0455,2,2026-06-13 15:33:10,0.3688379659098946,0
6162,0696,2,2026-06-13 15:33:10,0.7926303133177736,0
6163,0045,2,2026-06-13 15:33:20,0.7926303133177736,0
6164,0112,2,2026-06-13 15:33:20,1.0000000000000000,0
6165,0202,2,2026-06-13 15:33:20,0.2745597284107787,0
6166,0265,2,2026-06-13 15:33:20,0.2745597284107787,0
6167,0279,2,2026-06-13 15:33:20,0.2745597284107787,0
6168,0345,2,2026-06-13 15:33:20,1.0000000000000000,0
6169,0455,2,2026-06-13 15:33:20,0.3688379659098946,0
6170,0696,2,2026-06-13 15:33:20,0.7926303133177736,0
6171,0045,2,2026-06-13 15:33:30,0.7926303133177736,0
6172,0112,2,2026-06-13 15:33:30,1.0000000000000000,0
6173,0202,2,2026-06-13 15:33:30,0.2745597284107787,1
6174,0265,2,2026-06-13 15:33:30,0.2745597284107787,0
6175,0279,2,2026-06-13 15:33:30,0.2745597284107787,0
6176,0345,2,2026-06-13 15:33:30,1.0000000000000000,0
6177,0455,2,2026-06-13 15:33:30,0.3688379659098946,0
6178,0696,2,2026-06-13 15:33:30,0.7926303133177736,0
6179,0045,2,2026-06-13 15:33:40,0.7926303133177736,0
6180,0112,2,2026-06-13 15:33:40,1.0000000000000000,0
6181,0202,2,2026-06-13 15:33:40,0.2745597284107787,0
6182,0265,2,2026-06-13 15:33:40,0.2745597284107787,0
6183,0279,2,2026-06-13 15:33:40,0.2745597284107787,0
6184,0345,2,2026-06-13 15:33:40,1.0000000000000000,1
6185,0455,2,2026-06-13 15:33:40,0.3688379659098946,0
6186,0696,2,2026-06-13 15:33:40,0.7926303133177736,0
6187,0045,2,2026-06-13 15:33:50,0.7926303133177736,1
6188,0112,2,2026-06-13 15:33:50,1.0000000000000000,0
6189,0202,2,2026-06-13 15:33:50,0.2745597284107787,0
6190,0265,2,2026-06-13 15:33:50,0.2745597284107787,0
6191,0279,2,2026-06-13 15:33:50,0.2745597284107787,0
6192,0345,2,2026-06-13 15:33:50,1.0000000000000000,0
6193,0455,2,2026-06-13 15:33:50,0.3688379659098946,0
6194,0483,2,2026-06-13 15:33:50,0.1819789235448052,0
6195,0696,2,2026-06-13 15:33:50,0.7926303133177736,0
6196,0045,2,2026-06-13 15:34:00,0.7926303133177736,0
6197,0112,2,2026-06-13 15:34:00,1.0000000000000000,1
6198,0265,2,2026-06-13 15:34:00,0.2745597284107787,0
6199,0345,2,2026-06-13 15:34:00,1.0000000000000000,0
6200,0455,2,2026-06-13 15:34:00,0.3688379659098946,0
6201,0483,2,2026-06-13 15:34:00,0.1819789235448052,0
6202,0696,2,2026-06-13 15:34:00,0.7926303133177736,0
6203,0045,2,2026-06-13 15:34:10,0.7926303133177736,0
6204,0112,2,2026-06-13 15:34:10,1.0000000000000000,0
6205,0265,2,2026-06-13 15:34:10,0.2745597284107787,0
6206,0483,2,2026-06-13 15:34:10,0.1819789235448052,0
6207,0045,2,2026-06-13 15:34:20,0.7926303133177736,1
6208,0112,2,2026-06-13 15:34:20,1.0000000000000000,0
6209,0265,2,2026-06-13 15:34:20,0.2745597284107787,0
6210,0483,2,2026-06-13 15:34:20,0.1819789235448052,0
6211,0045,2,2026-06-13 15:34:30,0.7926303133177736,0
6212,0112,2,2026-06-13 15:34:30,1.0000000000000000,0
6213,0265,2,2026-06-13 15:34:30,0.2745597284107787,0
6214,0483,2,2026-06-13 15:34:30,0.1819789235448052,0
6215,0045,2,2026-06-13 15:34:40,0.7926303133177736,0
6216,0112,2,2026-06-13 15:34:40,1.0000000000000000,0
6217,0265,2,2026-06-13 15:34:40,0.2745597284107787,1
6218,0483,2,2026-06-13 15:34:40,0.1819789235448052,0
6219,0112,2,2026-06-13 15:34:50,1.0000000000000000,0
6220,0265,2,2026-06-13 15:34:50,0.2745597284107787,1
6221,0483,2,2026-06-13 15:34:50,0.1819789235448052,0
6222,0112,2,2026-06-13 15:35:00,1.0000000000000000,0
6223,0254,2,2026-06-13 15:35:00,0.6883796590989462,0
6224,0483,2,2026-06-13 15:35:00,0.1819789235448052,0
6225,0112,2,2026-06-13 15:35:10,1.0000000000000000,0
6226,0254,2,2026-06-13 15:35:10,0.6883796590989462,0
6227,0483,2,2026-06-13 15:35:10,0.1819789235448052,1
6228,0254,2,2026-06-13 15:35:20,0.6883796590989462,0
6229,0483,2,2026-06-13 15:35:20,0.1819789235448052,1
6230,0254,2,2026-06-13 15:35:30,0.6883796590989462,0
6231,0254,2,2026-06-13 15:35:40,0.6883796590989462,1
6232,0254,2,2026-06-13 15:35:50,0.6883796590989462,0
6233,0254,2,2026-06-13 15:36:00,0.6883796590989462,0
6234,0686,2,2026-06-13 15:36:00,0.1819789235448052,1
6235,0254,2,2026-06-13 15:36:10,0.6883796590989462,0
6236,0254,2,2026-06-13 15:36:20,0.6883796590989462,0
6237,0899,2,2026-06-13 17:00:20,0.9304759884008770,1
6238,0195,2,2026-06-13 17:00:30,0.4693401230638659,0
6239,0899,2,2026-06-13 17:00:30,0.9304759884008770,1
6240,0195,2,2026-06-13 17:00:40,0.4693401230638659,0
6241,0899,2,2026-06-13 17:00:40,0.9304759884008770,0
6242,0007,2,2026-06-13 17:00:50,0.4693401230638659,1
6243,0195,2,2026-06-13 17:00:50,0.4693401230638659,0
6244,0899,2,2026-06-13 17:00:50,0.9304759884008770,0
6245,0007,2,2026-06-13 17:01:00,0.4693401230638659,0
6246,0064,2,2026-06-13 17:01:00,1.0000000000000000,0
6247,0195,2,2026-06-13 17:01:00,0.4693401230638659,0
6248,0899,2,2026-06-13 17:01:00,0.9304759884008770,0
6249,0007,2,2026-06-13 17:01:10,0.4693401230638659,0
6250,0064,2,2026-06-13 17:01:10,1.0000000000000000,1
6251,0195,2,2026-06-13 17:01:10,0.4693401230638659,0
6252,0215,2,2026-06-13 17:01:10,0.6120659169672537,0
6253,0262,2,2026-06-13 17:01:10,0.6120659169672537,0
6254,0899,2,2026-06-13 17:01:10,0.9304759884008770,0
6255,0007,2,2026-06-13 17:01:20,0.4693401230638659,0
6256,0064,2,2026-06-13 17:01:20,1.0000000000000000,0
6257,0195,2,2026-06-13 17:01:20,0.4693401230638659,0
6258,0215,2,2026-06-13 17:01:20,0.6120659169672537,0
6259,0262,2,2026-06-13 17:01:20,0.6120659169672537,0
6260,0899,2,2026-06-13 17:01:20,0.9304759884008770,0
6261,0007,2,2026-06-13 17:01:30,0.4693401230638659,0
6262,0064,2,2026-06-13 17:01:30,1.0000000000000000,0
6263,0195,2,2026-06-13 17:01:30,0.4693401230638659,1
6264,0215,2,2026-06-13 17:01:30,0.6120659169672537,0
6265,0262,2,2026-06-13 17:01:30,0.6120659169672537,0
6266,0827,2,2026-06-13 17:01:30,0.7926303133177736,0
6267,0899,2,2026-06-13 17:01:30,0.9304759884008770,0
6268,0007,2,2026-06-13 17:01:40,0.4693401230638659,0
6269,0064,2,2026-06-13 17:01:40,1.0000000000000000,0
6270,0195,2,2026-06-13 17:01:40,0.4693401230638659,0
6271,0215,2,2026-06-13 17:01:40,0.6120659169672537,0
6272,0262,2,2026-06-13 17:01:40,0.6120659169672537,0
6273,0827,2,2026-06-13 17:01:40,0.7926303133177736,0
6274,0899,2,2026-06-13 17:01:40,0.9304759884008770,0
6275,0007,2,2026-06-13 17:01:50,0.4693401230638659,0
6276,0064,2,2026-06-13 17:01:50,1.0000000000000000,0
6277,0195,2,2026-06-13 17:01:50,0.4693401230638659,0
6278,0215,2,2026-06-13 17:01:50,0.6120659169672537,0
6279,0262,2,2026-06-13 17:01:50,0.6120659169672537,0
6280,0827,2,2026-06-13 17:01:50,0.7926303133177736,1
6281,0899,2,2026-06-13 17:01:50,0.9304759884008770,0
6282,0007,2,2026-06-13 17:02:00,0.4693401230638659,0
6283,0195,2,2026-06-13 17:02:00,0.4693401230638659,0
6284,0215,2,2026-06-13 17:02:00,0.6120659169672537,0
6285,0262,2,2026-06-13 17:02:00,0.6120659169672537,0
6286,0827,2,2026-06-13 17:02:00,0.7926303133177736,1
6287,0899,2,2026-06-13 17:02:00,0.9304759884008770,0
6288,0007,2,2026-06-13 17:02:10,0.4693401230638659,0
6289,0195,2,2026-06-13 17:02:10,0.4693401230638659,0
6290,0215,2,2026-06-13 17:02:10,0.6120659169672537,0
6291,0262,2,2026-06-13 17:02:10,0.6120659169672537,0
6292,0827,2,2026-06-13 17:02:10,0.7926303133177736,0
6293,0835,2,2026-06-13 17:02:10,0.1819789235448052,0
6294,0007,2,2026-06-13 17:02:20,0.4693401230638659,0
6295,0215,2,2026-06-13 17:02:20,0.6120659169672537,0
6296,0262,2,2026-06-13 17:02:20,0.6120659169672537,1
6297,0730,2,2026-06-13 17:02:20,0.5542824810806988,0
6298,0827,2,2026-06-13 17:02:20,0.7926303133177736,0
6299,0835,2,2026-06-13 17:02:20,0.1819789235448052,0
6300,0007,2,2026-06-13 17:02:30,0.4693401230638659,0
6301,0215,2,2026-06-13 17:02:30,0.6120659169672537,0
6302,0262,2,2026-06-13 17:02:30,0.6120659169672537,0
6303,0730,2,2026-06-13 17:02:30,0.5542824810806988,0
6304,0827,2,2026-06-13 17:02:30,0.7926303133177736,0
6305,0835,2,2026-06-13 17:02:30,0.1819789235448052,0
6306,0215,2,2026-06-13 17:02:40,0.6120659169672537,0
6307,0262,2,2026-06-13 17:02:40,0.6120659169672537,0
6308,0730,2,2026-06-13 17:02:40,0.5542824810806988,0
6309,0827,2,2026-06-13 17:02:40,0.7926303133177736,0
6310,0835,2,2026-06-13 17:02:40,0.1819789235448052,0
6311,0215,2,2026-06-13 17:02:50,0.6120659169672537,1
6312,0262,2,2026-06-13 17:02:50,0.6120659169672537,0
6313,0730,2,2026-06-13 17:02:50,0.5542824810806988,0
6314,0775,2,2026-06-13 17:02:50,0.1819789235448052,0
6315,0827,2,2026-06-13 17:02:50,0.7926303133177736,0
6316,0835,2,2026-06-13 17:02:50,0.1819789235448052,0
6317,0215,2,2026-06-13 17:03:00,0.6120659169672537,0
6318,0262,2,2026-06-13 17:03:00,0.6120659169672537,0
6319,0730,2,2026-06-13 17:03:00,0.5542824810806988,0
6320,0775,2,2026-06-13 17:03:00,0.1819789235448052,0
6321,0827,2,2026-06-13 17:03:00,0.7926303133177736,0
6322,0835,2,2026-06-13 17:03:00,0.1819789235448052,0
6323,0730,2,2026-06-13 17:03:10,0.5542824810806988,1
6324,0775,2,2026-06-13 17:03:10,0.1819789235448052,0
6325,0835,2,2026-06-13 17:03:10,0.1819789235448052,0
6326,0775,2,2026-06-13 17:03:20,0.1819789235448052,0
6327,0794,2,2026-06-13 17:03:20,0.6883796590989462,0
6328,0835,2,2026-06-13 17:03:20,0.1819789235448052,1
6329,0775,2,2026-06-13 17:03:30,0.1819789235448052,0
6330,0794,2,2026-06-13 17:03:30,0.6883796590989462,0
6331,0835,2,2026-06-13 17:03:30,0.1819789235448052,1
6332,0775,2,2026-06-13 17:03:40,0.1819789235448052,0
6333,0794,2,2026-06-13 17:03:40,0.6883796590989462,0
6334,0775,2,2026-06-13 17:03:50,0.1819789235448052,0
6335,0794,2,2026-06-13 17:03:50,0.6883796590989462,1
6336,0775,2,2026-06-13 17:04:00,0.1819789235448052,0
6337,0794,2,2026-06-13 17:04:00,0.6883796590989462,0
6338,0017,2,2026-06-13 17:04:10,0.7926303133177736,0
6339,0775,2,2026-06-13 17:04:10,0.1819789235448052,0
6340,0794,2,2026-06-13 17:04:10,0.6883796590989462,0
6341,0903,2,2026-06-13 17:04:10,0.7926303133177736,0
6342,0974,2,2026-06-13 17:04:10,1.0000000000000000,1
6343,0017,2,2026-06-13 17:04:20,0.7926303133177736,0
6344,0775,2,2026-06-13 17:04:20,0.1819789235448052,0
6345,0903,2,2026-06-13 17:04:20,0.7926303133177736,0
6346,0974,2,2026-06-13 17:04:20,1.0000000000000000,0
6347,0017,2,2026-06-13 17:04:30,0.7926303133177736,0
6348,0903,2,2026-06-13 17:04:30,0.7926303133177736,1
6349,0974,2,2026-06-13 17:04:30,1.0000000000000000,0
6350,0017,2,2026-06-13 17:04:40,0.7926303133177736,0
6351,0903,2,2026-06-13 17:04:40,0.7926303133177736,0
6352,0974,2,2026-06-13 17:04:40,1.0000000000000000,0
6353,0017,2,2026-06-13 17:04:50,0.7926303133177736,0
6354,0093,2,2026-06-13 17:04:50,0.3688379659098946,1
6355,0903,2,2026-06-13 17:04:50,0.7926303133177736,0
6356,0974,2,2026-06-13 17:04:50,1.0000000000000000,0
6357,0017,2,2026-06-13 17:05:00,0.7926303133177736,0
6358,0093,2,2026-06-13 17:05:00,0.3688379659098946,0
6359,0974,2,2026-06-13 17:05:00,1.0000000000000000,0
6360,0017,2,2026-06-13 17:05:10,0.7926303133177736,0
6361,0093,2,2026-06-13 17:05:10,0.3688379659098946,0
6362,0017,2,2026-06-13 17:05:20,0.7926303133177736,1
6363,0093,2,2026-06-13 17:05:20,0.3688379659098946,0
6364,0017,2,2026-06-13 17:05:30,0.7926303133177736,0
6365,0093,2,2026-06-13 17:05:30,0.3688379659098946,0
6366,0017,2,2026-06-13 17:05:40,0.7926303133177736,1
6367,0017,2,2026-06-13 17:05:50,0.7926303133177736,0
6368,0793,2,2026-06-13 17:07:00,0.4693401230638659,0
6369,0793,2,2026-06-13 17:07:10,0.4693401230638659,1
6370,0793,2,2026-06-13 17:07:20,0.4693401230638659,1
6371,0793,2,2026-06-13 17:07:30,0.4693401230638659,0
6372,0880,2,2026-06-13 17:07:30,0.1182544734422519,0
6373,0793,2,2026-06-13 17:07:40,0.4693401230638659,0
6374,0880,2,2026-06-13 17:07:40,0.1182544734422519,0
6375,0793,2,2026-06-13 17:07:50,0.4693401230638659,0
6376,0880,2,2026-06-13 17:07:50,0.1182544734422519,0
6377,0228,2,2026-06-13 17:08:00,0.5542824810806988,1
6378,0793,2,2026-06-13 17:08:00,0.4693401230638659,0
6379,0813,2,2026-06-13 17:08:00,0.2745597284107787,0
6380,0880,2,2026-06-13 17:08:00,0.1182544734422519,0
6381,0793,2,2026-06-13 17:08:10,0.4693401230638659,0
6382,0813,2,2026-06-13 17:08:10,0.2745597284107787,0
6383,0880,2,2026-06-13 17:08:10,0.1182544734422519,0
6384,0793,2,2026-06-13 17:08:20,0.4693401230638659,0
6385,0813,2,2026-06-13 17:08:20,0.2745597284107787,1
6386,0880,2,2026-06-13 17:08:20,0.1182544734422519,0
6387,0793,2,2026-06-13 17:08:30,0.4693401230638659,0
6388,0813,2,2026-06-13 17:08:30,0.2745597284107787,0
6389,0880,2,2026-06-13 17:08:30,0.1182544734422519,0
6390,0793,2,2026-06-13 17:08:40,0.4693401230638659,0
6391,0813,2,2026-06-13 17:08:40,0.2745597284107787,0
6392,0880,2,2026-06-13 17:08:40,0.1182544734422519,1
6393,0813,2,2026-06-13 17:08:50,0.2745597284107787,0
6394,0880,2,2026-06-13 17:08:50,0.1182544734422519,0
6395,0172,2,2026-06-13 18:20:30,0.3688379659098946,0
6396,0172,2,2026-06-13 18:20:40,0.3688379659098946,0
6397,0172,2,2026-06-13 18:20:50,0.3688379659098946,0
6398,0172,2,2026-06-13 18:21:00,0.3688379659098946,0
6399,0172,2,2026-06-13 18:21:10,0.3688379659098946,0
6400,0172,2,2026-06-13 18:21:20,0.3688379659098946,0
6401,0172,2,2026-06-13 18:21:30,0.3688379659098946,0
6402,0172,2,2026-06-13 18:21:40,0.3688379659098946,1
6403,0172,2,2026-06-13 18:21:50,0.3688379659098946,0
6404,0172,2,2026-06-13 18:22:00,0.3688379659098946,0
6405,0593,2,2026-06-13 18:36:50,0.7926303133177736,0
6406,0593,2,2026-06-13 18:37:00,0.7926303133177736,0
6407,0593,2,2026-06-13 18:37:10,0.7926303133177736,0
6408,0593,2,2026-06-13 18:37:20,0.7926303133177736,0
6409,0593,2,2026-06-13 18:37:30,0.7926303133177736,1
6410,0593,2,2026-06-13 18:37:40,0.7926303133177736,0
6411,0593,2,2026-06-13 18:37:50,0.7926303133177736,0
6412,0593,2,2026-06-13 18:38:00,0.7926303133177736,0
6413,0593,2,2026-06-13 18:38:10,0.7926303133177736,0
6414,0760,2,2026-06-13 18:38:40,0.0599052266779829,1
6415,0760,2,2026-06-13 18:38:50,0.0599052266779829,0
6416,0760,2,2026-06-13 18:39:00,0.0599052266779829,0
6417,0760,2,2026-06-13 18:39:10,0.0599052266779829,0
6418,0760,2,2026-06-13 18:39:20,0.0599052266779829,0
6419,0760,2,2026-06-13 18:39:30,0.0599052266779829,0
6420,0760,2,2026-06-13 18:39:40,0.0599052266779829,0
6421,0760,2,2026-06-13 18:39:50,0.0599052266779829,0
6422,0770,2,2026-06-13 18:40:20,0.6120659169672537,0
6423,0770,2,2026-06-13 18:40:30,0.6120659169672537,0
6424,0770,2,2026-06-13 18:40:40,0.6120659169672537,0
6425,0770,2,2026-06-13 18:40:50,0.6120659169672537,0
6426,0770,2,2026-06-13 18:41:00,0.6120659169672537,1
6427,0770,2,2026-06-13 18:41:10,0.6120659169672537,0
6428,0945,2,2026-06-13 18:41:10,0.5542824810806988,0
6429,0770,2,2026-06-13 18:41:20,0.6120659169672537,0
6430,0945,2,2026-06-13 18:41:20,0.5542824810806988,0
6431,0770,2,2026-06-13 18:41:30,0.6120659169672537,0
6432,0945,2,2026-06-13 18:41:30,0.5542824810806988,1
6433,0227,2,2026-06-13 18:41:40,0.7926303133177736,0
6434,0945,2,2026-06-13 18:41:40,0.5542824810806988,1
6435,0973,2,2026-06-13 18:41:40,0.6883796590989462,0
6436,0071,2,2026-06-13 18:41:50,0.5542824810806988,0
6437,0227,2,2026-06-13 18:41:50,0.7926303133177736,0
6438,0576,2,2026-06-13 18:41:50,0.0599052266779829,0
6439,0706,2,2026-06-13 18:41:50,0.1182544734422519,0
6440,0945,2,2026-06-13 18:41:50,0.5542824810806988,0
6441,0973,2,2026-06-13 18:41:50,0.6883796590989462,0
6442,0071,2,2026-06-13 18:42:00,0.5542824810806988,0
6443,0134,2,2026-06-13 18:42:00,0.1182544734422519,0
6444,0227,2,2026-06-13 18:42:00,0.7926303133177736,0
6445,0576,2,2026-06-13 18:42:00,0.0599052266779829,0
6446,0706,2,2026-06-13 18:42:00,0.1182544734422519,0
6447,0811,2,2026-06-13 18:42:00,0.0599052266779829,0
6448,0945,2,2026-06-13 18:42:00,0.5542824810806988,0
6449,0973,2,2026-06-13 18:42:00,0.6883796590989462,1
6450,0071,2,2026-06-13 18:42:10,0.5542824810806988,0
6451,0134,2,2026-06-13 18:42:10,0.1182544734422519,0
6452,0227,2,2026-06-13 18:42:10,0.7926303133177736,0
6453,0576,2,2026-06-13 18:42:10,0.0599052266779829,0
6454,0706,2,2026-06-13 18:42:10,0.1182544734422519,0
6455,0811,2,2026-06-13 18:42:10,0.0599052266779829,0
6456,0945,2,2026-06-13 18:42:10,0.5542824810806988,0
6457,0973,2,2026-06-13 18:42:10,0.6883796590989462,0
6458,0071,2,2026-06-13 18:42:20,0.5542824810806988,1
6459,0134,2,2026-06-13 18:42:20,0.1182544734422519,0
6460,0227,2,2026-06-13 18:42:20,0.7926303133177736,0
6461,0576,2,2026-06-13 18:42:20,0.0599052266779829,0
6462,0706,2,2026-06-13 18:42:20,0.1182544734422519,0
6463,0811,2,2026-06-13 18:42:20,0.0599052266779829,0
6464,0945,2,2026-06-13 18:42:20,0.5542824810806988,0
6465,0973,2,2026-06-13 18:42:20,0.6883796590989462,0
6466,0028,2,2026-06-13 18:42:30,0.0599052266779829,0
6467,0071,2,2026-06-13 18:42:30,0.5542824810806988,0
6468,0134,2,2026-06-13 18:42:30,0.1182544734422519,0
6469,0227,2,2026-06-13 18:42:30,0.7926303133177736,0
6470,0576,2,2026-06-13 18:42:30,0.0599052266779829,0
6471,0706,2,2026-06-13 18:42:30,0.1182544734422519,0
6472,0811,2,2026-06-13 18:42:30,0.0599052266779829,0
6473,0945,2,2026-06-13 18:42:30,0.5542824810806988,0
6474,0973,2,2026-06-13 18:42:30,0.6883796590989462,1
6475,0028,2,2026-06-13 18:42:40,0.0599052266779829,0
6476,0134,2,2026-06-13 18:42:40,0.1182544734422519,0
6477,0227,2,2026-06-13 18:42:40,0.7926303133177736,0
6478,0576,2,2026-06-13 18:42:40,0.0599052266779829,0
6479,0706,2,2026-06-13 18:42:40,0.1182544734422519,1
6480,0811,2,2026-06-13 18:42:40,0.0599052266779829,0
6481,0945,2,2026-06-13 18:42:40,0.5542824810806988,0
6482,0973,2,2026-06-13 18:42:40,0.6883796590989462,0
6483,0028,2,2026-06-13 18:42:50,0.0599052266779829,0
6484,0134,2,2026-06-13 18:42:50,0.1182544734422519,0
6485,0227,2,2026-06-13 18:42:50,0.7926303133177736,0
6486,0576,2,2026-06-13 18:42:50,0.0599052266779829,0
6487,0706,2,2026-06-13 18:42:50,0.1182544734422519,0
6488,0811,2,2026-06-13 18:42:50,0.0599052266779829,1
6489,0973,2,2026-06-13 18:42:50,0.6883796590989462,0
6490,0028,2,2026-06-13 18:43:00,0.0599052266779829,0
6491,0134,2,2026-06-13 18:43:00,0.1182544734422519,0
6492,0227,2,2026-06-13 18:43:00,0.7926303133177736,0
6493,0576,2,2026-06-13 18:43:00,0.0599052266779829,0
6494,0706,2,2026-06-13 18:43:00,0.1182544734422519,0
6495,0811,2,2026-06-13 18:43:00,0.0599052266779829,0
6496,0973,2,2026-06-13 18:43:00,0.6883796590989462,0
6497,0028,2,2026-06-13 18:43:10,0.0599052266779829,0
6498,0134,2,2026-06-13 18:43:10,0.1182544734422519,0
6499,0227,2,2026-06-13 18:43:10,0.7926303133177736,0
6500,0576,2,2026-06-13 18:43:10,0.0599052266779829,0
6501,0706,2,2026-06-13 18:43:10,0.1182544734422519,1
6502,0811,2,2026-06-13 18:43:10,0.0599052266779829,0
6503,0028,2,2026-06-13 18:43:20,0.0599052266779829,0
6504,0134,2,2026-06-13 18:43:20,0.1182544734422519,0
6505,0227,2,2026-06-13 18:43:20,0.7926303133177736,1
6506,0576,2,2026-06-13 18:43:20,0.0599052266779829,0
6507,0706,2,2026-06-13 18:43:20,0.1182544734422519,0
6508,0811,2,2026-06-13 18:43:20,0.0599052266779829,0
6509,0028,2,2026-06-13 18:43:30,0.0599052266779829,0
6510,0134,2,2026-06-13 18:43:30,0.1182544734422519,0
6511,0576,2,2026-06-13 18:43:30,0.0599052266779829,1
6512,0811,2,2026-06-13 18:43:30,0.0599052266779829,0
6513,0028,2,2026-06-13 18:43:40,0.0599052266779829,0
6514,0134,2,2026-06-13 18:43:40,0.1182544734422519,1
6515,0576,2,2026-06-13 18:43:40,0.0599052266779829,0
6516,0811,2,2026-06-13 18:43:40,0.0599052266779829,0
6517,0134,2,2026-06-13 18:43:50,0.1182544734422519,0
6518,0036,2,2026-06-13 22:20:30,0.7926303133177736,0
6519,0036,2,2026-06-13 22:20:40,0.7926303133177736,1
6520,0036,2,2026-06-13 22:20:50,0.7926303133177736,0
6521,0036,2,2026-06-13 22:21:00,0.7926303133177736,0
6522,0036,2,2026-06-13 22:21:10,0.7926303133177736,0
6523,0036,2,2026-06-13 22:21:20,0.7926303133177736,0
6524,0036,2,2026-06-13 22:21:30,0.7926303133177736,0
6525,0036,2,2026-06-13 22:21:40,0.7926303133177736,0
6526,0036,2,2026-06-13 22:21:50,0.7926303133177736,1
6527,0036,2,2026-06-13 22:22:00,0.7926303133177736,0
6528,0036,2,2026-06-13 22:22:10,0.7926303133177736,0
6529,0036,2,2026-06-13 22:22:20,0.7926303133177736,0
6530,0632,2,2026-06-13 23:55:30,0.5542824810806988,0
6531,0632,2,2026-06-13 23:55:40,0.5542824810806988,1
6532,0632,2,2026-06-13 23:55:50,0.5542824810806988,0
6533,0632,2,2026-06-13 23:56:00,0.5542824810806988,0
6534,0632,2,2026-06-13 23:56:10,0.5542824810806988,0
6535,0632,2,2026-06-13 23:56:20,0.5542824810806988,0
6536,0632,2,2026-06-13 23:56:30,0.5542824810806988,0
6537,0632,2,2026-06-13 23:56:40,0.5542824810806988,0
6538,0632,2,2026-06-13 23:56:50,0.5542824810806988,0
6539,0632,2,2026-06-13 23:57:00,0.5542824810806988,0
6540,0952,2,2026-06-13 23:57:00,0.4693401230638659,0
6541,0632,2,2026-06-13 23:57:10,0.5542824810806988,0
6542,0952,2,2026-06-13 23:57:10,0.4693401230638659,0
6543,0632,2,2026-06-13 23:57:20,0.5542824810806988,0
6544,0952,2,2026-06-13 23:57:20,0.4693401230638659,0
6545,0885,2,2026-06-13 23:57:30,0.4693401230638659,0
6546,0952,2,2026-06-13 23:57:30,0.4693401230638659,0
6547,0885,2,2026-06-13 23:57:40,0.4693401230638659,0
6548,0952,2,2026-06-13 23:57:40,0.4693401230638659,1
6549,0885,2,2026-06-13 23:57:50,0.4693401230638659,0
6550,0952,2,2026-06-13 23:57:50,0.4693401230638659,0
6551,0885,2,2026-06-13 23:58:00,0.4693401230638659,0
6552,0952,2,2026-06-13 23:58:00,0.4693401230638659,0
6553,0885,2,2026-06-13 23:58:10,0.4693401230638659,1
6554,0952,2,2026-06-13 23:58:10,0.4693401230638659,0
6555,0885,2,2026-06-13 23:58:20,0.4693401230638659,0
6556,0952,2,2026-06-13 23:58:20,0.4693401230638659,0
6557,0885,2,2026-06-13 23:58:30,0.4693401230638659,0
6558,0952,2,2026-06-13 23:58:30,0.4693401230638659,0
6559,0885,2,2026-06-13 23:58:40,0.4693401230638659,1
6560,0952,2,2026-06-13 23:58:40,0.4693401230638659,0
6561,0885,2,2026-06-13 23:58:50,0.4693401230638659,0
6562,0952,2,2026-06-13 23:58:50,0.4693401230638659,0
6563,0885,2,2026-06-13 23:59:00,0.4693401230638659,0
6564,0885,2,2026-06-13 23:59:10,0.4693401230638659,0
6565,0185,2,2026-06-14 01:15:20,0.1182544734422519,0
6566,0185,2,2026-06-14 01:15:30,0.1182544734422519,0
6567,0185,2,2026-06-14 01:15:40,0.1182544734422519,0
6568,0185,2,2026-06-14 01:15:50,0.1182544734422519,0
6569,0185,2,2026-06-14 01:16:00,0.1182544734422519,1
6570,0029,2,2026-06-14 01:16:50,1.0000000000000000,0
6571,0029,2,2026-06-14 01:17:00,1.0000000000000000,0
6572,0029,2,2026-06-14 01:17:10,1.0000000000000000,0
6573,0029,2,2026-06-14 01:17:20,1.0000000000000000,0
6574,0872,2,2026-06-14 01:17:20,0.6883796590989462,1
6575,0029,2,2026-06-14 01:17:30,1.0000000000000000,0
6576,0872,2,2026-06-14 01:17:30,0.6883796590989462,0
6577,0029,2,2026-06-14 01:17:40,1.0000000000000000,0
6578,0872,2,2026-06-14 01:17:40,0.6883796590989462,0
6579,0029,2,2026-06-14 01:17:50,1.0000000000000000,1
6580,0872,2,2026-06-14 01:17:50,0.6883796590989462,0
6581,0066,2,2026-06-14 02:51:20,0.1182544734422519,0
6582,0066,2,2026-06-14 02:51:30,0.1182544734422519,0
6583,0066,2,2026-06-14 02:51:40,0.1182544734422519,0
6584,0066,2,2026-06-14 02:51:50,0.1182544734422519,0
6585,0066,2,2026-06-14 02:52:00,0.1182544734422519,0
6586,0066,2,2026-06-14 02:52:10,0.1182544734422519,1
6587,0726,2,2026-06-14 02:52:10,0.1819789235448052,0
6588,0947,2,2026-06-14 02:52:10,0.7926303133177736,0
6589,0066,2,2026-06-14 02:52:20,0.1182544734422519,0
6590,0726,2,2026-06-14 02:52:20,0.1819789235448052,1
6591,0947,2,2026-06-14 02:52:20,0.7926303133177736,0
6592,0066,2,2026-06-14 02:52:30,0.1182544734422519,0
6593,0726,2,2026-06-14 02:52:30,0.1819789235448052,0
6594,0947,2,2026-06-14 02:52:30,0.7926303133177736,0
6595,0066,2,2026-06-14 02:52:40,0.1182544734422519,0
6596,0726,2,2026-06-14 02:52:40,0.1819789235448052,0
6597,0947,2,2026-06-14 02:52:40,0.7926303133177736,0
6598,0066,2,2026-06-14 02:52:50,0.1182544734422519,0
6599,0726,2,2026-06-14 02:52:50,0.1819789235448052,0
6600,0947,2,2026-06-14 02:52:50,0.7926303133177736,1
6601,0066,2,2026-06-14 02:53:00,0.1182544734422519,0
6602,0089,2,2026-06-14 02:53:00,0.2745597284107787,0
6603,0726,2,2026-06-14 02:53:00,0.1819789235448052,0
6604,0947,2,2026-06-14 02:53:00,0.7926303133177736,0
6605,0089,2,2026-06-14 02:53:10,0.2745597284107787,0
6606,0726,2,2026-06-14 02:53:10,0.1819789235448052,0
6607,0947,2,2026-06-14 02:53:10,0.7926303133177736,0
6608,0089,2,2026-06-14 02:53:20,0.2745597284107787,0
6609,0189,2,2026-06-14 02:53:20,0.1819789235448052,0
6610,0326,2,2026-06-14 02:53:20,1.0000000000000000,1
6611,0089,2,2026-06-14 02:53:30,0.2745597284107787,0
6612,0189,2,2026-06-14 02:53:30,0.1819789235448052,0
6613,0326,2,2026-06-14 02:53:30,1.0000000000000000,0
6614,0550,2,2026-06-14 02:53:30,0.6120659169672537,1
6615,0831,2,2026-06-14 02:53:30,1.0000000000000000,0
6616,0089,2,2026-06-14 02:53:40,0.2745597284107787,0
6617,0189,2,2026-06-14 02:53:40,0.1819789235448052,0
6618,0326,2,2026-06-14 02:53:40,1.0000000000000000,0
6619,0479,2,2026-06-14 02:53:40,0.9304759884008770,0
6620,0550,2,2026-06-14 02:53:40,0.6120659169672537,0
6621,0559,2,2026-06-14 02:53:40,0.2745597284107787,0
6622,0831,2,2026-06-14 02:53:40,1.0000000000000000,1
6623,0012,2,2026-06-14 02:53:50,0.4693401230638659,0
6624,0089,2,2026-06-14 02:53:50,0.2745597284107787,0
6625,0189,2,2026-06-14 02:53:50,0.1819789235448052,0
6626,0326,2,2026-06-14 02:53:50,1.0000000000000000,1
6627,0352,2,2026-06-14 02:53:50,0.8562133107008982,0
6628,0479,2,2026-06-14 02:53:50,0.9304759884008770,0
6629,0550,2,2026-06-14 02:53:50,0.6120659169672537,0
6630,0559,2,2026-06-14 02:53:50,0.2745597284107787,0
6631,0681,2,2026-06-14 02:53:50,0.5542824810806988,0
6632,0751,2,2026-06-14 02:53:50,1.0000000000000000,0
6633,0831,2,2026-06-14 02:53:50,1.0000000000000000,0
6634,0012,2,2026-06-14 02:54:00,0.4693401230638659,0
6635,0089,2,2026-06-14 02:54:00,0.2745597284107787,0
6636,0189,2,2026-06-14 02:54:00,0.1819789235448052,0
6637,0326,2,2026-06-14 02:54:00,1.0000000000000000,0
6638,0352,2,2026-06-14 02:54:00,0.8562133107008982,0
6639,0479,2,2026-06-14 02:54:00,0.9304759884008770,0
6640,0550,2,2026-06-14 02:54:00,0.6120659169672537,1
6641,0559,2,2026-06-14 02:54:00,0.2745597284107787,0
6642,0681,2,2026-06-14 02:54:00,0.5542824810806988,0
6643,0751,2,2026-06-14 02:54:00,1.0000000000000000,0
6644,0831,2,2026-06-14 02:54:00,1.0000000000000000,0
6645,0012,2,2026-06-14 02:54:10,0.4693401230638659,0
6646,0089,2,2026-06-14 02:54:10,0.2745597284107787,0
6647,0189,2,2026-06-14 02:54:10,0.1819789235448052,0
6648,0326,2,2026-06-14 02:54:10,1.0000000000000000,0
6649,0352,2,2026-06-14 02:54:10,0.8562133107008982,1
6650,0479,2,2026-06-14 02:54:10,0.9304759884008770,0
6651,0550,2,2026-06-14 02:54:10,0.6120659169672537,0
6652,0559,2,2026-06-14 02:54:10,0.2745597284107787,0
6653,0681,2,2026-06-14 02:54:10,0.5542824810806988,0
6654,0751,2,2026-06-14 02:54:10,1.0000000000000000,0
6655,0831,2,2026-06-14 02:54:10,1.0000000000000000,0
6656,0012,2,2026-06-14 02:54:20,0.4693401230638659,0
6657,0089,2,2026-06-14 02:54:20,0.2745597284107787,0
6658,0189,2,2026-06-14 02:54:20,0.1819789235448052,0
6659,0326,2,2026-06-14 02:54:20,1.0000000000000000,0
6660,0352,2,2026-06-14 02:54:20,0.8562133107008982,0
6661,0479,2,2026-06-14 02:54:20,0.9304759884008770,0
6662,0550,2,2026-06-14 02:54:20,0.6120659169672537,0
6663,0559,2,2026-06-14 02:54:20,0.2745597284107787,0
6664,0681,2,2026-06-14 02:54:20,0.5542824810806988,0
6665,0751,2,2026-06-14 02:54:20,1.0000000000000000,1
6666,0831,2,2026-06-14 02:54:20,1.0000000000000000,0
6667,0012,2,2026-06-14 02:54:30,0.4693401230638659,0
6668,0089,2,2026-06-14 02:54:30,0.2745597284107787,0
6669,0189,2,2026-06-14 02:54:30,0.1819789235448052,0
6670,0326,2,2026-06-14 02:54:30,1.0000000000000000,0
6671,0352,2,2026-06-14 02:54:30,0.8562133107008982,0
6672,0479,2,2026-06-14 02:54:30,0.9304759884008770,0
6673,0550,2,2026-06-14 02:54:30,0.6120659169672537,0
6674,0559,2,2026-06-14 02:54:30,0.2745597284107787,0
6675,0681,2,2026-06-14 02:54:30,0.5542824810806988,1
6676,0751,2,2026-06-14 02:54:30,1.0000000000000000,0
6677,0831,2,2026-06-14 02:54:30,1.0000000000000000,0
6678,0012,2,2026-06-14 02:54:40,0.4693401230638659,0
6679,0189,2,2026-06-14 02:54:40,0.1819789235448052,0
6680,0326,2,2026-06-14 02:54:40,1.0000000000000000,0
6681,0352,2,2026-06-14 02:54:40,0.8562133107008982,1
6682,0479,2,2026-06-14 02:54:40,0.9304759884008770,0
6683,0550,2,2026-06-14 02:54:40,0.6120659169672537,0
6684,0559,2,2026-06-14 02:54:40,0.2745597284107787,0
6685,0605,2,2026-06-14 02:54:40,0.2745597284107787,0
6686,0681,2,2026-06-14 02:54:40,0.5542824810806988,0
6687,0751,2,2026-06-14 02:54:40,1.0000000000000000,0
6688,0831,2,2026-06-14 02:54:40,1.0000000000000000,0
6689,0837,2,2026-06-14 02:54:40,0.4693401230638659,0
6690,0012,2,2026-06-14 02:54:50,0.4693401230638659,0
6691,0189,2,2026-06-14 02:54:50,0.1819789235448052,0
6692,0326,2,2026-06-14 02:54:50,1.0000000000000000,0
6693,0352,2,2026-06-14 02:54:50,0.8562133107008982,0
6694,0479,2,2026-06-14 02:54:50,0.9304759884008770,0
6695,0550,2,2026-06-14 02:54:50,0.6120659169672537,0
6696,0559,2,2026-06-14 02:54:50,0.2745597284107787,0
6697,0605,2,2026-06-14 02:54:50,0.2745597284107787,0
6698,0681,2,2026-06-14 02:54:50,0.5542824810806988,0
6699,0751,2,2026-06-14 02:54:50,1.0000000000000000,0
6700,0831,2,2026-06-14 02:54:50,1.0000000000000000,0
6701,0837,2,2026-06-14 02:54:50,0.4693401230638659,0
6702,0012,2,2026-06-14 02:55:00,0.4693401230638659,0
6703,0200,2,2026-06-14 02:55:00,0.6120659169672537,0
6704,0316,2,2026-06-14 02:55:00,0.1819789235448052,0
6705,0352,2,2026-06-14 02:55:00,0.8562133107008982,0
6706,0428,2,2026-06-14 02:55:00,0.9304759884008770,0
6707,0458,2,2026-06-14 02:55:00,0.4693401230638659,0
6708,0479,2,2026-06-14 02:55:00,0.9304759884008770,0
6709,0550,2,2026-06-14 02:55:00,0.6120659169672537,0
6710,0559,2,2026-06-14 02:55:00,0.2745597284107787,0
6711,0605,2,2026-06-14 02:55:00,0.2745597284107787,0
6712,0681,2,2026-06-14 02:55:00,0.5542824810806988,0
6713,0751,2,2026-06-14 02:55:00,1.0000000000000000,0
6714,0821,2,2026-06-14 02:55:00,0.8562133107008982,1
6715,0831,2,2026-06-14 02:55:00,1.0000000000000000,0
6716,0837,2,2026-06-14 02:55:00,0.4693401230638659,0
6717,0844,2,2026-06-14 02:55:00,0.7926303133177736,0
6718,0012,2,2026-06-14 02:55:10,0.4693401230638659,0
6719,0200,2,2026-06-14 02:55:10,0.6120659169672537,0
6720,0316,2,2026-06-14 02:55:10,0.1819789235448052,0
6721,0352,2,2026-06-14 02:55:10,0.8562133107008982,0
6722,0428,2,2026-06-14 02:55:10,0.9304759884008770,0
6723,0458,2,2026-06-14 02:55:10,0.4693401230638659,0
6724,0479,2,2026-06-14 02:55:10,0.9304759884008770,0
6725,0550,2,2026-06-14 02:55:10,0.6120659169672537,0
6726,0559,2,2026-06-14 02:55:10,0.2745597284107787,0
6727,0605,2,2026-06-14 02:55:10,0.2745597284107787,0
6728,0681,2,2026-06-14 02:55:10,0.5542824810806988,0
6729,0751,2,2026-06-14 02:55:10,1.0000000000000000,0
6730,0821,2,2026-06-14 02:55:10,0.8562133107008982,0
6731,0831,2,2026-06-14 02:55:10,1.0000000000000000,0
6732,0837,2,2026-06-14 02:55:10,0.4693401230638659,1
6733,0844,2,2026-06-14 02:55:10,0.7926303133177736,0
6734,0012,2,2026-06-14 02:55:20,0.4693401230638659,0
6735,0200,2,2026-06-14 02:55:20,0.6120659169672537,0
6736,0316,2,2026-06-14 02:55:20,0.1819789235448052,1
6737,0352,2,2026-06-14 02:55:20,0.8562133107008982,0
6738,0428,2,2026-06-14 02:55:20,0.9304759884008770,0
6739,0458,2,2026-06-14 02:55:20,0.4693401230638659,0
6740,0479,2,2026-06-14 02:55:20,0.9304759884008770,0
6741,0559,2,2026-06-14 02:55:20,0.2745597284107787,0
6742,0605,2,2026-06-14 02:55:20,0.2745597284107787,0
6743,0681,2,2026-06-14 02:55:20,0.5542824810806988,0
6744,0751,2,2026-06-14 02:55:20,1.0000000000000000,0
6745,0755,2,2026-06-14 02:55:20,0.6120659169672537,0
6746,0821,2,2026-06-14 02:55:20,0.8562133107008982,0
6747,0837,2,2026-06-14 02:55:20,0.4693401230638659,0
6748,0844,2,2026-06-14 02:55:20,0.7926303133177736,0
6749,0040,2,2026-06-14 02:55:30,0.1182544734422519,0
6750,0200,2,2026-06-14 02:55:30,0.6120659169672537,1
6751,0205,2,2026-06-14 02:55:30,0.1819789235448052,0
6752,0316,2,2026-06-14 02:55:30,0.1819789235448052,0
6753,0352,2,2026-06-14 02:55:30,0.8562133107008982,0
6754,0428,2,2026-06-14 02:55:30,0.9304759884008770,0
6755,0458,2,2026-06-14 02:55:30,0.4693401230638659,0
6756,0605,2,2026-06-14 02:55:30,0.2745597284107787,0
6757,0681,2,2026-06-14 02:55:30,0.5542824810806988,0
6758,0751,2,2026-06-14 02:55:30,1.0000000000000000,0
6759,0755,2,2026-06-14 02:55:30,0.6120659169672537,0
6760,0821,2,2026-06-14 02:55:30,0.8562133107008982,0
6761,0837,2,2026-06-14 02:55:30,0.4693401230638659,0
6762,0844,2,2026-06-14 02:55:30,0.7926303133177736,0
6763,0040,2,2026-06-14 02:55:40,0.1182544734422519,0
6764,0200,2,2026-06-14 02:55:40,0.6120659169672537,0
6765,0205,2,2026-06-14 02:55:40,0.1819789235448052,0
6766,0316,2,2026-06-14 02:55:40,0.1819789235448052,0
6767,0352,2,2026-06-14 02:55:40,0.8562133107008982,0
6768,0428,2,2026-06-14 02:55:40,0.9304759884008770,0
6769,0458,2,2026-06-14 02:55:40,0.4693401230638659,0
6770,0605,2,2026-06-14 02:55:40,0.2745597284107787,0
6771,0681,2,2026-06-14 02:55:40,0.5542824810806988,0
6772,0755,2,2026-06-14 02:55:40,0.6120659169672537,0
6773,0821,2,2026-06-14 02:55:40,0.8562133107008982,0
6774,0837,2,2026-06-14 02:55:40,0.4693401230638659,0
6775,0844,2,2026-06-14 02:55:40,0.7926303133177736,0
6776,0040,2,2026-06-14 02:55:50,0.1182544734422519,0
6777,0044,2,2026-06-14 02:55:50,0.0599052266779829,0
6778,0173,2,2026-06-14 02:55:50,0.6883796590989462,0
6779,0200,2,2026-06-14 02:55:50,0.6120659169672537,0
6780,0205,2,2026-06-14 02:55:50,0.1819789235448052,0
6781,0316,2,2026-06-14 02:55:50,0.1819789235448052,0
6782,0428,2,2026-06-14 02:55:50,0.9304759884008770,0
6783,0458,2,2026-06-14 02:55:50,0.4693401230638659,0
6784,0605,2,2026-06-14 02:55:50,0.2745597284107787,0
6785,0755,2,2026-06-14 02:55:50,0.6120659169672537,0
6786,0821,2,2026-06-14 02:55:50,0.8562133107008982,0
6787,0837,2,2026-06-14 02:55:50,0.4693401230638659,0
6788,0844,2,2026-06-14 02:55:50,0.7926303133177736,1
6789,0006,2,2026-06-14 02:56:00,0.5542824810806988,0
6790,0040,2,2026-06-14 02:56:00,0.1182544734422519,0
6791,0044,2,2026-06-14 02:56:00,0.0599052266779829,0
6792,0173,2,2026-06-14 02:56:00,0.6883796590989462,0
6793,0200,2,2026-06-14 02:56:00,0.6120659169672537,0
6794,0316,2,2026-06-14 02:56:00,0.1819789235448052,0
6795,0428,2,2026-06-14 02:56:00,0.9304759884008770,0
6796,0458,2,2026-06-14 02:56:00,0.4693401230638659,0
6797,0540,2,2026-06-14 02:56:00,0.1819789235448052,0
6798,0755,2,2026-06-14 02:56:00,0.6120659169672537,0
6799,0844,2,2026-06-14 02:56:00,0.7926303133177736,0
6800,0006,2,2026-06-14 02:56:10,0.5542824810806988,0
6801,0040,2,2026-06-14 02:56:10,0.1182544734422519,0
6802,0044,2,2026-06-14 02:56:10,0.0599052266779829,0
6803,0173,2,2026-06-14 02:56:10,0.6883796590989462,0
6804,0200,2,2026-06-14 02:56:10,0.6120659169672537,0
6805,0311,2,2026-06-14 02:56:10,0.1182544734422519,0
6806,0316,2,2026-06-14 02:56:10,0.1819789235448052,0
6807,0337,2,2026-06-14 02:56:10,0.4693401230638659,0
6808,0428,2,2026-06-14 02:56:10,0.9304759884008770,1
6809,0458,2,2026-06-14 02:56:10,0.4693401230638659,0
6810,0540,2,2026-06-14 02:56:10,0.1819789235448052,0
6811,0755,2,2026-06-14 02:56:10,0.6120659169672537,0
6812,0844,2,2026-06-14 02:56:10,0.7926303133177736,0
6813,0006,2,2026-06-14 02:56:20,0.5542824810806988,0
6814,0040,2,2026-06-14 02:56:20,0.1182544734422519,0
6815,0044,2,2026-06-14 02:56:20,0.0599052266779829,0
6816,0173,2,2026-06-14 02:56:20,0.6883796590989462,0
6817,0200,2,2026-06-14 02:56:20,0.6120659169672537,0
6818,0311,2,2026-06-14 02:56:20,0.1182544734422519,0
6819,0316,2,2026-06-14 02:56:20,0.1819789235448052,0
6820,0337,2,2026-06-14 02:56:20,0.4693401230638659,0
6821,0400,2,2026-06-14 02:56:20,0.1182544734422519,0
6822,0428,2,2026-06-14 02:56:20,0.9304759884008770,0
6823,0458,2,2026-06-14 02:56:20,0.4693401230638659,0
6824,0540,2,2026-06-14 02:56:20,0.1819789235448052,0
6825,0755,2,2026-06-14 02:56:20,0.6120659169672537,0
6826,0774,2,2026-06-14 02:56:20,0.5542824810806988,0
6827,0844,2,2026-06-14 02:56:20,0.7926303133177736,1
6828,0006,2,2026-06-14 02:56:30,0.5542824810806988,0
6829,0040,2,2026-06-14 02:56:30,0.1182544734422519,0
6830,0044,2,2026-06-14 02:56:30,0.0599052266779829,0
6831,0173,2,2026-06-14 02:56:30,0.6883796590989462,0
6832,0311,2,2026-06-14 02:56:30,0.1182544734422519,0
6833,0316,2,2026-06-14 02:56:30,0.1819789235448052,0
6834,0337,2,2026-06-14 02:56:30,0.4693401230638659,0
6835,0373,2,2026-06-14 02:56:30,0.0599052266779829,0
6836,0400,2,2026-06-14 02:56:30,0.1182544734422519,0
6837,0428,2,2026-06-14 02:56:30,0.9304759884008770,0
6838,0540,2,2026-06-14 02:56:30,0.1819789235448052,0
6839,0657,2,2026-06-14 02:56:30,0.1819789235448052,0
6840,0755,2,2026-06-14 02:56:30,0.6120659169672537,0
6841,0774,2,2026-06-14 02:56:30,0.5542824810806988,0
6842,0844,2,2026-06-14 02:56:30,0.7926303133177736,0
6843,0006,2,2026-06-14 02:56:40,0.5542824810806988,0
6844,0040,2,2026-06-14 02:56:40,0.1182544734422519,0
6845,0044,2,2026-06-14 02:56:40,0.0599052266779829,0
6846,0173,2,2026-06-14 02:56:40,0.6883796590989462,0
6847,0311,2,2026-06-14 02:56:40,0.1182544734422519,0
6848,0337,2,2026-06-14 02:56:40,0.4693401230638659,0
6849,0373,2,2026-06-14 02:56:40,0.0599052266779829,0
6850,0400,2,2026-06-14 02:56:40,0.1182544734422519,0
6851,0428,2,2026-06-14 02:56:40,0.9304759884008770,0
6852,0540,2,2026-06-14 02:56:40,0.1819789235448052,0
6853,0657,2,2026-06-14 02:56:40,0.1819789235448052,0
6854,0755,2,2026-06-14 02:56:40,0.6120659169672537,0
6855,0774,2,2026-06-14 02:56:40,0.5542824810806988,1
6856,0844,2,2026-06-14 02:56:40,0.7926303133177736,0
6857,0006,2,2026-06-14 02:56:50,0.5542824810806988,1
6858,0040,2,2026-06-14 02:56:50,0.1182544734422519,0
6859,0044,2,2026-06-14 02:56:50,0.0599052266779829,0
6860,0173,2,2026-06-14 02:56:50,0.6883796590989462,0
6861,0311,2,2026-06-14 02:56:50,0.1182544734422519,0
6862,0337,2,2026-06-14 02:56:50,0.4693401230638659,0
6863,0373,2,2026-06-14 02:56:50,0.0599052266779829,0
6864,0400,2,2026-06-14 02:56:50,0.1182544734422519,0
6865,0540,2,2026-06-14 02:56:50,0.1819789235448052,0
6866,0606,2,2026-06-14 02:56:50,0.9304759884008770,0
6867,0657,2,2026-06-14 02:56:50,0.1819789235448052,0
6868,0724,2,2026-06-14 02:56:50,0.0599052266779829,0
6869,0755,2,2026-06-14 02:56:50,0.6120659169672537,0
6870,0774,2,2026-06-14 02:56:50,0.5542824810806988,0
6871,0006,2,2026-06-14 02:57:00,0.5542824810806988,1
6872,0040,2,2026-06-14 02:57:00,0.1182544734422519,0
6873,0173,2,2026-06-14 02:57:00,0.6883796590989462,0
6874,0311,2,2026-06-14 02:57:00,0.1182544734422519,0
6875,0337,2,2026-06-14 02:57:00,0.4693401230638659,0
6876,0373,2,2026-06-14 02:57:00,0.0599052266779829,0
6877,0400,2,2026-06-14 02:57:00,0.1182544734422519,0
6878,0540,2,2026-06-14 02:57:00,0.1819789235448052,0
6879,0606,2,2026-06-14 02:57:00,0.9304759884008770,0
6880,0657,2,2026-06-14 02:57:00,0.1819789235448052,0
6881,0724,2,2026-06-14 02:57:00,0.0599052266779829,0
6882,0755,2,2026-06-14 02:57:00,0.6120659169672537,0
6883,0774,2,2026-06-14 02:57:00,0.5542824810806988,0
6884,0006,2,2026-06-14 02:57:10,0.5542824810806988,0
6885,0040,2,2026-06-14 02:57:10,0.1182544734422519,0
6886,0173,2,2026-06-14 02:57:10,0.6883796590989462,0
6887,0311,2,2026-06-14 02:57:10,0.1182544734422519,0
6888,0337,2,2026-06-14 02:57:10,0.4693401230638659,0
6889,0373,2,2026-06-14 02:57:10,0.0599052266779829,0
6890,0400,2,2026-06-14 02:57:10,0.1182544734422519,0
6891,0405,2,2026-06-14 02:57:10,0.6883796590989462,0
6892,0540,2,2026-06-14 02:57:10,0.1819789235448052,0
6893,0606,2,2026-06-14 02:57:10,0.9304759884008770,0
6894,0657,2,2026-06-14 02:57:10,0.1819789235448052,0
6895,0724,2,2026-06-14 02:57:10,0.0599052266779829,0
6896,0774,2,2026-06-14 02:57:10,0.5542824810806988,0
6897,0006,2,2026-06-14 02:57:20,0.5542824810806988,0
6898,0091,2,2026-06-14 02:57:20,1.0000000000000000,1
6899,0173,2,2026-06-14 02:57:20,0.6883796590989462,0
6900,0311,2,2026-06-14 02:57:20,0.1182544734422519,0
6901,0337,2,2026-06-14 02:57:20,0.4693401230638659,0
6902,0373,2,2026-06-14 02:57:20,0.0599052266779829,0
6903,0400,2,2026-06-14 02:57:20,0.1182544734422519,0
6904,0405,2,2026-06-14 02:57:20,0.6883796590989462,0
6905,0540,2,2026-06-14 02:57:20,0.1819789235448052,0
6906,0606,2,2026-06-14 02:57:20,0.9304759884008770,0
6907,0657,2,2026-06-14 02:57:20,0.1819789235448052,0
6908,0724,2,2026-06-14 02:57:20,0.0599052266779829,0
6909,0741,2,2026-06-14 02:57:20,0.7926303133177736,0
6910,0774,2,2026-06-14 02:57:20,0.5542824810806988,0
6911,0778,2,2026-06-14 02:57:20,0.7926303133177736,0
6912,0006,2,2026-06-14 02:57:30,0.5542824810806988,0
6913,0091,2,2026-06-14 02:57:30,1.0000000000000000,0
6914,0173,2,2026-06-14 02:57:30,0.6883796590989462,0
6915,0337,2,2026-06-14 02:57:30,0.4693401230638659,0
6916,0373,2,2026-06-14 02:57:30,0.0599052266779829,0
6917,0400,2,2026-06-14 02:57:30,0.1182544734422519,0
6918,0405,2,2026-06-14 02:57:30,0.6883796590989462,0
6919,0540,2,2026-06-14 02:57:30,0.1819789235448052,0
6920,0606,2,2026-06-14 02:57:30,0.9304759884008770,0
6921,0657,2,2026-06-14 02:57:30,0.1819789235448052,0
6922,0724,2,2026-06-14 02:57:30,0.0599052266779829,0
6923,0741,2,2026-06-14 02:57:30,0.7926303133177736,1
6924,0774,2,2026-06-14 02:57:30,0.5542824810806988,0
6925,0778,2,2026-06-14 02:57:30,0.7926303133177736,0
6926,0002,2,2026-06-14 02:57:40,0.1819789235448052,0
6927,0006,2,2026-06-14 02:57:40,0.5542824810806988,0
6928,0091,2,2026-06-14 02:57:40,1.0000000000000000,0
6929,0373,2,2026-06-14 02:57:40,0.0599052266779829,0
6930,0400,2,2026-06-14 02:57:40,0.1182544734422519,0
6931,0405,2,2026-06-14 02:57:40,0.6883796590989462,0
6932,0540,2,2026-06-14 02:57:40,0.1819789235448052,0
6933,0567,2,2026-06-14 02:57:40,0.2745597284107787,0
6934,0606,2,2026-06-14 02:57:40,0.9304759884008770,0
6935,0657,2,2026-06-14 02:57:40,0.1819789235448052,0
6936,0724,2,2026-06-14 02:57:40,0.0599052266779829,0
6937,0741,2,2026-06-14 02:57:40,0.7926303133177736,0
6938,0774,2,2026-06-14 02:57:40,0.5542824810806988,0
6939,0778,2,2026-06-14 02:57:40,0.7926303133177736,0
6940,0888,2,2026-06-14 02:57:40,0.4693401230638659,0
6941,0002,2,2026-06-14 02:57:50,0.1819789235448052,0
6942,0006,2,2026-06-14 02:57:50,0.5542824810806988,0
6943,0091,2,2026-06-14 02:57:50,1.0000000000000000,0
6944,0373,2,2026-06-14 02:57:50,0.0599052266779829,0
6945,0400,2,2026-06-14 02:57:50,0.1182544734422519,0
6946,0405,2,2026-06-14 02:57:50,0.6883796590989462,0
6947,0567,2,2026-06-14 02:57:50,0.2745597284107787,0
6948,0606,2,2026-06-14 02:57:50,0.9304759884008770,1
6949,0720,2,2026-06-14 02:57:50,0.6120659169672537,0
6950,0724,2,2026-06-14 02:57:50,0.0599052266779829,0
6951,0741,2,2026-06-14 02:57:50,0.7926303133177736,0
6952,0774,2,2026-06-14 02:57:50,0.5542824810806988,0
6953,0888,2,2026-06-14 02:57:50,0.4693401230638659,0
6954,0002,2,2026-06-14 02:58:00,0.1819789235448052,0
6955,0091,2,2026-06-14 02:58:00,1.0000000000000000,0
6956,0373,2,2026-06-14 02:58:00,0.0599052266779829,0
6957,0405,2,2026-06-14 02:58:00,0.6883796590989462,0
6958,0513,2,2026-06-14 02:58:00,0.9304759884008770,0
6959,0556,2,2026-06-14 02:58:00,0.4693401230638659,0
6960,0567,2,2026-06-14 02:58:00,0.2745597284107787,0
6961,0606,2,2026-06-14 02:58:00,0.9304759884008770,0
6962,0720,2,2026-06-14 02:58:00,0.6120659169672537,0
6963,0724,2,2026-06-14 02:58:00,0.0599052266779829,0
6964,0741,2,2026-06-14 02:58:00,0.7926303133177736,0
6965,0774,2,2026-06-14 02:58:00,0.5542824810806988,0
6966,0888,2,2026-06-14 02:58:00,0.4693401230638659,0
6967,0002,2,2026-06-14 02:58:10,0.1819789235448052,0
6968,0091,2,2026-06-14 02:58:10,1.0000000000000000,0
6969,0373,2,2026-06-14 02:58:10,0.0599052266779829,0
6970,0405,2,2026-06-14 02:58:10,0.6883796590989462,0
6971,0513,2,2026-06-14 02:58:10,0.9304759884008770,0
6972,0556,2,2026-06-14 02:58:10,0.4693401230638659,0
6973,0567,2,2026-06-14 02:58:10,0.2745597284107787,0
6974,0600,2,2026-06-14 02:58:10,0.6883796590989462,0
6975,0606,2,2026-06-14 02:58:10,0.9304759884008770,0
6976,0720,2,2026-06-14 02:58:10,0.6120659169672537,0
6977,0724,2,2026-06-14 02:58:10,0.0599052266779829,1
6978,0741,2,2026-06-14 02:58:10,0.7926303133177736,0
6979,0888,2,2026-06-14 02:58:10,0.4693401230638659,0
6980,0002,2,2026-06-14 02:58:20,0.1819789235448052,0
6981,0091,2,2026-06-14 02:58:20,1.0000000000000000,0
6982,0373,2,2026-06-14 02:58:20,0.0599052266779829,0
6983,0405,2,2026-06-14 02:58:20,0.6883796590989462,0
6984,0513,2,2026-06-14 02:58:20,0.9304759884008770,0
6985,0556,2,2026-06-14 02:58:20,0.4693401230638659,0
6986,0567,2,2026-06-14 02:58:20,0.2745597284107787,0
6987,0600,2,2026-06-14 02:58:20,0.6883796590989462,0
6988,0606,2,2026-06-14 02:58:20,0.9304759884008770,1
6989,0720,2,2026-06-14 02:58:20,0.6120659169672537,0
6990,0724,2,2026-06-14 02:58:20,0.0599052266779829,0
6991,0741,2,2026-06-14 02:58:20,0.7926303133177736,0
6992,0888,2,2026-06-14 02:58:20,0.4693401230638659,0
6993,0002,2,2026-06-14 02:58:30,0.1819789235448052,0
6994,0091,2,2026-06-14 02:58:30,1.0000000000000000,0
6995,0405,2,2026-06-14 02:58:30,0.6883796590989462,1
6996,0513,2,2026-06-14 02:58:30,0.9304759884008770,0
6997,0556,2,2026-06-14 02:58:30,0.4693401230638659,0
6998,0567,2,2026-06-14 02:58:30,0.2745597284107787,0
6999,0600,2,2026-06-14 02:58:30,0.6883796590989462,0
7000,0606,2,2026-06-14 02:58:30,0.9304759884008770,0
7001,0720,2,2026-06-14 02:58:30,0.6120659169672537,0
7002,0741,2,2026-06-14 02:58:30,0.7926303133177736,0
7003,0888,2,2026-06-14 02:58:30,0.4693401230638659,0
7004,0002,2,2026-06-14 02:58:40,0.1819789235448052,0
7005,0091,2,2026-06-14 02:58:40,1.0000000000000000,0
7006,0297,2,2026-06-14 02:58:40,0.6883796590989462,0
7007,0366,2,2026-06-14 02:58:40,1.0000000000000000,0
7008,0405,2,2026-06-14 02:58:40,0.6883796590989462,1
7009,0513,2,2026-06-14 02:58:40,0.9304759884008770,0
7010,0556,2,2026-06-14 02:58:40,0.4693401230638659,0
7011,0567,2,2026-06-14 02:58:40,0.2745597284107787,0
7012,0600,2,2026-06-14 02:58:40,0.6883796590989462,0
7013,0720,2,2026-06-14 02:58:40,0.6120659169672537,0
7014,0741,2,2026-06-14 02:58:40,0.7926303133177736,0
7015,0888,2,2026-06-14 02:58:40,0.4693401230638659,0
7016,0091,2,2026-06-14 02:58:50,1.0000000000000000,0
7017,0297,2,2026-06-14 02:58:50,0.6883796590989462,0
7018,0366,2,2026-06-14 02:58:50,1.0000000000000000,0
7019,0405,2,2026-06-14 02:58:50,0.6883796590989462,0
7020,0513,2,2026-06-14 02:58:50,0.9304759884008770,0
7021,0556,2,2026-06-14 02:58:50,0.4693401230638659,0
7022,0567,2,2026-06-14 02:58:50,0.2745597284107787,0
7023,0600,2,2026-06-14 02:58:50,0.6883796590989462,0
7024,0636,2,2026-06-14 02:58:50,1.0000000000000000,0
7025,0720,2,2026-06-14 02:58:50,0.6120659169672537,0
7026,0741,2,2026-06-14 02:58:50,0.7926303133177736,0
7027,0091,2,2026-06-14 02:59:00,1.0000000000000000,0
7028,0297,2,2026-06-14 02:59:00,0.6883796590989462,0
7029,0332,2,2026-06-14 02:59:00,0.7926303133177736,0
7030,0405,2,2026-06-14 02:59:00,0.6883796590989462,0
7031,0513,2,2026-06-14 02:59:00,0.9304759884008770,1
7032,0556,2,2026-06-14 02:59:00,0.4693401230638659,0
7033,0567,2,2026-06-14 02:59:00,0.2745597284107787,0
7034,0600,2,2026-06-14 02:59:00,0.6883796590989462,0
7035,0636,2,2026-06-14 02:59:00,1.0000000000000000,0
7036,0720,2,2026-06-14 02:59:00,0.6120659169672537,0
7037,0738,2,2026-06-14 02:59:00,0.5542824810806988,0
7038,0741,2,2026-06-14 02:59:00,0.7926303133177736,0
7039,0860,2,2026-06-14 02:59:00,0.0599052266779829,0
7040,0332,2,2026-06-14 02:59:10,0.7926303133177736,0
7041,0513,2,2026-06-14 02:59:10,0.9304759884008770,0
7042,0556,2,2026-06-14 02:59:10,0.4693401230638659,0
7043,0567,2,2026-06-14 02:59:10,0.2745597284107787,0
7044,0595,2,2026-06-14 02:59:10,0.7926303133177736,0
7045,0600,2,2026-06-14 02:59:10,0.6883796590989462,0
7046,0636,2,2026-06-14 02:59:10,1.0000000000000000,0
7047,0738,2,2026-06-14 02:59:10,0.5542824810806988,0
7048,0860,2,2026-06-14 02:59:10,0.0599052266779829,0
7049,0949,2,2026-06-14 02:59:10,0.2745597284107787,0
7050,0072,2,2026-06-14 02:59:20,0.2745597284107787,0
7051,0332,2,2026-06-14 02:59:20,0.7926303133177736,0
7052,0513,2,2026-06-14 02:59:20,0.9304759884008770,0
7053,0556,2,2026-06-14 02:59:20,0.4693401230638659,0
7054,0567,2,2026-06-14 02:59:20,0.2745597284107787,0
7055,0595,2,2026-06-14 02:59:20,0.7926303133177736,0
7056,0600,2,2026-06-14 02:59:20,0.6883796590989462,1
7057,0636,2,2026-06-14 02:59:20,1.0000000000000000,0
7058,0738,2,2026-06-14 02:59:20,0.5542824810806988,0
7059,0860,2,2026-06-14 02:59:20,0.0599052266779829,0
7060,0949,2,2026-06-14 02:59:20,0.2745597284107787,0
7061,0072,2,2026-06-14 02:59:30,0.2745597284107787,0
7062,0332,2,2026-06-14 02:59:30,0.7926303133177736,0
7063,0513,2,2026-06-14 02:59:30,0.9304759884008770,0
7064,0556,2,2026-06-14 02:59:30,0.4693401230638659,0
7065,0595,2,2026-06-14 02:59:30,0.7926303133177736,0
7066,0600,2,2026-06-14 02:59:30,0.6883796590989462,0
7067,0624,2,2026-06-14 02:59:30,0.1182544734422519,0
7068,0636,2,2026-06-14 02:59:30,1.0000000000000000,0
7069,0738,2,2026-06-14 02:59:30,0.5542824810806988,0
7070,0860,2,2026-06-14 02:59:30,0.0599052266779829,0
7071,0949,2,2026-06-14 02:59:30,0.2745597284107787,0
7072,0957,2,2026-06-14 02:59:30,0.1819789235448052,0
7073,0072,2,2026-06-14 02:59:40,0.2745597284107787,0
7074,0318,2,2026-06-14 02:59:40,1.0000000000000000,0
7075,0332,2,2026-06-14 02:59:40,0.7926303133177736,0
7076,0556,2,2026-06-14 02:59:40,0.4693401230638659,1
7077,0595,2,2026-06-14 02:59:40,0.7926303133177736,0
7078,0600,2,2026-06-14 02:59:40,0.6883796590989462,0
7079,0624,2,2026-06-14 02:59:40,0.1182544734422519,0
7080,0636,2,2026-06-14 02:59:40,1.0000000000000000,0
7081,0738,2,2026-06-14 02:59:40,0.5542824810806988,0
7082,0860,2,2026-06-14 02:59:40,0.0599052266779829,0
7083,0949,2,2026-06-14 02:59:40,0.2745597284107787,0
7084,0957,2,2026-06-14 02:59:40,0.1819789235448052,0
7085,0072,2,2026-06-14 02:59:50,0.2745597284107787,0
7086,0318,2,2026-06-14 02:59:50,1.0000000000000000,0
7087,0332,2,2026-06-14 02:59:50,0.7926303133177736,0
7088,0595,2,2026-06-14 02:59:50,0.7926303133177736,0
7089,0600,2,2026-06-14 02:59:50,0.6883796590989462,1
7090,0624,2,2026-06-14 02:59:50,0.1182544734422519,0
7091,0636,2,2026-06-14 02:59:50,1.0000000000000000,0
7092,0738,2,2026-06-14 02:59:50,0.5542824810806988,0
7093,0860,2,2026-06-14 02:59:50,0.0599052266779829,0
7094,0949,2,2026-06-14 02:59:50,0.2745597284107787,0
7095,0957,2,2026-06-14 02:59:50,0.1819789235448052,0
7096,0072,2,2026-06-14 03:00:00,0.2745597284107787,0
7097,0318,2,2026-06-14 03:00:00,1.0000000000000000,0
7098,0332,2,2026-06-14 03:00:00,0.7926303133177736,0
7099,0595,2,2026-06-14 03:00:00,0.7926303133177736,0
7100,0600,2,2026-06-14 03:00:00,0.6883796590989462,0
7101,0624,2,2026-06-14 03:00:00,0.1182544734422519,0
7102,0636,2,2026-06-14 03:00:00,1.0000000000000000,0
7103,0949,2,2026-06-14 03:00:00,0.2745597284107787,0
7104,0957,2,2026-06-14 03:00:00,0.1819789235448052,0
7105,0072,2,2026-06-14 03:00:10,0.2745597284107787,0
7106,0318,2,2026-06-14 03:00:10,1.0000000000000000,0
7107,0332,2,2026-06-14 03:00:10,0.7926303133177736,0
7108,0595,2,2026-06-14 03:00:10,0.7926303133177736,0
7109,0624,2,2026-06-14 03:00:10,0.1182544734422519,0
7110,0636,2,2026-06-14 03:00:10,1.0000000000000000,1
7111,0949,2,2026-06-14 03:00:10,0.2745597284107787,0
7112,0957,2,2026-06-14 03:00:10,0.1819789235448052,0
7113,0072,2,2026-06-14 03:00:20,0.2745597284107787,0
7114,0318,2,2026-06-14 03:00:20,1.0000000000000000,0
7115,0332,2,2026-06-14 03:00:20,0.7926303133177736,0
7116,0595,2,2026-06-14 03:00:20,0.7926303133177736,0
7117,0624,2,2026-06-14 03:00:20,0.1182544734422519,0
7118,0636,2,2026-06-14 03:00:20,1.0000000000000000,0
7119,0949,2,2026-06-14 03:00:20,0.2745597284107787,1
7120,0957,2,2026-06-14 03:00:20,0.1819789235448052,0
7121,0318,2,2026-06-14 03:00:30,1.0000000000000000,0
7122,0332,2,2026-06-14 03:00:30,0.7926303133177736,0
7123,0595,2,2026-06-14 03:00:30,0.7926303133177736,1
7124,0624,2,2026-06-14 03:00:30,0.1182544734422519,0
7125,0636,2,2026-06-14 03:00:30,1.0000000000000000,0
7126,0957,2,2026-06-14 03:00:30,0.1819789235448052,0
7127,0318,2,2026-06-14 03:00:40,1.0000000000000000,0
7128,0332,2,2026-06-14 03:00:40,0.7926303133177736,1
7129,0595,2,2026-06-14 03:00:40,0.7926303133177736,0
7130,0624,2,2026-06-14 03:00:40,0.1182544734422519,0
7131,0636,2,2026-06-14 03:00:40,1.0000000000000000,0
7132,0957,2,2026-06-14 03:00:40,0.1819789235448052,0
7133,0318,2,2026-06-14 03:00:50,1.0000000000000000,1
7134,0624,2,2026-06-14 03:00:50,0.1182544734422519,0
7135,0318,2,2026-06-14 03:01:00,1.0000000000000000,0
7136,0624,2,2026-06-14 03:01:00,0.1182544734422519,1
7137,0318,2,2026-06-14 03:01:10,1.0000000000000000,1
7138,0624,2,2026-06-14 03:01:10,0.1182544734422519,0
7139,0108,2,2026-06-14 03:04:30,0.0599052266779829,1
7140,0108,2,2026-06-14 03:04:40,0.0599052266779829,0
7141,0108,2,2026-06-14 03:04:50,0.0599052266779829,0
7142,0108,2,2026-06-14 03:05:00,0.0599052266779829,0
7143,0108,2,2026-06-14 03:05:10,0.0599052266779829,0
7144,0108,2,2026-06-14 03:05:20,0.0599052266779829,0
7145,0108,2,2026-06-14 03:05:30,0.0599052266779829,0
7146,0038,2,2026-06-14 03:05:40,1.0000000000000000,1
7147,0108,2,2026-06-14 03:05:40,0.0599052266779829,0
7148,0038,2,2026-06-14 03:05:50,1.0000000000000000,0
7149,0108,2,2026-06-14 03:05:50,0.0599052266779829,0
7150,0038,2,2026-06-14 03:06:00,1.0000000000000000,0
7151,0108,2,2026-06-14 03:06:00,0.0599052266779829,0
7152,0038,2,2026-06-14 03:06:10,1.0000000000000000,1
7153,0108,2,2026-06-14 03:06:10,0.0599052266779829,0
7154,0599,2,2026-06-14 03:06:10,0.9304759884008770,0
7155,0038,2,2026-06-14 03:06:20,1.0000000000000000,0
7156,0599,2,2026-06-14 03:06:20,0.9304759884008770,0
7157,0038,2,2026-06-14 03:06:30,1.0000000000000000,0
7158,0599,2,2026-06-14 03:06:30,0.9304759884008770,0
7159,0038,2,2026-06-14 03:06:40,1.0000000000000000,0
7160,0599,2,2026-06-14 03:06:40,0.9304759884008770,1
7161,0038,2,2026-06-14 03:06:50,1.0000000000000000,0
7162,0599,2,2026-06-14 03:06:50,0.9304759884008770,0
7163,0038,2,2026-06-14 03:07:00,1.0000000000000000,0
7164,0599,2,2026-06-14 03:07:00,0.9304759884008770,0
7165,0599,2,2026-06-14 03:07:10,0.9304759884008770,0
7166,0709,2,2026-06-14 03:07:20,0.6120659169672537,1
7167,0037,2,2026-06-14 03:07:30,0.9304759884008770,1
7168,0709,2,2026-06-14 03:07:30,0.6120659169672537,0
7169,0869,2,2026-06-14 03:07:30,0.4693401230638659,0
7170,0037,2,2026-06-14 03:07:40,0.9304759884008770,0
7171,0098,2,2026-06-14 03:07:40,0.9304759884008770,0
7172,0387,2,2026-06-14 03:07:40,0.5542824810806988,0
7173,0709,2,2026-06-14 03:07:40,0.6120659169672537,0
7174,0869,2,2026-06-14 03:07:40,0.4693401230638659,0
7175,0037,2,2026-06-14 03:07:50,0.9304759884008770,0
7176,0098,2,2026-06-14 03:07:50,0.9304759884008770,0
7177,0387,2,2026-06-14 03:07:50,0.5542824810806988,0
7178,0421,2,2026-06-14 03:07:50,0.9304759884008770,0
7179,0476,2,2026-06-14 03:07:50,0.5542824810806988,0
7180,0709,2,2026-06-14 03:07:50,0.6120659169672537,0
7181,0869,2,2026-06-14 03:07:50,0.4693401230638659,1
7182,0037,2,2026-06-14 03:08:00,0.9304759884008770,1
7183,0098,2,2026-06-14 03:08:00,0.9304759884008770,0
7184,0387,2,2026-06-14 03:08:00,0.5542824810806988,0
7185,0421,2,2026-06-14 03:08:00,0.9304759884008770,0
7186,0476,2,2026-06-14 03:08:00,0.5542824810806988,0
7187,0709,2,2026-06-14 03:08:00,0.6120659169672537,0
7188,0715,2,2026-06-14 03:08:00,0.6120659169672537,0
7189,0869,2,2026-06-14 03:08:00,0.4693401230638659,0
7190,0037,2,2026-06-14 03:08:10,0.9304759884008770,0
7191,0098,2,2026-06-14 03:08:10,0.9304759884008770,0
7192,0387,2,2026-06-14 03:08:10,0.5542824810806988,0
7193,0421,2,2026-06-14 03:08:10,0.9304759884008770,0
7194,0476,2,2026-06-14 03:08:10,0.5542824810806988,0
7195,0709,2,2026-06-14 03:08:10,0.6120659169672537,0
7196,0715,2,2026-06-14 03:08:10,0.6120659169672537,0
7197,0869,2,2026-06-14 03:08:10,0.4693401230638659,0
7198,0037,2,2026-06-14 03:08:20,0.9304759884008770,0
7199,0098,2,2026-06-14 03:08:20,0.9304759884008770,1
7200,0387,2,2026-06-14 03:08:20,0.5542824810806988,0
7201,0421,2,2026-06-14 03:08:20,0.9304759884008770,0
7202,0476,2,2026-06-14 03:08:20,0.5542824810806988,0
7203,0709,2,2026-06-14 03:08:20,0.6120659169672537,0
7204,0715,2,2026-06-14 03:08:20,0.6120659169672537,0
7205,0869,2,2026-06-14 03:08:20,0.4693401230638659,0
7206,0037,2,2026-06-14 03:08:30,0.9304759884008770,0
7207,0098,2,2026-06-14 03:08:30,0.9304759884008770,0
7208,0387,2,2026-06-14 03:08:30,0.5542824810806988,0
7209,0421,2,2026-06-14 03:08:30,0.9304759884008770,0
7210,0476,2,2026-06-14 03:08:30,0.5542824810806988,0
7211,0709,2,2026-06-14 03:08:30,0.6120659169672537,0
7212,0715,2,2026-06-14 03:08:30,0.6120659169672537,1
7213,0869,2,2026-06-14 03:08:30,0.4693401230638659,0
7214,0037,2,2026-06-14 03:08:40,0.9304759884008770,0
7215,0098,2,2026-06-14 03:08:40,0.9304759884008770,0
7216,0387,2,2026-06-14 03:08:40,0.5542824810806988,0
7217,0421,2,2026-06-14 03:08:40,0.9304759884008770,0
7218,0476,2,2026-06-14 03:08:40,0.5542824810806988,0
7219,0709,2,2026-06-14 03:08:40,0.6120659169672537,0
7220,0715,2,2026-06-14 03:08:40,0.6120659169672537,0
7221,0869,2,2026-06-14 03:08:40,0.4693401230638659,0
7222,0037,2,2026-06-14 03:08:50,0.9304759884008770,0
7223,0098,2,2026-06-14 03:08:50,0.9304759884008770,1
7224,0387,2,2026-06-14 03:08:50,0.5542824810806988,0
7225,0421,2,2026-06-14 03:08:50,0.9304759884008770,0
7226,0476,2,2026-06-14 03:08:50,0.5542824810806988,0
7227,0709,2,2026-06-14 03:08:50,0.6120659169672537,0
7228,0869,2,2026-06-14 03:08:50,0.4693401230638659,0
7229,0037,2,2026-06-14 03:09:00,0.9304759884008770,0
7230,0709,2,2026-06-14 03:09:00,0.6120659169672537,0
7231,0869,2,2026-06-14 03:09:00,0.4693401230638659,0
7232,0037,2,2026-06-14 03:09:10,0.9304759884008770,0
7233,0709,2,2026-06-14 03:09:10,0.6120659169672537,0
7234,0869,2,2026-06-14 03:09:10,0.4693401230638659,0
7235,0393,2,2026-06-14 04:33:10,0.6120659169672537,1
7236,0393,2,2026-06-14 04:33:20,0.6120659169672537,0
7237,0393,2,2026-06-14 04:33:30,0.6120659169672537,0
7238,0393,2,2026-06-14 04:33:40,0.6120659169672537,0
7239,0393,2,2026-06-14 04:33:50,0.6120659169672537,0
7240,0393,2,2026-06-14 04:34:00,0.6120659169672537,1
7241,0727,2,2026-06-14 04:34:00,0.1819789235448052,0
7242,0393,2,2026-06-14 04:34:10,0.6120659169672537,0
7243,0727,2,2026-06-14 04:34:10,0.1819789235448052,0
7244,0393,2,2026-06-14 04:34:20,0.6120659169672537,0
7245,0727,2,2026-06-14 04:34:20,0.1819789235448052,0
7246,0393,2,2026-06-14 04:34:30,0.6120659169672537,0
7247,0727,2,2026-06-14 04:34:30,0.1819789235448052,1
7248,0393,2,2026-06-14 04:34:40,0.6120659169672537,0
7249,0727,2,2026-06-14 04:34:40,0.1819789235448052,1
7250,0393,2,2026-06-14 04:34:50,0.6120659169672537,0
7251,0727,2,2026-06-14 04:34:50,0.1819789235448052,0
7252,0727,2,2026-06-14 04:35:00,0.1819789235448052,0
7253,0727,2,2026-06-14 04:35:10,0.1819789235448052,0
7254,0727,2,2026-06-14 04:35:20,0.1819789235448052,0
7255,0727,2,2026-06-14 04:35:30,0.1819789235448052,0
7256,0727,2,2026-06-14 04:35:40,0.1819789235448052,0
7257,0727,2,2026-06-14 04:35:50,0.1819789235448052,0
7258,0052,2,2026-06-14 04:36:30,0.6883796590989462,0
7259,0052,2,2026-06-14 04:36:40,0.6883796590989462,0
7260,0052,2,2026-06-14 04:36:50,0.6883796590989462,0
7261,0052,2,2026-06-14 04:37:00,0.6883796590989462,0
7262,0052,2,2026-06-14 04:37:10,0.6883796590989462,1
7263,0052,2,2026-06-14 04:37:20,0.6883796590989462,0
7264,0052,2,2026-06-14 04:37:30,0.6883796590989462,0
7265,0083,2,2026-06-14 04:37:30,0.0599052266779829,0
7266,0767,2,2026-06-14 04:37:30,1.0000000000000000,1
7267,0954,2,2026-06-14 04:37:30,0.8562133107008982,0
7268,0052,2,2026-06-14 04:37:40,0.6883796590989462,0
7269,0083,2,2026-06-14 04:37:40,0.0599052266779829,0
7270,0767,2,2026-06-14 04:37:40,1.0000000000000000,0
7271,0954,2,2026-06-14 04:37:40,0.8562133107008982,1
7272,0052,2,2026-06-14 04:37:50,0.6883796590989462,0
7273,0083,2,2026-06-14 04:37:50,0.0599052266779829,0
7274,0767,2,2026-06-14 04:37:50,1.0000000000000000,0
7275,0954,2,2026-06-14 04:37:50,0.8562133107008982,1
7276,0052,2,2026-06-14 04:38:00,0.6883796590989462,0
7277,0083,2,2026-06-14 04:38:00,0.0599052266779829,0
7278,0288,2,2026-06-14 04:38:00,0.3688379659098946,0
7279,0466,2,2026-06-14 04:38:00,0.5542824810806988,0
7280,0589,2,2026-06-14 04:38:00,0.6120659169672537,0
7281,0610,2,2026-06-14 04:38:00,1.0000000000000000,0
7282,0671,2,2026-06-14 04:38:00,0.7926303133177736,0
7283,0767,2,2026-06-14 04:38:00,1.0000000000000000,1
7284,0954,2,2026-06-14 04:38:00,0.8562133107008982,0
7285,0052,2,2026-06-14 04:38:10,0.6883796590989462,0
7286,0083,2,2026-06-14 04:38:10,0.0599052266779829,0
7287,0288,2,2026-06-14 04:38:10,0.3688379659098946,0
7288,0466,2,2026-06-14 04:38:10,0.5542824810806988,0
7289,0589,2,2026-06-14 04:38:10,0.6120659169672537,1
7290,0610,2,2026-06-14 04:38:10,1.0000000000000000,0
7291,0671,2,2026-06-14 04:38:10,0.7926303133177736,0
7292,0767,2,2026-06-14 04:38:10,1.0000000000000000,0
7293,0867,2,2026-06-14 04:38:10,0.7926303133177736,0
7294,0901,2,2026-06-14 04:38:10,1.0000000000000000,0
7295,0954,2,2026-06-14 04:38:10,0.8562133107008982,0
7296,0083,2,2026-06-14 04:38:20,0.0599052266779829,0
7297,0288,2,2026-06-14 04:38:20,0.3688379659098946,0
7298,0466,2,2026-06-14 04:38:20,0.5542824810806988,0
7299,0589,2,2026-06-14 04:38:20,0.6120659169672537,0
7300,0610,2,2026-06-14 04:38:20,1.0000000000000000,0
7301,0671,2,2026-06-14 04:38:20,0.7926303133177736,0
7302,0767,2,2026-06-14 04:38:20,1.0000000000000000,0
7303,0867,2,2026-06-14 04:38:20,0.7926303133177736,0
7304,0901,2,2026-06-14 04:38:20,1.0000000000000000,1
7305,0954,2,2026-06-14 04:38:20,0.8562133107008982,0
7306,0083,2,2026-06-14 04:38:30,0.0599052266779829,0
7307,0288,2,2026-06-14 04:38:30,0.3688379659098946,0
7308,0466,2,2026-06-14 04:38:30,0.5542824810806988,0
7309,0589,2,2026-06-14 04:38:30,0.6120659169672537,0
7310,0610,2,2026-06-14 04:38:30,1.0000000000000000,0
7311,0671,2,2026-06-14 04:38:30,0.7926303133177736,0
7312,0767,2,2026-06-14 04:38:30,1.0000000000000000,0
7313,0867,2,2026-06-14 04:38:30,0.7926303133177736,0
7314,0901,2,2026-06-14 04:38:30,1.0000000000000000,0
7315,0936,2,2026-06-14 04:38:30,0.4693401230638659,1
7316,0954,2,2026-06-14 04:38:30,0.8562133107008982,0
7317,0083,2,2026-06-14 04:38:40,0.0599052266779829,0
7318,0237,2,2026-06-14 04:38:40,0.5542824810806988,0
7319,0288,2,2026-06-14 04:38:40,0.3688379659098946,0
7320,0344,2,2026-06-14 04:38:40,0.2745597284107787,0
7321,0466,2,2026-06-14 04:38:40,0.5542824810806988,0
7322,0487,2,2026-06-14 04:38:40,0.7926303133177736,0
7323,0589,2,2026-06-14 04:38:40,0.6120659169672537,0
7324,0610,2,2026-06-14 04:38:40,1.0000000000000000,0
7325,0671,2,2026-06-14 04:38:40,0.7926303133177736,0
7326,0767,2,2026-06-14 04:38:40,1.0000000000000000,0
7327,0867,2,2026-06-14 04:38:40,0.7926303133177736,0
7328,0901,2,2026-06-14 04:38:40,1.0000000000000000,0
7329,0936,2,2026-06-14 04:38:40,0.4693401230638659,0
7330,0954,2,2026-06-14 04:38:40,0.8562133107008982,0
7331,0083,2,2026-06-14 04:38:50,0.0599052266779829,0
7332,0129,2,2026-06-14 04:38:50,0.8562133107008982,0
7333,0237,2,2026-06-14 04:38:50,0.5542824810806988,0
7334,0288,2,2026-06-14 04:38:50,0.3688379659098946,0
7335,0344,2,2026-06-14 04:38:50,0.2745597284107787,0
7336,0432,2,2026-06-14 04:38:50,0.7926303133177736,0
7337,0466,2,2026-06-14 04:38:50,0.5542824810806988,0
7338,0487,2,2026-06-14 04:38:50,0.7926303133177736,0
7339,0589,2,2026-06-14 04:38:50,0.6120659169672537,0
7340,0610,2,2026-06-14 04:38:50,1.0000000000000000,0
7341,0671,2,2026-06-14 04:38:50,0.7926303133177736,0
7342,0767,2,2026-06-14 04:38:50,1.0000000000000000,0
7343,0867,2,2026-06-14 04:38:50,0.7926303133177736,1
7344,0901,2,2026-06-14 04:38:50,1.0000000000000000,0
7345,0936,2,2026-06-14 04:38:50,0.4693401230638659,0
7346,0954,2,2026-06-14 04:38:50,0.8562133107008982,0
7347,0083,2,2026-06-14 04:39:00,0.0599052266779829,0
7348,0129,2,2026-06-14 04:39:00,0.8562133107008982,0
7349,0237,2,2026-06-14 04:39:00,0.5542824810806988,0
7350,0288,2,2026-06-14 04:39:00,0.3688379659098946,0
7351,0344,2,2026-06-14 04:39:00,0.2745597284107787,0
7352,0466,2,2026-06-14 04:39:00,0.5542824810806988,0
7353,0487,2,2026-06-14 04:39:00,0.7926303133177736,0
7354,0589,2,2026-06-14 04:39:00,0.6120659169672537,0
7355,0610,2,2026-06-14 04:39:00,1.0000000000000000,1
7356,0671,2,2026-06-14 04:39:00,0.7926303133177736,0
7357,0767,2,2026-06-14 04:39:00,1.0000000000000000,0
7358,0867,2,2026-06-14 04:39:00,0.7926303133177736,0
7359,0901,2,2026-06-14 04:39:00,1.0000000000000000,0
7360,0936,2,2026-06-14 04:39:00,0.4693401230638659,0
7361,0954,2,2026-06-14 04:39:00,0.8562133107008982,0
7362,0083,2,2026-06-14 04:39:10,0.0599052266779829,0
7363,0237,2,2026-06-14 04:39:10,0.5542824810806988,0
7364,0288,2,2026-06-14 04:39:10,0.3688379659098946,0
7365,0344,2,2026-06-14 04:39:10,0.2745597284107787,0
7366,0466,2,2026-06-14 04:39:10,0.5542824810806988,0
7367,0487,2,2026-06-14 04:39:10,0.7926303133177736,0
7368,0589,2,2026-06-14 04:39:10,0.6120659169672537,0
7369,0610,2,2026-06-14 04:39:10,1.0000000000000000,1
7370,0671,2,2026-06-14 04:39:10,0.7926303133177736,0
7371,0867,2,2026-06-14 04:39:10,0.7926303133177736,0
7372,0901,2,2026-06-14 04:39:10,1.0000000000000000,0
7373,0936,2,2026-06-14 04:39:10,0.4693401230638659,0
7374,0083,2,2026-06-14 04:39:20,0.0599052266779829,0
7375,0237,2,2026-06-14 04:39:20,0.5542824810806988,0
7376,0288,2,2026-06-14 04:39:20,0.3688379659098946,0
7377,0344,2,2026-06-14 04:39:20,0.2745597284107787,0
7378,0466,2,2026-06-14 04:39:20,0.5542824810806988,0
7379,0487,2,2026-06-14 04:39:20,0.7926303133177736,0
7380,0589,2,2026-06-14 04:39:20,0.6120659169672537,0
7381,0610,2,2026-06-14 04:39:20,1.0000000000000000,0
7382,0671,2,2026-06-14 04:39:20,0.7926303133177736,0
7383,0867,2,2026-06-14 04:39:20,0.7926303133177736,1
7384,0901,2,2026-06-14 04:39:20,1.0000000000000000,0
7385,0936,2,2026-06-14 04:39:20,0.4693401230638659,0
7386,0237,2,2026-06-14 04:39:30,0.5542824810806988,0
7387,0288,2,2026-06-14 04:39:30,0.3688379659098946,0
7388,0466,2,2026-06-14 04:39:30,0.5542824810806988,1
7389,0487,2,2026-06-14 04:39:30,0.7926303133177736,0
7390,0589,2,2026-06-14 04:39:30,0.6120659169672537,0
7391,0610,2,2026-06-14 04:39:30,1.0000000000000000,0
7392,0671,2,2026-06-14 04:39:30,0.7926303133177736,0
7393,0867,2,2026-06-14 04:39:30,0.7926303133177736,0
7394,0901,2,2026-06-14 04:39:30,1.0000000000000000,0
7395,0936,2,2026-06-14 04:39:30,0.4693401230638659,0
7396,0237,2,2026-06-14 04:39:40,0.5542824810806988,0
7397,0466,2,2026-06-14 04:39:40,0.5542824810806988,0
7398,0487,2,2026-06-14 04:39:40,0.7926303133177736,0
7399,0610,2,2026-06-14 04:39:40,1.0000000000000000,0
7400,0671,2,2026-06-14 04:39:40,0.7926303133177736,0
7401,0867,2,2026-06-14 04:39:40,0.7926303133177736,0
7402,0901,2,2026-06-14 04:39:40,1.0000000000000000,0
7403,0936,2,2026-06-14 04:39:40,0.4693401230638659,0
7404,0237,2,2026-06-14 04:39:50,0.5542824810806988,0
7405,0466,2,2026-06-14 04:39:50,0.5542824810806988,0
7406,0610,2,2026-06-14 04:39:50,1.0000000000000000,0
7407,0671,2,2026-06-14 04:39:50,0.7926303133177736,1
7408,0867,2,2026-06-14 04:39:50,0.7926303133177736,0
7409,0237,2,2026-06-14 04:40:00,0.5542824810806988,0
7410,0237,2,2026-06-14 04:40:10,0.5542824810806988,0
7411,0469,2,2026-06-14 06:07:10,0.5542824810806988,0
7412,0469,2,2026-06-14 06:07:20,0.5542824810806988,0
7413,0469,2,2026-06-14 06:07:30,0.5542824810806988,0
7414,0469,2,2026-06-14 06:07:40,0.5542824810806988,0
7415,0068,2,2026-06-14 06:07:50,0.2745597284107787,0
7416,0469,2,2026-06-14 06:07:50,0.5542824810806988,0
7417,0068,2,2026-06-14 06:08:00,0.2745597284107787,0
7418,0469,2,2026-06-14 06:08:00,0.5542824810806988,0
7419,0068,2,2026-06-14 06:08:10,0.2745597284107787,0
7420,0469,2,2026-06-14 06:08:10,0.5542824810806988,0
7421,0068,2,2026-06-14 06:08:20,0.2745597284107787,1
7422,0068,2,2026-06-14 06:08:30,0.2745597284107787,0
7423,0068,2,2026-06-14 06:08:40,0.2745597284107787,0
7424,0068,2,2026-06-14 06:08:50,0.2745597284107787,0
7425,0068,2,2026-06-14 06:09:00,0.2745597284107787,0
7426,0068,2,2026-06-14 06:09:10,0.2745597284107787,0
7427,0884,2,2026-06-14 06:11:50,1.0000000000000000,1
7428,0884,2,2026-06-14 06:12:00,1.0000000000000000,0
7429,0429,2,2026-06-14 06:12:10,0.7926303133177736,0
7430,0884,2,2026-06-14 06:12:10,1.0000000000000000,0
7431,0429,2,2026-06-14 06:12:20,0.7926303133177736,0
7432,0884,2,2026-06-14 06:12:20,1.0000000000000000,0
7433,0429,2,2026-06-14 06:12:30,0.7926303133177736,0
7434,0884,2,2026-06-14 06:12:30,1.0000000000000000,0
7435,0026,2,2026-06-14 06:12:40,0.1182544734422519,0
7436,0429,2,2026-06-14 06:12:40,0.7926303133177736,0
7437,0583,2,2026-06-14 06:12:40,0.4693401230638659,1
7438,0884,2,2026-06-14 06:12:40,1.0000000000000000,0
7439,0026,2,2026-06-14 06:12:50,0.1182544734422519,0
7440,0257,2,2026-06-14 06:12:50,0.8562133107008982,0
7441,0429,2,2026-06-14 06:12:50,0.7926303133177736,0
7442,0583,2,2026-06-14 06:12:50,0.4693401230638659,1
7443,0884,2,2026-06-14 06:12:50,1.0000000000000000,0
7444,0026,2,2026-06-14 06:13:00,0.1182544734422519,0
7445,0257,2,2026-06-14 06:13:00,0.8562133107008982,0
7446,0429,2,2026-06-14 06:13:00,0.7926303133177736,0
7447,0583,2,2026-06-14 06:13:00,0.4693401230638659,0
7448,0884,2,2026-06-14 06:13:00,1.0000000000000000,0
7449,0026,2,2026-06-14 06:13:10,0.1182544734422519,0
7450,0257,2,2026-06-14 06:13:10,0.8562133107008982,0
7451,0429,2,2026-06-14 06:13:10,0.7926303133177736,1
7452,0583,2,2026-06-14 06:13:10,0.4693401230638659,0
7453,0884,2,2026-06-14 06:13:10,1.0000000000000000,0
7454,0026,2,2026-06-14 06:13:20,0.1182544734422519,0
7455,0257,2,2026-06-14 06:13:20,0.8562133107008982,0
7456,0429,2,2026-06-14 06:13:20,0.7926303133177736,1
7457,0583,2,2026-06-14 06:13:20,0.4693401230638659,0
7458,0884,2,2026-06-14 06:13:20,1.0000000000000000,0
7459,0026,2,2026-06-14 06:13:30,0.1182544734422519,0
7460,0257,2,2026-06-14 06:13:30,0.8562133107008982,0
7461,0429,2,2026-06-14 06:13:30,0.7926303133177736,0
7462,0583,2,2026-06-14 06:13:30,0.4693401230638659,0
7463,0884,2,2026-06-14 06:13:30,1.0000000000000000,0
7464,0026,2,2026-06-14 06:13:40,0.1182544734422519,1
7465,0130,2,2026-06-14 06:13:40,0.2745597284107787,0
7466,0194,2,2026-06-14 06:13:40,0.4693401230638659,0
7467,0257,2,2026-06-14 06:13:40,0.8562133107008982,0
7468,0429,2,2026-06-14 06:13:40,0.7926303133177736,0
7469,0583,2,2026-06-14 06:13:40,0.4693401230638659,0
7470,0026,2,2026-06-14 06:13:50,0.1182544734422519,0
7471,0130,2,2026-06-14 06:13:50,0.2745597284107787,0
7472,0194,2,2026-06-14 06:13:50,0.4693401230638659,0
7473,0257,2,2026-06-14 06:13:50,0.8562133107008982,1
7474,0583,2,2026-06-14 06:13:50,0.4693401230638659,0
7475,0026,2,2026-06-14 06:14:00,0.1182544734422519,0
7476,0130,2,2026-06-14 06:14:00,0.2745597284107787,0
7477,0194,2,2026-06-14 06:14:00,0.4693401230638659,0
7478,0257,2,2026-06-14 06:14:00,0.8562133107008982,1
7479,0583,2,2026-06-14 06:14:00,0.4693401230638659,0
7480,0130,2,2026-06-14 06:14:10,0.2745597284107787,0
7481,0194,2,2026-06-14 06:14:10,0.4693401230638659,0
7482,0257,2,2026-06-14 06:14:10,0.8562133107008982,0
7483,0130,2,2026-06-14 06:14:20,0.2745597284107787,1
7484,0194,2,2026-06-14 06:14:20,0.4693401230638659,0
7485,0257,2,2026-06-14 06:14:20,0.8562133107008982,0
7486,0130,2,2026-06-14 06:14:30,0.2745597284107787,0
7487,0194,2,2026-06-14 06:14:30,0.4693401230638659,0
7488,0257,2,2026-06-14 06:14:30,0.8562133107008982,0
7489,0130,2,2026-06-14 06:14:40,0.2745597284107787,0
7490,0194,2,2026-06-14 06:14:40,0.4693401230638659,1
7491,0130,2,2026-06-14 06:14:50,0.2745597284107787,0
7492,0194,2,2026-06-14 06:14:50,0.4693401230638659,0
7493,0323,2,2026-06-14 06:14:50,0.5542824810806988,0
7494,0130,2,2026-06-14 06:15:00,0.2745597284107787,0
7495,0194,2,2026-06-14 06:15:00,0.4693401230638659,0
7496,0323,2,2026-06-14 06:15:00,0.5542824810806988,0
7497,0194,2,2026-06-14 06:15:10,0.4693401230638659,0
7498,0323,2,2026-06-14 06:15:10,0.5542824810806988,0
7499,0194,2,2026-06-14 06:15:20,0.4693401230638659,0
7500,0323,2,2026-06-14 06:15:20,0.5542824810806988,0
7501,0323,2,2026-06-14 06:15:30,0.5542824810806988,0
7502,0323,2,2026-06-14 06:15:40,0.5542824810806988,0
7503,0360,2,2026-06-14 06:15:40,0.8562133107008982,0
7504,0323,2,2026-06-14 06:15:50,0.5542824810806988,1
7505,0360,2,2026-06-14 06:15:50,0.8562133107008982,0
7506,0152,2,2026-06-14 06:16:00,0.1819789235448052,0
7507,0323,2,2026-06-14 06:16:00,0.5542824810806988,0
7508,0348,2,2026-06-14 06:16:00,0.1182544734422519,0
7509,0360,2,2026-06-14 06:16:00,0.8562133107008982,0
7510,0152,2,2026-06-14 06:16:10,0.1819789235448052,0
7511,0323,2,2026-06-14 06:16:10,0.5542824810806988,0
7512,0348,2,2026-06-14 06:16:10,0.1182544734422519,0
7513,0360,2,2026-06-14 06:16:10,0.8562133107008982,0
7514,0152,2,2026-06-14 06:16:20,0.1819789235448052,0
7515,0323,2,2026-06-14 06:16:20,0.5542824810806988,0
7516,0348,2,2026-06-14 06:16:20,0.1182544734422519,0
7517,0360,2,2026-06-14 06:16:20,0.8562133107008982,0
7518,0152,2,2026-06-14 06:16:30,0.1819789235448052,0
7519,0323,2,2026-06-14 06:16:30,0.5542824810806988,0
7520,0348,2,2026-06-14 06:16:30,0.1182544734422519,0
7521,0360,2,2026-06-14 06:16:30,0.8562133107008982,0
7522,0152,2,2026-06-14 06:16:40,0.1819789235448052,1
7523,0348,2,2026-06-14 06:16:40,0.1182544734422519,0
7524,0360,2,2026-06-14 06:16:40,0.8562133107008982,0
7525,0152,2,2026-06-14 06:16:50,0.1819789235448052,0
7526,0348,2,2026-06-14 06:16:50,0.1182544734422519,0
7527,0360,2,2026-06-14 06:16:50,0.8562133107008982,0
7528,0152,2,2026-06-14 06:17:00,0.1819789235448052,0
7529,0348,2,2026-06-14 06:17:00,0.1182544734422519,0
7530,0360,2,2026-06-14 06:17:00,0.8562133107008982,0
7531,0385,2,2026-06-14 06:17:00,0.3688379659098946,0
7532,0152,2,2026-06-14 06:17:10,0.1819789235448052,0
7533,0348,2,2026-06-14 06:17:10,0.1182544734422519,0
7534,0360,2,2026-06-14 06:17:10,0.8562133107008982,1
7535,0385,2,2026-06-14 06:17:10,0.3688379659098946,0
7536,0152,2,2026-06-14 06:17:20,0.1819789235448052,0
7537,0348,2,2026-06-14 06:17:20,0.1182544734422519,0
7538,0360,2,2026-06-14 06:17:20,0.8562133107008982,0
7539,0385,2,2026-06-14 06:17:20,0.3688379659098946,0
7540,0152,2,2026-06-14 06:17:30,0.1819789235448052,0
7541,0348,2,2026-06-14 06:17:30,0.1182544734422519,1
7542,0360,2,2026-06-14 06:17:30,0.8562133107008982,0
7543,0385,2,2026-06-14 06:17:30,0.3688379659098946,0
7544,0152,2,2026-06-14 06:17:40,0.1819789235448052,0
7545,0348,2,2026-06-14 06:17:40,0.1182544734422519,1
7546,0385,2,2026-06-14 06:17:40,0.3688379659098946,0
7547,0152,2,2026-06-14 06:17:50,0.1819789235448052,0
7548,0348,2,2026-06-14 06:17:50,0.1182544734422519,0
7549,0385,2,2026-06-14 06:17:50,0.3688379659098946,0
7550,0385,2,2026-06-14 06:18:00,0.3688379659098946,0
7551,0385,2,2026-06-14 06:18:10,0.3688379659098946,1
7552,0512,2,2026-06-14 06:28:30,0.5542824810806988,0
7553,0512,2,2026-06-14 06:28:40,0.5542824810806988,0
7554,0512,2,2026-06-14 06:28:50,0.5542824810806988,0
7555,0512,2,2026-06-14 06:29:00,0.5542824810806988,0
7556,0512,2,2026-06-14 06:29:10,0.5542824810806988,0
7557,0512,2,2026-06-14 06:29:20,0.5542824810806988,0
7558,0512,2,2026-06-14 06:29:30,0.5542824810806988,0
7559,0512,2,2026-06-14 06:29:40,0.5542824810806988,0
7560,0512,2,2026-06-14 06:29:50,0.5542824810806988,0
7561,0512,2,2026-06-14 06:30:00,0.5542824810806988,1
7562,0512,2,2026-06-14 06:30:10,0.5542824810806988,0
7563,0512,2,2026-06-14 06:30:20,0.5542824810806988,0
7564,0492,2,2026-06-14 07:45:00,1.0000000000000000,0
7565,0492,2,2026-06-14 07:45:10,1.0000000000000000,0
7566,0492,2,2026-06-14 07:45:20,1.0000000000000000,0
7567,0492,2,2026-06-14 07:45:30,1.0000000000000000,0
7568,0661,2,2026-06-14 07:45:30,0.6883796590989462,0
7569,0492,2,2026-06-14 07:45:40,1.0000000000000000,0
7570,0661,2,2026-06-14 07:45:40,0.6883796590989462,0
7571,0492,2,2026-06-14 07:45:50,1.0000000000000000,0
7572,0661,2,2026-06-14 07:45:50,0.6883796590989462,0
7573,0492,2,2026-06-14 07:46:00,1.0000000000000000,0
7574,0661,2,2026-06-14 07:46:00,0.6883796590989462,0
7575,0666,2,2026-06-14 07:46:00,0.5542824810806988,0
7576,0938,2,2026-06-14 07:46:00,0.7926303133177736,0
7577,0492,2,2026-06-14 07:46:10,1.0000000000000000,0
7578,0661,2,2026-06-14 07:46:10,0.6883796590989462,0
7579,0666,2,2026-06-14 07:46:10,0.5542824810806988,0
7580,0938,2,2026-06-14 07:46:10,0.7926303133177736,0
7581,0224,2,2026-06-14 07:46:20,0.7926303133177736,0
7582,0661,2,2026-06-14 07:46:20,0.6883796590989462,0
7583,0666,2,2026-06-14 07:46:20,0.5542824810806988,0
7584,0938,2,2026-06-14 07:46:20,0.7926303133177736,0
7585,0224,2,2026-06-14 07:46:30,0.7926303133177736,1
7586,0661,2,2026-06-14 07:46:30,0.6883796590989462,0
7587,0666,2,2026-06-14 07:46:30,0.5542824810806988,0
7588,0938,2,2026-06-14 07:46:30,0.7926303133177736,0
7589,0074,2,2026-06-14 07:46:40,0.5542824810806988,0
7590,0224,2,2026-06-14 07:46:40,0.7926303133177736,0
7591,0440,2,2026-06-14 07:46:40,0.0599052266779829,0
7592,0661,2,2026-06-14 07:46:40,0.6883796590989462,0
7593,0666,2,2026-06-14 07:46:40,0.5542824810806988,0
7594,0797,2,2026-06-14 07:46:40,0.1819789235448052,0
7595,0938,2,2026-06-14 07:46:40,0.7926303133177736,0
7596,0074,2,2026-06-14 07:46:50,0.5542824810806988,0
7597,0224,2,2026-06-14 07:46:50,0.7926303133177736,0
7598,0440,2,2026-06-14 07:46:50,0.0599052266779829,0
7599,0661,2,2026-06-14 07:46:50,0.6883796590989462,0
7600,0797,2,2026-06-14 07:46:50,0.1819789235448052,0
7601,0938,2,2026-06-14 07:46:50,0.7926303133177736,1
7602,0951,2,2026-06-14 07:46:50,0.0599052266779829,0
7603,0074,2,2026-06-14 07:47:00,0.5542824810806988,0
7604,0224,2,2026-06-14 07:47:00,0.7926303133177736,0
7605,0440,2,2026-06-14 07:47:00,0.0599052266779829,0
7606,0661,2,2026-06-14 07:47:00,0.6883796590989462,0
7607,0797,2,2026-06-14 07:47:00,0.1819789235448052,0
7608,0938,2,2026-06-14 07:47:00,0.7926303133177736,0
7609,0951,2,2026-06-14 07:47:00,0.0599052266779829,0
7610,0074,2,2026-06-14 07:47:10,0.5542824810806988,0
7611,0224,2,2026-06-14 07:47:10,0.7926303133177736,0
7612,0440,2,2026-06-14 07:47:10,0.0599052266779829,0
7613,0661,2,2026-06-14 07:47:10,0.6883796590989462,0
7614,0797,2,2026-06-14 07:47:10,0.1819789235448052,0
7615,0938,2,2026-06-14 07:47:10,0.7926303133177736,0
7616,0951,2,2026-06-14 07:47:10,0.0599052266779829,0
7617,0043,2,2026-06-14 07:47:20,0.1819789235448052,0
7618,0074,2,2026-06-14 07:47:20,0.5542824810806988,0
7619,0224,2,2026-06-14 07:47:20,0.7926303133177736,0
7620,0440,2,2026-06-14 07:47:20,0.0599052266779829,0
7621,0661,2,2026-06-14 07:47:20,0.6883796590989462,0
7622,0797,2,2026-06-14 07:47:20,0.1819789235448052,0
7623,0938,2,2026-06-14 07:47:20,0.7926303133177736,1
7624,0951,2,2026-06-14 07:47:20,0.0599052266779829,0
7625,0043,2,2026-06-14 07:47:30,0.1819789235448052,0
7626,0074,2,2026-06-14 07:47:30,0.5542824810806988,0
7627,0224,2,2026-06-14 07:47:30,0.7926303133177736,0
7628,0440,2,2026-06-14 07:47:30,0.0599052266779829,0
7629,0797,2,2026-06-14 07:47:30,0.1819789235448052,0
7630,0938,2,2026-06-14 07:47:30,0.7926303133177736,0
7631,0951,2,2026-06-14 07:47:30,0.0599052266779829,0
7632,0043,2,2026-06-14 07:47:40,0.1819789235448052,0
7633,0074,2,2026-06-14 07:47:40,0.5542824810806988,0
7634,0224,2,2026-06-14 07:47:40,0.7926303133177736,0
7635,0299,2,2026-06-14 07:47:40,0.8562133107008982,0
7636,0440,2,2026-06-14 07:47:40,0.0599052266779829,0
7637,0797,2,2026-06-14 07:47:40,0.1819789235448052,1
7638,0938,2,2026-06-14 07:47:40,0.7926303133177736,0
7639,0951,2,2026-06-14 07:47:40,0.0599052266779829,0
7640,0043,2,2026-06-14 07:47:50,0.1819789235448052,0
7641,0074,2,2026-06-14 07:47:50,0.5542824810806988,0
7642,0224,2,2026-06-14 07:47:50,0.7926303133177736,0
7643,0299,2,2026-06-14 07:47:50,0.8562133107008982,0
7644,0797,2,2026-06-14 07:47:50,0.1819789235448052,0
7645,0938,2,2026-06-14 07:47:50,0.7926303133177736,0
7646,0951,2,2026-06-14 07:47:50,0.0599052266779829,0
7647,0043,2,2026-06-14 07:48:00,0.1819789235448052,1
7648,0074,2,2026-06-14 07:48:00,0.5542824810806988,0
7649,0224,2,2026-06-14 07:48:00,0.7926303133177736,0
7650,0299,2,2026-06-14 07:48:00,0.8562133107008982,0
7651,0797,2,2026-06-14 07:48:00,0.1819789235448052,0
7652,0951,2,2026-06-14 07:48:00,0.0599052266779829,0
7653,0043,2,2026-06-14 07:48:10,0.1819789235448052,0
7654,0074,2,2026-06-14 07:48:10,0.5542824810806988,0
7655,0299,2,2026-06-14 07:48:10,0.8562133107008982,0
7656,0951,2,2026-06-14 07:48:10,0.0599052266779829,0
7657,0043,2,2026-06-14 07:48:20,0.1819789235448052,0
7658,0074,2,2026-06-14 07:48:20,0.5542824810806988,1
7659,0299,2,2026-06-14 07:48:20,0.8562133107008982,0
7660,0951,2,2026-06-14 07:48:20,0.0599052266779829,0
7661,0043,2,2026-06-14 07:48:30,0.1819789235448052,0
7662,0299,2,2026-06-14 07:48:30,0.8562133107008982,0
7663,0951,2,2026-06-14 07:48:30,0.0599052266779829,1
7664,0043,2,2026-06-14 07:48:40,0.1819789235448052,0
7665,0299,2,2026-06-14 07:48:40,0.8562133107008982,0
7666,0043,2,2026-06-14 07:48:50,0.1819789235448052,0
7667,0299,2,2026-06-14 07:48:50,0.8562133107008982,0
7668,0299,2,2026-06-14 07:49:00,0.8562133107008982,1
7669,0490,2,2026-06-14 07:49:30,0.4693401230638659,0
7670,0490,2,2026-06-14 07:49:40,0.4693401230638659,1
7671,0490,2,2026-06-14 07:49:50,0.4693401230638659,0
7672,0490,2,2026-06-14 07:50:00,0.4693401230638659,1
7673,0490,2,2026-06-14 07:50:10,0.4693401230638659,0
7674,0490,2,2026-06-14 07:50:20,0.4693401230638659,0
7675,0177,2,2026-06-14 07:51:50,1.0000000000000000,1
7676,0177,2,2026-06-14 07:52:00,1.0000000000000000,1
7677,0619,2,2026-06-14 07:52:00,0.6883796590989462,0
7678,0896,2,2026-06-14 07:52:00,0.2745597284107787,0
7679,0177,2,2026-06-14 07:52:10,1.0000000000000000,0
7680,0619,2,2026-06-14 07:52:10,0.6883796590989462,0
7681,0896,2,2026-06-14 07:52:10,0.2745597284107787,0
7682,0177,2,2026-06-14 07:52:20,1.0000000000000000,0
7683,0619,2,2026-06-14 07:52:20,0.6883796590989462,0
7684,0896,2,2026-06-14 07:52:20,0.2745597284107787,1
7685,0058,2,2026-06-14 07:52:30,0.1819789235448052,0
7686,0177,2,2026-06-14 07:52:30,1.0000000000000000,0
7687,0619,2,2026-06-14 07:52:30,0.6883796590989462,0
7688,0896,2,2026-06-14 07:52:30,0.2745597284107787,0
7689,0058,2,2026-06-14 07:52:40,0.1819789235448052,1
7690,0177,2,2026-06-14 07:52:40,1.0000000000000000,0
7691,0496,2,2026-06-14 07:52:40,0.9304759884008770,0
7692,0619,2,2026-06-14 07:52:40,0.6883796590989462,0
7693,0896,2,2026-06-14 07:52:40,0.2745597284107787,0
7694,0058,2,2026-06-14 07:52:50,0.1819789235448052,0
7695,0177,2,2026-06-14 07:52:50,1.0000000000000000,0
7696,0496,2,2026-06-14 07:52:50,0.9304759884008770,0
7697,0619,2,2026-06-14 07:52:50,0.6883796590989462,0
7698,0896,2,2026-06-14 07:52:50,0.2745597284107787,0
7699,0058,2,2026-06-14 07:53:00,0.1819789235448052,0
7700,0177,2,2026-06-14 07:53:00,1.0000000000000000,0
7701,0496,2,2026-06-14 07:53:00,0.9304759884008770,0
7702,0619,2,2026-06-14 07:53:00,0.6883796590989462,0
7703,0896,2,2026-06-14 07:53:00,0.2745597284107787,0
7704,0058,2,2026-06-14 07:53:10,0.1819789235448052,0
7705,0496,2,2026-06-14 07:53:10,0.9304759884008770,1
7706,0619,2,2026-06-14 07:53:10,0.6883796590989462,0
7707,0652,2,2026-06-14 07:53:10,0.8562133107008982,0
7708,0896,2,2026-06-14 07:53:10,0.2745597284107787,0
7709,0058,2,2026-06-14 07:53:20,0.1819789235448052,0
7710,0496,2,2026-06-14 07:53:20,0.9304759884008770,0
7711,0619,2,2026-06-14 07:53:20,0.6883796590989462,0
7712,0652,2,2026-06-14 07:53:20,0.8562133107008982,0
7713,0896,2,2026-06-14 07:53:20,0.2745597284107787,0
7714,0058,2,2026-06-14 07:53:30,0.1819789235448052,0
7715,0496,2,2026-06-14 07:53:30,0.9304759884008770,0
7716,0619,2,2026-06-14 07:53:30,0.6883796590989462,0
7717,0652,2,2026-06-14 07:53:30,0.8562133107008982,0
7718,0058,2,2026-06-14 07:53:40,0.1819789235448052,0
7719,0619,2,2026-06-14 07:53:40,0.6883796590989462,1
7720,0652,2,2026-06-14 07:53:40,0.8562133107008982,0
7721,0058,2,2026-06-14 07:53:50,0.1819789235448052,0
7722,0619,2,2026-06-14 07:53:50,0.6883796590989462,0
7723,0652,2,2026-06-14 07:53:50,0.8562133107008982,0
7724,0058,2,2026-06-14 07:54:00,0.1819789235448052,0
7725,0652,2,2026-06-14 07:54:00,0.8562133107008982,1
7726,0417,2,2026-06-14 07:54:10,0.0599052266779829,0
7727,0652,2,2026-06-14 07:54:10,0.8562133107008982,0
7728,0417,2,2026-06-14 07:54:20,0.0599052266779829,1
7729,0484,2,2026-06-14 07:54:20,0.8562133107008982,0
7730,0652,2,2026-06-14 07:54:20,0.8562133107008982,0
7731,0417,2,2026-06-14 07:54:30,0.0599052266779829,0
7732,0484,2,2026-06-14 07:54:30,0.8562133107008982,0
7733,0652,2,2026-06-14 07:54:30,0.8562133107008982,0
7734,0484,2,2026-06-14 07:54:40,0.8562133107008982,0
7735,0652,2,2026-06-14 07:54:40,0.8562133107008982,0
7736,0484,2,2026-06-14 07:54:50,0.8562133107008982,1
7737,0652,2,2026-06-14 07:54:50,0.8562133107008982,0
7738,0484,2,2026-06-14 07:55:00,0.8562133107008982,1
7739,0484,2,2026-06-14 07:55:10,0.8562133107008982,0
7740,0484,2,2026-06-14 07:55:20,0.8562133107008982,0
7741,0966,2,2026-06-14 07:55:20,1.0000000000000000,0
7742,0484,2,2026-06-14 07:55:30,0.8562133107008982,0
7743,0966,2,2026-06-14 07:55:30,1.0000000000000000,0
7744,0484,2,2026-06-14 07:55:40,0.8562133107008982,0
7745,0966,2,2026-06-14 07:55:40,1.0000000000000000,0
7746,0484,2,2026-06-14 07:55:50,0.8562133107008982,0
7747,0966,2,2026-06-14 07:55:50,1.0000000000000000,0
7748,0484,2,2026-06-14 07:56:00,0.8562133107008982,0
7749,0966,2,2026-06-14 07:56:00,1.0000000000000000,0
7750,0484,2,2026-06-14 07:56:10,0.8562133107008982,0
7751,0966,2,2026-06-14 07:56:10,1.0000000000000000,0
7752,0539,2,2026-06-14 07:56:20,0.6883796590989462,1
7753,0966,2,2026-06-14 07:56:20,1.0000000000000000,0
7754,0539,2,2026-06-14 07:56:30,0.6883796590989462,0
7755,0966,2,2026-06-14 07:56:30,1.0000000000000000,0
7756,0539,2,2026-06-14 07:56:40,0.6883796590989462,0
7757,0966,2,2026-06-14 07:56:40,1.0000000000000000,1
7758,0539,2,2026-06-14 07:56:50,0.6883796590989462,0
7759,0966,2,2026-06-14 07:56:50,1.0000000000000000,0
7760,0539,2,2026-06-14 07:57:00,0.6883796590989462,0
7761,0539,2,2026-06-14 07:57:10,0.6883796590989462,0
7762,0539,2,2026-06-14 07:57:20,0.6883796590989462,0
7763,0001,2,2026-06-14 07:57:50,0.1819789235448052,0
7764,0018,2,2026-06-14 07:57:50,0.1819789235448052,0
7765,0023,2,2026-06-14 07:57:50,0.8562133107008982,0
7766,0042,2,2026-06-14 07:57:50,0.7926303133177736,0
7767,0050,2,2026-06-14 07:57:50,0.4693401230638659,0
7768,0070,2,2026-06-14 07:57:50,0.5542824810806988,0
7769,0073,2,2026-06-14 07:57:50,0.1819789235448052,0
7770,0081,2,2026-06-14 07:57:50,0.3688379659098946,0
7771,0085,2,2026-06-14 07:57:50,0.3688379659098946,0
7772,0088,2,2026-06-14 07:57:50,0.8562133107008982,0
7773,0092,2,2026-06-14 07:57:50,0.4693401230638659,0
7774,0096,2,2026-06-14 07:57:50,0.6120659169672537,0
7775,0105,2,2026-06-14 07:57:50,0.6883796590989462,0
7776,0109,2,2026-06-14 07:57:50,0.6883796590989462,0
7777,0127,2,2026-06-14 07:57:50,0.1819789235448052,0
7778,0162,2,2026-06-14 07:57:50,0.4693401230638659,0
7779,0187,2,2026-06-14 07:57:50,0.0599052266779829,0
7780,0204,2,2026-06-14 07:57:50,0.7926303133177736,0
7781,0208,2,2026-06-14 07:57:50,0.4693401230638659,0
7782,0238,2,2026-06-14 07:57:50,0.1182544734422519,0
7783,0240,2,2026-06-14 07:57:50,0.9304759884008770,0
7784,0258,2,2026-06-14 07:57:50,0.0599052266779829,0
7785,0294,2,2026-06-14 07:57:50,0.8562133107008982,0
7786,0298,2,2026-06-14 07:57:50,0.8562133107008982,0
7787,0327,2,2026-06-14 07:57:50,0.6883796590989462,0
7788,0363,2,2026-06-14 07:57:50,0.1182544734422519,0
7789,0364,2,2026-06-14 07:57:50,0.5542824810806988,0
7790,0377,2,2026-06-14 07:57:50,0.6883796590989462,0
7791,0395,2,2026-06-14 07:57:50,0.5542824810806988,0
7792,0396,2,2026-06-14 07:57:50,0.7926303133177736,0
7793,0399,2,2026-06-14 07:57:50,0.1182544734422519,0
7794,0416,2,2026-06-14 07:57:50,0.8562133107008982,0
7795,0436,2,2026-06-14 07:57:50,0.8562133107008982,0
7796,0437,2,2026-06-14 07:57:50,0.0599052266779829,0
7797,0453,2,2026-06-14 07:57:50,0.1182544734422519,0
7798,0489,2,2026-06-14 07:57:50,1.0000000000000000,1
7799,0494,2,2026-06-14 07:57:50,1.0000000000000000,0
7800,0498,2,2026-06-14 07:57:50,0.2745597284107787,0
7801,0516,2,2026-06-14 07:57:50,0.1182544734422519,0
7802,0519,2,2026-06-14 07:57:50,0.9304759884008770,0
7803,0525,2,2026-06-14 07:57:50,0.3688379659098946,0
7804,0527,2,2026-06-14 07:57:50,0.7926303133177736,0
7805,0541,2,2026-06-14 07:57:50,0.6120659169672537,0
7806,0544,2,2026-06-14 07:57:50,1.0000000000000000,0
7807,0553,2,2026-06-14 07:57:50,0.1182544734422519,0
7808,0554,2,2026-06-14 07:57:50,0.5542824810806988,0
7809,0564,2,2026-06-14 07:57:50,0.4693401230638659,0
7810,0565,2,2026-06-14 07:57:50,0.2745597284107787,0
7811,0578,2,2026-06-14 07:57:50,0.5542824810806988,0
7812,0609,2,2026-06-14 07:57:50,0.6120659169672537,0
7813,0617,2,2026-06-14 07:57:50,0.7926303133177736,0
7814,0625,2,2026-06-14 07:57:50,0.6120659169672537,0
7815,0646,2,2026-06-14 07:57:50,1.0000000000000000,0
7816,0663,2,2026-06-14 07:57:50,0.7926303133177736,0
7817,0673,2,2026-06-14 07:57:50,0.7926303133177736,0
7818,0674,2,2026-06-14 07:57:50,0.6120659169672537,0
7819,0685,2,2026-06-14 07:57:50,0.1819789235448052,0
7820,0687,2,2026-06-14 07:57:50,0.3688379659098946,0
7821,0697,2,2026-06-14 07:57:50,0.2745597284107787,0
7822,0707,2,2026-06-14 07:57:50,0.9304759884008770,0
7823,0708,2,2026-06-14 07:57:50,0.8562133107008982,0
7824,0729,2,2026-06-14 07:57:50,0.1819789235448052,0
7825,0743,2,2026-06-14 07:57:50,0.3688379659098946,0
7826,0744,2,2026-06-14 07:57:50,0.9304759884008770,0
7827,0764,2,2026-06-14 07:57:50,0.6883796590989462,0
7828,0782,2,2026-06-14 07:57:50,0.2745597284107787,0
7829,0804,2,2026-06-14 07:57:50,0.8562133107008982,0
7830,0810,2,2026-06-14 07:57:50,0.7926303133177736,0
7831,0815,2,2026-06-14 07:57:50,0.6883796590989462,0
7832,0833,2,2026-06-14 07:57:50,0.7926303133177736,0
7833,0845,2,2026-06-14 07:57:50,0.4693401230638659,0
7834,0883,2,2026-06-14 07:57:50,0.9304759884008770,0
7835,0886,2,2026-06-14 07:57:50,0.9304759884008770,0
7836,0887,2,2026-06-14 07:57:50,0.0599052266779829,0
7837,0895,2,2026-06-14 07:57:50,1.0000000000000000,0
7838,0898,2,2026-06-14 07:57:50,0.8562133107008982,0
7839,0902,2,2026-06-14 07:57:50,0.4693401230638659,0
7840,0907,2,2026-06-14 07:57:50,0.6120659169672537,0
7841,0916,2,2026-06-14 07:57:50,0.8562133107008982,0
7842,0919,2,2026-06-14 07:57:50,0.6883796590989462,0
7843,0933,2,2026-06-14 07:57:50,0.3688379659098946,0
7844,0934,2,2026-06-14 07:57:50,0.1182544734422519,0
7845,0970,2,2026-06-14 07:57:50,0.1182544734422519,0
7846,0972,2,2026-06-14 07:57:50,0.5542824810806988,0
7847,0976,2,2026-06-14 07:57:50,0.6883796590989462,0
7848,0980,2,2026-06-14 07:57:50,0.3688379659098946,0
7849,0987,2,2026-06-14 07:57:50,1.0000000000000000,0
7850,0990,2,2026-06-14 07:57:50,0.7926303133177736,0
7851,0001,2,2026-06-14 07:58:00,0.1819789235448052,0
7852,0003,2,2026-06-14 07:58:00,0.5542824810806988,0
7853,0018,2,2026-06-14 07:58:00,0.1819789235448052,0
7854,0021,2,2026-06-14 07:58:00,0.8562133107008982,0
7855,0023,2,2026-06-14 07:58:00,0.8562133107008982,0
7856,0042,2,2026-06-14 07:58:00,0.7926303133177736,0
7857,0050,2,2026-06-14 07:58:00,0.4693401230638659,0
7858,0060,2,2026-06-14 07:58:00,0.0599052266779829,0
7859,0062,2,2026-06-14 07:58:00,0.5542824810806988,0
7860,0070,2,2026-06-14 07:58:00,0.5542824810806988,0
7861,0073,2,2026-06-14 07:58:00,0.1819789235448052,0
7862,0081,2,2026-06-14 07:58:00,0.3688379659098946,0
7863,0085,2,2026-06-14 07:58:00,0.3688379659098946,0
7864,0088,2,2026-06-14 07:58:00,0.8562133107008982,0
7865,0092,2,2026-06-14 07:58:00,0.4693401230638659,0
7866,0096,2,2026-06-14 07:58:00,0.6120659169672537,0
7867,0105,2,2026-06-14 07:58:00,0.6883796590989462,0
7868,0107,2,2026-06-14 07:58:00,0.0599052266779829,0
7869,0109,2,2026-06-14 07:58:00,0.6883796590989462,0
7870,0111,2,2026-06-14 07:58:00,1.0000000000000000,0
7871,0127,2,2026-06-14 07:58:00,0.1819789235448052,0
7872,0145,2,2026-06-14 07:58:00,1.0000000000000000,0
7873,0162,2,2026-06-14 07:58:00,0.4693401230638659,0
7874,0176,2,2026-06-14 07:58:00,0.1819789235448052,0
7875,0186,2,2026-06-14 07:58:00,0.3688379659098946,0
7876,0187,2,2026-06-14 07:58:00,0.0599052266779829,0
7877,0197,2,2026-06-14 07:58:00,1.0000000000000000,1
7878,0204,2,2026-06-14 07:58:00,0.7926303133177736,0
7879,0208,2,2026-06-14 07:58:00,0.4693401230638659,0
7880,0210,2,2026-06-14 07:58:00,0.4693401230638659,0
7881,0217,2,2026-06-14 07:58:00,0.1182544734422519,0
7882,0225,2,2026-06-14 07:58:00,0.8562133107008982,0
7883,0238,2,2026-06-14 07:58:00,0.1182544734422519,0
7884,0240,2,2026-06-14 07:58:00,0.9304759884008770,0
7885,0245,2,2026-06-14 07:58:00,0.1182544734422519,0
7886,0251,2,2026-06-14 07:58:00,0.4693401230638659,0
7887,0258,2,2026-06-14 07:58:00,0.0599052266779829,0
7888,0294,2,2026-06-14 07:58:00,0.8562133107008982,0
7889,0298,2,2026-06-14 07:58:00,0.8562133107008982,0
7890,0327,2,2026-06-14 07:58:00,0.6883796590989462,0
7891,0336,2,2026-06-14 07:58:00,0.2745597284107787,0
7892,0363,2,2026-06-14 07:58:00,0.1182544734422519,0
7893,0364,2,2026-06-14 07:58:00,0.5542824810806988,0
7894,0367,2,2026-06-14 07:58:00,0.6120659169672537,0
7895,0377,2,2026-06-14 07:58:00,0.6883796590989462,0
7896,0395,2,2026-06-14 07:58:00,0.5542824810806988,0
7897,0396,2,2026-06-14 07:58:00,0.7926303133177736,0
7898,0399,2,2026-06-14 07:58:00,0.1182544734422519,0
7899,0416,2,2026-06-14 07:58:00,0.8562133107008982,0
7900,0418,2,2026-06-14 07:58:00,0.0599052266779829,0
7901,0436,2,2026-06-14 07:58:00,0.8562133107008982,0
7902,0437,2,2026-06-14 07:58:00,0.0599052266779829,0
7903,0439,2,2026-06-14 07:58:00,0.7926303133177736,0
7904,0448,2,2026-06-14 07:58:00,0.5542824810806988,0
7905,0450,2,2026-06-14 07:58:00,0.2745597284107787,0
7906,0453,2,2026-06-14 07:58:00,0.1182544734422519,0
7907,0454,2,2026-06-14 07:58:00,0.8562133107008982,0
7908,0456,2,2026-06-14 07:58:00,0.7926303133177736,0
7909,0461,2,2026-06-14 07:58:00,0.1182544734422519,0
7910,0489,2,2026-06-14 07:58:00,1.0000000000000000,0
7911,0494,2,2026-06-14 07:58:00,1.0000000000000000,0
7912,0498,2,2026-06-14 07:58:00,0.2745597284107787,0
7913,0516,2,2026-06-14 07:58:00,0.1182544734422519,0
7914,0519,2,2026-06-14 07:58:00,0.9304759884008770,0
7915,0524,2,2026-06-14 07:58:00,0.5542824810806988,0
7916,0525,2,2026-06-14 07:58:00,0.3688379659098946,0
7917,0527,2,2026-06-14 07:58:00,0.7926303133177736,0
7918,0541,2,2026-06-14 07:58:00,0.6120659169672537,0
7919,0544,2,2026-06-14 07:58:00,1.0000000000000000,0
7920,0551,2,2026-06-14 07:58:00,0.1182544734422519,0
7921,0553,2,2026-06-14 07:58:00,0.1182544734422519,0
7922,0554,2,2026-06-14 07:58:00,0.5542824810806988,0
7923,0563,2,2026-06-14 07:58:00,0.9304759884008770,0
7924,0564,2,2026-06-14 07:58:00,0.4693401230638659,0
7925,0565,2,2026-06-14 07:58:00,0.2745597284107787,0
7926,0578,2,2026-06-14 07:58:00,0.5542824810806988,0
7927,0584,2,2026-06-14 07:58:00,0.2745597284107787,0
7928,0591,2,2026-06-14 07:58:00,0.4693401230638659,0
7929,0604,2,2026-06-14 07:58:00,0.5542824810806988,0
7930,0609,2,2026-06-14 07:58:00,0.6120659169672537,0
7931,0617,2,2026-06-14 07:58:00,0.7926303133177736,0
7932,0625,2,2026-06-14 07:58:00,0.6120659169672537,0
7933,0645,2,2026-06-14 07:58:00,0.8562133107008982,0
7934,0646,2,2026-06-14 07:58:00,1.0000000000000000,0
7935,0659,2,2026-06-14 07:58:00,0.9304759884008770,0
7936,0663,2,2026-06-14 07:58:00,0.7926303133177736,0
7937,0669,2,2026-06-14 07:58:00,0.0599052266779829,0
7938,0672,2,2026-06-14 07:58:00,0.2745597284107787,0
7939,0673,2,2026-06-14 07:58:00,0.7926303133177736,0
7940,0674,2,2026-06-14 07:58:00,0.6120659169672537,0
7941,0685,2,2026-06-14 07:58:00,0.1819789235448052,0
7942,0687,2,2026-06-14 07:58:00,0.3688379659098946,0
7943,0697,2,2026-06-14 07:58:00,0.2745597284107787,0
7944,0702,2,2026-06-14 07:58:00,0.2745597284107787,0
7945,0707,2,2026-06-14 07:58:00,0.9304759884008770,0
7946,0708,2,2026-06-14 07:58:00,0.8562133107008982,0
7947,0722,2,2026-06-14 07:58:00,0.3688379659098946,0
7948,0723,2,2026-06-14 07:58:00,0.6883796590989462,0
7949,0725,2,2026-06-14 07:58:00,0.3688379659098946,0
7950,0728,2,2026-06-14 07:58:00,0.1182544734422519,0
7951,0729,2,2026-06-14 07:58:00,0.1819789235448052,0
7952,0743,2,2026-06-14 07:58:00,0.3688379659098946,0
7953,0744,2,2026-06-14 07:58:00,0.9304759884008770,0
7954,0764,2,2026-06-14 07:58:00,0.6883796590989462,0
7955,0765,2,2026-06-14 07:58:00,0.9304759884008770,0
7956,0768,2,2026-06-14 07:58:00,0.1182544734422519,0
7957,0782,2,2026-06-14 07:58:00,0.2745597284107787,0
7958,0785,2,2026-06-14 07:58:00,0.0599052266779829,0
7959,0804,2,2026-06-14 07:58:00,0.8562133107008982,0
7960,0810,2,2026-06-14 07:58:00,0.7926303133177736,0
7961,0815,2,2026-06-14 07:58:00,0.6883796590989462,0
7962,0818,2,2026-06-14 07:58:00,0.6883796590989462,0
7963,0828,2,2026-06-14 07:58:00,0.7926303133177736,0
7964,0833,2,2026-06-14 07:58:00,0.7926303133177736,0
7965,0845,2,2026-06-14 07:58:00,0.4693401230638659,0
7966,0861,2,2026-06-14 07:58:00,0.5542824810806988,0
7967,0873,2,2026-06-14 07:58:00,0.1819789235448052,0
7968,0875,2,2026-06-14 07:58:00,0.2745597284107787,0
7969,0877,2,2026-06-14 07:58:00,0.2745597284107787,0
7970,0883,2,2026-06-14 07:58:00,0.9304759884008770,0
7971,0886,2,2026-06-14 07:58:00,0.9304759884008770,0
7972,0887,2,2026-06-14 07:58:00,0.0599052266779829,0
7973,0893,2,2026-06-14 07:58:00,0.7926303133177736,0
7974,0895,2,2026-06-14 07:58:00,1.0000000000000000,0
7975,0898,2,2026-06-14 07:58:00,0.8562133107008982,0
7976,0902,2,2026-06-14 07:58:00,0.4693401230638659,0
7977,0907,2,2026-06-14 07:58:00,0.6120659169672537,0
7978,0916,2,2026-06-14 07:58:00,0.8562133107008982,0
7979,0919,2,2026-06-14 07:58:00,0.6883796590989462,0
7980,0928,2,2026-06-14 07:58:00,0.9304759884008770,0
7981,0929,2,2026-06-14 07:58:00,0.7926303133177736,0
7982,0933,2,2026-06-14 07:58:00,0.3688379659098946,0
7983,0934,2,2026-06-14 07:58:00,0.1182544734422519,0
7984,0970,2,2026-06-14 07:58:00,0.1182544734422519,0
7985,0972,2,2026-06-14 07:58:00,0.5542824810806988,0
7986,0976,2,2026-06-14 07:58:00,0.6883796590989462,0
7987,0980,2,2026-06-14 07:58:00,0.3688379659098946,0
7988,0987,2,2026-06-14 07:58:00,1.0000000000000000,0
7989,0990,2,2026-06-14 07:58:00,0.7926303133177736,0
7990,0001,2,2026-06-14 07:58:10,0.1819789235448052,0
7991,0003,2,2026-06-14 07:58:10,0.5542824810806988,0
7992,0018,2,2026-06-14 07:58:10,0.1819789235448052,0
7993,0021,2,2026-06-14 07:58:10,0.8562133107008982,0
7994,0023,2,2026-06-14 07:58:10,0.8562133107008982,0
7995,0042,2,2026-06-14 07:58:10,0.7926303133177736,0
7996,0050,2,2026-06-14 07:58:10,0.4693401230638659,0
7997,0060,2,2026-06-14 07:58:10,0.0599052266779829,0
7998,0062,2,2026-06-14 07:58:10,0.5542824810806988,0
7999,0070,2,2026-06-14 07:58:10,0.5542824810806988,0
8000,0073,2,2026-06-14 07:58:10,0.1819789235448052,0
8001,0081,2,2026-06-14 07:58:10,0.3688379659098946,0
8002,0085,2,2026-06-14 07:58:10,0.3688379659098946,0
8003,0088,2,2026-06-14 07:58:10,0.8562133107008982,0
8004,0092,2,2026-06-14 07:58:10,0.4693401230638659,0
8005,0096,2,2026-06-14 07:58:10,0.6120659169672537,0
8006,0105,2,2026-06-14 07:58:10,0.6883796590989462,0
8007,0107,2,2026-06-14 07:58:10,0.0599052266779829,0
8008,0109,2,2026-06-14 07:58:10,0.6883796590989462,0
8009,0111,2,2026-06-14 07:58:10,1.0000000000000000,0
8010,0127,2,2026-06-14 07:58:10,0.1819789235448052,0
8011,0145,2,2026-06-14 07:58:10,1.0000000000000000,0
8012,0162,2,2026-06-14 07:58:10,0.4693401230638659,0
8013,0176,2,2026-06-14 07:58:10,0.1819789235448052,0
8014,0186,2,2026-06-14 07:58:10,0.3688379659098946,0
8015,0187,2,2026-06-14 07:58:10,0.0599052266779829,0
8016,0197,2,2026-06-14 07:58:10,1.0000000000000000,0
8017,0204,2,2026-06-14 07:58:10,0.7926303133177736,0
8018,0208,2,2026-06-14 07:58:10,0.4693401230638659,0
8019,0210,2,2026-06-14 07:58:10,0.4693401230638659,0
8020,0217,2,2026-06-14 07:58:10,0.1182544734422519,0
8021,0225,2,2026-06-14 07:58:10,0.8562133107008982,0
8022,0238,2,2026-06-14 07:58:10,0.1182544734422519,0
8023,0240,2,2026-06-14 07:58:10,0.9304759884008770,0
8024,0245,2,2026-06-14 07:58:10,0.1182544734422519,0
8025,0251,2,2026-06-14 07:58:10,0.4693401230638659,0
8026,0258,2,2026-06-14 07:58:10,0.0599052266779829,0
8027,0294,2,2026-06-14 07:58:10,0.8562133107008982,0
8028,0298,2,2026-06-14 07:58:10,0.8562133107008982,0
8029,0327,2,2026-06-14 07:58:10,0.6883796590989462,0
8030,0336,2,2026-06-14 07:58:10,0.2745597284107787,0
8031,0363,2,2026-06-14 07:58:10,0.1182544734422519,0
8032,0364,2,2026-06-14 07:58:10,0.5542824810806988,0
8033,0367,2,2026-06-14 07:58:10,0.6120659169672537,0
8034,0377,2,2026-06-14 07:58:10,0.6883796590989462,0
8035,0395,2,2026-06-14 07:58:10,0.5542824810806988,0
8036,0396,2,2026-06-14 07:58:10,0.7926303133177736,0
8037,0399,2,2026-06-14 07:58:10,0.1182544734422519,0
8038,0416,2,2026-06-14 07:58:10,0.8562133107008982,0
8039,0418,2,2026-06-14 07:58:10,0.0599052266779829,0
8040,0436,2,2026-06-14 07:58:10,0.8562133107008982,0
8041,0437,2,2026-06-14 07:58:10,0.0599052266779829,0
8042,0439,2,2026-06-14 07:58:10,0.7926303133177736,0
8043,0448,2,2026-06-14 07:58:10,0.5542824810806988,0
8044,0450,2,2026-06-14 07:58:10,0.2745597284107787,0
8045,0453,2,2026-06-14 07:58:10,0.1182544734422519,0
8046,0454,2,2026-06-14 07:58:10,0.8562133107008982,0
8047,0456,2,2026-06-14 07:58:10,0.7926303133177736,0
8048,0461,2,2026-06-14 07:58:10,0.1182544734422519,0
8049,0489,2,2026-06-14 07:58:10,1.0000000000000000,0
8050,0494,2,2026-06-14 07:58:10,1.0000000000000000,0
8051,0498,2,2026-06-14 07:58:10,0.2745597284107787,0
8052,0516,2,2026-06-14 07:58:10,0.1182544734422519,0
8053,0519,2,2026-06-14 07:58:10,0.9304759884008770,0
8054,0524,2,2026-06-14 07:58:10,0.5542824810806988,0
8055,0525,2,2026-06-14 07:58:10,0.3688379659098946,0
8056,0527,2,2026-06-14 07:58:10,0.7926303133177736,0
8057,0541,2,2026-06-14 07:58:10,0.6120659169672537,0
8058,0544,2,2026-06-14 07:58:10,1.0000000000000000,0
8059,0551,2,2026-06-14 07:58:10,0.1182544734422519,0
8060,0553,2,2026-06-14 07:58:10,0.1182544734422519,0
8061,0554,2,2026-06-14 07:58:10,0.5542824810806988,0
8062,0563,2,2026-06-14 07:58:10,0.9304759884008770,0
8063,0564,2,2026-06-14 07:58:10,0.4693401230638659,0
8064,0565,2,2026-06-14 07:58:10,0.2745597284107787,0
8065,0578,2,2026-06-14 07:58:10,0.5542824810806988,0
8066,0584,2,2026-06-14 07:58:10,0.2745597284107787,0
8067,0591,2,2026-06-14 07:58:10,0.4693401230638659,0
8068,0604,2,2026-06-14 07:58:10,0.5542824810806988,0
8069,0609,2,2026-06-14 07:58:10,0.6120659169672537,0
8070,0617,2,2026-06-14 07:58:10,0.7926303133177736,0
8071,0625,2,2026-06-14 07:58:10,0.6120659169672537,0
8072,0645,2,2026-06-14 07:58:10,0.8562133107008982,0
8073,0646,2,2026-06-14 07:58:10,1.0000000000000000,0
8074,0659,2,2026-06-14 07:58:10,0.9304759884008770,0
8075,0663,2,2026-06-14 07:58:10,0.7926303133177736,0
8076,0669,2,2026-06-14 07:58:10,0.0599052266779829,0
8077,0672,2,2026-06-14 07:58:10,0.2745597284107787,0
8078,0673,2,2026-06-14 07:58:10,0.7926303133177736,0
8079,0674,2,2026-06-14 07:58:10,0.6120659169672537,0
8080,0685,2,2026-06-14 07:58:10,0.1819789235448052,0
8081,0687,2,2026-06-14 07:58:10,0.3688379659098946,0
8082,0697,2,2026-06-14 07:58:10,0.2745597284107787,0
8083,0702,2,2026-06-14 07:58:10,0.2745597284107787,0
8084,0707,2,2026-06-14 07:58:10,0.9304759884008770,0
8085,0708,2,2026-06-14 07:58:10,0.8562133107008982,0
8086,0722,2,2026-06-14 07:58:10,0.3688379659098946,0
8087,0723,2,2026-06-14 07:58:10,0.6883796590989462,0
8088,0725,2,2026-06-14 07:58:10,0.3688379659098946,0
8089,0728,2,2026-06-14 07:58:10,0.1182544734422519,0
8090,0729,2,2026-06-14 07:58:10,0.1819789235448052,0
8091,0743,2,2026-06-14 07:58:10,0.3688379659098946,0
8092,0744,2,2026-06-14 07:58:10,0.9304759884008770,0
8093,0764,2,2026-06-14 07:58:10,0.6883796590989462,0
8094,0765,2,2026-06-14 07:58:10,0.9304759884008770,0
8095,0768,2,2026-06-14 07:58:10,0.1182544734422519,0
8096,0782,2,2026-06-14 07:58:10,0.2745597284107787,0
8097,0785,2,2026-06-14 07:58:10,0.0599052266779829,0
8098,0804,2,2026-06-14 07:58:10,0.8562133107008982,0
8099,0810,2,2026-06-14 07:58:10,0.7926303133177736,0
8100,0815,2,2026-06-14 07:58:10,0.6883796590989462,0
8101,0818,2,2026-06-14 07:58:10,0.6883796590989462,0
8102,0828,2,2026-06-14 07:58:10,0.7926303133177736,0
8103,0833,2,2026-06-14 07:58:10,0.7926303133177736,0
8104,0845,2,2026-06-14 07:58:10,0.4693401230638659,0
8105,0861,2,2026-06-14 07:58:10,0.5542824810806988,0
8106,0873,2,2026-06-14 07:58:10,0.1819789235448052,0
8107,0875,2,2026-06-14 07:58:10,0.2745597284107787,0
8108,0877,2,2026-06-14 07:58:10,0.2745597284107787,0
8109,0883,2,2026-06-14 07:58:10,0.9304759884008770,1
8110,0886,2,2026-06-14 07:58:10,0.9304759884008770,0
8111,0887,2,2026-06-14 07:58:10,0.0599052266779829,0
8112,0893,2,2026-06-14 07:58:10,0.7926303133177736,0
8113,0895,2,2026-06-14 07:58:10,1.0000000000000000,0
8114,0898,2,2026-06-14 07:58:10,0.8562133107008982,0
8115,0902,2,2026-06-14 07:58:10,0.4693401230638659,0
8116,0907,2,2026-06-14 07:58:10,0.6120659169672537,0
8117,0916,2,2026-06-14 07:58:10,0.8562133107008982,0
8118,0919,2,2026-06-14 07:58:10,0.6883796590989462,0
8119,0928,2,2026-06-14 07:58:10,0.9304759884008770,0
8120,0929,2,2026-06-14 07:58:10,0.7926303133177736,0
8121,0933,2,2026-06-14 07:58:10,0.3688379659098946,0
8122,0934,2,2026-06-14 07:58:10,0.1182544734422519,0
8123,0970,2,2026-06-14 07:58:10,0.1182544734422519,0
8124,0972,2,2026-06-14 07:58:10,0.5542824810806988,0
8125,0976,2,2026-06-14 07:58:10,0.6883796590989462,0
8126,0980,2,2026-06-14 07:58:10,0.3688379659098946,0
8127,0987,2,2026-06-14 07:58:10,1.0000000000000000,0
8128,0990,2,2026-06-14 07:58:10,0.7926303133177736,0
8129,0001,2,2026-06-14 07:58:20,0.1819789235448052,0
8130,0003,2,2026-06-14 07:58:20,0.5542824810806988,0
8131,0018,2,2026-06-14 07:58:20,0.1819789235448052,0
8132,0021,2,2026-06-14 07:58:20,0.8562133107008982,0
8133,0023,2,2026-06-14 07:58:20,0.8562133107008982,0
8134,0042,2,2026-06-14 07:58:20,0.7926303133177736,0
8135,0050,2,2026-06-14 07:58:20,0.4693401230638659,0
8136,0060,2,2026-06-14 07:58:20,0.0599052266779829,0
8137,0062,2,2026-06-14 07:58:20,0.5542824810806988,0
8138,0070,2,2026-06-14 07:58:20,0.5542824810806988,0
8139,0073,2,2026-06-14 07:58:20,0.1819789235448052,0
8140,0081,2,2026-06-14 07:58:20,0.3688379659098946,0
8141,0085,2,2026-06-14 07:58:20,0.3688379659098946,0
8142,0088,2,2026-06-14 07:58:20,0.8562133107008982,0
8143,0092,2,2026-06-14 07:58:20,0.4693401230638659,0
8144,0096,2,2026-06-14 07:58:20,0.6120659169672537,0
8145,0105,2,2026-06-14 07:58:20,0.6883796590989462,0
8146,0107,2,2026-06-14 07:58:20,0.0599052266779829,0
8147,0109,2,2026-06-14 07:58:20,0.6883796590989462,0
8148,0111,2,2026-06-14 07:58:20,1.0000000000000000,0
8149,0127,2,2026-06-14 07:58:20,0.1819789235448052,0
8150,0145,2,2026-06-14 07:58:20,1.0000000000000000,0
8151,0162,2,2026-06-14 07:58:20,0.4693401230638659,0
8152,0176,2,2026-06-14 07:58:20,0.1819789235448052,0
8153,0186,2,2026-06-14 07:58:20,0.3688379659098946,0
8154,0187,2,2026-06-14 07:58:20,0.0599052266779829,0
8155,0197,2,2026-06-14 07:58:20,1.0000000000000000,0
8156,0204,2,2026-06-14 07:58:20,0.7926303133177736,0
8157,0208,2,2026-06-14 07:58:20,0.4693401230638659,0
8158,0210,2,2026-06-14 07:58:20,0.4693401230638659,0
8159,0217,2,2026-06-14 07:58:20,0.1182544734422519,0
8160,0225,2,2026-06-14 07:58:20,0.8562133107008982,0
8161,0238,2,2026-06-14 07:58:20,0.1182544734422519,0
8162,0240,2,2026-06-14 07:58:20,0.9304759884008770,0
8163,0245,2,2026-06-14 07:58:20,0.1182544734422519,0
8164,0251,2,2026-06-14 07:58:20,0.4693401230638659,0
8165,0258,2,2026-06-14 07:58:20,0.0599052266779829,0
8166,0294,2,2026-06-14 07:58:20,0.8562133107008982,0
8167,0298,2,2026-06-14 07:58:20,0.8562133107008982,0
8168,0327,2,2026-06-14 07:58:20,0.6883796590989462,0
8169,0336,2,2026-06-14 07:58:20,0.2745597284107787,0
8170,0363,2,2026-06-14 07:58:20,0.1182544734422519,0
8171,0364,2,2026-06-14 07:58:20,0.5542824810806988,0
8172,0367,2,2026-06-14 07:58:20,0.6120659169672537,0
8173,0377,2,2026-06-14 07:58:20,0.6883796590989462,0
8174,0395,2,2026-06-14 07:58:20,0.5542824810806988,0
8175,0396,2,2026-06-14 07:58:20,0.7926303133177736,0
8176,0399,2,2026-06-14 07:58:20,0.1182544734422519,0
8177,0416,2,2026-06-14 07:58:20,0.8562133107008982,0
8178,0418,2,2026-06-14 07:58:20,0.0599052266779829,0
8179,0436,2,2026-06-14 07:58:20,0.8562133107008982,0
8180,0437,2,2026-06-14 07:58:20,0.0599052266779829,0
8181,0439,2,2026-06-14 07:58:20,0.7926303133177736,0
8182,0448,2,2026-06-14 07:58:20,0.5542824810806988,0
8183,0450,2,2026-06-14 07:58:20,0.2745597284107787,0
8184,0453,2,2026-06-14 07:58:20,0.1182544734422519,0
8185,0454,2,2026-06-14 07:58:20,0.8562133107008982,0
8186,0456,2,2026-06-14 07:58:20,0.7926303133177736,0
8187,0461,2,2026-06-14 07:58:20,0.1182544734422519,0
8188,0489,2,2026-06-14 07:58:20,1.0000000000000000,1
8189,0494,2,2026-06-14 07:58:20,1.0000000000000000,0
8190,0498,2,2026-06-14 07:58:20,0.2745597284107787,0
8191,0516,2,2026-06-14 07:58:20,0.1182544734422519,0
8192,0519,2,2026-06-14 07:58:20,0.9304759884008770,0
8193,0524,2,2026-06-14 07:58:20,0.5542824810806988,0
8194,0525,2,2026-06-14 07:58:20,0.3688379659098946,0
8195,0527,2,2026-06-14 07:58:20,0.7926303133177736,0
8196,0541,2,2026-06-14 07:58:20,0.6120659169672537,0
8197,0544,2,2026-06-14 07:58:20,1.0000000000000000,0
8198,0551,2,2026-06-14 07:58:20,0.1182544734422519,0
8199,0553,2,2026-06-14 07:58:20,0.1182544734422519,0
8200,0554,2,2026-06-14 07:58:20,0.5542824810806988,0
8201,0563,2,2026-06-14 07:58:20,0.9304759884008770,0
8202,0564,2,2026-06-14 07:58:20,0.4693401230638659,0
8203,0565,2,2026-06-14 07:58:20,0.2745597284107787,0
8204,0578,2,2026-06-14 07:58:20,0.5542824810806988,0
8205,0584,2,2026-06-14 07:58:20,0.2745597284107787,0
8206,0591,2,2026-06-14 07:58:20,0.4693401230638659,0
8207,0604,2,2026-06-14 07:58:20,0.5542824810806988,0
8208,0609,2,2026-06-14 07:58:20,0.6120659169672537,0
8209,0617,2,2026-06-14 07:58:20,0.7926303133177736,0
8210,0625,2,2026-06-14 07:58:20,0.6120659169672537,0
8211,0645,2,2026-06-14 07:58:20,0.8562133107008982,0
8212,0646,2,2026-06-14 07:58:20,1.0000000000000000,0
8213,0659,2,2026-06-14 07:58:20,0.9304759884008770,0
8214,0663,2,2026-06-14 07:58:20,0.7926303133177736,0
8215,0669,2,2026-06-14 07:58:20,0.0599052266779829,0
8216,0672,2,2026-06-14 07:58:20,0.2745597284107787,0
8217,0673,2,2026-06-14 07:58:20,0.7926303133177736,0
8218,0674,2,2026-06-14 07:58:20,0.6120659169672537,0
8219,0685,2,2026-06-14 07:58:20,0.1819789235448052,0
8220,0687,2,2026-06-14 07:58:20,0.3688379659098946,0
8221,0697,2,2026-06-14 07:58:20,0.2745597284107787,0
8222,0702,2,2026-06-14 07:58:20,0.2745597284107787,0
8223,0707,2,2026-06-14 07:58:20,0.9304759884008770,0
8224,0708,2,2026-06-14 07:58:20,0.8562133107008982,0
8225,0722,2,2026-06-14 07:58:20,0.3688379659098946,0
8226,0723,2,2026-06-14 07:58:20,0.6883796590989462,0
8227,0725,2,2026-06-14 07:58:20,0.3688379659098946,0
8228,0728,2,2026-06-14 07:58:20,0.1182544734422519,0
8229,0729,2,2026-06-14 07:58:20,0.1819789235448052,0
8230,0743,2,2026-06-14 07:58:20,0.3688379659098946,0
8231,0744,2,2026-06-14 07:58:20,0.9304759884008770,0
8232,0764,2,2026-06-14 07:58:20,0.6883796590989462,0
8233,0765,2,2026-06-14 07:58:20,0.9304759884008770,0
8234,0768,2,2026-06-14 07:58:20,0.1182544734422519,0
8235,0782,2,2026-06-14 07:58:20,0.2745597284107787,0
8236,0785,2,2026-06-14 07:58:20,0.0599052266779829,0
8237,0804,2,2026-06-14 07:58:20,0.8562133107008982,0
8238,0810,2,2026-06-14 07:58:20,0.7926303133177736,0
8239,0815,2,2026-06-14 07:58:20,0.6883796590989462,0
8240,0818,2,2026-06-14 07:58:20,0.6883796590989462,0
8241,0828,2,2026-06-14 07:58:20,0.7926303133177736,0
8242,0833,2,2026-06-14 07:58:20,0.7926303133177736,0
8243,0845,2,2026-06-14 07:58:20,0.4693401230638659,0
8244,0861,2,2026-06-14 07:58:20,0.5542824810806988,0
8245,0873,2,2026-06-14 07:58:20,0.1819789235448052,0
8246,0875,2,2026-06-14 07:58:20,0.2745597284107787,0
8247,0877,2,2026-06-14 07:58:20,0.2745597284107787,0
8248,0883,2,2026-06-14 07:58:20,0.9304759884008770,0
8249,0886,2,2026-06-14 07:58:20,0.9304759884008770,0
8250,0887,2,2026-06-14 07:58:20,0.0599052266779829,0
8251,0893,2,2026-06-14 07:58:20,0.7926303133177736,0
8252,0895,2,2026-06-14 07:58:20,1.0000000000000000,0
8253,0898,2,2026-06-14 07:58:20,0.8562133107008982,0
8254,0902,2,2026-06-14 07:58:20,0.4693401230638659,0
8255,0907,2,2026-06-14 07:58:20,0.6120659169672537,0
8256,0916,2,2026-06-14 07:58:20,0.8562133107008982,0
8257,0919,2,2026-06-14 07:58:20,0.6883796590989462,0
8258,0928,2,2026-06-14 07:58:20,0.9304759884008770,0
8259,0929,2,2026-06-14 07:58:20,0.7926303133177736,0
8260,0933,2,2026-06-14 07:58:20,0.3688379659098946,0
8261,0934,2,2026-06-14 07:58:20,0.1182544734422519,0
8262,0970,2,2026-06-14 07:58:20,0.1182544734422519,0
8263,0972,2,2026-06-14 07:58:20,0.5542824810806988,0
8264,0976,2,2026-06-14 07:58:20,0.6883796590989462,0
8265,0980,2,2026-06-14 07:58:20,0.3688379659098946,0
8266,0987,2,2026-06-14 07:58:20,1.0000000000000000,0
8267,0990,2,2026-06-14 07:58:20,0.7926303133177736,0
8268,0003,2,2026-06-14 07:58:30,0.5542824810806988,0
8269,0018,2,2026-06-14 07:58:30,0.1819789235448052,0
8270,0042,2,2026-06-14 07:58:30,0.7926303133177736,0
8271,0050,2,2026-06-14 07:58:30,0.4693401230638659,0
8272,0060,2,2026-06-14 07:58:30,0.0599052266779829,0
8273,0070,2,2026-06-14 07:58:30,0.5542824810806988,0
8274,0081,2,2026-06-14 07:58:30,0.3688379659098946,0
8275,0085,2,2026-06-14 07:58:30,0.3688379659098946,0
8276,0088,2,2026-06-14 07:58:30,0.8562133107008982,0
8277,0096,2,2026-06-14 07:58:30,0.6120659169672537,0
8278,0105,2,2026-06-14 07:58:30,0.6883796590989462,0
8279,0109,2,2026-06-14 07:58:30,0.6883796590989462,0
8280,0127,2,2026-06-14 07:58:30,0.1819789235448052,0
8281,0162,2,2026-06-14 07:58:30,0.4693401230638659,0
8282,0186,2,2026-06-14 07:58:30,0.3688379659098946,0
8283,0187,2,2026-06-14 07:58:30,0.0599052266779829,0
8284,0204,2,2026-06-14 07:58:30,0.7926303133177736,0
8285,0208,2,2026-06-14 07:58:30,0.4693401230638659,0
8286,0225,2,2026-06-14 07:58:30,0.8562133107008982,0
8287,0258,2,2026-06-14 07:58:30,0.0599052266779829,0
8288,0294,2,2026-06-14 07:58:30,0.8562133107008982,0
8289,0327,2,2026-06-14 07:58:30,0.6883796590989462,0
8290,0363,2,2026-06-14 07:58:30,0.1182544734422519,0
8291,0364,2,2026-06-14 07:58:30,0.5542824810806988,0
8292,0377,2,2026-06-14 07:58:30,0.6883796590989462,0
8293,0395,2,2026-06-14 07:58:30,0.5542824810806988,0
8294,0396,2,2026-06-14 07:58:30,0.7926303133177736,0
8295,0399,2,2026-06-14 07:58:30,0.1182544734422519,0
8296,0416,2,2026-06-14 07:58:30,0.8562133107008982,0
8297,0436,2,2026-06-14 07:58:30,0.8562133107008982,0
8298,0453,2,2026-06-14 07:58:30,0.1182544734422519,0
8299,0489,2,2026-06-14 07:58:30,1.0000000000000000,0
8300,0494,2,2026-06-14 07:58:30,1.0000000000000000,0
8301,0498,2,2026-06-14 07:58:30,0.2745597284107787,0
8302,0516,2,2026-06-14 07:58:30,0.1182544734422519,0
8303,0525,2,2026-06-14 07:58:30,0.3688379659098946,0
8304,0527,2,2026-06-14 07:58:30,0.7926303133177736,0
8305,0544,2,2026-06-14 07:58:30,1.0000000000000000,0
8306,0553,2,2026-06-14 07:58:30,0.1182544734422519,0
8307,0554,2,2026-06-14 07:58:30,0.5542824810806988,0
8308,0564,2,2026-06-14 07:58:30,0.4693401230638659,0
8309,0565,2,2026-06-14 07:58:30,0.2745597284107787,0
8310,0578,2,2026-06-14 07:58:30,0.5542824810806988,0
8311,0617,2,2026-06-14 07:58:30,0.7926303133177736,0
8312,0625,2,2026-06-14 07:58:30,0.6120659169672537,0
8313,0659,2,2026-06-14 07:58:30,0.9304759884008770,0
8314,0672,2,2026-06-14 07:58:30,0.2745597284107787,0
8315,0673,2,2026-06-14 07:58:30,0.7926303133177736,0
8316,0687,2,2026-06-14 07:58:30,0.3688379659098946,0
8317,0707,2,2026-06-14 07:58:30,0.9304759884008770,0
8318,0729,2,2026-06-14 07:58:30,0.1819789235448052,0
8319,0743,2,2026-06-14 07:58:30,0.3688379659098946,0
8320,0764,2,2026-06-14 07:58:30,0.6883796590989462,0
8321,0782,2,2026-06-14 07:58:30,0.2745597284107787,0
8322,0815,2,2026-06-14 07:58:30,0.6883796590989462,0
8323,0833,2,2026-06-14 07:58:30,0.7926303133177736,0
8324,0845,2,2026-06-14 07:58:30,0.4693401230638659,0
8325,0877,2,2026-06-14 07:58:30,0.2745597284107787,0
8326,0883,2,2026-06-14 07:58:30,0.9304759884008770,0
8327,0886,2,2026-06-14 07:58:30,0.9304759884008770,1
8328,0895,2,2026-06-14 07:58:30,1.0000000000000000,0
8329,0902,2,2026-06-14 07:58:30,0.4693401230638659,0
8330,0907,2,2026-06-14 07:58:30,0.6120659169672537,0
8331,0916,2,2026-06-14 07:58:30,0.8562133107008982,0
8332,0919,2,2026-06-14 07:58:30,0.6883796590989462,0
8333,0928,2,2026-06-14 07:58:30,0.9304759884008770,0
8334,0933,2,2026-06-14 07:58:30,0.3688379659098946,0
8335,0934,2,2026-06-14 07:58:30,0.1182544734422519,0
8336,0970,2,2026-06-14 07:58:30,0.1182544734422519,0
8337,0972,2,2026-06-14 07:58:30,0.5542824810806988,0
8338,0976,2,2026-06-14 07:58:30,0.6883796590989462,0
8339,0980,2,2026-06-14 07:58:30,0.3688379659098946,0
8340,0987,2,2026-06-14 07:58:30,1.0000000000000000,0
8341,0990,2,2026-06-14 07:58:30,0.7926303133177736,0
8342,0808,2,2026-06-14 07:58:40,0.2745597284107787,0
8343,0808,2,2026-06-14 07:58:50,0.2745597284107787,0
8344,0808,2,2026-06-14 07:59:00,0.2745597284107787,0
8345,0808,2,2026-06-14 07:59:10,0.2745597284107787,0
8346,0808,2,2026-06-14 07:59:20,0.2745597284107787,0
8347,0808,2,2026-06-14 07:59:30,0.2745597284107787,0
8348,0808,2,2026-06-14 07:59:40,0.2745597284107787,1
8349,0910,2,2026-06-14 07:59:40,0.9304759884008770,0
8350,0808,2,2026-06-14 07:59:50,0.2745597284107787,0
8351,0910,2,2026-06-14 07:59:50,0.9304759884008770,0
8352,0808,2,2026-06-14 08:00:00,0.2745597284107787,0
8353,0910,2,2026-06-14 08:00:00,0.9304759884008770,0
8354,0808,2,2026-06-14 08:00:10,0.2745597284107787,1
8355,0910,2,2026-06-14 08:00:10,0.9304759884008770,0
8356,0808,2,2026-06-14 08:00:20,0.2745597284107787,0
8357,0910,2,2026-06-14 08:00:20,0.9304759884008770,0
8358,0808,2,2026-06-14 08:00:30,0.2745597284107787,0
8359,0910,2,2026-06-14 08:00:30,0.9304759884008770,0
8360,0910,2,2026-06-14 08:00:40,0.9304759884008770,0
8361,0910,2,2026-06-14 08:00:50,0.9304759884008770,0
8362,0910,2,2026-06-14 08:01:00,0.9304759884008770,0
8363,0910,2,2026-06-14 08:01:10,0.9304759884008770,0
8364,0910,2,2026-06-14 08:01:20,0.9304759884008770,0
8365,0910,2,2026-06-14 08:01:30,0.9304759884008770,1
8366,0296,2,2026-06-14 08:03:00,0.7926303133177736,1
8367,0296,2,2026-06-14 08:03:10,0.7926303133177736,0
8368,0296,2,2026-06-14 08:03:20,0.7926303133177736,0
8369,0296,2,2026-06-14 08:03:30,0.7926303133177736,1
8370,0296,2,2026-06-14 08:03:40,0.7926303133177736,0
8371,0296,2,2026-06-14 08:03:50,0.7926303133177736,0
8372,0296,2,2026-06-14 08:04:00,0.7926303133177736,0
8373,0889,2,2026-06-14 08:04:20,0.8562133107008982,1
8374,0889,2,2026-06-14 08:04:30,0.8562133107008982,1
8375,0693,2,2026-06-14 08:05:00,1.0000000000000000,0
8376,0693,2,2026-06-14 08:05:10,1.0000000000000000,0
8377,0693,2,2026-06-14 08:05:20,1.0000000000000000,0
8378,0693,2,2026-06-14 08:05:30,1.0000000000000000,0
8379,0693,2,2026-06-14 08:05:40,1.0000000000000000,0
8380,0693,2,2026-06-14 08:05:50,1.0000000000000000,0
8381,0693,2,2026-06-14 08:06:00,1.0000000000000000,0
8382,0693,2,2026-06-14 08:06:10,1.0000000000000000,0
8383,0693,2,2026-06-14 08:06:20,1.0000000000000000,0
8384,0693,2,2026-06-14 08:06:30,1.0000000000000000,1
8385,0693,2,2026-06-14 08:06:40,1.0000000000000000,0
8386,0084,2,2026-06-14 08:08:40,0.4693401230638659,1
8387,0084,2,2026-06-14 08:08:50,0.4693401230638659,0
8388,0359,2,2026-06-14 08:08:50,0.2745597284107787,0
8389,0084,2,2026-06-14 08:09:00,0.4693401230638659,0
8390,0359,2,2026-06-14 08:09:00,0.2745597284107787,1
8391,0391,2,2026-06-14 08:09:00,0.3688379659098946,0
8392,0084,2,2026-06-14 08:09:10,0.4693401230638659,0
8393,0359,2,2026-06-14 08:09:10,0.2745597284107787,0
8394,0391,2,2026-06-14 08:09:10,0.3688379659098946,0
8395,0590,2,2026-06-14 08:09:10,0.9304759884008770,0
8396,0084,2,2026-06-14 08:09:20,0.4693401230638659,0
8397,0359,2,2026-06-14 08:09:20,0.2745597284107787,0
8398,0391,2,2026-06-14 08:09:20,0.3688379659098946,0
8399,0590,2,2026-06-14 08:09:20,0.9304759884008770,0
8400,0759,2,2026-06-14 08:09:20,0.1182544734422519,1
8401,0084,2,2026-06-14 08:09:30,0.4693401230638659,0
8402,0359,2,2026-06-14 08:09:30,0.2745597284107787,0
8403,0391,2,2026-06-14 08:09:30,0.3688379659098946,0
8404,0590,2,2026-06-14 08:09:30,0.9304759884008770,0
8405,0759,2,2026-06-14 08:09:30,0.1182544734422519,0
8406,0030,2,2026-06-14 08:09:40,0.5542824810806988,0
8407,0084,2,2026-06-14 08:09:40,0.4693401230638659,0
8408,0359,2,2026-06-14 08:09:40,0.2745597284107787,0
8409,0391,2,2026-06-14 08:09:40,0.3688379659098946,0
8410,0590,2,2026-06-14 08:09:40,0.9304759884008770,0
8411,0759,2,2026-06-14 08:09:40,0.1182544734422519,0
8412,0030,2,2026-06-14 08:09:50,0.5542824810806988,0
8413,0084,2,2026-06-14 08:09:50,0.4693401230638659,1
8414,0359,2,2026-06-14 08:09:50,0.2745597284107787,0
8415,0391,2,2026-06-14 08:09:50,0.3688379659098946,0
8416,0590,2,2026-06-14 08:09:50,0.9304759884008770,0
8417,0759,2,2026-06-14 08:09:50,0.1182544734422519,0
8418,0030,2,2026-06-14 08:10:00,0.5542824810806988,0
8419,0084,2,2026-06-14 08:10:00,0.4693401230638659,0
8420,0359,2,2026-06-14 08:10:00,0.2745597284107787,0
8421,0391,2,2026-06-14 08:10:00,0.3688379659098946,1
8422,0590,2,2026-06-14 08:10:00,0.9304759884008770,0
8423,0759,2,2026-06-14 08:10:00,0.1182544734422519,0
8424,0030,2,2026-06-14 08:10:10,0.5542824810806988,0
8425,0084,2,2026-06-14 08:10:10,0.4693401230638659,0
8426,0359,2,2026-06-14 08:10:10,0.2745597284107787,0
8427,0391,2,2026-06-14 08:10:10,0.3688379659098946,0
8428,0590,2,2026-06-14 08:10:10,0.9304759884008770,0
8429,0759,2,2026-06-14 08:10:10,0.1182544734422519,0
8430,0030,2,2026-06-14 08:10:20,0.5542824810806988,0
8431,0359,2,2026-06-14 08:10:20,0.2745597284107787,0
8432,0391,2,2026-06-14 08:10:20,0.3688379659098946,1
8433,0590,2,2026-06-14 08:10:20,0.9304759884008770,0
8434,0635,2,2026-06-14 08:10:20,0.1819789235448052,0
8435,0759,2,2026-06-14 08:10:20,0.1182544734422519,0
8436,0030,2,2026-06-14 08:10:30,0.5542824810806988,0
8437,0359,2,2026-06-14 08:10:30,0.2745597284107787,0
8438,0391,2,2026-06-14 08:10:30,0.3688379659098946,0
8439,0590,2,2026-06-14 08:10:30,0.9304759884008770,0
8440,0635,2,2026-06-14 08:10:30,0.1819789235448052,0
8441,0759,2,2026-06-14 08:10:30,0.1182544734422519,0
8442,0030,2,2026-06-14 08:10:40,0.5542824810806988,0
8443,0359,2,2026-06-14 08:10:40,0.2745597284107787,0
8444,0391,2,2026-06-14 08:10:40,0.3688379659098946,0
8445,0590,2,2026-06-14 08:10:40,0.9304759884008770,1
8446,0635,2,2026-06-14 08:10:40,0.1819789235448052,0
8447,0030,2,2026-06-14 08:10:50,0.5542824810806988,1
8448,0635,2,2026-06-14 08:10:50,0.1819789235448052,0
8449,0635,2,2026-06-14 08:11:00,0.1819789235448052,0
8450,0635,2,2026-06-14 08:11:10,0.1819789235448052,0
8451,0635,2,2026-06-14 08:11:20,0.1819789235448052,0
8452,0635,2,2026-06-14 08:11:30,0.1819789235448052,1
8453,0635,2,2026-06-14 08:11:40,0.1819789235448052,0
8454,0172,2,2026-06-14 09:22:30,0.3688379659098946,0
8455,0172,2,2026-06-14 09:22:40,0.3688379659098946,0
8456,0172,2,2026-06-14 09:22:50,0.3688379659098946,0
8457,0172,2,2026-06-14 09:23:00,0.3688379659098946,0
8458,0076,2,2026-06-14 09:23:10,0.2745597284107787,0
8459,0172,2,2026-06-14 09:23:10,0.3688379659098946,0
8460,0076,2,2026-06-14 09:23:20,0.2745597284107787,0
8461,0172,2,2026-06-14 09:23:20,0.3688379659098946,0
8462,0076,2,2026-06-14 09:23:30,0.2745597284107787,0
8463,0172,2,2026-06-14 09:23:30,0.3688379659098946,0
8464,0076,2,2026-06-14 09:23:40,0.2745597284107787,0
8465,0172,2,2026-06-14 09:23:40,0.3688379659098946,0
8466,0076,2,2026-06-14 09:23:50,0.2745597284107787,0
8467,0172,2,2026-06-14 09:23:50,0.3688379659098946,0
8468,0076,2,2026-06-14 09:24:00,0.2745597284107787,0
8469,0076,2,2026-06-14 09:24:10,0.2745597284107787,0
8470,0076,2,2026-06-14 09:24:20,0.2745597284107787,0
8471,0076,2,2026-06-14 09:24:30,0.2745597284107787,0
8472,0193,2,2026-06-14 09:24:30,0.0599052266779829,1
8473,0076,2,2026-06-14 09:24:40,0.2745597284107787,0
8474,0193,2,2026-06-14 09:24:40,0.0599052266779829,0
8475,0076,2,2026-06-14 09:24:50,0.2745597284107787,0
8476,0193,2,2026-06-14 09:24:50,0.0599052266779829,0
8477,0076,2,2026-06-14 09:25:00,0.2745597284107787,0
8478,0193,2,2026-06-14 09:25:00,0.0599052266779829,0
8479,0481,2,2026-06-14 09:25:00,1.0000000000000000,0
8480,0493,2,2026-06-14 09:25:00,0.6120659169672537,1
8481,0193,2,2026-06-14 09:25:10,0.0599052266779829,0
8482,0481,2,2026-06-14 09:25:10,1.0000000000000000,0
8483,0493,2,2026-06-14 09:25:10,0.6120659169672537,0
8484,0057,2,2026-06-14 09:25:20,0.1819789235448052,1
8485,0193,2,2026-06-14 09:25:20,0.0599052266779829,0
8486,0481,2,2026-06-14 09:25:20,1.0000000000000000,0
8487,0493,2,2026-06-14 09:25:20,0.6120659169672537,0
8488,0057,2,2026-06-14 09:25:30,0.1819789235448052,1
8489,0193,2,2026-06-14 09:25:30,0.0599052266779829,0
8490,0481,2,2026-06-14 09:25:30,1.0000000000000000,0
8491,0493,2,2026-06-14 09:25:30,0.6120659169672537,0
8492,0057,2,2026-06-14 09:25:40,0.1819789235448052,0
8493,0193,2,2026-06-14 09:25:40,0.0599052266779829,0
8494,0481,2,2026-06-14 09:25:40,1.0000000000000000,0
8495,0493,2,2026-06-14 09:25:40,0.6120659169672537,0
8496,0057,2,2026-06-14 09:25:50,0.1819789235448052,0
8497,0481,2,2026-06-14 09:25:50,1.0000000000000000,0
8498,0493,2,2026-06-14 09:25:50,0.6120659169672537,0
8499,0626,2,2026-06-14 09:25:50,0.7926303133177736,1
8500,0057,2,2026-06-14 09:26:00,0.1819789235448052,0
8501,0221,2,2026-06-14 09:26:00,0.8562133107008982,0
8502,0481,2,2026-06-14 09:26:00,1.0000000000000000,0
8503,0493,2,2026-06-14 09:26:00,0.6120659169672537,0
8504,0535,2,2026-06-14 09:26:00,1.0000000000000000,0
8505,0626,2,2026-06-14 09:26:00,0.7926303133177736,0
8506,0057,2,2026-06-14 09:26:10,0.1819789235448052,0
8507,0221,2,2026-06-14 09:26:10,0.8562133107008982,1
8508,0481,2,2026-06-14 09:26:10,1.0000000000000000,0
8509,0493,2,2026-06-14 09:26:10,0.6120659169672537,0
8510,0535,2,2026-06-14 09:26:10,1.0000000000000000,0
8511,0626,2,2026-06-14 09:26:10,0.7926303133177736,0
8512,0057,2,2026-06-14 09:26:20,0.1819789235448052,0
8513,0221,2,2026-06-14 09:26:20,0.8562133107008982,0
8514,0481,2,2026-06-14 09:26:20,1.0000000000000000,0
8515,0493,2,2026-06-14 09:26:20,0.6120659169672537,0
8516,0535,2,2026-06-14 09:26:20,1.0000000000000000,0
8517,0626,2,2026-06-14 09:26:20,0.7926303133177736,0
8518,0057,2,2026-06-14 09:26:30,0.1819789235448052,0
8519,0221,2,2026-06-14 09:26:30,0.8562133107008982,0
8520,0430,2,2026-06-14 09:26:30,0.9304759884008770,0
8521,0493,2,2026-06-14 09:26:30,0.6120659169672537,0
8522,0535,2,2026-06-14 09:26:30,1.0000000000000000,1
8523,0626,2,2026-06-14 09:26:30,0.7926303133177736,0
8524,0789,2,2026-06-14 09:26:30,0.1182544734422519,0
8525,0874,2,2026-06-14 09:26:30,0.1819789235448052,0
8526,0057,2,2026-06-14 09:26:40,0.1819789235448052,0
8527,0221,2,2026-06-14 09:26:40,0.8562133107008982,0
8528,0350,2,2026-06-14 09:26:40,0.7926303133177736,0
8529,0430,2,2026-06-14 09:26:40,0.9304759884008770,0
8530,0493,2,2026-06-14 09:26:40,0.6120659169672537,0
8531,0535,2,2026-06-14 09:26:40,1.0000000000000000,1
8532,0626,2,2026-06-14 09:26:40,0.7926303133177736,0
8533,0698,2,2026-06-14 09:26:40,0.9304759884008770,0
8534,0789,2,2026-06-14 09:26:40,0.1182544734422519,0
8535,0874,2,2026-06-14 09:26:40,0.1819789235448052,0
8536,0034,2,2026-06-14 09:26:50,0.1819789235448052,0
8537,0057,2,2026-06-14 09:26:50,0.1819789235448052,0
8538,0221,2,2026-06-14 09:26:50,0.8562133107008982,0
8539,0350,2,2026-06-14 09:26:50,0.7926303133177736,0
8540,0351,2,2026-06-14 09:26:50,0.5542824810806988,0
8541,0430,2,2026-06-14 09:26:50,0.9304759884008770,0
8542,0493,2,2026-06-14 09:26:50,0.6120659169672537,0
8543,0535,2,2026-06-14 09:26:50,1.0000000000000000,0
8544,0626,2,2026-06-14 09:26:50,0.7926303133177736,0
8545,0698,2,2026-06-14 09:26:50,0.9304759884008770,0
8546,0789,2,2026-06-14 09:26:50,0.1182544734422519,0
8547,0874,2,2026-06-14 09:26:50,0.1819789235448052,0
8548,0034,2,2026-06-14 09:27:00,0.1819789235448052,0
8549,0057,2,2026-06-14 09:27:00,0.1819789235448052,0
8550,0221,2,2026-06-14 09:27:00,0.8562133107008982,0
8551,0350,2,2026-06-14 09:27:00,0.7926303133177736,0
8552,0351,2,2026-06-14 09:27:00,0.5542824810806988,1
8553,0427,2,2026-06-14 09:27:00,0.4693401230638659,0
8554,0430,2,2026-06-14 09:27:00,0.9304759884008770,0
8555,0535,2,2026-06-14 09:27:00,1.0000000000000000,0
8556,0626,2,2026-06-14 09:27:00,0.7926303133177736,0
8557,0698,2,2026-06-14 09:27:00,0.9304759884008770,0
8558,0789,2,2026-06-14 09:27:00,0.1182544734422519,0
8559,0874,2,2026-06-14 09:27:00,0.1819789235448052,0
8560,0034,2,2026-06-14 09:27:10,0.1819789235448052,0
8561,0221,2,2026-06-14 09:27:10,0.8562133107008982,0
8562,0350,2,2026-06-14 09:27:10,0.7926303133177736,0
8563,0351,2,2026-06-14 09:27:10,0.5542824810806988,0
8564,0427,2,2026-06-14 09:27:10,0.4693401230638659,0
8565,0430,2,2026-06-14 09:27:10,0.9304759884008770,0
8566,0535,2,2026-06-14 09:27:10,1.0000000000000000,0
8567,0626,2,2026-06-14 09:27:10,0.7926303133177736,0
8568,0698,2,2026-06-14 09:27:10,0.9304759884008770,0
8569,0789,2,2026-06-14 09:27:10,0.1182544734422519,0
8570,0874,2,2026-06-14 09:27:10,0.1819789235448052,0
8571,0034,2,2026-06-14 09:27:20,0.1819789235448052,1
8572,0221,2,2026-06-14 09:27:20,0.8562133107008982,0
8573,0350,2,2026-06-14 09:27:20,0.7926303133177736,0
8574,0351,2,2026-06-14 09:27:20,0.5542824810806988,0
8575,0427,2,2026-06-14 09:27:20,0.4693401230638659,0
8576,0430,2,2026-06-14 09:27:20,0.9304759884008770,0
8577,0535,2,2026-06-14 09:27:20,1.0000000000000000,0
8578,0626,2,2026-06-14 09:27:20,0.7926303133177736,0
8579,0698,2,2026-06-14 09:27:20,0.9304759884008770,0
8580,0789,2,2026-06-14 09:27:20,0.1182544734422519,0
8581,0874,2,2026-06-14 09:27:20,0.1819789235448052,0
8582,0034,2,2026-06-14 09:27:30,0.1819789235448052,0
8583,0221,2,2026-06-14 09:27:30,0.8562133107008982,0
8584,0350,2,2026-06-14 09:27:30,0.7926303133177736,0
8585,0351,2,2026-06-14 09:27:30,0.5542824810806988,0
8586,0427,2,2026-06-14 09:27:30,0.4693401230638659,0
8587,0698,2,2026-06-14 09:27:30,0.9304759884008770,0
8588,0789,2,2026-06-14 09:27:30,0.1182544734422519,0
8589,0034,2,2026-06-14 09:27:40,0.1819789235448052,0
8590,0221,2,2026-06-14 09:27:40,0.8562133107008982,0
8591,0281,2,2026-06-14 09:27:40,0.3688379659098946,0
8592,0350,2,2026-06-14 09:27:40,0.7926303133177736,0
8593,0351,2,2026-06-14 09:27:40,0.5542824810806988,0
8594,0427,2,2026-06-14 09:27:40,0.4693401230638659,0
8595,0637,2,2026-06-14 09:27:40,0.5542824810806988,0
8596,0698,2,2026-06-14 09:27:40,0.9304759884008770,1
8597,0789,2,2026-06-14 09:27:40,0.1182544734422519,0
8598,0034,2,2026-06-14 09:27:50,0.1819789235448052,0
8599,0135,2,2026-06-14 09:27:50,0.7926303133177736,0
8600,0140,2,2026-06-14 09:27:50,0.6883796590989462,0
8601,0221,2,2026-06-14 09:27:50,0.8562133107008982,0
8602,0281,2,2026-06-14 09:27:50,0.3688379659098946,0
8603,0350,2,2026-06-14 09:27:50,0.7926303133177736,0
8604,0351,2,2026-06-14 09:27:50,0.5542824810806988,0
8605,0427,2,2026-06-14 09:27:50,0.4693401230638659,0
8606,0637,2,2026-06-14 09:27:50,0.5542824810806988,0
8607,0698,2,2026-06-14 09:27:50,0.9304759884008770,0
8608,0034,2,2026-06-14 09:28:00,0.1819789235448052,0
8609,0100,2,2026-06-14 09:28:00,0.5542824810806988,0
8610,0135,2,2026-06-14 09:28:00,0.7926303133177736,0
8611,0140,2,2026-06-14 09:28:00,0.6883796590989462,0
8612,0281,2,2026-06-14 09:28:00,0.3688379659098946,0
8613,0351,2,2026-06-14 09:28:00,0.5542824810806988,0
8614,0427,2,2026-06-14 09:28:00,0.4693401230638659,1
8615,0611,2,2026-06-14 09:28:00,0.9304759884008770,0
8616,0637,2,2026-06-14 09:28:00,0.5542824810806988,0
8617,0698,2,2026-06-14 09:28:00,0.9304759884008770,0
8618,0034,2,2026-06-14 09:28:10,0.1819789235448052,0
8619,0100,2,2026-06-14 09:28:10,0.5542824810806988,0
8620,0135,2,2026-06-14 09:28:10,0.7926303133177736,0
8621,0140,2,2026-06-14 09:28:10,0.6883796590989462,0
8622,0143,2,2026-06-14 09:28:10,0.8562133107008982,0
8623,0281,2,2026-06-14 09:28:10,0.3688379659098946,0
8624,0351,2,2026-06-14 09:28:10,0.5542824810806988,0
8625,0427,2,2026-06-14 09:28:10,0.4693401230638659,0
8626,0611,2,2026-06-14 09:28:10,0.9304759884008770,0
8627,0637,2,2026-06-14 09:28:10,0.5542824810806988,1
8628,0034,2,2026-06-14 09:28:20,0.1819789235448052,0
8629,0100,2,2026-06-14 09:28:20,0.5542824810806988,0
8630,0135,2,2026-06-14 09:28:20,0.7926303133177736,0
8631,0140,2,2026-06-14 09:28:20,0.6883796590989462,0
8632,0143,2,2026-06-14 09:28:20,0.8562133107008982,0
8633,0281,2,2026-06-14 09:28:20,0.3688379659098946,0
8634,0351,2,2026-06-14 09:28:20,0.5542824810806988,0
8635,0427,2,2026-06-14 09:28:20,0.4693401230638659,0
8636,0611,2,2026-06-14 09:28:20,0.9304759884008770,0
8637,0637,2,2026-06-14 09:28:20,0.5542824810806988,0
8638,0034,2,2026-06-14 09:28:30,0.1819789235448052,0
8639,0100,2,2026-06-14 09:28:30,0.5542824810806988,0
8640,0135,2,2026-06-14 09:28:30,0.7926303133177736,0
8641,0140,2,2026-06-14 09:28:30,0.6883796590989462,0
8642,0143,2,2026-06-14 09:28:30,0.8562133107008982,0
8643,0281,2,2026-06-14 09:28:30,0.3688379659098946,0
8644,0427,2,2026-06-14 09:28:30,0.4693401230638659,0
8645,0611,2,2026-06-14 09:28:30,0.9304759884008770,1
8646,0637,2,2026-06-14 09:28:30,0.5542824810806988,0
8647,0034,2,2026-06-14 09:28:40,0.1819789235448052,0
8648,0100,2,2026-06-14 09:28:40,0.5542824810806988,1
8649,0135,2,2026-06-14 09:28:40,0.7926303133177736,0
8650,0140,2,2026-06-14 09:28:40,0.6883796590989462,0
8651,0143,2,2026-06-14 09:28:40,0.8562133107008982,0
8652,0281,2,2026-06-14 09:28:40,0.3688379659098946,0
8653,0427,2,2026-06-14 09:28:40,0.4693401230638659,0
8654,0611,2,2026-06-14 09:28:40,0.9304759884008770,0
8655,0637,2,2026-06-14 09:28:40,0.5542824810806988,0
8656,0100,2,2026-06-14 09:28:50,0.5542824810806988,0
8657,0135,2,2026-06-14 09:28:50,0.7926303133177736,1
8658,0140,2,2026-06-14 09:28:50,0.6883796590989462,0
8659,0143,2,2026-06-14 09:28:50,0.8562133107008982,0
8660,0349,2,2026-06-14 09:28:50,0.1182544734422519,0
8661,0427,2,2026-06-14 09:28:50,0.4693401230638659,0
8662,0611,2,2026-06-14 09:28:50,0.9304759884008770,0
8663,0637,2,2026-06-14 09:28:50,0.5542824810806988,0
8664,0100,2,2026-06-14 09:29:00,0.5542824810806988,0
8665,0135,2,2026-06-14 09:29:00,0.7926303133177736,0
8666,0140,2,2026-06-14 09:29:00,0.6883796590989462,1
8667,0143,2,2026-06-14 09:29:00,0.8562133107008982,0
8668,0349,2,2026-06-14 09:29:00,0.1182544734422519,0
8669,0611,2,2026-06-14 09:29:00,0.9304759884008770,0
8670,0637,2,2026-06-14 09:29:00,0.5542824810806988,0
8671,0705,2,2026-06-14 09:29:00,0.5542824810806988,0
8672,0100,2,2026-06-14 09:29:10,0.5542824810806988,1
8673,0135,2,2026-06-14 09:29:10,0.7926303133177736,0
8674,0140,2,2026-06-14 09:29:10,0.6883796590989462,0
8675,0143,2,2026-06-14 09:29:10,0.8562133107008982,0
8676,0160,2,2026-06-14 09:29:10,0.1182544734422519,0
8677,0611,2,2026-06-14 09:29:10,0.9304759884008770,0
8678,0637,2,2026-06-14 09:29:10,0.5542824810806988,0
8679,0705,2,2026-06-14 09:29:10,0.5542824810806988,0
8680,0135,2,2026-06-14 09:29:20,0.7926303133177736,0
8681,0140,2,2026-06-14 09:29:20,0.6883796590989462,1
8682,0143,2,2026-06-14 09:29:20,0.8562133107008982,0
8683,0160,2,2026-06-14 09:29:20,0.1182544734422519,0
8684,0637,2,2026-06-14 09:29:20,0.5542824810806988,0
8685,0705,2,2026-06-14 09:29:20,0.5542824810806988,0
8686,0143,2,2026-06-14 09:29:30,0.8562133107008982,1
8687,0160,2,2026-06-14 09:29:30,0.1182544734422519,0
8688,0705,2,2026-06-14 09:29:30,0.5542824810806988,0
8689,0983,2,2026-06-14 09:29:30,1.0000000000000000,0
8690,0143,2,2026-06-14 09:29:40,0.8562133107008982,0
8691,0160,2,2026-06-14 09:29:40,0.1182544734422519,0
8692,0705,2,2026-06-14 09:29:40,0.5542824810806988,0
8693,0983,2,2026-06-14 09:29:40,1.0000000000000000,0
8694,0143,2,2026-06-14 09:29:50,0.8562133107008982,0
8695,0160,2,2026-06-14 09:29:50,0.1182544734422519,0
8696,0705,2,2026-06-14 09:29:50,0.5542824810806988,0
8697,0983,2,2026-06-14 09:29:50,1.0000000000000000,1
8698,0160,2,2026-06-14 09:30:00,0.1182544734422519,1
8699,0192,2,2026-06-14 09:30:00,0.6120659169672537,0
8700,0705,2,2026-06-14 09:30:00,0.5542824810806988,0
8701,0983,2,2026-06-14 09:30:00,1.0000000000000000,0
8702,0160,2,2026-06-14 09:30:10,0.1182544734422519,0
8703,0192,2,2026-06-14 09:30:10,0.6120659169672537,0
8704,0705,2,2026-06-14 09:30:10,0.5542824810806988,0
8705,0983,2,2026-06-14 09:30:10,1.0000000000000000,1
8706,0160,2,2026-06-14 09:30:20,0.1182544734422519,0
8707,0192,2,2026-06-14 09:30:20,0.6120659169672537,0
8708,0705,2,2026-06-14 09:30:20,0.5542824810806988,0
8709,0983,2,2026-06-14 09:30:20,1.0000000000000000,0
8710,0160,2,2026-06-14 09:30:30,0.1182544734422519,0
8711,0192,2,2026-06-14 09:30:30,0.6120659169672537,0
8712,0705,2,2026-06-14 09:30:30,0.5542824810806988,1
8713,0983,2,2026-06-14 09:30:30,1.0000000000000000,0
8714,0160,2,2026-06-14 09:30:40,0.1182544734422519,0
8715,0192,2,2026-06-14 09:30:40,0.6120659169672537,0
8716,0705,2,2026-06-14 09:30:40,0.5542824810806988,0
8717,0983,2,2026-06-14 09:30:40,1.0000000000000000,0
8718,0192,2,2026-06-14 09:30:50,0.6120659169672537,1
8719,0705,2,2026-06-14 09:30:50,0.5542824810806988,0
8720,0983,2,2026-06-14 09:30:50,1.0000000000000000,0
8721,0192,2,2026-06-14 09:31:00,0.6120659169672537,0
8722,0192,2,2026-06-14 09:31:10,0.6120659169672537,0
8723,0192,2,2026-06-14 09:31:20,0.6120659169672537,0
8724,0192,2,2026-06-14 09:31:30,0.6120659169672537,1
8725,0192,2,2026-06-14 09:31:40,0.6120659169672537,0
8726,0467,2,2026-06-14 09:38:40,0.1819789235448052,0
8727,0467,2,2026-06-14 09:38:50,0.1819789235448052,0
8728,0467,2,2026-06-14 09:39:00,0.1819789235448052,0
8729,0467,2,2026-06-14 09:39:10,0.1819789235448052,0
8730,0467,2,2026-06-14 09:39:20,0.1819789235448052,0
8731,0467,2,2026-06-14 09:39:30,0.1819789235448052,0
8732,0467,2,2026-06-14 09:39:40,0.1819789235448052,0
8733,0997,3,2026-06-13 09:44:00,0.7926303133177736,1
8734,0997,3,2026-06-13 09:44:10,0.7926303133177736,0
8735,0997,3,2026-06-13 09:44:20,0.7926303133177736,0
8736,0997,3,2026-06-13 09:44:30,0.7926303133177736,0
8737,0467,3,2026-06-13 09:44:40,0.1819789235448052,0
8738,0997,3,2026-06-13 09:44:40,0.7926303133177736,0
8739,0467,3,2026-06-13 09:44:50,0.1819789235448052,0
8740,0997,3,2026-06-13 09:44:50,0.7926303133177736,0
8741,0467,3,2026-06-13 09:45:00,0.1819789235448052,0
8742,0467,3,2026-06-13 09:45:10,0.1819789235448052,0
8743,0467,3,2026-06-13 09:45:20,0.1819789235448052,0
8744,0467,3,2026-06-13 09:45:30,0.1819789235448052,0
8745,0467,3,2026-06-13 09:45:40,0.1819789235448052,0
8746,0278,3,2026-06-13 09:45:50,0.6120659169672537,0
8747,0467,3,2026-06-13 09:45:50,0.1819789235448052,0
8748,0278,3,2026-06-13 09:46:00,0.6120659169672537,0
8749,0467,3,2026-06-13 09:46:00,0.1819789235448052,1
8750,0278,3,2026-06-13 09:46:10,0.6120659169672537,0
8751,0467,3,2026-06-13 09:46:10,0.1819789235448052,0
8752,0788,3,2026-06-13 09:46:10,0.6120659169672537,0
8753,0161,3,2026-06-13 09:46:20,0.8562133107008982,0
8754,0278,3,2026-06-13 09:46:20,0.6120659169672537,0
8755,0467,3,2026-06-13 09:46:20,0.1819789235448052,0
8756,0788,3,2026-06-13 09:46:20,0.6120659169672537,0
8757,0161,3,2026-06-13 09:46:30,0.8562133107008982,0
8758,0278,3,2026-06-13 09:46:30,0.6120659169672537,0
8759,0788,3,2026-06-13 09:46:30,0.6120659169672537,1
8760,0161,3,2026-06-13 09:46:40,0.8562133107008982,0
8761,0278,3,2026-06-13 09:46:40,0.6120659169672537,0
8762,0788,3,2026-06-13 09:46:40,0.6120659169672537,0
8763,0161,3,2026-06-13 09:46:50,0.8562133107008982,0
8764,0278,3,2026-06-13 09:46:50,0.6120659169672537,0
8765,0788,3,2026-06-13 09:46:50,0.6120659169672537,0
8766,0161,3,2026-06-13 09:47:00,0.8562133107008982,0
8767,0278,3,2026-06-13 09:47:00,0.6120659169672537,1
8768,0788,3,2026-06-13 09:47:00,0.6120659169672537,0
8769,0161,3,2026-06-13 09:47:10,0.8562133107008982,0
8770,0278,3,2026-06-13 09:47:10,0.6120659169672537,0
8771,0788,3,2026-06-13 09:47:10,0.6120659169672537,0
8772,0033,3,2026-06-13 09:47:20,0.1819789235448052,0
8773,0161,3,2026-06-13 09:47:20,0.8562133107008982,1
8774,0278,3,2026-06-13 09:47:20,0.6120659169672537,0
8775,0788,3,2026-06-13 09:47:20,0.6120659169672537,0
8776,0033,3,2026-06-13 09:47:30,0.1819789235448052,0
8777,0161,3,2026-06-13 09:47:30,0.8562133107008982,0
8778,0788,3,2026-06-13 09:47:30,0.6120659169672537,0
8779,0033,3,2026-06-13 09:47:40,0.1819789235448052,1
8780,0788,3,2026-06-13 09:47:40,0.6120659169672537,0
8781,0033,3,2026-06-13 09:47:50,0.1819789235448052,0
8782,0033,3,2026-06-13 09:48:00,0.1819789235448052,0
8783,0033,3,2026-06-13 09:48:10,0.1819789235448052,0
8784,0033,3,2026-06-13 09:48:20,0.1819789235448052,0
8785,0879,3,2026-06-13 09:48:20,0.0599052266779829,1
8786,0033,3,2026-06-13 09:48:30,0.1819789235448052,0
8787,0879,3,2026-06-13 09:48:30,0.0599052266779829,0
8788,0033,3,2026-06-13 09:48:40,0.1819789235448052,0
8789,0879,3,2026-06-13 09:48:40,0.0599052266779829,0
8790,0033,3,2026-06-13 09:48:50,0.1819789235448052,0
8791,0879,3,2026-06-13 09:48:50,0.0599052266779829,0
8792,0033,3,2026-06-13 09:49:00,0.1819789235448052,0
8793,0879,3,2026-06-13 09:49:00,0.0599052266779829,0
8794,0879,3,2026-06-13 09:49:10,0.0599052266779829,0
8795,0879,3,2026-06-13 09:49:20,0.0599052266779829,0
8796,0879,3,2026-06-13 09:49:30,0.0599052266779829,0
8797,0879,3,2026-06-13 09:49:40,0.0599052266779829,0
8798,0879,3,2026-06-13 09:49:50,0.0599052266779829,0
8799,0668,3,2026-06-13 11:08:50,0.7926303133177736,0
8800,0668,3,2026-06-13 11:09:00,0.7926303133177736,0
8801,0668,3,2026-06-13 11:09:10,0.7926303133177736,0
8802,0668,3,2026-06-13 11:09:20,0.7926303133177736,0
8803,0668,3,2026-06-13 11:09:30,0.7926303133177736,0
8804,0668,3,2026-06-13 11:09:40,0.7926303133177736,0
8805,0668,3,2026-06-13 11:09:50,0.7926303133177736,0
8806,0668,3,2026-06-13 11:10:00,0.7926303133177736,0
8807,0668,3,2026-06-13 11:10:10,0.7926303133177736,0
8808,0668,3,2026-06-13 11:10:20,0.7926303133177736,0
8809,0465,3,2026-06-13 11:10:30,0.1819789235448052,0
8810,0668,3,2026-06-13 11:10:30,0.7926303133177736,0
8811,0094,3,2026-06-13 11:10:40,0.1182544734422519,0
8812,0465,3,2026-06-13 11:10:40,0.1819789235448052,0
8813,0668,3,2026-06-13 11:10:40,0.7926303133177736,0
8814,0094,3,2026-06-13 11:10:50,0.1182544734422519,0
8815,0459,3,2026-06-13 11:10:50,0.2745597284107787,0
8816,0465,3,2026-06-13 11:10:50,0.1819789235448052,1
8817,0094,3,2026-06-13 11:11:00,0.1182544734422519,0
8818,0459,3,2026-06-13 11:11:00,0.2745597284107787,0
8819,0465,3,2026-06-13 11:11:00,0.1819789235448052,0
8820,0542,3,2026-06-13 11:11:00,0.3688379659098946,1
8821,0094,3,2026-06-13 11:11:10,0.1182544734422519,0
8822,0280,3,2026-06-13 11:11:10,0.1819789235448052,0
8823,0459,3,2026-06-13 11:11:10,0.2745597284107787,0
8824,0465,3,2026-06-13 11:11:10,0.1819789235448052,0
8825,0542,3,2026-06-13 11:11:10,0.3688379659098946,0
8826,0940,3,2026-06-13 11:11:10,0.9304759884008770,0
8827,0094,3,2026-06-13 11:11:20,0.1182544734422519,0
8828,0280,3,2026-06-13 11:11:20,0.1819789235448052,0
8829,0459,3,2026-06-13 11:11:20,0.2745597284107787,0
8830,0465,3,2026-06-13 11:11:20,0.1819789235448052,0
8831,0542,3,2026-06-13 11:11:20,0.3688379659098946,0
8832,0940,3,2026-06-13 11:11:20,0.9304759884008770,0
8833,0094,3,2026-06-13 11:11:30,0.1182544734422519,1
8834,0280,3,2026-06-13 11:11:30,0.1819789235448052,0
8835,0459,3,2026-06-13 11:11:30,0.2745597284107787,0
8836,0465,3,2026-06-13 11:11:30,0.1819789235448052,0
8837,0542,3,2026-06-13 11:11:30,0.3688379659098946,0
8838,0940,3,2026-06-13 11:11:30,0.9304759884008770,0
8839,0094,3,2026-06-13 11:11:40,0.1182544734422519,0
8840,0280,3,2026-06-13 11:11:40,0.1819789235448052,0
8841,0459,3,2026-06-13 11:11:40,0.2745597284107787,0
8842,0465,3,2026-06-13 11:11:40,0.1819789235448052,0
8843,0542,3,2026-06-13 11:11:40,0.3688379659098946,0
8844,0940,3,2026-06-13 11:11:40,0.9304759884008770,0
8845,0094,3,2026-06-13 11:11:50,0.1182544734422519,0
8846,0280,3,2026-06-13 11:11:50,0.1819789235448052,0
8847,0459,3,2026-06-13 11:11:50,0.2745597284107787,0
8848,0465,3,2026-06-13 11:11:50,0.1819789235448052,0
8849,0542,3,2026-06-13 11:11:50,0.3688379659098946,0
8850,0561,3,2026-06-13 11:11:50,0.8562133107008982,0
8851,0940,3,2026-06-13 11:11:50,0.9304759884008770,0
8852,0094,3,2026-06-13 11:12:00,0.1182544734422519,0
8853,0280,3,2026-06-13 11:12:00,0.1819789235448052,0
8854,0459,3,2026-06-13 11:12:00,0.2745597284107787,0
8855,0465,3,2026-06-13 11:12:00,0.1819789235448052,0
8856,0542,3,2026-06-13 11:12:00,0.3688379659098946,0
8857,0561,3,2026-06-13 11:12:00,0.8562133107008982,0
8858,0940,3,2026-06-13 11:12:00,0.9304759884008770,0
8859,0094,3,2026-06-13 11:12:10,0.1182544734422519,0
8860,0280,3,2026-06-13 11:12:10,0.1819789235448052,0
8861,0459,3,2026-06-13 11:12:10,0.2745597284107787,0
8862,0465,3,2026-06-13 11:12:10,0.1819789235448052,0
8863,0542,3,2026-06-13 11:12:10,0.3688379659098946,0
8864,0561,3,2026-06-13 11:12:10,0.8562133107008982,0
8865,0940,3,2026-06-13 11:12:10,0.9304759884008770,0
8866,0280,3,2026-06-13 11:12:20,0.1819789235448052,0
8867,0459,3,2026-06-13 11:12:20,0.2745597284107787,0
8868,0542,3,2026-06-13 11:12:20,0.3688379659098946,0
8869,0561,3,2026-06-13 11:12:20,0.8562133107008982,0
8870,0940,3,2026-06-13 11:12:20,0.9304759884008770,0
8871,0139,3,2026-06-13 11:12:30,0.2745597284107787,0
8872,0280,3,2026-06-13 11:12:30,0.1819789235448052,0
8873,0459,3,2026-06-13 11:12:30,0.2745597284107787,0
8874,0542,3,2026-06-13 11:12:30,0.3688379659098946,0
8875,0561,3,2026-06-13 11:12:30,0.8562133107008982,0
8876,0940,3,2026-06-13 11:12:30,0.9304759884008770,0
8877,0139,3,2026-06-13 11:12:40,0.2745597284107787,0
8878,0280,3,2026-06-13 11:12:40,0.1819789235448052,0
8879,0459,3,2026-06-13 11:12:40,0.2745597284107787,0
8880,0561,3,2026-06-13 11:12:40,0.8562133107008982,0
8881,0940,3,2026-06-13 11:12:40,0.9304759884008770,0
8882,0139,3,2026-06-13 11:12:50,0.2745597284107787,0
8883,0280,3,2026-06-13 11:12:50,0.1819789235448052,0
8884,0561,3,2026-06-13 11:12:50,0.8562133107008982,0
8885,0940,3,2026-06-13 11:12:50,0.9304759884008770,0
8886,0139,3,2026-06-13 11:13:00,0.2745597284107787,0
8887,0561,3,2026-06-13 11:13:00,0.8562133107008982,0
8888,0139,3,2026-06-13 11:13:10,0.2745597284107787,0
8889,0561,3,2026-06-13 11:13:10,0.8562133107008982,0
8890,0139,3,2026-06-13 11:13:20,0.2745597284107787,0
8891,0139,3,2026-06-13 11:13:30,0.2745597284107787,0
8892,0139,3,2026-06-13 11:13:40,0.2745597284107787,0
8893,0371,3,2026-06-13 11:13:40,0.9304759884008770,0
8894,0139,3,2026-06-13 11:13:50,0.2745597284107787,0
8895,0371,3,2026-06-13 11:13:50,0.9304759884008770,0
8896,0139,3,2026-06-13 11:14:00,0.2745597284107787,0
8897,0371,3,2026-06-13 11:14:00,0.9304759884008770,0
8898,0864,3,2026-06-13 11:14:00,0.4693401230638659,0
8899,0139,3,2026-06-13 11:14:10,0.2745597284107787,0
8900,0371,3,2026-06-13 11:14:10,0.9304759884008770,0
8901,0692,3,2026-06-13 11:14:10,0.2745597284107787,0
8902,0864,3,2026-06-13 11:14:10,0.4693401230638659,0
8903,0139,3,2026-06-13 11:14:20,0.2745597284107787,0
8904,0371,3,2026-06-13 11:14:20,0.9304759884008770,0
8905,0562,3,2026-06-13 11:14:20,0.0599052266779829,0
8906,0692,3,2026-06-13 11:14:20,0.2745597284107787,0
8907,0864,3,2026-06-13 11:14:20,0.4693401230638659,0
8908,0371,3,2026-06-13 11:14:30,0.9304759884008770,0
8909,0562,3,2026-06-13 11:14:30,0.0599052266779829,0
8910,0692,3,2026-06-13 11:14:30,0.2745597284107787,0
8911,0864,3,2026-06-13 11:14:30,0.4693401230638659,0
8912,0371,3,2026-06-13 11:14:40,0.9304759884008770,0
8913,0536,3,2026-06-13 11:14:40,0.8562133107008982,0
8914,0562,3,2026-06-13 11:14:40,0.0599052266779829,0
8915,0692,3,2026-06-13 11:14:40,0.2745597284107787,0
8916,0864,3,2026-06-13 11:14:40,0.4693401230638659,0
8917,0371,3,2026-06-13 11:14:50,0.9304759884008770,0
8918,0518,3,2026-06-13 11:14:50,0.6120659169672537,0
8919,0536,3,2026-06-13 11:14:50,0.8562133107008982,0
8920,0562,3,2026-06-13 11:14:50,0.0599052266779829,0
8921,0692,3,2026-06-13 11:14:50,0.2745597284107787,0
8922,0864,3,2026-06-13 11:14:50,0.4693401230638659,0
8923,0371,3,2026-06-13 11:15:00,0.9304759884008770,0
8924,0518,3,2026-06-13 11:15:00,0.6120659169672537,0
8925,0536,3,2026-06-13 11:15:00,0.8562133107008982,1
8926,0562,3,2026-06-13 11:15:00,0.0599052266779829,0
8927,0692,3,2026-06-13 11:15:00,0.2745597284107787,0
8928,0864,3,2026-06-13 11:15:00,0.4693401230638659,0
8929,0371,3,2026-06-13 11:15:10,0.9304759884008770,0
8930,0518,3,2026-06-13 11:15:10,0.6120659169672537,0
8931,0536,3,2026-06-13 11:15:10,0.8562133107008982,0
8932,0562,3,2026-06-13 11:15:10,0.0599052266779829,0
8933,0692,3,2026-06-13 11:15:10,0.2745597284107787,0
8934,0846,3,2026-06-13 11:15:10,0.9304759884008770,0
8935,0864,3,2026-06-13 11:15:10,0.4693401230638659,0
8936,0371,3,2026-06-13 11:15:20,0.9304759884008770,0
8937,0388,3,2026-06-13 11:15:20,1.0000000000000000,0
8938,0518,3,2026-06-13 11:15:20,0.6120659169672537,0
8939,0536,3,2026-06-13 11:15:20,0.8562133107008982,0
8940,0562,3,2026-06-13 11:15:20,0.0599052266779829,0
8941,0692,3,2026-06-13 11:15:20,0.2745597284107787,0
8942,0846,3,2026-06-13 11:15:20,0.9304759884008770,0
8943,0864,3,2026-06-13 11:15:20,0.4693401230638659,0
8944,0371,3,2026-06-13 11:15:30,0.9304759884008770,0
8945,0388,3,2026-06-13 11:15:30,1.0000000000000000,0
8946,0518,3,2026-06-13 11:15:30,0.6120659169672537,0
8947,0536,3,2026-06-13 11:15:30,0.8562133107008982,1
8948,0562,3,2026-06-13 11:15:30,0.0599052266779829,0
8949,0692,3,2026-06-13 11:15:30,0.2745597284107787,0
8950,0846,3,2026-06-13 11:15:30,0.9304759884008770,0
8951,0863,3,2026-06-13 11:15:30,0.9304759884008770,0
8952,0864,3,2026-06-13 11:15:30,0.4693401230638659,0
8953,0993,3,2026-06-13 11:15:30,0.6120659169672537,0
8954,0388,3,2026-06-13 11:15:40,1.0000000000000000,0
8955,0518,3,2026-06-13 11:15:40,0.6120659169672537,0
8956,0533,3,2026-06-13 11:15:40,0.6883796590989462,0
8957,0536,3,2026-06-13 11:15:40,0.8562133107008982,0
8958,0562,3,2026-06-13 11:15:40,0.0599052266779829,0
8959,0692,3,2026-06-13 11:15:40,0.2745597284107787,0
8960,0846,3,2026-06-13 11:15:40,0.9304759884008770,0
8961,0863,3,2026-06-13 11:15:40,0.9304759884008770,0
8962,0864,3,2026-06-13 11:15:40,0.4693401230638659,0
8963,0993,3,2026-06-13 11:15:40,0.6120659169672537,0
8964,0518,3,2026-06-13 11:15:50,0.6120659169672537,0
8965,0533,3,2026-06-13 11:15:50,0.6883796590989462,0
8966,0536,3,2026-06-13 11:15:50,0.8562133107008982,0
8967,0562,3,2026-06-13 11:15:50,0.0599052266779829,0
8968,0692,3,2026-06-13 11:15:50,0.2745597284107787,0
8969,0846,3,2026-06-13 11:15:50,0.9304759884008770,0
8970,0863,3,2026-06-13 11:15:50,0.9304759884008770,0
8971,0993,3,2026-06-13 11:15:50,0.6120659169672537,1
8972,0518,3,2026-06-13 11:16:00,0.6120659169672537,0
8973,0533,3,2026-06-13 11:16:00,0.6883796590989462,0
8974,0562,3,2026-06-13 11:16:00,0.0599052266779829,0
8975,0692,3,2026-06-13 11:16:00,0.2745597284107787,0
8976,0846,3,2026-06-13 11:16:00,0.9304759884008770,0
8977,0863,3,2026-06-13 11:16:00,0.9304759884008770,0
8978,0993,3,2026-06-13 11:16:00,0.6120659169672537,0
8979,0518,3,2026-06-13 11:16:10,0.6120659169672537,0
8980,0533,3,2026-06-13 11:16:10,0.6883796590989462,0
8981,0562,3,2026-06-13 11:16:10,0.0599052266779829,0
8982,0846,3,2026-06-13 11:16:10,0.9304759884008770,0
8983,0863,3,2026-06-13 11:16:10,0.9304759884008770,0
8984,0993,3,2026-06-13 11:16:10,0.6120659169672537,0
8985,0518,3,2026-06-13 11:16:20,0.6120659169672537,0
8986,0533,3,2026-06-13 11:16:20,0.6883796590989462,0
8987,0846,3,2026-06-13 11:16:20,0.9304759884008770,0
8988,0863,3,2026-06-13 11:16:20,0.9304759884008770,1
8989,0993,3,2026-06-13 11:16:20,0.6120659169672537,0
8990,0518,3,2026-06-13 11:16:30,0.6120659169672537,0
8991,0533,3,2026-06-13 11:16:30,0.6883796590989462,0
8992,0603,3,2026-06-13 11:16:30,0.8562133107008982,0
8993,0846,3,2026-06-13 11:16:30,0.9304759884008770,0
8994,0863,3,2026-06-13 11:16:30,0.9304759884008770,0
8995,0993,3,2026-06-13 11:16:30,0.6120659169672537,0
8996,0603,3,2026-06-13 11:16:40,0.8562133107008982,0
8997,0846,3,2026-06-13 11:16:40,0.9304759884008770,0
8998,0863,3,2026-06-13 11:16:40,0.9304759884008770,0
8999,0993,3,2026-06-13 11:16:40,0.6120659169672537,0
9000,0603,3,2026-06-13 11:16:50,0.8562133107008982,0
9001,0846,3,2026-06-13 11:16:50,0.9304759884008770,0
9002,0863,3,2026-06-13 11:16:50,0.9304759884008770,0
9003,0993,3,2026-06-13 11:16:50,0.6120659169672537,0
9004,0603,3,2026-06-13 11:17:00,0.8562133107008982,0
9005,0846,3,2026-06-13 11:17:00,0.9304759884008770,0
9006,0863,3,2026-06-13 11:17:00,0.9304759884008770,0
9007,0993,3,2026-06-13 11:17:00,0.6120659169672537,0
9008,0996,3,2026-06-13 11:17:00,1.0000000000000000,0
9009,0603,3,2026-06-13 11:17:10,0.8562133107008982,0
9010,0863,3,2026-06-13 11:17:10,0.9304759884008770,0
9011,0993,3,2026-06-13 11:17:10,0.6120659169672537,0
9012,0996,3,2026-06-13 11:17:10,1.0000000000000000,0
9013,0603,3,2026-06-13 11:17:20,0.8562133107008982,0
9014,0993,3,2026-06-13 11:17:20,0.6120659169672537,0
9015,0996,3,2026-06-13 11:17:20,1.0000000000000000,0
9016,0520,3,2026-06-13 11:17:30,0.0599052266779829,0
9017,0603,3,2026-06-13 11:17:30,0.8562133107008982,0
9018,0996,3,2026-06-13 11:17:30,1.0000000000000000,0
9019,0520,3,2026-06-13 11:17:40,0.0599052266779829,0
9020,0603,3,2026-06-13 11:17:40,0.8562133107008982,0
9021,0996,3,2026-06-13 11:17:40,1.0000000000000000,0
9022,0520,3,2026-06-13 11:17:50,0.0599052266779829,0
9023,0603,3,2026-06-13 11:17:50,0.8562133107008982,0
9024,0996,3,2026-06-13 11:17:50,1.0000000000000000,0
9025,0520,3,2026-06-13 11:18:00,0.0599052266779829,0
9026,0603,3,2026-06-13 11:18:00,0.8562133107008982,0
9027,0996,3,2026-06-13 11:18:00,1.0000000000000000,0
9028,0520,3,2026-06-13 11:18:10,0.0599052266779829,0
9029,0603,3,2026-06-13 11:18:10,0.8562133107008982,0
9030,0996,3,2026-06-13 11:18:10,1.0000000000000000,0
9031,0520,3,2026-06-13 11:18:20,0.0599052266779829,0
9032,0603,3,2026-06-13 11:18:20,0.8562133107008982,0
9033,0996,3,2026-06-13 11:18:20,1.0000000000000000,0
9034,0520,3,2026-06-13 11:18:30,0.0599052266779829,0
9035,0996,3,2026-06-13 11:18:30,1.0000000000000000,0
9036,0520,3,2026-06-13 11:18:40,0.0599052266779829,0
9037,0996,3,2026-06-13 11:18:40,1.0000000000000000,0
9038,0520,3,2026-06-13 11:18:50,0.0599052266779829,0
9039,0996,3,2026-06-13 11:18:50,1.0000000000000000,0
9040,0520,3,2026-06-13 11:19:00,0.0599052266779829,0
9041,0290,3,2026-06-13 11:21:20,1.0000000000000000,0
9042,0290,3,2026-06-13 11:21:30,1.0000000000000000,0
9043,0290,3,2026-06-13 11:21:40,1.0000000000000000,0
9044,0290,3,2026-06-13 11:21:50,1.0000000000000000,0
9045,0290,3,2026-06-13 11:22:00,1.0000000000000000,1
9046,0290,3,2026-06-13 11:22:10,1.0000000000000000,0
9047,0290,3,2026-06-13 11:22:20,1.0000000000000000,0
9048,0290,3,2026-06-13 11:22:30,1.0000000000000000,0
9049,0445,3,2026-06-13 11:23:00,0.2745597284107787,0
9050,0445,3,2026-06-13 11:23:10,0.2745597284107787,1
9051,0464,3,2026-06-13 11:23:10,0.9304759884008770,0
9052,0445,3,2026-06-13 11:23:20,0.2745597284107787,0
9053,0464,3,2026-06-13 11:23:20,0.9304759884008770,0
9054,0445,3,2026-06-13 11:23:30,0.2745597284107787,0
9055,0464,3,2026-06-13 11:23:30,0.9304759884008770,0
9056,0445,3,2026-06-13 11:23:40,0.2745597284107787,0
9057,0464,3,2026-06-13 11:23:40,0.9304759884008770,0
9058,0445,3,2026-06-13 11:23:50,0.2745597284107787,0
9059,0464,3,2026-06-13 11:23:50,0.9304759884008770,0
9060,0445,3,2026-06-13 11:24:00,0.2745597284107787,0
9061,0464,3,2026-06-13 11:24:00,0.9304759884008770,0
9062,0445,3,2026-06-13 11:24:10,0.2745597284107787,0
9063,0464,3,2026-06-13 11:24:10,0.9304759884008770,0
9064,0445,3,2026-06-13 11:24:20,0.2745597284107787,0
9065,0464,3,2026-06-13 11:24:20,0.9304759884008770,0
9066,0843,3,2026-06-13 11:24:20,0.0599052266779829,0
9067,0464,3,2026-06-13 11:24:30,0.9304759884008770,0
9068,0843,3,2026-06-13 11:24:30,0.0599052266779829,0
9069,0464,3,2026-06-13 11:24:40,0.9304759884008770,0
9070,0843,3,2026-06-13 11:24:40,0.0599052266779829,0
9071,0464,3,2026-06-13 11:24:50,0.9304759884008770,1
9072,0843,3,2026-06-13 11:24:50,0.0599052266779829,0
9073,0843,3,2026-06-13 11:25:00,0.0599052266779829,0
9074,0843,3,2026-06-13 11:25:10,0.0599052266779829,0
9075,0843,3,2026-06-13 11:25:20,0.0599052266779829,1
9076,0843,3,2026-06-13 11:25:30,0.0599052266779829,0
9077,0147,3,2026-06-13 13:05:40,0.6120659169672537,0
9078,0434,3,2026-06-13 13:05:40,1.0000000000000000,0
9079,0147,3,2026-06-13 13:05:50,0.6120659169672537,0
9080,0434,3,2026-06-13 13:05:50,1.0000000000000000,0
9081,0147,3,2026-06-13 13:06:00,0.6120659169672537,0
9082,0434,3,2026-06-13 13:06:00,1.0000000000000000,0
9083,0147,3,2026-06-13 13:06:10,0.6120659169672537,0
9084,0434,3,2026-06-13 13:06:10,1.0000000000000000,0
9085,0147,3,2026-06-13 13:06:20,0.6120659169672537,0
9086,0434,3,2026-06-13 13:06:20,1.0000000000000000,0
9087,0147,3,2026-06-13 13:06:30,0.6120659169672537,0
9088,0434,3,2026-06-13 13:06:30,1.0000000000000000,0
9089,0587,3,2026-06-13 13:06:30,0.3688379659098946,0
9090,0147,3,2026-06-13 13:06:40,0.6120659169672537,0
9091,0434,3,2026-06-13 13:06:40,1.0000000000000000,0
9092,0587,3,2026-06-13 13:06:40,0.3688379659098946,0
9093,0147,3,2026-06-13 13:06:50,0.6120659169672537,0
9094,0434,3,2026-06-13 13:06:50,1.0000000000000000,0
9095,0587,3,2026-06-13 13:06:50,0.3688379659098946,0
9096,0147,3,2026-06-13 13:07:00,0.6120659169672537,0
9097,0434,3,2026-06-13 13:07:00,1.0000000000000000,1
9098,0587,3,2026-06-13 13:07:00,0.3688379659098946,0
9099,0147,3,2026-06-13 13:07:10,0.6120659169672537,0
9100,0434,3,2026-06-13 13:07:10,1.0000000000000000,0
9101,0587,3,2026-06-13 13:07:10,0.3688379659098946,0
9102,0147,3,2026-06-13 13:07:20,0.6120659169672537,1
9103,0434,3,2026-06-13 13:07:20,1.0000000000000000,0
9104,0587,3,2026-06-13 13:07:20,0.3688379659098946,0
9105,0434,3,2026-06-13 13:07:30,1.0000000000000000,0
9106,0117,3,2026-06-13 13:08:00,0.0599052266779829,0
9107,0117,3,2026-06-13 13:08:10,0.0599052266779829,0
9108,0117,3,2026-06-13 13:08:20,0.0599052266779829,0
9109,0117,3,2026-06-13 13:08:30,0.0599052266779829,0
9110,0117,3,2026-06-13 13:08:40,0.0599052266779829,0
9111,0117,3,2026-06-13 13:08:50,0.0599052266779829,0
9112,0117,3,2026-06-13 13:09:00,0.0599052266779829,1
9113,0117,3,2026-06-13 13:09:10,0.0599052266779829,0
9114,0055,3,2026-06-13 13:09:20,0.6883796590989462,0
9115,0117,3,2026-06-13 13:09:20,0.0599052266779829,0
9116,0055,3,2026-06-13 13:09:30,0.6883796590989462,0
9117,0055,3,2026-06-13 13:09:40,0.6883796590989462,0
9118,0055,3,2026-06-13 13:09:50,0.6883796590989462,0
9119,0055,3,2026-06-13 13:10:00,0.6883796590989462,1
9120,0116,3,2026-06-13 13:10:00,0.1819789235448052,0
9121,0055,3,2026-06-13 13:10:10,0.6883796590989462,0
9122,0116,3,2026-06-13 13:10:10,0.1819789235448052,0
9123,0055,3,2026-06-13 13:10:20,0.6883796590989462,0
9124,0116,3,2026-06-13 13:10:20,0.1819789235448052,0
9125,0010,3,2026-06-13 13:10:30,0.6120659169672537,1
9126,0020,3,2026-06-13 13:10:30,0.3688379659098946,0
9127,0055,3,2026-06-13 13:10:30,0.6883796590989462,0
9128,0116,3,2026-06-13 13:10:30,0.1819789235448052,0
9129,0010,3,2026-06-13 13:10:40,0.6120659169672537,0
9130,0020,3,2026-06-13 13:10:40,0.3688379659098946,0
9131,0055,3,2026-06-13 13:10:40,0.6883796590989462,0
9132,0116,3,2026-06-13 13:10:40,0.1819789235448052,0
9133,0953,3,2026-06-13 13:10:40,0.7926303133177736,0
9134,0010,3,2026-06-13 13:10:50,0.6120659169672537,0
9135,0014,3,2026-06-13 13:10:50,0.4693401230638659,0
9136,0020,3,2026-06-13 13:10:50,0.3688379659098946,0
9137,0055,3,2026-06-13 13:10:50,0.6883796590989462,0
9138,0077,3,2026-06-13 13:10:50,0.4693401230638659,0
9139,0116,3,2026-06-13 13:10:50,0.1819789235448052,0
9140,0555,3,2026-06-13 13:10:50,0.0599052266779829,0
9141,0691,3,2026-06-13 13:10:50,0.3688379659098946,0
9142,0953,3,2026-06-13 13:10:50,0.7926303133177736,0
9143,0010,3,2026-06-13 13:11:00,0.6120659169672537,0
9144,0014,3,2026-06-13 13:11:00,0.4693401230638659,0
9145,0020,3,2026-06-13 13:11:00,0.3688379659098946,1
9146,0055,3,2026-06-13 13:11:00,0.6883796590989462,0
9147,0077,3,2026-06-13 13:11:00,0.4693401230638659,0
9148,0116,3,2026-06-13 13:11:00,0.1819789235448052,0
9149,0555,3,2026-06-13 13:11:00,0.0599052266779829,0
9150,0691,3,2026-06-13 13:11:00,0.3688379659098946,0
9151,0953,3,2026-06-13 13:11:00,0.7926303133177736,0
9152,0010,3,2026-06-13 13:11:10,0.6120659169672537,0
9153,0014,3,2026-06-13 13:11:10,0.4693401230638659,0
9154,0020,3,2026-06-13 13:11:10,0.3688379659098946,0
9155,0063,3,2026-06-13 13:11:10,0.7926303133177736,0
9156,0077,3,2026-06-13 13:11:10,0.4693401230638659,0
9157,0116,3,2026-06-13 13:11:10,0.1819789235448052,0
9158,0131,3,2026-06-13 13:11:10,0.4693401230638659,0
9159,0555,3,2026-06-13 13:11:10,0.0599052266779829,0
9160,0691,3,2026-06-13 13:11:10,0.3688379659098946,0
9161,0953,3,2026-06-13 13:11:10,0.7926303133177736,0
9162,0010,3,2026-06-13 13:11:20,0.6120659169672537,0
9163,0014,3,2026-06-13 13:11:20,0.4693401230638659,0
9164,0020,3,2026-06-13 13:11:20,0.3688379659098946,0
9165,0063,3,2026-06-13 13:11:20,0.7926303133177736,0
9166,0077,3,2026-06-13 13:11:20,0.4693401230638659,0
9167,0116,3,2026-06-13 13:11:20,0.1819789235448052,0
9168,0131,3,2026-06-13 13:11:20,0.4693401230638659,0
9169,0555,3,2026-06-13 13:11:20,0.0599052266779829,1
9170,0691,3,2026-06-13 13:11:20,0.3688379659098946,0
9171,0953,3,2026-06-13 13:11:20,0.7926303133177736,0
9172,0010,3,2026-06-13 13:11:30,0.6120659169672537,0
9173,0014,3,2026-06-13 13:11:30,0.4693401230638659,0
9174,0020,3,2026-06-13 13:11:30,0.3688379659098946,0
9175,0063,3,2026-06-13 13:11:30,0.7926303133177736,0
9176,0077,3,2026-06-13 13:11:30,0.4693401230638659,0
9177,0116,3,2026-06-13 13:11:30,0.1819789235448052,0
9178,0131,3,2026-06-13 13:11:30,0.4693401230638659,0
9179,0555,3,2026-06-13 13:11:30,0.0599052266779829,0
9180,0691,3,2026-06-13 13:11:30,0.3688379659098946,0
9181,0953,3,2026-06-13 13:11:30,0.7926303133177736,0
9182,0014,3,2026-06-13 13:11:40,0.4693401230638659,0
9183,0020,3,2026-06-13 13:11:40,0.3688379659098946,0
9184,0063,3,2026-06-13 13:11:40,0.7926303133177736,0
9185,0077,3,2026-06-13 13:11:40,0.4693401230638659,0
9186,0116,3,2026-06-13 13:11:40,0.1819789235448052,0
9187,0131,3,2026-06-13 13:11:40,0.4693401230638659,0
9188,0555,3,2026-06-13 13:11:40,0.0599052266779829,0
9189,0691,3,2026-06-13 13:11:40,0.3688379659098946,0
9190,0953,3,2026-06-13 13:11:40,0.7926303133177736,1
9191,0014,3,2026-06-13 13:11:50,0.4693401230638659,0
9192,0020,3,2026-06-13 13:11:50,0.3688379659098946,0
9193,0063,3,2026-06-13 13:11:50,0.7926303133177736,0
9194,0077,3,2026-06-13 13:11:50,0.4693401230638659,0
9195,0116,3,2026-06-13 13:11:50,0.1819789235448052,0
9196,0131,3,2026-06-13 13:11:50,0.4693401230638659,0
9197,0555,3,2026-06-13 13:11:50,0.0599052266779829,0
9198,0691,3,2026-06-13 13:11:50,0.3688379659098946,0
9199,0834,3,2026-06-13 13:11:50,0.3688379659098946,0
9200,0953,3,2026-06-13 13:11:50,0.7926303133177736,0
9201,0014,3,2026-06-13 13:12:00,0.4693401230638659,0
9202,0020,3,2026-06-13 13:12:00,0.3688379659098946,0
9203,0063,3,2026-06-13 13:12:00,0.7926303133177736,0
9204,0077,3,2026-06-13 13:12:00,0.4693401230638659,0
9205,0131,3,2026-06-13 13:12:00,0.4693401230638659,0
9206,0555,3,2026-06-13 13:12:00,0.0599052266779829,0
9207,0691,3,2026-06-13 13:12:00,0.3688379659098946,0
9208,0834,3,2026-06-13 13:12:00,0.3688379659098946,0
9209,0953,3,2026-06-13 13:12:00,0.7926303133177736,0
9210,0014,3,2026-06-13 13:12:10,0.4693401230638659,0
9211,0063,3,2026-06-13 13:12:10,0.7926303133177736,0
9212,0077,3,2026-06-13 13:12:10,0.4693401230638659,0
9213,0131,3,2026-06-13 13:12:10,0.4693401230638659,0
9214,0555,3,2026-06-13 13:12:10,0.0599052266779829,0
9215,0691,3,2026-06-13 13:12:10,0.3688379659098946,0
9216,0834,3,2026-06-13 13:12:10,0.3688379659098946,0
9217,0953,3,2026-06-13 13:12:10,0.7926303133177736,0
9218,0014,3,2026-06-13 13:12:20,0.4693401230638659,0
9219,0063,3,2026-06-13 13:12:20,0.7926303133177736,0
9220,0077,3,2026-06-13 13:12:20,0.4693401230638659,0
9221,0131,3,2026-06-13 13:12:20,0.4693401230638659,0
9222,0555,3,2026-06-13 13:12:20,0.0599052266779829,0
9223,0691,3,2026-06-13 13:12:20,0.3688379659098946,0
9224,0834,3,2026-06-13 13:12:20,0.3688379659098946,0
9225,0953,3,2026-06-13 13:12:20,0.7926303133177736,0
9226,0014,3,2026-06-13 13:12:30,0.4693401230638659,0
9227,0063,3,2026-06-13 13:12:30,0.7926303133177736,0
9228,0077,3,2026-06-13 13:12:30,0.4693401230638659,0
9229,0131,3,2026-06-13 13:12:30,0.4693401230638659,0
9230,0555,3,2026-06-13 13:12:30,0.0599052266779829,0
9231,0691,3,2026-06-13 13:12:30,0.3688379659098946,0
9232,0834,3,2026-06-13 13:12:30,0.3688379659098946,0
9233,0014,3,2026-06-13 13:12:40,0.4693401230638659,0
9234,0063,3,2026-06-13 13:12:40,0.7926303133177736,0
9235,0077,3,2026-06-13 13:12:40,0.4693401230638659,0
9236,0131,3,2026-06-13 13:12:40,0.4693401230638659,0
9237,0691,3,2026-06-13 13:12:40,0.3688379659098946,0
9238,0834,3,2026-06-13 13:12:40,0.3688379659098946,1
9239,0131,3,2026-06-13 13:12:50,0.4693401230638659,0
9240,0834,3,2026-06-13 13:12:50,0.3688379659098946,0
9241,0322,3,2026-06-13 14:41:00,0.2745597284107787,0
9242,0322,3,2026-06-13 14:41:10,0.2745597284107787,0
9243,0322,3,2026-06-13 14:41:20,0.2745597284107787,0
9244,0322,3,2026-06-13 14:41:30,0.2745597284107787,0
9245,0322,3,2026-06-13 14:41:40,0.2745597284107787,0
9246,0322,3,2026-06-13 14:41:50,0.2745597284107787,0
9247,0322,3,2026-06-13 14:42:00,0.2745597284107787,0
9248,0322,3,2026-06-13 14:42:10,0.2745597284107787,0
9249,0322,3,2026-06-13 14:42:20,0.2745597284107787,0
9250,0322,3,2026-06-13 14:42:30,0.2745597284107787,0
9251,0608,3,2026-06-13 14:48:00,0.0599052266779829,0
9252,0283,3,2026-06-13 14:48:10,0.5542824810806988,0
9253,0608,3,2026-06-13 14:48:10,0.0599052266779829,0
9254,0283,3,2026-06-13 14:48:20,0.5542824810806988,0
9255,0608,3,2026-06-13 14:48:20,0.0599052266779829,0
9256,0283,3,2026-06-13 14:48:30,0.5542824810806988,0
9257,0608,3,2026-06-13 14:48:30,0.0599052266779829,0
9258,0283,3,2026-06-13 14:48:40,0.5542824810806988,0
9259,0608,3,2026-06-13 14:48:40,0.0599052266779829,0
9260,0283,3,2026-06-13 14:48:50,0.5542824810806988,0
9261,0608,3,2026-06-13 14:48:50,0.0599052266779829,0
9262,0283,3,2026-06-13 14:49:00,0.5542824810806988,0
9263,0608,3,2026-06-13 14:49:00,0.0599052266779829,0
9264,0283,3,2026-06-13 14:49:10,0.5542824810806988,0
9265,0608,3,2026-06-13 14:49:10,0.0599052266779829,0
9266,0283,3,2026-06-13 14:49:20,0.5542824810806988,0
9267,0608,3,2026-06-13 14:49:20,0.0599052266779829,0
9268,0283,3,2026-06-13 14:49:30,0.5542824810806988,0
9269,0608,3,2026-06-13 14:49:30,0.0599052266779829,0
9270,0712,3,2026-06-13 14:49:30,0.1819789235448052,0
9271,0283,3,2026-06-13 14:49:40,0.5542824810806988,0
9272,0608,3,2026-06-13 14:49:40,0.0599052266779829,0
9273,0712,3,2026-06-13 14:49:40,0.1819789235448052,0
9274,0283,3,2026-06-13 14:49:50,0.5542824810806988,0
9275,0608,3,2026-06-13 14:49:50,0.0599052266779829,0
9276,0712,3,2026-06-13 14:49:50,0.1819789235448052,0
9277,0283,3,2026-06-13 14:50:00,0.5542824810806988,0
9278,0712,3,2026-06-13 14:50:00,0.1819789235448052,0
9279,0712,3,2026-06-13 14:50:10,0.1819789235448052,0
9280,0712,3,2026-06-13 14:50:20,0.1819789235448052,0
9281,0313,3,2026-06-13 14:50:30,0.1182544734422519,0
9282,0712,3,2026-06-13 14:50:30,0.1819789235448052,1
9283,0313,3,2026-06-13 14:50:40,0.1182544734422519,0
9284,0313,3,2026-06-13 14:50:50,0.1182544734422519,0
9285,0313,3,2026-06-13 14:51:00,0.1182544734422519,0
9286,0313,3,2026-06-13 14:51:10,0.1182544734422519,0
9287,0463,3,2026-06-13 14:51:30,0.1819789235448052,0
9288,0463,3,2026-06-13 14:51:40,0.1819789235448052,0
9289,0463,3,2026-06-13 14:51:50,0.1819789235448052,0
9290,0463,3,2026-06-13 14:52:00,0.1819789235448052,0
9291,0463,3,2026-06-13 14:52:10,0.1819789235448052,0
9292,0463,3,2026-06-13 14:52:20,0.1819789235448052,0
9293,0304,3,2026-06-13 14:52:30,0.6120659169672537,1
9294,0463,3,2026-06-13 14:52:30,0.1819789235448052,0
9295,0677,3,2026-06-13 14:52:30,0.3688379659098946,0
9296,0304,3,2026-06-13 14:52:40,0.6120659169672537,0
9297,0463,3,2026-06-13 14:52:40,0.1819789235448052,0
9298,0677,3,2026-06-13 14:52:40,0.3688379659098946,0
9299,0304,3,2026-06-13 14:52:50,0.6120659169672537,0
9300,0463,3,2026-06-13 14:52:50,0.1819789235448052,0
9301,0677,3,2026-06-13 14:52:50,0.3688379659098946,0
9302,0304,3,2026-06-13 14:53:00,0.6120659169672537,0
9303,0677,3,2026-06-13 14:53:00,0.3688379659098946,0
9304,0857,3,2026-06-13 14:53:00,0.9304759884008770,0
9305,0304,3,2026-06-13 14:53:10,0.6120659169672537,0
9306,0381,3,2026-06-13 14:53:10,0.4693401230638659,0
9307,0677,3,2026-06-13 14:53:10,0.3688379659098946,0
9308,0857,3,2026-06-13 14:53:10,0.9304759884008770,0
9309,0304,3,2026-06-13 14:53:20,0.6120659169672537,0
9310,0381,3,2026-06-13 14:53:20,0.4693401230638659,0
9311,0677,3,2026-06-13 14:53:20,0.3688379659098946,0
9312,0857,3,2026-06-13 14:53:20,0.9304759884008770,0
9313,0304,3,2026-06-13 14:53:30,0.6120659169672537,0
9314,0381,3,2026-06-13 14:53:30,0.4693401230638659,0
9315,0677,3,2026-06-13 14:53:30,0.3688379659098946,0
9316,0857,3,2026-06-13 14:53:30,0.9304759884008770,1
9317,0304,3,2026-06-13 14:53:40,0.6120659169672537,0
9318,0381,3,2026-06-13 14:53:40,0.4693401230638659,0
9319,0677,3,2026-06-13 14:53:40,0.3688379659098946,0
9320,0857,3,2026-06-13 14:53:40,0.9304759884008770,0
9321,0304,3,2026-06-13 14:53:50,0.6120659169672537,0
9322,0381,3,2026-06-13 14:53:50,0.4693401230638659,0
9323,0677,3,2026-06-13 14:53:50,0.3688379659098946,0
9324,0857,3,2026-06-13 14:53:50,0.9304759884008770,0
9325,0304,3,2026-06-13 14:54:00,0.6120659169672537,0
9326,0381,3,2026-06-13 14:54:00,0.4693401230638659,0
9327,0677,3,2026-06-13 14:54:00,0.3688379659098946,0
9328,0857,3,2026-06-13 14:54:00,0.9304759884008770,0
9329,0304,3,2026-06-13 14:54:10,0.6120659169672537,0
9330,0381,3,2026-06-13 14:54:10,0.4693401230638659,0
9331,0677,3,2026-06-13 14:54:10,0.3688379659098946,0
9332,0857,3,2026-06-13 14:54:10,0.9304759884008770,0
9333,0304,3,2026-06-13 14:54:20,0.6120659169672537,0
9334,0381,3,2026-06-13 14:54:20,0.4693401230638659,0
9335,0857,3,2026-06-13 14:54:20,0.9304759884008770,0
9336,0381,3,2026-06-13 14:54:30,0.4693401230638659,0
9337,0381,3,2026-06-13 14:54:40,0.4693401230638659,0
9338,0381,3,2026-06-13 14:54:50,0.4693401230638659,0
9339,0381,3,2026-06-13 14:55:00,0.4693401230638659,0
9340,0580,3,2026-06-13 16:09:30,0.5542824810806988,0
9341,0580,3,2026-06-13 16:09:40,0.5542824810806988,0
9342,0847,3,2026-06-13 16:09:40,0.0599052266779829,0
9343,0580,3,2026-06-13 16:09:50,0.5542824810806988,0
9344,0847,3,2026-06-13 16:09:50,0.0599052266779829,0
9345,0580,3,2026-06-13 16:10:00,0.5542824810806988,0
9346,0847,3,2026-06-13 16:10:00,0.0599052266779829,0
9347,0580,3,2026-06-13 16:10:10,0.5542824810806988,0
9348,0847,3,2026-06-13 16:10:10,0.0599052266779829,1
9349,0962,3,2026-06-13 16:10:10,0.4693401230638659,0
9350,0203,3,2026-06-13 16:10:20,0.3688379659098946,0
9351,0580,3,2026-06-13 16:10:20,0.5542824810806988,0
9352,0847,3,2026-06-13 16:10:20,0.0599052266779829,0
9353,0962,3,2026-06-13 16:10:20,0.4693401230638659,0
9354,0203,3,2026-06-13 16:10:30,0.3688379659098946,0
9355,0580,3,2026-06-13 16:10:30,0.5542824810806988,0
9356,0847,3,2026-06-13 16:10:30,0.0599052266779829,0
9357,0962,3,2026-06-13 16:10:30,0.4693401230638659,0
9358,0203,3,2026-06-13 16:10:40,0.3688379659098946,0
9359,0580,3,2026-06-13 16:10:40,0.5542824810806988,0
9360,0847,3,2026-06-13 16:10:40,0.0599052266779829,0
9361,0962,3,2026-06-13 16:10:40,0.4693401230638659,0
9362,0203,3,2026-06-13 16:10:50,0.3688379659098946,0
9363,0374,3,2026-06-13 16:10:50,1.0000000000000000,0
9364,0392,3,2026-06-13 16:10:50,0.3688379659098946,0
9365,0580,3,2026-06-13 16:10:50,0.5542824810806988,0
9366,0710,3,2026-06-13 16:10:50,0.0599052266779829,0
9367,0847,3,2026-06-13 16:10:50,0.0599052266779829,0
9368,0946,3,2026-06-13 16:10:50,0.1182544734422519,0
9369,0962,3,2026-06-13 16:10:50,0.4693401230638659,0
9370,0203,3,2026-06-13 16:11:00,0.3688379659098946,0
9371,0374,3,2026-06-13 16:11:00,1.0000000000000000,0
9372,0392,3,2026-06-13 16:11:00,0.3688379659098946,0
9373,0580,3,2026-06-13 16:11:00,0.5542824810806988,0
9374,0710,3,2026-06-13 16:11:00,0.0599052266779829,0
9375,0847,3,2026-06-13 16:11:00,0.0599052266779829,0
9376,0946,3,2026-06-13 16:11:00,0.1182544734422519,0
9377,0962,3,2026-06-13 16:11:00,0.4693401230638659,0
9378,0985,3,2026-06-13 16:11:00,0.2745597284107787,0
9379,0203,3,2026-06-13 16:11:10,0.3688379659098946,0
9380,0374,3,2026-06-13 16:11:10,1.0000000000000000,0
9381,0392,3,2026-06-13 16:11:10,0.3688379659098946,0
9382,0580,3,2026-06-13 16:11:10,0.5542824810806988,0
9383,0710,3,2026-06-13 16:11:10,0.0599052266779829,0
9384,0946,3,2026-06-13 16:11:10,0.1182544734422519,0
9385,0962,3,2026-06-13 16:11:10,0.4693401230638659,0
9386,0985,3,2026-06-13 16:11:10,0.2745597284107787,0
9387,0151,3,2026-06-13 16:11:20,0.1182544734422519,0
9388,0203,3,2026-06-13 16:11:20,0.3688379659098946,0
9389,0355,3,2026-06-13 16:11:20,0.6883796590989462,0
9390,0374,3,2026-06-13 16:11:20,1.0000000000000000,1
9391,0392,3,2026-06-13 16:11:20,0.3688379659098946,0
9392,0710,3,2026-06-13 16:11:20,0.0599052266779829,0
9393,0946,3,2026-06-13 16:11:20,0.1182544734422519,0
9394,0962,3,2026-06-13 16:11:20,0.4693401230638659,0
9395,0985,3,2026-06-13 16:11:20,0.2745597284107787,0
9396,0151,3,2026-06-13 16:11:30,0.1182544734422519,0
9397,0203,3,2026-06-13 16:11:30,0.3688379659098946,0
9398,0355,3,2026-06-13 16:11:30,0.6883796590989462,0
9399,0374,3,2026-06-13 16:11:30,1.0000000000000000,0
9400,0392,3,2026-06-13 16:11:30,0.3688379659098946,0
9401,0710,3,2026-06-13 16:11:30,0.0599052266779829,0
9402,0862,3,2026-06-13 16:11:30,0.4693401230638659,0
9403,0962,3,2026-06-13 16:11:30,0.4693401230638659,0
9404,0985,3,2026-06-13 16:11:30,0.2745597284107787,0
9405,0151,3,2026-06-13 16:11:40,0.1182544734422519,1
9406,0203,3,2026-06-13 16:11:40,0.3688379659098946,0
9407,0355,3,2026-06-13 16:11:40,0.6883796590989462,0
9408,0374,3,2026-06-13 16:11:40,1.0000000000000000,0
9409,0392,3,2026-06-13 16:11:40,0.3688379659098946,0
9410,0710,3,2026-06-13 16:11:40,0.0599052266779829,0
9411,0862,3,2026-06-13 16:11:40,0.4693401230638659,0
9412,0962,3,2026-06-13 16:11:40,0.4693401230638659,0
9413,0985,3,2026-06-13 16:11:40,0.2745597284107787,0
9414,0069,3,2026-06-13 16:11:50,0.8562133107008982,0
9415,0151,3,2026-06-13 16:11:50,0.1182544734422519,0
9416,0203,3,2026-06-13 16:11:50,0.3688379659098946,0
9417,0340,3,2026-06-13 16:11:50,1.0000000000000000,0
9418,0355,3,2026-06-13 16:11:50,0.6883796590989462,0
9419,0374,3,2026-06-13 16:11:50,1.0000000000000000,0
9420,0392,3,2026-06-13 16:11:50,0.3688379659098946,0
9421,0560,3,2026-06-13 16:11:50,0.8562133107008982,0
9422,0710,3,2026-06-13 16:11:50,0.0599052266779829,0
9423,0763,3,2026-06-13 16:11:50,0.7926303133177736,0
9424,0862,3,2026-06-13 16:11:50,0.4693401230638659,0
9425,0962,3,2026-06-13 16:11:50,0.4693401230638659,0
9426,0985,3,2026-06-13 16:11:50,0.2745597284107787,0
9427,0069,3,2026-06-13 16:12:00,0.8562133107008982,0
9428,0203,3,2026-06-13 16:12:00,0.3688379659098946,0
9429,0243,3,2026-06-13 16:12:00,0.8562133107008982,0
9430,0340,3,2026-06-13 16:12:00,1.0000000000000000,0
9431,0355,3,2026-06-13 16:12:00,0.6883796590989462,0
9432,0392,3,2026-06-13 16:12:00,0.3688379659098946,0
9433,0560,3,2026-06-13 16:12:00,0.8562133107008982,0
9434,0710,3,2026-06-13 16:12:00,0.0599052266779829,0
9435,0763,3,2026-06-13 16:12:00,0.7926303133177736,0
9436,0862,3,2026-06-13 16:12:00,0.4693401230638659,0
9437,0985,3,2026-06-13 16:12:00,0.2745597284107787,0
9438,0069,3,2026-06-13 16:12:10,0.8562133107008982,0
9439,0243,3,2026-06-13 16:12:10,0.8562133107008982,0
9440,0340,3,2026-06-13 16:12:10,1.0000000000000000,0
9441,0355,3,2026-06-13 16:12:10,0.6883796590989462,0
9442,0392,3,2026-06-13 16:12:10,0.3688379659098946,0
9443,0560,3,2026-06-13 16:12:10,0.8562133107008982,0
9444,0710,3,2026-06-13 16:12:10,0.0599052266779829,1
9445,0763,3,2026-06-13 16:12:10,0.7926303133177736,0
9446,0862,3,2026-06-13 16:12:10,0.4693401230638659,0
9447,0985,3,2026-06-13 16:12:10,0.2745597284107787,0
9448,0243,3,2026-06-13 16:12:20,0.8562133107008982,0
9449,0340,3,2026-06-13 16:12:20,1.0000000000000000,0
9450,0392,3,2026-06-13 16:12:20,0.3688379659098946,1
9451,0560,3,2026-06-13 16:12:20,0.8562133107008982,0
9452,0710,3,2026-06-13 16:12:20,0.0599052266779829,0
9453,0763,3,2026-06-13 16:12:20,0.7926303133177736,0
9454,0862,3,2026-06-13 16:12:20,0.4693401230638659,0
9455,0243,3,2026-06-13 16:12:30,0.8562133107008982,0
9456,0340,3,2026-06-13 16:12:30,1.0000000000000000,0
9457,0392,3,2026-06-13 16:12:30,0.3688379659098946,0
9458,0560,3,2026-06-13 16:12:30,0.8562133107008982,0
9459,0710,3,2026-06-13 16:12:30,0.0599052266779829,0
9460,0763,3,2026-06-13 16:12:30,0.7926303133177736,0
9461,0862,3,2026-06-13 16:12:30,0.4693401230638659,0
9462,0243,3,2026-06-13 16:12:40,0.8562133107008982,0
9463,0305,3,2026-06-13 16:12:40,0.4693401230638659,0
9464,0340,3,2026-06-13 16:12:40,1.0000000000000000,0
9465,0560,3,2026-06-13 16:12:40,0.8562133107008982,0
9466,0710,3,2026-06-13 16:12:40,0.0599052266779829,0
9467,0763,3,2026-06-13 16:12:40,0.7926303133177736,0
9468,0806,3,2026-06-13 16:12:40,0.9304759884008770,0
9469,0862,3,2026-06-13 16:12:40,0.4693401230638659,1
9470,0930,3,2026-06-13 16:12:40,0.5542824810806988,0
9471,0243,3,2026-06-13 16:12:50,0.8562133107008982,0
9472,0305,3,2026-06-13 16:12:50,0.4693401230638659,0
9473,0340,3,2026-06-13 16:12:50,1.0000000000000000,0
9474,0560,3,2026-06-13 16:12:50,0.8562133107008982,0
9475,0763,3,2026-06-13 16:12:50,0.7926303133177736,1
9476,0806,3,2026-06-13 16:12:50,0.9304759884008770,0
9477,0862,3,2026-06-13 16:12:50,0.4693401230638659,0
9478,0930,3,2026-06-13 16:12:50,0.5542824810806988,0
9479,0243,3,2026-06-13 16:13:00,0.8562133107008982,0
9480,0305,3,2026-06-13 16:13:00,0.4693401230638659,0
9481,0340,3,2026-06-13 16:13:00,1.0000000000000000,0
9482,0560,3,2026-06-13 16:13:00,0.8562133107008982,1
9483,0733,3,2026-06-13 16:13:00,0.6120659169672537,0
9484,0763,3,2026-06-13 16:13:00,0.7926303133177736,0
9485,0806,3,2026-06-13 16:13:00,0.9304759884008770,0
9486,0862,3,2026-06-13 16:13:00,0.4693401230638659,0
9487,0930,3,2026-06-13 16:13:00,0.5542824810806988,0
9488,0243,3,2026-06-13 16:13:10,0.8562133107008982,0
9489,0305,3,2026-06-13 16:13:10,0.4693401230638659,0
9490,0340,3,2026-06-13 16:13:10,1.0000000000000000,0
9491,0560,3,2026-06-13 16:13:10,0.8562133107008982,0
9492,0733,3,2026-06-13 16:13:10,0.6120659169672537,0
9493,0763,3,2026-06-13 16:13:10,0.7926303133177736,0
9494,0806,3,2026-06-13 16:13:10,0.9304759884008770,0
9495,0930,3,2026-06-13 16:13:10,0.5542824810806988,0
9496,0243,3,2026-06-13 16:13:20,0.8562133107008982,1
9497,0305,3,2026-06-13 16:13:20,0.4693401230638659,0
9498,0340,3,2026-06-13 16:13:20,1.0000000000000000,0
9499,0560,3,2026-06-13 16:13:20,0.8562133107008982,0
9500,0733,3,2026-06-13 16:13:20,0.6120659169672537,0
9501,0763,3,2026-06-13 16:13:20,0.7926303133177736,0
9502,0806,3,2026-06-13 16:13:20,0.9304759884008770,0
9503,0930,3,2026-06-13 16:13:20,0.5542824810806988,0
9504,0243,3,2026-06-13 16:13:30,0.8562133107008982,0
9505,0305,3,2026-06-13 16:13:30,0.4693401230638659,0
9506,0733,3,2026-06-13 16:13:30,0.6120659169672537,0
9507,0806,3,2026-06-13 16:13:30,0.9304759884008770,0
9508,0930,3,2026-06-13 16:13:30,0.5542824810806988,0
9509,0243,3,2026-06-13 16:13:40,0.8562133107008982,0
9510,0305,3,2026-06-13 16:13:40,0.4693401230638659,0
9511,0733,3,2026-06-13 16:13:40,0.6120659169672537,0
9512,0806,3,2026-06-13 16:13:40,0.9304759884008770,0
9513,0930,3,2026-06-13 16:13:40,0.5542824810806988,0
9514,0243,3,2026-06-13 16:13:50,0.8562133107008982,0
9515,0305,3,2026-06-13 16:13:50,0.4693401230638659,0
9516,0545,3,2026-06-13 16:13:50,0.9304759884008770,0
9517,0733,3,2026-06-13 16:13:50,0.6120659169672537,0
9518,0806,3,2026-06-13 16:13:50,0.9304759884008770,0
9519,0930,3,2026-06-13 16:13:50,0.5542824810806988,0
9520,0305,3,2026-06-13 16:14:00,0.4693401230638659,0
9521,0545,3,2026-06-13 16:14:00,0.9304759884008770,0
9522,0733,3,2026-06-13 16:14:00,0.6120659169672537,0
9523,0806,3,2026-06-13 16:14:00,0.9304759884008770,0
9524,0930,3,2026-06-13 16:14:00,0.5542824810806988,0
9525,0305,3,2026-06-13 16:14:10,0.4693401230638659,0
9526,0545,3,2026-06-13 16:14:10,0.9304759884008770,0
9527,0733,3,2026-06-13 16:14:10,0.6120659169672537,1
9528,0806,3,2026-06-13 16:14:10,0.9304759884008770,0
9529,0930,3,2026-06-13 16:14:10,0.5542824810806988,0
9530,0305,3,2026-06-13 16:14:20,0.4693401230638659,0
9531,0545,3,2026-06-13 16:14:20,0.9304759884008770,0
9532,0733,3,2026-06-13 16:14:20,0.6120659169672537,0
9533,0274,3,2026-06-13 16:14:30,0.3688379659098946,0
9534,0305,3,2026-06-13 16:14:30,0.4693401230638659,0
9535,0515,3,2026-06-13 16:14:30,0.4693401230638659,0
9536,0545,3,2026-06-13 16:14:30,0.9304759884008770,0
9537,0733,3,2026-06-13 16:14:30,0.6120659169672537,0
9538,0274,3,2026-06-13 16:14:40,0.3688379659098946,0
9539,0515,3,2026-06-13 16:14:40,0.4693401230638659,0
9540,0545,3,2026-06-13 16:14:40,0.9304759884008770,0
9541,0733,3,2026-06-13 16:14:40,0.6120659169672537,0
9542,0274,3,2026-06-13 16:14:50,0.3688379659098946,0
9543,0515,3,2026-06-13 16:14:50,0.4693401230638659,0
9544,0545,3,2026-06-13 16:14:50,0.9304759884008770,1
9545,0733,3,2026-06-13 16:14:50,0.6120659169672537,0
9546,0244,3,2026-06-13 16:15:00,0.6120659169672537,0
9547,0274,3,2026-06-13 16:15:00,0.3688379659098946,0
9548,0515,3,2026-06-13 16:15:00,0.4693401230638659,0
9549,0545,3,2026-06-13 16:15:00,0.9304759884008770,0
9550,0244,3,2026-06-13 16:15:10,0.6120659169672537,0
9551,0274,3,2026-06-13 16:15:10,0.3688379659098946,0
9552,0515,3,2026-06-13 16:15:10,0.4693401230638659,0
9553,0545,3,2026-06-13 16:15:10,0.9304759884008770,0
9554,0244,3,2026-06-13 16:15:20,0.6120659169672537,1
9555,0274,3,2026-06-13 16:15:20,0.3688379659098946,0
9556,0515,3,2026-06-13 16:15:20,0.4693401230638659,0
9557,0545,3,2026-06-13 16:15:20,0.9304759884008770,0
9558,0244,3,2026-06-13 16:15:30,0.6120659169672537,0
9559,0274,3,2026-06-13 16:15:30,0.3688379659098946,0
9560,0515,3,2026-06-13 16:15:30,0.4693401230638659,0
9561,0545,3,2026-06-13 16:15:30,0.9304759884008770,0
9562,0244,3,2026-06-13 16:15:40,0.6120659169672537,0
9563,0274,3,2026-06-13 16:15:40,0.3688379659098946,0
9564,0515,3,2026-06-13 16:15:40,0.4693401230638659,0
9565,0545,3,2026-06-13 16:15:40,0.9304759884008770,0
9566,0244,3,2026-06-13 16:15:50,0.6120659169672537,0
9567,0274,3,2026-06-13 16:15:50,0.3688379659098946,0
9568,0515,3,2026-06-13 16:15:50,0.4693401230638659,0
9569,0244,3,2026-06-13 16:16:00,0.6120659169672537,0
9570,0274,3,2026-06-13 16:16:00,0.3688379659098946,0
9571,0515,3,2026-06-13 16:16:00,0.4693401230638659,0
9572,0244,3,2026-06-13 16:16:10,0.6120659169672537,0
9573,0274,3,2026-06-13 16:16:10,0.3688379659098946,0
9574,0515,3,2026-06-13 16:16:10,0.4693401230638659,0
9575,0244,3,2026-06-13 16:16:20,0.6120659169672537,0
9576,0274,3,2026-06-13 16:16:20,0.3688379659098946,0
9577,0796,3,2026-06-13 16:16:20,0.2745597284107787,0
9578,0244,3,2026-06-13 16:16:30,0.6120659169672537,0
9579,0796,3,2026-06-13 16:16:30,0.2745597284107787,0
9580,0796,3,2026-06-13 16:16:40,0.2745597284107787,0
9581,0796,3,2026-06-13 16:16:50,0.2745597284107787,0
9582,0796,3,2026-06-13 16:17:00,0.2745597284107787,1
9583,0796,3,2026-06-13 16:17:10,0.2745597284107787,0
9584,0798,3,2026-06-13 16:18:00,0.1182544734422519,0
9585,0798,3,2026-06-13 16:18:10,0.1182544734422519,0
9586,0798,3,2026-06-13 16:18:20,0.1182544734422519,0
9587,0798,3,2026-06-13 16:18:30,0.1182544734422519,0
9588,0798,3,2026-06-13 16:18:40,0.1182544734422519,1
9589,0798,3,2026-06-13 16:18:50,0.1182544734422519,0
9590,0798,3,2026-06-13 16:19:00,0.1182544734422519,0
9591,0798,3,2026-06-13 16:19:10,0.1182544734422519,0
9592,0798,3,2026-06-13 16:19:20,0.1182544734422519,0
9593,0571,3,2026-06-13 16:19:30,0.1182544734422519,0
9594,0588,3,2026-06-13 16:19:30,0.4693401230638659,0
9595,0618,3,2026-06-13 16:19:30,0.1182544734422519,0
9596,0798,3,2026-06-13 16:19:30,0.1182544734422519,0
9597,0571,3,2026-06-13 16:19:40,0.1182544734422519,0
9598,0588,3,2026-06-13 16:19:40,0.4693401230638659,0
9599,0618,3,2026-06-13 16:19:40,0.1182544734422519,0
9600,0588,3,2026-06-13 16:19:50,0.4693401230638659,0
9601,0618,3,2026-06-13 16:19:50,0.1182544734422519,0
9602,0588,3,2026-06-13 16:20:00,0.4693401230638659,0
9603,0618,3,2026-06-13 16:20:00,0.1182544734422519,0
9604,0588,3,2026-06-13 16:20:10,0.4693401230638659,0
9605,0618,3,2026-06-13 16:20:10,0.1182544734422519,0
9606,0588,3,2026-06-13 16:20:20,0.4693401230638659,0
9607,0618,3,2026-06-13 16:20:20,0.1182544734422519,0
9608,0588,3,2026-06-13 16:20:30,0.4693401230638659,0
9609,0618,3,2026-06-13 16:20:30,0.1182544734422519,0
9610,0588,3,2026-06-13 16:20:40,0.4693401230638659,0
9611,0618,3,2026-06-13 16:20:40,0.1182544734422519,0
9612,0588,3,2026-06-13 16:20:50,0.4693401230638659,0
9613,0618,3,2026-06-13 16:20:50,0.1182544734422519,0
9614,0588,3,2026-06-13 16:21:00,0.4693401230638659,0
9615,0618,3,2026-06-13 16:21:00,0.1182544734422519,0
9616,0618,3,2026-06-13 16:21:10,0.1182544734422519,0
9617,0904,3,2026-06-13 17:46:50,0.8562133107008982,0
9618,0904,3,2026-06-13 17:47:00,0.8562133107008982,0
9619,0904,3,2026-06-13 17:47:10,0.8562133107008982,0
9620,0904,3,2026-06-13 17:47:20,0.8562133107008982,0
9621,0904,3,2026-06-13 17:47:30,0.8562133107008982,0
9622,0904,3,2026-06-13 17:47:40,0.8562133107008982,0
9623,0904,3,2026-06-13 17:47:50,0.8562133107008982,0
9624,0005,3,2026-06-13 17:48:00,0.4693401230638659,0
9625,0904,3,2026-06-13 17:48:00,0.8562133107008982,0
9626,0005,3,2026-06-13 17:48:10,0.4693401230638659,1
9627,0904,3,2026-06-13 17:48:10,0.8562133107008982,0
9628,0005,3,2026-06-13 17:48:20,0.4693401230638659,0
9629,0904,3,2026-06-13 17:48:20,0.8562133107008982,0
9630,0005,3,2026-06-13 17:48:30,0.4693401230638659,0
9631,0904,3,2026-06-13 17:48:30,0.8562133107008982,0
9632,0005,3,2026-06-13 17:48:40,0.4693401230638659,0
9633,0904,3,2026-06-13 17:48:40,0.8562133107008982,0
9634,0005,3,2026-06-13 17:48:50,0.4693401230638659,0
9635,0005,3,2026-06-13 17:49:00,0.4693401230638659,0
9636,0005,3,2026-06-13 17:49:10,0.4693401230638659,0
9637,0005,3,2026-06-13 17:49:20,0.4693401230638659,0
9638,0717,3,2026-06-13 17:49:50,1.0000000000000000,0
9639,0717,3,2026-06-13 17:50:00,1.0000000000000000,0
9640,0802,3,2026-06-13 17:50:00,0.8562133107008982,0
9641,0717,3,2026-06-13 17:50:10,1.0000000000000000,0
9642,0802,3,2026-06-13 17:50:10,0.8562133107008982,0
9643,0717,3,2026-06-13 17:50:20,1.0000000000000000,0
9644,0802,3,2026-06-13 17:50:20,0.8562133107008982,0
9645,0717,3,2026-06-13 17:50:30,1.0000000000000000,0
9646,0802,3,2026-06-13 17:50:30,0.8562133107008982,0
9647,0717,3,2026-06-13 17:50:40,1.0000000000000000,0
9648,0802,3,2026-06-13 17:50:40,0.8562133107008982,0
9649,0717,3,2026-06-13 17:50:50,1.0000000000000000,0
9650,0802,3,2026-06-13 17:50:50,0.8562133107008982,0
9651,0717,3,2026-06-13 17:51:00,1.0000000000000000,0
9652,0802,3,2026-06-13 17:51:00,0.8562133107008982,0
9653,0717,3,2026-06-13 17:51:10,1.0000000000000000,0
9654,0802,3,2026-06-13 17:51:10,0.8562133107008982,0
9655,0717,3,2026-06-13 17:51:20,1.0000000000000000,0
9656,0802,3,2026-06-13 17:51:20,0.8562133107008982,0
9657,0717,3,2026-06-13 17:51:30,1.0000000000000000,0
9658,0802,3,2026-06-13 17:51:30,0.8562133107008982,0
9659,0802,3,2026-06-13 17:51:40,0.8562133107008982,0
9660,0178,3,2026-06-13 17:52:00,0.1182544734422519,0
9661,0178,3,2026-06-13 17:52:10,0.1182544734422519,0
9662,0222,3,2026-06-13 17:52:10,0.1182544734422519,0
9663,0178,3,2026-06-13 17:52:20,0.1182544734422519,0
9664,0222,3,2026-06-13 17:52:20,0.1182544734422519,0
9665,0178,3,2026-06-13 17:52:30,0.1182544734422519,0
9666,0222,3,2026-06-13 17:52:30,0.1182544734422519,0
9667,0178,3,2026-06-13 17:52:40,0.1182544734422519,0
9668,0222,3,2026-06-13 17:52:40,0.1182544734422519,0
9669,0178,3,2026-06-13 17:52:50,0.1182544734422519,0
9670,0222,3,2026-06-13 17:52:50,0.1182544734422519,0
9671,0178,3,2026-06-13 17:53:00,0.1182544734422519,0
9672,0222,3,2026-06-13 17:53:00,0.1182544734422519,0
9673,0178,3,2026-06-13 17:53:10,0.1182544734422519,0
9674,0222,3,2026-06-13 17:53:10,0.1182544734422519,0
9675,0178,3,2026-06-13 17:53:20,0.1182544734422519,0
9676,0222,3,2026-06-13 17:53:20,0.1182544734422519,0
9677,0747,3,2026-06-13 17:53:20,0.2745597284107787,0
9678,0222,3,2026-06-13 17:53:30,0.1182544734422519,0
9679,0747,3,2026-06-13 17:53:30,0.2745597284107787,0
9680,0222,3,2026-06-13 17:53:40,0.1182544734422519,0
9681,0747,3,2026-06-13 17:53:40,0.2745597284107787,0
9682,0118,3,2026-06-13 17:53:50,0.4693401230638659,1
9683,0222,3,2026-06-13 17:53:50,0.1182544734422519,0
9684,0747,3,2026-06-13 17:53:50,0.2745597284107787,0
9685,0118,3,2026-06-13 17:54:00,0.4693401230638659,0
9686,0747,3,2026-06-13 17:54:00,0.2745597284107787,0
9687,0921,3,2026-06-13 17:54:00,0.9304759884008770,0
9688,0118,3,2026-06-13 17:54:10,0.4693401230638659,0
9689,0747,3,2026-06-13 17:54:10,0.2745597284107787,0
9690,0921,3,2026-06-13 17:54:10,0.9304759884008770,0
9691,0118,3,2026-06-13 17:54:20,0.4693401230638659,0
9692,0747,3,2026-06-13 17:54:20,0.2745597284107787,0
9693,0921,3,2026-06-13 17:54:20,0.9304759884008770,0
9694,0118,3,2026-06-13 17:54:30,0.4693401230638659,0
9695,0747,3,2026-06-13 17:54:30,0.2745597284107787,0
9696,0921,3,2026-06-13 17:54:30,0.9304759884008770,0
9697,0118,3,2026-06-13 17:54:40,0.4693401230638659,0
9698,0747,3,2026-06-13 17:54:40,0.2745597284107787,0
9699,0921,3,2026-06-13 17:54:40,0.9304759884008770,0
9700,0118,3,2026-06-13 17:54:50,0.4693401230638659,0
9701,0747,3,2026-06-13 17:54:50,0.2745597284107787,0
9702,0921,3,2026-06-13 17:54:50,0.9304759884008770,0
9703,0118,3,2026-06-13 17:55:00,0.4693401230638659,0
9704,0747,3,2026-06-13 17:55:00,0.2745597284107787,0
9705,0771,3,2026-06-13 17:55:00,0.5542824810806988,0
9706,0747,3,2026-06-13 17:55:10,0.2745597284107787,0
9707,0771,3,2026-06-13 17:55:10,0.5542824810806988,0
9708,0771,3,2026-06-13 17:55:20,0.5542824810806988,0
9709,0771,3,2026-06-13 17:55:30,0.5542824810806988,1
9710,0771,3,2026-06-13 17:55:40,0.5542824810806988,0
9711,0771,3,2026-06-13 17:55:50,0.5542824810806988,0
9712,0771,3,2026-06-13 17:56:00,0.5542824810806988,0
9713,0771,3,2026-06-13 17:56:10,0.5542824810806988,0
9714,0771,3,2026-06-13 17:56:20,0.5542824810806988,0
9715,0076,3,2026-06-13 19:07:40,0.2745597284107787,0
9716,0076,3,2026-06-13 19:07:50,0.2745597284107787,0
9717,0076,3,2026-06-13 19:08:00,0.2745597284107787,0
9718,0076,3,2026-06-13 19:08:10,0.2745597284107787,0
9719,0076,3,2026-06-13 19:08:20,0.2745597284107787,0
9720,0076,3,2026-06-13 19:08:30,0.2745597284107787,0
9721,0172,3,2026-06-13 19:08:30,0.3688379659098946,0
9722,0076,3,2026-06-13 19:08:40,0.2745597284107787,0
9723,0172,3,2026-06-13 19:08:40,0.3688379659098946,0
9724,0076,3,2026-06-13 19:08:50,0.2745597284107787,0
9725,0172,3,2026-06-13 19:08:50,0.3688379659098946,0
9726,0076,3,2026-06-13 19:09:00,0.2745597284107787,0
9727,0172,3,2026-06-13 19:09:00,0.3688379659098946,0
9728,0076,3,2026-06-13 19:09:10,0.2745597284107787,0
9729,0172,3,2026-06-13 19:09:10,0.3688379659098946,0
9730,0076,3,2026-06-13 19:09:20,0.2745597284107787,0
9731,0172,3,2026-06-13 19:09:20,0.3688379659098946,0
9732,0076,3,2026-06-13 19:09:30,0.2745597284107787,0
9733,0172,3,2026-06-13 19:09:30,0.3688379659098946,0
9734,0981,3,2026-06-13 19:25:50,0.7926303133177736,0
9735,0981,3,2026-06-13 19:26:00,0.7926303133177736,0
9736,0981,3,2026-06-13 19:26:10,0.7926303133177736,0
9737,0981,3,2026-06-13 19:26:20,0.7926303133177736,0
9738,0159,3,2026-06-13 19:26:30,0.9304759884008770,0
9739,0981,3,2026-06-13 19:26:30,0.7926303133177736,0
9740,0159,3,2026-06-13 19:26:40,0.9304759884008770,0
9741,0981,3,2026-06-13 19:26:40,0.7926303133177736,0
9742,0159,3,2026-06-13 19:26:50,0.9304759884008770,0
9743,0981,3,2026-06-13 19:26:50,0.7926303133177736,0
9744,0159,3,2026-06-13 19:27:00,0.9304759884008770,0
9745,0981,3,2026-06-13 19:27:00,0.7926303133177736,0
9746,0095,3,2026-06-13 19:27:10,0.0599052266779829,0
9747,0159,3,2026-06-13 19:27:10,0.9304759884008770,0
9748,0981,3,2026-06-13 19:27:10,0.7926303133177736,1
9749,0095,3,2026-06-13 19:27:20,0.0599052266779829,0
9750,0159,3,2026-06-13 19:27:20,0.9304759884008770,0
9751,0981,3,2026-06-13 19:27:20,0.7926303133177736,0
9752,0095,3,2026-06-13 19:27:30,0.0599052266779829,0
9753,0159,3,2026-06-13 19:27:30,0.9304759884008770,0
9754,0981,3,2026-06-13 19:27:30,0.7926303133177736,0
9755,0095,3,2026-06-13 19:27:40,0.0599052266779829,0
9756,0159,3,2026-06-13 19:27:40,0.9304759884008770,0
9757,0981,3,2026-06-13 19:27:40,0.7926303133177736,0
9758,0095,3,2026-06-13 19:27:50,0.0599052266779829,0
9759,0159,3,2026-06-13 19:27:50,0.9304759884008770,0
9760,0095,3,2026-06-13 19:28:00,0.0599052266779829,0
9761,0159,3,2026-06-13 19:28:00,0.9304759884008770,0
9762,0095,3,2026-06-13 19:28:10,0.0599052266779829,0
9763,0095,3,2026-06-13 19:28:20,0.0599052266779829,0
9764,0095,3,2026-06-13 19:28:30,0.0599052266779829,0
9765,0095,3,2026-06-13 19:28:40,0.0599052266779829,0
9766,0668,3,2026-06-13 20:46:40,0.7926303133177736,0
9767,0668,3,2026-06-13 20:46:50,0.7926303133177736,0
9768,0668,3,2026-06-13 20:47:00,0.7926303133177736,0
9769,0668,3,2026-06-13 20:47:10,0.7926303133177736,0
9770,0668,3,2026-06-13 20:47:20,0.7926303133177736,0
9771,0668,3,2026-06-13 20:47:30,0.7926303133177736,0
9772,0668,3,2026-06-13 20:47:40,0.7926303133177736,0
9773,0721,3,2026-06-14 02:01:30,0.7926303133177736,0
9774,0721,3,2026-06-14 02:01:40,0.7926303133177736,0
9775,0721,3,2026-06-14 02:01:50,0.7926303133177736,0
9776,0721,3,2026-06-14 02:02:00,0.7926303133177736,0
9777,0721,3,2026-06-14 02:02:10,0.7926303133177736,0
9778,0721,3,2026-06-14 02:02:20,0.7926303133177736,0
9779,0721,3,2026-06-14 02:02:30,0.7926303133177736,0
9780,0721,3,2026-06-14 02:02:40,0.7926303133177736,0
9781,0721,3,2026-06-14 02:02:50,0.7926303133177736,0
9782,0721,3,2026-06-14 02:03:00,0.7926303133177736,0
9783,0721,3,2026-06-14 02:03:10,0.7926303133177736,0
9784,0330,3,2026-06-14 02:04:20,0.2745597284107787,0
9785,0330,3,2026-06-14 02:04:30,0.2745597284107787,0
9786,0330,3,2026-06-14 02:04:40,0.2745597284107787,1
9787,0431,3,2026-06-14 02:05:10,0.1819789235448052,0
9788,0517,3,2026-06-14 02:05:10,0.5542824810806988,0
9789,0660,3,2026-06-14 02:05:10,0.6883796590989462,1
9790,0851,3,2026-06-14 02:05:10,0.2745597284107787,0
9791,0431,3,2026-06-14 02:05:20,0.1819789235448052,0
9792,0517,3,2026-06-14 02:05:20,0.5542824810806988,1
9793,0631,3,2026-06-14 02:05:20,0.6883796590989462,0
9794,0660,3,2026-06-14 02:05:20,0.6883796590989462,0
9795,0851,3,2026-06-14 02:05:20,0.2745597284107787,0
9796,0362,3,2026-06-14 02:05:30,0.1819789235448052,0
9797,0394,3,2026-06-14 02:05:30,0.6883796590989462,0
9798,0431,3,2026-06-14 02:05:30,0.1819789235448052,0
9799,0517,3,2026-06-14 02:05:30,0.5542824810806988,0
9800,0631,3,2026-06-14 02:05:30,0.6883796590989462,0
9801,0660,3,2026-06-14 02:05:30,0.6883796590989462,0
9802,0851,3,2026-06-14 02:05:30,0.2745597284107787,0
9803,0362,3,2026-06-14 02:05:40,0.1819789235448052,0
9804,0394,3,2026-06-14 02:05:40,0.6883796590989462,0
9805,0431,3,2026-06-14 02:05:40,0.1819789235448052,0
9806,0517,3,2026-06-14 02:05:40,0.5542824810806988,0
9807,0631,3,2026-06-14 02:05:40,0.6883796590989462,0
9808,0660,3,2026-06-14 02:05:40,0.6883796590989462,0
9809,0711,3,2026-06-14 02:05:40,0.7926303133177736,0
9810,0851,3,2026-06-14 02:05:40,0.2745597284107787,0
9811,0362,3,2026-06-14 02:05:50,0.1819789235448052,0
9812,0394,3,2026-06-14 02:05:50,0.6883796590989462,0
9813,0431,3,2026-06-14 02:05:50,0.1819789235448052,0
9814,0517,3,2026-06-14 02:05:50,0.5542824810806988,0
9815,0631,3,2026-06-14 02:05:50,0.6883796590989462,0
9816,0660,3,2026-06-14 02:05:50,0.6883796590989462,0
9817,0711,3,2026-06-14 02:05:50,0.7926303133177736,1
9818,0851,3,2026-06-14 02:05:50,0.2745597284107787,0
9819,0184,3,2026-06-14 02:06:00,0.4693401230638659,0
9820,0362,3,2026-06-14 02:06:00,0.1819789235448052,0
9821,0394,3,2026-06-14 02:06:00,0.6883796590989462,1
9822,0431,3,2026-06-14 02:06:00,0.1819789235448052,0
9823,0517,3,2026-06-14 02:06:00,0.5542824810806988,0
9824,0631,3,2026-06-14 02:06:00,0.6883796590989462,0
9825,0660,3,2026-06-14 02:06:00,0.6883796590989462,0
9826,0711,3,2026-06-14 02:06:00,0.7926303133177736,0
9827,0750,3,2026-06-14 02:06:00,1.0000000000000000,0
9828,0851,3,2026-06-14 02:06:00,0.2745597284107787,0
9829,0184,3,2026-06-14 02:06:10,0.4693401230638659,0
9830,0362,3,2026-06-14 02:06:10,0.1819789235448052,0
9831,0394,3,2026-06-14 02:06:10,0.6883796590989462,0
9832,0431,3,2026-06-14 02:06:10,0.1819789235448052,0
9833,0517,3,2026-06-14 02:06:10,0.5542824810806988,0
9834,0631,3,2026-06-14 02:06:10,0.6883796590989462,0
9835,0660,3,2026-06-14 02:06:10,0.6883796590989462,0
9836,0711,3,2026-06-14 02:06:10,0.7926303133177736,0
9837,0750,3,2026-06-14 02:06:10,1.0000000000000000,0
9838,0851,3,2026-06-14 02:06:10,0.2745597284107787,0
9839,0184,3,2026-06-14 02:06:20,0.4693401230638659,0
9840,0362,3,2026-06-14 02:06:20,0.1819789235448052,0
9841,0394,3,2026-06-14 02:06:20,0.6883796590989462,0
9842,0431,3,2026-06-14 02:06:20,0.1819789235448052,0
9843,0517,3,2026-06-14 02:06:20,0.5542824810806988,0
9844,0631,3,2026-06-14 02:06:20,0.6883796590989462,1
9845,0660,3,2026-06-14 02:06:20,0.6883796590989462,0
9846,0711,3,2026-06-14 02:06:20,0.7926303133177736,0
9847,0750,3,2026-06-14 02:06:20,1.0000000000000000,0
9848,0851,3,2026-06-14 02:06:20,0.2745597284107787,0
9849,0184,3,2026-06-14 02:06:30,0.4693401230638659,0
9850,0362,3,2026-06-14 02:06:30,0.1819789235448052,0
9851,0394,3,2026-06-14 02:06:30,0.6883796590989462,1
9852,0431,3,2026-06-14 02:06:30,0.1819789235448052,0
9853,0517,3,2026-06-14 02:06:30,0.5542824810806988,0
9854,0631,3,2026-06-14 02:06:30,0.6883796590989462,0
9855,0711,3,2026-06-14 02:06:30,0.7926303133177736,0
9856,0750,3,2026-06-14 02:06:30,1.0000000000000000,0
9857,0851,3,2026-06-14 02:06:30,0.2745597284107787,0
9858,0362,3,2026-06-14 02:06:40,0.1819789235448052,0
9859,0394,3,2026-06-14 02:06:40,0.6883796590989462,0
9860,0517,3,2026-06-14 02:06:40,0.5542824810806988,0
9861,0631,3,2026-06-14 02:06:40,0.6883796590989462,0
9862,0711,3,2026-06-14 02:06:40,0.7926303133177736,0
9863,0750,3,2026-06-14 02:06:40,1.0000000000000000,0
9864,0851,3,2026-06-14 02:06:40,0.2745597284107787,0
9865,0362,3,2026-06-14 02:06:50,0.1819789235448052,1
9866,0394,3,2026-06-14 02:06:50,0.6883796590989462,0
9867,0517,3,2026-06-14 02:06:50,0.5542824810806988,0
9868,0631,3,2026-06-14 02:06:50,0.6883796590989462,0
9869,0711,3,2026-06-14 02:06:50,0.7926303133177736,0
9870,0750,3,2026-06-14 02:06:50,1.0000000000000000,0
9871,0851,3,2026-06-14 02:06:50,0.2745597284107787,0
9872,0362,3,2026-06-14 02:07:00,0.1819789235448052,0
9873,0394,3,2026-06-14 02:07:00,0.6883796590989462,0
9874,0631,3,2026-06-14 02:07:00,0.6883796590989462,0
9875,0750,3,2026-06-14 02:07:00,1.0000000000000000,0
9876,0362,3,2026-06-14 02:07:10,0.1819789235448052,0
9877,0394,3,2026-06-14 02:07:10,0.6883796590989462,0
9878,0631,3,2026-06-14 02:07:10,0.6883796590989462,0
9879,0750,3,2026-06-14 02:07:10,1.0000000000000000,0
9880,0362,3,2026-06-14 02:07:20,0.1819789235448052,0
9881,0750,3,2026-06-14 02:07:20,1.0000000000000000,1
9882,0750,3,2026-06-14 02:07:30,1.0000000000000000,0
9883,0750,3,2026-06-14 02:07:40,1.0000000000000000,0
9884,0920,3,2026-06-14 02:12:20,1.0000000000000000,0
9885,0124,3,2026-06-14 02:12:30,0.0599052266779829,0
9886,0920,3,2026-06-14 02:12:30,1.0000000000000000,0
9887,0124,3,2026-06-14 02:12:40,0.0599052266779829,1
9888,0699,3,2026-06-14 02:12:40,0.2745597284107787,0
9889,0920,3,2026-06-14 02:12:40,1.0000000000000000,0
9890,0124,3,2026-06-14 02:12:50,0.0599052266779829,0
9891,0699,3,2026-06-14 02:12:50,0.2745597284107787,0
9892,0773,3,2026-06-14 02:12:50,0.3688379659098946,0
9893,0920,3,2026-06-14 02:12:50,1.0000000000000000,0
9894,0124,3,2026-06-14 02:13:00,0.0599052266779829,0
9895,0699,3,2026-06-14 02:13:00,0.2745597284107787,0
9896,0773,3,2026-06-14 02:13:00,0.3688379659098946,0
9897,0920,3,2026-06-14 02:13:00,1.0000000000000000,0
9898,0124,3,2026-06-14 02:13:10,0.0599052266779829,0
9899,0699,3,2026-06-14 02:13:10,0.2745597284107787,0
9900,0773,3,2026-06-14 02:13:10,0.3688379659098946,0
9901,0920,3,2026-06-14 02:13:10,1.0000000000000000,0
9902,0124,3,2026-06-14 02:13:20,0.0599052266779829,0
9903,0699,3,2026-06-14 02:13:20,0.2745597284107787,0
9904,0773,3,2026-06-14 02:13:20,0.3688379659098946,0
9905,0920,3,2026-06-14 02:13:20,1.0000000000000000,0
9906,0124,3,2026-06-14 02:13:30,0.0599052266779829,0
9907,0699,3,2026-06-14 02:13:30,0.2745597284107787,0
9908,0773,3,2026-06-14 02:13:30,0.3688379659098946,0
9909,0920,3,2026-06-14 02:13:30,1.0000000000000000,0
9910,0124,3,2026-06-14 02:13:40,0.0599052266779829,0
9911,0699,3,2026-06-14 02:13:40,0.2745597284107787,0
9912,0773,3,2026-06-14 02:13:40,0.3688379659098946,0
9913,0920,3,2026-06-14 02:13:40,1.0000000000000000,0
9914,0124,3,2026-06-14 02:13:50,0.0599052266779829,0
9915,0699,3,2026-06-14 02:13:50,0.2745597284107787,0
9916,0773,3,2026-06-14 02:13:50,0.3688379659098946,0
9917,0920,3,2026-06-14 02:13:50,1.0000000000000000,0
9918,0124,3,2026-06-14 02:14:00,0.0599052266779829,0
9919,0699,3,2026-06-14 02:14:00,0.2745597284107787,1
9920,0773,3,2026-06-14 02:14:00,0.3688379659098946,0
9921,0920,3,2026-06-14 02:14:00,1.0000000000000000,0
9922,0124,3,2026-06-14 02:14:10,0.0599052266779829,0
9923,0699,3,2026-06-14 02:14:10,0.2745597284107787,0
9924,0773,3,2026-06-14 02:14:10,0.3688379659098946,0
9925,0920,3,2026-06-14 02:14:10,1.0000000000000000,0
9926,0124,3,2026-06-14 02:14:20,0.0599052266779829,0
9927,0699,3,2026-06-14 02:14:20,0.2745597284107787,0
9928,0773,3,2026-06-14 02:14:20,0.3688379659098946,0
9929,0699,3,2026-06-14 02:14:30,0.2745597284107787,0
9930,0773,3,2026-06-14 02:14:30,0.3688379659098946,1
9931,0295,3,2026-06-14 02:14:40,0.6120659169672537,0
9932,0295,3,2026-06-14 02:14:50,0.6120659169672537,0
9933,0295,3,2026-06-14 02:15:00,0.6120659169672537,1
9934,0295,3,2026-06-14 02:15:10,0.6120659169672537,0
9935,0295,3,2026-06-14 02:15:20,0.6120659169672537,0
9936,0295,3,2026-06-14 02:15:30,0.6120659169672537,0
9937,0295,3,2026-06-14 02:15:40,0.6120659169672537,0
9938,0295,3,2026-06-14 02:15:50,0.6120659169672537,0
9939,0295,3,2026-06-14 02:16:00,0.6120659169672537,0
9940,0295,3,2026-06-14 02:16:10,0.6120659169672537,0
9941,0295,3,2026-06-14 02:16:20,0.6120659169672537,0
9942,0295,3,2026-06-14 02:16:30,0.6120659169672537,0
9943,0906,3,2026-06-14 03:42:20,0.5542824810806988,0
9944,0906,3,2026-06-14 03:42:30,0.5542824810806988,1
9945,0906,3,2026-06-14 03:42:40,0.5542824810806988,0
9946,0906,3,2026-06-14 03:42:50,0.5542824810806988,0
9947,0829,3,2026-06-14 03:43:00,0.4693401230638659,0
9948,0906,3,2026-06-14 03:43:00,0.5542824810806988,0
9949,0829,3,2026-06-14 03:43:10,0.4693401230638659,0
9950,0906,3,2026-06-14 03:43:10,0.5542824810806988,0
9951,0829,3,2026-06-14 03:43:20,0.4693401230638659,0
9952,0906,3,2026-06-14 03:43:20,0.5542824810806988,0
9953,0829,3,2026-06-14 03:43:30,0.4693401230638659,0
9954,0906,3,2026-06-14 03:43:30,0.5542824810806988,0
9955,0829,3,2026-06-14 03:43:40,0.4693401230638659,0
9956,0906,3,2026-06-14 03:43:40,0.5542824810806988,0
9957,0191,3,2026-06-14 03:43:50,0.1819789235448052,0
9958,0719,3,2026-06-14 03:43:50,0.3688379659098946,0
9959,0829,3,2026-06-14 03:43:50,0.4693401230638659,0
9960,0906,3,2026-06-14 03:43:50,0.5542824810806988,0
9961,0191,3,2026-06-14 03:44:00,0.1819789235448052,0
9962,0526,3,2026-06-14 03:44:00,1.0000000000000000,0
9963,0719,3,2026-06-14 03:44:00,0.3688379659098946,0
9964,0817,3,2026-06-14 03:44:00,0.3688379659098946,0
9965,0829,3,2026-06-14 03:44:00,0.4693401230638659,0
9966,0906,3,2026-06-14 03:44:00,0.5542824810806988,0
9967,0191,3,2026-06-14 03:44:10,0.1819789235448052,0
9968,0526,3,2026-06-14 03:44:10,1.0000000000000000,0
9969,0719,3,2026-06-14 03:44:10,0.3688379659098946,0
9970,0817,3,2026-06-14 03:44:10,0.3688379659098946,0
9971,0829,3,2026-06-14 03:44:10,0.4693401230638659,0
9972,0075,3,2026-06-14 03:44:20,0.6883796590989462,0
9973,0191,3,2026-06-14 03:44:20,0.1819789235448052,0
9974,0526,3,2026-06-14 03:44:20,1.0000000000000000,0
9975,0719,3,2026-06-14 03:44:20,0.3688379659098946,0
9976,0817,3,2026-06-14 03:44:20,0.3688379659098946,0
9977,0829,3,2026-06-14 03:44:20,0.4693401230638659,0
9978,0075,3,2026-06-14 03:44:30,0.6883796590989462,0
9979,0191,3,2026-06-14 03:44:30,0.1819789235448052,0
9980,0526,3,2026-06-14 03:44:30,1.0000000000000000,0
9981,0719,3,2026-06-14 03:44:30,0.3688379659098946,0
9982,0817,3,2026-06-14 03:44:30,0.3688379659098946,0
9983,0829,3,2026-06-14 03:44:30,0.4693401230638659,0
9984,0932,3,2026-06-14 03:44:30,0.1182544734422519,0
9985,0075,3,2026-06-14 03:44:40,0.6883796590989462,0
9986,0191,3,2026-06-14 03:44:40,0.1819789235448052,0
9987,0526,3,2026-06-14 03:44:40,1.0000000000000000,0
9988,0719,3,2026-06-14 03:44:40,0.3688379659098946,0
9989,0817,3,2026-06-14 03:44:40,0.3688379659098946,0
9990,0829,3,2026-06-14 03:44:40,0.4693401230638659,0
9991,0932,3,2026-06-14 03:44:40,0.1182544734422519,0
9992,0075,3,2026-06-14 03:44:50,0.6883796590989462,0
9993,0191,3,2026-06-14 03:44:50,0.1819789235448052,0
9994,0526,3,2026-06-14 03:44:50,1.0000000000000000,0
9995,0719,3,2026-06-14 03:44:50,0.3688379659098946,0
9996,0817,3,2026-06-14 03:44:50,0.3688379659098946,0
9997,0932,3,2026-06-14 03:44:50,0.1182544734422519,0
9998,0075,3,2026-06-14 03:45:00,0.6883796590989462,0
9999,0191,3,2026-06-14 03:45:00,0.1819789235448052,0
10000,0526,3,2026-06-14 03:45:00,1.0000000000000000,0
10001,0592,3,2026-06-14 03:45:00,0.6883796590989462,0
10002,0719,3,2026-06-14 03:45:00,0.3688379659098946,0
10003,0817,3,2026-06-14 03:45:00,0.3688379659098946,1
10004,0932,3,2026-06-14 03:45:00,0.1182544734422519,0
10005,0191,3,2026-06-14 03:45:10,0.1819789235448052,0
10006,0321,3,2026-06-14 03:45:10,0.9304759884008770,0
10007,0526,3,2026-06-14 03:45:10,1.0000000000000000,0
10008,0592,3,2026-06-14 03:45:10,0.6883796590989462,0
10009,0719,3,2026-06-14 03:45:10,0.3688379659098946,0
10010,0799,3,2026-06-14 03:45:10,0.7926303133177736,0
10011,0817,3,2026-06-14 03:45:10,0.3688379659098946,0
10012,0932,3,2026-06-14 03:45:10,0.1182544734422519,0
10013,0191,3,2026-06-14 03:45:20,0.1819789235448052,0
10014,0321,3,2026-06-14 03:45:20,0.9304759884008770,0
10015,0526,3,2026-06-14 03:45:20,1.0000000000000000,0
10016,0592,3,2026-06-14 03:45:20,0.6883796590989462,0
10017,0719,3,2026-06-14 03:45:20,0.3688379659098946,0
10018,0799,3,2026-06-14 03:45:20,0.7926303133177736,0
10019,0817,3,2026-06-14 03:45:20,0.3688379659098946,0
10020,0866,3,2026-06-14 03:45:20,0.1819789235448052,0
10021,0932,3,2026-06-14 03:45:20,0.1182544734422519,0
10022,0191,3,2026-06-14 03:45:30,0.1819789235448052,0
10023,0321,3,2026-06-14 03:45:30,0.9304759884008770,0
10024,0365,3,2026-06-14 03:45:30,0.2745597284107787,0
10025,0526,3,2026-06-14 03:45:30,1.0000000000000000,0
10026,0592,3,2026-06-14 03:45:30,0.6883796590989462,0
10027,0719,3,2026-06-14 03:45:30,0.3688379659098946,0
10028,0799,3,2026-06-14 03:45:30,0.7926303133177736,0
10029,0817,3,2026-06-14 03:45:30,0.3688379659098946,0
10030,0826,3,2026-06-14 03:45:30,0.2745597284107787,0
10031,0866,3,2026-06-14 03:45:30,0.1819789235448052,0
10032,0932,3,2026-06-14 03:45:30,0.1182544734422519,0
10033,0191,3,2026-06-14 03:45:40,0.1819789235448052,0
10034,0321,3,2026-06-14 03:45:40,0.9304759884008770,0
10035,0365,3,2026-06-14 03:45:40,0.2745597284107787,0
10036,0526,3,2026-06-14 03:45:40,1.0000000000000000,0
10037,0592,3,2026-06-14 03:45:40,0.6883796590989462,1
10038,0719,3,2026-06-14 03:45:40,0.3688379659098946,0
10039,0799,3,2026-06-14 03:45:40,0.7926303133177736,0
10040,0817,3,2026-06-14 03:45:40,0.3688379659098946,0
10041,0826,3,2026-06-14 03:45:40,0.2745597284107787,0
10042,0866,3,2026-06-14 03:45:40,0.1819789235448052,0
10043,0876,3,2026-06-14 03:45:40,0.1819789235448052,0
10044,0932,3,2026-06-14 03:45:40,0.1182544734422519,0
10045,0211,3,2026-06-14 03:45:50,0.6883796590989462,0
10046,0321,3,2026-06-14 03:45:50,0.9304759884008770,0
10047,0365,3,2026-06-14 03:45:50,0.2745597284107787,0
10048,0457,3,2026-06-14 03:45:50,0.6120659169672537,0
10049,0592,3,2026-06-14 03:45:50,0.6883796590989462,0
10050,0598,3,2026-06-14 03:45:50,0.1182544734422519,0
10051,0799,3,2026-06-14 03:45:50,0.7926303133177736,0
10052,0826,3,2026-06-14 03:45:50,0.2745597284107787,0
10053,0866,3,2026-06-14 03:45:50,0.1819789235448052,0
10054,0876,3,2026-06-14 03:45:50,0.1819789235448052,0
10055,0932,3,2026-06-14 03:45:50,0.1182544734422519,0
10056,0211,3,2026-06-14 03:46:00,0.6883796590989462,0
10057,0321,3,2026-06-14 03:46:00,0.9304759884008770,0
10058,0365,3,2026-06-14 03:46:00,0.2745597284107787,0
10059,0457,3,2026-06-14 03:46:00,0.6120659169672537,0
10060,0592,3,2026-06-14 03:46:00,0.6883796590989462,0
10061,0598,3,2026-06-14 03:46:00,0.1182544734422519,0
10062,0799,3,2026-06-14 03:46:00,0.7926303133177736,0
10063,0826,3,2026-06-14 03:46:00,0.2745597284107787,0
10064,0866,3,2026-06-14 03:46:00,0.1819789235448052,1
10065,0876,3,2026-06-14 03:46:00,0.1819789235448052,0
10066,0932,3,2026-06-14 03:46:00,0.1182544734422519,0
10067,0211,3,2026-06-14 03:46:10,0.6883796590989462,0
10068,0321,3,2026-06-14 03:46:10,0.9304759884008770,0
10069,0365,3,2026-06-14 03:46:10,0.2745597284107787,0
10070,0457,3,2026-06-14 03:46:10,0.6120659169672537,0
10071,0592,3,2026-06-14 03:46:10,0.6883796590989462,0
10072,0598,3,2026-06-14 03:46:10,0.1182544734422519,0
10073,0799,3,2026-06-14 03:46:10,0.7926303133177736,0
10074,0826,3,2026-06-14 03:46:10,0.2745597284107787,1
10075,0866,3,2026-06-14 03:46:10,0.1819789235448052,0
10076,0876,3,2026-06-14 03:46:10,0.1819789235448052,0
10077,0932,3,2026-06-14 03:46:10,0.1182544734422519,0
10078,0211,3,2026-06-14 03:46:20,0.6883796590989462,0
10079,0321,3,2026-06-14 03:46:20,0.9304759884008770,0
10080,0365,3,2026-06-14 03:46:20,0.2745597284107787,0
10081,0457,3,2026-06-14 03:46:20,0.6120659169672537,0
10082,0592,3,2026-06-14 03:46:20,0.6883796590989462,0
10083,0598,3,2026-06-14 03:46:20,0.1182544734422519,0
10084,0799,3,2026-06-14 03:46:20,0.7926303133177736,0
10085,0826,3,2026-06-14 03:46:20,0.2745597284107787,0
10086,0866,3,2026-06-14 03:46:20,0.1819789235448052,0
10087,0876,3,2026-06-14 03:46:20,0.1819789235448052,0
10088,0932,3,2026-06-14 03:46:20,0.1182544734422519,0
10089,0211,3,2026-06-14 03:46:30,0.6883796590989462,0
10090,0321,3,2026-06-14 03:46:30,0.9304759884008770,0
10091,0365,3,2026-06-14 03:46:30,0.2745597284107787,0
10092,0457,3,2026-06-14 03:46:30,0.6120659169672537,0
10093,0592,3,2026-06-14 03:46:30,0.6883796590989462,0
10094,0598,3,2026-06-14 03:46:30,0.1182544734422519,1
10095,0799,3,2026-06-14 03:46:30,0.7926303133177736,0
10096,0826,3,2026-06-14 03:46:30,0.2745597284107787,0
10097,0866,3,2026-06-14 03:46:30,0.1819789235448052,0
10098,0876,3,2026-06-14 03:46:30,0.1819789235448052,0
10099,0211,3,2026-06-14 03:46:40,0.6883796590989462,0
10100,0321,3,2026-06-14 03:46:40,0.9304759884008770,0
10101,0365,3,2026-06-14 03:46:40,0.2745597284107787,0
10102,0457,3,2026-06-14 03:46:40,0.6120659169672537,0
10103,0592,3,2026-06-14 03:46:40,0.6883796590989462,0
10104,0598,3,2026-06-14 03:46:40,0.1182544734422519,0
10105,0799,3,2026-06-14 03:46:40,0.7926303133177736,0
10106,0826,3,2026-06-14 03:46:40,0.2745597284107787,0
10107,0866,3,2026-06-14 03:46:40,0.1819789235448052,0
10108,0876,3,2026-06-14 03:46:40,0.1819789235448052,0
10109,0211,3,2026-06-14 03:46:50,0.6883796590989462,0
10110,0321,3,2026-06-14 03:46:50,0.9304759884008770,0
10111,0365,3,2026-06-14 03:46:50,0.2745597284107787,0
10112,0457,3,2026-06-14 03:46:50,0.6120659169672537,0
10113,0598,3,2026-06-14 03:46:50,0.1182544734422519,0
10114,0799,3,2026-06-14 03:46:50,0.7926303133177736,0
10115,0826,3,2026-06-14 03:46:50,0.2745597284107787,0
10116,0866,3,2026-06-14 03:46:50,0.1819789235448052,0
10117,0876,3,2026-06-14 03:46:50,0.1819789235448052,0
10118,0211,3,2026-06-14 03:47:00,0.6883796590989462,0
10119,0365,3,2026-06-14 03:47:00,0.2745597284107787,0
10120,0457,3,2026-06-14 03:47:00,0.6120659169672537,0
10121,0598,3,2026-06-14 03:47:00,0.1182544734422519,0
10122,0799,3,2026-06-14 03:47:00,0.7926303133177736,0
10123,0826,3,2026-06-14 03:47:00,0.2745597284107787,0
10124,0876,3,2026-06-14 03:47:00,0.1819789235448052,0
10125,0211,3,2026-06-14 03:47:10,0.6883796590989462,0
10126,0293,3,2026-06-14 03:47:10,0.6120659169672537,0
10127,0365,3,2026-06-14 03:47:10,0.2745597284107787,0
10128,0457,3,2026-06-14 03:47:10,0.6120659169672537,0
10129,0598,3,2026-06-14 03:47:10,0.1182544734422519,0
10130,0826,3,2026-06-14 03:47:10,0.2745597284107787,0
10131,0876,3,2026-06-14 03:47:10,0.1819789235448052,0
10132,0900,3,2026-06-14 03:47:10,0.3688379659098946,0
10133,0211,3,2026-06-14 03:47:20,0.6883796590989462,0
10134,0293,3,2026-06-14 03:47:20,0.6120659169672537,0
10135,0365,3,2026-06-14 03:47:20,0.2745597284107787,0
10136,0457,3,2026-06-14 03:47:20,0.6120659169672537,0
10137,0598,3,2026-06-14 03:47:20,0.1182544734422519,0
10138,0826,3,2026-06-14 03:47:20,0.2745597284107787,0
10139,0876,3,2026-06-14 03:47:20,0.1819789235448052,0
10140,0900,3,2026-06-14 03:47:20,0.3688379659098946,1
10141,0211,3,2026-06-14 03:47:30,0.6883796590989462,0
10142,0293,3,2026-06-14 03:47:30,0.6120659169672537,0
10143,0457,3,2026-06-14 03:47:30,0.6120659169672537,0
10144,0598,3,2026-06-14 03:47:30,0.1182544734422519,0
10145,0876,3,2026-06-14 03:47:30,0.1819789235448052,0
10146,0900,3,2026-06-14 03:47:30,0.3688379659098946,0
10147,0293,3,2026-06-14 03:47:40,0.6120659169672537,0
10148,0900,3,2026-06-14 03:47:40,0.3688379659098946,0
10149,0293,3,2026-06-14 03:47:50,0.6120659169672537,0
10150,0473,3,2026-06-14 03:47:50,1.0000000000000000,0
10151,0900,3,2026-06-14 03:47:50,0.3688379659098946,0
10152,0293,3,2026-06-14 03:48:00,0.6120659169672537,0
10153,0473,3,2026-06-14 03:48:00,1.0000000000000000,0
10154,0900,3,2026-06-14 03:48:00,0.3688379659098946,0
10155,0293,3,2026-06-14 03:48:10,0.6120659169672537,0
10156,0473,3,2026-06-14 03:48:10,1.0000000000000000,0
10157,0900,3,2026-06-14 03:48:10,0.3688379659098946,0
10158,0293,3,2026-06-14 03:48:20,0.6120659169672537,0
10159,0473,3,2026-06-14 03:48:20,1.0000000000000000,0
10160,0900,3,2026-06-14 03:48:20,0.3688379659098946,0
10161,0293,3,2026-06-14 03:48:30,0.6120659169672537,1
10162,0473,3,2026-06-14 03:48:30,1.0000000000000000,0
10163,0900,3,2026-06-14 03:48:30,0.3688379659098946,0
10164,0054,3,2026-06-14 03:48:40,0.7926303133177736,0
10165,0078,3,2026-06-14 03:48:40,0.5542824810806988,0
10166,0293,3,2026-06-14 03:48:40,0.6120659169672537,0
10167,0343,3,2026-06-14 03:48:40,0.4693401230638659,0
10168,0473,3,2026-06-14 03:48:40,1.0000000000000000,0
10169,0656,3,2026-06-14 03:48:40,0.3688379659098946,0
10170,0900,3,2026-06-14 03:48:40,0.3688379659098946,0
10171,0054,3,2026-06-14 03:48:50,0.7926303133177736,0
10172,0078,3,2026-06-14 03:48:50,0.5542824810806988,0
10173,0293,3,2026-06-14 03:48:50,0.6120659169672537,0
10174,0343,3,2026-06-14 03:48:50,0.4693401230638659,0
10175,0473,3,2026-06-14 03:48:50,1.0000000000000000,0
10176,0656,3,2026-06-14 03:48:50,0.3688379659098946,0
10177,0900,3,2026-06-14 03:48:50,0.3688379659098946,0
10178,0054,3,2026-06-14 03:49:00,0.7926303133177736,0
10179,0078,3,2026-06-14 03:49:00,0.5542824810806988,0
10180,0293,3,2026-06-14 03:49:00,0.6120659169672537,0
10181,0343,3,2026-06-14 03:49:00,0.4693401230638659,0
10182,0656,3,2026-06-14 03:49:00,0.3688379659098946,0
10183,0900,3,2026-06-14 03:49:00,0.3688379659098946,0
10184,0054,3,2026-06-14 03:49:10,0.7926303133177736,0
10185,0078,3,2026-06-14 03:49:10,0.5542824810806988,0
10186,0343,3,2026-06-14 03:49:10,0.4693401230638659,0
10187,0656,3,2026-06-14 03:49:10,0.3688379659098946,0
10188,0054,3,2026-06-14 03:49:20,0.7926303133177736,0
10189,0078,3,2026-06-14 03:49:20,0.5542824810806988,0
10190,0343,3,2026-06-14 03:49:20,0.4693401230638659,0
10191,0656,3,2026-06-14 03:49:20,0.3688379659098946,0
10192,0054,3,2026-06-14 03:49:30,0.7926303133177736,0
10193,0078,3,2026-06-14 03:49:30,0.5542824810806988,0
10194,0343,3,2026-06-14 03:49:30,0.4693401230638659,0
10195,0643,3,2026-06-14 03:49:30,0.6120659169672537,0
10196,0656,3,2026-06-14 03:49:30,0.3688379659098946,0
10197,0054,3,2026-06-14 03:49:40,0.7926303133177736,0
10198,0078,3,2026-06-14 03:49:40,0.5542824810806988,0
10199,0343,3,2026-06-14 03:49:40,0.4693401230638659,0
10200,0643,3,2026-06-14 03:49:40,0.6120659169672537,0
10201,0656,3,2026-06-14 03:49:40,0.3688379659098946,1
10202,0054,3,2026-06-14 03:49:50,0.7926303133177736,0
10203,0078,3,2026-06-14 03:49:50,0.5542824810806988,0
10204,0343,3,2026-06-14 03:49:50,0.4693401230638659,0
10205,0643,3,2026-06-14 03:49:50,0.6120659169672537,0
10206,0656,3,2026-06-14 03:49:50,0.3688379659098946,0
10207,0054,3,2026-06-14 03:50:00,0.7926303133177736,0
10208,0078,3,2026-06-14 03:50:00,0.5542824810806988,0
10209,0343,3,2026-06-14 03:50:00,0.4693401230638659,0
10210,0643,3,2026-06-14 03:50:00,0.6120659169672537,0
10211,0656,3,2026-06-14 03:50:00,0.3688379659098946,0
10212,0078,3,2026-06-14 03:50:10,0.5542824810806988,0
10213,0343,3,2026-06-14 03:50:10,0.4693401230638659,0
10214,0643,3,2026-06-14 03:50:10,0.6120659169672537,0
10215,0656,3,2026-06-14 03:50:10,0.3688379659098946,0
10216,0078,3,2026-06-14 03:50:20,0.5542824810806988,0
10217,0343,3,2026-06-14 03:50:20,0.4693401230638659,0
10218,0643,3,2026-06-14 03:50:20,0.6120659169672537,0
10219,0656,3,2026-06-14 03:50:20,0.3688379659098946,0
10220,0078,3,2026-06-14 03:50:30,0.5542824810806988,0
10221,0343,3,2026-06-14 03:50:30,0.4693401230638659,0
10222,0643,3,2026-06-14 03:50:30,0.6120659169672537,0
10223,0656,3,2026-06-14 03:50:30,0.3688379659098946,0
10224,0643,3,2026-06-14 03:50:40,0.6120659169672537,0
10225,0643,3,2026-06-14 03:50:50,0.6120659169672537,0
10226,0643,3,2026-06-14 03:51:00,0.6120659169672537,1
10227,0292,3,2026-06-14 03:52:00,1.0000000000000000,0
10228,0292,3,2026-06-14 03:52:10,1.0000000000000000,0
10229,0749,3,2026-06-14 03:52:10,0.6883796590989462,0
10230,0292,3,2026-06-14 03:52:20,1.0000000000000000,0
10231,0749,3,2026-06-14 03:52:20,0.6883796590989462,0
10232,0292,3,2026-06-14 03:52:30,1.0000000000000000,0
10233,0749,3,2026-06-14 03:52:30,0.6883796590989462,0
10234,0219,3,2026-06-14 03:52:40,0.4693401230638659,0
10235,0292,3,2026-06-14 03:52:40,1.0000000000000000,0
10236,0641,3,2026-06-14 03:52:40,0.0599052266779829,0
10237,0749,3,2026-06-14 03:52:40,0.6883796590989462,0
10238,0219,3,2026-06-14 03:52:50,0.4693401230638659,0
10239,0231,3,2026-06-14 03:52:50,0.6883796590989462,0
10240,0292,3,2026-06-14 03:52:50,1.0000000000000000,0
10241,0641,3,2026-06-14 03:52:50,0.0599052266779829,0
10242,0749,3,2026-06-14 03:52:50,0.6883796590989462,1
10243,0800,3,2026-06-14 03:52:50,0.7926303133177736,0
10244,0914,3,2026-06-14 03:52:50,0.9304759884008770,0
10245,0219,3,2026-06-14 03:53:00,0.4693401230638659,1
10246,0231,3,2026-06-14 03:53:00,0.6883796590989462,0
10247,0292,3,2026-06-14 03:53:00,1.0000000000000000,0
10248,0641,3,2026-06-14 03:53:00,0.0599052266779829,0
10249,0749,3,2026-06-14 03:53:00,0.6883796590989462,0
10250,0800,3,2026-06-14 03:53:00,0.7926303133177736,0
10251,0914,3,2026-06-14 03:53:00,0.9304759884008770,0
10252,0219,3,2026-06-14 03:53:10,0.4693401230638659,0
10253,0231,3,2026-06-14 03:53:10,0.6883796590989462,0
10254,0292,3,2026-06-14 03:53:10,1.0000000000000000,0
10255,0354,3,2026-06-14 03:53:10,0.6120659169672537,0
10256,0641,3,2026-06-14 03:53:10,0.0599052266779829,1
10257,0749,3,2026-06-14 03:53:10,0.6883796590989462,0
10258,0800,3,2026-06-14 03:53:10,0.7926303133177736,0
10259,0914,3,2026-06-14 03:53:10,0.9304759884008770,0
10260,0219,3,2026-06-14 03:53:20,0.4693401230638659,0
10261,0231,3,2026-06-14 03:53:20,0.6883796590989462,0
10262,0292,3,2026-06-14 03:53:20,1.0000000000000000,0
10263,0354,3,2026-06-14 03:53:20,0.6120659169672537,0
10264,0641,3,2026-06-14 03:53:20,0.0599052266779829,0
10265,0749,3,2026-06-14 03:53:20,0.6883796590989462,0
10266,0800,3,2026-06-14 03:53:20,0.7926303133177736,0
10267,0914,3,2026-06-14 03:53:20,0.9304759884008770,0
10268,0219,3,2026-06-14 03:53:30,0.4693401230638659,0
10269,0231,3,2026-06-14 03:53:30,0.6883796590989462,0
10270,0285,3,2026-06-14 03:53:30,0.0599052266779829,0
10271,0292,3,2026-06-14 03:53:30,1.0000000000000000,0
10272,0354,3,2026-06-14 03:53:30,0.6120659169672537,0
10273,0641,3,2026-06-14 03:53:30,0.0599052266779829,0
10274,0749,3,2026-06-14 03:53:30,0.6883796590989462,0
10275,0800,3,2026-06-14 03:53:30,0.7926303133177736,0
10276,0914,3,2026-06-14 03:53:30,0.9304759884008770,0
10277,0219,3,2026-06-14 03:53:40,0.4693401230638659,0
10278,0231,3,2026-06-14 03:53:40,0.6883796590989462,0
10279,0285,3,2026-06-14 03:53:40,0.0599052266779829,0
10280,0292,3,2026-06-14 03:53:40,1.0000000000000000,0
10281,0354,3,2026-06-14 03:53:40,0.6120659169672537,0
10282,0641,3,2026-06-14 03:53:40,0.0599052266779829,0
10283,0749,3,2026-06-14 03:53:40,0.6883796590989462,0
10284,0800,3,2026-06-14 03:53:40,0.7926303133177736,0
10285,0914,3,2026-06-14 03:53:40,0.9304759884008770,0
10286,0219,3,2026-06-14 03:53:50,0.4693401230638659,0
10287,0231,3,2026-06-14 03:53:50,0.6883796590989462,0
10288,0285,3,2026-06-14 03:53:50,0.0599052266779829,0
10289,0292,3,2026-06-14 03:53:50,1.0000000000000000,0
10290,0354,3,2026-06-14 03:53:50,0.6120659169672537,0
10291,0641,3,2026-06-14 03:53:50,0.0599052266779829,0
10292,0749,3,2026-06-14 03:53:50,0.6883796590989462,0
10293,0800,3,2026-06-14 03:53:50,0.7926303133177736,0
10294,0870,3,2026-06-14 03:53:50,0.7926303133177736,0
10295,0914,3,2026-06-14 03:53:50,0.9304759884008770,0
10296,0219,3,2026-06-14 03:54:00,0.4693401230638659,0
10297,0231,3,2026-06-14 03:54:00,0.6883796590989462,0
10298,0285,3,2026-06-14 03:54:00,0.0599052266779829,0
10299,0354,3,2026-06-14 03:54:00,0.6120659169672537,0
10300,0641,3,2026-06-14 03:54:00,0.0599052266779829,0
10301,0749,3,2026-06-14 03:54:00,0.6883796590989462,0
10302,0800,3,2026-06-14 03:54:00,0.7926303133177736,0
10303,0870,3,2026-06-14 03:54:00,0.7926303133177736,0
10304,0914,3,2026-06-14 03:54:00,0.9304759884008770,0
10305,0219,3,2026-06-14 03:54:10,0.4693401230638659,0
10306,0231,3,2026-06-14 03:54:10,0.6883796590989462,0
10307,0285,3,2026-06-14 03:54:10,0.0599052266779829,0
10308,0354,3,2026-06-14 03:54:10,0.6120659169672537,0
10309,0800,3,2026-06-14 03:54:10,0.7926303133177736,0
10310,0870,3,2026-06-14 03:54:10,0.7926303133177736,0
10311,0914,3,2026-06-14 03:54:10,0.9304759884008770,0
10312,0219,3,2026-06-14 03:54:20,0.4693401230638659,0
10313,0231,3,2026-06-14 03:54:20,0.6883796590989462,0
10314,0285,3,2026-06-14 03:54:20,0.0599052266779829,0
10315,0354,3,2026-06-14 03:54:20,0.6120659169672537,0
10316,0800,3,2026-06-14 03:54:20,0.7926303133177736,0
10317,0870,3,2026-06-14 03:54:20,0.7926303133177736,0
10318,0914,3,2026-06-14 03:54:20,0.9304759884008770,1
10319,0231,3,2026-06-14 03:54:30,0.6883796590989462,0
10320,0285,3,2026-06-14 03:54:30,0.0599052266779829,0
10321,0354,3,2026-06-14 03:54:30,0.6120659169672537,0
10322,0800,3,2026-06-14 03:54:30,0.7926303133177736,0
10323,0870,3,2026-06-14 03:54:30,0.7926303133177736,0
10324,0914,3,2026-06-14 03:54:30,0.9304759884008770,0
10325,0285,3,2026-06-14 03:54:40,0.0599052266779829,1
10326,0354,3,2026-06-14 03:54:40,0.6120659169672537,0
10327,0870,3,2026-06-14 03:54:40,0.7926303133177736,0
10328,0914,3,2026-06-14 03:54:40,0.9304759884008770,0
10329,0285,3,2026-06-14 03:54:50,0.0599052266779829,0
10330,0354,3,2026-06-14 03:54:50,0.6120659169672537,0
10331,0870,3,2026-06-14 03:54:50,0.7926303133177736,0
10332,0354,3,2026-06-14 03:55:00,0.6120659169672537,0
10333,0870,3,2026-06-14 03:55:00,0.7926303133177736,0
10334,0870,3,2026-06-14 03:55:10,0.7926303133177736,0
10335,0870,3,2026-06-14 03:55:20,0.7926303133177736,0
10336,0870,3,2026-06-14 03:55:30,0.7926303133177736,0
10337,0342,3,2026-06-14 05:16:40,0.4693401230638659,0
10338,0342,3,2026-06-14 05:16:50,0.4693401230638659,0
10339,0342,3,2026-06-14 05:17:00,0.4693401230638659,0
10340,0342,3,2026-06-14 05:17:10,0.4693401230638659,0
10341,0342,3,2026-06-14 05:17:20,0.4693401230638659,0
10342,0342,3,2026-06-14 05:17:30,0.4693401230638659,0
10343,0469,3,2026-06-14 05:17:30,0.5542824810806988,0
10344,0577,3,2026-06-14 05:17:30,0.8562133107008982,0
10345,0328,3,2026-06-14 05:17:40,0.7926303133177736,0
10346,0342,3,2026-06-14 05:17:40,0.4693401230638659,0
10347,0469,3,2026-06-14 05:17:40,0.5542824810806988,0
10348,0507,3,2026-06-14 05:17:40,0.6120659169672537,0
10349,0577,3,2026-06-14 05:17:40,0.8562133107008982,0
10350,0328,3,2026-06-14 05:17:50,0.7926303133177736,0
10351,0342,3,2026-06-14 05:17:50,0.4693401230638659,0
10352,0469,3,2026-06-14 05:17:50,0.5542824810806988,0
10353,0507,3,2026-06-14 05:17:50,0.6120659169672537,1
10354,0577,3,2026-06-14 05:17:50,0.8562133107008982,0
10355,0328,3,2026-06-14 05:18:00,0.7926303133177736,0
10356,0342,3,2026-06-14 05:18:00,0.4693401230638659,0
10357,0469,3,2026-06-14 05:18:00,0.5542824810806988,0
10358,0507,3,2026-06-14 05:18:00,0.6120659169672537,0
10359,0577,3,2026-06-14 05:18:00,0.8562133107008982,0
10360,0328,3,2026-06-14 05:18:10,0.7926303133177736,0
10361,0342,3,2026-06-14 05:18:10,0.4693401230638659,0
10362,0507,3,2026-06-14 05:18:10,0.6120659169672537,0
10363,0577,3,2026-06-14 05:18:10,0.8562133107008982,0
10364,0328,3,2026-06-14 05:18:20,0.7926303133177736,0
10365,0342,3,2026-06-14 05:18:20,0.4693401230638659,0
10366,0507,3,2026-06-14 05:18:20,0.6120659169672537,0
10367,0577,3,2026-06-14 05:18:20,0.8562133107008982,0
10368,0328,3,2026-06-14 05:18:30,0.7926303133177736,0
10369,0342,3,2026-06-14 05:18:30,0.4693401230638659,0
10370,0507,3,2026-06-14 05:18:30,0.6120659169672537,0
10371,0577,3,2026-06-14 05:18:30,0.8562133107008982,1
10372,0328,3,2026-06-14 05:18:40,0.7926303133177736,0
10373,0507,3,2026-06-14 05:18:40,0.6120659169672537,0
10374,0577,3,2026-06-14 05:18:40,0.8562133107008982,0
10375,0328,3,2026-06-14 05:18:50,0.7926303133177736,0
10376,0507,3,2026-06-14 05:18:50,0.6120659169672537,0
10377,0577,3,2026-06-14 05:18:50,0.8562133107008982,0
10378,0328,3,2026-06-14 05:19:00,0.7926303133177736,0
10379,0507,3,2026-06-14 05:19:00,0.6120659169672537,0
10380,0577,3,2026-06-14 05:19:00,0.8562133107008982,0
10381,0328,3,2026-06-14 05:19:10,0.7926303133177736,0
10382,0507,3,2026-06-14 05:19:10,0.6120659169672537,0
10383,0328,3,2026-06-14 05:19:20,0.7926303133177736,0
10384,0507,3,2026-06-14 05:19:20,0.6120659169672537,0
10385,0701,3,2026-06-14 05:20:50,0.8562133107008982,1
10386,0701,3,2026-06-14 05:21:00,0.8562133107008982,0
10387,0701,3,2026-06-14 05:21:10,0.8562133107008982,0
10388,0701,3,2026-06-14 05:21:20,0.8562133107008982,0
10389,0701,3,2026-06-14 05:21:30,0.8562133107008982,0
10390,0701,3,2026-06-14 05:21:40,0.8562133107008982,0
10391,0761,3,2026-06-14 05:21:40,0.3688379659098946,0
10392,0701,3,2026-06-14 05:21:50,0.8562133107008982,0
10393,0761,3,2026-06-14 05:21:50,0.3688379659098946,0
10394,0701,3,2026-06-14 05:22:00,0.8562133107008982,0
10395,0761,3,2026-06-14 05:22:00,0.3688379659098946,0
10396,0701,3,2026-06-14 05:22:10,0.8562133107008982,0
10397,0761,3,2026-06-14 05:22:10,0.3688379659098946,0
10398,0701,3,2026-06-14 05:22:20,0.8562133107008982,0
10399,0761,3,2026-06-14 05:22:20,0.3688379659098946,0
10400,0701,3,2026-06-14 05:22:30,0.8562133107008982,0
10401,0761,3,2026-06-14 05:22:30,0.3688379659098946,0
10402,0865,3,2026-06-14 05:22:30,0.8562133107008982,0
10403,0701,3,2026-06-14 05:22:40,0.8562133107008982,0
10404,0761,3,2026-06-14 05:22:40,0.3688379659098946,0
10405,0865,3,2026-06-14 05:22:40,0.8562133107008982,0
10406,0865,3,2026-06-14 05:22:50,0.8562133107008982,0
10407,0865,3,2026-06-14 05:23:00,0.8562133107008982,0
10408,0865,3,2026-06-14 05:23:10,0.8562133107008982,0
10409,0865,3,2026-06-14 05:23:20,0.8562133107008982,0
10410,0865,3,2026-06-14 05:23:30,0.8562133107008982,0
10411,0865,3,2026-06-14 05:23:40,0.8562133107008982,0
10412,1000,3,2026-06-14 05:24:50,0.2745597284107787,0
10413,0115,3,2026-06-14 05:25:00,0.1182544734422519,0
10414,0470,3,2026-06-14 05:25:00,0.1819789235448052,0
10415,0737,3,2026-06-14 05:25:00,0.8562133107008982,0
10416,1000,3,2026-06-14 05:25:00,0.2745597284107787,0
10417,0115,3,2026-06-14 05:25:10,0.1182544734422519,0
10418,0148,3,2026-06-14 05:25:10,0.8562133107008982,0
10419,0470,3,2026-06-14 05:25:10,0.1819789235448052,1
10420,0472,3,2026-06-14 05:25:10,0.7926303133177736,0
10421,0737,3,2026-06-14 05:25:10,0.8562133107008982,0
10422,1000,3,2026-06-14 05:25:10,0.2745597284107787,0
10423,0115,3,2026-06-14 05:25:20,0.1182544734422519,0
10424,0148,3,2026-06-14 05:25:20,0.8562133107008982,0
10425,0206,3,2026-06-14 05:25:20,0.8562133107008982,0
10426,0470,3,2026-06-14 05:25:20,0.1819789235448052,0
10427,0472,3,2026-06-14 05:25:20,0.7926303133177736,0
10428,0647,3,2026-06-14 05:25:20,0.7926303133177736,0
10429,0737,3,2026-06-14 05:25:20,0.8562133107008982,0
10430,1000,3,2026-06-14 05:25:20,0.2745597284107787,0
10431,0110,3,2026-06-14 05:25:30,0.3688379659098946,1
10432,0115,3,2026-06-14 05:25:30,0.1182544734422519,0
10433,0148,3,2026-06-14 05:25:30,0.8562133107008982,0
10434,0206,3,2026-06-14 05:25:30,0.8562133107008982,0
10435,0470,3,2026-06-14 05:25:30,0.1819789235448052,0
10436,0472,3,2026-06-14 05:25:30,0.7926303133177736,0
10437,0647,3,2026-06-14 05:25:30,0.7926303133177736,0
10438,0737,3,2026-06-14 05:25:30,0.8562133107008982,0
10439,1000,3,2026-06-14 05:25:30,0.2745597284107787,0
10440,0110,3,2026-06-14 05:25:40,0.3688379659098946,0
10441,0115,3,2026-06-14 05:25:40,0.1182544734422519,0
10442,0148,3,2026-06-14 05:25:40,0.8562133107008982,0
10443,0206,3,2026-06-14 05:25:40,0.8562133107008982,1
10444,0470,3,2026-06-14 05:25:40,0.1819789235448052,0
10445,0472,3,2026-06-14 05:25:40,0.7926303133177736,0
10446,0647,3,2026-06-14 05:25:40,0.7926303133177736,0
10447,0737,3,2026-06-14 05:25:40,0.8562133107008982,0
10448,1000,3,2026-06-14 05:25:40,0.2745597284107787,0
10449,0110,3,2026-06-14 05:25:50,0.3688379659098946,0
10450,0115,3,2026-06-14 05:25:50,0.1182544734422519,1
10451,0148,3,2026-06-14 05:25:50,0.8562133107008982,0
10452,0206,3,2026-06-14 05:25:50,0.8562133107008982,0
10453,0470,3,2026-06-14 05:25:50,0.1819789235448052,0
10454,0647,3,2026-06-14 05:25:50,0.7926303133177736,0
10455,0737,3,2026-06-14 05:25:50,0.8562133107008982,0
10456,1000,3,2026-06-14 05:25:50,0.2745597284107787,0
10457,0110,3,2026-06-14 05:26:00,0.3688379659098946,0
10458,0115,3,2026-06-14 05:26:00,0.1182544734422519,0
10459,0148,3,2026-06-14 05:26:00,0.8562133107008982,0
10460,0206,3,2026-06-14 05:26:00,0.8562133107008982,0
10461,0470,3,2026-06-14 05:26:00,0.1819789235448052,0
10462,0488,3,2026-06-14 05:26:00,0.9304759884008770,0
10463,0647,3,2026-06-14 05:26:00,0.7926303133177736,0
10464,0737,3,2026-06-14 05:26:00,0.8562133107008982,0
10465,1000,3,2026-06-14 05:26:00,0.2745597284107787,0
10466,0110,3,2026-06-14 05:26:10,0.3688379659098946,0
10467,0115,3,2026-06-14 05:26:10,0.1182544734422519,0
10468,0148,3,2026-06-14 05:26:10,0.8562133107008982,0
10469,0206,3,2026-06-14 05:26:10,0.8562133107008982,0
10470,0470,3,2026-06-14 05:26:10,0.1819789235448052,0
10471,0488,3,2026-06-14 05:26:10,0.9304759884008770,1
10472,0647,3,2026-06-14 05:26:10,0.7926303133177736,0
10473,0737,3,2026-06-14 05:26:10,0.8562133107008982,0
10474,0110,3,2026-06-14 05:26:20,0.3688379659098946,0
10475,0115,3,2026-06-14 05:26:20,0.1182544734422519,0
10476,0148,3,2026-06-14 05:26:20,0.8562133107008982,0
10477,0206,3,2026-06-14 05:26:20,0.8562133107008982,0
10478,0470,3,2026-06-14 05:26:20,0.1819789235448052,0
10479,0488,3,2026-06-14 05:26:20,0.9304759884008770,0
10480,0647,3,2026-06-14 05:26:20,0.7926303133177736,0
10481,0824,3,2026-06-14 05:26:20,1.0000000000000000,0
10482,0110,3,2026-06-14 05:26:30,0.3688379659098946,0
10483,0115,3,2026-06-14 05:26:30,0.1182544734422519,0
10484,0148,3,2026-06-14 05:26:30,0.8562133107008982,0
10485,0206,3,2026-06-14 05:26:30,0.8562133107008982,0
10486,0470,3,2026-06-14 05:26:30,0.1819789235448052,0
10487,0488,3,2026-06-14 05:26:30,0.9304759884008770,0
10488,0647,3,2026-06-14 05:26:30,0.7926303133177736,0
10489,0824,3,2026-06-14 05:26:30,1.0000000000000000,0
10490,0855,3,2026-06-14 05:26:30,0.7926303133177736,0
10491,0110,3,2026-06-14 05:26:40,0.3688379659098946,1
10492,0115,3,2026-06-14 05:26:40,0.1182544734422519,0
10493,0148,3,2026-06-14 05:26:40,0.8562133107008982,0
10494,0206,3,2026-06-14 05:26:40,0.8562133107008982,0
10495,0470,3,2026-06-14 05:26:40,0.1819789235448052,0
10496,0488,3,2026-06-14 05:26:40,0.9304759884008770,0
10497,0647,3,2026-06-14 05:26:40,0.7926303133177736,0
10498,0824,3,2026-06-14 05:26:40,1.0000000000000000,0
10499,0855,3,2026-06-14 05:26:40,0.7926303133177736,0
10500,0110,3,2026-06-14 05:26:50,0.3688379659098946,0
10501,0206,3,2026-06-14 05:26:50,0.8562133107008982,0
10502,0488,3,2026-06-14 05:26:50,0.9304759884008770,0
10503,0647,3,2026-06-14 05:26:50,0.7926303133177736,0
10504,0824,3,2026-06-14 05:26:50,1.0000000000000000,0
10505,0855,3,2026-06-14 05:26:50,0.7926303133177736,0
10506,0206,3,2026-06-14 05:27:00,0.8562133107008982,0
10507,0488,3,2026-06-14 05:27:00,0.9304759884008770,0
10508,0824,3,2026-06-14 05:27:00,1.0000000000000000,1
10509,0855,3,2026-06-14 05:27:00,0.7926303133177736,0
10510,0488,3,2026-06-14 05:27:10,0.9304759884008770,0
10511,0824,3,2026-06-14 05:27:10,1.0000000000000000,0
10512,0855,3,2026-06-14 05:27:10,0.7926303133177736,0
10513,0931,3,2026-06-14 05:27:10,0.9304759884008770,0
10514,0488,3,2026-06-14 05:27:20,0.9304759884008770,0
10515,0824,3,2026-06-14 05:27:20,1.0000000000000000,0
10516,0855,3,2026-06-14 05:27:20,0.7926303133177736,0
10517,0931,3,2026-06-14 05:27:20,0.9304759884008770,0
10518,0488,3,2026-06-14 05:27:30,0.9304759884008770,0
10519,0779,3,2026-06-14 05:27:30,1.0000000000000000,0
10520,0814,3,2026-06-14 05:27:30,0.1819789235448052,0
10521,0824,3,2026-06-14 05:27:30,1.0000000000000000,0
10522,0855,3,2026-06-14 05:27:30,0.7926303133177736,0
10523,0931,3,2026-06-14 05:27:30,0.9304759884008770,0
10524,0950,3,2026-06-14 05:27:30,0.1182544734422519,1
10525,0488,3,2026-06-14 05:27:40,0.9304759884008770,0
10526,0746,3,2026-06-14 05:27:40,0.2745597284107787,0
10527,0779,3,2026-06-14 05:27:40,1.0000000000000000,0
10528,0814,3,2026-06-14 05:27:40,0.1819789235448052,0
10529,0824,3,2026-06-14 05:27:40,1.0000000000000000,0
10530,0931,3,2026-06-14 05:27:40,0.9304759884008770,0
10531,0950,3,2026-06-14 05:27:40,0.1182544734422519,0
10532,0488,3,2026-06-14 05:27:50,0.9304759884008770,0
10533,0746,3,2026-06-14 05:27:50,0.2745597284107787,0
10534,0779,3,2026-06-14 05:27:50,1.0000000000000000,0
10535,0814,3,2026-06-14 05:27:50,0.1819789235448052,0
10536,0931,3,2026-06-14 05:27:50,0.9304759884008770,0
10537,0950,3,2026-06-14 05:27:50,0.1182544734422519,0
10538,0346,3,2026-06-14 05:28:00,0.1819789235448052,0
10539,0746,3,2026-06-14 05:28:00,0.2745597284107787,0
10540,0779,3,2026-06-14 05:28:00,1.0000000000000000,0
10541,0814,3,2026-06-14 05:28:00,0.1819789235448052,0
10542,0931,3,2026-06-14 05:28:00,0.9304759884008770,0
10543,0950,3,2026-06-14 05:28:00,0.1182544734422519,0
10544,0346,3,2026-06-14 05:28:10,0.1819789235448052,1
10545,0746,3,2026-06-14 05:28:10,0.2745597284107787,0
10546,0779,3,2026-06-14 05:28:10,1.0000000000000000,0
10547,0814,3,2026-06-14 05:28:10,0.1819789235448052,0
10548,0931,3,2026-06-14 05:28:10,0.9304759884008770,0
10549,0950,3,2026-06-14 05:28:10,0.1182544734422519,0
10550,0346,3,2026-06-14 05:28:20,0.1819789235448052,0
10551,0746,3,2026-06-14 05:28:20,0.2745597284107787,0
10552,0779,3,2026-06-14 05:28:20,1.0000000000000000,0
10553,0814,3,2026-06-14 05:28:20,0.1819789235448052,0
10554,0931,3,2026-06-14 05:28:20,0.9304759884008770,0
10555,0950,3,2026-06-14 05:28:20,0.1182544734422519,0
10556,0346,3,2026-06-14 05:28:30,0.1819789235448052,0
10557,0746,3,2026-06-14 05:28:30,0.2745597284107787,1
10558,0779,3,2026-06-14 05:28:30,1.0000000000000000,0
10559,0814,3,2026-06-14 05:28:30,0.1819789235448052,0
10560,0850,3,2026-06-14 05:28:30,0.1182544734422519,0
10561,0931,3,2026-06-14 05:28:30,0.9304759884008770,0
10562,0950,3,2026-06-14 05:28:30,0.1182544734422519,0
10563,0746,3,2026-06-14 05:28:40,0.2745597284107787,0
10564,0779,3,2026-06-14 05:28:40,1.0000000000000000,0
10565,0814,3,2026-06-14 05:28:40,0.1819789235448052,0
10566,0850,3,2026-06-14 05:28:40,0.1182544734422519,0
10567,0931,3,2026-06-14 05:28:40,0.9304759884008770,0
10568,0950,3,2026-06-14 05:28:40,0.1182544734422519,0
10569,0122,3,2026-06-14 05:28:50,0.1819789235448052,0
10570,0408,3,2026-06-14 05:28:50,0.4693401230638659,0
10571,0443,3,2026-06-14 05:28:50,0.3688379659098946,0
10572,0746,3,2026-06-14 05:28:50,0.2745597284107787,0
10573,0779,3,2026-06-14 05:28:50,1.0000000000000000,0
10574,0814,3,2026-06-14 05:28:50,0.1819789235448052,0
10575,0850,3,2026-06-14 05:28:50,0.1182544734422519,0
10576,0931,3,2026-06-14 05:28:50,0.9304759884008770,0
10577,0950,3,2026-06-14 05:28:50,0.1182544734422519,0
10578,0991,3,2026-06-14 05:28:50,0.8562133107008982,0
10579,0122,3,2026-06-14 05:29:00,0.1819789235448052,0
10580,0408,3,2026-06-14 05:29:00,0.4693401230638659,0
10581,0443,3,2026-06-14 05:29:00,0.3688379659098946,0
10582,0447,3,2026-06-14 05:29:00,0.6883796590989462,0
10583,0746,3,2026-06-14 05:29:00,0.2745597284107787,0
10584,0779,3,2026-06-14 05:29:00,1.0000000000000000,0
10585,0814,3,2026-06-14 05:29:00,0.1819789235448052,0
10586,0850,3,2026-06-14 05:29:00,0.1182544734422519,0
10587,0911,3,2026-06-14 05:29:00,0.2745597284107787,0
10588,0943,3,2026-06-14 05:29:00,0.1182544734422519,1
10589,0950,3,2026-06-14 05:29:00,0.1182544734422519,0
10590,0991,3,2026-06-14 05:29:00,0.8562133107008982,0
10591,0122,3,2026-06-14 05:29:10,0.1819789235448052,0
10592,0408,3,2026-06-14 05:29:10,0.4693401230638659,0
10593,0443,3,2026-06-14 05:29:10,0.3688379659098946,0
10594,0447,3,2026-06-14 05:29:10,0.6883796590989462,0
10595,0746,3,2026-06-14 05:29:10,0.2745597284107787,0
10596,0779,3,2026-06-14 05:29:10,1.0000000000000000,0
10597,0814,3,2026-06-14 05:29:10,0.1819789235448052,0
10598,0850,3,2026-06-14 05:29:10,0.1182544734422519,0
10599,0911,3,2026-06-14 05:29:10,0.2745597284107787,0
10600,0943,3,2026-06-14 05:29:10,0.1182544734422519,0
10601,0950,3,2026-06-14 05:29:10,0.1182544734422519,0
10602,0991,3,2026-06-14 05:29:10,0.8562133107008982,0
10603,0122,3,2026-06-14 05:29:20,0.1819789235448052,0
10604,0408,3,2026-06-14 05:29:20,0.4693401230638659,0
10605,0443,3,2026-06-14 05:29:20,0.3688379659098946,0
10606,0447,3,2026-06-14 05:29:20,0.6883796590989462,0
10607,0746,3,2026-06-14 05:29:20,0.2745597284107787,0
10608,0779,3,2026-06-14 05:29:20,1.0000000000000000,0
10609,0814,3,2026-06-14 05:29:20,0.1819789235448052,0
10610,0850,3,2026-06-14 05:29:20,0.1182544734422519,0
10611,0911,3,2026-06-14 05:29:20,0.2745597284107787,0
10612,0926,3,2026-06-14 05:29:20,0.2745597284107787,0
10613,0943,3,2026-06-14 05:29:20,0.1182544734422519,0
10614,0950,3,2026-06-14 05:29:20,0.1182544734422519,0
10615,0991,3,2026-06-14 05:29:20,0.8562133107008982,0
10616,0097,3,2026-06-14 05:29:30,0.9304759884008770,0
10617,0122,3,2026-06-14 05:29:30,0.1819789235448052,0
10618,0249,3,2026-06-14 05:29:30,0.7926303133177736,0
10619,0408,3,2026-06-14 05:29:30,0.4693401230638659,0
10620,0443,3,2026-06-14 05:29:30,0.3688379659098946,0
10621,0447,3,2026-06-14 05:29:30,0.6883796590989462,1
10622,0630,3,2026-06-14 05:29:30,0.8562133107008982,0
10623,0850,3,2026-06-14 05:29:30,0.1182544734422519,0
10624,0894,3,2026-06-14 05:29:30,0.3688379659098946,0
10625,0911,3,2026-06-14 05:29:30,0.2745597284107787,0
10626,0926,3,2026-06-14 05:29:30,0.2745597284107787,0
10627,0943,3,2026-06-14 05:29:30,0.1182544734422519,0
10628,0991,3,2026-06-14 05:29:30,0.8562133107008982,0
10629,0097,3,2026-06-14 05:29:40,0.9304759884008770,0
10630,0249,3,2026-06-14 05:29:40,0.7926303133177736,0
10631,0408,3,2026-06-14 05:29:40,0.4693401230638659,0
10632,0443,3,2026-06-14 05:29:40,0.3688379659098946,0
10633,0447,3,2026-06-14 05:29:40,0.6883796590989462,0
10634,0630,3,2026-06-14 05:29:40,0.8562133107008982,0
10635,0850,3,2026-06-14 05:29:40,0.1182544734422519,0
10636,0894,3,2026-06-14 05:29:40,0.3688379659098946,0
10637,0911,3,2026-06-14 05:29:40,0.2745597284107787,0
10638,0926,3,2026-06-14 05:29:40,0.2745597284107787,0
10639,0943,3,2026-06-14 05:29:40,0.1182544734422519,0
10640,0991,3,2026-06-14 05:29:40,0.8562133107008982,0
10641,0097,3,2026-06-14 05:29:50,0.9304759884008770,0
10642,0249,3,2026-06-14 05:29:50,0.7926303133177736,0
10643,0408,3,2026-06-14 05:29:50,0.4693401230638659,0
10644,0443,3,2026-06-14 05:29:50,0.3688379659098946,0
10645,0447,3,2026-06-14 05:29:50,0.6883796590989462,0
10646,0630,3,2026-06-14 05:29:50,0.8562133107008982,0
10647,0850,3,2026-06-14 05:29:50,0.1182544734422519,1
10648,0894,3,2026-06-14 05:29:50,0.3688379659098946,0
10649,0911,3,2026-06-14 05:29:50,0.2745597284107787,0
10650,0926,3,2026-06-14 05:29:50,0.2745597284107787,0
10651,0943,3,2026-06-14 05:29:50,0.1182544734422519,0
10652,0991,3,2026-06-14 05:29:50,0.8562133107008982,0
10653,0097,3,2026-06-14 05:30:00,0.9304759884008770,0
10654,0249,3,2026-06-14 05:30:00,0.7926303133177736,0
10655,0408,3,2026-06-14 05:30:00,0.4693401230638659,0
10656,0443,3,2026-06-14 05:30:00,0.3688379659098946,0
10657,0447,3,2026-06-14 05:30:00,0.6883796590989462,0
10658,0521,3,2026-06-14 05:30:00,0.4693401230638659,0
10659,0630,3,2026-06-14 05:30:00,0.8562133107008982,0
10660,0642,3,2026-06-14 05:30:00,0.3688379659098946,0
10661,0850,3,2026-06-14 05:30:00,0.1182544734422519,0
10662,0894,3,2026-06-14 05:30:00,0.3688379659098946,0
10663,0911,3,2026-06-14 05:30:00,0.2745597284107787,0
10664,0926,3,2026-06-14 05:30:00,0.2745597284107787,0
10665,0943,3,2026-06-14 05:30:00,0.1182544734422519,0
10666,0991,3,2026-06-14 05:30:00,0.8562133107008982,0
10667,0097,3,2026-06-14 05:30:10,0.9304759884008770,0
10668,0249,3,2026-06-14 05:30:10,0.7926303133177736,0
10669,0408,3,2026-06-14 05:30:10,0.4693401230638659,0
10670,0443,3,2026-06-14 05:30:10,0.3688379659098946,0
10671,0447,3,2026-06-14 05:30:10,0.6883796590989462,0
10672,0521,3,2026-06-14 05:30:10,0.4693401230638659,0
10673,0602,3,2026-06-14 05:30:10,0.1819789235448052,0
10674,0630,3,2026-06-14 05:30:10,0.8562133107008982,0
10675,0642,3,2026-06-14 05:30:10,0.3688379659098946,0
10676,0850,3,2026-06-14 05:30:10,0.1182544734422519,0
10677,0894,3,2026-06-14 05:30:10,0.3688379659098946,0
10678,0911,3,2026-06-14 05:30:10,0.2745597284107787,0
10679,0926,3,2026-06-14 05:30:10,0.2745597284107787,0
10680,0943,3,2026-06-14 05:30:10,0.1182544734422519,0
10681,0991,3,2026-06-14 05:30:10,0.8562133107008982,0
10682,0097,3,2026-06-14 05:30:20,0.9304759884008770,0
10683,0249,3,2026-06-14 05:30:20,0.7926303133177736,0
10684,0408,3,2026-06-14 05:30:20,0.4693401230638659,0
10685,0443,3,2026-06-14 05:30:20,0.3688379659098946,0
10686,0447,3,2026-06-14 05:30:20,0.6883796590989462,0
10687,0521,3,2026-06-14 05:30:20,0.4693401230638659,0
10688,0602,3,2026-06-14 05:30:20,0.1819789235448052,1
10689,0630,3,2026-06-14 05:30:20,0.8562133107008982,0
10690,0642,3,2026-06-14 05:30:20,0.3688379659098946,0
10691,0894,3,2026-06-14 05:30:20,0.3688379659098946,0
10692,0911,3,2026-06-14 05:30:20,0.2745597284107787,0
10693,0926,3,2026-06-14 05:30:20,0.2745597284107787,0
10694,0943,3,2026-06-14 05:30:20,0.1182544734422519,0
10695,0991,3,2026-06-14 05:30:20,0.8562133107008982,0
10696,0097,3,2026-06-14 05:30:30,0.9304759884008770,0
10697,0249,3,2026-06-14 05:30:30,0.7926303133177736,0
10698,0443,3,2026-06-14 05:30:30,0.3688379659098946,0
10699,0521,3,2026-06-14 05:30:30,0.4693401230638659,0
10700,0602,3,2026-06-14 05:30:30,0.1819789235448052,0
10701,0630,3,2026-06-14 05:30:30,0.8562133107008982,0
10702,0642,3,2026-06-14 05:30:30,0.3688379659098946,0
10703,0894,3,2026-06-14 05:30:30,0.3688379659098946,0
10704,0911,3,2026-06-14 05:30:30,0.2745597284107787,0
10705,0926,3,2026-06-14 05:30:30,0.2745597284107787,0
10706,0943,3,2026-06-14 05:30:30,0.1182544734422519,0
10707,0991,3,2026-06-14 05:30:30,0.8562133107008982,0
10708,0097,3,2026-06-14 05:30:40,0.9304759884008770,1
10709,0249,3,2026-06-14 05:30:40,0.7926303133177736,0
10710,0443,3,2026-06-14 05:30:40,0.3688379659098946,0
10711,0521,3,2026-06-14 05:30:40,0.4693401230638659,0
10712,0602,3,2026-06-14 05:30:40,0.1819789235448052,0
10713,0630,3,2026-06-14 05:30:40,0.8562133107008982,0
10714,0642,3,2026-06-14 05:30:40,0.3688379659098946,0
10715,0894,3,2026-06-14 05:30:40,0.3688379659098946,0
10716,0911,3,2026-06-14 05:30:40,0.2745597284107787,0
10717,0926,3,2026-06-14 05:30:40,0.2745597284107787,0
10718,0943,3,2026-06-14 05:30:40,0.1182544734422519,0
10719,0991,3,2026-06-14 05:30:40,0.8562133107008982,0
10720,0097,3,2026-06-14 05:30:50,0.9304759884008770,0
10721,0249,3,2026-06-14 05:30:50,0.7926303133177736,0
10722,0521,3,2026-06-14 05:30:50,0.4693401230638659,1
10723,0630,3,2026-06-14 05:30:50,0.8562133107008982,0
10724,0642,3,2026-06-14 05:30:50,0.3688379659098946,0
10725,0894,3,2026-06-14 05:30:50,0.3688379659098946,0
10726,0926,3,2026-06-14 05:30:50,0.2745597284107787,0
10727,0943,3,2026-06-14 05:30:50,0.1182544734422519,0
10728,0097,3,2026-06-14 05:31:00,0.9304759884008770,0
10729,0249,3,2026-06-14 05:31:00,0.7926303133177736,0
10730,0521,3,2026-06-14 05:31:00,0.4693401230638659,0
10731,0630,3,2026-06-14 05:31:00,0.8562133107008982,0
10732,0642,3,2026-06-14 05:31:00,0.3688379659098946,1
10733,0926,3,2026-06-14 05:31:00,0.2745597284107787,0
10734,0249,3,2026-06-14 05:31:10,0.7926303133177736,0
10735,0521,3,2026-06-14 05:31:10,0.4693401230638659,0
10736,0630,3,2026-06-14 05:31:10,0.8562133107008982,0
10737,0642,3,2026-06-14 05:31:10,0.3688379659098946,0
10738,0521,3,2026-06-14 05:31:20,0.4693401230638659,0
10739,0630,3,2026-06-14 05:31:20,0.8562133107008982,0
10740,0642,3,2026-06-14 05:31:20,0.3688379659098946,0
10741,0521,3,2026-06-14 05:31:30,0.4693401230638659,0
10742,0642,3,2026-06-14 05:31:30,0.3688379659098946,0
10743,0642,3,2026-06-14 05:31:40,0.3688379659098946,0
10744,0642,3,2026-06-14 05:31:50,0.3688379659098946,0
10745,0666,3,2026-06-14 06:56:00,0.5542824810806988,0
10746,0666,3,2026-06-14 06:56:10,0.5542824810806988,0
10747,0666,3,2026-06-14 06:56:20,0.5542824810806988,0
10748,0236,3,2026-06-14 06:56:30,0.8562133107008982,0
10749,0666,3,2026-06-14 06:56:30,0.5542824810806988,0
10750,0236,3,2026-06-14 06:56:40,0.8562133107008982,0
10751,0666,3,2026-06-14 06:56:40,0.5542824810806988,0
10752,0236,3,2026-06-14 06:56:50,0.8562133107008982,0
10753,0666,3,2026-06-14 06:56:50,0.5542824810806988,0
10754,0236,3,2026-06-14 06:57:00,0.8562133107008982,0
10755,0236,3,2026-06-14 06:57:10,0.8562133107008982,0
10756,0236,3,2026-06-14 06:57:20,0.8562133107008982,0
10757,0236,3,2026-06-14 06:57:30,0.8562133107008982,0
10758,0303,3,2026-06-14 06:57:40,0.7926303133177736,0
10759,0303,3,2026-06-14 06:57:50,0.7926303133177736,0
10760,0303,3,2026-06-14 06:58:00,0.7926303133177736,0
10761,0303,3,2026-06-14 06:58:10,0.7926303133177736,0
10762,0303,3,2026-06-14 06:58:20,0.7926303133177736,0
10763,0978,3,2026-06-14 06:58:20,0.6120659169672537,0
10764,0303,3,2026-06-14 06:58:30,0.7926303133177736,1
10765,0978,3,2026-06-14 06:58:30,0.6120659169672537,0
10766,0978,3,2026-06-14 06:58:40,0.6120659169672537,0
10767,0339,3,2026-06-14 07:00:50,0.7926303133177736,0
10768,0339,3,2026-06-14 07:01:00,0.7926303133177736,0
10769,0529,3,2026-06-14 07:01:00,0.7926303133177736,0
10770,0339,3,2026-06-14 07:01:10,0.7926303133177736,0
10771,0529,3,2026-06-14 07:01:10,0.7926303133177736,0
10772,0339,3,2026-06-14 07:01:20,0.7926303133177736,0
10773,0529,3,2026-06-14 07:01:20,0.7926303133177736,0
10774,0339,3,2026-06-14 07:01:30,0.7926303133177736,0
10775,0529,3,2026-06-14 07:01:30,0.7926303133177736,0
10776,0787,3,2026-06-14 07:01:30,0.8562133107008982,0
10777,0339,3,2026-06-14 07:01:40,0.7926303133177736,0
10778,0529,3,2026-06-14 07:01:40,0.7926303133177736,0
10779,0772,3,2026-06-14 07:01:40,0.1182544734422519,0
10780,0787,3,2026-06-14 07:01:40,0.8562133107008982,0
10781,0339,3,2026-06-14 07:01:50,0.7926303133177736,0
10782,0529,3,2026-06-14 07:01:50,0.7926303133177736,1
10783,0772,3,2026-06-14 07:01:50,0.1182544734422519,0
10784,0787,3,2026-06-14 07:01:50,0.8562133107008982,0
10785,0339,3,2026-06-14 07:02:00,0.7926303133177736,0
10786,0529,3,2026-06-14 07:02:00,0.7926303133177736,0
10787,0772,3,2026-06-14 07:02:00,0.1182544734422519,0
10788,0787,3,2026-06-14 07:02:00,0.8562133107008982,0
10789,0339,3,2026-06-14 07:02:10,0.7926303133177736,0
10790,0529,3,2026-06-14 07:02:10,0.7926303133177736,0
10791,0772,3,2026-06-14 07:02:10,0.1182544734422519,0
10792,0787,3,2026-06-14 07:02:10,0.8562133107008982,0
10793,0529,3,2026-06-14 07:02:20,0.7926303133177736,0
10794,0772,3,2026-06-14 07:02:20,0.1182544734422519,0
10795,0787,3,2026-06-14 07:02:20,0.8562133107008982,0
10796,0529,3,2026-06-14 07:02:30,0.7926303133177736,0
10797,0772,3,2026-06-14 07:02:30,0.1182544734422519,0
10798,0787,3,2026-06-14 07:02:30,0.8562133107008982,1
10799,0529,3,2026-06-14 07:02:40,0.7926303133177736,0
10800,0787,3,2026-06-14 07:02:40,0.8562133107008982,0
10801,0529,3,2026-06-14 07:02:50,0.7926303133177736,0
10802,0787,3,2026-06-14 07:02:50,0.8562133107008982,0
10803,0787,3,2026-06-14 07:03:00,0.8562133107008982,0
10804,0594,3,2026-06-14 07:03:40,0.7926303133177736,0
10805,0594,3,2026-06-14 07:03:50,0.7926303133177736,0
10806,0133,3,2026-06-14 07:04:00,0.6883796590989462,0
10807,0594,3,2026-06-14 07:04:00,0.7926303133177736,0
10808,0133,3,2026-06-14 07:04:10,0.6883796590989462,0
10809,0422,3,2026-06-14 07:04:10,1.0000000000000000,0
10810,0594,3,2026-06-14 07:04:10,0.7926303133177736,0
10811,0670,3,2026-06-14 07:04:10,0.7926303133177736,0
10812,0133,3,2026-06-14 07:04:20,0.6883796590989462,0
10813,0594,3,2026-06-14 07:04:20,0.7926303133177736,0
10814,0670,3,2026-06-14 07:04:20,0.7926303133177736,0
10815,0714,3,2026-06-14 07:04:20,0.7926303133177736,0
10816,0133,3,2026-06-14 07:04:30,0.6883796590989462,0
10817,0201,3,2026-06-14 07:04:30,0.4693401230638659,0
10818,0594,3,2026-06-14 07:04:30,0.7926303133177736,0
10819,0670,3,2026-06-14 07:04:30,0.7926303133177736,0
10820,0714,3,2026-06-14 07:04:30,0.7926303133177736,0
10821,0133,3,2026-06-14 07:04:40,0.6883796590989462,0
10822,0201,3,2026-06-14 07:04:40,0.4693401230638659,0
10823,0594,3,2026-06-14 07:04:40,0.7926303133177736,1
10824,0670,3,2026-06-14 07:04:40,0.7926303133177736,0
10825,0714,3,2026-06-14 07:04:40,0.7926303133177736,0
10826,0133,3,2026-06-14 07:04:50,0.6883796590989462,0
10827,0201,3,2026-06-14 07:04:50,0.4693401230638659,0
10828,0594,3,2026-06-14 07:04:50,0.7926303133177736,0
10829,0670,3,2026-06-14 07:04:50,0.7926303133177736,1
10830,0714,3,2026-06-14 07:04:50,0.7926303133177736,0
10831,0133,3,2026-06-14 07:05:00,0.6883796590989462,0
10832,0138,3,2026-06-14 07:05:00,0.1182544734422519,0
10833,0201,3,2026-06-14 07:05:00,0.4693401230638659,0
10834,0594,3,2026-06-14 07:05:00,0.7926303133177736,0
10835,0670,3,2026-06-14 07:05:00,0.7926303133177736,0
10836,0714,3,2026-06-14 07:05:00,0.7926303133177736,0
10837,0133,3,2026-06-14 07:05:10,0.6883796590989462,0
10838,0138,3,2026-06-14 07:05:10,0.1182544734422519,0
10839,0201,3,2026-06-14 07:05:10,0.4693401230638659,0
10840,0594,3,2026-06-14 07:05:10,0.7926303133177736,0
10841,0670,3,2026-06-14 07:05:10,0.7926303133177736,0
10842,0714,3,2026-06-14 07:05:10,0.7926303133177736,0
10843,0133,3,2026-06-14 07:05:20,0.6883796590989462,0
10844,0138,3,2026-06-14 07:05:20,0.1182544734422519,0
10845,0201,3,2026-06-14 07:05:20,0.4693401230638659,0
10846,0594,3,2026-06-14 07:05:20,0.7926303133177736,0
10847,0670,3,2026-06-14 07:05:20,0.7926303133177736,0
10848,0714,3,2026-06-14 07:05:20,0.7926303133177736,0
10849,0133,3,2026-06-14 07:05:30,0.6883796590989462,0
10850,0138,3,2026-06-14 07:05:30,0.1182544734422519,0
10851,0201,3,2026-06-14 07:05:30,0.4693401230638659,0
10852,0594,3,2026-06-14 07:05:30,0.7926303133177736,0
10853,0670,3,2026-06-14 07:05:30,0.7926303133177736,0
10854,0714,3,2026-06-14 07:05:30,0.7926303133177736,0
10855,0133,3,2026-06-14 07:05:40,0.6883796590989462,0
10856,0201,3,2026-06-14 07:05:40,0.4693401230638659,0
10857,0670,3,2026-06-14 07:05:40,0.7926303133177736,0
10858,0714,3,2026-06-14 07:05:40,0.7926303133177736,0
10859,0133,3,2026-06-14 07:05:50,0.6883796590989462,0
10860,0201,3,2026-06-14 07:05:50,0.4693401230638659,0
10861,0670,3,2026-06-14 07:05:50,0.7926303133177736,0
10862,0714,3,2026-06-14 07:05:50,0.7926303133177736,0
10863,0201,3,2026-06-14 07:06:00,0.4693401230638659,0
10864,0670,3,2026-06-14 07:06:00,0.7926303133177736,0
10865,0714,3,2026-06-14 07:06:00,0.7926303133177736,0
10866,0201,3,2026-06-14 07:06:10,0.4693401230638659,0
10867,0714,3,2026-06-14 07:06:10,0.7926303133177736,0
10868,0201,3,2026-06-14 07:06:20,0.4693401230638659,0
10869,0284,3,2026-06-14 07:15:30,0.1182544734422519,0
10870,0718,3,2026-06-14 07:15:30,0.3688379659098946,0
10871,0284,3,2026-06-14 07:15:40,0.1182544734422519,1
10872,0718,3,2026-06-14 07:15:40,0.3688379659098946,0
10873,0284,3,2026-06-14 07:15:50,0.1182544734422519,0
10874,0718,3,2026-06-14 07:15:50,0.3688379659098946,0
10875,0284,3,2026-06-14 07:16:00,0.1182544734422519,0
10876,0718,3,2026-06-14 07:16:00,0.3688379659098946,0
10877,0284,3,2026-06-14 07:16:10,0.1182544734422519,0
10878,0718,3,2026-06-14 07:16:10,0.3688379659098946,0
10879,0284,3,2026-06-14 07:16:20,0.1182544734422519,0
10880,0718,3,2026-06-14 07:16:20,0.3688379659098946,0
10881,0284,3,2026-06-14 07:16:30,0.1182544734422519,0
10882,0718,3,2026-06-14 07:16:30,0.3688379659098946,0
10883,0284,3,2026-06-14 07:16:40,0.1182544734422519,0
10884,0718,3,2026-06-14 07:16:40,0.3688379659098946,0
10885,0284,3,2026-06-14 07:16:50,0.1182544734422519,0
10886,0718,3,2026-06-14 07:16:50,0.3688379659098946,0
10887,0284,3,2026-06-14 07:17:00,0.1182544734422519,0
10888,0718,3,2026-06-14 07:17:00,0.3688379659098946,0
10889,0284,3,2026-06-14 07:17:10,0.1182544734422519,0
10890,0718,3,2026-06-14 07:17:10,0.3688379659098946,0
10891,0284,3,2026-06-14 07:17:20,0.1182544734422519,0
10892,0718,3,2026-06-14 07:17:20,0.3688379659098946,0
10893,0172,3,2026-06-14 08:32:30,0.3688379659098946,0
10894,0172,3,2026-06-14 08:32:40,0.3688379659098946,0
10895,0172,3,2026-06-14 08:32:50,0.3688379659098946,0
10896,0492,3,2026-06-14 08:32:50,1.0000000000000000,0
10897,0172,3,2026-06-14 08:33:00,0.3688379659098946,0
10898,0492,3,2026-06-14 08:33:00,1.0000000000000000,0
10899,0172,3,2026-06-14 08:33:10,0.3688379659098946,0
10900,0492,3,2026-06-14 08:33:10,1.0000000000000000,0
10901,0172,3,2026-06-14 08:33:20,0.3688379659098946,0
10902,0492,3,2026-06-14 08:33:20,1.0000000000000000,0
10903,0172,3,2026-06-14 08:33:30,0.3688379659098946,0
10904,0492,3,2026-06-14 08:33:30,1.0000000000000000,0
10905,0172,3,2026-06-14 08:33:40,0.3688379659098946,0
10906,0492,3,2026-06-14 08:33:40,1.0000000000000000,0
10907,0492,3,2026-06-14 08:33:50,1.0000000000000000,0
10908,0492,3,2026-06-14 08:34:00,1.0000000000000000,0
10909,0404,3,2026-06-14 08:34:10,0.6120659169672537,0
10910,0404,3,2026-06-14 08:34:20,0.6120659169672537,0
10911,0552,3,2026-06-14 08:34:20,0.5542824810806988,0
10912,0142,3,2026-06-14 08:34:30,0.5542824810806988,1
10913,0404,3,2026-06-14 08:34:30,0.6120659169672537,0
10914,0440,3,2026-06-14 08:34:30,0.0599052266779829,0
10915,0552,3,2026-06-14 08:34:30,0.5542824810806988,0
10916,0142,3,2026-06-14 08:34:40,0.5542824810806988,0
10917,0286,3,2026-06-14 08:34:40,1.0000000000000000,0
10918,0404,3,2026-06-14 08:34:40,0.6120659169672537,0
10919,0440,3,2026-06-14 08:34:40,0.0599052266779829,0
10920,0552,3,2026-06-14 08:34:40,0.5542824810806988,0
10921,0142,3,2026-06-14 08:34:50,0.5542824810806988,0
10922,0241,3,2026-06-14 08:34:50,0.3688379659098946,0
10923,0286,3,2026-06-14 08:34:50,1.0000000000000000,0
10924,0404,3,2026-06-14 08:34:50,0.6120659169672537,0
10925,0440,3,2026-06-14 08:34:50,0.0599052266779829,0
10926,0552,3,2026-06-14 08:34:50,0.5542824810806988,0
10927,0142,3,2026-06-14 08:35:00,0.5542824810806988,0
10928,0241,3,2026-06-14 08:35:00,0.3688379659098946,0
10929,0286,3,2026-06-14 08:35:00,1.0000000000000000,0
10930,0404,3,2026-06-14 08:35:00,0.6120659169672537,0
10931,0440,3,2026-06-14 08:35:00,0.0599052266779829,0
10932,0552,3,2026-06-14 08:35:00,0.5542824810806988,0
10933,0142,3,2026-06-14 08:35:10,0.5542824810806988,0
10934,0241,3,2026-06-14 08:35:10,0.3688379659098946,0
10935,0286,3,2026-06-14 08:35:10,1.0000000000000000,0
10936,0404,3,2026-06-14 08:35:10,0.6120659169672537,0
10937,0440,3,2026-06-14 08:35:10,0.0599052266779829,0
10938,0552,3,2026-06-14 08:35:10,0.5542824810806988,0
10939,0969,3,2026-06-14 08:35:10,0.2745597284107787,0
10940,0142,3,2026-06-14 08:35:20,0.5542824810806988,0
10941,0241,3,2026-06-14 08:35:20,0.3688379659098946,0
10942,0286,3,2026-06-14 08:35:20,1.0000000000000000,0
10943,0404,3,2026-06-14 08:35:20,0.6120659169672537,0
10944,0552,3,2026-06-14 08:35:20,0.5542824810806988,0
10945,0969,3,2026-06-14 08:35:20,0.2745597284107787,0
10946,0142,3,2026-06-14 08:35:30,0.5542824810806988,0
10947,0241,3,2026-06-14 08:35:30,0.3688379659098946,0
10948,0286,3,2026-06-14 08:35:30,1.0000000000000000,0
10949,0404,3,2026-06-14 08:35:30,0.6120659169672537,0
10950,0552,3,2026-06-14 08:35:30,0.5542824810806988,0
10951,0753,3,2026-06-14 08:35:30,0.7926303133177736,0
10952,0969,3,2026-06-14 08:35:30,0.2745597284107787,0
10953,0142,3,2026-06-14 08:35:40,0.5542824810806988,0
10954,0241,3,2026-06-14 08:35:40,0.3688379659098946,0
10955,0286,3,2026-06-14 08:35:40,1.0000000000000000,0
10956,0404,3,2026-06-14 08:35:40,0.6120659169672537,0
10957,0552,3,2026-06-14 08:35:40,0.5542824810806988,0
10958,0753,3,2026-06-14 08:35:40,0.7926303133177736,0
10959,0969,3,2026-06-14 08:35:40,0.2745597284107787,0
10960,0142,3,2026-06-14 08:35:50,0.5542824810806988,0
10961,0241,3,2026-06-14 08:35:50,0.3688379659098946,0
10962,0286,3,2026-06-14 08:35:50,1.0000000000000000,0
10963,0404,3,2026-06-14 08:35:50,0.6120659169672537,0
10964,0552,3,2026-06-14 08:35:50,0.5542824810806988,0
10965,0753,3,2026-06-14 08:35:50,0.7926303133177736,0
10966,0969,3,2026-06-14 08:35:50,0.2745597284107787,0
10967,0142,3,2026-06-14 08:36:00,0.5542824810806988,0
10968,0241,3,2026-06-14 08:36:00,0.3688379659098946,0
10969,0286,3,2026-06-14 08:36:00,1.0000000000000000,0
10970,0404,3,2026-06-14 08:36:00,0.6120659169672537,0
10971,0753,3,2026-06-14 08:36:00,0.7926303133177736,0
10972,0969,3,2026-06-14 08:36:00,0.2745597284107787,0
10973,0142,3,2026-06-14 08:36:10,0.5542824810806988,0
10974,0241,3,2026-06-14 08:36:10,0.3688379659098946,0
10975,0286,3,2026-06-14 08:36:10,1.0000000000000000,0
10976,0753,3,2026-06-14 08:36:10,0.7926303133177736,0
10977,0842,3,2026-06-14 08:36:10,0.1182544734422519,0
10978,0969,3,2026-06-14 08:36:10,0.2745597284107787,0
10979,0142,3,2026-06-14 08:36:20,0.5542824810806988,0
10980,0241,3,2026-06-14 08:36:20,0.3688379659098946,0
10981,0286,3,2026-06-14 08:36:20,1.0000000000000000,0
10982,0753,3,2026-06-14 08:36:20,0.7926303133177736,0
10983,0842,3,2026-06-14 08:36:20,0.1182544734422519,0
10984,0969,3,2026-06-14 08:36:20,0.2745597284107787,0
10985,0241,3,2026-06-14 08:36:30,0.3688379659098946,0
10986,0752,3,2026-06-14 08:36:30,0.8562133107008982,0
10987,0753,3,2026-06-14 08:36:30,0.7926303133177736,0
10988,0842,3,2026-06-14 08:36:30,0.1182544734422519,0
10989,0969,3,2026-06-14 08:36:30,0.2745597284107787,0
10990,0401,3,2026-06-14 08:36:40,0.9304759884008770,0
10991,0752,3,2026-06-14 08:36:40,0.8562133107008982,0
10992,0753,3,2026-06-14 08:36:40,0.7926303133177736,0
10993,0842,3,2026-06-14 08:36:40,0.1182544734422519,0
10994,0401,3,2026-06-14 08:36:50,0.9304759884008770,0
10995,0510,3,2026-06-14 08:36:50,0.2745597284107787,0
10996,0752,3,2026-06-14 08:36:50,0.8562133107008982,0
10997,0753,3,2026-06-14 08:36:50,0.7926303133177736,0
10998,0842,3,2026-06-14 08:36:50,0.1182544734422519,0
10999,0401,3,2026-06-14 08:37:00,0.9304759884008770,0
11000,0510,3,2026-06-14 08:37:00,0.2745597284107787,0
11001,0752,3,2026-06-14 08:37:00,0.8562133107008982,0
11002,0753,3,2026-06-14 08:37:00,0.7926303133177736,0
11003,0842,3,2026-06-14 08:37:00,0.1182544734422519,0
11004,0132,3,2026-06-14 08:37:10,0.9304759884008770,0
11005,0401,3,2026-06-14 08:37:10,0.9304759884008770,0
11006,0510,3,2026-06-14 08:37:10,0.2745597284107787,0
11007,0752,3,2026-06-14 08:37:10,0.8562133107008982,0
11008,0753,3,2026-06-14 08:37:10,0.7926303133177736,0
11009,0842,3,2026-06-14 08:37:10,0.1182544734422519,0
11010,0132,3,2026-06-14 08:37:20,0.9304759884008770,0
11011,0401,3,2026-06-14 08:37:20,0.9304759884008770,0
11012,0510,3,2026-06-14 08:37:20,0.2745597284107787,0
11013,0752,3,2026-06-14 08:37:20,0.8562133107008982,0
11014,0753,3,2026-06-14 08:37:20,0.7926303133177736,0
11015,0842,3,2026-06-14 08:37:20,0.1182544734422519,0
11016,0132,3,2026-06-14 08:37:30,0.9304759884008770,0
11017,0401,3,2026-06-14 08:37:30,0.9304759884008770,0
11018,0510,3,2026-06-14 08:37:30,0.2745597284107787,0
11019,0752,3,2026-06-14 08:37:30,0.8562133107008982,0
11020,0842,3,2026-06-14 08:37:30,0.1182544734422519,0
11021,0049,3,2026-06-14 08:37:40,0.4693401230638659,0
11022,0132,3,2026-06-14 08:37:40,0.9304759884008770,0
11023,0401,3,2026-06-14 08:37:40,0.9304759884008770,0
11024,0510,3,2026-06-14 08:37:40,0.2745597284107787,0
11025,0752,3,2026-06-14 08:37:40,0.8562133107008982,0
11026,0842,3,2026-06-14 08:37:40,0.1182544734422519,0
11027,0049,3,2026-06-14 08:37:50,0.4693401230638659,0
11028,0132,3,2026-06-14 08:37:50,0.9304759884008770,0
11029,0401,3,2026-06-14 08:37:50,0.9304759884008770,0
11030,0510,3,2026-06-14 08:37:50,0.2745597284107787,0
11031,0752,3,2026-06-14 08:37:50,0.8562133107008982,1
11032,0842,3,2026-06-14 08:37:50,0.1182544734422519,0
11033,0049,3,2026-06-14 08:38:00,0.4693401230638659,0
11034,0132,3,2026-06-14 08:38:00,0.9304759884008770,0
11035,0401,3,2026-06-14 08:38:00,0.9304759884008770,0
11036,0510,3,2026-06-14 08:38:00,0.2745597284107787,0
11037,0752,3,2026-06-14 08:38:00,0.8562133107008982,0
11038,0049,3,2026-06-14 08:38:10,0.4693401230638659,1
11039,0132,3,2026-06-14 08:38:10,0.9304759884008770,0
11040,0401,3,2026-06-14 08:38:10,0.9304759884008770,0
11041,0510,3,2026-06-14 08:38:10,0.2745597284107787,0
11042,0752,3,2026-06-14 08:38:10,0.8562133107008982,0
11043,0049,3,2026-06-14 08:38:20,0.4693401230638659,0
11044,0132,3,2026-06-14 08:38:20,0.9304759884008770,0
11045,0401,3,2026-06-14 08:38:20,0.9304759884008770,0
11046,0510,3,2026-06-14 08:38:20,0.2745597284107787,0
11047,0752,3,2026-06-14 08:38:20,0.8562133107008982,0
11048,0049,3,2026-06-14 08:38:30,0.4693401230638659,0
11049,0510,3,2026-06-14 08:38:30,0.2745597284107787,0
11050,0511,3,2026-06-14 08:38:30,0.3688379659098946,1
11051,0762,3,2026-06-14 08:38:30,0.5542824810806988,0
11052,0049,3,2026-06-14 08:38:40,0.4693401230638659,0
11053,0511,3,2026-06-14 08:38:40,0.3688379659098946,0
11054,0762,3,2026-06-14 08:38:40,0.5542824810806988,0
11055,0049,3,2026-06-14 08:38:50,0.4693401230638659,0
11056,0511,3,2026-06-14 08:38:50,0.3688379659098946,0
11057,0579,3,2026-06-14 08:38:50,0.6120659169672537,0
11058,0678,3,2026-06-14 08:38:50,0.6883796590989462,0
11059,0762,3,2026-06-14 08:38:50,0.5542824810806988,0
11060,0049,3,2026-06-14 08:39:00,0.4693401230638659,0
11061,0511,3,2026-06-14 08:39:00,0.3688379659098946,0
11062,0579,3,2026-06-14 08:39:00,0.6120659169672537,0
11063,0678,3,2026-06-14 08:39:00,0.6883796590989462,0
11064,0762,3,2026-06-14 08:39:00,0.5542824810806988,0
11065,0511,3,2026-06-14 08:39:10,0.3688379659098946,0
11066,0579,3,2026-06-14 08:39:10,0.6120659169672537,0
11067,0678,3,2026-06-14 08:39:10,0.6883796590989462,0
11068,0762,3,2026-06-14 08:39:10,0.5542824810806988,0
11069,0511,3,2026-06-14 08:39:20,0.3688379659098946,0
11070,0579,3,2026-06-14 08:39:20,0.6120659169672537,0
11071,0678,3,2026-06-14 08:39:20,0.6883796590989462,0
11072,0762,3,2026-06-14 08:39:20,0.5542824810806988,0
11073,0163,3,2026-06-14 08:39:30,0.7926303133177736,0
11074,0511,3,2026-06-14 08:39:30,0.3688379659098946,0
11075,0579,3,2026-06-14 08:39:30,0.6120659169672537,0
11076,0678,3,2026-06-14 08:39:30,0.6883796590989462,0
11077,0762,3,2026-06-14 08:39:30,0.5542824810806988,0
11078,0163,3,2026-06-14 08:39:40,0.7926303133177736,0
11079,0511,3,2026-06-14 08:39:40,0.3688379659098946,0
11080,0579,3,2026-06-14 08:39:40,0.6120659169672537,0
11081,0678,3,2026-06-14 08:39:40,0.6883796590989462,0
11082,0762,3,2026-06-14 08:39:40,0.5542824810806988,0
11083,0163,3,2026-06-14 08:39:50,0.7926303133177736,0
11084,0511,3,2026-06-14 08:39:50,0.3688379659098946,0
11085,0579,3,2026-06-14 08:39:50,0.6120659169672537,0
11086,0678,3,2026-06-14 08:39:50,0.6883796590989462,0
11087,0762,3,2026-06-14 08:39:50,0.5542824810806988,0
11088,0163,3,2026-06-14 08:40:00,0.7926303133177736,0
11089,0511,3,2026-06-14 08:40:00,0.3688379659098946,0
11090,0579,3,2026-06-14 08:40:00,0.6120659169672537,0
11091,0678,3,2026-06-14 08:40:00,0.6883796590989462,0
11092,0762,3,2026-06-14 08:40:00,0.5542824810806988,0
11093,0163,3,2026-06-14 08:40:10,0.7926303133177736,0
11094,0419,3,2026-06-14 08:40:10,0.2745597284107787,0
11095,0511,3,2026-06-14 08:40:10,0.3688379659098946,0
11096,0579,3,2026-06-14 08:40:10,0.6120659169672537,0
11097,0678,3,2026-06-14 08:40:10,0.6883796590989462,0
11098,0762,3,2026-06-14 08:40:10,0.5542824810806988,0
11099,0163,3,2026-06-14 08:40:20,0.7926303133177736,0
11100,0181,3,2026-06-14 08:40:20,1.0000000000000000,0
11101,0419,3,2026-06-14 08:40:20,0.2745597284107787,0
11102,0460,3,2026-06-14 08:40:20,0.3688379659098946,0
11103,0579,3,2026-06-14 08:40:20,0.6120659169672537,0
11104,0678,3,2026-06-14 08:40:20,0.6883796590989462,0
11105,0762,3,2026-06-14 08:40:20,0.5542824810806988,0
11106,0163,3,2026-06-14 08:40:30,0.7926303133177736,0
11107,0181,3,2026-06-14 08:40:30,1.0000000000000000,0
11108,0419,3,2026-06-14 08:40:30,0.2745597284107787,1
11109,0460,3,2026-06-14 08:40:30,0.3688379659098946,0
11110,0579,3,2026-06-14 08:40:30,0.6120659169672537,0
11111,0678,3,2026-06-14 08:40:30,0.6883796590989462,0
11112,0163,3,2026-06-14 08:40:40,0.7926303133177736,0
11113,0181,3,2026-06-14 08:40:40,1.0000000000000000,0
11114,0419,3,2026-06-14 08:40:40,0.2745597284107787,0
11115,0460,3,2026-06-14 08:40:40,0.3688379659098946,0
11116,0579,3,2026-06-14 08:40:40,0.6120659169672537,0
11117,0627,3,2026-06-14 08:40:40,0.4693401230638659,0
11118,0678,3,2026-06-14 08:40:40,0.6883796590989462,0
11119,0163,3,2026-06-14 08:40:50,0.7926303133177736,1
11120,0181,3,2026-06-14 08:40:50,1.0000000000000000,0
11121,0419,3,2026-06-14 08:40:50,0.2745597284107787,0
11122,0460,3,2026-06-14 08:40:50,0.3688379659098946,0
11123,0627,3,2026-06-14 08:40:50,0.4693401230638659,0
11124,0163,3,2026-06-14 08:41:00,0.7926303133177736,0
11125,0181,3,2026-06-14 08:41:00,1.0000000000000000,0
11126,0307,3,2026-06-14 08:41:00,0.9304759884008770,0
11127,0419,3,2026-06-14 08:41:00,0.2745597284107787,0
11128,0446,3,2026-06-14 08:41:00,0.0599052266779829,0
11129,0460,3,2026-06-14 08:41:00,0.3688379659098946,0
11130,0627,3,2026-06-14 08:41:00,0.4693401230638659,0
11131,0128,3,2026-06-14 08:41:10,0.3688379659098946,0
11132,0181,3,2026-06-14 08:41:10,1.0000000000000000,0
11133,0307,3,2026-06-14 08:41:10,0.9304759884008770,0
11134,0419,3,2026-06-14 08:41:10,0.2745597284107787,0
11135,0446,3,2026-06-14 08:41:10,0.0599052266779829,0
11136,0460,3,2026-06-14 08:41:10,0.3688379659098946,1
11137,0627,3,2026-06-14 08:41:10,0.4693401230638659,0
11138,0128,3,2026-06-14 08:41:20,0.3688379659098946,0
11139,0307,3,2026-06-14 08:41:20,0.9304759884008770,0
11140,0329,3,2026-06-14 08:41:20,0.6120659169672537,0
11141,0419,3,2026-06-14 08:41:20,0.2745597284107787,0
11142,0446,3,2026-06-14 08:41:20,0.0599052266779829,0
11143,0460,3,2026-06-14 08:41:20,0.3688379659098946,0
11144,0627,3,2026-06-14 08:41:20,0.4693401230638659,1
11145,0653,3,2026-06-14 08:41:20,0.1182544734422519,0
11146,0959,3,2026-06-14 08:41:20,0.0599052266779829,0
11147,0128,3,2026-06-14 08:41:30,0.3688379659098946,0
11148,0307,3,2026-06-14 08:41:30,0.9304759884008770,0
11149,0329,3,2026-06-14 08:41:30,0.6120659169672537,0
11150,0419,3,2026-06-14 08:41:30,0.2745597284107787,0
11151,0446,3,2026-06-14 08:41:30,0.0599052266779829,0
11152,0460,3,2026-06-14 08:41:30,0.3688379659098946,0
11153,0627,3,2026-06-14 08:41:30,0.4693401230638659,0
11154,0653,3,2026-06-14 08:41:30,0.1182544734422519,0
11155,0959,3,2026-06-14 08:41:30,0.0599052266779829,0
11156,0128,3,2026-06-14 08:41:40,0.3688379659098946,0
11157,0307,3,2026-06-14 08:41:40,0.9304759884008770,0
11158,0329,3,2026-06-14 08:41:40,0.6120659169672537,0
11159,0420,3,2026-06-14 08:41:40,1.0000000000000000,0
11160,0446,3,2026-06-14 08:41:40,0.0599052266779829,0
11161,0460,3,2026-06-14 08:41:40,0.3688379659098946,0
11162,0627,3,2026-06-14 08:41:40,0.4693401230638659,0
11163,0653,3,2026-06-14 08:41:40,0.1182544734422519,0
11164,0959,3,2026-06-14 08:41:40,0.0599052266779829,1
11165,0128,3,2026-06-14 08:41:50,0.3688379659098946,0
11166,0307,3,2026-06-14 08:41:50,0.9304759884008770,0
11167,0329,3,2026-06-14 08:41:50,0.6120659169672537,0
11168,0420,3,2026-06-14 08:41:50,1.0000000000000000,0
11169,0446,3,2026-06-14 08:41:50,0.0599052266779829,0
11170,0460,3,2026-06-14 08:41:50,0.3688379659098946,0
11171,0627,3,2026-06-14 08:41:50,0.4693401230638659,0
11172,0653,3,2026-06-14 08:41:50,0.1182544734422519,0
11173,0849,3,2026-06-14 08:41:50,0.5542824810806988,0
11174,0959,3,2026-06-14 08:41:50,0.0599052266779829,1
11175,0128,3,2026-06-14 08:42:00,0.3688379659098946,1
11176,0307,3,2026-06-14 08:42:00,0.9304759884008770,0
11177,0329,3,2026-06-14 08:42:00,0.6120659169672537,0
11178,0420,3,2026-06-14 08:42:00,1.0000000000000000,0
11179,0446,3,2026-06-14 08:42:00,0.0599052266779829,0
11180,0627,3,2026-06-14 08:42:00,0.4693401230638659,0
11181,0653,3,2026-06-14 08:42:00,0.1182544734422519,0
11182,0849,3,2026-06-14 08:42:00,0.5542824810806988,0
11183,0959,3,2026-06-14 08:42:00,0.0599052266779829,0
11184,0971,3,2026-06-14 08:42:00,1.0000000000000000,0
11185,0128,3,2026-06-14 08:42:10,0.3688379659098946,0
11186,0307,3,2026-06-14 08:42:10,0.9304759884008770,0
11187,0329,3,2026-06-14 08:42:10,0.6120659169672537,0
11188,0420,3,2026-06-14 08:42:10,1.0000000000000000,0
11189,0446,3,2026-06-14 08:42:10,0.0599052266779829,0
11190,0468,3,2026-06-14 08:42:10,0.2745597284107787,0
11191,0653,3,2026-06-14 08:42:10,0.1182544734422519,0
11192,0849,3,2026-06-14 08:42:10,0.5542824810806988,0
11193,0959,3,2026-06-14 08:42:10,0.0599052266779829,0
11194,0971,3,2026-06-14 08:42:10,1.0000000000000000,0
11195,0128,3,2026-06-14 08:42:20,0.3688379659098946,0
11196,0307,3,2026-06-14 08:42:20,0.9304759884008770,0
11197,0329,3,2026-06-14 08:42:20,0.6120659169672537,0
11198,0420,3,2026-06-14 08:42:20,1.0000000000000000,0
11199,0446,3,2026-06-14 08:42:20,0.0599052266779829,0
11200,0468,3,2026-06-14 08:42:20,0.2745597284107787,1
11201,0534,3,2026-06-14 08:42:20,0.1182544734422519,0
11202,0653,3,2026-06-14 08:42:20,0.1182544734422519,0
11203,0849,3,2026-06-14 08:42:20,0.5542824810806988,0
11204,0959,3,2026-06-14 08:42:20,0.0599052266779829,0
11205,0971,3,2026-06-14 08:42:20,1.0000000000000000,0
11206,0128,3,2026-06-14 08:42:30,0.3688379659098946,0
11207,0307,3,2026-06-14 08:42:30,0.9304759884008770,0
11208,0329,3,2026-06-14 08:42:30,0.6120659169672537,0
11209,0420,3,2026-06-14 08:42:30,1.0000000000000000,0
11210,0468,3,2026-06-14 08:42:30,0.2745597284107787,0
11211,0534,3,2026-06-14 08:42:30,0.1182544734422519,0
11212,0653,3,2026-06-14 08:42:30,0.1182544734422519,0
11213,0849,3,2026-06-14 08:42:30,0.5542824810806988,0
11214,0959,3,2026-06-14 08:42:30,0.0599052266779829,0
11215,0971,3,2026-06-14 08:42:30,1.0000000000000000,0
11216,0329,3,2026-06-14 08:42:40,0.6120659169672537,0
11217,0420,3,2026-06-14 08:42:40,1.0000000000000000,0
11218,0468,3,2026-06-14 08:42:40,0.2745597284107787,0
11219,0534,3,2026-06-14 08:42:40,0.1182544734422519,0
11220,0621,3,2026-06-14 08:42:40,1.0000000000000000,0
11221,0653,3,2026-06-14 08:42:40,0.1182544734422519,0
11222,0849,3,2026-06-14 08:42:40,0.5542824810806988,0
11223,0959,3,2026-06-14 08:42:40,0.0599052266779829,0
11224,0971,3,2026-06-14 08:42:40,1.0000000000000000,0
11225,0329,3,2026-06-14 08:42:50,0.6120659169672537,0
11226,0420,3,2026-06-14 08:42:50,1.0000000000000000,0
11227,0433,3,2026-06-14 08:42:50,0.4693401230638659,0
11228,0468,3,2026-06-14 08:42:50,0.2745597284107787,0
11229,0534,3,2026-06-14 08:42:50,0.1182544734422519,0
11230,0621,3,2026-06-14 08:42:50,1.0000000000000000,0
11231,0849,3,2026-06-14 08:42:50,0.5542824810806988,0
11232,0971,3,2026-06-14 08:42:50,1.0000000000000000,0
11233,0329,3,2026-06-14 08:43:00,0.6120659169672537,0
11234,0420,3,2026-06-14 08:43:00,1.0000000000000000,0
11235,0433,3,2026-06-14 08:43:00,0.4693401230638659,1
11236,0468,3,2026-06-14 08:43:00,0.2745597284107787,0
11237,0534,3,2026-06-14 08:43:00,0.1182544734422519,0
11238,0621,3,2026-06-14 08:43:00,1.0000000000000000,0
11239,0849,3,2026-06-14 08:43:00,0.5542824810806988,0
11240,0971,3,2026-06-14 08:43:00,1.0000000000000000,0
11241,0420,3,2026-06-14 08:43:10,1.0000000000000000,0
11242,0433,3,2026-06-14 08:43:10,0.4693401230638659,0
11243,0468,3,2026-06-14 08:43:10,0.2745597284107787,0
11244,0534,3,2026-06-14 08:43:10,0.1182544734422519,0
11245,0621,3,2026-06-14 08:43:10,1.0000000000000000,1
11246,0849,3,2026-06-14 08:43:10,0.5542824810806988,0
11247,0971,3,2026-06-14 08:43:10,1.0000000000000000,0
11248,0420,3,2026-06-14 08:43:20,1.0000000000000000,0
11249,0433,3,2026-06-14 08:43:20,0.4693401230638659,0
11250,0468,3,2026-06-14 08:43:20,0.2745597284107787,0
11251,0534,3,2026-06-14 08:43:20,0.1182544734422519,0
11252,0621,3,2026-06-14 08:43:20,1.0000000000000000,0
11253,0849,3,2026-06-14 08:43:20,0.5542824810806988,0
11254,0971,3,2026-06-14 08:43:20,1.0000000000000000,0
11255,0433,3,2026-06-14 08:43:30,0.4693401230638659,0
11256,0468,3,2026-06-14 08:43:30,0.2745597284107787,0
11257,0534,3,2026-06-14 08:43:30,0.1182544734422519,0
11258,0621,3,2026-06-14 08:43:30,1.0000000000000000,0
11259,0849,3,2026-06-14 08:43:30,0.5542824810806988,0
11260,0971,3,2026-06-14 08:43:30,1.0000000000000000,0
11261,0433,3,2026-06-14 08:43:40,0.4693401230638659,0
11262,0468,3,2026-06-14 08:43:40,0.2745597284107787,0
11263,0534,3,2026-06-14 08:43:40,0.1182544734422519,0
11264,0621,3,2026-06-14 08:43:40,1.0000000000000000,0
11265,0433,3,2026-06-14 08:43:50,0.4693401230638659,0
11266,0468,3,2026-06-14 08:43:50,0.2745597284107787,0
11267,0534,3,2026-06-14 08:43:50,0.1182544734422519,0
11268,0621,3,2026-06-14 08:43:50,1.0000000000000000,0
11269,0433,3,2026-06-14 08:44:00,0.4693401230638659,0
11270,0468,3,2026-06-14 08:44:00,0.2745597284107787,0
11271,0534,3,2026-06-14 08:44:00,0.1182544734422519,0
11272,0621,3,2026-06-14 08:44:00,1.0000000000000000,0
11273,0433,3,2026-06-14 08:44:10,0.4693401230638659,0
11274,0621,3,2026-06-14 08:44:10,1.0000000000000000,0
11275,0433,3,2026-06-14 08:44:20,0.4693401230638659,0
11276,0621,3,2026-06-14 08:44:20,1.0000000000000000,0
11277,0433,3,2026-06-14 08:44:30,0.4693401230638659,0
11278,0156,3,2026-06-14 08:46:30,0.7926303133177736,0
11279,0156,3,2026-06-14 08:46:40,0.7926303133177736,0
11280,0156,3,2026-06-14 08:46:50,0.7926303133177736,0
11281,0156,3,2026-06-14 08:47:00,0.7926303133177736,0
11282,0156,3,2026-06-14 08:47:10,0.7926303133177736,0
11283,0156,3,2026-06-14 08:47:20,0.7926303133177736,0
11284,0156,3,2026-06-14 08:47:30,0.7926303133177736,0
11285,0156,3,2026-06-14 08:47:40,0.7926303133177736,0
11286,0156,3,2026-06-14 08:47:50,0.7926303133177736,0
11287,0226,3,2026-06-14 08:47:50,0.7926303133177736,0
11288,0226,3,2026-06-14 08:48:00,0.7926303133177736,1
11289,0226,3,2026-06-14 08:48:10,0.7926303133177736,0
11290,0226,3,2026-06-14 08:48:20,0.7926303133177736,0
11291,0226,3,2026-06-14 08:48:30,0.7926303133177736,0
11292,0226,3,2026-06-14 08:48:40,0.7926303133177736,0
11293,0226,3,2026-06-14 08:48:50,0.7926303133177736,0
11294,0226,3,2026-06-14 08:49:00,0.7926303133177736,0
11295,0226,3,2026-06-14 08:49:10,0.7926303133177736,0
11296,0226,3,2026-06-14 08:49:20,0.7926303133177736,0
11297,0226,3,2026-06-14 08:49:30,0.7926303133177736,0
11298,0716,3,2026-06-14 08:49:50,0.8562133107008982,0
11299,0716,3,2026-06-14 08:50:00,0.8562133107008982,0
11300,0986,3,2026-06-14 08:50:00,0.5542824810806988,0
11301,0716,3,2026-06-14 08:50:10,0.8562133107008982,0
11302,0986,3,2026-06-14 08:50:10,0.5542824810806988,0
11303,0716,3,2026-06-14 08:50:20,0.8562133107008982,0
11304,0986,3,2026-06-14 08:50:20,0.5542824810806988,0
11305,0716,3,2026-06-14 08:50:30,0.8562133107008982,0
11306,0986,3,2026-06-14 08:50:30,0.5542824810806988,1
11307,0716,3,2026-06-14 08:50:40,0.8562133107008982,0
11308,0986,3,2026-06-14 08:50:40,0.5542824810806988,0
11309,0716,3,2026-06-14 08:50:50,0.8562133107008982,0
11310,0986,3,2026-06-14 08:50:50,0.5542824810806988,0
11311,0716,3,2026-06-14 08:51:00,0.8562133107008982,1
11312,0716,3,2026-06-14 08:51:10,0.8562133107008982,0
11313,0716,3,2026-06-14 08:51:20,0.8562133107008982,0
11314,0716,3,2026-06-14 08:51:30,0.8562133107008982,0
11315,0144,3,2026-06-14 08:51:40,0.3688379659098946,0
11316,0716,3,2026-06-14 08:51:40,0.8562133107008982,0
11317,0144,3,2026-06-14 08:51:50,0.3688379659098946,0
11318,0570,3,2026-06-14 08:51:50,0.1182544734422519,0
11319,0144,3,2026-06-14 08:52:00,0.3688379659098946,0
11320,0570,3,2026-06-14 08:52:00,0.1182544734422519,0
11321,0144,3,2026-06-14 08:52:10,0.3688379659098946,0
11322,0570,3,2026-06-14 08:52:10,0.1182544734422519,0
11323,0144,3,2026-06-14 08:52:20,0.3688379659098946,0
11324,0499,3,2026-06-14 08:52:20,0.2745597284107787,0
11325,0570,3,2026-06-14 08:52:20,0.1182544734422519,0
11326,0144,3,2026-06-14 08:52:30,0.3688379659098946,0
11327,0499,3,2026-06-14 08:52:30,0.2745597284107787,0
11328,0570,3,2026-06-14 08:52:30,0.1182544734422519,0
11329,0144,3,2026-06-14 08:52:40,0.3688379659098946,0
11330,0499,3,2026-06-14 08:52:40,0.2745597284107787,1
11331,0570,3,2026-06-14 08:52:40,0.1182544734422519,0
11332,0144,3,2026-06-14 08:52:50,0.3688379659098946,0
11333,0499,3,2026-06-14 08:52:50,0.2745597284107787,0
11334,0570,3,2026-06-14 08:52:50,0.1182544734422519,0
11335,0499,3,2026-06-14 08:53:00,0.2745597284107787,0
11336,0570,3,2026-06-14 08:53:00,0.1182544734422519,0
11337,0499,3,2026-06-14 08:53:10,0.2745597284107787,0
11338,0570,3,2026-06-14 08:53:10,0.1182544734422519,0
11339,0570,3,2026-06-14 08:53:20,0.1182544734422519,0
11340,0570,3,2026-06-14 08:53:30,0.1182544734422519,1
11341,0570,3,2026-06-14 08:53:40,0.1182544734422519,0
11342,0175,3,2026-06-14 08:59:20,1.0000000000000000,0
11343,0175,3,2026-06-14 08:59:30,1.0000000000000000,0
11344,0175,3,2026-06-14 08:59:40,1.0000000000000000,0
11345,0175,3,2026-06-14 08:59:50,1.0000000000000000,0
11346,0175,3,2026-06-14 09:00:00,1.0000000000000000,0
11347,0175,3,2026-06-14 09:00:10,1.0000000000000000,0
11348,0175,3,2026-06-14 09:00:20,1.0000000000000000,0
11349,0175,3,2026-06-14 09:00:30,1.0000000000000000,0
11350,0175,3,2026-06-14 09:00:40,1.0000000000000000,0
11351,0175,3,2026-06-14 09:00:50,1.0000000000000000,0
11352,0175,3,2026-06-14 09:01:00,1.0000000000000000,0
